year,latitude_deg,longitude_deg,north_nT,east_nT,down_nT,declination_deg
1590.0,17.0,-122.42945445772133,39324.008096814585,6.003531208948441e-13,35123.35549411402,8.74725179592469e-16
1590.0,17.0,-54.74721731758698,36480.54849164565,3.4991336412583396e-10,21968.717438202028,5.495684628816905e-13
1590.0,17.0,30.053810583509666,31849.334393264664,5.114257015928145e-11,33033.06693140992,9.200360005633928e-14
1590.0,17.0,118.50663528453896,35995.69218661225,4.5508116223416835e-09,9559.018811420054,7.2437084406516425e-12
1591.0,17.0,-122.55244775271909,39301.17518094215,1.5338778458376476e-12,34989.72215521443,2.2361857234674355e-15
1591.0,17.0,-55.11114162120005,36493.09632588272,9.507188666966343e-11,21990.400643493944,1.492670780213941e-13
1591.0,17.0,29.772725903359614,31836.617007977657,-8.105870808014677e-10,32982.505176805644,-1.458798799072029e-12
1591.0,17.0,118.32428805806498,36010.75267685469,3.71346760307846e-12,9431.496968181533,5.9084024964496115e-15
1592.0,17.0,-122.68254206731957,39277.38186365827,3.1804832035977736e-13,34852.84862640062,4.639521672064604e-16
1592.0,17.0,-55.48543387190254,36505.78539719181,-7.864726326244596e-13,22005.234711468238,-1.2343677053279005e-15
1592.0,17.0,29.49485812998257,31823.891908718684,-1.0743573457087929e-13,32940.67855667047,-1.9342744682062923e-16
1592.0,17.0,118.15536809274904,36026.20599312595,-5.96435474251554e-12,9306.196348727333,-9.48566036429654e-15
1593.0,17.0,-122.80609269150733,39253.57581793041,2.7708655411361888e-12,34717.14923162458,4.044444303410903e-15
1593.0,17.0,-55.86004310768085,36517.839031589516,-4.563933142542366e-11,22022.722719372745,-7.160722375202775e-14
1593.0,17.0,29.212499664571485,31811.166543494543,1.0533439396870521e-09,32896.56960887337,1.8972005329396817e-12
1593.0,17.0,117.98628152335273,36041.28282610436,1.9002006457040366e-12,9179.921895260184,3.020799169446297e-15
1594.0,17.0,-122.91808218702896,39230.147246178116,1.6765165915689356e-12,34584.173739031205,2.4485588692231107e-15
1594.0,17.0,-56.23182571425271,36529.12987987332,1.8967224069566663e-10,22046.222480259963,2.975000751014024e-13
1594.0,17.0,28.922667624099013,31798.484928765953,-3.336827700001904e-11,32846.20435249943,-6.012429353182844e-14
1594.0,17.0,117.8123470918243,36055.71260416801,3.6739196754287384e-12,9051.629474651763,5.838189747712997e-15
1595.0,17.0,-123.02241662411505,39206.916077609225,-3.2695248960469547e-12,34452.68281189097,-4.777982975902113e-15
1595.0,17.0,-56.60364396890914,36539.999092152604,4.782041396981379e-11,22072.954417069162,7.498379756739513e-14
1595.0,17.0,28.627733324768922,31785.92108638169,5.515857098327415e-10,32792.703610542245,9.942619918818061e-13
1595.0,17.0,117.63775915652624,36069.71250510302,-1.6448678356872914e-12,8922.508154660642,-2.612828833286837e-15
1596.0,17.0,-123.12261259573768,39183.71330729182,-9.131874943724139e-13,34321.60400412709,-1.3352943076461618e-15
1596.0,17.0,-56.97773721214997,36550.68711455016,-1.3227141821073318e-13,22100.46015334691,-2.073447754876261e-16
1596.0,17.0,28.330009687105083,31773.535639039157,-5.08410899534642e-10,32738.826180998676,-9.167943767011505e-13
1596.0,17.0,117.4662363438163,36083.45671424287,-5.081913622556611e-13,8793.649395139915,-8.069409888537688e-16
1597.0,17.0,-123.21869265041201,39160.53081651362,1.1051451637503207e-12,34190.920498491425,1.6169380831141881e-15
1597.0,17.0,-57.35392967255374,36561.17213160557,-3.005088203018175e-11,22128.620123539014,-4.709336737829935e-14
1597.0,17.0,28.029792030680508,31761.336474213505,1.5458486270561456e-11,32684.583445282264,2.7886295706831772e-14
1597.0,17.0,117.29811582605974,36096.87758043314,5.52452766693079e-12,8665.251194149918,8.76896120483204e-15
1598.0,17.0,-123.30980535478763,39137.40083770922,-3.534877468860942e-13,34060.86458507869,-5.174936396554885e-16
1598.0,17.0,-57.73153722457127,36571.38400426369,1.0202886932130124e-10,22157.883925632566,1.598469338737858e-13
1598.0,17.0,27.72682072747155,31749.320980813034,1.5072984379735366e-09,32629.31471255951,2.7201160936555438e-12
1598.0,17.0,117.13291593148044,36109.850112572414,-2.3175853597345863e-12,8537.289468237619,-3.6773306829060334e-15
1599.0,17.0,-123.39567600705664,39114.3317749393,2.1093174949748938e-13,33931.4812134009,3.089787927620967e-16
1599.0,17.0,-58.11031840884728,36581.29505422051,2.7221737396773e-11,22188.298844975194,4.26362888885364e-14
1599.0,17.0,27.42119341485072,31737.50828683093,-4.641542879213478e-11,32572.874523096445,-8.379385520894262e-14
1599.0,17.0,116.97080221676039,36122.30709568843,2.108849986998118e-12,8409.893477400952,3.3449747149631195e-15
1600.0,17.0,-123.47662474364914,39091.30743225,2.657569151721939e-12,33802.63265074972,3.895175325658462e-15
1600.0,17.0,-58.490418257422164,36590.909137567774,2.708965809918723e-12,22219.510259952327,4.241827038788321e-15
1600.0,17.0,27.113420256280808,31725.93807813106,5.906576699098165e-10,32515.63741797194,1.0667042071229248e-12
1600.0,17.0,116.81258551569942,36134.238394998356,-1.9855722968586953e-12,8283.351398644474,-3.1483965784608155e-15
1601.0,17.0,-123.55297252804904,39068.310549258706,7.59175274728241e-13,33674.20102704881,1.11337138824495e-15
1601.0,17.0,-58.871883833524535,36600.21633980501,-1.057067638716297e-11,22251.189675575235,-1.6547856929587257e-14
1601.0,17.0,26.80403815544607,31714.65504257234,-1.0466114524522452e-09,32457.910438844538,-1.890811012608349e-12
1601.0,17.0,116.65900526202537,36145.625756302776,7.195212307908871e-13,8157.974919854484,1.1405399389769237e-15
1602.0,17.0,-123.62490896976531,39045.32502954062,-3.251476995633218e-12,33546.1719462772,-4.771273101010526e-15
1602.0,17.0,-59.25440882192623,36609.16525731792,-5.08058619046875e-11,22283.173164386866,-7.951455438010028e-14
1602.0,17.0,26.49349815016212,31703.72076558096,-2.3772477042438567e-13,32399.636883662304,-4.296223188358668e-16
1602.0,17.0,116.51042124048791,36156.41110752039,9.625958970888027e-10,8034.1235529310625,1.5253915029284026e-12
1603.0,17.0,-123.69259363185793,39022.33499603985,-2.2923633477556216e-12,33418.55745202317,-3.3658351031583983e-15
1603.0,17.0,-59.63759851954338,36617.695102732454,2.0979773040358252e-11,22315.34115044192,3.2827092119874486e-14
1603.0,17.0,26.18222833972174,31693.200997180484,1.6816087680324165e-09,32340.667302168367,3.040055348433338e-12
1603.0,17.0,116.3670908765467,36166.52660834673,-1.2863711831845315e-12,7912.16959921299,-2.0378965467674737e-15
1604.0,17.0,-123.75618567024219,38999.32675204595,2.35822255820195e-12,33291.36705458914,3.4645777501896887e-15
1604.0,17.0,-60.02107003701698,36625.74600625748,-1.5078845290450449e-12,22347.567929701807,-2.358871256645319e-15
1604.0,17.0,25.87067643007367,31683.160584732952,-3.6486898918886013e-10,32280.881340939886,-6.59828526255041e-13
1604.0,17.0,116.22932125193738,36175.90949316256,-5.465133554038992e-13,7792.480922170148,-8.65573503220283e-16
1605.0,17.0,-123.81584354879165,38976.2888164972,-3.683905611118199e-12,33164.607727624054,-5.415401261915325e-15
1605.0,17.0,-60.40444891435016,36633.258481514706,-1.8860173839341243e-12,22379.72187649766,-2.9498013735867333e-15
1605.0,17.0,25.559314142083423,31673.66326935933,1.6903098712384157e-10,32220.18809326419,3.0576703701005717e-13
1605.0,17.0,116.09747097625846,36184.50196728889,-2.8502807752905923e-12,7675.42104607318,-4.513232184294259e-15
1606.0,17.0,-123.87170467710004,38953.21307341625,-4.815050268225374e-13,33038.304185691064,-7.082395436614844e-16
1606.0,17.0,-60.78731311493049,36640.16963425401,-1.742937955420687e-11,22411.69294582635,-2.725505634815803e-14
1606.0,17.0,25.248593053337892,31664.769123827467,2.600522077192413e-09,32158.466610399733,4.7055116356935296e-12
1606.0,17.0,115.97184742969101,36192.24479946316,2.1624447024692905e-12,7561.346641349131,3.4233564557385836e-15
1607.0,17.0,-123.9238093403048,38930.105094004684,5.015250367779167e-13,32912.54903721079,7.381245917043083e-16
1607.0,17.0,-61.169080972194436,36646.404724458764,1.4544086421319768e-11,22443.44417900797,2.2739332141332165e-14
1607.0,17.0,24.938845917538476,31656.525329427408,-3.2879597482160516e-11,32095.479206000393,-5.95094423096889e-14
1607.0,17.0,115.85256875157064,36199.07293838727,-1.9720926280886175e-12,7450.58246794402,-3.1214220483121163e-15
1608.0,17.0,-123.97217612628286,38906.97374564523,-4.4818489197684386e-13,32787.45241628074,-6.600128532143694e-16
1608.0,17.0,-61.54912064148507,36651.88640459465,1.1305869435096483e-12,22474.96156962538,1.767381343503727e-15
1608.0,17.0,24.630373775594144,31648.975269507522,1.313422252034735e-09,32030.95567757872,2.377756345010699e-12
1608.0,17.0,115.73970180532788,36204.91988995111,2.1943393282986e-12,7343.44637855132,3.47263252379072e-15
1609.0,17.0,-124.01689128965307,38883.8249025518,5.189256142845711e-13,32663.13285421521,7.646430785616558e-16
1609.0,17.0,-61.92672004515001,36656.529122695036,-5.354952592462325e-13,22506.2227560324,-8.370028215540241e-16
1609.0,17.0,24.32354054747766,31642.162949782996,-1.2979632906667815e-09,31964.606477303456,-2.3502760742412748e-12
1609.0,17.0,115.63328215566713,36209.7183330517,2.6801000654885776e-12,7240.2935096846095,4.240806874354092e-15
1610.0,17.0,-124.05811070855702,38860.66132727541,3.3205643096279047e-12,32539.717701740923,4.895807586524928e-15
1610.0,17.0,-62.30108199829192,36660.23863382142,-6.482662497087066e-12,22537.197919430313,-1.0131663484267692e-14
1610.0,17.0,24.018776278376777,31636.133033514896,7.763254449011381e-12,31896.12233807683,1.4059926816697051e-14
1610.0,17.0,115.53331476612398,36213.40023360589,2.3831518355943437e-12,7141.515934355312,3.770552923436837e-15
1611.0,17.0,-124.09596134467597,38837.49251521008,3.1926674845528247e-13,32417.32566026074,4.710045896549208e-16
1611.0,17.0,-62.67143699181873,36662.93434514425,6.545268667335069e-12,22567.871277243423,1.0228757657178214e-14
1611.0,17.0,23.716501954117103,31630.91897734698,3.322717522132035e-09,31825.210239040625,6.018721450005121e-12
1611.0,17.0,115.43983880463392,36215.89983839154,-1.3307506138704461e-12,7047.48987904047,-2.105329264203266e-15
1612.0,17.0,-124.13043127402284,38814.356126488594,1.3566287850041991e-12,32296.03586163156,2.0025864526361593e-15
1612.0,17.0,-63.03720078412597,36664.59308859001,1.1901356636312421e-12,22598.259342694797,1.859825647302551e-15
1612.0,17.0,23.417088325335754,31626.51169294131,-1.3031816684799802e-10,31751.65730134007,-2.360892983318945e-13
1612.0,17.0,115.35304014161329,36217.159792720005,-3.623684685649664e-12,6958.525686662983,-5.732692457448034e-15
1613.0,17.0,-124.16145376150904,38791.298045770316,-2.178356453552688e-12,32175.922526327802,-3.2174904515025304e-15
1613.0,17.0,-63.39782893425645,36665.2052410638,7.033722562721501e-13,22628.402028135853,1.0991418552282753e-15
1613.0,17.0,23.12087445003152,31622.888481209357,1.5176909338651678e-09,31675.266813248112,2.74982107239867e-12
1613.0,17.0,115.27311743034033,36217.12774439496,-1.2114875075353027e-12,6874.8994187318185,-1.9165827175607233e-15
1614.0,17.0,-124.18851164125368,38768.39140123899,-1.9043091756265618e-12,32057.171601552258,-2.814377246716305e-15
1614.0,17.0,-63.75289683192077,36664.754690006775,-5.619218632069156e-12,22658.585743027485,-8.781117301913659e-15
1614.0,17.0,22.82756601408957,31619.969768973948,-1.6299706237510314e-09,31595.78834446645,-2.9535270954900358e-12
1614.0,17.0,115.19963796149561,36215.8192227308,1.6149304116197527e-12,6796.499316631306,2.55492485822497e-15
1615.0,17.0,-124.21062545924224,38745.73723282099,1.2011103917020094e-12,31940.07857599311,1.7761581296105784e-15
1615.0,17.0,-64.10212061432428,36663.22256468934,-1.486710060616403e-13,22689.34097702481,-2.3233694660272003e-16
1615.0,17.0,22.53619449096575,31617.6183513716,8.167902031813723e-11,31512.91820312328,1.4801441041461448e-13
1615.0,17.0,115.13154622895046,36213.31817878404,1.5249555090912637e-12,6722.823588387201,2.4127453381872628e-15
1616.0,17.0,-124.22678744527477,38723.43707885486,1.526424819875416e-12,31824.920496180748,2.2585211055718753e-15
1616.0,17.0,-64.44526438561645,36660.5999899402,-1.7540916635860881e-12,22721.192231231144,-2.741418559165491e-15
1616.0,17.0,22.24577525585515,31615.69911872221,4.7088654937105234e-09,31426.375571615717,8.533675566409678e-12
1616.0,17.0,115.06787613674547,36209.71162181899,-3.4760718609083696e-12,6653.36832808048,-5.500299173722906e-15
1617.0,17.0,-124.23601454856266,38701.5865104457,4.8826906060006614e-12,31711.890970249067,7.228581296441288e-15
1617.0,17.0,-64.78221191442368,36656.903592835806,-1.610498193138632e-12,22754.589727482326,-2.5172543323687225e-15
1617.0,17.0,21.955555872208965,31614.101249656705,-1.7903631702176348e-11,31335.985186471527,-3.244762602582181e-14
1617.0,17.0,115.00807570991755,36205.084300775234,-6.922154204003217e-10,6587.703002660336,-1.0954544884725813e-12
1618.0,17.0,-124.23732331477069,38680.28017015993,4.767072153688545e-13,31601.152125732617,7.061301361808726e-16
1618.0,17.0,-65.1129119366806,36652.1631343884,-5.6754601018838e-13,22789.957420622883,-8.872052365382338e-16
1618.0,17.0,21.664824190237148,31612.71829989063,3.57984757462515e-09,31241.61151799016,6.4882164001339535e-12
1618.0,17.0,114.9517411879974,36199.519226612545,-1.6537448493947338e-12,6525.416396002263,-2.617509908588996e-15
1619.0,17.0,-124.22985159391689,38659.61450601856,-2.1314252446336113e-12,31492.654095034588,-3.1588952043516354e-15
1619.0,17.0,-65.43789524754263,36646.522791768075,-2.3353818878746324e-12,22827.514267568542,-3.651302102707767e-15
1619.0,17.0,21.373192542207924,31611.41677457289,-8.341392385841084e-10,31143.48084344215,-1.5118796553139048e-12
1619.0,17.0,114.89931105823321,36193.067416989354,1.8050977379502342e-12,6466.147956166407,2.8575771376761474e-15
1620.0,17.0,-124.21286209653789,38639.68747895377,3.36654315535867e-12,31386.135969736195,4.991984328438714e-15
1620.0,17.0,-65.75827893546071,36640.23960319537,-3.891312619352938e-12,22867.268988050884,-6.084998140554653e-15
1620.0,17.0,21.08064947695387,31610.037901797812,9.049731623800294e-10,31042.185432340157,1.6403378869100943e-12
1620.0,17.0,114.8520707513411,36185.74731138275,5.741847969309433e-13,6409.588415612839,9.091525799267e-16
1621.0,17.0,-124.18563579384798,38620.59086925674,1.5583818957498607e-12,31281.338757728885,2.3119456094893672e-15
1621.0,17.0,-66.07521963728381,36633.56418737004,-2.4489299477181703e-12,22909.221332165813,-3.830185608197513e-15
1621.0,17.0,20.787145662884228,31608.43493022877,-4.3166138411106225e-09,30938.29860145289,-7.824612494396714e-12
1621.0,17.0,114.81124295322526,36177.5790100699,9.937398126602659e-13,6355.442574224975,1.5738227586679055e-15
1622.0,17.0,-124.14753659111892,38602.3911115887,1.4214714474936052e-12,31178.048384232992,2.109825642776969e-15
1622.0,17.0,-66.3898629444221,36626.70066492427,-1.3197776205231548e-13,22953.39205183862,-2.0645508926281954e-16
1622.0,17.0,20.49228770675608,31606.50637999514,-2.4646040416853587e-13,30832.24349891154,-4.467795588089214e-16
1622.0,17.0,114.77759671426453,36168.59652343794,1.1792407328403698e-12,6303.46563509962,1.8680712970956368e-15
1623.0,17.0,-124.09795383333818,38585.14682612673,7.701859983111348e-13,31076.062569615755,1.1436630613886326e-15
1623.0,17.0,-66.70338085026222,36619.8442212109,3.260331241095038e-12,22999.798342656773,5.101147312396141e-15
1623.0,17.0,20.19557097747187,31604.162123211783,-4.6762855410859006e-09,30724.40412620514,-8.477725948174702e-12
1623.0,17.0,114.75177676322271,36158.838187630274,5.930481800087151e-13,6253.426919044044,9.397192903736094e-16
1624.0,17.0,-124.0365518700961,38568.887743273925,-1.0584467330376768e-12,30975.17980705692,-1.572369186431748e-15
1624.0,17.0,-67.01698379215331,36613.1866890933,5.93875643106756e-13,23048.392571591332,9.293528092645054e-16
1624.0,17.0,19.896236810650738,31601.32979056837,-5.710592500176442e-10,30615.08624151638,-1.0353768368216703e-12
1624.0,17.0,114.73404750023471,36148.34601872322,4.633081897298386e-09,6205.1840092407465,7.3435182543668e-12
1625.0,17.0,-123.96327475636382,38553.61450721316,-3.976894334678516e-12,30875.200161708723,-5.9101919199802985e-15
1625.0,17.0,-67.3319178187788,36606.916078528826,-3.2609852318454813e-13,23099.061474001373,-5.103972441667234e-16
1625.0,17.0,19.593244311388396,31597.95267817418,1.7262348919007062e-09,30504.518333712855,3.1301386758025686e-12
1625.0,17.0,114.72428803890355,36137.165955180884,-1.1691099477406652e-12,6158.683083138276,-1.8536336212800576e-15
1626.0,17.0,-123.87817022862757,38539.319812311085,2.141316637893631e-12,30775.934956877223,3.1834605942696573e-15
1626.0,17.0,-67.64943003513301,36601.22237909918,1.3278128596638794e-12,23151.66353511491,2.0785664493375146e-15
1626.0,17.0,19.28550285522931,31593.967584874197,4.004980325899998e-09,30392.92903462826,7.263046943710175e-12
1626.0,17.0,114.72232950777173,36125.348482743444,-3.558923988844498e-12,6113.861811388239,-5.644549678629655e-15
1627.0,17.0,-123.7816663935541,38525.971524493005,8.735035264550994e-13,30677.234871212433,1.2990734165873802e-15
1627.0,17.0,-67.97064852354707,36596.291934636734,1.1194534882408291e-12,23205.98440038135,1.7526354952014108e-15
1627.0,17.0,18.971964807701294,31589.294902118643,-4.704605845520793e-12,30280.549653154936,-8.533082490639543e-15
1627.0,17.0,114.72787929005456,36112.95766492067,-3.209092713785111e-12,6070.6162103867555,-5.091454160916748e-15
1628.0,17.0,-123.67428898996874,38513.53109175794,-7.889825945350815e-13,30578.961708586456,-1.1737530030274425e-15
1628.0,17.0,-68.29668960886708,36592.31166646221,-1.249532595448688e-12,23261.785216433113,-1.9565023586321902e-15
1628.0,17.0,18.651544594832608,31583.84752302649,-3.7221456403169206e-09,30167.61623190366,-6.7522880411481676e-12
1628.0,17.0,114.74061120681087,36100.061699933925,2.9172914084441004e-12,6028.830760200103,4.630144034183978e-15
1629.0,17.0,-123.55656351864116,38501.96085786312,2.1789167692354283e-13,30480.972750213557,3.2425032908934186e-16
1629.0,17.0,-68.62872670988159,36589.47592170816,-1.096728610705533e-12,23318.818982284443,-1.7173768981859677e-15
1629.0,17.0,18.323058944718245,31577.5313503478,-4.318681976270278e-09,30054.373811401052,-7.836022631223802e-12
1629.0,17.0,114.76017387887715,36086.731001355496,2.9849196031550562e-12,5988.384477203192,4.739229370491477e-15
1630.0,17.0,-123.42901316761042,38491.224285016484,2.378340580033722e-13,30383.120221006164,3.540258331914737e-16
1630.0,17.0,-68.96799320073322,36587.98671656326,-7.88492535153118e-13,23376.83004932769,-1.2347575938468556e-15
1630.0,17.0,17.985215933846106,31570.245002341766,-1.2542952787519823e-12,29941.07699506471,-2.2763784611219507e-15
1630.0,17.0,114.78618991193076,36073.03801676279,-1.3303507601092335e-12,5949.151437114035,-2.1130320044255716e-15
1631.0,17.0,-123.29216974036511,38481.286974097144,3.7812461495256855e-13,30285.26659139385,5.629994802766033e-16
1631.0,17.0,-69.31570365031813,36588.044835713656,3.0762978969756105e-13,23435.554859350894,4.817390128745737e-16
1631.0,17.0,17.636662400621248,31561.88034174723,-2.8451487372668782e-09,29827.97953465935,-5.164933551717005e-12
1631.0,17.0,114.81827047822831,36059.0536355976,-8.323463446258117e-13,5911.009868887792,-1.3225508667571048e-15
1632.0,17.0,-123.14660793576564,38472.1223438724,3.1905047180591506e-12,30187.31435472926,4.751556288666295e-15
1632.0,17.0,-69.67289753194109,36589.83731979252,8.137292922816286e-13,23494.727633046656,1.2742132113466606e-15
1632.0,17.0,17.276081401463053,31552.318549049814,1.0053832766310222e-12,29715.312294855114,1.8256730786500643e-15
1632.0,17.0,114.85599718371665,36044.84076734975,-3.2467604993424715e-13,5873.855745442203,-5.160951463284522e-16
1633.0,17.0,-122.99291100395972,38463.70672980294,-5.840333325464464e-10,30089.178820706846,-8.699797262114607e-13
1633.0,17.0,-70.04056838700913,36593.54620222361,5.75398669683258e-13,23554.079289072077,9.00921575845785e-16
1633.0,17.0,16.902079706413026,31541.43375163591,-8.356032775436173e-10,29603.3032447846,-1.5178936229576089e-12
1633.0,17.0,114.89893184725291,36030.460412830806,8.754420799395035e-13,5837.588992335491,1.3921314302946241e-15
1634.0,17.0,-122.83162683271486,38456.029025274955,2.2242364200453224e-12,29990.83945769002,3.3138980476670046e-15
1634.0,17.0,-70.41956622993371,36599.337692467314,8.115348670845179e-13,23613.382138197936,1.2704471103372722e-15
1634.0,17.0,16.51291949805858,31529.07543147188,1.3976675719562515e-11,29492.11703255042,2.5398922086835227e-14
1634.0,17.0,114.9464333632819,36015.97380670649,-1.4963377759080743e-13,5802.081791843214,-2.3804392946765364e-16
1635.0,17.0,-122.66326976207222,38449.09069810164,2.0102931905935373e-12,29892.339744721987,2.995683729149542e-15
1635.0,17.0,-70.81058293109373,36607.36047377732,1.341917299935852e-12,23672.451893746456,2.100293404027058e-15
1635.0,17.0,16.10645910070747,31515.067114222362,-2.932864348950681e-09,29381.85493582397,-5.3320765102677906e-12
1635.0,17.0,114.99765804901303,36001.44198681958,5.164320360240282e-12,5767.179915175493,8.218941919148077e-15
1636.0,17.0,-122.48829425937356,38442.89173228349,-6.32496128388782e-10,29793.73986609627,-9.426803521288917e-13
1636.0,17.0,-71.21423902181579,36617.744224337905,-7.357205122904276e-13,23731.134082260294,-1.1511817876379988e-15
1636.0,17.0,15.680297193345499,31499.235745875856,1.869806393051121e-12,29272.595170668406,3.4010988613409584e-15
1636.0,17.0,115.05171925577433,35986.921228179235,-2.897499948306681e-12,5732.727680955026,-4.6131903622628004e-15
1637.0,17.0,-122.30691370139182,38437.42184551037,1.5293188807344316e-12,29695.156937532098,2.2796408600955263e-15
1637.0,17.0,-71.6309658907291,36630.56023444612,1.2953384025127246e-12,23789.394968929573,2.026106699711511e-15
1637.0,17.0,15.231653253210697,31481.448226030345,-2.5365803207888504e-12,29164.306991294543,-4.616539421365357e-15
1637.0,17.0,115.1076059891673,35972.45081778878,-2.0133825162638175e-12,5698.558413096608,-3.206851857597109e-15
1638.0,17.0,-122.11927782648617,38432.66733590128,-1.3509292680959637e-09,29596.72227205834,-2.013977973636288e-12
1638.0,17.0,-72.06112807994717,36645.85876380599,6.996183146701362e-13,23847.231391307516,1.0938528404809903e-15
1638.0,17.0,14.757358071408015,31461.578221295633,1.0193738214647752e-12,29056.931566117306,1.8564172879452157e-15
1638.0,17.0,115.16428133780488,35958.06346879157,-1.0286771434664388e-11,5664.510887232235,-1.6390999157491937e-14
1639.0,17.0,-121.92557426585981,38428.58845840371,5.48046525696011e-13,29498.58034338994,8.171196018083931e-16
1639.0,17.0,-72.50489741108606,36663.63029557872,-8.573691513691362e-10,23904.66244788584,-1.339846421702773e-12
1639.0,17.0,14.254134045550387,31439.56930620689,-6.541676922378059e-13,28950.303179355626,-1.1921616194544882e-15
1639.0,17.0,115.22084028004731,35943.76299442857,-1.3499978912534516e-11,5630.534347700647,-2.1519500207135598e-14
1640.0,17.0,-121.72602936534844,38425.11922854648,-1.0298849446865876e-12,29400.889038730344,-1.5356636986247247e-15
1640.0,17.0,-72.96225305741768,36683.80494060791,1.1740140110072517e-12,23961.730158916955,1.833671507872383e-15
1640.0,17.0,13.718492347437886,31415.43504522939,-2.0613719065032399e-13,28844.141982249337,-3.759550363680452e-16
1640.0,17.0,115.27651183962863,35929.52445537532,7.147574199173334e-12,5596.687451710572,1.1398031050421075e-14
1641.0,17.0,-121.52086608578948,38422.192103978916,-2.258048704614768e-09,29303.809819204238,-3.367237880631255e-12
1641.0,17.0,-73.43313795631607,36706.29942730153,-3.039374307789444e-13,24018.479707366827,-4.744235265168308e-16
1641.0,17.0,13.1462480751761,31389.17899158958,1.0058794075451516e-12,28738.15226765484,1.8360672882492076e-15
1641.0,17.0,115.3305662859297,35915.32301612662,7.093537562896657e-12,5563.025063075757,1.1316333253887205e-14
1642.0,17.0,-121.31030195545517,38419.73751348273,-1.4831846688323491e-12,29207.517382374026,-2.2118897020777403e-15
1642.0,17.0,-73.91744017027398,36731.008265370634,6.887251186027399e-13,24074.963728170806,1.074325056788252e-15
1642.0,17.0,12.532315781732112,31360.780931051475,3.344859667020472e-10,28632.009935025668,6.111019441931395e-13
1642.0,17.0,115.38240515175544,35901.14309932676,1.9869071665734594e-12,5529.559419293802,3.1709685291633765e-15
1643.0,17.0,-121.0945562945718,38417.68586724776,1.6158437435298545e-12,29112.184830369213,2.409854335755507e-15
1643.0,17.0,-74.41502171788545,36757.81734723681,1.7158444803877515e-12,24131.23201506867,2.6745507247705558e-15
1643.0,17.0,11.870409828908693,31330.194384454,4.975135511897655e-10,28525.381220546024,9.098388086568577e-13
1643.0,17.0,115.4314786155936,35886.97002912517,-4.265712783002584e-12,5496.298550829719,-6.810475748793965e-15
1644.0,17.0,-120.87400020804333,38415.980256897834,2.366231342809666e-12,29017.88590702912,3.529132105648247e-15
1644.0,17.0,-74.92582414308907,36786.656752963914,-2.6716580336927365e-12,24187.187385896767,-4.1611481755672404e-15
1644.0,17.0,11.153256158126325,31297.31886170661,2.369309609617787e-12,28418.08048816356,4.337478286582069e-15
1644.0,17.0,115.4775676127067,35872.775046429306,-1.3658726927268106e-12,5463.377132832246,-2.1815636104016734e-15
1645.0,17.0,-120.64916444465352,38414.57678772332,1.8052833533621637e-13,28924.59543159028,2.6926007162451053e-16
1645.0,17.0,-75.44983459382824,36817.49525426912,9.651238142005525e-13,24242.587427956827,1.5019359920973424e-15
1645.0,17.0,10.37233692097538,31261.992816561706,-2.110880914507618e-13,28310.08877349949,-3.868741451182507e-16
1645.0,17.0,115.52078444672442,35858.51603827855,-5.036891043141978e-12,5431.055058402183,-8.048090956447075e-15
1646.0,17.0,-120.42057583533136,38413.43464278905,-2.2413355893480258e-12,28832.261953418983,-3.343076997313378e-15
1646.0,17.0,-75.98701640389392,36850.298709994044,-2.857905856412657e-10,24297.171185574753,-4.44354454510181e-13
1646.0,17.0,9.5169292758743,31224.001825109863,6.878186215031334e-11,28201.459500023266,1.262141358541158e-13
1646.0,17.0,115.56132270226193,35844.152046523006,1.1113471254375895e-12,5399.607313673143,1.776454351017259e-15
1647.0,17.0,-120.18869061913053,38412.521766863465,-1.4247353297136556e-12,28740.74618349812,-2.1251226829421924e-15
1647.0,17.0,-76.53746298897045,36885.061590355384,8.291665964943462e-13,24350.61159156315,1.2879942297500505e-15
1647.0,17.0,8.57376622952141,31183.0582676468,5.064958868983283e-13,28092.455461704812,9.306360014764411e-16
1647.0,17.0,115.59963441161332,35829.64906101963,-4.920813756470466e-12,5369.349894816407,-7.86895399213968e-15
1648.0,17.0,-119.95394550241431,38411.80937630069,-3.174457224863758e-13,28649.886937154042,-4.735080283453744e-16
1648.0,17.0,-77.10122911597117,36921.769669334,1.4489798250139074e-12,24402.572346691406,2.2485495499381623e-15
1648.0,17.0,7.525693398994354,31138.78606620186,2.463156475659978e-10,27983.49285411257,4.5322405965214007e-13
1648.0,17.0,115.63623894493772,35814.97604768902,-7.0869039803245215e-12,5340.603378886021,-1.1337427319409302e-14
1649.0,17.0,-119.71662084272367,38411.28042210217,-4.156456429038613e-12,28559.52444635241,-6.199934198936463e-15
1649.0,17.0,-77.67840222244888,36960.40263122434,-1.2777140456776692e-12,24452.756322051464,-1.9807041328080652e-15
1649.0,17.0,6.350025914766853,31090.674245915412,8.254605766283563e-14,27875.251426419778,1.5212087978906925e-16
1649.0,17.0,115.67169399234152,35800.116911913916,-1.4019691657596312e-11,5313.58998951045,-2.243761281650223e-14
1650.0,17.0,-119.47683302957915,38410.92939682946,-1.244001429645536e-12,28469.499727994786,-1.8556185113503952e-15
1650.0,17.0,-78.26911215074252,37000.93491376935,1.908709301723377e-12,24500.9060179683,2.9556276770026925e-15
1650.0,17.0,5.016678003851473,31038.040861250156,6.815784481944975e-11,27768.851236317987,1.2581840671965598e-13
1650.0,17.0,115.70659406838536,35785.07067603412,-2.1999953941920225e-11,5288.433595886814,-3.522431244486571e-14
1651.0,17.0,-119.23466695340761,38410.75215692281,-4.909572748346136e-12,28379.650297076736,-7.323412896041903e-15
1651.0,17.0,-78.8734289787917,37043.32388398384,-3.792799407875691e-13,24546.777363495337,-5.866411969174079e-16
1651.0,17.0,3.4864678004246468,30980.022608679614,3.5622546579183734e-14,27666.148023459486,6.58818620075373e-17
1651.0,17.0,115.7415363165081,35769.83752006474,-2.126527079426843e-11,5265.249162247538,-3.4062504925579764e-14
1652.0,17.0,-118.9901209242367,38410.74674467072,3.8821515446763044e-12,28289.802240044322,5.7908506808971775e-15
1652.0,17.0,-79.49143133392485,37087.5183477825,-2.985958355572471e-10,24590.144647107885,-4.612948485035408e-13
1652.0,17.0,1.71241829752681,30915.62515185901,1.0238962455666467e-12,27570.425117269835,1.897581991051271e-15
1652.0,17.0,115.77712474519527,35754.416533919204,1.659976670009833e-11,5244.138172611207,2.6600813690111865e-14
1653.0,17.0,-118.74316302349149,38410.9122270943,-1.0426989133227593e-11,28199.777023819293,-1.555345696635925e-14
1653.0,17.0,-80.12314148575169,37133.45004742535,-1.825005424560544e-12,24630.79528756234,-2.815927641580671e-15
1653.0,17.0,-0.34513653455426746,30844.092356436722,-3.718518548634364e-13,27487.51868007194,-6.907495166846749e-16
1653.0,17.0,115.81396654919699,35738.80715280613,1.2102902013921835e-11,5225.198033848616,1.9403143543464848e-14
1654.0,17.0,-118.49379446386608,38411.24933257471,2.2690217760246156e-12,28109.38279716854,3.384565033640747e-15
1654.0,17.0,-80.76850015585549,37181.037250535766,-4.15756144789281e-12,24668.510105280526,-6.406779951442189e-15
1654.0,17.0,-2.6653130673680945,30766.136294897467,3.703366571738975e-10,27426.6896816848,6.896780034926484e-13
1654.0,17.0,115.8527101634053,35723.00326403596,1.9390565542121152e-12,5208.538116914893,3.1100340576735303e-15
1655.0,17.0,-118.24205083703599,38411.76061146087,-1.4372746048874063e-11,28018.414419607212,-2.143868636857295e-14
1655.0,17.0,-81.42736656121184,37230.18469687228,-2.1346119316589807e-12,24703.06457795096,-3.2850832081045928e-15
1655.0,17.0,-5.081953019956385,30685.78486433346,4.588652374737379e-12,27397.43033757424,8.567824348880159e-15
1655.0,17.0,115.8940453746387,35706.99340146727,3.7705602529136684e-13,5194.279569165078,6.0502766632504e-16
1656.0,17.0,-117.98785125845042,38412.447792106504,-4.49893594600681e-13,27926.688964489385,-6.710586198541e-16
1656.0,17.0,-82.09956326182609,37280.77118182409,1.7277637653911881e-12,24734.293587219105,2.6553520384473656e-15
1656.0,17.0,-7.324473618959118,30609.24157136209,1.918266760714271e-12,27400.547435918936,3.59069953147711e-15
1656.0,17.0,115.93854613121329,35690.77647167061,1.4015698324154613e-12,5182.52311119791,2.2499940889211244e-15
1657.0,17.0,-117.73066409077128,38413.306288241525,-2.9394424394535434e-11,27834.11855788597,-4.384356937113753e-14
1657.0,17.0,-82.78501523553054,37332.63272800853,-1.3411726590417672e-11,24762.2257661459,-2.0583475460004226e-14
1657.0,17.0,-9.23128150316894,30540.012717844456,8.900605946715601e-13,27426.777900125973,1.6698328208549628e-15
1657.0,17.0,115.986317131983,35674.38868483753,5.530020885657905e-13,5173.292325002772,8.881633828866787e-16
1658.0,17.0,-117.46977796661868,38414.32943341453,-1.271302507710459e-12,27740.639737622998,-1.8961744028999582e-15
1658.0,17.0,-83.48370865076535,37385.59004713706,-2.7295378414102234e-12,24786.955838595448,-4.183189248501136e-15
1658.0,17.0,-10.800784819793877,30477.917986226006,3.911662660449622e-13,27466.02013997128,7.353578463724677e-16
1658.0,17.0,116.0373286344597,35657.876743271176,-1.2894650625039361e-12,5166.589322062966,-2.0719378902724527e-15
1659.0,17.0,-117.2040192269248,38415.498462010975,-5.087042939666553e-11,27646.28811395889,-7.587200539202876e-14
1659.0,17.0,-84.19576590264411,37439.423984196466,1.8370830030811636e-11,24808.769858185402,2.8113974920180258e-14
1659.0,17.0,-12.101244307033214,30421.305515045,7.704774318550989e-13,27511.998701808603,1.4511246084933299e-15
1659.0,17.0,116.09111107050829,35641.316910334644,-7.172280130918196e-12,5162.362359884037,-1.1529915744162434e-14
1660.0,17.0,-116.93170083444288,38416.781868896906,2.7404536973030247e-12,27551.195078884095,4.08718333936267e-15
1660.0,17.0,-84.92153756396425,37493.885902498696,-7.663855661199648e-12,24828.143491446,-1.171141837167962e-14
1660.0,17.0,-13.20634500903322,30368.533524814004,-2.5191307373439997e-13,27561.650895528022,-4.752799774594131e-16
1660.0,17.0,116.14675724412358,35624.8134918357,-1.8586878564041953e-11,5160.507609854512,-2.9893481303020524e-14
1661.0,17.0,-116.65087250059437,38418.14669936174,-5.95892987731439e-11,27455.48873301483,-8.886986013570409e-14
1661.0,17.0,-85.66165664100119,37548.74044278802,2.9712394003511555e-11,24845.588476610537,4.5338265826117906e-14
1661.0,17.0,-14.173574939859162,30318.38325439648,1.7117210426853546e-13,27613.68690838606,3.234816006733527e-16
1661.0,17.0,116.20331419573826,35608.47557904833,-3.272398671483323e-11,5160.903636463617,-5.265449579384183e-14
1662.0,17.0,-116.35906668238654,38419.55882339353,2.949775493310547e-11,27359.299041590024,4.399053280510482e-14
1662.0,17.0,-86.4172697402109,37603.77284040558,-2.0274304804446253e-11,24861.696204935448,-3.0891371001167054e-14
1662.0,17.0,-15.047521218211367,30269.97611699306,-1.6225215615506272e-13,27667.750860423417,-3.0711500163238826e-16
1662.0,17.0,116.25970355275017,35592.43374151893,3.2534096944258906e-11,5163.359384205376,5.237254801716612e-14
1663.0,17.0,-116.05346042154395,38420.98261140034,-9.470337708483711e-12,27262.735746896153,-1.4122761688523494e-14
1663.0,17.0,-87.18992974638101,37658.786813775565,1.0454430376949375e-10,24877.085261598786,1.5905842659632613e-13
1663.0,17.0,-15.862215885847487,30222.715670419388,-6.617692505095363e-13,27723.92047638112,-1.2545724043866498e-15
1663.0,17.0,116.31483119656176,35576.81934790964,1.473397792661757e-11,5167.674920320247,2.3728786499395254e-14
1664.0,17.0,-115.73145010290375,38422.38477145019,-2.64911155511971e-10,27165.82714425205,-3.950377168688395e-13
1664.0,17.0,-87.9812266912592,37713.605668150485,-9.313834425928036e-13,24892.250297955874,-1.4149890848012858e-15
1664.0,17.0,-16.640863381900257,30176.263885548156,-1.5724782587156483e-12,27782.338733611694,-2.985670059825923e-15
1664.0,17.0,116.36790044342813,35561.71217802693,8.083519964507957e-12,5173.787343395643,1.3023882968779598e-14
1665.0,17.0,-115.39062987827488,38423.73462227212,3.145651794600468e-11,27068.51837587586,4.6906573090864846e-14
1665.0,17.0,-88.7927996576502,37768.06821868717,-4.315908186391937e-10,24907.567957599505,-6.547417845529804e-13
1665.0,17.0,-17.398914275881985,30130.462012117277,1.1818150624787194e-13,27843.1101492518,2.2473274793393084e-16
1665.0,17.0,116.41841103162342,35547.14157077497,-5.808235836735065e-13,5181.769471990454,-9.361861043003136e-16
1666.0,17.0,-115.02826470760878,38425.00276572672,-5.321978968630958e-12,26970.69059772475,-7.935638558546077e-15
1666.0,17.0,-89.62675583682055,37822.032209225246,1.1013810349846942e-10,24923.399294526476,1.6684583364344317e-13
1666.0,17.0,-18.147870128758324,30085.242540585044,1.1141330913400083e-12,27906.379672336458,2.1218085200254655e-15
1666.0,17.0,116.4659782856778,35533.12566764334,3.1671887334994153e-12,5191.72381256962,5.106968327195189e-15
1667.0,17.0,-114.64151147320172,38426.17020273821,-4.0528455591548607e-10,26872.074579297754,-6.043041612858016e-13
1667.0,17.0,-90.48569341317805,37875.39384378805,-1.192539123007208e-12,24939.972041714962,-1.804006551967563e-15
1667.0,17.0,-18.8926496835068,30040.5967310513,1.0463791291770441e-12,27972.261641457855,1.9957362501540727e-15
1667.0,17.0,116.51062688007,35519.65049436327,-1.6244228184802978e-12,5203.843889293028,-2.620312146889984e-15
1668.0,17.0,-114.2268691409183,38427.21939769144,-1.1267443054963078e-09,26772.31587183424,-1.6799990815681008e-12
1668.0,17.0,-91.3729679550399,37928.062828355505,-7.285669532952621e-10,24957.530892190145,-1.1006048926209665e-12
1668.0,17.0,-19.635838193248794,29996.53368004962,-6.466615437572543e-13,28040.87383776986,-1.235175291448668e-15
1668.0,17.0,116.55249382500742,35506.69557930496,2.8855494382806768e-12,5218.340068160698,4.656299373749398e-15
1669.0,17.0,-113.77938549114398,38428.15174171265,1.310273719384858e-09,26670.946236531923,1.9535978371338474e-12
1669.0,17.0,-92.29335944266778,37979.99194225678,1.3030085170562256e-09,24976.419533748485,1.965689956186066e-12
1669.0,17.0,-20.377554335190723,29953.027349666947,1.5628384003596452e-12,28112.41280811761,2.9894822769084863e-15
1669.0,17.0,116.59195092132303,35494.26590228833,-1.179699393727418e-11,5235.30071881524,-1.904301853735912e-14
1670.0,17.0,-113.29206472338163,38428.98321408248,-1.6384891464438223e-09,26567.338514622115,-2.4429091018682347e-12
1670.0,17.0,-93.25365459803713,38031.18013424583,-2.3029703144494817e-12,24997.124954971543,-3.4695341794838048e-15
1670.0,17.0,-21.115425250190995,29909.994437639853,1.5862016561341008e-12,28187.138347586344,3.0385381897221397e-15
1670.0,17.0,116.62960491705923,35482.3925046302,-1.8609599972130297e-11,5254.691465890768,-3.0050159010295094e-14
1671.0,17.0,-112.75556732717894,38429.71434698054,-1.3626426376145417e-12,26460.663255940653,-2.031596472848153e-15
1671.0,17.0,-94.26301604722308,38081.637730616225,-1.6577919592641877e-12,25020.286539301298,-2.494233132736244e-15
1671.0,17.0,-21.845042295752464,29867.31746796847,-6.131449514779064e-13,28265.24329707346,-1.1762227386879956e-15
1671.0,17.0,116.66614787963307,35471.09847065063,-3.6567141675769577e-11,5276.495295322548,-5.90661969099179e-14
1672.0,17.0,-112.15764302172354,38430.317659508924,3.0384514349002245e-12,26349.77081844346,4.530028739748816e-15
1672.0,17.0,-95.33366126023019,38131.37717595014,2.601313262018401e-13,25046.662877142287,3.908704120948116e-16
1672.0,17.0,-22.55724628370998,29824.826495136356,7.456431305730149e-13,28346.679749855135,1.4324376509523964e-15
1672.0,17.0,116.70257215806305,35460.366844006734,-4.490173857729651e-11,5300.790821845318,-7.255086007982629e-14
1673.0,17.0,-111.47957956090693,38430.714181344345,4.8247170147952545e-12,26232.99746970774,7.193098753988747e-15
1673.0,17.0,-96.4843041425837,38180.45188608864,-4.1389445364949096e-11,25077.48457167376,-6.211137947958506e-14
1673.0,17.0,-23.24140574723822,29782.262933791553,5.978096490055762e-12,28431.29765939428,1.1500794924939587e-14
1673.0,17.0,116.739950240661,35450.17190359733,-5.000358807571992e-11,5327.680610837147,-8.081750816443047e-14
1674.0,17.0,-110.68984033401624,38430.70125989975,-4.974701206528209e-13,26107.719546612196,-7.416710445773645e-16
1674.0,17.0,-97.74644935139261,38228.99624503188,1.4261890279865241e-12,25114.969605056034,2.1375034690352995e-15
1674.0,17.0,-23.886824072670542,29739.283407625706,9.925046895453704e-13,28518.854472559557,1.912162074601642e-15
1674.0,17.0,116.77930192969585,35440.479361692036,4.435480802089664e-11,5357.318743476391,7.170736249852627e-14
1675.0,17.0,-109.72683589145883,38429.78203699336,2.676702175880008e-12,25969.051308856837,3.99075221253603e-15
1675.0,17.0,-99.18163364462767,38277.39834625364,-1.432489543651272e-12,25163.62539777527,-2.144231546391717e-15
1675.0,17.0,-24.483053029142525,29695.470038609867,1.0613038226026106e-12,28609.023180062515,2.047727472815488e-15
1675.0,17.0,116.82159654073598,35431.24619573526,2.4545778604112556e-11,5389.910868669897,3.969291712486948e-14
1676.0,17.0,-108.43191046794101,38426.47362969941,1.933904425488464e-12,25804.773782921107,2.8835474894194175e-15
1676.0,17.0,-100.94847446307487,38327.02407096873,9.315569149404013e-13,25235.315422782624,1.3926017189198211e-15
1676.0,17.0,-25.020392483305894,29650.349469427067,-3.226828526603498e-13,28701.441820816217,-6.235462957272551e-16
1676.0,17.0,116.86774430107832,35422.43846127318,7.959927855738513e-12,5425.654594634012,1.2875180003800438e-14
1677.0,17.0,-105.64664275598983,38407.97068374295,6.943161323658131e-13,25526.98016319735,1.0357585502231727e-15
1677.0,17.0,-104.2053471305341,38390.53201220127,-3.027481043638147e-12,25417.655279681527,-4.518350678266142e-15
1677.0,17.0,-25.491338688723452,29603.453449115823,-1.0865093547085536e-12,28795.721339820462,-2.102876292230086e-15
1677.0,17.0,116.91838176829705,35414.0543722392,1.6123213875118836e-13,5464.715333195299,2.608546588653887e-16
1678.0,17.0,-25.890005420262863,29554.33193320175,2.1800963811990925e-13,28891.48681579618,4.22646405463579e-16
1678.0,17.0,116.9740494758724,35406.10038167056,1.7376378114164481e-12,5507.254417012859,2.8119253982585655e-15
1679.0,17.0,-26.22011270624312,29502.862704001633,3.758302696832416e-12,28988.35081386688,7.298779268356415e-15
1679.0,17.0,117.03443597478253,35398.57186400528,3.890568422981744e-13,5553.557501753343,6.297235702053552e-16
1680.0,17.0,-26.494402750245513,29449.304667737655,-1.22664031709796e-12,29085.919218428182,-2.3865185933336073e-15
1680.0,17.0,117.09836821663272,35391.45078671786,-1.8683513069994717e-11,5604.0377368829395,-3.024703485142108e-14
1681.0,17.0,-26.726250047588607,29394.02214098197,6.687289610951552e-12,29183.85940257597,1.3035081393471595e-14
1681.0,17.0,117.1646692290342,35384.71569795834,-4.8151128917428565e-11,5659.039875817023,-7.796746169471619e-14
1682.0,17.0,-26.930226258363355,29337.477414461766,5.578731920863333e-13,29281.9810106846,1.0895203755412723e-15
1682.0,17.0,117.23230004336236,35378.34220229781,-7.627704023960291e-11,5718.603646242622,-1.2353186179523537e-13
1683.0,17.0,-27.12045479565837,29280.185706947483,1.7341544866766867e-12,29380.11174218511,3.393411985316549e-15
1683.0,17.0,117.30024828606689,35372.304061730065,4.9963679027431596e-11,5782.687561054004,8.09307737551468e-14
1684.0,17.0,-27.308769720472323,29222.633851004564,3.3803515542274454e-13,29478.127141047215,6.627735142397606e-16
1684.0,17.0,117.36756219629211,35366.58501710035,1.367050916911694e-11,5851.08700204563,2.2146963830592455e-14
1685.0,17.0,-27.50478387670873,29165.269131632365,9.57910833987441e-13,29575.95389911519,1.8818358126450583e-15
1685.0,17.0,117.43334462823319,35361.17906876389,3.412239241162851e-12,5923.434472464085,5.528857135316905e-15
1686.0,17.0,-27.71677485044547,29108.53447346965,1.7777671695862196e-11,29673.47216120301,3.499267744552557e-14
1686.0,17.0,117.49669990598734,35356.078031829355,-3.679626048302964e-12,5999.370434681656,-5.9629646298541295e-15
1687.0,17.0,-27.950581557685407,29052.819427717754,-4.785824514463854e-13,29770.43343266007,-9.438242193713509e-16
1687.0,17.0,117.55680751746011,35351.26818825753,-3.753563432296048e-12,6078.584977029245,-6.0836104000546004e-15
1688.0,17.0,-28.210916430288854,28998.504420083922,1.8080977687295885e-11,29866.558694765477,3.572472897032488e-14
1688.0,17.0,117.61286197987367,35346.73363704552,-3.00054564528196e-11,6160.78615736218,-4.8637761971542784e-14
1689.0,17.0,-28.49649477951295,28945.73986805949,1.0586184706617985e-12,29961.48654437338,2.0954506866982724e-15
1689.0,17.0,117.66453168669479,35342.458866435125,-7.461508841344333e-11,6245.753517697591,-1.209629944040453e-13
1690.0,17.0,-28.800762348792972,28894.432050875726,5.719903717338326e-13,30054.77651572579,1.1342197058853214e-15
1690.0,17.0,117.71197528522207,35338.42972182329,-1.0311645981531115e-10,6333.335845123727,-1.6718733662631034e-13
1691.0,17.0,-29.117804104945066,28844.466068564085,2.3611633481745997e-12,30146.046775430917,4.690143831049175e-15
1691.0,17.0,117.75537978455849,35334.638841532214,1.1448555298221308e-10,6423.357380452477,1.8564047111165389e-13
1692.0,17.0,-29.442722599519406,28795.689151309707,1.072943817126415e-12,30235.13095946945,2.1348734545984616e-15
1692.0,17.0,117.79498372415632,35331.10447477656,8.252375865991368e-11,6515.532699136514,1.3382720837795532e-13
1693.0,17.0,-29.77119026721032,28747.930521098577,-4.954370247389761e-13,30321.9116567496,-9.874258778811438e-16
1693.0,17.0,117.83103740631277,35327.851705530484,4.953637153248813e-11,6609.548237122655,8.033958715806235e-14
1694.0,17.0,-30.099258990490213,28701.008466299234,-4.011721510543964e-13,30406.240094533016,-8.008593544924119e-16
1694.0,17.0,117.86379873117458,35324.90714237709,2.8784686439964347e-11,6705.0841351427025,4.668776738662438e-14
1695.0,17.0,-30.423353571077687,28654.732831696598,3.0232066849933403e-13,30487.93508071434,6.044969417905373e-16
1695.0,17.0,117.89353529406515,35322.29894577624,1.517886510926658e-11,6801.814136918539,2.462141294637764e-14
1696.0,17.0,-30.740074991971973,28608.895214899527,5.805867939190357e-12,30566.810224791454,1.1627562924998207e-14
1696.0,17.0,117.92051328496225,35320.055062773594,5.899173510792721e-12,6899.404880527614,9.569570154493791e-15
1697.0,17.0,-31.045530708878896,28563.230531269885,1.4971895251347789e-12,30642.683572529662,3.0032541601870733e-15
1697.0,17.0,117.944983511315,35318.20075250143,1.3917408892005767e-12,6997.498043735511,2.2577842989730922e-15
1698.0,17.0,-31.336129127476887,28517.463039268634,1.417069586673314e-13,30715.374494920405,2.8471013175655606e-16
1698.0,17.0,117.9671897302046,35316.760709350434,-2.2100828112048276e-12,7095.72605787289,-3.5855048683136705e-15
1699.0,17.0,-31.611451989823344,28471.495526856193,3.899302755683287e-13,30784.814029668963,7.846921519582471e-16
1699.0,17.0,117.9872125716216,35315.75451201478,5.15788800559136e-13,7193.6652444524725,8.368084386275645e-16
1700.0,17.0,-31.873937553300465,28425.416167571533,-1.0539616054905387e-13,30851.050217723205,-2.1244210254459487e-16
1700.0,17.0,118.00496099545407,35315.19645785548,-8.061849798846055e-13,7290.836545966292,-1.3079637517902685e-15
1701.0,17.0,-32.126216327667386,28379.343381637846,9.881704287305337e-13,30914.242539613657,1.9950424590346923e-15
1701.0,17.0,118.02045961272805,35315.100023436375,-2.3770221901919797e-13,7386.699753709534,-3.85651857750823e-16
1702.0,17.0,-32.37156078261578,28333.464160712294,5.703478054425171e-13,30974.966828284098,1.1533542782148564e-15
1702.0,17.0,118.03426051118211,35315.475947124534,-3.71032371493385e-12,7480.477610549682,-6.019624082407973e-15
1703.0,17.0,-32.6131869806833,28287.982349765407,4.381911500317415e-15,31033.910458184266,8.875324937061425e-18
1703.0,17.0,118.04705603189149,35316.33502172906,-6.6536220977297944e-12,7571.330715014213,-1.0794564737262314e-14
1704.0,17.0,-32.85542937647705,28243.176876525762,-6.21027534952745e-13,31091.868605656146,-1.2598531981641059e-15
1704.0,17.0,118.05917148610347,35317.69303794315,-1.9505914244932754e-11,7658.401877564408,-3.164438177142746e-14
1705.0,17.0,-33.10363556351115,28199.403615637853,3.9720310374136147e-13,31149.743590180427,8.070405234122267e-16
1705.0,17.0,118.07054328962957,35319.57050515982,-3.390605504693944e-11,7740.817893848135,-5.500275983945133e-14
1706.0,17.0,-33.36364697226561,28157.08471762077,1.7041923427996153e-13,31208.425913706647,3.4677961053199774e-16
1706.0,17.0,118.08091445873075,35321.98464219418,-4.8148408871018233e-11,7817.766204709817,-7.810151797881052e-14
1707.0,17.0,-33.64440026319527,28116.90317342938,-1.7782476879890652e-13,31268.734537645832,-3.6236596478005005e-16
1707.0,17.0,118.08932413447832,35324.938335814346,-6.933661630958987e-11,7888.679751399675,-1.1246149795057714e-13
1708.0,17.0,-33.95484797353032,28079.59966515984,3.1589314497537657e-13,31331.487171521676,6.445727218347896e-16
1708.0,17.0,118.09463397159904,35328.42929946978,-8.275026497361893e-11,7953.0705221575445,-1.3420469096962562e-13
1709.0,17.0,-34.29974308363196,28045.61253399627,-1.0831231744834469e-12,31397.480841234497,-2.2127663111471557e-15
1709.0,17.0,118.09652282044834,35332.415878997206,-8.748105365108394e-11,8010.791909533037,-1.4186109375396858e-13
1710.0,17.0,-34.67972699298741,28015.050571035383,2.012452704480694e-13,31467.49374182981,4.115825032835934e-16
1710.0,17.0,118.09553334730568,35336.81706965677,-8.98225278878062e-11,8062.035166459408,-1.456399353406003e-13
1711.0,17.0,-35.094332697513664,27987.986422368303,4.998432223679572e-14,31542.20546586124,1.0232571442515252e-16
1711.0,17.0,118.09229591426988,35341.535365309326,-8.796171083180759e-11,8107.122846392851,-1.4260373063360946e-13
1712.0,17.0,-35.54151745207845,27964.550165197103,3.172739848622541e-13,31621.80349724999,6.500537349793841e-16
1712.0,17.0,118.08755126954301,35346.41335936724,-8.412065835572413e-11,8146.850758888225,-1.3635778670504346e-13
1713.0,17.0,-36.01853539356752,27944.84617998037,-5.121424118126328e-13,31706.355967619973,-1.050054042792925e-15
1713.0,17.0,118.08205287804532,35351.27907814189,-7.35795070705425e-11,8182.120401703372,-1.1925438976271046e-13
1714.0,17.0,-36.521781025761264,27928.930558233285,-2.5803317815764615e-13,31795.76693554796,-5.293511705346013e-16
1714.0,17.0,118.07567940753567,35355.97158707107,-6.529303486768612e-11,8213.58390374112,-1.058099993181053e-13
1715.0,17.0,-37.047061022712626,27916.82499576105,-2.1001256289565617e-13,31889.76121962558,-4.3102442704261464e-16
1715.0,17.0,118.06739077923923,35360.34138847587,-5.110883591341597e-11,8241.64731345675,-8.281369688980834e-14
1716.0,17.0,-37.58948557242897,27908.447822119844,-9.540562784238205e-13,31987.976164887892,-1.958668519297503e-15
1716.0,17.0,118.05633212548564,35364.24329238411,-3.3562080198334954e-11,8266.742658933437,-5.437598455438483e-14
1717.0,17.0,-38.141535966303955,27903.412993935097,3.898929790135952e-13,32089.76682415015,8.005910303559385e-16
1717.0,17.0,118.04269294762277,35367.54536790046,-1.6037077915642683e-11,8289.438301032853,-2.598022765591017e-14
1718.0,17.0,-38.695786697410234,27901.268322549266,1.1842263281103271e-13,32194.36604465964,2.431831048130539e-16
1718.0,17.0,118.02697196774396,35370.1188992131,-4.73996189520598e-12,8310.340678212915,-7.678227274892639e-15
1719.0,17.0,-39.243416819533344,27901.362920263018,-1.8850476735110533e-12,32300.761093223526,-3.870967743826615e-15
1719.0,17.0,118.01038069972282,35371.83600379116,-3.6960469407265606e-12,8330.179141582657,-5.986906943794892e-15
1720.0,17.0,-39.77470374936562,27902.883608979755,-2.9028675296860484e-11,32407.68478730984,-5.960748009680681e-14
1720.0,17.0,117.99488059737504,35372.56890172466,-1.4826959104929927e-12,8349.803487915036,-2.4016411759229995e-15
1721.0,17.0,-40.28197031733386,27905.140689254775,-2.694261133640019e-11,32513.8464350494,-5.531948166208235e-14
1721.0,17.0,117.98243011065793,35372.18348396631,3.692282590783691e-12,8370.076541554821,5.980750645982265e-15
1722.0,17.0,-40.76045452156515,27907.678244284278,-3.711948803886145e-11,32618.067858281964,-7.620805943427723e-14
1722.0,17.0,117.97460389282709,35370.52471823493,1.9952685337276677e-12,8391.908802855078,3.232082839837395e-15
1723.0,17.0,-41.20672353775562,27910.150253070737,-1.2012613126444194e-12,32719.206247042814,-2.4660276882349635e-15
1723.0,17.0,117.97292254771963,35367.43219118376,1.1268277977372065e-12,8416.216510231261,1.825478216777552e-15
1724.0,17.0,-41.61813361752939,27912.24365143385,1.8365725606983574e-12,32816.285946006,3.769953351354632e-15
1724.0,17.0,117.97889469589353,35362.766956934385,-7.976640181706074e-13,8443.842111263773,-1.2923983512455443e-15
1725.0,17.0,-41.99255632486725,27913.66092445938,1.6441188688265385e-12,32908.50318166325,3.3747301171463275e-15
1725.0,17.0,117.99401978315626,35356.41145980976,-3.816669202905132e-13,8475.55383391866,-6.184989598636172e-16
1726.0,17.0,-42.328515864882995,27914.124690887817,-1.2342796923414667e-11,32995.31334290415,-2.533449208706767e-14
1726.0,17.0,118.01951358229367,35348.31093402196,-1.6477097464218105e-12,8511.864049099131,-2.6707588520637456e-15
1727.0,17.0,-42.626164255241534,27913.318141355303,1.504877819580308e-12,33077.14668476642,3.0889608791101225e-15
1727.0,17.0,118.05521484965118,35338.66394144595,-5.2292517538354844e-11,8552.293642660494,-8.47836398123595e-14
1728.0,17.0,-42.885847453915616,27910.911922471176,-2.285964820214481e-12,33154.69865109754,-4.692649838080798e-15
1728.0,17.0,118.10057284991763,35327.732593921144,-2.461399105369022e-10,8596.118204344266,-3.9919850519698585e-13
1729.0,17.0,-43.10923455827573,27906.714729275485,-2.794205838929642e-13,33228.89407983516,-5.73683442191536e-16
1729.0,17.0,118.15450475873824,35315.78118181306,-6.020037038312331e-10,8642.635818080338,-9.766815380127029e-13
1730.0,17.0,-43.29919471681827,27900.66209388906,-1.1971340585503754e-11,33300.88550204884,-2.4583907304954878e-14
1730.0,17.0,118.21536668347858,35303.07704115673,-9.657566794885053e-10,8691.169761152702,-1.5673926016916645e-12
1731.0,17.0,-43.45757603764961,27892.61536065591,-8.640501508727638e-13,33371.741112538635,-1.7748936875415048e-15
1731.0,17.0,118.2817082502013,35289.87848575851,7.83967328554791e-10,8741.053709264477,1.2728300898078317e-12
1732.0,17.0,-43.58329906221401,27882.18704833522,-1.3622679373437308e-12,33442.11974473439,-2.7993572828587762e-15
1732.0,17.0,118.35317931766012,35276.40218519335,2.6705446881658546e-10,8791.638011981307,4.337487106244855e-13
1733.0,17.0,-43.67482167952614,27868.973940530857,-2.480064764665002e-13,33512.58730296176,-5.098761233105651e-16
1733.0,17.0,118.42966585688409,35262.85001283918,2.2224742879384252e-11,8842.295407402187,3.6111203923917327e-14
1734.0,17.0,-43.7341206391591,27853.09028255294,3.5712231782891735e-13,33583.47881161353,7.346259023309746e-16
1734.0,17.0,118.5102934227126,35249.329950247295,4.4695150358542435e-13,8892.799576095398,7.264942294964515e-16
1735.0,17.0,-43.76645725968346,27835.141282367655,-7.808514251861354e-12,33654.88072789,-1.6073024611619782e-14
1735.0,17.0,118.59339878590326,35235.8577406658,-2.7478409131420634e-10,8943.327806917267,-4.468166725361502e-13
1736.0,17.0,-43.77773039311069,27815.83101067934,-6.7976648615575286e-12,33726.92745525076,-1.4002008674919516e-14
1736.0,17.0,118.67708969545266,35222.44005921338,-9.938665619657616e-10,8994.052799071633,-1.6167068296257946e-12
1737.0,17.0,-43.776479932202825,27796.20504275924,-3.2909577840634086e-12,33799.994009734204,-6.783587590194345e-15
1737.0,17.0,118.758868233498,35209.05604385452,1.255465117283583e-09,9045.041299225506,2.043021331121473e-12
1738.0,17.0,-43.77143984874491,27777.33625832482,-3.4688189820553106e-12,33874.47411704765,-7.15506648003626e-15
1738.0,17.0,118.8360197093233,35195.68071142729,4.876768433526024e-10,9096.34033975538,7.938992605218906e-13
1739.0,17.0,-43.76963700158712,27760.103043395804,-1.9983415963653606e-12,33950.66247665092,-4.12449980168246e-15
1739.0,17.0,118.90648334290029,35182.27174010647,8.22171879188982e-11,9147.98727740584,1.3389407898344518e-13
1740.0,17.0,-43.776468823100934,27745.198656316104,6.407322589163655e-13,34028.765509521865,1.3231570149682118e-15
1740.0,17.0,118.96888033506163,35168.76811838206,1.0345474477091443e-12,9200.00660280643,1.6854500635404158e-15
1741.0,17.0,-43.796256397971966,27733.18788165869,-1.4846457396799906e-13,34108.861549685156,-3.0672252796440574e-16
1741.0,17.0,119.02207676362596,35155.11783848566,-9.497038572225946e-12,9252.428947058943,-1.547826494456533e-14
1742.0,17.0,-43.83054192224333,27724.3166480622,-3.828552058715573e-13,34190.62436859367,-7.912183279217349e-16
1742.0,17.0,119.06610567351798,35141.299314380056,-1.6950024717132806e-10,9305.295434991654,-2.763599803882976e-13
1743.0,17.0,-43.880040411589746,27718.735596761697,9.376822235340754e-13,34273.626693784834,1.938228161432505e-15
1743.0,17.0,119.10131162476817,35127.29928878253,-5.174570182064908e-10,9358.645677995217,-8.440188634747642e-13
1744.0,17.0,-43.94379199530407,27716.37128582414,8.006902432744489e-13,34357.3697779981,1.6552012225493954e-15
1744.0,17.0,119.12853365576845,35113.13373606033,-9.335061629950347e-10,9412.453589673325,-1.5232466487073533e-12
1745.0,17.0,-44.01934163868452,27716.948120192585,-7.97690906384485e-13,34441.291490411386,-1.6489666212024024e-15
1745.0,17.0,119.14915803463491,35098.846622465666,-1.3491755195688127e-09,9466.62464070631,-2.202410350549364e-12
1746.0,17.0,-44.10422283155768,27720.19201273259,4.592290089866502e-13,34524.87578710458,9.491955911713992e-16
1746.0,17.0,119.16489800204387,35084.478760020145,-1.7440792924455772e-09,9521.02379192027,-2.8482219524140665e-12
1747.0,17.0,-44.19562876940888,27725.797811823,-1.180646726217649e-12,34607.75932562981,-2.43982427367204e-15
1747.0,17.0,119.17847547683097,35070.05996621874,-2.152439202568468e-09,9575.380700556087,-3.51655178475518e-12
1748.0,17.0,-44.29085300004343,27733.475340936384,5.604197661490673e-13,34689.62939687743,1.1577952983286651e-15
1748.0,17.0,119.19305238832628,35055.61313588198,1.973613269340424e-09,9629.377079116979,3.225723375195431e-12
1749.0,17.0,-44.38742928223272,27742.968275254665,-4.016071329659976e-13,34770.28928852929,-8.294135477141806e-16
1749.0,17.0,119.21173478805463,35041.16714540298,1.3332661120968314e-09,9682.610635865243,2.1800221686105042e-12
1750.0,17.0,-44.48310557581586,27754.051152035452,-1.3409742188191798e-09,34849.656042963856,-2.7683224605052566e-12
1750.0,17.0,119.23755660537233,35026.7572363938,6.724901920052151e-10,9734.59612698837,1.1000404492428019e-12
1751.0,17.0,-44.5763335520304,27766.57192094048,1.2774755211997224e-12,34927.726939614855,2.6360458181306547e-15
1751.0,17.0,119.2734519389466,35012.426370123576,-1.0498285851756606e-09,9784.792426029151,-1.7179828243518421e-12
1752.0,17.0,-44.66775497091639,27780.595234751938,-5.729368802304124e-13,35004.785327109756,-1.1816472932707515e-15
1752.0,17.0,119.32121821161276,34998.26469098846,1.9210828101912103e-09,9832.489267307601,3.1450112767285163e-12
1753.0,17.0,-44.75854994519012,27796.236641170955,-4.8848512040899905e-14,35081.19846568036,-1.0069037803815604e-16
1753.0,17.0,119.38232418325913,34984.376312557906,5.650269037371647e-10,9876.9253840189,9.25374704589586e-13
1754.0,17.0,-44.851400000919526,27813.72254452447,6.74337213672771e-13,35157.63453162574,1.3891228062051533e-15
1754.0,17.0,119.45693205194166,34970.931962321105,1.7555960157844552e-11,9917.167294524184,2.87633862153886e-14
1755.0,17.0,-44.950360332076016,27833.376125250994,-7.461047296479506e-13,35235.06291679366,-1.5358773542672907e-15
1755.0,17.0,119.543743451776,34958.172547796494,-1.7077459932290928e-10,9952.117980365356,-2.7989631826041035e-13
1756.0,17.0,-45.058994094889876,27855.473464127597,1.140626221945995e-12,35314.30108563102,2.3461481853331198e-15
1756.0,17.0,119.64103072933378,34946.298385665854,9.222598136571225e-10,9980.939455084275,1.5120798876584094e-12
1757.0,17.0,-45.17948691823698,27880.17381965504,-8.458473721786874e-13,35395.49962101981,-1.7382777041334025e-15
1757.0,17.0,119.74632250402085,34935.320920277234,1.1195818577780514e-12,10003.820249208064,1.8361736368898162e-15
1758.0,17.0,-45.3135726073849,27907.60030476824,-6.828118799540039e-13,35478.629187121376,-1.4018489047972173e-15
1758.0,17.0,119.85687707916216,34925.20270985575,1.4345417406053107e-09,10021.232395613877,2.353406162159243e-12
1759.0,17.0,-45.46216935303978,27937.850491594978,7.391184018989971e-13,35563.21263186037,1.5158061283922717e-15
1759.0,17.0,87.26935810938683,35499.47330722889,1.11640037492311e-12,9987.888729796576,1.8018585565012176e-15
1759.0,17.0,89.62316514580179,35415.32922630075,2.884185945628559e-13,10190.368834576606,4.666106051408458e-16
1759.0,17.0,119.97045637440065,34915.79054642896,3.881676230443887e-12,10034.111672309622,6.369715878119563e-15
1760.0,17.0,-45.62546486334549,27971.004713822153,7.389362559340196e-13,35648.32377282653,1.5136363254515646e-15
1760.0,17.0,85.93120959385462,35546.29610755804,2.992484732233791e-13,9845.49949896195,4.823477104211611e-16
1760.0,17.0,91.12429223347587,35362.208394467525,8.936358597555483e-13,10292.782824092305,1.4479175795352255e-15
1760.0,17.0,120.08542985059253,34906.81325638405,-1.2290569144021712e-09,10043.85141987493,-2.017364732191276e-12
1761.0,17.0,-45.803458849755685,28007.11887924152,-6.007772404559297e-13,35733.06615478328,-1.2290446744650372e-15
1761.0,17.0,85.16620501280121,35571.73150501849,2.716935183777469e-11,9750.856638451378,4.3761974088634896e-14
1761.0,17.0,92.06595257438589,35329.375421982695,-6.152422321603623e-13,10345.697581084702,-9.9777544493648e-16
1761.0,17.0,120.20021622360065,34898.015117316936,-7.952848449233052e-13,10051.78392934357,-1.3057036330473356e-15
1762.0,17.0,-45.995459993039916,28046.143533541097,8.126260346054404e-10,35816.716893981844,1.6601227919147376e-12
1762.0,17.0,84.58526601793581,35589.87842906804,2.8434546384126236e-13,9670.71013687336,4.577648399183e-16
1762.0,17.0,92.84048646522295,35302.75038970977,-3.482405336319161e-13,10382.879574955998,-5.651886216295576e-16
1762.0,17.0,120.31318459187304,34889.221119733484,1.5328207453313425e-12,10058.923953670248,2.5172290076693462e-15
1763.0,17.0,-46.200659824451584,28088.005469659147,1.5719509027789513e-12,35898.612495519184,3.206569880097167e-15
1763.0,17.0,84.0959287591683,35604.15391074341,8.073583034756693e-13,9597.203871970552,1.299236697492197e-15
1763.0,17.0,93.54371444190467,35278.961366780146,6.379021338931423e-10,10412.584860434603,1.0360027222593368e-12
1763.0,17.0,120.42267900122953,34880.28769358852,2.2050729991951457e-10,10066.178421034609,3.6221426119532697e-13
1764.0,17.0,-46.41767093025506,28132.45855512132,3.869621637009324e-13,35978.44650220529,7.881038469450711e-16
1764.0,17.0,83.66368883101214,35616.037221300205,2.231170489249562e-12,9527.056758687817,3.589300281045475e-15
1764.0,17.0,94.21383862930043,35256.88015598575,3.791064684399714e-14,10437.711732625912,6.160840247809668e-17
1764.0,17.0,120.5265325077993,34871.31864838335,-6.686042865189368e-11,10073.78923529513,-1.0985590814090625e-13
1765.0,17.0,-46.64455424737024,28179.0871928061,2.418813413451737e-12,36056.2641675,4.9181082081252485e-15
1765.0,17.0,83.27664428581609,35626.35390523461,4.367311633862725e-13,9458.533658158854,7.023691649847775e-16
1765.0,17.0,94.86691954704087,35236.34011372167,6.479377286441879e-10,10458.829725036961,1.0535741543755832e-12
1765.0,17.0,120.62195639471982,34862.666692484214,1.2991324162270335e-11,10081.340004345324,2.13508637004205e-14
1766.0,17.0,-46.87902521597286,28227.44454340399,-4.459089347763623e-13,36131.98208547356,-9.051014154177097e-16
1766.0,17.0,82.92806049115562,35635.700554275885,5.33438310884593e-13,9390.61197369769,8.576725971115334e-16
1766.0,17.0,95.51244564676232,35217.35622010691,9.01359282351466e-13,10476.248217081704,1.4664383771713723e-15
1766.0,17.0,120.70781317607246,34854.63749084672,-2.0839779554804316e-12,10088.50570836859,-3.425746185961272e-15
1767.0,17.0,-47.11715244888394,28276.939566446817,1.2343607039277948e-12,36204.96228099037,2.501107256167854e-15
1767.0,17.0,82.61306691602621,35644.40942601611,5.364628012649586e-13,9323.57584550844,8.623246919561314e-16
1767.0,17.0,96.15128613037268,35199.97098713768,5.63575510586535e-10,10490.895297044695,9.173444547820248e-13
1767.0,17.0,120.79045636253711,34847.2893794184,2.6871387059923535e-13,10095.389617842371,4.4181831517300317e-16
1768.0,17.0,-47.35487612314469,28326.97639210779,-1.1406674216285495e-14,36274.39986073013,-2.3071798480262166e-17
1768.0,17.0,82.32753260169692,35652.732918018206,6.468220056787821e-13,9258.032090191615,1.039476303451949e-15
1768.0,17.0,96.78149224761144,35184.22686640726,-3.3085556245659314e-10,10503.841263097187,-5.387819783327103e-13
1768.0,17.0,120.8782793051492,34840.596243748514,1.508553350813846e-09,10102.211059558307,2.4808341271559194e-12
1769.0,17.0,-47.589643256621336,28377.212259244687,-7.617092720457741e-13,36339.29139317599,-1.537949750155153e-15
1769.0,17.0,82.0599641545292,35660.99033118188,-1.200071356090987e-09,9193.651756524861,-1.9281299588147498e-12
1769.0,17.0,97.41453339418302,35169.579490971766,-7.89891719740754e-12,10516.907416073029,-1.2868354546318505e-14
1769.0,17.0,120.97321413918785,34834.27058266327,7.593610202444312e-12,10110.097251330608,1.2490050992601475e-14
1770.0,17.0,-47.82031695895633,28427.55100118113,-7.550435970893332e-13,36398.44181226861,-1.5217917104360333e-15
1770.0,17.0,81.79340308430659,35669.48607104195,-1.4456118593852985e-12,9129.348721074719,-2.32208162999242e-15
1770.0,17.0,98.07404374342939,35154.96452616762,7.236393775866823e-12,10532.505041519215,1.1793919517207532e-14
1770.0,17.0,121.07027810342404,34827.775912766665,-1.4467206005223943e-09,10121.117434504918,-2.380025206093627e-12
1771.0,17.0,-48.046575737006435,28478.005316523686,-2.4717901336845927e-12,36450.74402681622,-4.973071004380747e-15
1771.0,17.0,81.51541864910449,35678.37521066761,-3.6600757147287055e-12,9064.325380237484,-5.877702947907282e-15
1771.0,17.0,98.77887186944547,35139.515230962046,-1.1415755493682234e-11,10552.484390576265,-1.861364920495428e-14
1771.0,17.0,121.16364472008024,34820.663025440066,-2.0101108277881252e-13,10137.115594129746,-3.307543762209918e-16
1772.0,17.0,-48.27073276436927,28528.937242720578,-6.487336709493086e-13,36495.52330737789,-1.3028771824617573e-15
1772.0,17.0,81.22171145531676,35687.65984937,-2.4464371500831916e-13,8998.104560422515,-3.927702856825298e-16
1772.0,17.0,99.53706288027507,35122.87899623034,8.701138767830408e-13,10577.24838190375,1.4194124815561128e-15
1772.0,17.0,121.24569302898504,34812.85977741635,-3.853393298891561e-13,10158.824273763781,-6.342000463107754e-16
1773.0,17.0,-48.49559766364594,28580.78012894807,5.307465422016433e-10,36532.23429478524,1.0639855428059456e-12
1773.0,17.0,80.91047630212734,35697.29197212834,-6.785735168213236e-13,8930.341825251036,-1.0891414013580526e-15
1773.0,17.0,100.3539210915947,35104.84048609837,1.7086540515798276e-12,10606.769925007846,2.7887511935062284e-15
1773.0,17.0,121.30778250365852,34804.41128562154,-8.506630729682163e-13,10186.713428991281,-1.4003800687427023e-15
1774.0,17.0,-48.721735643809524,28633.59226290508,-1.884467408508339e-12,36560.59272983725,-3.770816743708458e-15
1774.0,17.0,80.58581066489529,35707.15632872135,-1.5686387024385628e-09,8861.335859898167,-2.5170410212228136e-12
1774.0,17.0,101.22621757448123,35085.54968196691,4.489393232165462e-12,10640.396785941868,7.331316941284308e-15
1774.0,17.0,121.34395010304391,34795.54483916378,2.18451493873284e-12,10220.689554690383,3.597112413420089e-15
1775.0,17.0,-48.94752316050741,28687.055508074405,9.935923611648079e-13,36580.56195039286,1.984471666503321e-15
1775.0,17.0,80.2562219498435,35717.1301667391,8.241749296922229e-13,8791.89490930811,1.322103562951709e-15
1775.0,17.0,102.14353915853052,35065.47657894422,8.114340796505637e-12,10676.973504655381,1.3258553042161274e-14
1775.0,17.0,121.35108386991392,34786.66443211098,1.0113873714218125e-12,10260.079435410764,1.665817311929713e-15
1776.0,17.0,-49.1718092846632,28740.86645553556,4.655208510340181e-13,36592.32632388454,9.280297822910754e-16
1776.0,17.0,79.92897831520189,35727.16860628967,-1.1726015844079618e-09,8722.618436637835,-1.880505073808223e-12
1776.0,17.0,103.09733135682563,35045.06236303668,6.8644569195530636e-12,10715.27916639571,1.1222819524915363e-14
1776.0,17.0,121.32526117245739,34778.216606040325,7.154248981428024e-13,10304.08049500047,1.1786351119292312e-15
1777.0,17.0,-49.395579545275154,28794.840356576824,-4.39798371332234e-13,36596.94985971007,-8.7510783883575e-16
1777.0,17.0,79.6108448352615,35737.33458813395,-2.081161209512017e-09,8653.627332842836,-3.3366157595584286e-12
1777.0,17.0,104.08055619972694,35024.78636384632,1.1123846635485712e-11,10753.601551119342,1.8197097836463154e-14
1777.0,17.0,121.26110234305263,34770.74684370892,2.7556299256326078e-14,10351.379466575141,4.540770014184026e-17
1778.0,17.0,-49.62023621572116,28848.804901963762,4.020776767088563e-13,36595.735353999975,7.985548791407596e-16
1778.0,17.0,79.30747227361823,35747.749641548435,-8.871956988509844e-13,8584.845603863565,-1.4219795555253626e-15
1778.0,17.0,105.08895248553803,35005.082875290085,4.0187379465872475e-11,10790.146842428945,6.577808260841377e-14
1778.0,17.0,121.15162177835109,34764.84177848113,7.548438870491614e-13,10400.60010272351,1.2440548182197517e-15
1779.0,17.0,-49.846513015064424,28902.44190887139,-2.4093361854216067e-12,36590.370223090205,-4.776232931738386e-15
1779.0,17.0,79.02158733349575,35758.445383154285,-4.167279802486101e-12,8516.158339079368,-6.6772350468303e-15
1779.0,17.0,106.12285627389495,34986.11093511811,2.669453057040083e-10,10823.57924389602,4.371688927081253e-13
1779.0,17.0,120.98901971716877,34760.929725470116,6.109516104829682e-13,10450.851287469975,1.0070199227653507e-15
1780.0,17.0,-50.07440589475186,28955.275701922525,8.537315819567848e-13,36582.92532779372,1.689336927291047e-15
1780.0,17.0,78.75356755125891,35769.3392396363,-2.8543148747339764e-12,8447.45756322987,-4.572077628497226e-15
1780.0,17.0,107.18737552225343,34967.76269434637,-7.816663982751493e-15,10852.956752322038,-1.2807849904449059e-17
1780.0,17.0,120.76392135104507,34759.293108724385,3.1420395799064416e-14,10501.744424318445,5.179207943860972e-17
1781.0,17.0,-50.3040011108456,29006.830510703214,2.755028843948182e-12,36575.489275738306,5.44187429015354e-15
1781.0,17.0,78.50264727351868,35780.41969831923,1.889492035056506e-12,8378.567316433344,3.0256749346461198e-15
1781.0,17.0,108.29419135649187,34949.852008905225,7.282400594013638e-13,10877.404198615845,1.193855752677378e-15
1781.0,17.0,120.46252418507116,34760.29881979621,2.5590072975142236e-10,10553.240042444508,4.2180396276467684e-13
1782.0,17.0,-50.53647520187763,29056.75005909676,-3.2602241219203965e-13,36570.16252616283,-6.4286983944477e-16
1782.0,17.0,78.26433458764659,35791.95969390167,-1.9775652469744553e-13,8309.100300089473,-3.165687023912468e-16
1782.0,17.0,109.46989742988787,34932.051440009236,-2.59996878193558e-10,10896.501221056886,-4.2644858211808133e-13
1782.0,17.0,120.06298466999964,34764.5093415159,9.5664676267454e-13,10606.330512997087,1.5766603074316361e-15
1783.0,17.0,-50.77309457942634,29104.68139598112,8.927516928838863e-13,36569.04154624243,1.7574802987697107e-15
1783.0,17.0,78.03364830303993,35804.27809147387,-8.79912451495074e-12,8238.644405202816,-1.408079494938427e-14
1783.0,17.0,110.76293690820226,34913.67481146444,1.7004646388901756e-12,10909.320757209016,2.7905812706845797e-15
1783.0,17.0,119.52286037352957,34772.86532611317,6.761043547937051e-13,10662.855609999115,1.114027437106373e-15
1784.0,17.0,-51.01587265212004,29150.35765774958,5.376978701697455e-15,36573.907326980065,1.0568590264177937e-17
1784.0,17.0,77.80457533424527,35817.71278467822,-5.346013210024911e-13,8166.536464484782,-8.551746338382633e-16
1784.0,17.0,112.29181086218591,34892.776381743955,-6.055563223170829e-13,10912.95663907695,-9.943554260814164e-16
1784.0,17.0,118.73086971866908,34787.45934036633,-7.052353791009089e-12,10727.000989847429,-1.1615395763870462e-14
1785.0,17.0,-51.26758001000707,29193.602958392596,-2.3920452207545906e-12,36586.23133885313,-4.69466190072565e-15
1785.0,17.0,77.57018815894526,35832.61391546397,-1.1135236276885868e-10,8091.874194529579,-1.7805065632434688e-13
1785.0,17.0,114.64264483641873,34859.396902129214,4.920215710552123e-13,10890.458267747765,8.086990010185149e-16
1785.0,17.0,117.10914536070251,34818.290208979684,-5.2155870768066936e-14,10817.363960690402,-8.582590511780182e-17
1786.0,17.0,-51.52946221758745,29234.189179897985,-1.0669000405361118e-12,36606.847720363774,-2.091006154091973e-15
1786.0,17.0,77.32498997499603,35849.20340187666,-1.9525185758571123e-09,8014.327385880911,-3.120601385849771e-12
1787.0,17.0,-51.79760313906508,29271.79417873005,-1.4530867828432825e-12,36634.03170424424,-2.844230846077057e-15
1787.0,17.0,77.06724228482213,35867.31190311125,-6.932910278853455e-11,7935.717894412481,-1.1074889018563804e-13
1788.0,17.0,-52.067058269844836,29306.09919501638,-6.261545101859944e-13,36665.39405989956,-1.2241823969134607e-15
1788.0,17.0,76.79616056326381,35886.66229553177,-2.6671208501298505e-09,7858.382173771099,-4.258260824184016e-12
1789.0,17.0,-52.332484928606,29336.98197118578,6.431175036958336e-13,36698.38842185332,1.2560228154672389e-15
1789.0,17.0,76.51403351721115,35906.74902408367,9.403749480496604e-13,7784.495584125885,1.5005400696938915e-15
1790.0,17.0,-52.58824844206586,29364.535919304166,9.723732236066596e-13,36730.30359446474,1.8972846013059844e-15
1790.0,17.0,76.22592386298389,35926.85713132489,-2.119378277043449e-09,7716.056895305501,-3.3799625172450944e-12
1791.0,17.0,-52.829820133797824,29388.904957786624,-1.2164956542104477e-12,36758.80317667282,-2.371645588101354e-15
1791.0,17.0,75.93662880336663,35946.356806757365,1.898671046773881e-10,7654.742639521359,3.026338336556528e-13
1792.0,17.0,-53.055565613823916,29410.2220066194,-2.8274544164319515e-12,36783.17531253869,-5.50832988580345e-15
1792.0,17.0,75.65103063021708,35964.919681268475,-5.170660557704543e-10,7601.08121381523,-8.23738881879193e-13
1793.0,17.0,-53.26465142931228,29428.623871839078,-6.80859882362661e-13,36803.14249216375,-1.3255936760428724e-15
1793.0,17.0,75.37379996958015,35982.31305789751,7.142644965069112e-10,7555.292335767186,1.137346035537883e-12
1794.0,17.0,-53.45714827926452,29444.20204433148,-2.80916869627168e-12,36818.988774226134,-5.466390632502179e-15
1794.0,17.0,75.10843244525569,35998.3836454344,-1.2990629839199075e-10,7517.265497523749,-2.0676157861249347e-13
1795.0,17.0,-53.63393143543619,29456.99104799033,1.12028095133887e-12,36831.565557367125,2.179019923523286e-15
1795.0,17.0,74.8573900662828,36013.05152406188,6.783292096426696e-10,7486.564956993084,1.0792032107304803e-12
1796.0,17.0,-53.79568458282849,29467.024535648998,1.4677772885995921e-12,36841.550000691364,2.8539509919018643e-15
1796.0,17.0,74.6229123868596,36026.24655215574,-1.4960590231927196e-10,7462.848637707023,-2.379317196070157e-13
1797.0,17.0,-53.94242708233362,29474.35752255256,6.749288627982963e-13,36848.78894956958,1.3120074044130548e-15
1797.0,17.0,74.40648044140968,36037.885699829996,2.1168851827707558e-10,7446.204079609113,3.3655855312043557e-13
1798.0,17.0,-54.07405782550356,29479.057563557617,-9.39135921806944e-13,36852.9441049002,-1.8253136007707643e-15
1798.0,17.0,74.2094181457079,36047.89170609143,-5.677848260998708e-10,7436.810464080196,-9.024570555285686e-13
1799.0,17.0,-54.19119259603944,29481.253260457066,4.237318829147796e-12,36854.08513917585,8.23508021238444e-15
1799.0,17.0,74.03227817361099,36056.25130972645,-2.7555041581805995e-13,7434.383460526675,-4.37867922924944e-16
1800.0,17.0,-54.29512293891688,29481.12927503671,-2.4254383224064924e-13,36852.688559379545,-4.713773955085702e-16
1800.0,17.0,73.87488751086063,36063.01059431129,2.822619672715465e-10,7438.177576062787,4.4844895573611604e-13
1801.0,17.0,-54.38741888009389,29478.93588646045,-1.3392412179236146e-13,36849.188400254156,-2.602972842456852e-16
1801.0,17.0,73.73657347101754,36068.24795362875,-5.350113425200975e-10,7447.298089673663,-8.498858041965316e-13
1802.0,17.0,-54.47080661162122,29475.186696221914,-3.856770838459034e-09,36843.76427214105,-7.497041286634459e-12
1802.0,17.0,73.61433607064421,36072.148689654925,-5.615540324410695e-11,7460.310572183299,-8.919534099351592e-14
1803.0,17.0,-54.548226561380794,29470.453456085314,1.0670631045428536e-12,36836.52966303783,2.0745596078301304e-15
1803.0,17.0,73.50471161852929,36074.90821672711,-8.799037887197159e-13,7475.67303386042,-1.3975024736953989e-15
1804.0,17.0,-54.622018873016316,29465.19478394728,-1.6417804615809217e-12,36827.556526611166,-3.1924815710661797e-15
1804.0,17.0,73.40469149444436,36076.63320066308,1.0080376637577881e-10,7492.257982542606,1.6009338621567186e-13
1805.0,17.0,-54.69393972024529,29459.757111869174,1.4297417416653246e-13,36816.87543626787,2.7806803457351784e-16
1805.0,17.0,73.3116709451104,36077.3439795402,3.225908481313544e-10,7509.348099448361,5.123185930193265e-13
1806.0,17.0,-54.76547487283537,29454.437807662267,-6.84828929675696e-13,36804.450457339386,-1.3321526492918335e-15
1806.0,17.0,73.22330266369987,36077.053759079165,-2.710373297326596e-10,7526.4363489967045,-4.3044798469079387e-13
1807.0,17.0,-54.83723264112106,29449.3625420965,4.01170589803268e-12,36789.991607932694,7.805052359841303e-15
1807.0,17.0,73.13814445782788,36075.7982269515,-6.193519135055947e-11,7543.774677475063,-9.836580871746624e-14
1808.0,17.0,-54.90959495442435,29444.61285883969,2.43083331241678e-13,36773.14849377768,4.730117871441962e-16
1808.0,17.0,73.05496928838188,36073.61557650565,-1.2251987618894233e-12,7561.801349468981,-1.9459850918475028e-15
1809.0,17.0,-54.982755973678515,29440.23782629688,7.732842248475702e-10,36753.62986344724,1.504944447433635e-12
1809.0,17.0,72.97270547330692,36070.5355984202,1.1866393284654109e-12,7580.8980710372225,1.884902017598098e-15
1810.0,17.0,-55.05672387862926,29436.253894020323,-1.3518648006582978e-12,36731.203811949126,-2.6313180960077685e-15
1810.0,17.0,72.89043838178716,36066.580697535064,6.928109995418819e-11,7601.389971284414,1.1006074184543577e-13
1811.0,17.0,-55.13141703258231,29432.6622969934,-9.970080316890062e-13,36705.5958289306,-1.9408489717989545e-15
1811.0,17.0,72.80716422045604,36061.77592179591,1.679869160442493e-10,7623.671442593014,2.6690147827513454e-13
1812.0,17.0,-55.20642411927448,29429.409087129134,-8.03536404081484e-12,36676.348592046525,-1.5643958226508482e-14
1812.0,17.0,72.72155010526201,36056.166910974585,-1.3396938246257317e-10,7648.426089498126,-2.12886750220336e-13
1813.0,17.0,-55.28128916250435,29426.432223543798,8.209011595483595e-12,36642.96463264171,1.5983647450772112e-14
1813.0,17.0,72.63215175765674,36049.79808597212,-2.7076516376234316e-11,7676.39524152677,-4.303408603219781e-14
1814.0,17.0,-55.356288028127814,29423.803397300628,3.633126785529406e-12,36605.04769473412,7.074640502317368e-15
1814.0,17.0,72.53780518838752,36042.68137417104,9.16097059322496e-13,7708.038492712656,1.4562871884759163e-15
1815.0,17.0,-55.432427325779436,29421.730263031855,3.6359370375604882e-12,36562.30147797646,7.080611675964977e-15
1815.0,17.0,72.43763675254617,36034.79850249558,9.285915786305665e-12,7743.534145437072,1.4764722034795708e-14
1816.0,17.0,-55.51083122155441,29420.458179267054,-9.149521418283513e-13,36514.42062375195,-1.781851793870521e-15
1816.0,17.0,72.33070617854789,36026.12108477304,7.984828943874422e-11,7783.058485878436,1.2699035723034713e-13
1817.0,17.0,-55.592952485835404,29420.350007259534,-3.2579806907850895e-12,36461.04757770851,-6.344878401210089e-15
1817.0,17.0,72.21588290447767,36016.593591415185,-6.719470119209703e-11,7826.837070699496,-1.0689441726847566e-13
1818.0,17.0,-55.68030564218157,29421.79503729849,-1.0241358108786791e-11,36401.834023473995,-1.9943942759837966e-14
1818.0,17.0,72.09204463985455,36006.16220572118,-3.4544450633333668e-12,7875.082244712786,-5.496979143679886e-15
1819.0,17.0,-55.773437826967644,29424.95846825992,2.3984911279306687e-11,36336.95310985787,4.670301199515216e-14
1819.0,17.0,71.96063209901584,35995.02854222532,1.7182453376785034e-12,7927.528606714488,2.7350500889732823e-15
1820.0,17.0,-55.87191731924906,29429.777096640195,9.859130872813537e-12,36267.099749282126,1.919438896272975e-14
1820.0,17.0,71.82579593041574,35983.66647619988,4.967973601943676e-11,7983.443514752495,7.910364562545229e-14
1821.0,17.0,-55.974780988123506,29436.10114687584,-1.5578285189610241e-12,36193.121387154,-3.0322289931068397e-15
1821.0,17.0,71.6923293384002,35972.60467107223,-3.125644968543506e-11,8041.94584332262,-4.978406945823917e-14
1822.0,17.0,-56.07904810333441,29443.46022282625,2.8772643989594116e-13,36116.38393956578,5.59903983281879e-16
1822.0,17.0,71.56665826317486,35962.47557009741,4.540890233273309e-13,8101.610576924536,7.234592209638357e-16
1823.0,17.0,-56.18135148935794,29451.313464798306,-1.7998678936148593e-11,36038.34254688904,-3.501535987808927e-14
1823.0,17.0,71.45554067788083,35953.95244385022,3.179182611612319e-12,8160.9130132826795,5.066306582878104e-15
1824.0,17.0,-56.28235727966403,29459.688393198343,4.020694888140497e-11,35959.55856338616,7.819799202406454e-14
1824.0,17.0,71.35700692772208,35947.45834555933,2.1391056460873248e-11,8218.668033521846,3.409468460196413e-14
1825.0,17.0,-56.38680892221782,29469.199717621737,1.5836176120442857e-11,35879.69955236694,3.0789640167414064e-14
1825.0,17.0,71.25982055689279,35943.10545985506,3.290945120582034e-11,8274.00035378574,5.245992621008287e-14
1826.0,17.0,-56.49906388344205,29480.489544434626,-1.8865478276786085e-10,35798.92035163267,-3.666534377342578e-13
1826.0,17.0,71.15274408478949,35940.77247206186,-8.28931671567612e-12,8326.265046836786,-1.3214598078677303e-14
1827.0,17.0,-56.62118523805621,29494.160251049867,-5.792980678487325e-12,35719.48960729156,-1.125352750690168e-14
1827.0,17.0,71.02763056434146,35939.66097900158,3.3682865524520267e-13,8375.742736427675,5.369794772380539e-16
1828.0,17.0,-56.75440953379608,29510.75524129155,6.691387895163547e-11,35644.2239426091,1.2991476576694331e-13
1828.0,17.0,70.87716651996776,35938.79667330013,9.051242177635088e-12,8422.914227870026,1.4430031724311212e-14
1829.0,17.0,-56.89738992393987,29530.29753028266,1.992066060718667e-11,35576.181552257345,3.865080521907586e-14
1829.0,17.0,70.70235384067388,35937.57693204274,-1.2882689408516904e-11,8468.112269728788,-2.0539051179818913e-14
1830.0,17.0,-57.046202180061854,29552.286355039636,-8.34339541899709e-13,35518.660390448575,-1.6176120472512837e-15
1830.0,17.0,70.51298096325594,35935.83270843628,3.4365305739969543e-13,8511.54995036843,5.479174495696933e-16
1831.0,17.0,-57.19730119699035,29576.28160066026,-4.6546044796258457e-11,35474.21484382631,-9.01699529325871e-14
1831.0,17.0,70.31702688606981,35933.50764222666,1.0852006359501898e-11,8553.606655069594,1.730346421616576e-14
1832.0,17.0,-57.349674163606345,29602.30759504057,5.033604869725261e-11,35442.359518222205,9.742629484063395e-14
1832.0,17.0,70.1124714180482,35930.691787494834,-1.4455971142357527e-13,8595.294354403073,-2.3051772565878175e-16
1833.0,17.0,-57.50275445487433,29630.475273891727,4.0060879960557294e-13,35421.85398366676,7.746481702042158e-16
1833.0,17.0,69.89477591665343,35927.489402491694,2.219718332752141e-12,8637.769773256754,3.5399214999335013e-15
1834.0,17.0,-57.65112995763949,29660.05312397999,-2.270260173430072e-11,35411.42711537255,-4.385572938472435e-14
1834.0,17.0,69.66721095373595,35924.16770498116,-1.8742507545965736e-12,8682.59268885923,-2.9892594553471995e-15
1835.0,17.0,-57.7847578113702,29689.486062482156,8.711317333719854e-11,35409.75533726153,1.6811396336430094e-13
1835.0,17.0,69.44162040364458,35921.21132459489,-4.412095688799411e-13,8731.80074183524,-7.037470409662558e-16
1836.0,17.0,-57.89647958264354,29717.620818705946,2.6306171108624044e-11,35415.4724143925,5.0718480758203984e-14
1836.0,17.0,69.2312416389864,35919.25812225381,-4.1759685986964e-12,8786.856471650677,-6.6612003864363565e-15
1837.0,17.0,-57.99009115686924,29744.908706635462,5.02701179294629e-14,35427.14574292673,9.683222165481469e-17
1837.0,17.0,69.05091421424777,35919.34813583822,6.483320824646199e-13,8846.581900912428,1.0341694372534446e-15
1838.0,17.0,-58.072120917281275,29772.23770496316,-1.9272079591903246e-12,35443.19977897584,-3.7088539800022676e-15
1838.0,17.0,68.91638546326702,35922.64590013772,1.621647260918735e-12,8909.298651930732,2.5864894297565505e-15
1839.0,17.0,-58.1497809890744,29801.10589985949,-3.0365814029931215e-11,35459.00544976619,-5.83814906480502e-14
1839.0,17.0,68.82714663532667,35929.57566756931,-7.003911339786839e-13,8974.684669205219,-1.1168920099878037e-15
1840.0,17.0,-58.23094863165927,29833.62304800065,-9.835634433644214e-11,35466.87897606552,-1.8889436960930087e-13
1840.0,17.0,68.76440216442212,35939.708072542475,6.742523206426654e-14,9043.61807536837,1.0749061239381769e-16
1841.0,17.0,-58.321686485590206,29871.19255889647,8.790830823696139e-11,35461.26476973233,1.6861647007169545e-13
1841.0,17.0,68.71088509243958,35952.610224093914,1.2600649690330812e-12,9116.388660008906,2.0080991112432596e-15
1842.0,17.0,-58.42085201274421,29912.23107780628,2.0043549285586604e-11,35445.63500603975,3.83926821620018e-14
1842.0,17.0,68.66458759785151,35968.34789448034,4.872248438037019e-13,9191.130624423899,7.76124811341608e-16
1843.0,17.0,-58.52548463538615,29954.408418619034,3.88560711384045e-13,35425.6520812832,7.432257895324854e-16
1843.0,17.0,68.62768839315683,35987.15357840293,-6.051062428902299e-13,9265.489453731427,-9.634002811335117e-16
1844.0,17.0,-58.632538673357,29995.719313150454,-2.3265335838407175e-11,35405.59610597229,-4.4439859520581174e-14
1844.0,17.0,68.60217477371353,36009.74594593119,1.6854781459407775e-12,9337.928770234485,2.6817957663167937e-15
1845.0,17.0,-58.738873872494196,30034.47844420664,-1.2311741730275383e-10,35388.367792030804,-2.3486701822050115e-13
1845.0,17.0,68.5897539609428,36037.32846203682,2.3275825711266407e-13,9407.727486609825,3.7006255315027794e-16
1846.0,17.0,-58.842401408669055,30069.604356936543,9.050283439338003e-11,35375.94669930277,1.7244757806452201e-13
1846.0,17.0,68.5890215717063,36070.71285581563,3.7302452793319674e-13,9474.458339539186,5.925231139973482e-16
1847.0,17.0,-58.94546765791132,30102.472554513664,1.0065314900997713e-11,35366.88084873057,1.915789682236035e-14
1847.0,17.0,68.58532766927628,36108.97622894089,4.0778491694482e-13,9538.705013992398,6.470511526523081e-16
1848.0,17.0,-59.0513104324377,30135.005868773744,1.240637800825617e-12,35358.90392166092,2.3588284734783236e-15
1848.0,17.0,68.55989335852031,36150.63757501343,-2.2326168691577664e-12,9601.222973398322,-3.538513632215075e-15
1849.0,17.0,-59.15887027200533,30167.517154436064,-4.701346430213693e-11,35350.489467352796,-8.92905130711198e-14
1849.0,17.0,68.50540119171487,36193.79105406087,7.886330477546721e-13,9662.134066446182,1.2484280840708483e-15
1850.0,17.0,-59.26286501962726,30198.715024640696,1.6209197525873797e-10,35340.83264509813,3.075358030196566e-13
1850.0,17.0,68.42735829193956,36236.216009156735,1.0370281022797911e-12,9720.982568329055,1.639722356276897e-15
1851.0,17.0,-59.36036928772157,30227.80301005455,8.518341240715266e-11,35329.484393606544,1.6146228072972256e-13
1851.0,17.0,68.33143665399263,36276.19591198263,-7.637987464725882e-14,9777.491448815059,-1.2063680733350164e-16
1852.0,17.0,-59.45831899836162,30256.203311841477,3.6038151629558257e-12,35317.35355788501,6.8244979997806824e-15
1852.0,17.0,68.21961823257071,36313.93383549008,4.784065504859214e-12,9832.114854154317,7.548253064080551e-15
1853.0,17.0,-59.56581904123581,30285.80952312006,-9.360394404023253e-13,35305.673133311444,-1.770832949071374e-15
1853.0,17.0,68.09314414711376,36350.10484298083,-9.520925714490147e-13,9885.456204066202,-1.5007078049823026e-15
1854.0,17.0,-59.68752759405945,30316.95809892843,-9.210784565616414e-11,35294.83974269987,-1.7407388956767171e-13
1854.0,17.0,67.95594164395258,36385.005428970195,-5.190847751634919e-13,9937.177185303395,-8.174072389359848e-16
1855.0,17.0,-59.82376335766663,30348.443717453087,1.4223897060183788e-10,35284.39963492685,2.685374173926387e-13
1855.0,17.0,67.81491485905865,36418.58090184726,-2.9166946635683644e-13,9986.01997998395,-4.588709669967406e-16
1856.0,17.0,-59.97352630111481,30378.899473604648,-5.187170137865849e-13,35273.733789669845,-9.783203528298896e-16
1856.0,17.0,67.67413549594586,36450.64046097881,5.479297571220343e-12,10030.78847896636,8.61276020275387e-15
1857.0,17.0,-60.13108701351934,30406.563178489934,-3.235181220140326e-11,35261.687975539666,-6.096125655041239e-14
1857.0,17.0,67.52372559400396,36480.28186609182,1.1505588148885693e-12,10070.506665850302,1.8070629063851333e-15
1858.0,17.0,-60.289770993891395,30429.649894045495,1.7985457567704088e-10,35246.91293255379,3.386469495472962e-13
1858.0,17.0,67.3498413660006,36506.379698906865,1.4762774336318785e-12,10104.190102518456,2.316977663497098e-15
1859.0,17.0,-60.44733086919397,30447.95902601968,1.0564174535154791e-11,35227.34750308328,1.9879250835390845e-14
1859.0,17.0,67.13374321781347,36527.98051706707,1.1323719739664284e-12,10130.48489619993,1.7761763456060797e-15
1860.0,17.0,-60.605949631682975,30462.87479827709,-1.626476037186464e-11,35200.241562614996,-3.059140446430163e-14
1860.0,17.0,66.85207561852289,36544.29387091878,-8.150147223773274e-13,10147.63416101305,-1.2778165586723188e-15
1861.0,17.0,-60.76732473410313,30475.552290188072,1.9548571095207024e-10,35163.77424985436,3.675243055816278e-13
1861.0,17.0,66.49325365517453,36555.00687824634,-1.2917583669391774e-12,10154.736298632653,-2.024683043360899e-15
1862.0,17.0,-60.930220823091915,30485.91645791347,2.0597946959188818e-11,35119.96965865851,3.8712151856254906e-14
1862.0,17.0,66.09048651559168,36561.8368106643,8.772149673319518e-14,10154.835170600432,1.3746769784598802e-16
1863.0,17.0,-61.092625054684426,30493.596506596485,-1.3110644514480185e-11,35071.80646385494,-2.463417515259507e-14
1863.0,17.0,65.68637047791,36567.0610737003,1.1540955691113908e-11,10152.091310787926,1.8083160998790158e-14
1864.0,17.0,-61.253353182286254,30498.620385748265,2.0728690292015628e-10,35021.889409371186,3.8941645672644376e-13
1864.0,17.0,65.3108438066497,36572.76118332379,-5.478603681829952e-13,10149.295916659332,-8.582914126178158e-16
1865.0,17.0,-61.41204391367306,30501.40610136664,4.326220631734046e-11,34972.44848405885,8.126647755746427e-14
1865.0,17.0,64.9817825405213,36580.79768009547,2.129039999854143e-12,10147.765942626967,3.3346732204407587e-15
1866.0,17.0,-61.568395482952305,30502.234943916563,-3.048207519729118e-12,34924.803149680476,-5.725791119294738e-15
1866.0,17.0,64.70705468524437,36592.1281010152,1.4698464667617372e-11,10148.447873085212,2.3014785815457153e-14
1867.0,17.0,-61.72259912751967,30500.849501537316,-1.6361573207390734e-10,34876.659438417344,-3.073517971788179e-13
1867.0,17.0,64.46025796893234,36604.17224928929,-8.804068585277491e-13,10150.946350187163,-1.3780832661498252e-15
1868.0,17.0,-61.875258733844056,30496.946342922136,8.972701054377197e-11,34824.89753292043,1.6857356650322837e-13
1868.0,17.0,64.20811931823842,36613.52830273314,1.3528733688872308e-11,10154.38027938046,2.1170845271171904e-14
1869.0,17.0,-62.03071995499574,30491.61668917385,5.247191570134646e-14,34768.39682756672,9.859822597470957e-17
1869.0,17.0,63.93800922596129,36619.04082415914,6.302319777162779e-13,10157.016271832932,9.8608897515149e-16
1869.0,17.0,129.26913149318554,35645.09995078187,2.73232964032033e-11,14982.705368357674,4.391934847847698e-14
1869.0,17.0,130.36292460430866,35526.66290753794,4.4982635671875215e-11,14883.412730225507,7.254594055402335e-14
1870.0,17.0,-62.19700370546632,30487.31546671428,-1.2056183829045608e-10,34708.06633768272,-2.2657568889342168e-13
1870.0,17.0,63.65739163565194,36621.833226335766,3.6029373928769814e-12,10156.365758623977,5.63688620353575e-15
1870.0,17.0,128.02934218229595,35787.31063800349,-3.758937605624624e-13,15141.691635391739,-6.018090111152237e-16
1870.0,17.0,131.9282544752235,35360.57230007691,-1.4068718412474368e-11,14783.492781098403,-2.2795959899976498e-14
1871.0,17.0,-62.379133152943986,30485.86575784243,8.275861940187923e-11,34644.74172536437,1.5553829593431739e-13
1871.0,17.0,63.375890565662296,36623.20437891051,1.1112083475595114e-12,10150.982642684117,1.738448329538562e-15
1871.0,17.0,127.5485275362794,35849.1923622205,9.815481760711009e-13,15229.00453245298,1.5687541105362433e-15
1871.0,17.0,132.7213862343855,35277.137225100414,-4.881669374290354e-11,14748.489151465428,-7.92862103124669e-14
1872.0,17.0,-62.569293278673335,30486.38646335936,-8.498757253505573e-13,34578.45077127027,-1.5972470936078502e-15
1872.0,17.0,63.108446846703224,36624.72822030748,1.2732592757913608e-12,10143.60897230097,1.9918887121810355e-15
1872.0,17.0,127.26633519243593,35891.05654087957,-5.678679748655213e-12,15293.17933051725,-9.065333098616586e-15
1872.0,17.0,133.29622386795577,35217.54716656829,-8.632525944074487e-11,14727.45875248477,-1.404434274747507e-13
1873.0,17.0,-62.756783711722605,30487.384655346446,1.9431911635336974e-10,34508.91543974207,3.6518925357564895e-13
1873.0,17.0,62.87030532823718,36627.9864139184,9.447304050169691e-13,10137.983144297425,1.4778061882372143e-15
1873.0,17.0,127.06405914124046,35925.75824242908,-2.8706204080464204e-13,15343.249237264748,-4.578175716022448e-16
1873.0,17.0,133.7645441089454,35170.113667852114,-6.993530060617204e-11,14709.129099818141,-1.1393189119474001e-13
1874.0,17.0,-62.94070819260165,30488.597190080854,1.4450260432674611e-11,34434.65365058235,2.7155691371937025e-14
1874.0,17.0,62.66573816657299,36633.23685119503,-1.8525736500407675e-12,10136.164148643407,-2.8974958400657774e-15
1874.0,17.0,126.90684559023178,35956.89070391393,5.409284131729919e-13,15381.611133974266,8.619464722000459e-16
1874.0,17.0,134.15597894364188,35131.74320867083,-8.332588091741755e-13,14690.517545972414,-1.358948023848526e-15
1875.0,17.0,-63.13028810429308,30491.00789160457,-2.8784238881307544e-11,34353.04390924276,-5.408858278015091e-14
1875.0,17.0,62.488464538432915,36639.404042321396,-1.0862699628688688e-12,10138.497324489066,-1.6986816764903777e-15
1875.0,17.0,126.79695076298111,35983.680631059775,-4.785338791890581e-13,15408.149097365662,-7.619557296729139e-16
1875.0,17.0,134.46458602669077,35103.03445163468,-6.16585005275283e-10,14672.816943342967,-1.0064007019678088e-12
1876.0,17.0,-63.33334029718441,30495.587395824838,1.2668169291352172e-10,34262.50126045341,2.3801234753428244e-13
1876.0,17.0,62.33073439024972,36645.43094498529,1.3109902052832467e-11,10145.024795054616,2.0497563764084584e-14
1876.0,17.0,126.73733335719123,36005.4258116242,-5.982048190134037e-12,15423.064611761067,-9.519290673904454e-15
1876.0,17.0,134.68573799728978,35084.595866454896,-1.5656052843038282e-13,14657.39047398557,-2.5567509888222817e-16
1877.0,17.0,-63.548821111159526,30502.87280147173,-2.240790886176569e-12,34165.63008373508,-4.209041600275187e-15
1877.0,17.0,62.180444605996854,36650.609750620766,-1.0741227352006888e-11,10154.928995221362,-1.679172592892679e-14
1877.0,17.0,126.72347200094838,36022.96559785211,-4.990924340475544e-12,15428.570568521065,-7.938238727224975e-15
1877.0,17.0,134.8304180652538,35075.88062402757,-4.883308167558109e-12,14645.190895587932,-7.976790406544505e-15
1878.0,17.0,-63.772971065384986,30513.15176273822,1.54963222809279e-10,34066.039137644104,2.909807127023685e-13
1878.0,17.0,62.02471073185482,36654.299816610466,-1.1443901382079957e-12,10167.202563013327,-1.7888412918475022e-15
1878.0,17.0,126.75072494688395,36037.322913027274,1.0039330478051056e-12,15427.172704719374,1.5961542618401472e-15
1878.0,17.0,134.91151147736636,35076.209625975884,-8.743982100878345e-14,14637.118465460891,-1.4282993398102246e-16
1879.0,17.0,-63.99851504185474,30524.885648159012,-8.227825504247832e-10,33966.69733736575,-1.5443781883321519e-12
1879.0,17.0,61.85967978637244,36655.932126086336,3.209314758390036e-11,10182.417516572,5.0163828913775606e-14
1879.0,17.0,126.79583124238735,36051.15273340447,-2.298022883095996e-13,15421.430368890633,-3.6522275279116165e-16
1879.0,17.0,134.95468912815826,35082.76452985459,1.8987806119086237e-12,14631.001459685296,3.1010131824432636e-15
1880.0,17.0,-64.21459730181162,30534.737452795674,-1.0131005756530698e-10,33869.90144763175,-1.900995130445456e-13
1880.0,17.0,61.69060044094263,36655.03070219236,-3.9674485918794744e-11,10202.767821792475,-6.201551475885662e-14
1880.0,17.0,126.8152159963941,36069.02795912448,-2.799982468104645e-13,15414.095097872014,-4.447782133602967e-16
1880.0,17.0,134.99994764510777,35090.35197093631,-1.021084600002677e-09,14621.458739632906,-1.6672342914774186e-12
1881.0,17.0,-64.41235967405684,30540.018163289402,2.7789201495487248e-11,33777.48729587325,5.2135003758575433e-14
1881.0,17.0,61.521965449285005,36651.23691843025,1.3111317587188864e-12,10229.761391538168,2.049652957889166e-15
1881.0,17.0,126.77595880498652,36094.57621843562,-7.138595270461678e-13,15406.983967129927,-1.1331657647793588e-15
1881.0,17.0,135.07713695459216,35095.03375999985,-1.1555448438393956e-12,14604.222301290969,-1.8865302436483948e-15
1882.0,17.0,-64.59326171759744,30541.02534811713,-4.979780476865869e-12,33689.80295115456,-9.342201218651912e-15
1882.0,17.0,61.35389735037361,36644.645079450616,8.521715277876041e-11,10261.851412684136,1.3324138317504226e-13
1882.0,17.0,126.6928362480174,36126.58859029169,-2.2153112677614217e-12,15398.096591473315,-3.5134229636233818e-15
1882.0,17.0,135.17246787533995,35098.841699332836,-2.5422498307892116e-12,14580.179385158757,-4.1499997925811395e-15
1883.0,17.0,-64.76136728012098,30538.778250694733,1.1923026455029628e-10,33606.85455656787,2.2369562046264383e-13
1883.0,17.0,61.18555099552017,36635.45500288262,-9.720583366013003e-11,10296.810167896634,-1.5202442585571647e-13
1883.0,17.0,126.59131901648146,36162.67895147168,-6.505629368547261e-13,15384.64362928085,-1.0307452785627973e-15
1883.0,17.0,135.2625697189023,35105.19041645465,-1.3069849889857377e-11,14551.420020072683,-2.1331524731093576e-14
1884.0,17.0,-64.91739168917006,30533.422486868734,1.782030079056085e-11,33528.602946558036,3.343968483689919e-14
1884.0,17.0,61.01690948092335,36623.58371388809,-4.830441602265978e-13,10334.163217055258,-7.556986207477545e-16
1884.0,17.0,126.4854015426897,36201.21696513303,-2.2372717567442635e-10,15365.80980691104,-3.5409370190158915e-13
1884.0,17.0,135.336859061845,35115.41043960127,-2.7710585562279455e-12,14519.637426729638,-4.521375603129058e-15
1885.0,17.0,-65.05864613892629,30524.236601152294,-1.81230030982249e-12,33454.937584887215,-3.401793804702729e-15
1885.0,17.0,60.84865390487321,36608.66095216676,2.19689919034316e-10,10375.18590259196,3.438340773699364e-13
1885.0,17.0,126.37847111515968,36241.27074246576,4.04717925839293e-13,15342.6582836799,6.398403965650362e-16
1885.0,17.0,135.3966741017037,35128.8038226959,-9.008072066052364e-14,14486.210927881773,-1.4692345163231439e-16
1886.0,17.0,-65.18524035076591,30511.0506612011,-5.3364604402084126e-11,33385.670036807765,-1.0021177708943276e-13
1886.0,17.0,60.67999003528068,36590.36648564879,-2.15701380368305e-10,10420.497399173295,-3.3776045219708796e-13
1886.0,17.0,126.27888808583701,36281.4073345639,1.2289891326844327e-12,15315.653335685198,1.9408257711982142e-15
1886.0,17.0,135.43809957744574,35145.412592883724,-9.305195503017671e-13,14452.85053909182,-1.5169787193648655e-15
1887.0,17.0,-65.30892499086694,30495.96647022908,8.707566612198292e-11,33320.37435174128,1.635976407552244e-13
1887.0,17.0,60.504294025421984,36568.620413481636,-1.5228790450905194e-13,10467.750764555596,-2.3860495967857706e-16
1887.0,17.0,126.21666093413168,36318.06984841513,-5.334899189080033e-13,15282.590792473717,-8.41639461947866e-16
1887.0,17.0,135.4341214817494,35168.6525549235,-4.806606501706057e-13,14422.63172651214,-7.830788111594662e-16
1888.0,17.0,-65.44409319270972,30481.545351429933,7.0881078784168494e-12,33258.62391949828,1.3323427716162755e-14
1888.0,17.0,60.312950078926065,36543.37073393717,7.413917813003934e-10,10513.911002705081,1.1624165801090036e-12
1888.0,17.0,126.22741277842464,36347.09085197518,-6.72559230530112e-13,15240.758076303508,-1.0601895359074532e-15
1888.0,17.0,135.35202977557904,35202.86273590255,-2.456429157304818e-12,14398.876215747005,-3.998056193393132e-15
1889.0,17.0,-65.59708698963553,30468.787775379467,-6.333100710520512e-12,33199.942886622666,-1.190923461147148e-14
1889.0,17.0,60.09596454009357,36514.763045388274,-6.933736224068454e-11,10558.8629213617,-1.0879813772919247e-13
1889.0,17.0,126.30955802055539,36369.00704636436,-2.971234369653075e-13,15191.260677364282,-4.680886368668477e-16
1889.0,17.0,135.19379653331677,35248.28719951418,-9.934102151998303e-13,14381.73985259536,-1.6147795305332633e-15
1890.0,17.0,-65.76616748835814,30457.17079969326,8.079539814964676e-11,33143.765354266696,1.5199163929239555e-13
1890.0,17.0,59.84132059271086,36483.086906297234,1.121714408858221e-09,10605.32823472713,1.7616245470581258e-12
1890.0,17.0,126.41891659714379,36389.83777170509,9.830053437909214e-13,15139.241165017933,1.5477413719557587e-15
1890.0,17.0,135.00071849459817,35300.361714805345,-1.7086818884706062e-12,14367.93383403789,-2.7733500730319305e-15
1891.0,17.0,-65.95025067257143,30446.458018565536,5.528438817847814e-12,33089.8979926425,1.0403713015347247e-14
1891.0,17.0,59.53830067732622,36448.510299231195,-5.654386681097634e-12,10654.679938362025,-8.888497496939207e-15
1891.0,17.0,126.51924016699685,36414.55027074616,3.089886679852327e-11,15088.50188497904,4.86172325658112e-14
1891.0,17.0,134.8065362010752,35355.24058162956,-9.441195221449039e-12,14354.619498110933,-1.530015440000092e-14
1892.0,17.0,-66.1521226283145,30437.778280836814,-1.680001970871814e-11,33039.632316734576,-3.162419464932407e-14
1892.0,17.0,59.188458002890954,36411.245027402336,1.3063197155938067e-09,10703.343252083034,2.0555904183426626e-12
1892.0,17.0,126.64101791246253,36439.06472783497,6.143280328885226e-13,15035.275315779745,9.659524409856523e-16
1892.0,17.0,134.58303518968157,35416.404248353756,1.1553431822353133e-12,14343.068911562941,1.869085516618316e-15
1893.0,17.0,-66.37516512709942,30432.488767779316,2.2694568446723906e-11,32994.6513406225,4.272746142421175e-14
1893.0,17.0,58.797654672932616,36371.59886656728,-7.887787645266542e-14,10746.801673735787,-1.242554509157491e-16
1893.0,17.0,126.8412419798521,36455.59737359471,1.3656992203792129e-12,14973.435314871682,2.1464139130720293e-15
1893.0,17.0,134.27746779008706,35490.49047496265,-2.947921767804118e-11,14336.2402775921,-4.7591192279823897e-14
1894.0,17.0,-66.61725934306234,30430.35864256797,-6.616526770919506e-12,32956.18308050699,-1.2457922808661942e-14
1894.0,17.0,58.36490729591881,36328.86684768293,1.7000099244990352e-12,10783.538849793355,2.6811569491703228e-15
1894.0,17.0,127.14904657655549,36459.16864504408,-4.258801644674293e-12,14901.145713411233,-6.692729677926413e-15
1894.0,17.0,133.86489620731803,35580.23831727415,-7.94848561969097e-12,14335.946459737721,-1.2799652308894635e-14
1895.0,17.0,-66.87075249678954,30429.60060708894,1.3891082728534343e-11,32924.93354200775,2.6155466957613473e-14
1895.0,17.0,57.881169714004436,36281.25884043948,-1.7502915349715265e-13,10814.81270380209,-2.7640804392256924e-16
1895.0,17.0,127.55565779923901,36449.03299243682,7.198686091669515e-13,14821.412161991082,1.1315919716656768e-15
1895.0,17.0,133.3575062215259,35683.09282626995,-2.4280674693066828e-11,14342.231780395887,-3.898709650578959e-14
1896.0,17.0,-67.12838330840101,30428.557002534646,-4.485550819666173e-12,32901.3778693235,-8.446116282704791e-15
1896.0,17.0,57.340294925575236,36227.38438089119,-9.009425150363626e-13,10841.737445293655,-1.4248945812028683e-15
1896.0,17.0,128.06061937766935,36423.543275163225,-3.9257486150745535e-13,14736.329529013992,-6.175369193871815e-16
1896.0,17.0,132.75863477250311,35797.7967700435,-1.1420940582151928e-10,14355.778272034151,-1.8279663903075335e-13
1897.0,17.0,-67.38611924196768,30426.36776186945,3.37073424727663e-12,32885.36308509421,6.3474170739232244e-15
1897.0,17.0,56.74883419639428,36167.43218207936,5.519716628210602e-13,10864.929448272793,8.744233356476744e-16
1897.0,17.0,128.73803335645906,36371.923395413934,4.134331765826005e-13,14641.254568329516,6.512709232159187e-16
1897.0,17.0,131.9960169680708,35934.076608984484,8.35012614608388e-12,14382.554835636918,1.3314019218538269e-14
1898.0,17.0,-67.64067018684284,30422.37238980491,-6.425138199261937e-13,32876.58311164478,-1.210074273265299e-15
1898.0,17.0,56.11755598305548,36102.08284001994,7.947184785250805e-10,10885.060420444903,1.2612572776568398e-12
1899.0,17.0,-67.88843593409132,30415.5821910438,-2.865485626557529e-13,32875.36307460477,-5.397898735783246e-16
1899.0,17.0,55.450401749047536,36031.87964707293,9.253981886336859e-10,10900.680128430546,1.4715138676388386e-12
1900.0,17.0,-68.12553237779593,30404.685687350226,-1.1454309722935818e-12,32882.650743058635,-2.158494947484132e-15
1900.0,17.0,54.7467261388717,35957.37170255426,5.731387586749292e-13,10908.287938126363,9.132600741535216e-16
1901.0,17.0,-68.35080379718755,30388.797527598148,-9.29402388383238e-13,32898.932741309,-1.7523179150269891e-15
1901.0,17.0,54.015566858018786,35879.760558389826,-6.359496262930975e-13,10905.995696115195,-1.0155371441294703e-15
1902.0,17.0,-68.57390841951218,30368.633460966765,1.2456702336294256e-13,32922.98728699227,2.350176445831068e-16
1902.0,17.0,53.287648028411155,35801.645926042576,-5.087735788222858e-13,10897.16941675969,-8.14224543042e-16
1903.0,17.0,-68.8066781550394,30345.222046459046,8.976638876667664e-13,32953.41096257046,1.6949077553582422e-15
1903.0,17.0,52.59328286931783,35725.475842446656,-1.2332284637928126e-09,10886.3499021222,-1.9778263125827453e-12
1904.0,17.0,-69.05202092526514,30319.6267531012,1.1454517889752935e-12,32990.54104880858,2.164589745066083e-15
1904.0,17.0,51.939392050325935,35652.981501274146,1.5918330681374826e-09,10876.041661015317,2.558139955009909e-12
1905.0,17.0,-69.30412042753733,30293.047818187184,-8.506945148312184e-13,33036.25769351231,-1.608989813349023e-15
1905.0,17.0,51.31364849895787,35585.622494079405,7.806810753407945e-13,10866.705552429943,1.2569607506572106e-15
1906.0,17.0,-69.55811386939541,30265.86613622167,-1.34466743295647e-12,33091.65931452488,-2.545566296048989e-15
1906.0,17.0,50.70483493349403,35524.24501082171,-4.5208281562736374e-13,10858.580176334332,-7.291481442588928e-16
1907.0,17.0,-69.81410429523443,30234.97261298521,-5.259195856588406e-13,33154.84513671204,-9.966264235536015e-16
1907.0,17.0,50.10469506595839,35466.6541373071,-1.3379524294032663e-09,10851.528170713877,-2.1614395058891486e-12
1908.0,17.0,-70.07313895554037,30196.486524940898,-9.919183530104903e-13,33223.247852819935,-1.882097614307797e-15
1908.0,17.0,49.50405072835004,35409.84233135943,-2.2601365223806624e-13,10845.102888750493,-3.657070332140492e-16
1909.0,17.0,-70.3312656854575,30149.423452020343,8.349241437111132e-13,33295.864123224324,1.5866847246465457e-15
1909.0,17.0,48.89593918855722,35353.08769165702,-7.764733994664041e-10,10840.368575054476,-1.2584091404298887e-12
1909.0,17.0,78.5934378046297,37907.48934901077,-7.922226763490414e-11,13256.336621287019,-1.1974155125771519e-13
1909.0,17.0,81.70676750473453,38227.84736089975,-9.018619184786303e-13,13285.087162188063,-1.351707856960032e-15
1910.0,17.0,-70.57999542190811,30095.79492992205,-1.8759681308377907e-12,33373.14546667721,-3.5714310470392894e-15
1910.0,17.0,48.27596145393457,35298.03516916828,2.772504448245172e-13,10839.947381588887,4.500329913673163e-16
1910.0,17.0,75.55099922750345,37592.24769682055,3.80660322707449e-10,13305.648103479381,5.801789266532581e-13
1910.0,17.0,85.8482380779216,38642.513097790834,1.0018513796339334e-12,13383.01697642144,1.485458660701465e-15
1911.0,17.0,-70.81343331581117,30037.113404791584,-3.99377319409977e-12,33454.981982913436,-7.618120465527027e-15
1911.0,17.0,47.64169105436779,35245.86205888843,-2.1825583423895623e-09,10845.491707213505,-3.5479734146112305e-12
1911.0,17.0,73.98252850795943,37430.36607083401,-2.357743167369364e-11,13380.065417607295,-3.6090678998550716e-14
1911.0,17.0,88.53334438558412,38893.466350590956,-6.214012637784094e-11,13462.537267838881,-9.154151876734815e-14
1912.0,17.0,-71.03453227044427,29971.900681466668,-1.6495606963706777e-12,33539.322842783695,-3.153382461698319e-15
1912.0,17.0,47.001883533710824,35195.461902280585,-6.239175842637223e-13,10855.457613401222,-1.0156947063676076e-15
1912.0,17.0,72.81849969692827,37310.65716454862,-8.462536227327178e-13,13465.73413156067,-1.2995418645778104e-15
1912.0,17.0,90.7981651265251,39085.20496070016,4.160125577357121e-10,13533.022529892536,6.098410845399287e-13
1913.0,17.0,-71.24804692703547,29898.025982321964,1.681706857104004e-12,33623.738997728884,3.222778164258806e-15
1913.0,17.0,46.36864462631491,35145.23062111734,-1.5915505302555033e-09,10867.906044631263,-2.594637356303382e-12
1913.0,17.0,71.89083650421489,37214.095187505474,-3.547025798078529e-10,13556.972142037155,-5.461092283177586e-13
1913.0,17.0,92.76430945615506,39231.37685475049,8.171495424758035e-11,13594.43138329258,1.193412614302382e-13
1914.0,17.0,-71.45217931592104,29816.70113843232,4.876307690970805e-12,33706.51209069591,9.370313939246883e-15
1914.0,17.0,45.75257985020976,35095.50056433028,-5.310890616172514e-13,10882.751269013626,-8.6703883081693e-16
1914.0,17.0,71.11074763858375,37131.13806714962,5.1686061680600304e-11,13650.021517511874,7.97549805393988e-14
1914.0,17.0,94.49106685984869,39341.045923914455,-9.7174351898488e-13,13646.904488532537,-1.4152344224579919e-15
1915.0,17.0,-71.63917483950804,29732.625091737744,-6.058716028878308e-12,33786.51088277369,-1.16753517946e-14
1915.0,17.0,45.16194209366719,35048.52348808685,-1.8030554991763093e-09,10901.525883861505,-2.947555561528036e-12
1915.0,17.0,70.41236252295684,37056.14828182962,-4.267311677630392e-11,13742.62353811464,-6.598066996482787e-14
1915.0,17.0,96.03460854902663,39422.49511712635,3.9142994401331066e-13,13691.00096521993,5.688955937561065e-16
1915.0,17.0,129.67585482862845,36594.15147138495,-8.216566316221474e-12,14195.923501556023,-1.286474895795767e-14
1915.0,17.0,131.10166355354616,36375.707649824086,5.013212067694894e-13,14113.266250302811,7.89636578477283e-16
1916.0,17.0,-71.80262719010541,29650.021359662172,1.354388823315844e-12,33862.65740693758,2.617224536008624e-15
1916.0,17.0,44.602646758990446,35006.217055545065,-3.5818226336303827e-10,10925.05894285782,-5.862482071279575e-13
1916.0,17.0,69.7588118466837,36986.62082777167,-1.0563653771167303e-10,13832.857135535713,-1.6364100417383467e-13
1916.0,17.0,97.42425032561802,39481.5483388455,-1.1698975121987587e-14,13726.95872003324,-1.6977599089216385e-17
1916.0,17.0,128.464663273871,36779.448560874975,-7.432943149865423e-13,14241.47691361599,-1.15791913286324e-15
1916.0,17.0,132.26852108186597,36194.2982973484,4.39648317751562e-13,14024.03471170778,6.959657808599227e-16
1917.0,17.0,-71.93998494213582,29570.06492797181,-2.873791482560506e-12,33934.346675400375,-5.56833823505082e-15
1917.0,17.0,44.074113576425184,34968.9367263539,-9.81886690010203e-11,10951.143533689572,-1.6087982239178777e-13
1917.0,17.0,69.1417455523736,36922.889903734314,9.814399293262e-12,13918.635749154248,1.5229676209695006e-14
1917.0,17.0,98.65783965163766,39523.09972518728,-2.2245649766716724e-11,13754.45327307945,-3.224903545069839e-14
1917.0,17.0,127.76585492930894,36887.17753634885,-4.703737399580632e-12,14256.82882711296,-7.306178432010416e-15
1917.0,17.0,132.93506686968664,36089.03699209902,-2.990170611116838e-12,13965.031583320739,-4.7472631668879666e-15
1918.0,17.0,-72.050148146014,29493.196479014343,-1.934293003547083e-12,34001.117919381875,-3.7577081725878515e-15
1918.0,17.0,43.5748984987391,34936.618657703395,-9.347862761632797e-11,10976.90872546148,-1.5330421325446995e-13
1918.0,17.0,68.5596186867872,36865.871366274674,5.332817520908861e-13,13997.893705729703,8.288097515064168e-16
1918.0,17.0,99.72429798397458,39552.24334396468,-1.6764642452038458e-10,13773.059068977429,-2.4285430517665584e-13
1918.0,17.0,127.26482466377638,36965.90252109702,-1.228517287898967e-12,14261.970969826109,-1.904156286061109e-15
1918.0,17.0,133.44152318748243,36008.76250434757,-3.391315006595619e-13,13916.824791244804,-5.396132034636009e-16
1919.0,17.0,-72.14215363242398,29420.113402945848,-5.395170421529372e-12,34062.41961425162,-1.0507114322560631e-14
1919.0,17.0,43.097992711956984,34908.8950683647,-2.1435625496835087e-10,11000.235335162839,-3.518217548239353e-13
1919.0,17.0,68.01791570796367,36816.554320482544,-2.4669294385049056e-12,14070.798488332292,-3.839160067846797e-15
1919.0,17.0,100.63299110620449,39573.22752447186,-8.381893790154749e-11,13784.346106629126,-1.2135657578240193e-13
1919.0,17.0,126.87430438670944,37028.94042590123,-5.984934769998063e-13,14262.259292666204,-9.260635034053722e-16
1919.0,17.0,133.87303487205276,35940.60031943456,-3.469821652224425e-12,13874.10093018687,-5.5315196343024644e-15
1920.0,17.0,-72.23427103433521,29351.59258303398,1.0903222769087506e-12,34117.66709830042,2.128363719932373e-15
1920.0,17.0,42.63061148603288,34885.18314226311,-5.033413547073096e-10,11019.726710104094,-8.266929590570947e-13
1920.0,17.0,67.52847223000691,36775.97898088929,-3.66123797945761e-13,14139.731257011488,-5.704089730009239e-16
1920.0,17.0,101.41725273827335,39588.40274716548,1.3140848131865113e-10,13791.8073581315,1.9018578293920985e-13
1920.0,17.0,126.50932529964308,37088.69671407307,1.3620354843979499e-12,14261.340980941903,2.1041150462816845e-15
1920.0,17.0,134.28116726122553,35876.222500433025,-2.7644136979532163e-11,13832.700219533868,-4.414880572194029e-14
1921.0,17.0,-72.33953515985688,29287.673276081212,1.5977497103136784e-13,34166.723552350755,3.1256943580419717e-16
1921.0,17.0,42.16248443399522,34865.16687167178,-8.770073278707713e-10,11034.339835427258,-1.4412326972072737e-12
1921.0,17.0,67.09993660238489,36745.013095331386,1.1017992074258132e-12,14206.832378029494,1.7180139327363307e-15
1921.0,17.0,102.1107348541028,39599.037828514774,-1.3214962457652746e-10,13798.482083126913,-1.912070637994415e-13
1921.0,17.0,126.11511389575388,37153.103857895745,5.873773689657469e-13,14261.11292182222,9.058259130100559e-16
1921.0,17.0,134.6894668164731,35811.69408398118,-1.8252170608246132e-12,13790.334239627595,-2.920197911757024e-15
1922.0,17.0,-72.45273340383105,29226.227889578702,-6.904199434387692e-14,34210.8840193441,-1.3535153766732885e-16
1922.0,17.0,41.69248429213967,34849.28288413783,-1.245533079452521e-09,11044.259758379232,-2.047783563691188e-12
1922.0,17.0,66.72851605133413,36723.93755975306,3.73603925574173e-13,14273.06931213138,5.828876086637092e-16
1922.0,17.0,102.73763532794705,39606.48776521736,2.9032437565135183e-10,13805.810036750634,4.1999082355395145e-13
1922.0,17.0,125.68286811370523,37223.6047440397,-4.723443858267729e-13,14261.91658034356,-7.270477958990924e-16
1922.0,17.0,135.09902675962658,35746.98789166503,-1.6684006606815238e-13,13746.959566857093,-2.674136256839092e-16
1923.0,17.0,-72.56485842256852,29164.75132874179,1.724551057513679e-12,34251.694835844064,3.3879766721336724e-15
1923.0,17.0,41.222068458547774,34838.111878431926,-1.5451029483637413e-09,11050.03716816225,-2.541121578671703e-12
1923.0,17.0,66.40860788178004,36712.95951602986,1.1935452626232745e-12,14339.122687084442,1.8626966364912176e-15
1923.0,17.0,103.3178627271306,39611.738005912186,8.722189637211386e-13,13814.73961968253,1.261607491825697e-15
1923.0,17.0,125.21257206353353,37300.424026301094,4.4525494402591903e-13,14263.800980550264,6.8393938583729e-16
1923.0,17.0,135.5077593904158,35682.66351522548,-6.270335292657414e-11,13702.945537952974,-1.0068299644949514e-13
1924.0,17.0,-72.67231320487193,29102.57954166308,-3.000572013078795e-12,34289.4640160268,-5.90738399076853e-15
1924.0,17.0,40.75472685983281,34831.6030919386,1.768658164369441e-09,11053.350236930868,2.9093305855674977e-12
1924.0,17.0,66.1297608514455,36710.53977379195,-5.401235014801387e-13,14405.443590927935,-8.429948794360489e-16
1924.0,17.0,103.87678003968016,39614.242507290626,-3.271712623043044e-10,13825.91861684136,-4.732018415991245e-13
1924.0,17.0,124.69556151361455,37384.90851335122,-6.180056466575934e-13,14266.371222016489,-9.47149977806893e-16
1924.0,17.0,135.9130359519477,35619.39832204461,-2.1773138847436257e-12,13658.06225046341,-3.5023302511495824e-15
1925.0,17.0,-72.77658940157022,29040.836241558078,4.9133475066298615e-12,34323.30399568216,9.693731718653627e-15
1925.0,17.0,40.29539173586331,34829.09867536227,1.3554282696226494e-09,11056.98457506118,2.2297539194442056e-12
1925.0,17.0,65.87708615418616,36713.45486117497,5.329348073956908e-13,14472.299841806604,8.3170911958170475e-16
1925.0,17.0,104.4468196323043,39611.82560007085,3.336045606427973e-10,13839.760001897625,4.825360371957769e-13
1925.0,17.0,124.11385951916121,37479.53076308956,8.100257964382962e-11,14268.6862217235,1.2383041753111774e-13
1925.0,17.0,136.31088226728284,35558.14695112424,-6.813161146368429e-13,13611.545597807923,-1.097822615351677e-15
1926.0,17.0,-72.87905557469048,28980.46053937229,1.5688006449465774e-12,34353.42127850366,3.1015951499709106e-15
1926.0,17.0,39.85099139533053,34830.442698871695,7.413677449719103e-10,11063.096436574553,1.2195435820687296e-12
1926.0,17.0,65.63768148601402,36719.31137577307,-4.449218771185315e-14,14538.989341794879,-6.942435687601014e-17
1926.0,17.0,105.04445522688901,39602.99898933846,-3.52786688750939e-11,13855.71545460082,-5.103953955422871e-14
1926.0,17.0,123.47696316876238,37582.61756343573,7.07267577837456e-13,14269.330440628022,1.0782497288308115e-15
1926.0,17.0,136.68474676732995,35501.88160884783,-1.8305912341531894e-12,13564.318717080692,-2.9543547264966028e-15
1927.0,17.0,-72.97978877798475,28921.38593974275,-7.947115188144949e-13,34384.566743217285,-1.5743925983827551e-15
1927.0,17.0,39.43834551443423,34837.47442319245,8.547906826805729e-11,11071.236034962047,1.4058395246958074e-13
1927.0,17.0,65.40126798801887,36728.61747156106,-1.7791323969618134e-13,14600.700974260242,-2.77540469961428e-16
1927.0,17.0,105.60924429248215,39592.36039597352,5.700082905679693e-10,13869.136299030084,8.248831090235456e-13
1927.0,17.0,122.91442578884872,37675.33926267444,-3.0398912553852853e-12,14266.285731879914,-4.622995904508237e-15
1927.0,17.0,136.9769034539347,35460.05127047217,3.7370523342517004e-11,13523.448279727627,6.03826895057064e-14
1928.0,17.0,-73.07858830427051,28863.33454907606,-3.7374270345225113e-13,34422.41036154811,-7.419059462867561e-16
1928.0,17.0,39.0764067085588,34852.410852956156,-2.627723039161367e-11,11080.412799041056,-4.319857254881009e-14
1928.0,17.0,65.15840025994527,36742.531245326565,6.928346785173289e-13,14651.763992674849,1.0803965223380007e-15
1928.0,17.0,106.04905613702742,39588.07705400226,-9.76160263732595e-11,13874.142436336264,-1.4127956547109097e-13
1928.0,17.0,122.58272842761218,37735.60267487286,-8.953532359967653e-13,14258.684918675966,-1.3594578583517552e-15
1928.0,17.0,137.13511376643407,35441.14231674,-1.4066942055634968e-12,13496.464830002582,-2.274126503146817e-15
1929.0,17.0,-73.17830599054679,28807.018087265616,-7.176384486662357e-12,34467.36062365408,-1.4273485093227158e-14
1929.0,17.0,38.76752937536445,34875.26413357503,9.242517307050946e-10,11089.813565802788,1.5184321808786654e-12
1929.0,17.0,64.90722090636271,36761.23078486264,-1.054240028608433e-12,14690.47250903621,-1.643130628202118e-15
1929.0,17.0,106.31749172743349,39595.06390567646,-1.453268061446522e-12,13868.487196880104,-2.10294208945846e-15
1929.0,17.0,122.53573816100369,37755.49304288658,-1.1026457524820898e-12,14247.487909379828,-1.673318047879488e-15
1929.0,17.0,137.16336336578897,35443.944829565204,5.529326996267514e-13,13484.621123655423,8.93825735135486e-16
1930.0,17.0,-73.28479691673094,28754.113746624913,4.419145605005781e-12,34514.572488916434,8.805640627694109e-15
1930.0,17.0,38.497067962709544,34903.86398123902,-2.4930335573714046e-12,11098.658668121489,-4.0923922090300535e-15
1930.0,17.0,64.65358952616877,36783.92559779282,9.715839244250901e-13,14719.102646688172,1.513369152629416e-15
1930.0,17.0,106.43118025780718,39612.480529288165,1.3426759704060487e-13,13854.001888227966,1.9420562744365263e-16
1930.0,17.0,122.71825189245489,37741.5894984253,-5.309537531861253e-13,14234.310845247135,-8.060447262154935e-16
1930.0,17.0,137.11086015937522,35459.30403167185,-1.002475880085285e-12,13483.54737758775,-1.6198185091632653e-15
1931.0,17.0,-73.40020329298558,28705.867564262433,-3.4534181070355885e-12,34559.9004560626,-6.892886340544962e-15
1931.0,17.0,38.25107271200501,34936.3005203429,8.394418771207057e-10,11106.44085983393,1.376690605164391e-12
1931.0,17.0,64.40334527091468,36810.056051135165,9.833800440617324e-14,14740.228137877557,1.530655810571325e-16
1931.0,17.0,106.42087980631287,39638.08001303767,-9.045264537377307e-13,13833.321587472432,-1.3074686826420687e-15
1931.0,17.0,123.0598743028332,37702.715791221286,-1.136590821460004e-12,14220.562341416478,-1.7272457894963762e-15
1931.0,17.0,137.02517544976786,35478.629690078946,-7.752503777824771e-10,13488.940239684756,-1.2519811250004266e-12
1932.0,17.0,-73.51209462603619,28661.82427435545,2.4772545126339196e-12,34602.756776628754,4.9521002918385635e-15
1932.0,17.0,38.02207677913104,34972.031923486174,7.157052728246072e-13,11114.082075810946,1.1725624521282138e-15
1932.0,17.0,64.16037765507535,36840.15761826586,6.1183003108311595e-12,14756.82507134121,9.515507214616156e-15
1932.0,17.0,106.33032714320706,39669.43036751626,3.4647285040989573e-13,13810.76714717564,5.004214040998709e-16
1932.0,17.0,123.46014898747683,37653.70730207972,-2.135326637731083e-12,14208.917852101733,-3.2492206741378183e-15
1932.0,17.0,136.96037610688043,35493.69554138372,3.1608314576825336e-10,13496.499792142327,5.102379437109826e-13
1933.0,17.0,-73.60545075331154,28621.26503968019,-3.890582300769552e-12,34643.29634075716,-7.788402971474092e-15
1933.0,17.0,37.804390481923015,35010.82609895272,6.532820395754868e-10,11122.840178787506,1.0691065556003396e-12
1933.0,17.0,63.92779803181788,36874.967486205656,-1.952521477832647e-12,14771.871063187718,-3.0337990163735404e-15
1933.0,17.0,106.20124366474437,39704.28413155579,6.965955590132467e-13,13790.813095712307,1.0052312094778316e-15
1933.0,17.0,123.81199563532658,37611.30084413204,-1.1907789337906038e-10,14202.702369177325,-1.813992223295678e-13
1933.0,17.0,136.9763856802202,35495.587633302006,4.39003694507889e-11,13501.650199279424,7.0862494645261e-14
1934.0,17.0,-73.67635935040889,28584.27585023883,-1.933994631109215e-12,34680.87643297589,-3.876597418247791e-15
1934.0,17.0,37.5960246037685,35052.0211570547,-4.3583942010982923e-11,11134.032495789435,-7.124199544965903e-14
1934.0,17.0,63.69895567667097,36913.510895714026,1.4429096806267694e-11,14786.210434813313,2.2396307723761494e-14
1934.0,17.0,106.05489953930294,39741.71797414116,-1.2735675014585723e-10,13774.588622622476,-1.836106904237937e-13
1934.0,17.0,124.07138734579443,37583.16440576806,5.701675243052762e-12,14202.580948441884,8.692241133666055e-15
1934.0,17.0,137.08948617903374,35482.34117852581,1.7753160053146644e-12,13502.152895474343,2.866724996943429e-15
1935.0,17.0,-73.73143362806414,28551.615639466276,-9.666406564079466e-12,34714.162116009065,-1.939800206660606e-14
1935.0,17.0,37.39846224669773,35094.5388620581,1.8503740206732289e-10,11149.031298751119,3.020943581049566e-13
1935.0,17.0,63.45753911185611,36953.12292356582,5.945244296867713e-13,14798.583640155013,9.218095236208325e-16
1935.0,17.0,105.89576066659949,39781.94149607801,-1.904587598744456e-13,13759.97892152704,-2.7430745463182474e-16
1935.0,17.0,124.26047571089593,37566.92366117176,-3.242664470270995e-10,14206.064437985466,-4.945600289213507e-13
1935.0,17.0,137.26518176926422,35460.20958068888,-2.9605345952532502e-12,13498.564401977432,-4.7835627430374406e-15
1936.0,17.0,-73.77753488588615,28524.102700625397,1.210642697202502e-11,34742.18004181013,2.4317931321470457e-14
1936.0,17.0,37.21342813949335,35137.32615867114,-4.907252104668913e-10,11168.509600979085,-8.001884757381682e-13
1936.0,17.0,63.18987407201455,36991.395169079726,2.112340857785e-11,14807.418938774344,3.271793764223559e-14
1936.0,17.0,105.72627793394432,39825.16854097674,4.0918657351340926e-13,13744.658873170034,5.8868962906247e-16
1936.0,17.0,124.4049799373074,37559.41760613143,-7.582982852749609e-11,14210.33281889631,-1.15676158277731e-13
1936.0,17.0,137.46667476997462,35435.79693428138,1.6703734229128742e-10,13491.488722430822,2.7008097918955273e-13
1937.0,17.0,-73.82158845635867,28502.883040908106,5.373063105551523e-12,34765.38835674199,1.0800796486577072e-14
1937.0,17.0,37.0444572721654,35179.498846511415,-3.068767462366395e-12,11190.49888280622,-4.998008205512061e-15
1937.0,17.0,62.8935757293384,37027.13831862123,-2.435190937788434e-12,14810.118226340799,-3.768213515264114e-15
1937.0,17.0,105.54396604481165,39871.461276424925,-4.3640313585058266e-11,13726.022741600618,-6.271166656562201e-14
1937.0,17.0,124.52458406874445,37557.90656345423,-3.2789049253523217e-13,14212.417612265914,-5.002073620102962e-16
1937.0,17.0,137.66776225920813,35413.71354077896,6.190326029553717e-13,13480.47909453525,1.0015316662427675e-15
1938.0,17.0,-73.87023284412705,28489.1065802681,7.153805325899043e-12,34784.539535838325,1.4387353688237995e-14
1938.0,17.0,36.89567248250332,35220.25665308357,1.9871029821594277e-10,11212.512470403935,3.232589002886412e-13
1938.0,17.0,62.56888103258452,37059.44678154993,4.2781056475149626e-12,14803.94733308697,6.614167754811749e-15
1938.0,17.0,105.345935296312,39920.76059178667,-1.7719437028773655e-12,13701.530507921923,-2.5431603557809968e-15
1938.0,17.0,124.6354204573149,37560.034389808796,9.539698198057778e-11,14209.4372310009,1.455228818229124e-13
1938.0,17.0,137.84648150406898,35397.83196129248,-7.896461262646426e-13,13464.849134750952,-1.2781401525746592e-15
1939.0,17.0,-73.92724020894971,28482.991972444186,8.239381399377521e-13,34798.74058248108,1.6574163993713888e-15
1939.0,17.0,36.76397215597663,35259.136775353225,7.439437121892212e-10,11234.068530238577,1.2089018280655448e-12
1939.0,17.0,62.21792155481633,37087.90866402649,5.5390692033086e-11,14789.567632151759,8.557109290131082e-14
1939.0,17.0,105.14063784652242,39971.981559392574,1.677233352204155e-10,13671.618840350848,2.4041438175159996e-13
1939.0,17.0,124.72741674720307,37567.432078846745,4.3120680637276365e-10,14201.304264158765,6.576528853667842e-13
1939.0,17.0,138.00208833058747,35388.55204927835,-2.4893975769657573e-12,13444.359150735767,-4.030455230030809e-15
1940.0,17.0,-73.99366984102679,28483.857203434298,5.784774312345142e-09,34805.45283143837,1.1636175226054272e-11
1940.0,17.0,36.63836149725054,35295.959730467126,-1.5659062935213797e-10,11256.591549464496,-2.541928946453995e-13
1940.0,17.0,61.845316390792995,37112.69772279529,-2.3141211169530607e-11,14771.08944386268,-3.572614803533174e-14
1940.0,17.0,104.94621070417593,40023.14643587926,5.306284023287589e-10,13639.681344550265,7.596296306167662e-13
1940.0,17.0,124.76704268468542,37585.36909885658,-5.631108357384562e-10,14190.715535089908,-8.584157894269459e-13
1940.0,17.0,138.15388763966305,35382.9673779087,-1.647293412787576e-13,13419.232912925345,-2.667468761575879e-16
1941.0,17.0,-74.06969131547739,28490.67042725134,1.2813361482955088e-13,34802.70036884257,2.5768138248042065e-16
1941.0,17.0,36.510394455496204,35330.75207469905,-1.7408297026122455e-13,11281.055381071923,-2.823098545986599e-16
1941.0,17.0,61.457662707607895,37134.28463489307,-1.504879554303784e-12,14751.86000905649,-2.3219310129409603e-15
1941.0,17.0,104.77199049370022,40072.92905738478,-1.5338563752465006e-12,13608.71192875196,-2.193088919330285e-15
1941.0,17.0,124.73377443188214,37617.04443811699,4.510501971921599e-10,14180.169340164826,6.870096530355681e-13
1941.0,17.0,138.31503537260147,35379.05709980317,-1.3191947534352266e-12,13390.259212610314,-2.1364134017031295e-15
1942.0,17.0,-74.15229706779733,28501.164775622725,-5.927008883688245e-12,34790.99682857287,-1.1915042660373591e-14
1942.0,17.0,36.38559677907224,35364.5393667374,2.8636096272016687e-10,11306.688364745796,4.639470745263192e-13
1942.0,17.0,61.066286215020185,37153.82986219123,1.1692660728535031e-11,14731.32957353325,1.8031522282045258e-14
1942.0,17.0,104.59760093011265,40122.229080234625,-5.942706882144932e-10,13579.631954709146,-8.48636855518053e-13
1942.0,17.0,124.65165022272305,37658.38161965344,1.3241903407124056e-10,14171.036170484824,2.014704682774139e-13
1942.0,17.0,138.47529411398023,35378.17921949383,3.982111862477211e-11,13360.202877892414,6.449122264132966e-14
1943.0,17.0,-74.23772635049787,28512.8305831751,-1.654867909373081e-11,34771.405991276464,-3.325413328645992e-14
1943.0,17.0,36.27339310199514,35398.635057760104,8.768379911039403e-10,11332.45130624354,1.419238796213753e-12
1943.0,17.0,60.682796927373076,37172.608567917,1.3064611892321665e-10,14708.01364370168,2.0137061972360817e-13
1943.0,17.0,104.39794915161804,40172.309346214104,-3.3802255439141504e-10,13552.939036767653,-4.821048643220356e-13
1943.0,17.0,124.55043067548573,37704.317625866875,2.6917912343549233e-12,14164.540931019163,4.090467266619879e-15
1943.0,17.0,138.6216831201387,35382.03630163016,5.8938964819788e-13,13332.081490565795,9.544261116730305e-16
1944.0,17.0,-74.32215471811543,28524.232401390047,1.7571083477108118e-11,34743.68228250275,3.5294514171090875e-14
1944.0,17.0,36.17444405890456,35433.4700137922,-3.8573905181138457e-10,11358.331181048363,-6.237385063773829e-13
1944.0,17.0,60.31905894084978,37192.37073261351,-9.218181773462675e-11,14683.4285416874,-1.4200840118554e-13
1944.0,17.0,104.17699920404873,40223.20772148517,3.493039191226899e-13,13531.65468772116,4.975645023561589e-16
1944.0,17.0,124.40248096871127,37759.29981863201,-7.669218038408587e-11,14163.21883983151,-1.1637234479374192e-13
1944.0,17.0,138.77369826257282,35387.25477167136,-3.122641034636331e-12,13305.569782056384,-5.05589239327638e-15
1945.0,17.0,-74.4017377188328,28535.016158920207,3.858302566328575e-12,34706.275132131996,7.747129067807299e-15
1945.0,17.0,36.079729074982204,35468.49330713936,-3.182829000358822e-11,11385.202730326579,-5.14153976187356e-14
1945.0,17.0,59.98845940424669,37215.40806978311,-1.2886081091068036e-12,14662.162187164713,-1.983904246319437e-15
1945.0,17.0,103.96498202054553,40274.047887349676,1.3760020900477343e-10,13521.339861661943,1.957566137415238e-13
1945.0,17.0,124.13072356994597,37835.96008314378,4.304599732218861e-11,14170.664377971381,6.518544702111659e-14
1945.0,17.0,138.97790123855987,35386.260796748735,1.9683171759155016e-11,13277.302013612774,3.1870071712530094e-14
1946.0,17.0,-74.47506588214932,28545.232164652818,3.281735994065116e-12,34658.277452624214,6.587076288310435e-15
1946.0,17.0,35.981346235415714,35502.99480686406,2.2951363032319705e-12,11413.20247057136,3.7039586180776404e-15
1946.0,17.0,59.700618383723956,37243.17840235825,2.338540888713325e-10,14647.313835636072,3.597666173775385e-13
1946.0,17.0,103.78629944035306,40324.11891242973,5.56998891454441e-13,13525.505511370136,7.914292124549726e-16
1946.0,17.0,123.68996554259935,37941.48564281043,5.738687997025593e-11,14188.127355679895,8.666044478789553e-14
1946.0,17.0,139.2544186451581,35375.71285560821,-1.2124745651931335e-12,13244.89250987965,-1.963767504447982e-15
1947.0,17.0,-74.55008770046818,28556.232197541936,5.571931804837504e-13,34601.62957131187,1.1179632310854396e-15
1947.0,17.0,35.8795041144189,35536.04730061993,3.9828654263551755e-10,11439.626045169654,6.421687177761713e-13
1947.0,17.0,59.44610704627096,37273.5781609924,-7.201877982865312e-13,14635.454474035316,-1.1070501769486855e-15
1947.0,17.0,103.64649327614336,40372.46973533352,5.527796276272312e-10,13538.998864085399,7.844934895358822e-13
1947.0,17.0,123.12973052251762,38067.13233351412,5.265593516767808e-12,14208.909903450622,7.925374638126658e-15
1947.0,17.0,139.5459382391021,35364.57702658634,8.407505525109826e-10,13208.521529043974,1.3621386803511638e-12
1948.0,17.0,-74.63663352996933,28569.582043167407,1.1574075031717257e-14,34538.97792519679,2.3211597918484028e-17
1948.0,17.0,35.77614432774413,35566.69994992265,1.049776848782713e-09,11461.155654512004,1.6911263330722225e-12
1948.0,17.0,59.210969983863876,37303.69901257173,2.896436493426968e-10,14621.745368832651,4.448716644564091e-13
1948.0,17.0,103.54896531012113,40417.89366815177,-5.211955866890605e-11,13554.784156737745,-7.388387842105364e-14
1948.0,17.0,122.50711358637203,38202.81764184877,2.0431711877932912e-12,14225.093813370428,3.0643050201367747e-15
1948.0,17.0,139.78995141457818,35362.570959004704,1.626199175319698e-12,13168.33944599211,2.634829619755004e-15
1949.0,17.0,-74.73696021166245,28585.60895574033,-2.5587365559687214e-11,34472.295245007495,-5.1286227895245695e-14
1949.0,17.0,35.66404967247484,35594.17142317154,-3.707779083761409e-10,11476.662309508774,-5.9683955089376e-13
1949.0,17.0,58.98994279715311,37332.2084765613,-9.43689570931383e-14,14606.04175952734,-1.4483319308266156e-16
1949.0,17.0,103.50640919739969,40458.614988303925,-7.49678097378137e-14,13570.479708985356,-1.0616624169063148e-16
1949.0,17.0,121.83795040449311,38344.80218840757,-2.3918367286768216e-14,14233.747086784131,-3.573943325204843e-17
1949.0,17.0,139.9712690012844,35371.6075594159,2.2477492089834072e-11,13124.489516827318,3.6409581572533194e-14
1950.0,17.0,-74.84582296319707,28603.458047600157,1.4156731342751527e-11,34402.864917910774,2.835744392480149e-14
1950.0,17.0,35.52624348597164,35617.78017567544,-1.0519085602567202e-12,11487.13792546962,-1.692130184394625e-15
1950.0,17.0,58.787126823818554,37359.417307667056,-2.3630848666744697e-10,14592.924827808283,-3.624114058756898e-13
1950.0,17.0,103.54169781682172,40492.21842701669,-3.854203067810147e-11,13588.403394065383,-5.453629802227793e-14
1950.0,17.0,121.10575406594589,38494.05951740059,1.4936177294977426e-12,14236.356351805884,2.2231480176168277e-15
1950.0,17.0,140.11185656858564,35387.47067425319,1.6488199694464356e-12,13077.693594873228,2.6696009527152727e-15
1951.0,17.0,-74.95917795006932,28622.119258366372,6.6014138599967964e-12,34331.837569266594,1.3214715150291427e-14
1951.0,17.0,35.352733581273924,35637.242386869155,5.926703433578595e-10,11493.592467140907,9.528657955163963e-13
1951.0,17.0,58.60356728937023,37385.436682987354,9.179373927636902e-11,14585.362123889066,1.406802838992529e-13
1951.0,17.0,103.67088582788516,40516.68718200521,-1.4524215163902454e-12,13609.648360119352,-2.0539098517440455e-15
1951.0,17.0,120.30763098752591,38649.28297443182,-3.654430924537877e-11,14233.567024190319,-5.417525304069108e-14
1951.0,17.0,140.2248104223743,35407.231111061126,-2.8532731732866523e-13,13029.147131885375,-4.617150381356815e-16
1952.0,17.0,-75.07916234153123,28640.078026367755,-1.9164392295323296e-12,34259.95377455609,-3.833923896590426e-15
1952.0,17.0,35.16645288254919,35654.18121507966,-3.6385927604243307e-10,11497.180276732905,-5.847168591014977e-13
1952.0,17.0,58.423150890861386,37408.89354226002,-1.0010360596002243e-11,14578.821687716945,-1.533195342725289e-14
1952.0,17.0,103.86283502459288,40533.22595457661,1.1569634139618756e-12,13628.790271465477,1.6354267174625887e-15
1952.0,17.0,119.50906864936361,38799.13146509923,-1.0615536227831512e-12,14223.240658350178,-1.5676263879001665e-15
1952.0,17.0,140.29276980639838,35432.25042849044,7.928657730360555e-13,12981.11288368845,1.2821049175814041e-15
1953.0,17.0,-75.20936683537244,28655.74212120644,-2.8567259668932365e-11,34187.816887731555,-5.711886310118732e-14
1953.0,17.0,34.998599253863105,35670.760426478584,1.6100921984563143e-09,11499.270900364882,2.58619346757767e-12
1953.0,17.0,58.22529043523593,37428.00195030341,3.512283588968934e-10,14567.159933462706,5.376697007983087e-13
1953.0,17.0,104.06722903119774,40544.48549980602,-5.112431311626864e-10,13638.686231585567,-7.224675158552758e-13
1953.0,17.0,118.79460818312334,38930.3705702315,-4.4680503741290067e-10,14203.354315159842,-6.575853898631879e-13
1953.0,17.0,140.295231912272,35464.26708501492,-1.3169465518103607e-12,12935.79575674753,-2.1276480656475614e-15
1954.0,17.0,-75.35062590392312,28668.70829949023,2.2048307624089603e-11,34114.64552083433,4.406459332138493e-14
1954.0,17.0,34.85095809674783,35687.48726777254,5.696755844830648e-10,11501.381308528831,9.146064680211717e-13
1954.0,17.0,58.00720758167768,37442.20707775041,1.6593818333299204e-12,14550.989466855919,2.5392620539984935e-15
1954.0,17.0,104.25895080371305,40551.675541724784,8.275602425555917e-13,13639.609381552616,1.1692663387600525e-15
1954.0,17.0,118.1817383806295,39040.501966334676,-5.170010530797242e-10,14176.830917889243,-7.587499354088944e-13
1954.0,17.0,140.24547071937081,35500.240275072225,1.8739454432648017e-12,12894.472178691707,3.024463048838532e-15
1955.0,17.0,-75.5010402644891,28679.757585895735,-3.66784380645413e-12,34038.24009961442,-7.327536482608554e-15
1955.0,17.0,34.69414190682084,35703.0602234074,-5.420736359784684e-10,11504.94453866448,-8.699123081476021e-13
1955.0,17.0,57.785135222545414,37452.310486848524,-2.7887081359423416e-10,14537.737899511665,-4.2662576595748026e-13
1955.0,17.0,104.4482117112484,40553.69485765982,-1.5057677327234842e-12,13639.727114252277,-2.127405069127581e-15
1955.0,17.0,117.61579724132213,39137.45552749824,-6.904497529269804e-10,14150.819087505488,-1.0107927629779462e-12
1955.0,17.0,140.18672915315386,35532.93769911327,-1.598526866430916e-12,12857.883900467432,-2.577575872288482e-15
1956.0,17.0,-75.6582936865741,28689.482372236114,-1.610611644053961e-11,33957.22060033649,-3.2165533153091244e-14
1956.0,17.0,34.50408471031829,35716.3030907889,5.344752418423582e-13,11510.357084586734,8.574004855418172e-16
1956.0,17.0,57.57313963746969,37459.07728237738,4.7180851239780885e-11,14532.813932017649,7.216578319578022e-14
1956.0,17.0,104.64675733695388,40549.55681228052,-2.416400413096653e-13,13645.53233175347,-3.414329432132712e-16
1956.0,17.0,117.04917673744099,39227.91955207239,1.8754992003877646e-10,14130.401636122322,2.739329281017214e-13
1956.0,17.0,140.15224482388092,35556.987744843114,3.5713099144629723e-13,12826.245116901211,5.754733412749e-16
1957.0,17.0,-75.81859324955647,28697.554390317528,3.5496050543315505e-11,33873.78675448934,7.086924055804632e-14
1957.0,17.0,34.28828068148106,35727.13553553252,8.638730564225483e-10,11514.501525462101,1.3853973856608847e-12
1957.0,17.0,57.369974087673945,37462.516379850225,-6.814479883154867e-11,14532.116363784253,-1.0422175940417626e-13
1957.0,17.0,104.85204470878733,40540.338827798645,-1.6775469902086115e-13,13654.72908452793,-2.3708820708701174e-16
1957.0,17.0,116.47513346877588,39313.692651034726,-3.5595693059775613e-12,14113.051087984699,-5.187716654529473e-15
1957.0,17.0,140.14038100557673,35573.646666118235,1.0815515150142119e-12,12796.61703656422,1.7419731442746789e-15
1958.0,17.0,-75.97780288426685,28703.43479915292,-1.130678883853875e-12,33790.861599034804,-2.256981733464926e-15
1958.0,17.0,34.06271529714276,35735.797717071626,-1.1355832940651567e-11,11513.602216899397,-1.8206989683181092e-14
1958.0,17.0,57.169914744279126,37462.388890684095,2.8938792681620917e-10,14529.245501263826,4.425960900943161e-13
1958.0,17.0,105.05728192042295,40527.73672737894,5.113199585959904e-10,13662.864547360232,7.22874701970779e-13
1958.0,17.0,115.89731922050018,39395.404719598686,2.2540774802237706e-10,14094.48850299943,3.2782789574453943e-13
1958.0,17.0,140.14145861322766,35585.7225728523,-1.9623191960249642e-13,12765.254017790676,-3.1594864417761777e-16
1959.0,17.0,-76.13475784319802,28706.45841783188,-8.889972091807863e-12,33708.41902075124,-1.7743668460797505e-14
1959.0,17.0,33.839802858733975,35742.88861916419,5.53034978922895e-10,11507.10236668303,8.865139735348362e-13
1959.0,17.0,56.96516936549913,37458.88350633295,3.293615380428605e-13,14520.823732248811,5.037797258587004e-16
1959.0,17.0,105.26985988706767,40512.7592345497,5.203337760661952e-13,13667.79972047372,7.358898744490723e-16
1959.0,17.0,115.30925805147888,39475.20813655205,1.0016432128168162e-12,14071.668412411815,1.4538220665944384e-15
1959.0,17.0,140.14446481820818,35596.0844157141,-2.7858826356919053e-12,12729.940740756967,-4.4841818942721455e-15
1960.0,17.0,-76.29138219986116,28705.814323793846,4.614933435398427e-11,33623.53310057985,9.211242210361855e-14
1960.0,17.0,33.62772880379977,35749.31219541178,-1.2770978718990023e-10,11497.616154660876,-2.046817507564331e-13
1960.0,17.0,56.74605462625582,37452.64182841265,4.2479555290020343e-10,14506.529960171887,6.498604944509868e-13
1960.0,17.0,105.51649634615701,40495.22777992681,-1.9633461523227425e-11,13669.9333815219,-2.7778939499410242e-14
1960.0,17.0,114.6889053370946,39557.35671377736,1.3791745523406007e-13,14042.582727092105,1.997627941440259e-16
1960.0,17.0,140.13714568085638,35607.6443991182,1.8189061368190096e-12,12689.986902699773,2.9267772897876713e-15
1961.0,17.0,-76.45074043480506,28701.250749213596,3.897299150068534e-12,33533.58402636073,7.780106684199753e-15
1961.0,17.0,33.43098788430731,35755.486023764504,8.331494522062499e-11,11487.010072729896,1.335066380675889e-13
1961.0,17.0,56.50828926734982,37444.27384381985,4.3587355946783646e-13,14486.501656593022,6.669568613619523e-16
1961.0,17.0,105.81832151584284,40474.63120915166,-3.349265309537941e-13,13670.536329782772,-4.74121099990928e-16
1961.0,17.0,114.01488944579218,39645.30868722967,1.2679662875214603e-10,14006.504523425652,1.8324770129297159e-13
1961.0,17.0,140.1122940588733,35622.24796084074,7.505255028572577e-10,12645.587371744421,1.2071653585120845e-12
1962.0,17.0,-76.61973231064447,28694.775926193015,-5.0340009938310004e-12,33437.640184303425,-1.0051551256335055e-14
1962.0,17.0,33.24125433746525,35760.10303979606,-7.412728347810926e-10,11473.627372108804,-1.1876868714105697e-12
1962.0,17.0,56.27029053905,37434.28735900012,-3.602868697827333e-10,14462.142277386116,-5.514441040258517e-13
1962.0,17.0,106.13200226861889,40453.056637488145,2.431388423929093e-12,13672.247436930495,3.4437025685471693e-15
1962.0,17.0,113.31318070812239,39734.58554450063,1.6527890167594705e-12,13969.06491137847,2.383259666313574e-15
1962.0,17.0,140.08036348800306,35637.892707887244,-1.319885201134241e-09,12600.489088348015,-2.122006822531092e-12
1963.0,17.0,-76.80595812053579,28688.88804462439,4.42999525951393e-11,33335.343670133116,8.847329015969646e-14
1963.0,17.0,33.046968411222515,35761.510064137554,-3.3231958851409615e-12,11455.000624182807,-5.324302535668411e-15
1963.0,17.0,56.05556119212014,37423.11732683046,2.4863472392055996e-11,14435.18467844378,3.806663190731854e-14
1963.0,17.0,106.37512538235244,40435.499414901,1.6642243139131097e-12,13676.925920708769,2.3581513949383154e-15
1963.0,17.0,112.64594866937406,39816.26704062718,7.757683384568281e-13,13938.340892907274,1.11633397546031e-15
1963.0,17.0,140.05543765804836,35651.718417772114,-4.71017003178531e-10,12559.258082931301,-7.569701422183608e-13
1964.0,17.0,-77.00863719711985,28684.701566921693,-3.7700398358708753e-13,33227.73778129753,-7.530403294859018e-16
1964.0,17.0,32.83286334708754,35758.885636555126,5.289146343123718e-10,11430.077904004296,8.474698170634505e-13
1964.0,17.0,55.87863440468104,37411.0186318453,-5.748464204646808e-11,14408.923442356725,-8.803896543141088e-14
1964.0,17.0,106.53775354031971,40421.147857741904,1.4743484211265923e-12,13687.244136017356,2.089845205772673e-15
1964.0,17.0,112.01350941267631,39888.76120447172,-6.677339237093349e-12,13917.640087611646,-9.591256913229596e-15
1964.0,17.0,140.05175127947126,35660.522986247975,-3.607951437611945e-10,12522.936622904865,-5.796897318164444e-13
1965.0,17.0,-77.21843444549407,28681.972669398747,-4.1954634211194275e-11,33117.113393291795,-8.380955867381064e-14
1965.0,17.0,32.579948752430994,35752.26821426571,-2.0783708087890318e-11,11399.181580600267,-3.330750230814375e-14
1965.0,17.0,55.74571041165752,37398.16354827726,3.946340892957423e-10,14388.268876464286,6.045983445001661e-13
1965.0,17.0,106.74705559215018,40397.524980057584,8.908412896246887e-11,13709.583012831517,1.2634795358548057e-13
1965.0,17.0,111.2897977314325,39963.72012967965,1.4433304551531023e-10,13902.70177630645,2.0692954323227018e-13
1965.0,17.0,140.08358648474248,35660.788892908065,-1.1238548147662897e-09,12489.031184953223,-1.8056846096405655e-12
1966.0,17.0,-77.42765632318572,28680.481326153025,6.874029123693504e-12,33004.80768758706,1.3732435399489085e-14
1966.0,17.0,32.275964540948706,35742.02029071387,6.331407238768794e-10,11362.7583947915,1.0149479805826186e-12
1966.0,17.0,55.65743409200615,37384.454498137,2.1131620064895884e-10,14376.436253679844,3.238652697347335e-13
1966.0,17.0,107.23115074608162,40343.94878703886,2.612909888455306e-13,13753.604157896165,3.710809510659106e-16
1966.0,17.0,110.25414425525133,40061.06690002443,-1.1821654766208667e-12,13883.58659515148,-1.6907460968396164e-15
1966.0,17.0,140.15663298083012,35650.968480252894,4.1594994115712325e-10,12455.323539328812,6.684860785820942e-13
1967.0,17.0,-77.63722054416964,28680.266322921147,-1.2266382354297889e-11,32888.58563738915,-2.450507017200643e-14
1967.0,17.0,31.934758348538395,35729.16567836864,5.09399918080522e-11,11321.612837158196,8.168806865813278e-14
1967.0,17.0,55.59182537351722,37368.48073141267,5.6698645778396894e-11,14369.619111060223,8.693404290527001e-14
1967.0,17.0,140.24710227079,35636.592083967356,1.1629586182948515e-13,12420.990315994215,1.8697809380779205e-16
1968.0,17.0,-77.85032202500561,28681.38890131824,3.4048347474779916e-11,32765.51166896102,6.801715971328502e-14
1968.0,17.0,31.575476747434983,35714.74231321498,-1.4410576898438165e-11,11276.553495283322,-2.311833106307259e-14
1968.0,17.0,55.522153745658095,37348.59775149082,2.6403879083147785e-13,14362.489133931334,4.0505692992924616e-16
1968.0,17.0,140.3268834054012,35624.374488325455,1.9185429356305406e-09,12385.463268524845,3.085651737191701e-12
1969.0,17.0,-78.06867284495299,28682.901156687178,-2.310956981332879e-12,32636.476988380764,-4.616272285127514e-15
1969.0,17.0,31.205472162090715,35699.197967900574,-2.814495372871484e-10,11227.761854590814,-4.517152079148471e-13
1969.0,17.0,55.44007949879301,37324.62914168797,-1.8035295479279512e-12,14352.688126640593,-2.768537389377413e-15
1969.0,17.0,140.3870830421709,35616.456763454764,4.4749193239823626e-10,12349.516490320822,7.198750640148036e-13
1970.0,17.0,-78.2921521456361,28682.82200911076,5.026593030699189e-11,32506.18728753357,1.0040942481093957e-13
1970.0,17.0,30.820991308019778,35682.4987466835,2.9535630885479947e-10,11174.886999391054,4.742568638502456e-13
1970.0,17.0,55.35522795629828,37297.78625523507,-3.885380905899183e-11,14340.700316751847,-5.96860966989679e-14
1970.0,17.0,140.43606762374327,35610.75240943984,5.528597024628823e-11,12315.399630401529,8.895214358229808e-14
1971.0,17.0,-78.51991921862948,28679.03465270736,-1.999650445227985e-12,32378.848694164775,-3.994957724359936e-15
1971.0,17.0,30.41717452829315,35664.619227808675,5.149673742987915e-11,11118.089480349323,8.273032987058581e-14
1971.0,17.0,55.276639722594155,37269.448881389355,-1.0611043987918123e-10,14327.91063038179,-1.631277239087283e-13
1971.0,17.0,140.48250436741287,35605.7382402003,3.5054181779514693e-12,12284.412560656277,5.640822995162487e-15
1972.0,17.0,-78.74973305124766,28669.182933135522,5.281441950444332e-11,32256.00566412778,1.0555038635372312e-13
1972.0,17.0,29.986634188622297,35645.61240923145,1.9206303214502896e-12,11059.440449672933,3.087168489647191e-15
1972.0,17.0,55.2089717470454,37241.61359236098,9.868021677572614e-11,14319.008146716422,1.5181833968238463e-13
1972.0,17.0,140.5349770224018,35602.580214360365,-5.372158273786454e-11,12253.676274363135,-8.645496874411847e-14
1973.0,17.0,-78.97912926264775,28650.979920802576,1.7621459846850485e-12,32138.467061582534,3.5239118552825283e-15
1973.0,17.0,29.52165848037576,35625.48689456312,-1.285208051093889e-12,11001.328041818115,-2.066975178243855e-15
1973.0,17.0,55.15594588552582,37216.358772043044,4.9203766061545195e-11,14319.353689588836,7.575077800446554e-14
1973.0,17.0,140.60092986300174,35603.190325340736,-7.778978017292104e-10,12219.430911012796,-1.2518614350092434e-12
1974.0,17.0,-79.20915719645828,28624.38480922872,-3.6214919951760294e-11,32026.294193866826,-7.248931575189697e-14
1974.0,17.0,29.01849241741472,35603.76388216944,1.051242426441945e-12,10944.063133986383,1.6917243491320799e-15
1974.0,17.0,55.12486387062099,37194.44752753569,2.5173918505316806e-11,14331.29835425733,3.8778887173767836e-14
1974.0,17.0,140.67726263053513,35608.77992189359,-2.0463799266234872e-09,12180.64995133343,-3.2926972879440873e-12
1975.0,17.0,-79.44443195895643,28591.540469352687,3.790606717402056e-12,31918.877948121368,7.596154776405934e-15
1975.0,17.0,28.477471767741395,35579.5414062226,-7.75851605183675e-13,10885.98591219711,-1.2493984112369795e-15
1975.0,17.0,55.12623419370004,37175.30600636601,1.8174850513474894e-11,14354.15061053886,2.8011665257710753e-14
1975.0,17.0,140.75156108126694,35619.66389926121,-2.430018658516886e-09,12138.960430471014,-3.908790764135967e-12
1976.0,17.0,-79.68836200914156,28554.454321639532,-3.0029756459271084e-11,31815.843642681695,-6.025603870910057e-14
1976.0,17.0,27.900607760095422,35552.15408564075,2.469105475633171e-11,10825.988039723512,3.979205383326149e-14
1976.0,17.0,55.16613873327893,37158.11092171635,1.926292458875878e-11,14386.882798663459,2.970237863652072e-14
1976.0,17.0,140.81513907301172,35635.558410213926,1.0159726393510482e-09,12095.827226383048,1.6335072868928983e-12
1977.0,17.0,-79.93885493494967,28514.445200622235,-1.095457058397642e-12,31717.59822491849,-2.2011673606972863e-15
1977.0,17.0,27.294394750098075,35521.777454534305,6.086470216715156e-11,10765.189690930201,9.817331241270394e-14
1977.0,17.0,55.234882009792585,37141.47352399026,1.4862125419234928e-11,14427.963793605642,2.2926851853797334e-14
1977.0,17.0,140.87193701123974,35654.55883163524,2.91060980872615e-10,12051.85399708873,4.67726044898982e-13
1978.0,17.0,-80.19239942256912,28472.707001272473,-2.8815422270511704e-11,31624.645731785477,-5.798542726948357e-14
1978.0,17.0,26.66554593101297,35488.70846722608,-1.4437867568162233e-11,10705.152200611512,-2.3309636009674836e-14
1978.0,17.0,55.319870569769485,37123.957512362096,-4.492753391538429e-12,14475.854814064942,-6.9339538394450654e-15
1978.0,17.0,140.92845595311474,35674.431882485624,3.570974071998023e-11,12007.53904704947,5.735248812093398e-14
1979.0,17.0,-80.4464107475913,28430.954149775043,1.7914003613839213e-12,31536.17220176263,3.6101384281653196e-15
1979.0,17.0,26.019590570441792,35453.17160974997,1.215277878330312e-12,10646.456201011175,1.964007455535827e-15
1979.0,17.0,55.41825363949674,37104.90006296029,-5.955513859845496e-13,14529.634292812045,-9.196246544844888e-16
1979.0,17.0,140.98883237063197,35692.864035790786,-1.5448475831902897e-12,11965.126769991157,-2.4798583386032807e-15
1980.0,17.0,-80.69932803471725,28391.40531757409,-3.4434816109651933e-11,31450.079265086988,-6.949179194630769e-14
1980.0,17.0,25.36179986528655,35415.41271558553,8.717165878024957e-12,10588.812823143111,1.4102809365440002e-14
1980.0,17.0,55.53641216323482,37084.366875426625,1.7046919431606966e-12,14588.919349668342,2.6337689420763367e-15
1980.0,17.0,141.05518011924187,35707.4067643045,-7.422554237912493e-11,11928.585340466992,-1.1910162892715812e-13
1981.0,17.0,-80.95003062708064,28355.746683314086,2.091493644940101e-12,31364.89665186097,4.2260836955500455e-15
1981.0,17.0,24.698343614669152,35375.810897426614,-5.320993645696603e-12,10532.15796321553,-8.61804919746793e-15
1981.0,17.0,55.67787340964717,37062.56854695231,-1.578639996502318e-12,14652.99401592179,-2.440451720326534e-15
1981.0,17.0,141.1285918813051,35716.32023528156,-4.927120100806093e-10,11901.214430519762,-7.90403896791683e-13
1982.0,17.0,-81.19878113324332,28323.453231414936,-2.8357191594885478e-11,31281.8498395354,-5.736402916536682e-14
1982.0,17.0,24.03692821734267,35335.02430315571,7.598366380534571e-13,10477.10340556446,1.2320759172644616e-15
1982.0,17.0,55.833577991913764,37040.2190168409,4.876515857787922e-13,14719.8303246645,7.543253922252218e-16
1982.0,17.0,141.20617643623254,35720.761577485115,-8.997844136438005e-10,11883.338426078895,-1.443246087058171e-12
1983.0,17.0,-81.44613237864635,28293.410996127135,5.363653965417825e-12,31202.77618948919,1.0861706813261762e-14
1983.0,17.0,23.385044091782728,35293.68377068432,1.7129075935429228e-12,10424.365546393916,2.780734831863566e-15
1983.0,17.0,55.991736173445496,37018.21592034102,4.358880617560956e-10,14787.084209610412,6.746555893591534e-13
1983.0,17.0,141.2843428615183,35722.548458555,6.226294202438254e-10,11874.445079947463,9.986420207963946e-13
1984.0,17.0,-81.69080349566273,28263.956861420334,-2.8053573353226113e-11,31128.044958347753,-5.686929686743625e-14
1984.0,17.0,22.75838449728826,35253.55237558919,5.040134976042054e-13,10375.057061014795,8.191471294207514e-16
1984.0,17.0,56.13767530492564,36997.36167412799,1.0987183385324784e-12,14851.015186379173,1.7015246715702671e-15
1984.0,17.0,141.36071165998848,35722.9923403445,1.5731088653936354e-10,11872.42349335024,2.5230948696275883e-13
1985.0,17.0,-81.92983180105556,28232.933437345175,4.306027756584285e-12,31056.50543913232,8.738632047073081e-15
1985.0,17.0,22.181997024872032,35217.62867406712,2.385591724163305e-13,10330.899969371632,3.8811340394574498e-16
1985.0,17.0,56.253673180273836,36978.322903934444,-1.299349516870052e-12,14906.475691402817,-2.013267167968168e-15
1985.0,17.0,141.43385194604446,35722.94604976909,1.1138895361639811e-11,11873.577727560687,1.7865595177135045e-14
1986.0,17.0,-82.16148531592513,28199.009431351613,-1.7477935765342067e-11,30987.108791264804,-3.5512309621822624e-14
1986.0,17.0,21.673257709325032,35188.20028089457,-3.2529534621517087e-14,10293.239563975465,-5.2966762393630394e-17
1986.0,17.0,56.326696280109346,36961.55973661565,-3.737926634883593e-12,14949.703233650018,-5.794328535768067e-15
1986.0,17.0,141.50324798896054,35723.032580096675,1.1731449145457873e-12,11875.087107523934,1.8815942406345206e-15
1987.0,17.0,-82.38826363788698,28163.986138312754,1.2764199419645905e-11,30919.746454520464,2.5967018731562898e-14
1987.0,17.0,21.213705537553587,35164.434023805654,4.839184608584901e-14,10260.807753363702,7.884809241316923e-17
1987.0,17.0,56.36284097492127,36946.79706490959,-1.524627646354304e-12,14982.563157261284,-2.3643383568972874e-15
1987.0,17.0,141.57239303297015,35722.93398729055,-6.376388306250647e-11,11877.922588727159,-1.0227047381234523e-13
1988.0,17.0,-82.61339712009284,28130.32256869727,-5.273982639497632e-12,30854.582076641564,-1.074203631083617e-14
1988.0,17.0,20.77582436685624,35144.78847601635,-1.698224894042255e-13,10231.52765365353,-2.768578879314447e-16
1988.0,17.0,56.37257249331947,36933.56150095494,-3.348224475452355e-12,15008.307292605235,-5.1941682174589024e-15
1988.0,17.0,141.6456885029569,35722.120417846854,-2.819450228841447e-10,11883.897239414886,-4.522200719616352e-13
1989.0,17.0,-82.83599680294526,28098.718766037444,2.8026782283863128e-11,30791.57876501962,5.714909464620547e-14
1989.0,17.0,20.342971119564226,35128.20463120161,-7.326084183745252e-13,10204.517420973345,-1.1949193205089496e-15
1989.0,17.0,56.36444221174595,36921.56315340306,-6.447717360025251e-12,15030.783535552477,-1.0005724586680451e-14
1989.0,17.0,141.72723882500782,35720.26551014978,-4.517742291376692e-10,11892.128293341695,-7.246518538617684e-13
1990.0,17.0,-83.05113006730282,28068.17173568909,-1.0915747472584059e-12,30730.434586835287,-2.228240108757861e-15
1990.0,17.0,19.910288039368112,35114.1145873961,9.522452271149007e-13,10180.251721107803,1.553780672423506e-15
1990.0,17.0,56.34529279016802,36910.71116891871,-1.4223122679624112e-11,15054.44882516714,-2.2078276880383847e-14
1990.0,17.0,141.82077000607575,35717.24915642879,1.8287535374916786e-10,11899.04677672104,2.9335926462027964e-13
