PLV,Phase_D_minus_H_deg,Axis_Ratio,PCA_Orientation_deg,Signed_Area,Rotation,Dominant_m,Dominant_m_Amplitude,A1,Phi1_deg,A2,Phi2_deg,A3,Phi3_deg,A4,Phi4_deg,A5,Phi5_deg,A6,Phi6_deg,Fourfold_Amplitude,Window,UTC
0.31808991181538737,-134.44962431672192,0.6494714307986365,-54.68202745410811,467.1576193432414,CCW,2,0.17114421672677269,0.001109328766568031,113.22279544587913,0.17114421672677269,125.86986634237024,0.0013829181251677775,51.42114606585042,0.023673151855024475,34.179723489723195,0.001288396046209558,22.642504089871448,0.06490942055949886,34.48656652207957,0.023673151855024475,0,2021-12-31T23:59:57.770000000
0.4361499091417516,-108.34748965824784,0.6943294090911002,-10.462323268240965,440.0529771162404,CCW,2,0.04849241404915128,0.0005627504229146884,145.03076830245055,0.04849241404915128,176.18337127132136,0.0006539642934361748,52.10537582313117,0.03544613158603294,67.26827242800302,0.00017576217456928778,12.72971871725721,0.02542542122996658,41.32762107771894,0.03544613158603294,1,2022-01-01T00:00:57.760000000
0.026857001762334173,-141.61285258635786,0.8237042613946157,-7.430869289411021,-140.25842132423276,CW,2,0.07524328883126057,0.0018723253891763032,330.80195815911344,0.07524328883126057,164.84084280595167,0.0016262604089589774,17.11562343129513,0.0627135111285569,13.090696407417578,0.00038701706870531436,65.1819555894431,0.02669370495054942,58.546763646840745,0.0627135111285569,2,2022-01-01T00:01:57.780000000
0.04677243453215947,163.0103537259628,0.8006624820652593,-3.5760654135891343,-173.82718272175387,CW,4,0.08283761063348392,0.002454848668683736,188.9775085098265,0.07838416694090801,4.388649568593912,0.0018479263368086586,73.92235652627627,0.08283761063348392,21.09483253890151,0.003027057187546225,27.66883734433037,0.04246370440931223,28.325328016330843,0.08283761063348392,3,2022-01-01T00:02:57.780000000
0.03775274754487403,94.86081467141743,0.8537225173245242,-11.082750624026431,58.206465842490275,CCW,4,0.12324586973662084,0.00211901500622609,232.74668693879985,0.04263016882999931,137.4132934195349,0.001351504381087043,31.191499591489183,0.12324586973662084,12.722452869557948,0.00472829946137806,62.77881489195815,0.036874680379040736,14.443287072880725,0.12324586973662084,4,2022-01-01T00:03:57.780000000
0.2744747296838106,71.19131414110109,0.8615306549670598,-23.24242735188224,-447.20032329340006,CW,2,0.0730564227607599,0.0018055192049295933,11.378432090675641,0.0730564227607599,136.01621402201124,0.0011210863844297843,19.002612876649433,0.04143589902822568,41.889735672476014,0.0020493438706374726,6.562682599708643,0.022420868423405942,27.73663017303034,0.04143589902822568,5,2022-01-01T00:04:57.770000000
0.06309347980114544,76.81476789077249,0.9010845085273457,47.1574111638573,-314.9781955360486,CW,2,0.06765527418835096,0.003164417485613903,54.12799876978669,0.06765527418835096,58.02465472963632,0.0012830402729950639,50.25398549468962,0.037853757310131665,53.20827525938455,0.002300577005295854,41.079694699232476,0.013755050913374312,24.037062532568577,0.037853757310131665,6,2022-01-01T00:05:57.770000000
0.29176837989853405,92.1282289784457,0.6939761525723656,-7.128345630115433,-362.4564739414768,CW,2,0.17491825757028834,0.0016683763079866128,253.68338408002523,0.17491825757028834,173.6084861476666,0.0009292078462277636,111.76593918605361,0.03374075139150674,0.22504878413220547,0.0026443508708936594,4.243869065388246,0.0460865642623701,18.35312759446067,0.03374075139150674,7,2022-01-01T00:06:57.770000000
0.27459797009634584,-163.33876526940153,0.6729895846236312,-37.04071530502196,253.3587937045795,CCW,2,0.06896629322461513,0.0031695744744895255,203.9912125628118,0.06896629322461513,150.42673240402345,0.0017761389015721787,35.01371445535621,0.04640364789984017,28.609838235985453,0.003394619387306676,61.60645093123787,0.0232379481111566,49.6410400473723,0.04640364789984017,8,2022-01-01T00:07:57.770000000
0.41313758149720936,-120.99007785306688,0.611626599912453,-65.58063285866984,697.3319668063248,CCW,2,0.20248043211366554,0.0006736488904786177,202.90180721295354,0.20248043211366554,119.59089820816072,0.0009763995081474041,93.96059591282284,0.044110677814685216,37.02638302415936,0.0019470811363424105,2.8837180770073574,0.044898550866683276,57.271285868208814,0.044110677814685216,9,2022-01-01T00:08:57.760000000
0.44489101148129995,89.37326834001236,0.6332985423042682,5.3459956442357,-508.6425882931669,CW,2,0.17025393818282752,0.0021381238930537347,92.57139977167736,0.17025393818282752,13.739236014747556,0.0009210177250327552,18.524623343960258,0.03925430758456391,84.48919406283447,0.0007540280691817513,11.938376149706084,0.09829747365851008,56.367277694843,0.03925430758456391,10,2022-01-01T00:09:57.770000000
0.39168552246398747,-81.70521337633588,0.8589617871315878,19.253561812831634,545.311589063163,CCW,2,0.046969255146904434,0.002413247204889224,12.296377644103114,0.046969255146904434,17.72343529261886,0.0007330798374152333,105.1152675759298,0.014332115460917423,33.19508721010218,0.00113050292419979,46.42742255909408,0.002072304802229964,27.98295998730706,0.014332115460917423,11,2022-01-01T00:10:57.770000000
0.16631310076269099,117.04226399422164,0.7879194848480285,-49.9534911479399,-133.67697835207545,CW,4,0.12822503021168702,0.0007110185878165561,308.9685863541872,0.08748228865942444,128.07079483489932,0.0013535912930584396,84.34862499839572,0.12822503021168702,51.7023941043334,0.0025254503887803367,35.976963625264574,0.03204258983935697,28.23514869544085,0.12822503021168702,12,2022-01-01T00:11:57.780000000
0.19352347560466196,-109.89494644598237,0.8595451099525007,-59.96614419813052,415.7172765946393,CCW,4,0.07531253504593705,0.002472923464688119,96.30620179889607,0.0751893648442368,122.40034975179589,0.001332421910332325,94.05058397465876,0.07531253504593705,7.893173500003759,0.0018709868107608632,24.463219937681234,0.014196824789294953,22.940010899700706,0.07531253504593705,13,2022-01-01T00:12:57.780000000
0.28403963872764865,53.94420305402458,0.9116815415353935,67.15315012246971,-290.39071931411877,CW,2,0.047573030000142486,0.0016164831864953,109.59575981101331,0.047573030000142486,105.74095295478118,0.002048973504666002,15.820252685577511,0.04688467822858528,55.24081233881007,0.0015893934508434057,60.475560066968825,0.019706298661954554,52.44030167375943,0.04688467822858528,14,2022-01-01T00:13:57.780000000
0.16255710867754014,110.58850819161897,0.9313163226676545,-53.04936359769597,-80.76232800826307,CW,2,0.04075526672134992,0.0007754015800409142,260.08360225226005,0.04075526672134992,138.0327150765751,0.0027021765123575584,24.34112028744273,0.034100931331577836,63.877132208414494,0.0017008787753539354,50.433832419657634,0.004772896878217056,13.191501466870662,0.034100931331577836,15,2022-01-01T00:14:57.770000000
0.29090515141785567,29.857238757596313,0.7469233172626042,28.094901030657525,223.53347376389576,CCW,2,0.11242710738390829,0.004069660252654062,260.54854549910135,0.11242710738390829,27.571509326872004,0.002926417931744088,9.839583818746972,0.10032076584374,1.420858219061319,0.0025276673484523767,2.3287154596681514,0.01029328015229938,4.744909168240394,0.10032076584374,16,2022-01-01T00:15:57.770000000
0.23949319726339036,-162.8960695741434,0.7884883672364797,-76.95098506328209,414.3741246607125,CCW,4,0.09447672744096966,0.0009412012635461089,24.98010727526894,0.0709511125854779,104.42450021163447,0.001975129665566153,18.719239286070728,0.09447672744096966,1.8812734152208346,0.001662477509204421,23.595167842968333,0.03137767393355568,23.03502532381703,0.09447672744096966,17,2022-01-01T00:16:57.770000000
0.26669336238472885,102.18964968254048,0.8983246971724913,2.086237353192871,-358.30820254320076,CW,2,0.07534348502431917,0.0033120124043202023,6.969261142519991,0.07534348502431917,22.10132669749355,0.001313019414942785,20.958452241241677,0.06111556424878784,62.392633347359734,0.0026116552296618664,68.87892698530368,0.026972485929969432,56.94607313282341,0.06111556424878784,18,2022-01-01T00:17:57.770000000
0.12716381497228782,-88.76501077905874,0.8657982776129237,4.90056125708162,237.8977778718815,CCW,4,0.07760847919586521,0.0010086841060397876,288.673889360966,0.02224596986976767,96.57308123829247,0.001130640261870876,54.947804414717424,0.07760847919586521,17.79627709855262,0.0011228230504834193,61.406840441516735,0.04915878431156611,25.49995475717319,0.07760847919586521,19,2022-01-01T00:18:57.770000000
0.4345639091768317,-145.17362971634896,0.7527024560422124,-46.201693428956645,284.97724415837985,CCW,4,0.04370044224919682,0.0024727992810530913,230.17984321930447,0.0287360568084677,128.81673143621526,0.003965253470719013,13.552161884095945,0.04370044224919682,64.33501309481252,0.003053621540280094,28.69099528498846,0.022223943192660335,0.5236178084328311,0.04370044224919682,20,2022-01-01T00:19:57.780000000
0.5290837353026921,-173.26935052836183,0.6231455445091205,-33.296828816869265,-36.993436466243054,CW,2,0.19488730216410313,0.0025619303703312175,40.38677845256257,0.19488730216410313,151.2533689357503,0.0019014220090859313,38.40053015448401,0.07758610430145878,9.281982255643067,0.00233082879901386,31.4873156685479,0.037542294019110814,12.219288116657603,0.07758610430145878,21,2022-01-01T00:20:57.770000000
0.31778385656849384,74.58028548590323,0.7531313156843606,-6.120588428083977,-408.826256881281,CW,2,0.09509875362701375,0.0011482437006253429,262.003550734218,0.09509875362701375,175.79603954126782,0.001736704077476991,78.30348321838007,0.041659909921195545,68.78785151275483,0.003991312665082689,14.308974921236072,0.0579007434883869,21.875042711807613,0.041659909921195545,22,2022-01-01T00:21:57.770000000
0.42011266394671626,116.55426032861295,0.7470810042642195,-70.72580832213208,-488.77270633676704,CW,4,0.0645646129830933,0.0024074158892652205,205.1828129032064,0.061971256607248386,114.14832332981656,0.002926234721739411,95.75973017960031,0.0645646129830933,78.97596976787382,0.0012223661157521313,15.272475867889527,0.05064456582832777,7.191941753083525,0.0645646129830933,23,2022-01-01T00:22:57.780000000
0.2208407841042041,-163.4129074604299,0.7096717577322234,-5.272733853573101,-25.59520228087284,CW,2,0.08544521247993264,0.0015376397831091326,165.46633147778127,0.08544521247993264,8.258851762269368,0.003505850487303482,38.76473787024976,0.029336374069383296,67.69154709070091,0.0015761185256170681,27.986121199224062,0.02462015086922417,45.86537664597042,0.029336374069383296,24,2022-01-01T00:23:57.780000000
0.3181444895367405,139.76382988004292,0.637829624659978,-20.866204468993033,-390.7187093453823,CW,2,0.14504944920857155,0.0023228020277942666,290.7828187339404,0.14504944920857155,150.76825108965068,0.0014160998614524518,119.776364525742,0.0480637148663364,1.798536053686843,0.003191087736722482,62.27261283950751,0.035526898308848066,52.343652650598735,0.0480637148663364,25,2022-01-01T00:24:57.770000000
0.3911764471135228,100.38029255952159,0.9906611449344058,-52.16995111191346,-470.75208002874257,CW,4,0.08903990146832297,0.0016998645770943189,220.2448841003494,0.04583925092193927,28.03511765744717,0.0011602894583116394,100.16952082300043,0.08903990146832297,38.15121497185794,0.0014179463689083806,4.125264756185578,0.012857948402618842,19.715734988950484,0.08903990146832297,26,2022-01-01T00:25:57.780000000
0.06607616570147669,62.98088955556315,0.8355412327675047,-80.93322807836275,-126.2480273862315,CW,6,0.058871604244624405,0.0005192381287571825,56.262970108040186,0.049259377821978784,109.52640039764508,0.0018926157276128767,42.77030275034685,0.01695839599891353,25.125618130842604,0.001567588609947539,46.50042482634211,0.058871604244624405,58.043749432117075,0.01695839599891353,27,2022-01-01T00:26:57.780000000
0.47971260137996247,106.24917883394217,0.8140187327499611,-6.290031440525581,-732.122255860754,CW,4,0.07901081812289715,0.0020396636503105903,69.19323149336103,0.043397250580540815,175.41006885868546,0.002064280122740553,79.33945326677863,0.07901081812289715,46.25006742367392,0.0012269551188170984,43.06295724321134,0.0501511516740938,46.796235183389086,0.07901081812289715,28,2022-01-01T00:27:57.780000000
0.09683190148519623,-45.750193511761495,0.8876360201726874,-35.80000960009917,98.07530858251825,CCW,2,0.1028178193573757,0.0037335197321956763,94.813143238506,0.1028178193573757,135.19479087793033,0.0017370850859309693,103.51885464025564,0.020882172797783136,82.83875074035561,0.003281955122092297,49.66165763620337,0.028911018916816612,15.053412930228523,0.020882172797783136,29,2022-01-01T00:28:57.780000000
0.19698092613292648,-112.87370569314655,0.8194228923865342,-15.643961294707339,58.88035430013721,CCW,6,0.10752767726364304,0.0030892428734294597,333.17653361811404,0.05257744023121543,166.97459189195027,0.002172688982016511,63.62908287662354,0.06668634337441265,22.90765810606654,8.246922570704633e-05,10.537209471465413,0.10752767726364304,29.5661842023607,0.06668634337441265,30,2022-01-01T00:29:57.780000000
0.17045671551611524,-48.28582766778205,0.7493542726341387,86.19146649115913,-61.539571907707426,CW,4,0.09246962673669654,0.002990303971994482,301.7730485051287,0.04795255647908535,117.5038179083052,0.004291719607395082,97.29579578033601,0.09246962673669654,83.58244599551742,0.0034395367663082863,31.849429535717366,0.015833523112159277,18.136295450844887,0.09246962673669654,31,2022-01-01T00:30:57.780000000
0.1329059005770757,142.31756063216883,0.8830403547071645,-32.7020124344219,-147.83812677602958,CW,4,0.030990256148846852,0.0011558289086651189,96.44085185592954,0.015594590519357849,133.21102352497732,0.0008164811958015429,46.43337868728225,0.030990256148846852,41.2138657262225,0.00141264889864903,15.460911709828459,0.0033762325916464725,37.15406410068918,0.030990256148846852,32,2022-01-01T00:31:57.790000000
0.32804499160598655,-127.37126088626277,0.908278665302466,-33.72270983268572,324.47560904512443,CCW,4,0.10521304522962863,0.004614945148055272,38.67078380034957,0.01713048545644446,54.205912845415696,0.0007650567133455719,42.9940258662071,0.10521304522962863,75.59136122444205,0.00023745924710420223,32.75514042722861,0.07719920949045979,57.84580821230982,0.10521304522962863,33,2022-01-01T00:32:57.790000000
0.2013443445726538,-119.02317471285704,0.9411008212466343,-8.269638682079062,85.28023447361224,CCW,4,0.06869163349487294,0.0040747684936193,228.37441911396652,0.06025532102006292,35.85086482223276,0.0020307465406876326,99.76592752361282,0.06869163349487294,53.926317473622554,0.002475397189993151,70.64242243981923,0.027119637588101195,56.130099773546284,0.06869163349487294,34,2022-01-01T00:33:57.770000000
0.36436935343149096,106.1136160456954,0.7559158445834893,-74.09696897882321,-481.73448443743166,CW,2,0.11052216595946071,0.0018236102775869153,115.63903936143296,0.11052216595946071,93.70147348055166,0.005388319892203424,24.97588200865728,0.07304285039945378,42.827844827007134,0.0015691722893651614,22.50735072622082,0.02794823244234764,36.02515496373682,0.07304285039945378,35,2022-01-01T00:34:57.780000000
0.3878613182446715,144.19061957989,0.5838004530663143,-26.077574566831032,-398.87406292526686,CW,2,0.16534722700101875,0.0007059727335025268,304.5765326697116,0.16534722700101875,152.89005620035977,0.001284041608123696,58.3803891137072,0.053830251377888744,66.68869395740667,0.001841633411027069,64.60400685005274,0.007143367342278206,27.91608471613736,0.053830251377888744,36,2022-01-01T00:35:57.770000000
0.21590535284573853,-107.3627667867401,0.6649487179375392,-15.684867118844977,343.3094307696408,CCW,2,0.10485291721321637,0.004793027201690174,114.6954474034355,0.10485291721321637,149.18565772912893,0.0008272649645661825,109.63270488759763,0.040686742508209535,66.7137664852824,0.0021312542589640455,26.964084638263586,0.04932996739935032,22.395738131245356,0.040686742508209535,37,2022-01-01T00:36:57.780000000
0.18696797625079695,25.30412035836387,0.6811729523831618,67.63936856765449,-294.35302611229815,CW,2,0.1423267870255621,0.0012641631451134091,311.1058668973669,0.1423267870255621,72.8829476163636,0.0015673726643725375,104.42325146006073,0.11070312728411724,52.527412115918764,0.0017060769793852916,3.6630142888729615,0.04467554138782506,36.259743696906135,0.11070312728411724,38,2022-01-01T00:37:57.770000000
0.15990539907549492,121.23729404471929,0.7772720049602607,-6.703490510399831,-209.21233787190798,CW,4,0.06494373245330896,0.003069075115825111,196.12814247301853,0.04451561252213337,150.60244107369252,0.003175304765601861,52.97733407510799,0.06494373245330896,47.56739458066984,0.0030692470330638843,65.16606666678943,0.049963310025379765,35.20839279109954,0.06494373245330896,39,2022-01-01T00:38:57.780000000
0.1892289896456973,155.3114004537949,0.8238789254811075,-75.9609106382261,-17.694316241303873,CW,2,0.06340196612002894,0.0017643055249431923,226.37050260943002,0.06340196612002894,73.42675616653958,0.0012463496967940666,17.650833671184564,0.04076663160795131,78.43019151540284,0.001276003061557261,11.660456193821904,0.03161930824939027,46.1994596767394,0.04076663160795131,40,2022-01-01T00:39:57.780000000
0.463556271518418,-128.14027816025663,0.6370193026840911,-36.81423174849738,486.4201804360542,CCW,2,0.11415910800052473,0.0007256761059848259,20.805828318776083,0.11415910800052473,143.12298610370252,0.002019550076347461,33.135542394262345,0.07188471932062347,60.93181301940463,0.0017878540035483831,46.07465255924178,0.01504009710938313,1.7029045906592706,0.07188471932062347,41,2022-01-01T00:40:57.770000000
0.28648622647269995,101.24047469731308,0.801625033548612,-48.796986515643,-308.62603169208774,CW,2,0.07956692219257909,0.001721594234277881,184.2642769631259,0.07956692219257909,126.68163876739385,0.002289698679590142,16.62087833463746,0.06183685994562887,46.377419387336445,0.0016996977639957193,43.68864724578695,0.06430208174342564,9.121115398167452,0.06183685994562887,42,2022-01-01T00:41:57.790000000
0.16362392124922492,-112.65560355782476,0.8701320829326713,-61.82221403980694,-47.87592445065001,CW,4,0.09182980602559364,0.0023966744515295586,26.330820520545227,0.04862698871580239,155.96775362448787,0.0022924988459204097,46.69576857563516,0.09182980602559364,15.982088250593772,0.00189861925830519,10.634749657635892,0.03462915441333816,11.264978626411905,0.09182980602559364,43,2022-01-01T00:42:57.780000000
0.2944630331137352,-36.06507963723391,0.7382333705517014,33.078543487975736,-13.19535171359442,CW,4,0.13707614339015706,0.0033304099059516,326.2191160427382,0.0888673571051455,21.22941567482181,0.0019611156480339453,92.03406871653367,0.13707614339015706,39.73413824170821,0.0018775424483821947,58.711090720870736,0.04395983665361416,22.93382628172964,0.13707614339015706,44,2022-01-01T00:43:57.780000000
0.36519986642829305,157.8536742211437,0.7133119129173927,-47.18917326237013,-216.2817335343145,CW,2,0.12070075213974807,0.002695840073048457,163.17995933272655,0.12070075213974807,140.8002056428404,0.004412076400922684,65.98408508015507,0.08518750029912656,6.412919657776058,0.0005808077855598504,45.16413941365887,0.03588141083599931,33.74911182155303,0.08518750029912656,45,2022-01-01T00:44:57.780000000
0.16218359067803156,-76.19012397466965,0.8874070845632984,49.08024559104787,272.3994438945736,CCW,2,0.08343192478135458,0.000673217312703831,61.665088634166395,0.08343192478135458,25.575972570334105,0.0020980833275448603,105.26292087495608,0.08059361986508583,86.62848941036543,0.0014274025097632224,56.67132102106985,0.06180511324726102,11.165326271110661,0.08059361986508583,46,2022-01-01T00:45:57.770000000
0.0618286738877259,-138.25596121153163,0.8308719935995512,4.828296300711372,-179.11147233348856,CW,2,0.0841749622547047,0.0022952356607251114,237.68367579722323,0.0841749622547047,14.699480820572894,0.003442041281273199,79.78765998297033,0.026371280458452273,54.63455303356831,0.0028965129860991875,71.75033516562549,0.02504260931002973,53.43694575319371,0.026371280458452273,47,2022-01-01T00:46:57.790000000
0.07483568624446282,-31.188604028869946,0.7941066373398367,65.00801478832685,126.0556743875316,CCW,4,0.16427989792334527,0.001237464078023759,317.291130387837,0.06446454842556189,64.95663244193884,0.0014791351348143358,73.23193190990841,0.16427989792334527,61.73502300169195,0.0014136477466827715,61.97351503441411,0.08695160047352418,59.70831759651305,0.16427989792334527,48,2022-01-01T00:47:57.780000000
0.42354339748060954,-95.458189521675,0.8097091103761712,5.279031579570926,629.9395724598767,CCW,2,0.07103229142617457,0.00048741108437029356,76.19760910238219,0.07103229142617457,24.426640814047754,0.0023946632749137385,20.60541186762545,0.007018493378914183,85.80911531610333,0.0020422899348583505,20.661892302776256,0.05335541136748549,18.770836089353995,0.007018493378914183,49,2022-01-01T00:48:57.770000000
0.4636897032843966,141.27122021293386,0.7893465871067773,-53.24411201283522,-349.1177561820482,CW,4,0.07967632366046187,0.0017328554035571883,79.455111840729,0.05094738051675473,108.51161808412712,0.0009056130498433166,113.02208206688132,0.07967632366046187,29.824005488752885,0.0012120130685842007,6.0476351735515745,0.06778329201681292,36.13658769914547,0.07967632366046187,50,2022-01-01T00:49:57.780000000
0.33541292424969676,-159.08312371264554,0.6470340899673299,-15.093626878375687,493.0000581394267,CCW,2,0.08016193533876471,0.0018054165119469638,20.74394179038115,0.08016193533876471,174.7434857319126,0.003215511080596215,40.25743158094461,0.01365428692904888,42.699202367356776,0.0018189784256596219,55.23544228170654,0.03248933553220523,45.00419917369453,0.01365428692904888,51,2022-01-01T00:50:57.780000000
0.17093039379959452,-64.39021311556803,0.8957421588132263,71.11083996237087,-16.478736369246505,CW,4,0.06673232204278176,0.00046824106354200916,103.93561713143143,0.005069968414067909,110.54597145092437,0.0032784424381465385,71.291580785539,0.06673232204278176,71.3460234051025,0.0023118542975344783,23.993633563761502,0.023647903026999102,47.41410068262732,0.06673232204278176,52,2022-01-01T00:51:57.790000000
0.19032122088992756,164.02678907243535,0.6492380893123326,-62.8115524593497,-286.48216928914457,CW,2,0.16307603126388484,0.001728461143041124,335.3119245896428,0.16307603126388484,125.08328091717448,0.0012587710513880662,107.52311575144326,0.05923830558839413,30.773759664902226,0.0023674320706540586,65.34916819258102,0.051222357260752915,58.44715614917204,0.05923830558839413,53,2022-01-01T00:52:57.780000000
0.5306027843266558,179.15470409569215,0.5189844623371728,-36.79797587324933,120.82904625999865,CCW,2,0.18820473813208968,0.004693746853183792,20.80965273687425,0.18820473813208968,143.40755687706167,0.002215574502594935,20.88140116750965,0.014706190727834103,7.51279664165276,0.0040215918997252844,22.082858689093968,0.08441110245674185,40.78362326662318,0.014706190727834103,54,2022-01-01T00:53:57.780000000
0.21246465293620737,108.67276919280084,0.8129595503184578,-14.708076946799736,-436.54134138398723,CW,2,0.1018167222685063,0.0027077624052267634,331.09327726650076,0.1018167222685063,159.28295890172333,0.002635092603306855,103.59338999300414,0.051020018546906055,67.9202721406849,0.0009045319052755713,42.33003661049263,0.06092554016855542,41.307750940757245,0.051020018546906055,55,2022-01-01T00:54:57.790000000
0.20810794229647647,-38.23922631247918,0.799124667193329,57.85990684340138,76.77065489286178,CCW,2,0.06442762784390342,0.003382398835150235,187.31906197702057,0.06442762784390342,61.82768073506174,0.002985755607017142,58.174352382588275,0.052092920179447305,48.51669991679187,0.0010751753165896738,28.32955873352208,0.020529475029289663,56.193563010151166,0.052092920179447305,56,2022-01-01T00:55:57.780000000
0.5144479941042502,-149.59450420087055,0.6505191842326724,-40.84679522988128,83.77342184903719,CCW,2,0.11513689153855475,0.0021719411805147504,186.1557786012188,0.11513689153855475,126.58054206081893,0.0044734420986119825,118.71481844742895,0.06270343628967075,86.18106193994956,0.0039881315310458165,39.15293065357747,0.08277212941774315,38.980216301170486,0.06270343628967075,57,2022-01-01T00:56:57.780000000
0.2548064226361889,-27.541985457091837,0.8358640611061531,47.43634112552388,176.741509597382,CCW,4,0.07156556414259996,0.0007225682980604285,194.3236385910634,0.059038630771041996,27.492753393241244,0.0021281866932207644,76.30573690993089,0.07156556414259996,78.21478258580917,0.0007238016316840144,11.820592016191219,0.009847698794454341,26.720371955346103,0.07156556414259996,58,2022-01-01T00:57:57.780000000
0.34647677136846877,164.02217634184535,0.5222932629666996,-30.08485991813879,107.60600742235862,CCW,2,0.21477307200321177,0.001718352637148129,261.51183648761287,0.21477307200321177,150.23150752630616,0.0009606877268538355,29.75589587264575,0.10936996416042392,47.7200284092585,0.0007831418350476421,37.551681423414124,0.03745090205000633,19.422675856411285,0.10936996416042392,59,2022-01-01T00:58:57.770000000
0.3173537964252488,-142.71877437150013,0.7082904725785377,-26.991550328240606,320.24725205937034,CCW,2,0.13809988964957817,0.004045138024491497,354.93807452965837,0.13809988964957817,163.52563211028337,0.0008004103810597676,64.23404229845247,0.08623649925445426,48.16352978416591,0.001954394518750191,20.912335787166207,0.049700000974519806,39.90620501784049,0.08623649925445426,60,2022-01-01T00:59:57.790000000
0.26616333507556766,157.4809623922895,0.9252049893026644,-53.98012561185777,50.102543821595745,CCW,4,0.06438685731143158,0.0009484325258334641,131.6343533803523,0.06262804188206388,51.99234968327587,0.0016023766977414893,98.80465906766409,0.06438685731143158,3.3281588074021866,0.0011743038387649774,10.531850362122848,0.039297638959603635,33.02392003046991,0.06438685731143158,61,2022-01-01T01:00:57.780000000
0.39781171075459665,-166.3623851533617,0.6614364477127115,-33.830288330924134,-65.62285181320392,CW,6,0.09286475933267725,0.0005889994748392953,226.82294032253216,0.07571299540557863,160.70930875013673,0.003075283790702618,101.41302318269138,0.04020892222790399,31.781075417807397,0.001754467674092401,21.764168944020113,0.09286475933267725,0.36917603782970104,0.04020892222790399,62,2022-01-01T01:01:57.780000000
0.33315628463051244,99.40991970879217,0.945253506294962,-21.610208610673794,-479.71902163465893,CW,4,0.06833186963752573,0.0006787901725209785,166.77944177232288,0.014821464296389909,23.315191361080323,0.0011781254421183614,66.5833724518834,0.06833186963752573,13.097278142567124,0.000389965007882639,18.271989748473224,0.04744717053154816,6.422286714874674,0.06833186963752573,63,2022-01-01T01:02:57.790000000
0.0867328837845103,-79.11050976248673,0.9019759874453871,65.97188092716745,-147.49670398816448,CW,6,0.06760306031506319,0.0012293987597926383,96.41234012842423,0.060891967021053275,82.39167529550785,0.003838343771074191,73.01821313443892,0.05982753938683575,73.84652290814861,0.0008093542029243285,25.333113972572416,0.06760306031506319,17.617444324164335,0.05982753938683575,64,2022-01-01T01:03:57.790000000
0.36031608411212857,126.2482913469861,0.6684927305503465,-34.42707351569737,-353.1318540254563,CW,2,0.1282813779633196,0.0005798994168604314,85.51174486295459,0.1282813779633196,140.34799577756877,0.002304034053892924,79.18825569779005,0.04391088891600782,36.902183512615316,0.0005034364634162949,7.242175085634033,0.042687526889179046,12.240343394139755,0.04391088891600782,65,2022-01-01T01:04:57.774375000
0.09464337857095725,138.50713521107912,0.8565747259343782,-11.453314644057144,-186.6642457901731,CW,4,0.041652805325960045,0.0002500904931241915,166.66099770404432,0.03549392650078135,171.5621977545875,0.0009670481500872309,101.98645168991848,0.041652805325960045,68.42298890690242,0.0008179080117112424,8.288750617804018,0.0325226830659892,15.267713808923803,0.041652805325960045,66,2022-01-01T01:05:57.780000000
0.17985951391934463,-114.13905399489876,0.6964338501656928,-11.077275348912906,239.09468576743612,CCW,2,0.12731382351626314,0.0006020389544707234,281.5796808051415,0.12731382351626314,169.55901823700353,0.0040852761775644645,98.80538869931637,0.09748937720495486,74.31264109605021,0.0012671397915858453,16.316933368574112,0.019912822052058774,45.31570195772686,0.09748937720495486,67,2022-01-01T01:06:57.780000000
0.29033756434459407,144.39991418620733,0.7301933371911109,-42.23249910204825,-166.84377445550263,CW,2,0.08146026247059508,0.000770218525443204,111.34460370267163,0.08146026247059508,139.89024483473287,0.0018392199944335295,95.31075010789809,0.047207835292266305,46.55760666928408,0.0035378538955980567,52.35229911204064,0.01539547243683304,39.345774312158,0.047207835292266305,68,2022-01-01T01:07:57.790000000
0.25400205374520685,-177.49487879481853,0.7140058010391301,-47.348623574469826,30.22895806680671,CCW,2,0.12682617313676336,0.0007909496730604278,273.9491886402045,0.12682617313676336,116.51588016036871,0.002966833573676419,92.73482523551198,0.06861579858055761,59.183226450528814,0.002705018670351029,33.51685095199178,0.023052414784402418,26.95809893203329,0.06861579858055761,69,2022-01-01T01:08:57.780000000
0.23220467359805932,112.17283662472953,0.5606990172619388,-17.900918621065813,-372.7524556274517,CW,2,0.1856237447365625,0.000383782179662554,64.37632927058387,0.1856237447365625,153.79613825268387,0.0019996419813136644,43.12183462423804,0.08149956929541384,72.53667101003656,0.0006737079383072547,46.9378007127851,0.08500489580564694,44.397209892348634,0.08149956929541384,70,2022-01-01T01:09:57.780000000
0.28778160849748,170.1173018091383,0.7813866184463659,-46.1708556645537,-104.91163935695084,CW,2,0.04540515731686549,0.002374792174539005,307.18976253850656,0.04540515731686549,138.94270742709136,0.0013083448801132274,20.311473368281952,0.018611835258035284,24.105008287521475,0.0008396824744576388,2.149467272965507,0.029017900297559625,22.62618704512439,0.018611835258035284,71,2022-01-01T01:10:57.780000000
0.25051844197071627,-106.25965683914772,0.7782889654032602,-4.975665326426139,329.8266332913522,CCW,4,0.1098651847593287,0.001566903690548349,76.97426687294968,0.06413181652730714,173.70848082391018,0.00012543546151812254,108.74086888862759,0.1098651847593287,36.05793873195949,0.0007488604715213022,17.155496415915234,0.019842347085886718,5.614684915206232,0.1098651847593287,72,2022-01-01T01:11:57.780000000
0.30480535900250344,-144.04155915356733,0.6695209828893225,-70.3646076720256,43.307980090255626,CCW,2,0.0903120070127828,0.0037622713855101826,195.94531574746344,0.0903120070127828,108.9576548642645,0.0015106216104879976,18.47833941521178,0.05851451962832101,31.836514274639306,0.003202254879523,34.75876110830044,0.07403106652753541,35.33736987579526,0.05851451962832101,73,2022-01-01T01:12:57.790000000
0.3631899291305222,-62.456519380974356,0.8620495280487257,75.44064243155104,282.04399344081435,CCW,4,0.09704956145129802,0.0035916213684918518,28.937397797350776,0.01652896315849762,106.74264876706239,0.0018479312693281127,16.732629760441522,0.09704956145129802,56.13908509526794,0.0030197134388147127,13.700315884444027,0.023800164480588457,13.341125024988319,0.09704956145129802,74,2022-01-01T01:13:57.780000000
0.12923064371699636,144.1536420711044,0.9224820362748286,7.035873120909315,9.673301787653752,CCW,4,0.08038683897315464,0.0024868561859419016,130.08720031574373,0.06162433735316462,18.55688768438975,0.0023886198603577775,85.88175962728727,0.08038683897315464,26.570162637687535,0.0008373138116350403,27.885136243393447,0.05401887223365771,51.61546132546958,0.08038683897315464,75,2022-01-01T01:14:57.780000000
0.4109754151394118,127.9025223317934,0.8083721708671012,83.55813491960626,-487.82619426121636,CW,2,0.11276759301415745,0.004488452691925868,252.94286480017797,0.11276759301415745,62.05389130368478,0.003187188438106418,22.80480894008462,0.04931940537297145,62.28732423320172,0.003918741065261938,10.40856584631635,0.02898087890391893,55.67998251766611,0.04931940537297145,76,2022-01-01T01:15:57.790000000
0.23572995560421306,-24.249065957481484,0.8226770092974056,40.61827033931016,152.76674251358907,CCW,4,0.0716777707641414,0.0017441053449327685,199.1043313686465,0.03856332645800614,20.753561451159577,0.0003090455169018702,9.812942582191667,0.0716777707641414,69.46714618734458,0.0026594027557820953,34.447151945548136,0.005774970378092067,45.9289699100795,0.0716777707641414,77,2022-01-01T01:16:57.780000000
0.29401042357551743,-172.31715506385567,0.7480444683144544,-48.8808889949988,56.73365343901989,CCW,4,0.12441420578273091,0.0021056685845856097,173.2015773429178,0.07850529515673912,157.6345229290449,0.00181082807672492,54.269551007770815,0.12441420578273091,22.84756509012494,0.003352110033862396,42.44022918726942,0.029465843940102692,55.595313142244144,0.12441420578273091,78,2022-01-01T01:17:57.780000000
0.37837713112917293,-176.09043643607208,0.6248982340531432,-36.5459348520784,50.640225373895795,CCW,2,0.0707745816463241,0.0036451330431873847,14.987175287711656,0.0707745816463241,137.19356335350852,0.0037026732579417895,4.960463584433783,0.06887620348573992,68.31363189184788,0.0015325664107082094,47.61999266348324,0.023399734777882535,12.056984976317356,0.06887620348573992,79,2022-01-01T01:18:57.790000000
0.07501294512915915,67.85316793958229,0.8267347044480116,85.70912479068376,2.819856680919358,CCW,4,0.11054569866321164,0.002238285034455984,288.963230476056,0.0997109179168018,82.63317018764879,0.0024224738345907967,32.4053704774239,0.11054569866321164,0.24506782079833894,0.002237195986775147,66.13953589977882,0.042036296229880234,39.447565972003424,0.11054569866321164,80,2022-01-01T01:19:57.780000000
0.26730676025943784,-131.6542227356463,0.7684146286666751,-24.71126296250347,261.29152005544165,CCW,2,0.048544422129170615,0.0026400284527581678,171.75549152972386,0.048544422129170615,167.0189777827892,0.0025641185410017787,38.287461913692695,0.0022494063310829074,61.8870833181238,0.005111656488059431,66.06518661464281,0.01718843299258257,31.15753340848754,0.0022494063310829074,81,2022-01-01T01:20:57.790000000
0.2271111223376011,167.8489663848382,0.5572633129753841,-11.141775453763643,-4.981727867395136,CW,2,0.19260621270619918,0.002153436916074739,138.38255140268296,0.19260621270619918,164.9077974015612,0.003027246747111164,85.72550062169476,0.045009198402268975,6.7542595471593865,0.004145646073600391,10.238471632842257,0.030259258173546525,7.1530563572722645,0.045009198402268975,82,2022-01-01T01:21:57.780000000
0.4369567997142548,-171.60729035971434,0.641406293688089,-61.79584639316576,-146.35954290452423,CW,2,0.1841714638771237,0.0027467673535701517,6.892956201982728,0.1841714638771237,110.02443403284128,0.002995906172772259,94.33048073381786,0.0932442756903824,14.30917298173099,0.004032328572031272,9.827187968786529,0.07012283443615257,36.017080024817176,0.0932442756903824,83,2022-01-01T01:22:57.790000000
0.4166089547841983,58.548952008816485,0.7865003264227631,42.33145186484575,-420.91650612313884,CW,2,0.11731891440249309,0.002965939009325921,129.61744715186427,0.11731891440249309,61.964863940887824,0.003197016997919158,76.03285528492565,0.04861766595251877,20.60389360956307,0.0015769000061671315,17.54301614619698,0.06822885125284663,20.233391400810675,0.04861766595251877,84,2022-01-01T01:23:57.790000000
0.4725192830719109,5.845795034514926,0.6322391103406956,34.96218881430926,134.29049741944272,CCW,2,0.11592358147031101,0.0015446289919289762,347.22345213520816,0.11592358147031101,44.470879249998426,0.0015930840438325778,38.8850595403372,0.03234216737257146,6.907683794803525,0.001478808187781974,1.4402639038263494,0.03237436851496667,27.5208279594202,0.03234216737257146,85,2022-01-01T01:24:57.790000000
0.07241682890128903,164.51971180136513,0.8901636465331922,-73.77399035257282,-261.7733000031316,CW,2,0.047391061676410384,0.0003305510851441551,149.1964074131876,0.047391061676410384,110.18638051499134,0.0004719914086248266,117.22797309466785,0.019517296497791083,55.40095555035339,0.002364393909350677,55.74064516306684,0.004784565481119524,5.12599116969631,0.019517296497791083,86,2022-01-01T01:25:57.780000000
0.5207732118703456,147.17936595474626,0.5832462862850492,-67.35004813663404,-54.97149326751452,CW,2,0.20054495877069164,0.0026296528315361326,76.97697720551125,0.20054495877069164,114.75807935557256,0.003430857152357006,80.47744346137108,0.08120203750232197,89.87557703261889,0.0023516845292353046,20.795909398708257,0.09185205203257105,40.97283299469893,0.08120203750232197,87,2022-01-01T01:26:57.790000000
0.06890218138944165,-130.94358003701205,0.9176053288362069,-33.88650119522265,-157.24260177463776,CW,2,0.058132158449456774,0.0015526925331807901,312.5439708080005,0.058132158449456774,142.62227449664363,0.001069695485135299,109.4356494925962,0.041122948911293915,54.025109102804436,0.0011805130415428417,47.38090192171687,0.008572476366112922,5.983073593246596,0.041122948911293915,88,2022-01-01T01:27:57.780000000
0.41867396302645715,84.54199659830267,0.8813259755982725,-85.75665004305394,-637.3262104330024,CW,2,0.0384948172203664,0.0009671650833264848,167.4960565801696,0.0384948172203664,125.08217395039446,0.0008291972926168563,66.01415345599449,0.02685592157268419,65.65336923811259,0.0013854547511848569,25.576550495504723,0.016718409301756935,31.426765989409944,0.02685592157268419,89,2022-01-01T01:28:57.790000000
0.11395430620467323,-90.19055341609126,0.9513380783057473,74.9509021192391,-58.73882865286008,CW,4,0.07988499847930845,0.001584789881893869,212.84469582629103,0.06610362143884535,76.9181874089637,0.002296907294431943,64.41492810181242,0.07988499847930845,6.388675879316294,0.0021949404042631415,66.86460553265071,0.061113969051764555,59.583298714402225,0.07988499847930845,90,2022-01-01T01:29:57.780000000
0.189221198513263,-153.23719750811185,0.7545010448728181,-20.460096564495075,152.0809686522065,CCW,4,0.08484096232731349,0.0021617195520696668,25.51722901135857,0.07813649904419272,176.76919691823676,0.002637633579458646,48.635389685919684,0.08484096232731349,33.2410124189232,0.0034406938873181546,55.10933563223337,0.053263340869297265,22.070844454130544,0.08484096232731349,91,2022-01-01T01:30:57.790000000
0.23513426412893643,-172.94577295401953,0.760843042185835,-54.54652640997156,-175.24459134261872,CW,2,0.07709748705642042,0.0008777423041364925,58.8498597454033,0.07709748705642042,119.29903498859007,0.0017763845239706822,31.950297674105933,0.05658227990880743,43.14778263006147,0.0005143683643878148,62.967993795175076,0.04411920743667853,0.20490378793651562,0.05658227990880743,92,2022-01-01T01:31:57.790000000
0.5392209842751964,-109.17937446785487,0.8363524330901487,-70.66699157935308,750.8121737817287,CCW,2,0.09130191799696755,0.0017910235431297349,304.6444768831091,0.09130191799696755,97.78580206572028,0.0030568237659577466,40.265290802877836,0.05118429883409265,31.27206793445572,0.0031880707615891354,52.73186643965494,0.019731215448153292,18.39022024310191,0.05118429883409265,93,2022-01-01T01:32:57.780000000
0.2301329150374096,117.07457470513081,0.789174011450757,89.10939535274777,-228.5807683211633,CW,2,0.06994822380125734,0.003330365214880255,270.3211565244833,0.06994822380125734,79.55903507472196,0.001167142421142489,91.86393846261048,0.04682793369312512,73.38779580404396,0.002137613032125958,65.34726494011483,0.034226412341072945,51.82818700214488,0.04682793369312512,94,2022-01-01T01:33:57.790000000
0.05704793756386229,86.44821537317138,0.8213650381671219,-86.59532725597647,-48.537691594377776,CW,2,0.10537220625252158,0.0028975023531939603,44.457902876634606,0.10537220625252158,83.03572447566032,0.0015618785736712176,102.52190436848619,0.06714964806262552,47.10018154673676,0.000664939211599423,28.59156956650278,0.008857685639964898,26.593128737567614,0.06714964806262552,95,2022-01-01T01:34:57.790000000
0.18124288123092513,106.67705379699456,0.9575746823160922,-63.49341719417555,-395.50640563249704,CW,4,0.04697373239670295,0.001667980530405229,283.0167185640024,0.03284370649405915,147.8455979772391,0.0008925217193047271,53.318248567564964,0.04697373239670295,7.618862037784327,0.0006587468282537875,70.40298843366719,0.015598265166252224,30.81377619155544,0.04697373239670295,96,2022-01-01T01:35:57.790000000
0.23952715920790882,99.9357326773508,0.6484855062212986,-79.5019262410911,-361.53242339239637,CW,2,0.09778611396763764,0.0032136430009508826,166.36797904307642,0.09778611396763764,104.57099700780756,0.001872051311795369,77.48927818469834,0.00928606167996668,42.66871730182551,0.002545757665599208,48.17831600179575,0.02157267611691103,8.119308882426427,0.00928606167996668,97,2022-01-01T01:36:57.790000000
0.2700985714845045,-119.70308105313585,0.8459122322916569,-62.31967158575239,392.78402909786575,CCW,4,0.13269641900055698,0.0013226371332872504,25.97795338169327,0.0418940534863531,133.06085638996632,0.0019335080860206988,23.14716695831894,0.13269641900055698,55.851346760834005,0.0032217704257373006,17.21939212999961,0.0490187223909328,26.30494805923379,0.13269641900055698,98,2022-01-01T01:37:57.790000000
0.13393160718549754,-54.51950129230315,0.7745967072873846,76.35713317730067,168.4297373816545,CCW,2,0.07940523170996101,0.0013186639699573177,241.79329071609789,0.07940523170996101,81.98475921566681,0.0014606425922046868,5.4018059282248405,0.036073253918601465,65.50273143337252,0.0025582549298785334,34.14402280855124,0.055675752001373445,21.40693314222834,0.036073253918601465,99,2022-01-01T01:38:57.780000000
0.29659700573160686,119.72530252584663,0.7095246782716967,-74.49019124804622,-146.0795030457581,CW,2,0.17171901677487766,0.0019040864362295054,4.345247873367155,0.17171901677487766,101.7892537742031,0.0006248023504584224,14.788267754172955,0.0062518323679054445,61.02377943123045,0.0019661527051120288,28.113092134473522,0.05711450015107427,41.46933329359224,0.0062518323679054445,100,2022-01-01T01:39:57.790000000
0.3589611191591317,-169.47048195719293,0.6333712746231138,-58.75434478811192,132.63935332863088,CCW,2,0.15035082859831164,0.004076912786062862,223.1079477942005,0.15035082859831164,111.17824498465363,0.0026734339287396458,95.18297635295167,0.036704688653895735,60.34777561120592,0.0020246412826895066,8.691818004573994,0.021504676799505143,17.18547930064397,0.036704688653895735,101,2022-01-01T01:40:57.790000000
0.32218187425332573,104.07564566028506,0.7657026486558514,-10.19852539278898,-281.85918538611986,CW,2,0.06900098068091935,0.0013472086675908692,11.986253014273226,0.06900098068091935,168.35698504134973,0.002167228066307216,15.539988087153745,0.006210611362145247,69.74534994766572,0.001003314615287641,34.330129976111216,0.0048082782973613465,54.402075899907814,0.006210611362145247,102,2022-01-01T01:41:57.800000000
0.23076023831423817,-87.1351370632131,0.8389205241511717,3.1950721862033618,477.8360998338038,CCW,2,0.08379322086391884,0.0008210320030245401,247.19970109954943,0.08379322086391884,3.736971229214301,0.0017344538028187654,71.07770882893246,0.058931447875080166,24.364655743340304,0.00029748756793495013,28.883965019439668,0.05377315118526078,2.4687152998263437,0.058931447875080166,103,2022-01-01T01:42:57.790000000
0.3242270705208903,116.84152959212203,0.5910381144649751,-80.90631298052658,-513.237528742888,CW,2,0.17800397427068668,0.0033420549803710926,98.47437914403626,0.17800397427068668,102.07263968865352,0.0044699978268716205,74.9295238014808,0.04500228737763426,85.24020732882867,0.003908003978762279,21.163724290382998,0.0638054501738227,27.085174121884943,0.04500228737763426,104,2022-01-01T01:43:57.780000000
0.12356648550611003,91.60106939675542,0.7381351724291952,-19.47635777445086,-1.3243373595063481,CW,2,0.13515058002107613,0.0029678225571625628,280.71782689971093,0.13515058002107613,155.7926061301732,0.002828425130865474,78.53611144055347,0.05099546906321934,66.57718622017174,0.002563971616105794,69.2152672615513,0.059011396078995096,22.55500047466845,0.05099546906321934,105,2022-01-01T01:44:57.800000000
0.3281007034254452,-177.58505303799257,0.8326374751462104,-37.44773099534282,94.38274841619133,CCW,4,0.07329681976855588,0.0009652937085127977,65.94310000050478,0.017071413522783435,75.30254277028693,0.002733031227181953,96.62732930545721,0.07329681976855588,76.55628334192113,0.0026156417352670444,17.386241234364427,0.048878514848786116,11.984699156033164,0.07329681976855588,106,2022-01-01T01:45:57.790000000
0.22077729512683872,34.951739723261774,0.8637911656716929,31.707245364057258,-118.15917587576756,CW,4,0.0681462346995188,0.002563700392299701,156.62104696548096,0.04395362089465452,68.54621426514684,0.0050709564734046485,9.702818652405389,0.0681462346995188,4.291504437166458,0.0006043867864369378,13.84258268067905,0.02510877527951793,15.763231637069003,0.0681462346995188,107,2022-01-01T01:46:57.780000000
0.18051261905419952,-169.8262482313934,0.875892817081597,-50.25702745007683,80.3687421235163,CCW,6,0.11552267249597711,0.0006930403812225653,185.625271924597,0.05290213446283018,131.8447857824579,0.0007479868401656715,25.96623073429703,0.0404156089572885,13.882680123669715,0.0007928192258880392,62.98883601361517,0.11552267249597711,42.21050090698853,0.0404156089572885,108,2022-01-01T01:47:57.790000000
0.24463020686245232,77.65290424926089,0.7302915534397078,-84.20044780658073,-176.42006683352187,CW,4,0.10008709795673626,0.0009625905069994673,347.24889379997495,0.09301000369720669,96.39242925107317,0.0008773343310912861,61.42231053464659,0.10008709795673626,17.841631738520437,0.0034521271941300407,64.66352213875923,0.05265592906687928,49.75512851717541,0.10008709795673626,109,2022-01-01T01:48:57.790000000
0.15695171010884237,122.99121733680141,0.8840040782134717,-29.985217028191727,-327.2777900329157,CW,4,0.05130468082405031,0.0039025759641030957,100.28526836245598,0.042945866560855056,157.8056491359671,0.0011436064144912427,69.94816917537962,0.05130468082405031,66.76954140936144,0.0009419192888365747,66.28265137057512,0.018701104351510928,36.869909537383656,0.05130468082405031,110,2022-01-01T01:49:57.780000000
0.06117865911242814,-38.89494582870757,0.8319956159803554,21.564515151955845,97.76947802291421,CCW,4,0.0845575914629744,0.0007867119889656813,355.82746823474923,0.05425338644103096,23.825323830473426,0.0010199211750402952,115.5069975593569,0.0845575914629744,29.65304950507687,0.006474841342206119,51.44333364480588,0.03753570874628602,59.44193289307136,0.0845575914629744,111,2022-01-01T01:50:57.780000000
0.35273375090985504,163.17895438425842,0.6394865389106532,-43.661096178522996,-139.56115215327688,CW,2,0.16024964778184628,0.0005544680287805742,11.723335003992707,0.16024964778184628,136.4933483029808,0.000869250896040321,84.77800539036049,0.03742097230803666,34.843875734791865,0.004060210253783113,48.13592740253502,0.014206471547115618,16.565694943125077,0.03742097230803666,112,2022-01-01T01:51:57.800000000
0.08830097959961392,-94.13989635621371,0.8592224061047598,-24.98840226901305,320.07315274003145,CCW,4,0.09559824065430321,0.003344230911479997,283.88203340751863,0.09302083819586819,154.16186032361094,0.006310378201315122,93.07068978778733,0.09559824065430321,58.81815119449411,0.001591330621475324,55.242680274085174,0.006356093698339215,18.569285601456667,0.09559824065430321,113,2022-01-01T01:52:57.790000000
0.43574121030241336,-136.78133683431517,0.7112136416630501,-41.16794713863965,343.33915483118557,CCW,2,0.08640122371218556,0.0023331059972481034,66.84031269478777,0.08640122371218556,132.8569956219365,0.0017844397351063097,30.787422543691598,0.06247224821822757,8.559575015798224,0.0015364866982562164,37.54570524127031,0.03871037518645742,15.087636316706812,0.06247224821822757,114,2022-01-01T01:53:57.790000000
0.3269179404244468,127.725474155371,0.6995893719730222,-76.61682145009429,-273.33621788828543,CW,2,0.05776591773595361,0.0005459407774478491,172.13685452573384,0.05776591773595361,128.15292163061406,0.0011161100087400998,45.423327600970865,0.043634761279532315,87.20510897155562,0.003323314865537424,8.192421959850956,0.02536593710282308,28.733822413415137,0.043634761279532315,115,2022-01-01T01:54:57.784375000
0.2801134477480121,83.26934952079195,0.8246115883095424,82.98326479572046,-480.7424491677178,CW,2,0.0387697918083013,0.003738573016348874,57.80678598182833,0.0387697918083013,65.78209980733672,0.0010985833864507798,46.86947885083047,0.03173074687773359,82.4166737299028,0.001263648367424275,62.38568969652951,0.02430236246538781,52.06040404426213,0.03173074687773359,116,2022-01-01T01:55:57.790000000
0.2513005346644352,-144.24297067498426,0.7677838266751018,-40.52723688671563,256.3813644117778,CCW,2,0.12050561193705882,0.0035183981628953546,246.08826882190067,0.12050561193705882,131.75841689650258,0.00155308872054797,9.705129187343742,0.029028496606309375,41.81239995941147,0.001934040372394829,41.21094077377184,0.029730085917484377,5.824269421101669,0.029028496606309375,117,2022-01-01T01:56:57.790000000
0.27954612654704764,54.370626867474286,0.7447489469653799,89.53817639015016,-335.5065842358638,CW,2,0.1510910904979962,0.0055222772012361405,117.37238153371666,0.1510910904979962,96.0663927816913,0.004271358477614446,76.72433549178562,0.01654057823851654,80.29264891546788,0.002930886938921285,15.850159773134123,0.035272072128830906,5.747879853918745,0.01654057823851654,118,2022-01-01T01:57:57.790000000
0.5061771249887431,-142.0966179762315,0.6496810809529008,-34.102048406141535,438.86506126675386,CCW,2,0.13866042640520204,0.0017372157488842238,39.17106507732839,0.13866042640520204,144.94750535286954,0.001977455917766437,21.673856378652722,0.08006770656211593,84.62009268244849,0.002625305710583422,29.50111764153573,0.04147741170354918,40.80962478980253,0.08006770656211593,119,2022-01-01T01:58:57.790000000
0.4019908423308669,-156.47716259632566,0.6393178367243963,-37.86579953019543,207.06405887419203,CCW,2,0.08240064507496175,0.004275389060864236,61.487126193924695,0.08240064507496175,145.2687761956226,0.00047253329822966153,24.580811081416574,0.06452638729239571,30.17014153972605,0.0011330902039943694,41.57011182508889,0.027239278669192603,33.16575569512098,0.06452638729239571,120,2022-01-01T01:59:57.790000000
0.3644251338980583,-151.23302461194854,0.6813933702593657,-58.90530983362633,356.2292312640884,CCW,2,0.09293425250144065,0.0028405826065355903,196.43637597709287,0.09293425250144065,117.61097889131244,0.004178662825335007,67.93496162005721,0.04677816277674186,41.97574850169022,0.001260378817115285,52.38170593137904,0.04505537320236193,47.562284119895224,0.04677816277674186,121,2022-01-01T02:00:57.790000000
0.1858985491871651,-36.67147979785037,0.8732057498092924,15.176567757336926,183.68316338762386,CCW,2,0.05574489654864942,0.001798501806602356,135.2971149897986,0.05574489654864942,165.49181982467783,0.002658857943006831,90.28466578805154,0.03731394943555513,17.58581531501251,0.002585300582360618,45.54685863319628,0.011823214480590032,2.230488455225849,0.03731394943555513,122,2022-01-01T02:01:57.790000000
0.02491632658788774,-1.4996733916249696,0.8485239479951019,-30.363515376988914,87.4957843620648,CCW,2,0.09672318168318213,0.001458706906033637,36.564487901782044,0.09672318168318213,135.36970298895116,0.0025498843842822728,71.87327459344613,0.07633397929663703,64.99146993420739,0.002584972394955845,19.085438989217117,0.02584047526418017,39.414855758153095,0.07633397929663703,123,2022-01-01T02:02:57.790000000
0.09783326769520145,154.32021345572113,0.8330853629233523,-38.357074971348624,-214.5852077834561,CW,4,0.09792923946792252,0.0026457043061874326,8.468311600170976,0.09306230477341296,138.25312887072346,0.000713213468376886,45.416008310367005,0.09792923946792252,43.906152962039336,0.001601420773909921,36.54200010911769,0.018633242759684674,11.653434638714245,0.09792923946792252,124,2022-01-01T02:03:57.790000000
0.25452024141568685,48.64620221020383,0.9541612185593131,50.57102878436086,-274.5001002712439,CW,6,0.08920971475669195,0.004383921320524072,285.7720195325881,0.0696415129883257,132.0126903763421,0.004084525456054259,56.76134323885892,0.06677252371791809,43.155065024180054,0.006193339627207805,4.537549988913739,0.08920971475669195,17.171496347655076,0.06677252371791809,125,2022-01-01T02:04:57.790000000
0.13343488627308162,179.73886251000684,0.7226851442523903,-11.64426168505716,-71.66403585247072,CW,2,0.08614039608788294,0.0007530312417089577,118.35644395140915,0.08614039608788294,161.92562191307866,0.0022272603874928846,46.73374531629155,0.07560915621812793,87.70487744398214,0.001393861350456544,41.37041389615708,0.008464781397952682,34.38066465872994,0.07560915621812793,126,2022-01-01T02:05:57.800000000
0.36605466281145554,-107.79995993439704,0.8548641284251781,-23.112829726391624,452.8590547823818,CCW,4,0.09501874881087333,0.002418359098880378,319.62251461757046,0.03389060224678876,171.24584867915917,0.0012359153849914122,0.11172049317291817,0.09501874881087333,15.48797907317946,0.0023592282180112576,36.71961314300524,0.04376457686144921,9.523645393685156,0.09501874881087333,127,2022-01-01T02:06:57.790000000
0.5046366423695765,103.38876039993819,0.7309812708194153,-48.83615728625381,-661.1417148507974,CW,2,0.17854388795161408,0.004042656679948873,137.2637187199624,0.17854388795161408,127.46755693120454,0.001370685920222412,36.09599528519692,0.07335198934535395,55.093110205308946,0.002863037033671878,67.7832551884957,0.03795766598511182,35.96907506281441,0.07335198934535395,128,2022-01-01T02:07:57.800000000
0.29416905031814333,-145.20375390892877,0.6095171777213595,-9.559631742765504,203.781891571988,CCW,2,0.1784563706878945,0.004148604450570854,358.60112064927074,0.1784563706878945,174.9415362839528,0.0026785141635935214,108.93587805028484,0.10906501741102798,7.781835285086076,0.0010217478793385325,4.072932369628298,0.047862767584799654,14.519486207797375,0.10906501741102798,129,2022-01-01T02:08:57.790000000
0.37030492651791136,-138.30531714559385,0.572425319692169,-46.88371732288317,563.8961038069222,CCW,2,0.18524708958123043,0.0018465318551303567,312.41811434620496,0.18524708958123043,133.47657822038397,0.0034205638740220064,114.1287567647898,0.030413654368500787,35.85230394571438,0.001479249784117965,65.58791816957462,0.05987807122314742,26.266301688552236,0.030413654368500787,130,2022-01-01T02:09:57.780000000
0.21003192317950206,37.23114367167418,0.6652177449549612,30.90753160213555,-288.07917566897027,CW,2,0.14266927410481545,0.0006658786104619117,318.08971940369196,0.14266927410481545,24.181190273218174,0.0015116217947408416,74.1739926591279,0.06455424272580443,29.884183940790702,0.00037594023242312557,71.92443992168577,0.05283144108608285,11.887180595363736,0.06455424272580443,131,2022-01-01T02:10:57.800000000
0.14914884580901405,-14.59632132948995,0.6681365658282284,81.45361786880163,78.98809851782259,CCW,2,0.12760871518056804,0.0011037413872154057,53.87575812151045,0.12760871518056804,93.60789094069462,0.00262172792107018,9.250873230005663,0.034666622903491,41.38073694704209,0.0024646484985823584,6.209755350739791,0.12755835916011887,57.82925918458856,0.034666622903491,132,2022-01-01T02:11:57.790000000
0.4342786112944122,-159.8555314112113,0.5400369343662884,-21.016433694100385,124.52088803520222,CCW,2,0.18138979505590666,0.002841058077028799,359.14105679897415,0.18138979505590666,163.0252971995804,0.0025834792105678644,75.45961095738403,0.09640057546263932,63.71112841671514,0.0014033504710266344,55.86768362501775,0.0654004675117981,43.25671386394703,0.09640057546263932,133,2022-01-01T02:12:57.790000000
0.5260836607225644,173.77293257048015,0.4783319377067284,-27.366147421389798,110.56053204561093,CCW,2,0.18134074405728678,0.0021823392419103456,242.73156754374315,0.18134074405728678,151.93918134008754,0.0007693465921283655,92.1323212990521,0.07595710505167182,55.89400495354848,0.0012874817542217528,33.71284532757838,0.021392332978099525,24.802299484750517,0.07595710505167182,134,2022-01-01T02:13:57.790000000
0.44980889570638416,174.33240021834797,0.5631483738266954,-43.629242525548506,-114.74804083202986,CW,2,0.21819449685531966,0.0022209462075894614,337.83979853835376,0.21819449685531966,129.79774584311747,0.003177003983281525,40.67996277436782,0.09049196284720068,73.20738486212879,0.0009302265390731744,14.252328883379587,0.021605568231435397,0.6368492658156354,0.09049196284720068,135,2022-01-01T02:14:57.790000000
0.11338284998822415,156.36531327875667,0.7689970544107377,-15.129608487820974,-185.04095177028137,CW,2,0.09807889285693765,0.0031430463836011205,1.9097974468104217,0.09807889285693765,173.32161861733053,0.005290031040670756,1.4797308462758842,0.015473899858618443,71.9236395296135,0.0014501708803970445,14.002918285645803,0.04510583741259996,9.312229415870544,0.015473899858618443,136,2022-01-01T02:15:57.800000000
0.11512428697041363,6.331479175549614,0.9588188391002822,39.03938575208247,-50.77994288366253,CW,4,0.10852983891375746,0.0014939464013885757,191.85882579848192,0.03293601050838569,112.01192055045026,0.00032347288506796526,11.150074258994051,0.10852983891375746,41.78060688262386,0.000992170058498103,18.715800125464085,0.02454449011616591,26.87992698244364,0.10852983891375746,137,2022-01-01T02:16:57.800000000
0.4203563507142758,112.33787916085213,0.7181954353383277,-70.867951899122,-376.1079918118595,CW,2,0.10990358128522718,0.0014541536818734788,62.8522381334699,0.10990358128522718,110.40745707964041,0.003271445986093184,16.70858121004138,0.0914582416929804,10.449839233418503,0.0006379029174364802,50.86832745165383,0.008930891115979823,48.34043845147851,0.0914582416929804,138,2022-01-01T02:17:57.790000000
0.4669527244160431,-115.53487451032592,0.6679212374606174,-13.05780832489927,606.8656567557409,CCW,2,0.11952803889795598,0.0024918972759709153,291.35878915004605,0.11952803889795598,172.48092959880847,0.005133229968883716,116.08756188733486,0.05074469479119402,70.3330825947489,0.0030930115390036344,7.5139487901091275,0.04524834558435451,49.23298549911211,0.05074469479119402,139,2022-01-01T02:18:57.800000000
0.28007530806958747,-29.07636858071617,0.9234715761913621,-82.44016479878101,267.9618649731092,CCW,4,0.16569616536093235,0.001979623848871264,147.53519374533374,0.06880661713013071,125.66836519336496,0.0030871995490359097,111.94970866106215,0.16569616536093235,15.813685607762096,0.0016971082447005995,39.00632108609152,0.04022498655694049,51.88346162239921,0.16569616536093235,140,2022-01-01T02:19:57.790000000
0.07118271201131197,-151.96587582665651,0.8559588063279043,5.095863804873119,23.933033199036686,CCW,4,0.09030441918804309,0.0003411661766695773,63.86693209706917,0.04016685453696077,43.347402840771714,0.0010385951710833376,19.936489374759713,0.09030441918804309,69.71995703313456,0.0003404210760199042,7.478721578228948,0.030927129537560095,15.909991486233393,0.09030441918804309,141,2022-01-01T02:20:57.800000000
0.26417223751819263,-44.60564312304208,0.7349476570542204,43.59209783187143,326.11345687604523,CCW,2,0.14952239383992819,0.0009523382173297342,339.1097497701013,0.14952239383992819,38.190503055164584,0.0014726292352289954,55.85650475906684,0.03284421272786426,41.74028657558726,0.0015242786754055947,30.049913766332452,0.06897010003934585,50.444617768030916,0.03284421272786426,142,2022-01-01T02:21:57.800000000
0.38649184087298877,-152.61934003264045,0.6404711396046431,-56.741049031483755,161.6434822564873,CCW,2,0.15715670245697277,0.002937779125575528,301.6265329817225,0.15715670245697277,136.02671197137516,0.0017099584134960422,105.88615354845807,0.08517066130317393,73.92112769913498,0.002053208841343645,23.86170250182541,0.06078720262457527,38.23132162804034,0.08517066130317393,143,2022-01-01T02:22:57.790000000
0.26497765166052173,177.8695878324946,0.572813761079804,-30.31235882706642,38.90279361178234,CCW,2,0.22817869577423333,0.002728884507684387,190.73105130207958,0.22817869577423333,153.71846013270454,0.0015586968120334021,66.87165724781175,0.09651293570113528,75.33909299556859,0.0013811781485488896,32.61906004003875,0.06082330277350269,48.60556379014142,0.09651293570113528,144,2022-01-01T02:23:57.800000000
0.24719207544297797,165.74818989724247,0.6444348355956824,-61.784614304506476,-0.3988299395515398,CW,2,0.15919570706072983,0.00496593735827902,1.7160040967580323,0.15919570706072983,125.3716657319325,0.005436252402522539,61.59050412470057,0.012236248188136784,13.005683760042105,0.0023684887287486883,10.156557995114783,0.029587504368424226,27.33279745449365,0.012236248188136784,145,2022-01-01T02:24:57.800000000
0.08032951543049187,-146.11931559272364,0.840998462742818,-10.001605098255908,6.547534771630325,CCW,4,0.08804883745828634,0.0024940421186016087,202.48177478592714,0.02944340698588584,160.1448181381563,0.000898664520370825,11.406812920785828,0.08804883745828634,55.572334587440714,0.0005184149798062067,49.81151496255789,0.048595403848125926,37.123083140678034,0.08804883745828634,146,2022-01-01T02:25:57.790000000
0.2292573155885691,-155.3140918757049,0.8318986933309038,-15.053645970663524,187.26927025947413,CCW,4,0.1174655194988706,0.0026755915801646244,93.92350788097124,0.0061015274628678645,55.42941935861362,0.0031230254383973702,68.82286416807699,0.1174655194988706,75.2478999706971,0.0038304279328378603,68.04624809847344,0.041716430080873765,9.190480802190507,0.1174655194988706,147,2022-01-01T02:26:57.800000000
0.29034214528373326,169.65395106058847,0.7385771433157491,-22.85245811312018,145.88965539929043,CCW,2,0.06520793600585015,0.0028956695474559014,211.05547956966987,0.06520793600585015,156.79998628389666,0.0004959228425882079,36.91345937219413,0.02274608348870434,6.218578627219038,0.0022346542977666655,60.28013164238274,0.0416390398241877,8.613068013037394,0.02274608348870434,148,2022-01-01T02:27:57.800000000
0.17615450903950536,-174.4025304382388,0.7079308565034519,-54.52914981667422,-25.80058161249893,CW,4,0.07939603859764749,0.0022370793125028065,151.84441876588787,0.07382920642046933,128.19240203028704,0.002368020159932621,50.26231706329992,0.07939603859764749,26.613030445448402,0.0013998610742199916,44.066305678253585,0.049963534250893046,1.8217546929194988,0.07939603859764749,149,2022-01-01T02:28:57.800000000
0.13774518310465164,-123.38692363198409,0.6388236940601933,-81.16897409794788,154.5256691891433,CCW,2,0.08329545877975167,0.0013406797436525712,8.91073656892172,0.08329545877975167,118.01177867349854,0.0018809753777036303,20.015679428750303,0.049604939345487035,77.49407647128463,0.003557866043999978,17.38742912534493,0.037969357159530405,24.228967915164123,0.049604939345487035,150,2022-01-01T02:29:57.800000000
0.338044804244714,-147.1237545450518,0.6536864366826801,-69.99039879487144,171.38351006628773,CCW,2,0.11363828583790911,0.001287172706128377,14.186946681490069,0.11363828583790911,96.95544363954517,0.0025384607392873386,44.55104157772061,0.10197247164017273,51.962016652354784,0.004149601572050494,37.92716505985072,0.06455458062001863,56.45145474734055,0.10197247164017273,151,2022-01-01T02:30:57.790000000
0.26674975620717206,18.27948815038731,0.6859201495824361,47.763608835234905,-3.536543123134649,CW,2,0.1110486210781072,0.002761585097561848,343.1488263831262,0.1110486210781072,46.51867994019152,0.0014552437695024517,18.72589220848498,0.0923657960226968,45.35531499324886,0.001257242601096697,20.682521861271407,0.05768632020469319,7.128358032415327,0.0923657960226968,152,2022-01-01T02:31:57.790000000
0.2054874315962316,-128.38413547814878,0.7858525979593745,-39.81505555640746,253.40204565035498,CCW,6,0.03696904030532375,0.0007038690030951226,200.63852121637782,0.026720863762420426,129.26195717244116,0.0009427615577843207,113.19125865195561,0.032637993968840213,59.80806581250545,0.002020740038719446,71.49046164743943,0.03696904030532375,19.25952263474544,0.032637993968840213,153,2022-01-01T02:32:57.800000000
0.39313781318789937,143.3639537481044,0.6385810129495415,-53.29775509193004,-509.384175156904,CW,2,0.09808957006716174,0.001271493029292618,36.50843222061848,0.09808957006716174,132.379786366966,0.001827426791767932,52.93345420016685,0.06238284351411538,21.82707877722955,0.0011476373212475756,64.12740847517668,0.05608364893766177,57.017056818183384,0.06238284351411538,154,2022-01-01T02:33:57.800000000
0.3331891760474862,-82.53439174613217,0.7281983693389348,71.96063548570996,540.4297558346228,CCW,2,0.13350864909570231,0.0037797072613107267,302.6948992448658,0.13350864909570231,73.45645901744987,0.0026709952203386855,40.56188596393427,0.09305239677955157,86.9473666346174,0.0015090484261192586,36.77714744437422,0.041997450560466415,49.68520006910893,0.09305239677955157,155,2022-01-01T02:34:57.800000000
0.3199320168746785,161.65557407082522,0.7618976950729316,-32.222407938938744,-223.64217811750507,CW,4,0.06857496972308748,0.0019299232362094973,248.14499045515055,0.05225569011652744,154.1576145390781,0.0025947933354878864,36.74404762793144,0.06857496972308748,42.67653995729617,0.002196779555876949,29.4183125563266,0.061997351262901054,55.9246929499464,0.06857496972308748,156,2022-01-01T02:35:57.790000000
0.2135770102767653,-44.79679678774448,0.9416942093770362,15.971120915414474,314.7644457836301,CCW,4,0.06294714066733928,0.0024727095928737592,139.41154932510074,0.014065949415174542,164.20620160185206,0.004053267873423888,6.468767350498626,0.06294714066733928,35.917297309249044,0.0008726871172943536,58.9922578515229,0.054276443762898065,17.936461586960064,0.06294714066733928,157,2022-01-01T02:36:57.790000000
0.2952057859117898,158.61889167725465,0.7102418291946301,-60.147838969051634,-310.4556182219645,CW,2,0.10182131220239753,0.0027262362271264595,48.77964374561799,0.10182131220239753,159.90189892317153,0.003990141257572161,48.017477547203235,0.09329462908718682,9.521595448950682,0.0010162981266214587,39.542189173313716,0.02291984704784833,25.6022811428166,0.09329462908718682,158,2022-01-01T02:37:57.800000000
0.25080594620296237,84.32168184612588,0.8129303513088574,-78.57508170244508,-523.8130303369344,CW,2,0.0719668380630551,0.001725902909910914,57.33867624645734,0.0719668380630551,112.2982979646454,0.0012434960075212707,52.142289324028624,0.03467325529461921,8.135772199471209,0.0023656235320950562,44.11062652784689,0.03461114441503473,26.247940660803437,0.03467325529461921,159,2022-01-01T02:38:57.790000000
0.13235841643872157,100.42102012958266,0.7176324701131986,-87.44314375601094,80.83579827182393,CCW,2,0.12879482674881867,0.0011681808743459528,309.21072947479104,0.12879482674881867,98.2940961416626,0.0010130356232917245,109.78311964403319,0.0885393534592767,43.33768488322103,0.0012762707516581775,47.823263411850235,0.06501898772546438,1.6369019057699652,0.0885393534592767,160,2022-01-01T02:39:57.800000000
0.3711620202679867,146.9004356949145,0.5919526198983952,-60.52482757599559,-69.98851278422198,CW,2,0.17968249973171455,0.0020933074897139864,198.52230165135802,0.17968249973171455,121.27540128594718,0.0008110998325789046,102.05486802126002,0.11962757793920903,31.17758588248719,0.0003770676803189937,65.97566647108921,0.07476681246707964,58.25660509976667,0.11962757793920903,161,2022-01-01T02:40:57.790000000
0.38100722802040315,-159.1639828829276,0.5871703946375427,-23.879510201796933,260.16858837124573,CCW,2,0.10420645498012063,0.002087066856133193,224.64681345591484,0.10420645498012063,148.42882489785572,0.0019342423226474796,6.4656169921118165,0.01747911714725888,34.35192343753427,0.004685845065123647,29.232885740526235,0.05773531932852143,14.54214640266555,0.01747911714725888,162,2022-01-01T02:41:57.794375000
0.208248428595523,171.23396933746247,0.7523215608985604,-41.80336440243531,122.81121469521429,CCW,2,0.06824755942948704,0.0025069661375710013,39.880200217905426,0.06824755942948704,137.26154935938885,0.000279185264839012,65.68076045882353,0.045900201446564474,46.6073831648878,0.002627905217954802,45.2040749996451,0.04324553092067465,12.242860781635837,0.045900201446564474,163,2022-01-01T02:42:57.800000000
0.21603880859452945,32.943141019964784,0.8596648742692219,28.959353566972112,-321.3639376377897,CW,4,0.0833705221818121,0.0032124552788386574,37.11467330925269,0.033464173854111885,67.15708407030098,0.004040874744519842,71.86849589620181,0.0833705221818121,20.130747537991216,0.005409598732031557,70.58758347082649,0.0281878299338369,26.68233295796696,0.0833705221818121,164,2022-01-01T02:43:57.800000000
0.08126264460562005,-102.80398783939901,0.8877035249637082,17.84406136845962,119.0218760268329,CCW,2,0.06063351211220136,0.0020643551017506478,42.99788364196647,0.06063351211220136,45.02307726033779,0.0016091082681911981,70.3736196206301,0.017900535382946694,15.92121430800627,0.0005106211916890125,33.7513509169122,0.02215917816955457,2.4908333357014394,0.017900535382946694,165,2022-01-01T02:44:57.800000000
0.27495743454140076,-178.8776885565498,0.8162702953029207,-18.484685536484136,-26.208418022828077,CW,4,0.15682530784148518,0.0005606508609691852,88.33624850816979,0.07227940241204286,1.272537070552172,0.002071879960744278,119.23280535701043,0.15682530784148518,1.1653096430290453,0.0011377006389224516,57.8398556971931,0.030130912261912748,31.708473631797798,0.15682530784148518,166,2022-01-01T02:45:57.800000000
0.04029158507024322,-174.36725574668654,0.9789348775380442,-71.66324670325521,-190.0846233785291,CW,2,0.09558074718658502,0.0008466052863894089,356.01413356644645,0.09558074718658502,171.1391325658257,0.0017170031660632427,88.18725099396406,0.06847165562767779,89.87712428171653,0.0028537472661800804,11.707950347338992,0.086322863077673,51.41037779937001,0.06847165562767779,167,2022-01-01T02:46:57.790000000
0.19525643533911002,-135.642246670993,0.870790181936879,-53.003648093400685,161.68319019241287,CCW,4,0.08644898412184236,0.0012304696401778128,190.03221966935226,0.04214144005652196,111.50992453813322,0.0019721059667947385,49.1341180525037,0.08644898412184236,55.09921043235913,0.0030301236239531986,25.82150304230231,0.05750317960958711,52.32354192316956,0.08644898412184236,168,2022-01-01T02:47:57.800000000
0.09887773471206256,69.5586735617579,0.7188640417632199,8.632361325594758,-50.371570821106225,CW,2,0.06563524587829082,0.00260972163722741,6.8308497561950325,0.06563524587829082,10.750482727871308,0.0011225399999161936,52.41064982603417,0.021337009772750472,77.73963487939976,0.002824037702707538,51.22666626518482,0.04473144561574129,49.53611892295284,0.021337009772750472,169,2022-01-01T02:48:57.790000000
0.1252979231833365,-100.13120771566756,0.793624709950209,-15.2949832148214,-56.31319546435251,CW,2,0.09203174739457651,0.0017347309013185262,214.97710546241115,0.09203174739457651,170.6433002121577,0.0013671818610523404,69.98402726338622,0.06431468220506113,57.1308151904368,0.0017961518400539812,31.440394853265417,0.06954575920608275,33.831313615575056,0.06431468220506113,170,2022-01-01T02:49:57.800000000
0.3835288498609345,-56.13499215254288,0.804097221144197,8.40809017969326,412.8168889678132,CCW,4,0.10238792945053846,0.000998062028174939,347.1370707450507,0.08690676912798592,169.30559681043982,0.0035225079264683983,91.72350175315304,0.10238792945053846,51.09143448252534,0.003945910397717365,44.36274417441065,0.057286965667229205,9.985832648959326,0.10238792945053846,171,2022-01-01T02:50:57.800000000
0.18974409418338678,-77.54458717478747,0.7434809705215041,89.62094880517121,180.4497450072316,CCW,2,0.10290946996074239,0.0028594262901254467,359.0426759212483,0.10290946996074239,91.37803737878144,0.0016442690663404323,49.95457426056672,0.027347871398739888,87.19663148764904,0.0028767111976440414,2.2341871646266154,0.04409429924608916,11.772639094718429,0.027347871398739888,172,2022-01-01T02:51:57.800000000
0.3408877274323098,10.325723926719752,0.8148545217564325,16.78268390249184,-143.57430816753833,CW,4,0.07604657214203425,0.0015041187283875931,299.7156792846003,0.04684922529141735,140.05253936562616,0.0010417888454067536,23.180851041731117,0.07604657214203425,7.873124789867486,0.0016101847792395416,15.389839645341125,0.038028005412199715,53.98151727583681,0.07604657214203425,173,2022-01-01T02:52:57.790000000
0.1889389157010611,110.8810442039617,0.7935014337736603,-16.463400969926198,-225.286171637419,CW,2,0.10320104790427699,0.0019051135054176803,48.87842073423379,0.10320104790427699,174.38916233920045,0.005843642599895701,1.985111016408025,0.05600831428967584,17.125202404322884,0.0004452121272010223,45.68594045269883,0.09309413385581383,5.9455314325078525,0.05600831428967584,174,2022-01-01T02:53:57.800000000
0.3758006528491654,-150.28653701140396,0.6827887930884609,-23.782076473790625,326.59017934590344,CCW,2,0.10893627576923044,0.003909628316971912,356.86736576406537,0.10893627576923044,130.58891696237407,0.0009229671963477138,51.099702005458326,0.05789903688403424,88.55765882550921,0.0030332681304658803,41.63098853005073,0.03758924937206357,0.26794309548048706,0.05789903688403424,175,2022-01-01T02:54:57.800000000
0.24344353042715278,98.04805845280566,0.7999963545483741,-8.182243475826937,-330.7863220862082,CW,2,0.053197986012445804,0.002486591705901151,295.7388942888512,0.053197986012445804,168.03042928519244,0.001784190380227605,59.95317530544621,0.02953723082279015,46.03210802920168,0.0015583902974234374,55.27963057961762,0.0341201630202815,10.374097007504849,0.02953723082279015,176,2022-01-01T02:55:57.800000000
0.08426965440053531,73.49191880776665,0.8175267721771031,83.70173906981236,-90.93469842308141,CW,2,0.09020852243020268,0.0011347028600238957,213.02996788224056,0.09020852243020268,80.0299021634622,0.0017935054243270398,23.89752118843158,0.058644387832609994,56.61197260178427,0.0015847225267551512,20.233113377406198,0.014361669877749847,57.59425320106858,0.058644387832609994,177,2022-01-01T02:56:57.790000000
0.28970831637576655,59.755673838332115,0.8056234650451676,58.93395996437991,-154.71381559267053,CW,2,0.06636896833464401,0.0003606248683412545,88.73690306305235,0.06636896833464401,66.53971044603155,0.0039604463019701185,21.89552465966538,0.030566984262686125,70.46833588797428,0.0006827382948268091,35.97337817785307,0.04938926241209716,27.85731424504118,0.030566984262686125,178,2022-01-01T02:57:57.790000000
0.41956382621295457,124.12898892958917,0.6841910808193584,-64.9730473971111,-283.3987289137132,CW,2,0.15348482495579613,0.0023514866671192217,89.00651539087427,0.15348482495579613,119.53650735504183,0.004102664773077824,46.481150305176214,0.04692773009723991,17.083308368701374,0.002791495766566239,19.568111684807032,0.031119241939746516,28.121285311728048,0.04692773009723991,179,2022-01-01T02:58:57.800000000
0.3264878324068921,173.79002255681027,0.6466796052659852,-56.0255949058745,-45.83429539971253,CW,2,0.14003126454267778,0.0020966804204966823,284.0463424122032,0.14003126454267778,118.63687919499166,0.0010905843051791002,6.613845288984411,0.04343287426931859,43.69761941290354,0.0026765429799090194,53.98381359109842,0.03411958784846191,24.6429318107208,0.04343287426931859,180,2022-01-01T02:59:57.790000000
0.20538474389374578,-74.5912139969418,0.7957421821515254,11.21721848077155,18.715317128411982,CCW,2,0.09147847371005079,0.001974537708034861,332.4513684267498,0.09147847371005079,168.10143621427966,0.002393094207957708,63.007344268109435,0.029199408527050247,21.548424283463287,0.0018251710978023205,38.49111474137657,0.029013780678036002,56.33829701557182,0.029199408527050247,181,2022-01-01T03:00:57.800000000
0.23219580603214307,-90.94663005226373,0.9478116888272378,27.796211129893123,218.01790369692287,CCW,4,0.10310395105547325,0.0011053967088050676,289.5235873012343,0.011221131035410732,74.60630193456443,0.0007779170022363543,21.493938118097084,0.10310395105547325,47.817189000529396,0.0008385694702618758,40.26843815142738,0.029319409071949055,41.393115420449156,0.10310395105547325,182,2022-01-01T03:01:57.800000000
0.2787166197722634,143.22115853586226,0.7288491388928865,-35.283723947694995,-162.91412926055932,CW,2,0.09094619435713477,0.002444407552060508,151.31787338351526,0.09094619435713477,149.77374753346604,0.0010627804429490788,48.443647905942605,0.021633865361668368,68.76837340485028,0.004392867881608327,26.79152018899529,0.051420399014735996,43.28936209429618,0.021633865361668368,183,2022-01-01T03:02:57.800000000
0.10086574724924205,-87.91304994436314,0.8311916460905076,-27.712209165569107,124.51648725835393,CCW,2,0.09842761433779769,0.0019696019451966645,303.67566976410166,0.09842761433779769,134.4528263942708,0.0013581960939017669,54.75392772552601,0.035951458927935095,54.15300081689299,0.001081845785281384,44.21537716531783,0.020393981164033178,21.56906818107658,0.035951458927935095,184,2022-01-01T03:03:57.800000000
0.17056931584736268,-7.971508589117599,0.8168702417702913,7.049717675846409,-41.37896939894729,CW,4,0.08376714842973354,0.0017369762693799896,163.86533030509443,0.08196814779432858,8.610734306576262,0.0019119236132911174,66.76292769708314,0.08376714842973354,67.18761067478981,0.002214923958692395,3.8540708209654113,0.04952222185435906,30.619004364642848,0.08376714842973354,185,2022-01-01T03:04:57.790000000
0.13977576644699566,55.886098866184206,0.6926556286612114,79.03666932451527,-210.76835909815645,CW,2,0.06684159680518238,0.0018961635569295552,327.46441857781923,0.06684159680518238,77.69387822667254,0.0016204189805881745,10.328338117971638,0.037754717803208895,77.6200958539525,0.0020089627868490976,57.699710948784336,0.0350037226144033,49.082617737358994,0.037754717803208895,186,2022-01-01T03:05:57.790000000
0.2610303264569251,82.38120070871142,0.7925222738776231,43.054502391897444,-289.27532206683054,CW,2,0.12838874470832268,0.005955954126619766,150.9223863109118,0.12838874470832268,50.885954672961304,0.0015443382159148387,116.4572273717552,0.015530981231852493,24.74112585568248,0.0037399017485936488,69.22607762731104,0.013967286648612614,29.84261685175259,0.015530981231852493,187,2022-01-01T03:06:57.800000000
0.10821674140479742,120.01096781570259,0.9582756574789935,-21.911567279448178,-185.34240740134032,CW,4,0.1932570005678055,0.0032897977923318404,50.097972674083294,0.05785328830642312,22.565670104412185,0.0026198865591585884,36.00216115876382,0.1932570005678055,26.777887793403043,0.005798786061727261,32.393795460103696,0.05448652626177243,5.1345687157627715,0.1932570005678055,188,2022-01-01T03:07:57.790000000
0.3064304854420677,36.71479038650568,0.7607521528111664,60.189729453078776,-211.06892204496074,CW,6,0.10524764645292832,0.0007618372623592706,313.00899322697535,0.0791946575802321,74.11732653912512,0.0003981547736912871,36.52452366234448,0.043098272687830445,71.99756409417095,0.0018734117539088587,56.59174698589736,0.10524764645292832,24.84448690674944,0.043098272687830445,189,2022-01-01T03:08:57.800000000
0.43629963529450205,-163.25119471932416,0.6993962402983874,-44.27564560432327,420.9010124731036,CCW,2,0.12774169401032795,0.003072625163450997,294.1403619056898,0.12774169401032795,151.10000806839363,0.002693950295189987,82.72806279184712,0.047081658302670595,75.30969423078119,0.0032194784773932816,27.741505808611485,0.054043188516735105,45.338425275336235,0.047081658302670595,190,2022-01-01T03:09:57.800000000
0.4370564744553726,175.79603137880127,0.5338878882284264,-57.56576672155229,-151.1736578183934,CW,2,0.1894463586297269,0.002037995847298283,65.29775988317677,0.1894463586297269,117.33510558658384,0.005003202870511685,44.14218645415964,0.015003742098891788,66.9936797968791,0.0035606626831758354,38.50358585812139,0.058856654842938026,5.4079474417222455,0.015003742098891788,191,2022-01-01T03:10:57.790000000
0.281327003571944,118.5766612059171,0.7096966453633597,-2.138038120065488,-382.76603091438534,CW,2,0.1299617803841273,0.0044714275028569,339.5623587110003,0.1299617803841273,10.850433285336505,0.002204116202700371,88.31725882558712,0.032427670654853843,9.794431767786314,0.001927156472327399,5.708017893874302,0.02850002919666737,38.20155753293105,0.032427670654853843,192,2022-01-01T03:11:57.810000000
0.09111798641145061,-11.995746025722855,0.7839912361438429,55.83263510184073,76.45030318853432,CCW,2,0.11942663793168445,0.0016700106026684269,203.306942574841,0.11942663793168445,54.507896058476575,0.0014278246177722323,31.251458919555745,0.07917512039181818,84.76041761096121,0.002295650545703104,69.92833161563865,0.020147393007369275,40.416537655807176,0.07917512039181818,193,2022-01-01T03:12:57.800000000
0.4019803176342751,-153.95105794815876,0.6376762803783592,-65.7405812719664,269.633919992612,CCW,2,0.1525040847485952,0.0028835395520517637,191.62669499953782,0.1525040847485952,129.95430955386308,0.0018176183642041755,99.65069830161818,0.04668732292367943,76.36317027491266,0.0037671976844503006,63.854339736090516,0.0651186469169479,33.17034220837247,0.04668732292367943,194,2022-01-01T03:13:57.810000000
0.08975066240257112,90.7010544007845,0.813807701166533,-10.4230396355955,-89.16852199652476,CW,4,0.14102408763715887,0.0018626966297312483,45.68291344269666,0.04513130447743163,162.92603598740624,0.0015235839053010286,47.14495759771436,0.14102408763715887,82.26422897857839,0.0024981787365138393,57.6518929484342,0.05485716725275995,28.706038024453818,0.14102408763715887,195,2022-01-01T03:14:57.800000000
0.09451253612822648,119.57568641552602,0.8295476307888041,0.6192372691459695,-66.63382959821534,CW,2,0.09879474302009847,0.0009395369669597251,148.86151270534666,0.09879474302009847,14.597770895081464,0.0043242405546974165,81.05737662080469,0.07253464960327433,80.08333824483441,0.0028464529010402443,66.92490472370325,0.02275746492914581,33.5522275140514,0.07253464960327433,196,2022-01-01T03:15:57.810000000
0.24087124399164941,31.475263356434652,0.6436533101307584,65.73690030125881,-283.70895893109645,CW,2,0.1212916187834135,0.0024322619740443294,228.24791923373994,0.1212916187834135,68.08101163048734,0.0005329504835761741,86.84453743576353,0.06497352439622178,60.42437467854542,0.0024670315074900996,32.90248861088771,0.03568685098246828,58.64868381945225,0.06497352439622178,197,2022-01-01T03:16:57.800000000
0.12815854279272676,167.2291178888653,0.7606325470515345,-45.98361000225066,-175.35021635476858,CW,2,0.12168729378769877,0.001574097138251341,131.09994988737756,0.12168729378769877,124.2094125178393,0.0014578392262535275,85.3452520199561,0.06684683567952057,18.689614493892336,0.0016093357229852187,0.6219698321654793,0.03300293660097297,8.9228843005265,0.06684683567952057,198,2022-01-01T03:17:57.800000000
0.11579261356584433,144.2744301460783,0.9383138867076463,-64.98683765221942,-93.19960856550361,CW,6,0.039364997290196345,0.001528563114942609,293.4906245006537,0.010188132135180251,5.576088232108088,0.0016973712728733763,17.026204853224254,0.03569208172873639,51.30330872693933,0.00045705135932801145,4.7507269511279,0.039364997290196345,58.64414688674052,0.03569208172873639,199,2022-01-01T03:18:57.800000000
0.5942719669969566,171.72813761091683,0.4397309374653101,-68.47268587390715,-17.71784495144287,CW,2,0.21746009922799459,0.005178294247312573,221.5490833358299,0.21746009922799459,115.92592304444904,0.006202840198645577,107.07248228101516,0.10678136757410814,10.310930119591912,0.004708066654927613,18.940359488885672,0.03247962709411535,38.27375740685939,0.10678136757410814,200,2022-01-01T03:19:57.800000000
0.2668428914662123,107.77207179480442,0.8563022102561119,-62.9527323018815,-345.4143862188876,CW,2,0.050714807793040446,0.0016855438517617207,156.1178270395661,0.050714807793040446,125.45761601456326,0.0020720861080988718,116.1903745193629,0.04705173235698637,34.4637751763493,0.0036699759401414575,36.187536723027776,0.047372596366542424,10.091897762808799,0.04705173235698637,201,2022-01-01T03:20:57.794375000
0.21364173439441078,-177.60608504160228,0.7999217903500498,-30.80962329445427,18.71007902230292,CCW,4,0.08485403743790994,0.0008791370755749801,358.1693465034511,0.07798336981793125,175.59307807709826,0.0007446511903950442,118.06688881763301,0.08485403743790994,21.749080080313124,0.0009212459751273942,38.16335323079669,0.03388912706401752,13.532386822545133,0.08485403743790994,202,2022-01-01T03:21:57.800000000
0.47034734070018486,164.589334469424,0.5661934212779841,-49.646374071932485,-157.35717031927442,CW,2,0.11542327133164951,0.001629209953560367,146.86721139227555,0.11542327133164951,147.67141007254156,0.002478549365494825,74.07170182676325,0.04454073975725744,30.246159712816837,0.0036334450630220666,48.54416645703353,0.01364908296816911,18.155772484535138,0.04454073975725744,203,2022-01-01T03:22:57.810000000
0.3217790858626102,175.14467426801232,0.6030226642021341,-78.57234065747258,116.77959502081205,CCW,2,0.13745564529623003,0.0033084820562616782,60.75718011886952,0.13745564529623003,97.81839008003185,0.0025296271859656274,101.01812549208373,0.03176741329357623,58.56284662967942,0.003277405151128027,31.774947643943907,0.016108232101115828,25.815711322902043,0.03176741329357623,204,2022-01-01T03:23:57.810000000
0.41056925316621434,133.08603851044046,0.6030616131930785,-62.5596564943975,-546.7432185084308,CW,2,0.11814486135883699,0.0022133171901233505,96.72124120119167,0.11814486135883699,119.6046943413987,0.0031016446494761926,4.306660734518613,0.08778408042612561,38.2692197981329,0.00330526112489406,11.10120395914325,0.03231212579584671,57.211956221697534,0.08778408042612561,205,2022-01-01T03:24:57.810000000
0.16322335501473528,-68.83387289312824,0.8684006886614557,-77.89432591245219,139.3640495465272,CCW,4,0.1111464192589184,0.0017942023946506515,8.499515827317284,0.09812203102087598,116.76566041727683,0.0027429434755869004,58.5784144323676,0.1111464192589184,53.70797265737025,0.0018907851515869345,48.287057913260576,0.10297234044672954,29.912975501250518,0.1111464192589184,206,2022-01-01T03:25:57.800000000
0.14592430808003226,136.20836879195673,0.8996189666914094,-51.708026777660564,77.41537003860853,CCW,4,0.07993842431189026,0.0015416254731182035,43.1709782489368,0.016829442619873885,87.71532611910858,0.0026440480835533105,79.83155531589973,0.07993842431189026,47.89937001263319,0.0018607323509808526,13.823558665690069,0.01375207256450079,25.61807463099041,0.07993842431189026,207,2022-01-01T03:26:57.810000000
0.09896869107941253,79.66735153735621,0.8192020024208927,-89.530739817951,18.2220036519916,CCW,2,0.11904244203994009,0.001361459657653529,341.2384048374674,0.11904244203994009,96.69532953901798,0.0018785496961948715,52.700027858625,0.04872618964130801,57.46882037307601,0.0019619667645133726,26.94464339791721,0.03689478734714471,39.75402701826229,0.04872618964130801,208,2022-01-01T03:27:57.800000000
0.5418484754224141,-150.97488046315158,0.6840814461992876,-46.582243283895366,474.31070194483624,CCW,6,0.05488146473325126,0.0005107913566001207,125.04042491053164,0.03741282773549216,138.1378881464126,0.0020481902865983736,76.9161796373153,0.0363304892918892,29.380313310801032,0.002842049756360333,7.541605562456443,0.05488146473325126,51.40369223886574,0.0363304892918892,209,2022-01-01T03:28:57.800000000
0.4061252828340248,150.61265259948124,0.5778204740919015,-61.193977367076755,-122.13191012875915,CW,2,0.18389539298837562,0.0017829952271650438,104.9732033355968,0.18389539298837562,114.54315815246872,0.001838168068230705,68.446820151673,0.06625549408417719,22.0592283959254,0.003502955877775972,25.32992741990412,0.03268473862891425,46.4712202687434,0.06625549408417719,210,2022-01-01T03:29:57.800000000
0.10251299643827037,12.31910318895953,0.7716800665141142,19.452885305761356,180.34783388929964,CCW,2,0.11007511274702705,0.0024920611149687843,0.23574925831262053,0.11007511274702705,31.16209618249009,0.003475447990156884,118.14073757275902,0.058396176768811835,68.36924960767142,0.0016582818030340715,29.399579397501366,0.049885555452521504,57.31916049443723,0.058396176768811835,211,2022-01-01T03:30:57.800000000
0.20422826326127463,179.80547601421995,0.8110907187029535,-31.12507532918039,-262.24481148462013,CW,4,0.11440383646929482,0.004129095211081391,312.819168929913,0.07958130221442888,144.07425339630683,0.0008548298044035598,75.69053986534729,0.11440383646929482,0.5742956670913963,0.0009258584436266621,26.37116481331628,0.061576246268146305,38.96180605656776,0.11440383646929482,212,2022-01-01T03:31:57.800000000
0.31643376878739304,164.65187425398662,0.6847699233630223,-43.24048259380194,-22.546151935568133,CW,2,0.11883920329975936,0.0031013742409917813,133.69157844265598,0.11883920329975936,136.61245415708805,0.0012432803232135684,34.96942321745601,0.024672386836406875,44.670862249264,0.0009206115927691886,70.59057127849569,0.02075083293097643,37.15562889743761,0.024672386836406875,213,2022-01-01T03:32:57.810000000
0.39831865639269065,-149.28541997649714,0.7130621578211822,-38.51832680640777,125.59762600082274,CCW,4,0.056490138097354224,0.002979847436112738,182.7428012042531,0.03086784924673454,143.01424381391863,0.0017411627174374854,92.01053899729955,0.056490138097354224,67.25936687081904,0.0025068375599523436,15.870707005842693,0.031200699239492397,27.533969801479053,0.056490138097354224,214,2022-01-01T03:33:57.810000000
0.18480031165537614,165.46321663938113,0.8179735765158921,-39.811341716803184,-209.9305749281993,CW,2,0.06420397498488976,0.0022084630651291264,126.54508857649284,0.06420397498488976,133.66946762344242,0.002296056707160013,95.35785231723443,0.013186988294421415,86.3633002041653,0.003077700070027478,26.560478021940288,0.041732606452221696,22.733905883687473,0.013186988294421415,215,2022-01-01T03:34:57.800000000
0.2937205111499499,70.2919016625362,0.9296386324165964,-0.7971337676314079,-505.4142535917414,CW,2,0.03836201299010347,0.0020364013038392565,17.785390737536535,0.03836201299010347,143.92313664992696,0.002781841474468538,8.680145732978481,0.03092459504504395,44.25403140926854,0.0030332484397028836,48.963781282732796,0.022642380745456176,0.5339664611584709,0.03092459504504395,216,2022-01-01T03:35:57.810000000
0.1810112293409624,-79.21597020869469,0.9467499274133366,42.915116440594346,180.26656571173913,CCW,6,0.03891158653972853,0.0003224855663588891,267.21493336661064,0.03329330732557265,33.43825616696889,0.0008285921182452727,57.06480769665205,0.03809606624248211,0.3038405062499373,0.0028220934005875322,18.219298088524987,0.03891158653972853,59.79932977379474,0.03809606624248211,217,2022-01-01T03:36:57.810000000
0.18761945309985525,138.425712886555,0.76307273705919,-5.138655858349324,-86.64542347740868,CW,2,0.09117651328000333,0.0006448069422491233,3.1949983699964646,0.09117651328000333,159.4116501475422,0.0029417918079910716,89.21190256369192,0.05773404360102863,68.30270746920135,0.0015114063622091967,68.33677867894721,0.08069348688512816,35.878706591815174,0.05773404360102863,218,2022-01-01T03:37:57.810000000
0.21226162364110576,-174.6979607434327,0.7253033969847643,-10.501407368077452,-11.167587743308061,CW,4,0.09875326588778512,0.0010406272974761424,8.71517677146177,0.08998225503962298,177.43816503216547,0.0019655830812297134,78.8791184538844,0.09875326588778512,3.949186000043295,0.0010970928274564142,53.32683579635772,0.02161535679835604,27.9045475081059,0.09875326588778512,219,2022-01-01T03:38:57.800000000
0.4587375118875158,43.073704652486,0.6585777653703948,50.90153694126104,-316.4527228336193,CW,2,0.13693983754003694,0.00256937989742228,45.055194513713516,0.13693983754003694,42.13999263542908,0.0008722177133719446,13.109029552226325,0.006981920227860957,31.892046960287885,0.0024677349046928034,50.73268084217348,0.011102457257894978,24.226565811959464,0.006981920227860957,220,2022-01-01T03:39:57.810000000
0.18006808320468712,99.9021212544754,0.8654983175466086,-50.01316112697262,-354.1837215238172,CW,2,0.11381241300759146,0.0016590990430190222,296.06046011591076,0.11381241300759146,134.82132675613175,0.0026983966932305663,78.37144988700729,0.011723881201119904,69.30796664062669,0.0006789297933490262,20.88866072409869,0.05087932718452565,38.98641387510624,0.011723881201119904,221,2022-01-01T03:40:57.800000000
0.03255924260944611,172.80317252946648,0.8345015835742922,-5.428243862132405,-96.38587863916987,CW,4,0.04886151273096721,0.004612093116380486,196.71461364276382,0.013738603945203574,0.6260433228083481,0.005148330399995622,15.34741837290495,0.04886151273096721,71.45826320543429,0.0021421332919281774,55.99786254447863,0.0154889878236609,20.246497358197082,0.04886151273096721,222,2022-01-01T03:41:57.800000000
0.19468722235740935,64.16578512182082,0.9846925527982786,52.14469290532891,-23.81215945104333,CW,6,0.04194607698576828,0.0004636150085952649,324.20679025555035,0.01858100078308318,90.34327662308026,0.0005430099390077345,22.971881267379427,0.03819755652937734,29.46501839954404,0.0008823233980476784,7.940079250830673,0.04194607698576828,48.16792951100068,0.03819755652937734,223,2022-01-01T03:42:57.810000000
0.12158056901792653,30.26910134768768,0.7591522979665349,40.97190066095243,-89.50955660721792,CW,2,0.13185160909497878,0.003085430906121314,162.61261698385812,0.13185160909497878,40.85166830200084,0.0032074377665700596,82.116996190197,0.07927392886537211,10.840001690732327,0.0005481708337397972,70.93208864515708,0.041627277388173754,28.90642296563422,0.07927392886537211,224,2022-01-01T03:43:57.810000000
0.5523084626453489,162.78818535462105,0.557920250065444,-62.981684727912224,-53.334409624138516,CW,2,0.1488485658741048,0.0010963873592739631,98.64410011519008,0.1488485658741048,113.5145060178141,0.001085094761799326,70.3823762123036,0.0415980776742821,6.107110927500657,0.002294735942270925,33.52229151182834,0.04450422236808196,34.2353148062638,0.0415980776742821,225,2022-01-01T03:44:57.800000000
0.0523060920665892,155.25401855845544,0.901850539990841,-65.77817549603861,27.136999336113924,CCW,4,0.1096659726654122,0.0029301785812407936,321.68148193918506,0.04610886026956197,147.1096952892666,0.002843348092533139,46.59360604175185,0.1096659726654122,0.8212024661177824,0.005112840907484672,19.02812888490969,0.052063865241202115,55.70330132580885,0.1096659726654122,226,2022-01-01T03:45:57.810000000
0.3104932186680156,108.98763642038645,0.7767368890542873,-34.347904507125975,-759.8550262874472,CW,2,0.08335523387347292,0.00045698582295687894,47.54309556699298,0.08335523387347292,139.50935317313088,0.0032283789030140863,36.10908463346509,0.03408818703606305,48.97861962608075,0.002602356809671194,29.481639740593586,0.013532055003484457,13.117029601256183,0.03408818703606305,227,2022-01-01T03:46:57.810000000
0.1811901815805621,138.50380158681133,0.7473381846617764,-20.847757099597914,9.782886103253212,CCW,2,0.12274719172897652,0.0016042275686169896,319.42392796274504,0.12274719172897652,141.89593153412662,0.00047320036508696273,110.52585638675869,0.025646177511237135,4.349458835902357,0.005224375742151791,8.409607381463518,0.06937425798105418,41.11519865015751,0.025646177511237135,228,2022-01-01T03:47:57.810000000
0.4719042575615988,-161.00351092703266,0.5988688404453623,-59.95708585632016,88.86856062748205,CCW,2,0.15448394648125802,0.0016272830420264446,203.46090556040346,0.15448394648125802,108.70158671381493,0.001478168738586354,79.0291749711795,0.06685810406501427,7.990697476326209,0.0008440016078759602,40.91819310407329,0.04852582107972013,40.0653469515811,0.06685810406501427,229,2022-01-01T03:48:57.800000000
0.2125125296237377,-113.05481694996128,0.7067843744612041,-72.88052792666326,179.6302436137182,CCW,2,0.15486723758252346,0.0011788837988674194,96.41738242752247,0.15486723758252346,114.13519355237231,0.0013259914837010476,64.85766889869794,0.04896710277064805,77.1147797017556,0.0018537000025494756,30.668118531701012,0.03292523034962456,31.39011929444043,0.04896710277064805,230,2022-01-01T03:49:57.800000000
0.29568128106443636,-155.28163187009315,0.7784603202050056,-59.71677722997289,240.17090836777132,CCW,4,0.07718576030917867,0.0037807207952663137,337.7497804715169,0.07664202167285361,149.26307723527364,0.003278789696581804,58.7786019909449,0.07718576030917867,14.990817794975408,0.0018398350351847008,58.08518046745618,0.06692328596133397,45.45965024188835,0.07718576030917867,231,2022-01-01T03:50:57.810000000
0.3412830103060886,168.0383085411891,0.6818211501544365,-44.75396203077216,-282.09944107188926,CW,2,0.1215574605925327,0.001649085209792923,234.58969024345157,0.1215574605925327,138.82252202327564,0.000863319577858611,98.2554780102216,0.04628503448798823,65.53423000422794,0.0007644803672019963,4.147769569313902,0.07101843985790172,38.33547471052273,0.04628503448798823,232,2022-01-01T03:51:57.820000000
0.25944544044711054,53.939001882134754,0.6236248434130037,17.544248437548617,-271.2671972664063,CW,2,0.1117180729109225,0.0004220804096081548,119.50762994171792,0.1117180729109225,15.481850797959286,0.0019721838815619183,51.70452361566786,0.0989763196310396,28.729083835717237,0.0003281283864285146,35.00425344476953,0.025432656366369117,39.869313219647765,0.0989763196310396,233,2022-01-01T03:52:57.820000000
0.21034998209170055,160.89078033951145,0.5418277388614571,-77.54463224070487,-138.70696002937603,CW,2,0.17607071940344243,0.0037201095084445582,256.44654400769195,0.17607071940344243,103.27103356540712,0.004332010605441272,91.02950828409996,0.027483641742340074,36.95446685943097,0.0022476355597069978,61.97826467460599,0.043894553082927994,14.176345741364411,0.027483641742340074,234,2022-01-01T03:53:57.810000000
0.18241339168014523,-32.91521611428416,0.6972558060784152,39.542100716847614,104.19924490432959,CCW,2,0.09417790691885586,0.0026047003767221493,181.06296112020206,0.09417790691885586,32.26213932761191,0.0009296240994374772,20.744852423151613,0.029586359200402267,43.060018567214726,0.0035567754883768714,51.02654858209419,0.04330788937342331,37.40427481615052,0.029586359200402267,235,2022-01-01T03:54:57.810000000
0.23726603563052695,-116.04761677891254,0.909189444955893,-51.1708938013891,151.22030722541297,CCW,4,0.05303380734896994,0.0026856697801153867,199.2476324210661,0.027276827327379963,114.46114616984671,0.003264964903694127,66.8171268059555,0.05303380734896994,85.47341854891272,0.00238058801696663,60.51075917752742,0.037314228719440554,44.493817722502946,0.05303380734896994,236,2022-01-01T03:55:57.800000000
0.09499982285849944,-98.4873447108896,0.957567073707654,-38.361293040507036,-7.059008682713511,CW,2,0.040991386330629924,0.0014430557674099552,253.6895530759982,0.040991386330629924,171.87120372344742,0.0011684331397028016,96.45256202739961,0.020421919680130757,19.654300776476475,0.0015907042035572623,63.525498797305616,0.0313709414333946,18.64351316119944,0.020421919680130757,237,2022-01-01T03:56:57.810000000
0.0718089980675014,-144.0471865598755,0.8550555763065275,-10.866447186564614,13.207592653212487,CCW,6,0.06640563642172063,0.001738943234527055,87.83160332443528,0.056892992192603006,171.55829921143362,0.0007256757678691083,99.54972840652007,0.06453534200565231,22.41643292229106,0.001907534533213627,8.891309394492863,0.06640563642172063,19.607268929899398,0.06453534200565231,238,2022-01-01T03:57:57.810000000
0.3128132086510596,26.385366286545548,0.7622563750698081,68.80055416866111,-473.37844455957173,CW,6,0.07082230966247224,0.0016232188187858178,335.0753732387606,0.03741554087555683,72.60191151812137,0.001964243472113627,96.38973282547336,0.03746006878104206,0.0421615620376379,0.003047972511849772,16.144324311067454,0.07082230966247224,15.205590241074459,0.03746006878104206,239,2022-01-01T03:58:57.800000000
0.35404212981962807,-100.65323453420932,0.8282335640542412,86.07394739000908,134.7242001554082,CCW,2,0.07641467261225889,0.0027453857733556767,293.9000899538499,0.07641467261225889,96.43522184204633,0.0018646548255863422,115.05128367806122,0.03102991291302121,88.19993905980598,0.002491971214532238,71.89548459773039,0.019564563290014707,14.974389178281431,0.03102991291302121,240,2022-01-01T03:59:57.800000000
0.3154654354823588,-158.14802133045112,0.7782655125959816,-63.552443097039514,70.38315449835132,CCW,2,0.08656188314379212,0.001192599344903959,250.2242485375552,0.08656188314379212,106.8347957666751,0.0007818207079952532,112.35188031673752,0.05259924638827697,77.978422802137,0.002437129245011412,4.57952552006659,0.03456424637551672,29.71308483547789,0.05259924638827697,241,2022-01-01T04:00:57.810000000
0.5421786203600336,179.34323634475572,0.48721466205173736,-37.24467107789201,78.10233938827433,CCW,2,0.22553435600222235,0.001118175985186691,351.1689839349433,0.22553435600222235,138.04545208687756,0.0023224675778111374,109.59236220436668,0.038313202463929816,60.82361782054784,0.0016015711229032004,52.54351479934536,0.0670027106435576,20.95076657446302,0.038313202463929816,242,2022-01-01T04:01:57.820000000
0.06250284940087109,-39.474196826617835,0.7239511019693424,3.345442471585244,-87.20604693977461,CW,2,0.11834921266925379,0.0007133473452119508,234.40640048043198,0.11834921266925379,4.283100472738171,0.000620105642350649,96.63113398299905,0.015302507928810449,29.764919966223434,0.0028584349251055195,34.67717565209262,0.021025297556805465,23.72587780646535,0.015302507928810449,243,2022-01-01T04:02:57.810000000
0.270286796518378,60.660404988819984,0.6776210698632851,24.912693747989408,-157.3267353449963,CW,2,0.08458751484617932,0.0031750890326471067,84.65738304073207,0.08458751484617932,23.750185840574716,0.0028377101381431764,77.48270491376621,0.051261308175380854,37.50417973230734,0.0026406011839249055,7.0860554702341085,0.055690815847188324,37.99583902210956,0.051261308175380854,244,2022-01-01T04:03:57.800000000
0.3277518994694859,-59.93791687359895,0.7995387699584552,65.84172381132355,333.2595774257228,CCW,2,0.08050381179396211,0.0010376363902867404,80.75862087102894,0.08050381179396211,65.46998428744827,0.0015339048785351264,23.44140244620552,0.07776045603137682,88.14310732207643,0.001063092538330114,16.790841590219504,0.05110657332107596,30.327166974874167,0.07776045603137682,245,2022-01-01T04:04:57.810000000
0.3263311571285658,-160.50934988460574,0.5856576222648295,-73.88519828249426,113.92403127784496,CCW,4,0.140314204193144,0.0014724280144320667,354.3337454278597,0.0790914163627264,119.48404755485691,0.002165167250025494,101.00742054506793,0.140314204193144,10.004559332791489,0.0015026944956343866,14.443774153026656,0.054450584767320113,33.36413842332948,0.140314204193144,246,2022-01-01T04:05:57.820000000
0.2782012912032482,91.74329428782742,0.9192171431410489,-43.475407439751905,-448.636137527929,CW,4,0.06763346339029333,0.0024930085230010115,221.3357462442652,0.05929572109882115,154.89767526626693,0.002364362429088259,71.91023339240178,0.06763346339029333,54.93772122810741,0.0013682015445317425,60.6667412333469,0.024550629058379927,43.323274360472055,0.06763346339029333,247,2022-01-01T04:06:57.810000000
0.19129755488384254,0.537655938020841,0.8661214134671799,75.15176665803592,-34.34778273432488,CW,4,0.06965731947802142,0.0020493404774740544,32.646776453323625,0.06876144889023052,91.09097448991727,0.0013387476549112105,85.93522974305147,0.06965731947802142,15.929748073733442,0.0007087948107853673,31.349871199805868,0.031089031111599136,27.153215935954016,0.06965731947802142,248,2022-01-01T04:07:57.810000000
0.39638206268107623,173.75830384005948,0.504705745038951,-65.04332689050413,13.696604744661727,CCW,2,0.21954912549321026,0.005321781904606358,113.36485465955155,0.21954912549321026,106.50509879448555,0.0007231903323040574,85.55123468842169,0.07924200927008306,17.22862505701898,0.0019917141688040384,9.371066638093305,0.02859991362674144,59.42450478435208,0.07924200927008306,249,2022-01-01T04:08:57.800000000
0.08915347996812799,-64.7683443821581,0.9623823314527564,10.339445762215973,124.49246674060856,CCW,4,0.06087803860485012,0.0015444679814934764,354.2856032535877,0.04032070591040967,17.67435300335849,0.0013804533650355565,87.70062542626326,0.06087803860485012,69.3418977556012,0.0033778794161732884,11.912817846290517,0.050603823829052846,2.609677116416154,0.06087803860485012,250,2022-01-01T04:09:57.810000000
0.12065877916962225,-35.282664936051404,0.8123115413527947,3.4092679105623347,104.22047905915879,CCW,4,0.08041598204296264,0.0008637746906835536,261.2852952071597,0.027310898021575138,163.12097429077798,0.002917356646836167,57.94884193100741,0.08041598204296264,76.89952559661461,0.00263621250753545,22.152941701897706,0.04113418885941588,16.378152045942816,0.08041598204296264,251,2022-01-01T04:10:57.810000000
0.12485894845545102,-175.50454745243823,0.7954507148436339,-50.62767298833796,-329.3238674354023,CW,2,0.09057218779678312,0.00394179106496712,32.0926254713261,0.09057218779678312,117.38444720269732,0.001394787457410908,92.09364574004287,0.03190094503786743,27.966407580116904,0.0018733140603538357,14.066343922294145,0.03541555477418791,48.877579524352605,0.03190094503786743,252,2022-01-01T04:11:57.820000000
0.05489178092364224,179.57732349035132,0.8154434549202174,-30.673990565637098,17.202640071254187,CCW,2,0.10099791373029032,0.001708271910810076,116.05576124804064,0.10099791373029032,143.85476179233152,0.0013948742311767164,118.75320925485654,0.05065514643061444,6.970405378477979,0.0005850052713507447,3.8489173614689673,0.05850554941957413,47.75587075655396,0.05065514643061444,253,2022-01-01T04:12:57.810000000
0.47283601659791685,-133.80790462153485,0.7402155801054564,-53.38328207966495,482.3392623471167,CCW,2,0.09127074649020328,0.002623794787264059,109.89881023650159,0.09127074649020328,141.41247125260517,0.0017403607172634438,14.406063875446225,0.021958045415902343,50.86280261484688,0.0017854681733503305,46.55001717682364,0.04900896184653014,49.41804537848787,0.021958045415902343,254,2022-01-01T04:13:57.820000000
0.1630420710270334,-11.187908761612379,0.7411866816483361,14.699143947312592,135.03249527439326,CCW,6,0.07213231070017889,0.001545786089250018,259.04810378468534,0.060602282228929945,29.48644846920807,0.0007031043618643232,47.267437635410836,0.06549464821909373,79.82924356565135,0.0018145439540349247,0.026958272557128682,0.07213231070017889,11.587219802686063,0.06549464821909373,255,2022-01-01T04:14:57.820000000
0.1661631861081476,-75.22517506595551,0.9338284456806777,27.68632911842198,98.07122671134661,CCW,4,0.06753779271345779,0.0009016339309365524,127.93288796799439,0.020015350744309265,47.877919729879565,0.0020141650683105313,65.84851393928564,0.06753779271345779,47.99674145402266,0.0018774452326894308,63.73856937809052,0.042945836578996664,5.976337707116204,0.06753779271345779,256,2022-01-01T04:15:57.810000000
0.2322522503759072,142.64528517441835,0.8524535349759216,-75.6539856574261,-100.75579598246267,CW,4,0.07674460398394557,0.0001112219879327404,328.3606859147136,0.0517936933334259,64.19972601942578,0.0018171230051693347,102.71075159033836,0.07674460398394557,30.170880661468843,0.0005644202972416604,36.12091574588449,0.03068492513044692,53.9755773696236,0.07674460398394557,257,2022-01-01T04:16:57.800000000
0.5845313969369236,-136.2145596062635,0.5317354353315493,-65.54527975394033,565.2142624275493,CCW,2,0.23088565179414475,0.002505432652399068,198.05303442972712,0.23088565179414475,114.53459203225914,0.004282102496148825,80.11356399495233,0.05868277418597657,10.859689436001291,0.0030256062097263354,58.339980619056035,0.04665748800370824,24.269269158708234,0.05868277418597657,258,2022-01-01T04:17:57.810000000
0.3149277890969868,161.8966986635119,0.7447257592527583,-18.74994650188711,23.5460575110761,CCW,6,0.04486038786877631,0.0012977232970218108,98.76092355789902,0.03350752665325008,161.15933197101305,0.00181379516230606,74.43558098447454,0.04297093096501743,7.100987357704931,0.0027321566190298967,61.97633546804331,0.04486038786877631,51.51446966291989,0.04297093096501743,259,2022-01-01T04:18:57.810000000
0.19374814683599784,104.11593930778628,0.9398655470259222,-36.394048103022925,-171.4319843730975,CW,6,0.08871387937972501,0.001760216439419682,343.7903261378713,0.07860360360081861,156.36391947679545,0.0018907953748783343,19.11646081647506,0.08199209095134277,40.48590662009474,0.001659522830920956,5.870399535487398,0.08871387937972501,28.40841196966327,0.08199209095134277,260,2022-01-01T04:19:57.820000000
0.13378779943237726,175.7944699501867,0.9042855601917426,-54.13986076595603,-99.27967730904913,CW,4,0.06878484293360045,0.0002605680629034278,260.078088542325,0.031509702040711345,126.95997869197214,0.0008053067057194372,36.98103393057656,0.06878484293360045,24.628673576141626,0.0012050480352116318,5.863785917365041,0.04601547059894804,31.44931679493761,0.06878484293360045,261,2022-01-01T04:20:57.800000000
0.17649271863101718,-46.09604949112382,0.7690186586857662,88.8094044066984,227.3899315104889,CCW,2,0.10416871816455667,0.0014090766276621618,291.18297714620627,0.10416871816455667,102.03158404788273,0.001457348037224211,62.66639593319677,0.026523887210755916,83.8660511656124,0.0020686196890933794,65.3657992224171,0.016233539591402796,12.741071216374497,0.026523887210755916,262,2022-01-01T04:21:57.820000000
0.03108287566410076,179.58021340016091,0.7220783212061049,-87.38601143384481,153.08589398640993,CCW,4,0.08445434938665439,0.003058994442751195,310.98475869505097,0.023127213488499398,100.21019262399071,0.001261531260074773,44.82895662621817,0.08445434938665439,5.064832434925457,0.0029679137010892426,67.36958260621674,0.04458734769625943,53.121728444500334,0.08445434938665439,263,2022-01-01T04:22:57.820000000
0.19100861681577097,61.47279811330694,0.8090522139745804,-83.18789125411708,-335.29496307553353,CW,2,0.099440734864323,0.0013111972827331033,253.85478727726078,0.099440734864323,90.05025177453203,0.001340223300494389,57.74360353042018,0.04925345155698206,36.125973771728695,0.0003702926854431422,6.256029950291091,0.040652577817185453,28.746586557846975,0.04925345155698206,264,2022-01-01T04:23:57.810000000
0.3617661754318261,-35.73350623630502,0.7345366286440732,57.59471148320397,384.04085464408485,CCW,2,0.09415436419669684,0.002636450156939291,344.9423571539972,0.09415436419669684,32.81799303851908,0.004155007133847674,87.74252820273858,0.02322939604949548,86.61906879448354,0.0022487955714641365,56.68532981872209,0.032289344500601634,13.364385009237724,0.02322939604949548,265,2022-01-01T04:24:57.820000000
0.5090148559878204,-124.8357768918908,0.7531160664704982,-31.045432529860932,580.3877081240969,CCW,2,0.07867683654574031,0.0041227032748162315,114.47201116026343,0.07867683654574031,160.0116762468102,0.0038981529638236066,86.35284669473508,0.025186575005248846,54.64718349669078,0.0034265890876001267,7.438232407506377,0.04695338623129924,54.9752548240328,0.025186575005248846,266,2022-01-01T04:25:57.810000000
0.30344022425960654,174.06297165151466,0.6835203932241258,-29.699959790602975,112.6177460401737,CCW,2,0.13163539778415398,0.003162902180064496,273.73343818935257,0.13163539778415398,139.19106439631634,0.001897253418154176,34.89644189750501,0.07378296589628083,18.53930629099162,0.003419682555840195,42.393838432811165,0.03735027913074621,5.131299547380078,0.07378296589628083,267,2022-01-01T04:26:57.820000000
0.0626911306554345,-63.55550417641884,0.7437271251615061,-18.46840220488818,-47.44000552259323,CW,2,0.09327064162982114,0.0021336387507511364,346.87995946272605,0.09327064162982114,141.71905771936608,0.0008265640735078957,95.35972897482614,0.03938485454910057,83.33508782199348,0.001186566441496074,42.59256483181498,0.02757300087767809,16.203570362076864,0.03938485454910057,268,2022-01-01T04:27:57.820000000
0.20096432681469606,172.53689882128447,0.765546214105703,-78.28537974162327,39.217814003641536,CCW,4,0.10569232148672449,0.0016306367077555057,96.58068215195097,0.015985927987641403,163.79058805059321,0.0017146960499875904,117.0166830725019,0.10569232148672449,3.1073453400128304,0.0009396824091129989,4.923793183177317,0.029356401672915155,56.537325365256066,0.10569232148672449,269,2022-01-01T04:28:57.810000000
0.524615622022237,-92.55410754804839,0.7278821255093071,-0.02797963757276989,724.7553296890424,CCW,2,0.10036383026652503,0.002666523129058616,137.6725327725428,0.10036383026652503,178.66731643639375,0.0016221171220871283,58.740240308129266,0.06048760302184118,41.66252284624992,0.003286040131450986,25.888039329684908,0.04275763099978487,39.60555735137468,0.06048760302184118,270,2022-01-01T04:29:57.810000000
0.17690874735275705,169.52744001763398,0.7247134943339542,-71.4270440573203,55.42146017815531,CCW,2,0.08620116734988617,0.0010716964274661075,262.3968638953801,0.08620116734988617,90.97819570602768,0.0009330699140896226,52.70863934800731,0.03555499187604637,47.5000945974441,0.0013183682556366187,60.68735509870563,0.046867207498647395,26.270160492359892,0.03555499187604637,271,2022-01-01T04:30:57.810000000
0.14288627818807484,124.25974979801644,0.5903839620919495,-82.09572592435093,83.67765012572208,CCW,2,0.131765950367066,0.0015806211200727882,57.11898011631403,0.131765950367066,97.04135725014794,0.002480758703894436,1.1646837539665138,0.09654112127234338,15.79265692662331,0.004103350153111587,39.50048366468685,0.021599643741732764,33.23010906493022,0.09654112127234338,272,2022-01-01T04:31:57.810000000
0.22920849413140787,-82.89818902081284,0.7781136609537457,78.38458829102204,302.4374022380649,CCW,2,0.09421523436928286,0.00244067572716486,24.285089699814012,0.09421523436928286,85.59759651280906,0.0043678587927330325,66.66451912912478,0.05498939756847081,65.59353760669202,0.0022839905025853107,29.833732003148597,0.022967593303783933,43.19589146962778,0.05498939756847081,273,2022-01-01T04:32:57.820000000
0.056290381571847174,-81.9637545066472,0.78321469873587,-60.89535769899014,320.7143404577711,CCW,2,0.12756412256558816,0.00045757156173373124,353.6073304474427,0.12756412256558816,123.63652155379592,0.002469528410746576,10.982479469994466,0.07588055098618215,35.04823622774848,0.002808922747410754,49.94955215145973,0.052362809160464215,58.895323224961636,0.07588055098618215,274,2022-01-01T04:33:57.810000000
0.18726474769505502,155.35848686223892,0.7043539452300669,-29.659891934434455,-266.6285408862259,CW,2,0.10035778229275638,0.004705811787940539,137.8146200698668,0.10035778229275638,145.76759196251203,0.0037383790571613724,21.51027673252132,0.07044292224642666,65.97405619220412,0.0018800234215739483,61.37870670732058,0.030257137789095626,57.05969266327783,0.07044292224642666,275,2022-01-01T04:34:57.810000000
0.43010061452883697,-162.56294746957786,0.553281671822122,-27.003438780285563,86.4953933766022,CCW,2,0.17038387828494614,0.0028950677053797007,2.0521681027085887,0.17038387828494614,153.3048217353686,0.0019628642504833154,10.945060375741134,0.06631517230237798,46.68836181842615,0.002302619202225941,16.18803873636953,0.06325030506581944,7.002003472577709,0.06631517230237798,276,2022-01-01T04:35:57.820000000
0.44641497396363383,-36.78943238832385,0.6868666648308264,64.29977312005353,279.7066976698053,CCW,2,0.09732801489604766,0.0009367126509460792,40.37028751408336,0.09732801489604766,76.9681931490923,0.00112088891751168,18.16913643066984,0.05281839125532795,77.18272111267245,0.003004336393900414,14.666863860841802,0.022087067963798775,19.712661113987473,0.05281839125532795,277,2022-01-01T04:36:57.810000000
0.36762918820159035,147.39077826002926,0.6886978205305134,-47.0151148521351,-149.80992036649093,CW,2,0.15877666406782198,0.0013704313308516508,90.41972395106562,0.15877666406782198,130.3652349553653,0.0013242142157437187,41.313039128360316,0.05430343264716656,69.23370598620033,0.0037085708256889274,16.607385057432786,0.03855494401777365,46.48203618919437,0.05430343264716656,278,2022-01-01T04:37:57.820000000
0.06796169085751429,-84.65249199773378,0.8150607865571593,-15.951844986600605,132.91139303990064,CCW,2,0.0801293806869133,0.0025137380456601347,174.11458960400967,0.0801293806869133,160.05399218181702,0.002859570197310453,74.97718476856129,0.04418964229609025,87.54425551029293,0.002334198142725001,44.104362364723016,0.07509290122360171,28.783350345439267,0.04418964229609025,279,2022-01-01T04:38:57.810000000
0.3708669961593779,162.40544723272686,0.6104306871906157,-45.096606466224216,-337.49001007219084,CW,2,0.10197230075807497,0.008576132249728674,292.33894129760336,0.10197230075807497,124.50126911835761,0.0028412634423229787,31.868320072749064,0.019307789126478677,14.391743285447873,0.0027229992193780013,59.51619098224054,0.05041338390844168,5.359599735382345,0.019307789126478677,280,2022-01-01T04:39:57.820000000
0.20249026326280745,75.50064557390219,0.7979334238693155,16.844443435540597,-112.05610915297058,CW,6,0.05987967184377449,0.0010549614765335512,286.2642842851694,0.055942923543072835,18.16148591577604,0.00291901080320068,80.26813551973358,0.016565048388449577,5.700629636439522,0.0008262707855657947,33.60843838010547,0.05987967184377449,46.3118354170974,0.016565048388449577,281,2022-01-01T04:40:57.810000000
0.21662176531703428,-159.4726634712033,0.7078367706154732,-31.85714797704307,-183.01433047695883,CW,2,0.11136454636872617,0.004834773064829074,19.474907025131667,0.11136454636872617,148.2242876686459,0.0028631990737455733,58.267923943947316,0.05844802797845131,56.58857520560769,0.0023625012991295804,61.45691894218717,0.0570515159594543,20.51745686999012,0.05844802797845131,282,2022-01-01T04:41:57.830000000
0.103769678470181,3.2347027362729373,0.8354371421127952,46.45099392482102,-201.99762897188074,CW,4,0.09887494398267717,0.0021264421684761095,106.02757830716244,0.060316126765460505,24.549499440900217,0.0028482964070495045,27.848160898032805,0.09887494398267717,45.97945652269424,0.0016434615000818242,24.102687697819896,0.0020259479033888747,45.02550686730349,0.09887494398267717,283,2022-01-01T04:42:57.810000000
0.15313093336475453,-118.35270314147702,0.7747379821582314,-17.56475678141308,370.9925855113936,CCW,2,0.09036338380801276,0.0003413953377971106,129.54451623084444,0.09036338380801276,166.3704614819931,0.000848275246950519,40.39515411079332,0.05924294385272906,49.85057936226416,0.0019915507579297176,14.855710718157647,0.0656980146195207,32.93579465542465,0.05924294385272906,284,2022-01-01T04:43:57.810000000
0.3417928013834762,-104.40901451288855,0.7463638467655173,-15.495394700821066,377.09324468459147,CCW,2,0.07396790828120794,0.000816648437726736,6.230190384241783,0.07396790828120794,154.57940489476212,0.0030378684837224935,30.490226411763636,0.06864561897449668,31.006600842407874,0.0036346198214549617,61.86782946353985,0.05643799444120766,56.56068142109004,0.06864561897449668,285,2022-01-01T04:44:57.810000000
0.09523106345144232,50.00259038127384,0.8116879806191378,-20.045862563135074,-235.26017684308528,CW,2,0.12359224113984595,0.0009024345942753536,126.914170442458,0.12359224113984595,155.11644147025766,0.0014959302663242998,72.03566787626883,0.06537657473989571,48.83156964486708,0.0017229857424811287,16.49925842867318,0.03350340331926021,19.439578484891932,0.06537657473989571,286,2022-01-01T04:45:57.820000000
0.242346267654899,64.82596224614888,0.9491888588910479,-58.29666500795261,-174.26229361716116,CW,2,0.05228644634071947,0.0031184907508881666,28.532418488883984,0.05228644634071947,134.945978763322,0.0011472047019248064,90.50485445863038,0.02632770226911137,59.72678566105273,0.0014912197747698047,64.11165498016832,0.011847599673102508,41.58819681464709,0.02632770226911137,287,2022-01-01T04:46:57.820000000
0.13997708634693234,131.24610187698661,0.7438904276508084,-13.81804222125325,-116.79134951097566,CW,2,0.05980871498786938,0.0007830109118850177,288.62140937556484,0.05980871498786938,163.86438088054254,0.001417983520177367,64.03351904795971,0.05320460466794231,82.78864813510476,0.004143892583425273,16.97820757411009,0.04048980862587703,40.264801449642164,0.05320460466794231,288,2022-01-01T04:47:57.810000000
0.012218282500002295,25.18920230666049,0.8449377000261409,-65.33499201256386,-231.7624806189084,CW,2,0.08733553295279049,0.004197649607352702,37.42829785269175,0.08733553295279049,122.28986160037044,0.0035540131701147005,76.7766916932988,0.051616075306874544,33.916223011910354,0.0005730423069084632,10.915221589152782,0.032023541354743244,20.15367903186301,0.051616075306874544,289,2022-01-01T04:48:57.820000000
0.058235204993450834,160.9396257561675,0.8455225508841009,-70.18539210281406,139.38331597477014,CCW,2,0.12058662623059878,0.0014447673671374047,15.98894179529086,0.12058662623059878,100.20765725351052,0.0013449911298870833,90.31512308685029,0.008500705011150116,17.67116675788232,0.000769637081859203,70.68815496653448,0.028642001277073698,21.093434568907192,0.008500705011150116,290,2022-01-01T04:49:57.810000000
0.30173944429423594,-170.45792456418886,0.6377780879415728,-37.01489165647027,-301.94107139346323,CW,2,0.126887046799436,0.001985943556821618,213.64980090184864,0.126887046799436,136.75659337940414,0.002230620259664371,60.23208129514722,0.021701121501648712,73.4880288910414,0.000977742192209338,40.501078727017045,0.01906244984937049,41.9090710637594,0.021701121501648712,291,2022-01-01T04:50:57.810000000
0.32266925197846186,64.10768011596873,0.7769178822546531,39.427732845953415,-570.643884791461,CW,2,0.08428137217203359,0.0013721063775936366,0.8614508630088642,0.08428137217203359,24.77544563119922,0.0005770074905840389,119.6357134389877,0.061309901163573995,45.618433339840394,0.0014232880905998872,24.29473486002674,0.07603130045945565,31.9670279760981,0.061309901163573995,292,2022-01-01T04:51:57.820000000
0.12043591609175164,-45.85069772447367,0.6577901953021023,11.095568122992887,36.88841132477726,CCW,2,0.08740754734972184,0.0029868600389108945,324.48989988544486,0.08740754734972184,0.5492120033588651,0.0004804434336009344,42.37222462826396,0.07673462668882809,16.049721878912823,0.0012017356315744084,4.257476001549351,0.05415035175984993,32.40143789158139,0.07673462668882809,293,2022-01-01T04:52:57.820000000
0.32241876736364006,91.61448138024925,0.9636115194814284,3.811654513752842,-335.82209718573756,CW,6,0.09420829836561707,0.001218654770207207,112.14013790884569,0.06942857607647555,95.48259785332715,0.0006616234955480109,57.388233867574876,0.05968153708066107,13.159800941095202,0.0011189457204852477,5.297048512468992,0.09420829836561707,49.93314726374074,0.05968153708066107,294,2022-01-01T04:53:57.810000000
0.1683283793524832,-20.85466590699857,0.7090887539018269,65.28852822772535,22.48571011647391,CCW,2,0.10699647253168745,0.0020328257871875923,212.15525814197855,0.10699647253168745,58.664861443497216,0.0002908041605382151,26.7106473969271,0.03188255337972788,24.91142205572804,0.0012931516860995814,71.52416698131019,0.038965618803717406,0.76473484350024,0.03188255337972788,295,2022-01-01T04:54:57.810000000
0.22479352739565747,-122.15290896288087,0.6904987807022164,-19.246054282455304,94.67299652045435,CCW,4,0.1630013168764029,0.005731259904210683,153.61718895249862,0.139321736724881,155.08915090316225,0.001955716992864862,104.44984894053363,0.1630013168764029,50.36219342361252,0.0025668161919784635,12.956300869885451,0.08798776613831619,27.12512947906035,0.1630013168764029,296,2022-01-01T04:55:57.810000000
0.297890248041204,4.834418798152472,0.7475480100892324,46.52903640242762,-18.261276046723985,CW,2,0.08397731229352277,0.004388241023717415,31.494193187708046,0.08397731229352277,36.41071584607991,0.005827745850129077,67.53098171061212,0.027270031691415387,88.49299576974573,0.0006956730031620723,13.234795474166955,0.011706112629660485,7.27940003960453,0.027270031691415387,297,2022-01-01T04:56:57.810000000
0.42481718565060744,44.68314676700256,0.6751475392146888,30.974939797077383,-321.95263254948395,CW,2,0.1419420555048361,0.0012760543202502534,342.34424927955376,0.1419420555048361,29.809360598657797,0.0029255085638438824,93.16564549150502,0.03784120279751055,17.733264180049932,0.0016935174214472541,36.95479321329305,0.02535045010797788,51.98224241425902,0.03784120279751055,298,2022-01-01T04:57:57.810000000
0.3215487763629407,-97.39622455537976,0.8306569455908764,-4.973152289276612,377.13581508827156,CCW,2,0.12572047246541349,0.0011377344371291136,26.069545634156714,0.12572047246541349,0.16103534157389232,0.0004391372170678877,39.45503928731699,0.06455534239500786,22.43825693623749,0.004317950078362167,7.59506834283494,0.05176592597201616,1.1141110784743307,0.06455534239500786,299,2022-01-01T04:58:57.810000000
0.3463970068963641,-104.58750109659422,0.9722925639637631,-71.19723670892597,367.992968786743,CCW,4,0.06754614195989045,0.0028678680882189282,319.38489617653715,0.012693659518109855,160.7790487208148,0.0021728337831704845,85.96369715187315,0.06754614195989045,82.92992145719707,0.0027641175556480206,62.226725418080406,0.026967783311556172,59.66977834136256,0.06754614195989045,300,2022-01-01T04:59:57.820000000
0.0790420617494958,97.45025033922356,0.7126285245913901,2.348299323755981,-119.1421131441657,CW,2,0.11844114820440552,0.0032643068600301953,236.7886176357059,0.11844114820440552,178.8434463673338,0.001379085498536507,11.490620211391962,0.05721274333626033,88.62325145719139,0.002475679611805124,55.17879607512255,0.08912141753338051,57.79423051327341,0.05721274333626033,301,2022-01-01T05:00:57.810000000
0.13445545342751072,117.15938540316444,0.9168748544027356,-76.24918472655868,-214.8421681191933,CW,2,0.06319222362002004,0.0022565600031873895,22.9041079562912,0.06319222362002004,87.35703189041611,0.0008207752537486521,32.371174300512905,0.028185285563085243,58.62618968030585,0.0017189013672066762,48.593775637273744,0.025202244689732343,2.6192887040169395,0.028185285563085243,302,2022-01-01T05:01:57.810000000
0.4534705295661876,-74.82287982233116,0.8138934193520413,76.94692272680302,644.4986195323031,CCW,2,0.0992326571134419,0.0023469732109566463,70.56744643376939,0.0992326571134419,95.23379934222312,0.00029417577354368525,69.74985293941903,0.01996483783748075,44.16128552615701,0.0018934479155044612,62.5878036413971,0.011308173642293364,35.968390658093064,0.01996483783748075,303,2022-01-01T05:02:57.800000000
0.22522809598404347,146.07096893540552,0.8204220997249879,-28.56603071133165,-143.41734632401796,CW,2,0.05687330181542235,0.0006040988386869198,150.97161883858553,0.05687330181542235,142.0200848969067,0.0016243528412149763,16.831915277850552,0.04356103988610221,64.93958812143217,0.003147703059074675,23.47812473999613,0.02740941746731964,36.58152297918797,0.04356103988610221,304,2022-01-01T05:03:57.804375000
0.20027574459207076,86.88821923014932,0.8468174135406352,-3.1947293822482266,-252.31404893884044,CW,4,0.04537042720724886,0.0011745977859678595,132.20009047829868,0.02660141753928627,20.272792963352966,0.0030544271475266265,70.09136796772017,0.04537042720724886,56.975919101894526,0.002212793592498237,3.6296405791534556,0.039407968500431434,30.03401887085939,0.04537042720724886,305,2022-01-01T05:04:57.810000000
0.14418274759819982,-82.89161155539003,0.866132586839644,88.11509488164637,307.72177842956955,CCW,6,0.053380085077112435,0.0018082877568069238,115.63137221571796,0.04828290391270261,80.2572157959995,0.0010617670196855487,53.38858426400878,0.02815553447307377,61.05072068573057,0.004358398281240616,47.96695277666505,0.053380085077112435,21.80608589747823,0.02815553447307377,306,2022-01-01T05:05:57.810000000
0.18197411913988923,158.1829389038324,0.7530666577346683,-35.34590811995716,-99.46589319989259,CW,2,0.1007287394345757,0.0024926295301492644,60.73262026323466,0.1007287394345757,146.85335651545142,0.0012997703414365219,12.237945041879565,0.07536736879256548,20.658148653024472,0.0016548006318507383,66.19258177726662,0.05766826803625964,6.64489111117978,0.07536736879256548,307,2022-01-01T05:06:57.810000000
0.23770822627894633,-167.20165762480542,0.6805333727171438,-20.910541636957532,35.979001106566216,CCW,2,0.11607937936530727,0.0025491608687530747,60.89296551968996,0.11607937936530727,154.38969884803726,0.0031449713502837372,118.56852884816496,0.016929063005268866,17.65462585908293,0.0035712077396204914,39.24677950552849,0.024766668319831178,4.024437771652345,0.016929063005268866,308,2022-01-01T05:07:57.810000000
0.3306217236101299,-150.09501966864573,0.5713282043391156,-62.495125644747844,37.42546537682276,CCW,2,0.16870669461240692,0.0007779806925752721,265.248432283276,0.16870669461240692,112.49913908408818,0.001454577205662454,83.12444057960674,0.09007831435890742,59.51499008883417,0.0031473768246670247,56.39648499300754,0.10328878258167652,14.027682702002469,0.09007831435890742,309,2022-01-01T05:08:57.800000000
0.3742069001770507,-144.5809359759158,0.699120159712445,-31.667377485934566,287.4538746327937,CCW,2,0.10363743037171287,0.0016235824089951864,87.19861134767062,0.10363743037171287,155.5524557752352,0.0014724145596885627,24.247690603702907,0.07157738938056832,33.88799368757084,0.003177204562951922,45.031209086054815,0.02904977638729635,9.53341912044802,0.07157738938056832,310,2022-01-01T05:09:57.810000000
0.4145646239170121,149.20291839727363,0.6140041273362706,-42.1989932469823,-100.39172327713771,CW,2,0.09899204822727295,0.001106827748783311,336.40019101572875,0.09899204822727295,131.7947399361605,0.003949401598865794,8.896734883506545,0.07509723666724313,46.334882347437414,0.0023910861641832514,13.928538931674407,0.035670397623965004,13.80074000178529,0.07509723666724313,311,2022-01-01T05:10:57.810000000
0.1875348838208112,130.68249662092842,0.773036357243788,89.34526913293652,-193.22607662775968,CW,4,0.10600713212645851,0.00394200920558652,229.49199949931355,0.09111799973397919,77.7196878217741,0.0033388374781890703,34.50908247150085,0.10600713212645851,41.16203915460969,0.0015669004639744597,61.38813622621054,0.07566880055910286,47.22419959956717,0.10600713212645851,312,2022-01-01T05:11:57.810000000
0.23784729358510684,-74.42267980736491,0.7598348521068942,0.1491429231011523,401.03692994448625,CCW,2,0.1050159945755603,0.0016698527019667843,355.617291619192,0.1050159945755603,176.8877998247197,0.0024444901403520725,94.9365797348357,0.08413013328471905,78.688441758054,0.0004058961112511444,9.641108284986265,0.08030238623521614,37.21641381373032,0.08413013328471905,313,2022-01-01T05:12:57.810000000
0.31866062074729273,129.16360143212975,0.7635099462206266,-21.654020958967294,-322.3533928172305,CW,2,0.10162257149787658,0.0012349429760989995,329.2273194251122,0.10162257149787658,169.65853070283583,0.0008983256233219257,86.76114771635633,0.034456331831255196,82.81579403425472,0.0017426146716628154,58.07070338400478,0.05252497871564279,40.08815784273845,0.034456331831255196,314,2022-01-01T05:13:57.800000000
0.47980803658103627,-33.83565257186693,0.5817829348816635,32.84062949991599,349.15085207777355,CCW,2,0.1818427197096416,0.0008309150948399219,202.32719368264875,0.1818427197096416,37.10909887505825,0.001568622336180762,100.99675451647667,0.01818097562560421,53.67625811645028,0.0028185795433927387,67.60286098612586,0.08403073635538057,11.054244835429063,0.01818097562560421,315,2022-01-01T05:14:57.800000000
0.3422896654214121,-170.8646325187937,0.5948090904430002,-34.38066916417074,-51.72420569728388,CW,2,0.16587535309148443,0.0027831140794352246,13.220635040690421,0.16587535309148443,133.2520774757014,0.0010995810424966623,113.25724725248728,0.04507382225478792,63.95617830551981,0.002516907747804908,47.286430143227,0.047401610519825055,35.3107781011209,0.04507382225478792,316,2022-01-01T05:15:57.800000000
0.5030801561244056,163.2202350327451,0.5384860264440107,-29.054878182080813,-201.4308936337445,CW,4,0.07719650034813634,0.0014789943102855357,202.2130821524419,0.0703432529511871,155.6327535254707,0.004603665548008052,45.523332127049514,0.07719650034813634,59.70658393145277,0.0018332198896322575,48.41285280805843,0.03569526310790309,46.86660769721784,0.07719650034813634,317,2022-01-01T05:16:57.810000000
0.08766892924775556,-40.30134133101194,0.8089747161420852,-0.16310259385949166,323.4551731872771,CCW,2,0.05811093080321114,0.0018160623574302996,231.31989745875399,0.05811093080321114,165.16047143722193,0.0023098914340985315,27.19418146842378,0.035470689201754606,66.01308908136096,0.002176116430537127,20.227061280757756,0.032437417166379004,42.20562923067302,0.035470689201754606,318,2022-01-01T05:17:57.800000000
0.36620884475916865,96.2791052996285,0.8798489696798804,-65.13109250565066,-507.2053867035945,CW,4,0.0891415052609383,0.004463761216875059,22.98468152556956,0.03774986373342472,137.39072171532735,0.006770704734715959,103.89461766406832,0.0891415052609383,83.11667915728349,0.002285857603145234,15.190374004184095,0.05740109215498582,36.91022332373813,0.0891415052609383,319,2022-01-01T05:18:57.800000000
0.1767081456394968,-161.77718001735911,0.7015689493079348,-32.79360704478191,25.413915339270687,CCW,2,0.15034820034197804,0.0019200195397492197,123.98294817837184,0.15034820034197804,150.03530357533003,0.004410521162472998,118.57093741619406,0.05170045242568023,34.5344284096524,0.0012670470682027278,60.06355256327964,0.02526755436279823,25.12537162169476,0.05170045242568023,320,2022-01-01T05:19:57.810000000
0.3575176148684885,-62.053230791456535,0.9331354103936794,-24.589420632385156,310.14790107693875,CCW,4,0.09959667318534184,0.0038863170488743094,220.0637150215291,0.0538453736302282,113.77593577402745,0.0023378189270614794,5.286167298208084,0.09959667318534184,27.293522166038322,0.002180159105498524,0.42034455293075174,0.04231052149144135,57.92292686349427,0.09959667318534184,321,2022-01-01T05:20:57.800000000
0.14403416857513637,30.110880628123837,0.5820782040035378,-89.79815309425275,-34.70549717737392,CW,2,0.18269799229587477,0.0022355683062608043,287.6850632354379,0.18269799229587477,96.40966564059235,0.002488977065262787,62.05304131777815,0.058626668841160356,27.248367686516723,0.004353678203327684,11.680861792419119,0.04376938843199781,0.5393783213638166,0.058626668841160356,322,2022-01-01T05:21:57.830000000
0.1610206926095456,34.531122038320134,0.8623246590636799,73.41064899026398,-54.682892903525946,CW,6,0.08697843554670909,0.0016885393947986532,162.45813430983225,0.04255482902340779,41.08523519834149,0.0012303376895808852,45.36558677072188,0.04456499924331919,18.039139583836356,0.00263771374845935,10.809377977117869,0.08697843554670909,24.460915055088478,0.04456499924331919,323,2022-01-01T05:22:57.820000000
0.3782939484600784,-112.8633249736947,0.5577356082582738,-9.864648168289392,531.2485782490771,CCW,2,0.23722717601941098,0.0013666707383888797,66.37532289213236,0.23722717601941098,172.05480917019437,0.0010555407382548511,81.28947507259258,0.010128756191238163,51.37142552217534,0.001658089964093254,36.52586222505215,0.06879120716070423,17.148166949263217,0.010128756191238163,324,2022-01-01T05:23:57.820000000
0.34786952914724345,152.49711232444562,0.6577655080173969,-68.837598583387,-119.92874229131353,CW,2,0.12356084996089144,0.0014447645520482989,259.9755705841058,0.12356084996089144,96.81549849259231,0.0010139766545362967,17.620500542161352,0.06830778101554087,21.61626382169954,0.002729359775509497,57.43658266378152,0.06883289267217026,25.095282118079428,0.06830778101554087,325,2022-01-01T05:24:57.830000000
0.30105104949839734,-84.49650597263981,0.8970067967250905,68.97143468897832,286.694688844204,CCW,6,0.033302339472917344,0.0007312811222285278,295.96448143215343,0.017371952633356315,74.3483117269765,0.0038060514575898085,70.73295555814275,0.021108845456315792,60.306541065265904,0.002083908244467853,41.359626007835786,0.033302339472917344,6.929344066203172,0.021108845456315792,326,2022-01-01T05:25:57.830000000
0.06544409743841435,-19.746065523801917,0.7423980183475759,70.07629370801934,-27.72172247508002,CW,4,0.0820683570415876,0.0008238324349628998,95.37468366616616,0.07015577997669876,84.54192282375378,0.0011562952308211236,81.8519910385165,0.0820683570415876,32.031242666595,0.002086174251337794,5.870267352226456,0.07169103487583002,19.22282446579654,0.0820683570415876,327,2022-01-01T05:26:57.820000000
0.07632762058831621,154.27572208609715,0.6254076262352324,-3.153230772745559,44.79883760005613,CCW,2,0.15839423021162197,0.0035176655295039647,143.71067858994414,0.15839423021162197,164.96908340093898,0.0020842750413746012,90.85394534994964,0.11765079750350575,13.431464735513345,0.0035934772985094245,43.67760329611443,0.0206282140021507,53.22645358833607,0.11765079750350575,328,2022-01-01T05:27:57.820000000
0.4390577395755484,116.42679187871168,0.7112185547766996,-36.56122059222571,-493.85796503786685,CW,6,0.07953608442824804,0.0017494908337071658,231.20539465568996,0.06137460858727648,135.67003687746993,0.0014567820635398095,35.47749492554473,0.04813659153834614,28.348000613230518,0.0008354650170161423,50.089094878758345,0.07953608442824804,4.107061987909609,0.04813659153834614,329,2022-01-01T05:28:57.830000000
0.23300483356000862,-164.18417040447227,0.7489668906796108,-55.79848692890795,94.20630007423483,CCW,4,0.1133220455997062,0.0005537035739508038,246.762964638868,0.10392095662975495,127.66552120754801,0.0017128250260812165,72.26669458382335,0.1133220455997062,51.51696955046716,0.0023530192744776164,56.292613074329694,0.030894406494086958,52.00917778770098,0.1133220455997062,330,2022-01-01T05:29:57.820000000
0.29514234271874606,-33.55763939591107,0.6751947845075847,22.637316231747292,28.34849809304049,CCW,2,0.14742503104007731,0.002712737893393921,173.65164650124183,0.14742503104007731,21.145007663435333,0.0023615499071702427,37.92396615380222,0.08664924299898175,51.29088648888098,0.0013819997004655823,48.01403931671403,0.037744784482029434,2.4349123974613156,0.08664924299898175,331,2022-01-01T05:30:57.830000000
0.4828899607173519,130.31049005991775,0.6847775801224234,-15.817661094824075,-445.35425867603936,CW,4,0.10217465727629299,0.001825532509537432,235.44701717025708,0.0014485581336111742,24.795614458449272,0.001944484407657791,10.574732395038904,0.10217465727629299,73.46250150413194,0.0031946169967677325,16.928941739673004,0.03668494075292818,58.94125809821507,0.10217465727629299,332,2022-01-01T05:31:57.830000000
0.30496584959648054,-165.67722135778646,0.7795454058471455,-69.26539632598383,299.96340143600185,CCW,4,0.11171077895162848,0.0021780867767649892,23.817150708770203,0.03139794836848611,126.35441088363125,0.001546520325388016,111.81957325659148,0.11171077895162848,74.90356805405017,0.00277410544182363,18.280469141345794,0.05481796685960149,45.86712452915861,0.11171077895162848,333,2022-01-01T05:32:57.830000000
0.21238408475449758,-142.39916584594727,0.7619753947713604,-45.277179534452955,121.07555205700322,CCW,6,0.08362551971442099,0.0037479272590669626,75.01796334125355,0.011925665703346418,132.63419096758605,0.0019742990467481276,102.1366590042736,0.07400047481294202,41.7533316140264,0.0017616984242657177,50.53440607260275,0.08362551971442099,6.348011291130924,0.07400047481294202,334,2022-01-01T05:33:57.820000000
0.2570450451266849,-130.30193193573427,0.9169374632758313,-52.21394917173613,115.3845559152227,CCW,6,0.07872706196660313,0.0019704243243912913,142.5698874081282,0.019336518848029387,11.372772046110697,0.003980438232094423,106.89023423699246,0.03429969136639055,0.7768983749742338,0.0047447318564367395,29.515622155908463,0.07872706196660313,5.009414992592131,0.03429969136639055,335,2022-01-01T05:34:57.820000000
0.33147262683035317,-115.2047536238789,0.8716520446160239,-59.10034624967287,246.63895332565914,CCW,4,0.04627504979945412,0.0010628672230239755,152.9334190462341,0.0433905211498306,120.90587366248502,0.0008553617332665416,99.57949055531186,0.04627504979945412,84.23696693969129,0.0014258626951807215,15.436049366555617,0.016662626344997725,39.457666583956204,0.04627504979945412,336,2022-01-01T05:35:57.830000000
0.050983569569000756,-95.03277707904459,0.7562899526517722,89.47561007114626,106.48390733692088,CCW,2,0.13788675094556957,0.004362881480690688,348.9068201038446,0.13788675094556957,92.79112636411405,0.002345930263266032,24.102784512528945,0.01194530546995016,45.723723832813015,0.001282051976909846,24.698397123553047,0.0867839312371675,34.4772659475488,0.01194530546995016,337,2022-01-01T05:36:57.830000000
0.17281118097660986,87.15711758346131,0.8325171582278835,-28.20597083893881,-173.62739455803842,CW,2,0.07789842540203028,0.0018571510259770812,351.99875203435425,0.07789842540203028,158.20300574649502,0.0023772161455776234,109.66982608289192,0.04791353275396443,38.42855537465147,0.0033673346118949306,67.96559666649878,0.047380887147964235,7.754893100919919,0.04791353275396443,338,2022-01-01T05:37:57.820000000
0.2832989938182451,-136.69140998285587,0.7388736667783266,-58.42392302814328,211.21543443053756,CCW,2,0.10360618204830883,0.00203626785691623,227.16909057421563,0.10360618204830883,123.35398482726603,0.0008573977957287858,72.78290332533928,0.04542972560427676,28.12310595340978,0.0013857888401564375,15.688512650784782,0.07694263475441201,34.68324821574419,0.04542972560427676,339,2022-01-01T05:38:57.830000000
0.1341786780650364,68.58861088954446,0.5354254056968849,86.89709741589736,-300.9459255067915,CW,2,0.22676251554642562,0.0020276313088106804,307.0753463181566,0.22676251554642562,92.4390328831126,0.0030167043474992514,31.575343037065874,0.044996997834065564,40.83149916961387,0.003919811359684335,9.567102528055276,0.07801862439077667,56.345022490433,0.044996997834065564,340,2022-01-01T05:39:57.820000000
0.25600867439513925,72.10335397465894,0.8468711385218478,17.977097817989943,-370.9553066760364,CW,4,0.10894206156556414,0.005810750247132611,201.29310778233088,0.06625106430657947,11.464116080807548,0.0023962504749138872,91.28950912251997,0.10894206156556414,6.933415380370993,0.00340671656149209,66.3694143439383,0.04424498741575374,12.651371709843225,0.10894206156556414,341,2022-01-01T05:40:57.830000000
0.2553854908524013,-117.74319041216792,0.7358973332255022,-87.00956259869093,505.87510746322005,CCW,4,0.049682758145652366,0.002639644936785712,337.87266940203017,0.04178931582739236,91.3873327790084,0.0006396624201712142,9.851207824678973,0.049682758145652366,13.643329079444236,0.0016174452216588385,5.80591058807724,0.019741360277039658,37.637242666530945,0.049682758145652366,342,2022-01-01T05:41:57.830000000
0.4379348735281641,136.10148006000884,0.6716651818308282,-30.479937657881408,-291.7340008501076,CW,2,0.08102244622463453,0.0009692513049674739,251.84507806650302,0.08102244622463453,145.2312543269337,0.00117310273607081,105.03269355639814,0.0463771369277667,88.37969590269367,0.0039974567833543535,23.365694015424445,0.005573567844411795,22.470310939095913,0.0463771369277667,343,2022-01-01T05:42:57.840000000
0.23714900865953625,-141.14949082102748,0.7270522353542519,-58.13972388069526,240.38380652038634,CCW,2,0.11253504897319555,0.002326849737239954,357.2989416588661,0.11253504897319555,141.27394171070074,0.00576529511369373,10.966466340138542,0.08433725361282875,32.22234344276809,0.002157972420935724,59.15006540791962,0.02795333392391292,52.0369308490009,0.08433725361282875,344,2022-01-01T05:43:57.830000000
0.1830510740645232,-132.24785337921045,0.7568766281464852,-31.7204550182756,293.72333955488745,CCW,2,0.10521297802021315,0.0008605337518290217,108.50328204176913,0.10521297802021315,149.6128279340611,0.002388483682841738,39.87838298824084,0.02577563351803382,42.922894309579455,0.0009691759765100635,61.513424778863985,0.013082557916179401,8.310659818986903,0.02577563351803382,345,2022-01-01T05:44:57.830000000
0.3683527695713508,147.4634743531892,0.6740361634743463,-24.671428482430457,-297.23980048390536,CW,2,0.12676379265737683,0.003138200298004594,227.45918486631774,0.12676379265737683,141.42323745981741,0.0033519374195512836,2.1644305933578236,0.061896982086448046,4.167080531237185,0.002422455666008832,28.652187806670078,0.040202458314440984,49.59245552685091,0.061896982086448046,346,2022-01-01T05:45:57.820000000
0.14924893411244777,-173.66650554001615,0.6783192028004931,-73.33701158193394,-58.777636346267116,CW,2,0.17259169001445457,0.001557680996501401,214.16827445899662,0.17259169001445457,109.77530041338153,0.00041641748523526596,22.440478218606522,0.023771392731072705,5.3558809282554565,0.0011775691759254917,28.632223570245216,0.046224269012605464,37.19548409806871,0.023771392731072705,347,2022-01-01T05:46:57.830000000
0.29095383107086004,-160.1191510911046,0.6931249268730604,-50.19691751379045,255.15616729824757,CCW,2,0.12944516479745347,0.003295893325032457,80.99023716026457,0.12944516479745347,128.54742784882467,0.004744184851455723,104.7015151691496,0.007101991080776302,7.182507396941405,0.00046806488473952277,45.61611771851385,0.07505434114028972,7.163197609164514,0.007101991080776302,348,2022-01-01T05:47:57.820000000
0.33881129109513725,102.59893447361065,0.8462755421245051,-12.957039981384412,-335.609034710998,CW,2,0.055630984112308206,0.0006807516230335111,343.60801372273767,0.055630984112308206,157.9242006947261,0.001349075883315902,14.018251917407305,0.043465609165730335,1.40024827023822,0.0016828915910513979,47.697366423988115,0.05208345492715032,19.146504867329956,0.043465609165730335,349,2022-01-01T05:48:57.830000000
0.07748157354533675,-171.4106982280443,0.9558158806131734,-40.290732456882324,6.476359061113527,CCW,4,0.07931944397929298,0.0012417934173938779,206.39068092993145,0.026922954563124688,144.46809603598143,0.0033714043886607847,82.39372150024666,0.07931944397929298,42.84954962879873,0.0010885083628526119,69.29522372329667,0.049785602303878726,28.81515557187948,0.07931944397929298,350,2022-01-01T05:49:57.820000000
0.19399558179504725,155.92575823240355,0.7438365360107921,-74.97703773400099,-182.7946324743886,CW,2,0.11218412119016019,0.0015921003449159876,34.157981693414236,0.11218412119016019,105.38748386500237,0.004614790520340371,60.563361187304345,0.06034063583751117,13.354695624275301,0.002906452427683126,10.761489420334982,0.0700213443820745,41.17102235509252,0.06034063583751117,351,2022-01-01T05:50:57.830000000
0.1186797705878501,-37.730256206291756,0.6800871081238343,84.08186142950733,-37.39269105361751,CW,2,0.09601346241089947,0.001699711724117623,67.38584021073665,0.09601346241089947,78.33931439497644,0.0034575819769374102,4.2581514521781285,0.07766083060833598,89.77589113047928,0.0030469633817428775,60.54201543561392,0.052711202144729866,29.211026728651788,0.07766083060833598,352,2022-01-01T05:51:57.820000000
0.049453375385803765,60.0797678197767,0.8126854976659863,79.0244501005779,-157.91370287863305,CW,6,0.060629141819929094,0.002588412937600819,4.35396736525003,0.047911169138185106,83.0307663043024,0.0011151314092139046,70.70327043503636,0.04081750064682435,35.065470212158175,0.0032549821470517766,59.03366537316258,0.060629141819929094,41.95823168851574,0.04081750064682435,353,2022-01-01T05:52:57.830000000
0.13907021303458295,59.49287567535198,0.9595931882529205,-80.24076476643931,-57.671532979161384,CW,6,0.03048312982934595,0.0014985041185760987,236.00642900675112,0.005867143442477765,118.34855260866641,0.0013903326607444255,115.37394718492668,0.002112786585647471,37.848598703645415,0.0015161601753699461,4.2136867388500585,0.03048312982934595,9.383482605256551,0.002112786585647471,354,2022-01-01T05:53:57.840000000
0.6360222047443265,142.2556814787514,0.46719935538733864,-18.01552425147753,-364.7380764653511,CW,2,0.1661476781680279,0.004420205212368883,163.91482159297718,0.1661476781680279,171.03072767037145,0.001672028457200264,99.5842792683984,0.05348783688459124,77.02248028042459,0.0006045025482700937,35.282798126422854,0.0027155374812988004,39.677689561552654,0.05348783688459124,355,2022-01-01T05:54:57.830000000
0.06323804705594813,42.85547025079146,0.8662656903022281,-14.033303837970266,-45.126688319080955,CW,4,0.07129286588629617,0.0025609332766600317,164.59251087782982,0.06965407402528014,165.43788242345065,0.0012009272511501305,42.06716201430371,0.07129286588629617,59.410811450488936,0.0023454686061623667,13.729007032665958,0.013850657730756057,23.166348105798065,0.07129286588629617,356,2022-01-01T05:55:57.840000000
0.26784388044745505,42.82461567517633,0.5478691911879192,86.67179870888556,-451.0072811087326,CW,2,0.1568103215119556,0.004531557468002337,29.10748184821774,0.1568103215119556,93.69893219309395,0.002398885651528081,113.19964647722419,0.032183063023013575,81.72651604749743,0.0026896514131517987,50.29462706952644,0.0657487536621053,53.698844485312435,0.032183063023013575,357,2022-01-01T05:56:57.820000000
0.14499286196240554,75.82394763585128,0.8176239383704368,4.073695146241249,-138.38004255766896,CW,4,0.060100724779260165,0.0007352145183345465,208.51799187696398,0.0463798800507673,175.9689798949167,0.0039602893311957935,116.97457359270187,0.060100724779260165,87.36204623388106,0.0014035947698728358,37.421565080511265,0.03815821121489527,0.5464963249675825,0.060100724779260165,358,2022-01-01T05:57:57.830000000
0.19585004538772424,61.25015692310021,0.7589994341762775,75.12768383728128,-144.92057178843766,CW,6,0.05456232962181736,0.0010616399026801772,149.3249777553209,0.05401165018961123,82.04767086498029,0.0025023566976134204,72.15026466878294,0.026531426718373958,60.72188760952026,0.0008580905952851621,62.19851205539586,0.05456232962181736,57.055247176033255,0.026531426718373958,359,2022-01-01T05:58:57.820000000
0.23048965662239815,129.31489520375857,0.7342158753604735,-2.6482718527133216,-354.873714965807,CW,2,0.08014192335527232,0.0042379496372338555,226.54063151207416,0.08014192335527232,14.68990271521641,0.0052886365499567635,112.17065997638277,0.07152475416303475,29.125379494709943,0.004893116761533953,18.464263533246694,0.06586153013044296,20.610493360276074,0.07152475416303475,360,2022-01-01T05:59:57.830000000
0.27675958539665474,179.98632157716497,0.6484509232504018,-26.97197733687443,-72.46673709779375,CW,2,0.1553953488041952,0.0016638423888920336,343.6326081594247,0.1553953488041952,141.42765449932423,0.0010790003239599922,13.119515038879591,0.06487897061286675,81.75992541854549,0.0022443393682486288,49.426942184680414,0.025602724653009744,44.96159429207289,0.06487897061286675,361,2022-01-01T06:00:57.820000000
0.16000536825817235,162.70236496680164,0.6215686358825888,-81.86192709066636,-8.790162028712615,CW,2,0.14148013756541372,0.0002406426949833021,202.823310809701,0.14148013756541372,90.69488596077082,0.0010696628527482894,104.8277240251779,0.06380013487617837,8.096014094788279,0.0020497064426167485,38.025162808489796,0.08422474406057973,29.730263646674384,0.06380013487617837,362,2022-01-01T06:01:57.820000000
0.2712508639415728,155.66580332788996,0.8192662100730602,-19.009748057362117,-260.39523835395255,CW,4,0.07718667787525174,0.0018580572578931827,175.40423405999002,0.005130944173682535,87.12194850016444,0.0014736728234270896,91.31086578102219,0.07718667787525174,59.07233187770025,0.0005028670286200218,44.41743308671488,0.05765554061359281,24.742912013002094,0.07718667787525174,363,2022-01-01T06:02:57.830000000
0.3121013701498426,-175.41500176386575,0.7174874911715914,-58.39523967179957,-19.694922150683126,CW,2,0.09218177164739831,0.0030870987544017172,83.51042002138028,0.09218177164739831,116.5049851041303,0.003090543020043881,16.686401421618896,0.04429589531162659,78.20836104505287,0.0007206766546955087,29.830529080880996,0.03979268211970188,22.886242028582128,0.04429589531162659,364,2022-01-01T06:03:57.830000000
0.40431421967278547,113.57734367358763,0.6048024915759435,-6.490057460562326,-453.3342737369699,CW,2,0.14530168532889629,0.003913046111791425,311.220064875371,0.14530168532889629,171.22963539072236,0.001771183550637155,106.43241278479455,0.050838846675810484,37.1255479995356,0.0011472156172685414,6.613243997423699,0.049970326976020586,26.874667761112534,0.050838846675810484,365,2022-01-01T06:04:57.830000000
0.4433353279821933,161.89294242255139,0.49724978613845866,-59.339824230671724,-159.49668357529742,CW,2,0.19572369434909034,0.0012140604541891165,49.44220516119915,0.19572369434909034,117.95716410306714,0.0032069302962383257,62.7142471072281,0.06291393226053289,25.417379537958187,0.003256816901775579,10.252100252687065,0.04036794942869526,4.2623864117978485,0.06291393226053289,366,2022-01-01T06:05:57.830000000
0.15728823220055885,-172.47095695899296,0.6221771549832406,-9.652503632154975,-5.76735320073648,CW,2,0.1544291426005751,0.0012547325125041961,228.52626251128152,0.1544291426005751,177.60697841379806,0.003677415796634494,76.29684765337211,0.02838658890481821,57.315952663429,0.002581174543101707,24.982147071331855,0.05635963041672153,31.178951293824976,0.02838658890481821,367,2022-01-01T06:06:57.820000000
0.006288578886744616,10.166958702792783,0.6990280784864686,-28.8541588933181,-245.6321280927047,CW,2,0.16405828882814918,0.004037636471943354,349.19301727329645,0.16405828882814918,156.0872070268828,0.002327314534846379,85.00730024344116,0.09984811759538356,64.38101035586999,0.0012781821866433792,39.972931075813506,0.02941588875769111,19.903267203889623,0.09984811759538356,368,2022-01-01T06:07:57.830000000
0.09087133486639533,41.17228368401791,0.9382936317789513,-18.784326464372157,-116.591861047341,CW,2,0.07923916917181133,0.001761049724146841,50.54147023235201,0.07923916917181133,164.64951077708807,0.0017308629759588145,115.41904976901154,0.04866212733100208,43.72083541383074,0.0012655683897604957,33.766102339666936,0.05573397324708806,19.772433027023006,0.04866212733100208,369,2022-01-01T06:08:57.830000000
0.32019445407302943,153.8444314037811,0.5837578694897031,-65.66173248670493,-98.70310787373919,CW,2,0.19538006436678818,0.0007015272447179582,323.777961150334,0.19538006436678818,114.80241354780075,0.0004900963798371824,44.858331916052755,0.06234210584958399,23.858534991727264,0.0013719930185704602,12.045921583080082,0.07777303556446288,45.106317594332005,0.06234210584958399,370,2022-01-01T06:09:57.830000000
0.08091368630608617,126.66243662460427,0.8528479353718186,-4.350049027038722,-9.33086252790195,CW,2,0.086173807061609,0.0015679297964541635,344.2612589932484,0.086173807061609,177.44788080158284,0.003346441046815376,48.48806634718555,0.051341281581441064,33.473027258769804,0.0023721287075311338,34.79159035708961,0.0011210792915235918,40.5127368878845,0.051341281581441064,371,2022-01-01T06:10:57.820000000
0.14391058478813396,76.7367584872414,0.7312958437785353,33.09032150361878,74.42700939878057,CCW,2,0.10654755193894468,0.004331809055996202,240.00920510855588,0.10654755193894468,38.36278512536816,0.002667385345789083,119.54668208553944,0.05065031895317167,47.36224270006668,0.0024307743664258564,38.232410905179385,0.05446326191149118,56.380689199874446,0.05065031895317167,372,2022-01-01T06:11:57.820000000
0.1189901704945053,105.39197872693792,0.7904541008907447,23.989186540466704,-125.4085326510278,CW,2,0.09014359563742926,0.0019323470248425428,140.44993843084856,0.09014359563742926,29.194281649055352,0.0036791095564088494,84.9968715345457,0.06104798796867703,49.54971023776492,0.0022517395673963794,10.004750961003479,0.04365290558259533,51.471552420234346,0.06104798796867703,373,2022-01-01T06:12:57.820000000
0.31426819579355275,115.71824722270452,0.8608466361892549,-23.923602330053228,-266.54063333583224,CW,4,0.11621545933086666,0.000865227834587978,128.5417541600398,0.0681762740754585,167.54499487753367,0.00261533581267126,48.18328704347272,0.11621545933086666,80.02259872593848,0.0006394927266566516,36.43782231711887,0.024032446520495142,4.210050381976345,0.11621545933086666,374,2022-01-01T06:13:57.830000000
0.33876975670908227,-112.94134154312403,0.7277083583219204,-76.70244981654989,439.20035547374715,CCW,2,0.09915473802743621,0.0016954417777991203,2.5464346325152163,0.09915473802743621,94.32601546112677,0.002410759301131227,88.51097181801796,0.040724056580248635,7.9423203504973685,8.584745639703789e-05,58.63986934777205,0.030519199819555767,46.500825573377085,0.040724056580248635,375,2022-01-01T06:14:57.830000000
0.3898447624683999,-91.24831280202665,0.8805074549526275,-85.53518258751294,584.8230883999398,CCW,6,0.06173064462836559,0.0024184903968145397,291.2078730683328,0.0547996206077795,84.8517620864443,0.0005147595991052361,82.82292914006331,0.02143541066131857,60.78350637295286,0.002365072906184106,56.70268718883014,0.06173064462836559,56.97512033040592,0.02143541066131857,376,2022-01-01T06:15:57.820000000
0.06117341737962287,124.29547048012924,0.9019667054692673,-13.836850434162415,-221.9358790707607,CW,4,0.05289134240828371,0.0020314772448996148,231.78880578460343,0.01835220804854126,151.0313259267202,0.000322794463876203,60.68337174368331,0.05289134240828371,44.82747628105204,0.0017404176234800293,14.633715574127155,0.049901373267745776,13.730214782159003,0.05289134240828371,377,2022-01-01T06:16:57.820000000
0.31326444157433464,-154.53648823174913,0.752116062520044,-46.960601969150474,-149.26043256354217,CW,2,0.0957539368002837,0.0034976133309470654,177.7149192209288,0.0957539368002837,122.38861827446539,0.0027514157955872334,89.7602017596296,0.06422091006007943,81.61575643483881,0.0032488416389997005,5.771447583089483,0.030188380883043944,19.59280001594386,0.06422091006007943,378,2022-01-01T06:17:57.820000000
0.1780712084718041,85.04179404013945,0.5851668925385359,-4.561895627117622,-340.8445222249543,CW,2,0.12639678162109858,0.0016749496464567141,290.02787273717627,0.12639678162109858,165.59319108389258,0.003041827897508412,18.16487674214692,0.059454863326339855,79.49806579443425,0.0030443089065475665,56.4497572998415,0.06037498849189852,53.66586070385228,0.059454863326339855,379,2022-01-01T06:18:57.820000000
0.07712241966709762,-179.9848263787154,0.8448011302629701,-69.01931949879295,-324.4178026174581,CW,6,0.07833275350155745,0.0010543470130038447,93.98797760458085,0.054624514764844354,100.56953581994233,0.0021164734247906087,71.39914150534258,0.07594614093339079,25.767908447449265,0.002451713683555809,56.75114924594728,0.07833275350155745,38.9360315938457,0.07594614093339079,380,2022-01-01T06:19:57.820000000
0.3328699882050016,48.79322040274501,0.7982465212101428,68.8431158904812,-273.3834159767697,CW,4,0.07137558319833355,0.002358677823548774,336.90376039041837,0.03454527407195436,63.55529723614824,0.001119886715199358,118.3592495012756,0.07137558319833355,78.41140548391438,0.0005027030549089462,34.9617462412672,0.020323161636981845,29.376119574404164,0.07137558319833355,381,2022-01-01T06:20:57.820000000
0.14223891039311454,130.40114910504738,0.8123901335844633,-75.09543914083409,-154.0414332130527,CW,4,0.06154655749935402,0.004545472146947081,256.8502255171806,0.05663257316705778,103.12799619542157,0.002137760311312948,5.026115827797025,0.06154655749935402,2.1410360999865046,0.004272451505183554,18.877774236573494,0.009576356621313913,51.08971193074478,0.06154655749935402,382,2022-01-01T06:21:57.830000000
0.24076206313635012,135.1215871995536,0.8671339507874085,-66.01159046041487,-400.28630770308695,CW,4,0.07443817837961161,0.0010819072163923086,97.33897998557123,0.03793005902132286,138.86603109375915,0.002514491618766627,101.33083123898815,0.07443817837961161,66.6897634353822,0.001065741211024159,56.270813195960734,0.01975856936777836,32.20908024480959,0.07443817837961161,383,2022-01-01T06:22:57.840000000
0.030196926706732706,-149.51912907940627,0.8334051838231148,18.94137262282797,71.5884109995406,CCW,6,0.05639613304294965,0.0030791029127584606,258.6973659704676,0.05606959910483807,157.13135478843867,0.00026073218162209704,67.81283326046193,0.04631158013839354,44.96751302634863,0.0011047533248202991,40.697382719755765,0.05639613304294965,26.22732268106723,0.04631158013839354,384,2022-01-01T06:23:57.830000000
0.24970340491240592,-156.0459447906801,0.6982496441743109,-49.46036978107719,-113.57266491987636,CW,2,0.1330339339959368,0.0009044046909384247,123.4115134020612,0.1330339339959368,144.53212317095665,0.0027982270985850164,14.212436537436652,0.11158074753393742,66.37086130425426,0.0005501516390396915,70.92727079271933,0.014014138763066779,48.67679441740274,0.11158074753393742,385,2022-01-01T06:24:57.840000000
0.2034724746289222,-94.7247480451171,0.8481755057744316,-12.286266985479784,352.4044797886922,CCW,2,0.0729502215661701,0.0020010537989811807,357.9623073056953,0.0729502215661701,174.25037576166105,0.0018644937415603334,111.38892290894077,0.021542837650595257,35.879955015360316,0.001972617313865695,3.538592401684731,0.030203024655326465,16.160944572634442,0.021542837650595257,386,2022-01-01T06:25:57.840000000
0.4146976113848175,155.75142538070858,0.696019192279065,-13.256753811365087,-189.47553521328393,CW,2,0.13330495427828454,0.002792836280345661,199.54865695969377,0.13330495427828454,0.5457414545298033,0.0016819284967659566,114.63780609327974,0.1323641178704216,15.26506225638778,0.0020925590181965427,42.375061606677576,0.06292167214908745,34.15287494308141,0.1323641178704216,387,2022-01-01T06:26:57.840000000
0.17223413614677854,175.2472655707315,0.7829334894071053,-55.324677418104415,-135.246578277823,CW,4,0.0747265381867477,0.003886850473542617,182.75130069683289,0.06636828641311794,117.88161333581581,0.001193055805311488,45.29073722540891,0.0747265381867477,64.67447202982778,0.004080099645024938,2.2613941259162362,0.034960170329975726,29.753379213600077,0.0747265381867477,388,2022-01-01T06:27:57.830000000
0.1425540034632558,129.1758627237918,0.7203023771632833,-3.602392579445194,-361.32855586015035,CW,2,0.1740501722006393,0.000785961350099248,119.75679690118633,0.1740501722006393,175.75104668127656,0.0024459263745211543,74.96945312015819,0.053333412832977094,39.67157284261394,0.0018707258096210806,0.33075615573280487,0.04084008988440907,58.30055989903585,0.053333412832977094,389,2022-01-01T06:28:57.840000000
0.1245519564217208,-67.08105949838917,0.7416909217013467,-6.882709188004867,66.9774526556092,CCW,2,0.09980723919980028,0.0013705116354656899,352.9028536815134,0.09980723919980028,160.67305533692857,0.001622475583648595,2.7046647241462813,0.045948561268402126,89.65769996643975,0.0019007234800661244,21.702922768065132,0.036245180978664616,3.799965679050524,0.045948561268402126,390,2022-01-01T06:29:57.840000000
0.3375380390623935,-153.10265421391804,0.6557170221170737,-43.36217395310635,345.55235666524044,CCW,2,0.13421215280083187,0.0031069844478592945,40.14714019265406,0.13421215280083187,143.91056308100104,0.0002973627280605462,53.76232855772314,0.009720716520543304,23.71566452056958,0.0014550997647232926,44.87078807929588,0.04277796863651942,57.06659005103113,0.009720716520543304,391,2022-01-01T06:30:57.840000000
0.2761151339315737,133.77997262213054,0.6214383206118181,-71.78855545668038,-241.62331067025744,CW,2,0.12789118478949,0.0014555705244259417,255.03317456795514,0.12789118478949,117.22902924123186,0.002323966569030473,108.3865886893,0.04126042148213586,15.077861700078035,0.0017221382506219136,33.914101991647556,0.07446800469880178,24.746721080127053,0.04126042148213586,392,2022-01-01T06:31:57.840000000
0.20183891971239437,-25.780507277297673,0.8876923270960493,74.83829699654815,154.93782421277282,CCW,2,0.0862670825459624,0.0041676254531563175,119.24486835951188,0.0862670825459624,103.75338757895332,0.004097077205892357,83.0855084479334,0.026073662396397444,4.567060304484762,0.004392255509080356,21.106297845492183,0.08260962986051135,24.402238660650234,0.026073662396397444,393,2022-01-01T06:32:57.840000000
0.26005822249613036,119.20764152270748,0.785258642118468,-58.94189402606814,-476.51811462138926,CW,4,0.13056443225358727,0.002117289305876761,257.5991818551137,0.08502308842001312,122.34816211242963,0.0028151566235737886,45.7570369543218,0.13056443225358727,24.66755737603199,0.0027570735618770554,64.66331141003657,0.04273268883058948,49.54881433199972,0.13056443225358727,394,2022-01-01T06:33:57.840000000
0.2502932306047425,45.60310669051442,0.8047431016420904,74.50343263243826,-241.6190065231012,CW,4,0.05352081416062058,0.0015329310509780401,354.8839365143256,0.04461324622033518,104.24516297912729,0.002539678120557504,57.08179827856584,0.05352081416062058,34.06369140575774,0.0023844533386064995,18.973829966207795,0.031081973793756202,58.62189628439213,0.05352081416062058,395,2022-01-01T06:34:57.830000000
0.38630267592835643,83.66873120338782,0.8289626655366823,71.12318727818031,-553.487539731799,CW,2,0.07634399357175785,0.0008211552567604352,18.182934243661155,0.07634399357175785,42.33719696291616,0.0016270916188007788,72.34896008880625,0.04488380527771617,74.13832039106853,0.0006023625054119443,69.90695659191987,0.05360123426281316,48.92500305417731,0.04488380527771617,396,2022-01-01T06:35:57.840000000
0.28764356479998415,-75.56012176030848,0.8065968153300453,57.33364358680042,538.1756316700399,CCW,4,0.08523913848084894,0.0010913840518115019,92.17773049411352,0.042820232859965925,21.90049067000987,0.0019637155720364364,103.9668159875965,0.08523913848084894,67.51043724212612,0.0021270616655860194,39.87471522229705,0.025561978922567553,53.840002443491144,0.08523913848084894,397,2022-01-01T06:36:57.840000000
0.19216421146934898,-138.01303695367304,0.8178887400143989,-58.842746384282904,283.1518205469537,CCW,4,0.06990104071769432,0.00041276576724004883,162.91048847335517,0.06977869091589972,127.66952167098263,0.001973820467606748,27.887020342484032,0.06990104071769432,57.835141789930475,0.001022047800631591,64.40758178482358,0.04436448779348188,14.693675056135172,0.06990104071769432,398,2022-01-01T06:37:57.830000000
0.2563303093212199,-41.62294152245867,0.744692499158872,67.82767024926108,224.7084301591089,CCW,2,0.14237372321903874,0.0023245248605341952,133.86317529010384,0.14237372321903874,76.54273104310012,0.0024975324615017025,68.34268284652133,0.0869328502588352,59.05808308068259,0.002716361286679721,30.832883467619585,0.04920231824640322,36.15850830716256,0.0869328502588352,399,2022-01-01T06:38:57.830000000
0.36850744487919995,176.16349997803098,0.6310034264644768,-43.26885784636997,56.76870587361407,CCW,4,0.09695571453868167,0.00132645177262879,148.3701741131217,0.06593924521283087,142.28748897457305,0.0031712040837010274,88.9172135154522,0.09695571453868167,43.641913660057504,0.001254079032519966,8.480118988021403,0.01412590431270701,36.697746132023454,0.09695571453868167,400,2022-01-01T06:39:57.840000000
0.45279791342486253,-160.21670347495944,0.5165504641216179,-25.342259433439494,69.69802104347677,CCW,2,0.15904238723061181,0.002038329966118989,83.93426573200735,0.15904238723061181,155.59707622289045,0.00398344241605961,6.687220153827152,0.005217691407421031,14.125418558814136,0.0034039980711770947,28.928046179571645,0.06363565024327847,28.049729098914824,0.005217691407421031,401,2022-01-01T06:40:57.830000000
0.05299485900024407,40.653820341492164,0.7994935220952282,76.8264207833553,38.09331508668305,CCW,2,0.07073028987174386,0.001805709442116712,205.9527576164318,0.07073028987174386,44.30541368203102,0.0012434878796709799,3.64112575579764,0.0669064215272143,17.38368794407227,0.001824222354806432,45.3328585893543,0.02495699067949384,39.04390919303151,0.0669064215272143,402,2022-01-01T06:41:57.840000000
0.2854188787548125,-52.966949113653214,0.7807253948957524,20.87708974376511,399.91805192798256,CCW,2,0.06659490009545804,0.00387303822883632,352.969350784574,0.06659490009545804,4.881132645718717,0.004265202673132454,63.27292015807691,0.033459829462998934,64.08747326831453,0.004398365983630486,28.06141154678064,0.04399405839330968,57.6514247734722,0.033459829462998934,403,2022-01-01T06:42:57.830000000
0.27080289863709717,168.1252124669099,0.5974081832074134,-66.77136689274943,-135.60312867325413,CW,2,0.1474335489131118,0.0007134916006892307,52.07130015210068,0.1474335489131118,118.25317374554493,0.0019639426531044353,20.44146907242908,0.054779974643383925,67.1772507137269,0.0006254179564057498,15.346906316082192,0.061174465867795076,30.925700830893742,0.054779974643383925,404,2022-01-01T06:43:57.830000000
0.41138755275091915,99.47290997256769,0.8812311013534173,25.27152058401282,-464.7810902155712,CW,2,0.060023351022271056,0.0012280305630666785,54.741080036574985,0.060023351022271056,38.12573025371031,0.002034416798962878,95.03101428603051,0.049481993208309885,52.93167684761654,0.0003693439889760848,24.72372968991261,0.03856448707385307,0.09133289839911768,0.049481993208309885,405,2022-01-01T06:44:57.840000000
0.06975943581749086,58.68817886545169,0.6543155277026855,-84.76773377147201,2.3210124805219152,CCW,2,0.14801529083874418,0.0035370845839133463,231.7489529362034,0.14801529083874418,105.70487351951108,0.002314344785118686,82.6245410994699,0.013150420013939472,47.225606266095156,0.00110188075902282,24.37764106497118,0.02819141983981558,13.819640434231314,0.013150420013939472,406,2022-01-01T06:45:57.830000000
0.3196848784963953,101.0178333996106,0.8942506768698494,7.554285317636584,-404.1008312841044,CW,6,0.027680572586741257,0.0004948847443877038,61.39337535288965,0.025117381198467684,37.867360166553624,0.00148321229547092,12.81925759920654,0.02172729555145539,63.26847947233324,0.0019402384973566254,63.872116839167035,0.027680572586741257,0.4955040749219516,0.02172729555145539,407,2022-01-01T06:46:57.840000000
0.21666653432774405,-126.5850469411163,0.7602792287513219,-55.9957498288516,45.530687167869985,CCW,2,0.12573854170599097,0.003196734472965272,193.32216939048237,0.12573854170599097,129.68847043640335,0.002765767475361783,30.50858186260628,0.02619739541251644,66.24408469581675,0.002227588243000565,25.338649206773173,0.046097052839977684,31.163912424589697,0.02619739541251644,408,2022-01-01T06:47:57.830000000
0.27126228562140375,120.44200036283914,0.7406398126599302,-1.3265399711395958,-269.5085520941667,CW,2,0.06868080252678715,0.0012171760829025875,57.022744238532255,0.06868080252678715,7.207970837099293,0.0012603646292586616,65.31029880769529,0.047086179549718055,9.058260029687816,0.0011572906464704627,43.963269896781654,0.04304999966543055,35.00285337124254,0.047086179549718055,409,2022-01-01T06:48:57.830000000
0.295013529855948,155.18142275124453,0.7972269062931935,-73.23932090377758,-119.86181130716413,CW,4,0.049669027348535164,0.001911500904951836,280.8686444627325,0.030859052880280766,74.35584052002457,0.003188571461711567,8.731505737627469,0.049669027348535164,21.479366116129587,0.0021970120066205955,31.670818134018607,0.03226105221754861,20.88927772650601,0.049669027348535164,410,2022-01-01T06:49:57.840000000
0.2247949032414622,-97.68489257943223,0.8943534548708194,-54.706460264532154,180.96587622584133,CCW,4,0.05099393691424555,0.0013742702011407858,123.68922354357849,0.031078043280923725,97.37285947944889,0.0018178306061544293,20.155664909540754,0.05099393691424555,29.306375457946313,0.0026530199998916126,47.65276303345179,0.027880185122612554,2.4428623003042214,0.05099393691424555,411,2022-01-01T06:50:57.830000000
0.5788792313560416,-76.53688004578439,0.8358134257097665,63.696832090919784,665.4458077602934,CCW,2,0.06973125575934516,0.0012443547339512947,293.9959187599337,0.06973125575934516,68.87124588010134,0.0007160441442749113,3.9388811185282893,0.06753378526545849,17.32047908152627,0.0008521531699735682,15.006094073912374,0.049367441836994555,45.01222601409188,0.06753378526545849,412,2022-01-01T06:51:57.840000000
0.20338241195861811,-81.32586553128274,0.9296631294398507,35.96553673258629,384.3306442107616,CCW,4,0.056162185793407565,0.003370758677101885,225.93702381647068,0.036714241727230874,38.72933714113493,0.003777526765750331,74.69193183438122,0.056162185793407565,44.977009257990055,0.002924351671613977,46.490007354131876,0.03559553280036817,52.12777500656671,0.056162185793407565,413,2022-01-01T06:52:57.840000000
0.4670044102055681,11.334649357589578,0.5185817019480681,42.732072259014274,-110.86772346671586,CW,4,0.17409559153416515,0.003923301903598203,243.4423878277609,0.1447545866574315,54.39401128331615,0.0027124231082625645,13.796703193477603,0.17409559153416515,34.07267100778693,0.005552556748578423,13.211224030043141,0.11325686840843213,43.03782106479473,0.17409559153416515,414,2022-01-01T06:53:57.850000000
0.06910005320720662,-66.8458695094531,0.9198364963988456,-40.974184429337924,32.7904027428786,CCW,4,0.0768977892325905,0.0014486907286637085,355.2524762043325,0.06190504185296949,119.11853015520933,0.0012355385339824965,92.61709657117868,0.0768977892325905,63.3283974523706,0.0033205484107499505,60.7279680234874,0.06903988907281025,25.540625605428637,0.0768977892325905,415,2022-01-01T06:54:57.840000000
0.21525802390198673,-175.03409542136856,0.8926366022704059,-70.69008640925178,207.75744474276428,CCW,4,0.04150333443057159,0.0006266353179393963,162.70051617338189,0.03289986492248234,8.036799230008867,0.0004144815526270268,21.045966009214123,0.04150333443057159,29.711062863640578,0.002429867280776763,44.740242142978644,0.021849918349475767,23.051413528889313,0.04150333443057159,416,2022-01-01T06:55:57.840000000
0.2582885127285992,83.04116324876244,0.89439284720864,27.770674003712912,-164.03947528587906,CW,2,0.1404691648107758,0.003569025496879848,91.6282897696869,0.1404691648107758,38.35498685770698,0.002144705189346698,86.49464391933287,0.05925038376512652,62.33463521646098,0.00286460447129431,31.611244266755698,0.07853881219736754,24.115014819470264,0.05925038376512652,417,2022-01-01T06:56:57.840000000
0.23609070619823846,-119.00633191249908,0.6666649781340704,-85.70835409087736,278.04077297643573,CCW,2,0.11964355600953207,0.003660392361157632,255.44832397113572,0.11964355600953207,87.92414599147871,0.0015089776720810784,3.689514630582845,0.08549377202179352,88.95733564782347,0.0007478126938158416,19.879555360911546,0.011463440219633286,47.88902331577895,0.08549377202179352,418,2022-01-01T06:57:57.840000000
0.3785362290439199,132.26550989801575,0.6834338609493905,-63.894524712873846,-207.27868909548823,CW,2,0.1453320686346939,0.0026026015306841706,181.78343784389142,0.1453320686346939,117.17493603467263,0.004358726322290545,68.87102563015833,0.08528981340552122,78.4141169191106,0.003126295881346163,60.91874488082203,0.11213151793026525,25.44978224386741,0.08528981340552122,419,2022-01-01T06:58:57.840000000
0.3140410317195331,112.04866529693615,0.6449451304032066,-62.413227427066204,-152.1037172137124,CW,2,0.17818937294018738,0.0029577584781978585,148.94253600566114,0.17818937294018738,127.22926005886363,0.0018681635192247111,83.29121728547008,0.04412476985375053,23.469893319639933,0.0032454065090957466,24.73501950196701,0.031207700242032253,49.468448951029984,0.04412476985375053,420,2022-01-01T06:59:57.830000000
0.18463807871895052,-63.56923958952962,0.6956535513791413,0.29260331849113186,96.09467808681934,CCW,2,0.1567801028096013,0.0005240393766960962,251.7975922210343,0.1567801028096013,178.14526197679504,0.0010567608447711754,84.61159015830125,0.09795637751696346,9.093211890829567,0.001897495458246664,5.370358745806209,0.05231866837282012,13.099964341186165,0.09795637751696346,421,2022-01-01T07:00:57.840000000
0.17402028537859612,-79.455148439412,0.6077875447624396,-87.28140443234692,191.6258240010829,CCW,2,0.13403856023783345,0.0014262475410105465,83.66689641362795,0.13403856023783345,90.85177960816088,0.0007985093546254674,8.324504108040893,0.08457481783547326,7.047018128362397,0.0033134976542739153,27.487890465745483,0.003863492354983328,15.701168844994607,0.08457481783547326,422,2022-01-01T07:01:57.850000000
0.4567173560059499,-73.69964513629887,0.5745459651893862,83.36262711561855,486.4038866742004,CCW,4,0.08763004726445126,0.0034503709212348687,257.2457319373841,0.06557627329152511,78.50680766701008,0.00034304425910431464,18.79346145292007,0.08763004726445126,81.47147883285353,0.002546815568688992,13.919607753236395,0.049090631241109836,43.042734606297046,0.08763004726445126,423,2022-01-01T07:02:57.840000000
0.44640683025187305,163.03370779429682,0.7377784196491686,-63.82640483694014,-313.243660183823,CW,2,0.12825199691228018,0.0018949653737723,340.62952830378674,0.12825199691228018,103.8044119441685,0.0031477165119120297,74.19554914333463,0.0771498902474601,75.92246573673694,0.002495936273890834,2.7391002896782677,0.04556365807539623,54.71441564992038,0.0771498902474601,424,2022-01-01T07:03:57.840000000
0.06244414770476447,-89.55790549653331,0.8679253980806241,-68.07365619205652,6.905722688859925,CCW,6,0.07438183809939089,0.0006176445501954491,217.33172464906573,0.05516985462475498,116.55645688289259,0.0008763167336242458,63.93750120374562,0.05663890616202537,69.3688582079954,0.0014078325497959344,16.826454803527167,0.07438183809939089,27.492531643311107,0.05663890616202537,425,2022-01-01T07:04:57.840000000
0.28109076581650877,133.58120224446967,0.7059099529572176,-44.31602077174827,-283.2142548714063,CW,2,0.13650474826605116,0.001373485246118858,221.9111674353039,0.13650474826605116,134.23361629942264,0.00164700461020258,89.53980372353644,0.07761243935303982,40.205335752772996,0.0026273786301306374,27.74103576641084,0.06938790293882555,17.33016565326604,0.07761243935303982,426,2022-01-01T07:05:57.840000000
0.3050187849201073,-15.138471525498892,0.7663114303639968,84.61811070387891,131.30944930945304,CCW,2,0.11017049833929873,0.0008901924716708493,192.43512263022214,0.11017049833929873,99.34006672470568,0.0006904773867160343,106.99440916077492,0.023798276767589333,70.91660484636662,0.001987865391499128,60.30642516792273,0.05207105983334926,32.23314921088975,0.023798276767589333,427,2022-01-01T07:06:57.840000000
0.41117957083002454,124.29037263939067,0.7507493119540861,-50.06553414923715,-244.52082101008168,CW,2,0.06948464654435839,0.0024359436436261895,357.60068098112146,0.06948464654435839,140.98064717629683,0.000768125059761667,18.28136305352387,0.0472924819782122,59.15379070688597,0.001034673022051385,65.23289027206334,0.03934226240376482,18.86034089919591,0.0472924819782122,428,2022-01-01T07:07:57.840000000
0.34327001319758854,-168.49831967530525,0.6995038787820352,-62.32139174461571,138.22051474281687,CCW,2,0.06755038120695328,0.003661389975577205,199.52882127503872,0.06755038120695328,97.49191110175722,0.003655278710107427,95.74757500044164,0.02063219485280343,18.185099418902244,0.0018660723967026992,65.44896627700581,0.057006400329536744,14.985346318207371,0.02063219485280343,429,2022-01-01T07:08:57.840000000
0.32621378080250096,94.19225162030776,0.869814941581958,-82.08785882149257,-619.3434413527535,CW,4,0.09033248834354972,0.003706062427653035,68.4667600250138,0.07577303140630225,97.49349944967356,0.001686662969394102,39.98545357319663,0.09033248834354972,27.250835407051447,0.0025147249809102153,46.991262678741755,0.07369499440142302,53.11037323814403,0.09033248834354972,430,2022-01-01T07:09:57.840000000
0.20072600765213316,107.60091367574837,0.8636112960581195,-38.01739959079674,-425.8457146941148,CW,2,0.09220885749126044,0.0006343361118793103,184.1865538284965,0.09220885749126044,130.48335006005985,0.001237577457083989,13.244932695430192,0.06098479704719206,33.53916453144575,0.0014853998237810662,33.53899473733461,0.05781945813353171,49.71091775457959,0.06098479704719206,431,2022-01-01T07:10:57.840000000
0.29713833106924786,179.21086072007333,0.6167091012449091,-72.18016202772846,-117.44881815624991,CW,2,0.12611145570529197,0.006332497252647992,73.25864379865472,0.12611145570529197,118.2191865647946,0.002513764539055555,19.776662061622613,0.08162469378573262,65.30980424445828,0.0031250335320813834,68.73146017578468,0.04763743697624165,1.2810107824400763,0.08162469378573262,432,2022-01-01T07:11:57.850000000
0.12452295380304328,-41.79132650426185,0.8168271029568407,14.880318872471747,49.26607644862864,CCW,4,0.08210288293103409,0.004835693206357178,351.64517874936314,0.03419817475845384,34.19717837062415,0.0023276001125353512,9.12479456801391,0.08210288293103409,75.3705682024564,0.0003580363137753159,42.08959155992856,0.0396018369217145,30.239783573627978,0.08210288293103409,433,2022-01-01T07:12:57.840000000
0.33900910532130557,-154.46693261697297,0.6938571243137155,-21.60685229007416,109.94665306477258,CCW,4,0.11554502224555863,0.005231776209745598,125.30020244039153,0.049448485614449054,164.97334833926658,0.004118613042532183,102.33817408919002,0.11554502224555863,63.33182918547521,0.006788638458432072,37.28498115844942,0.06709001630921463,48.91949010825432,0.11554502224555863,434,2022-01-01T07:13:57.840000000
0.31565220204874733,-68.72300698389574,0.6695015242937774,0.5919246439108861,420.22922696062835,CCW,2,0.14269346479993456,0.001177090186979314,128.94943055319004,0.14269346479993456,175.8281933633137,0.003559061530799874,62.01672622890245,0.02480388736227495,54.62241524683313,0.004070957082638279,52.76976502027419,0.023231618258803374,27.361060506815893,0.02480388736227495,435,2022-01-01T07:14:57.840000000
0.2434376373218633,141.87906518902565,0.819279233101801,-32.683756697528395,-57.24226989818468,CW,4,0.06707975401501416,0.002487017194882808,337.25729750678806,0.030706737567947538,153.36867494512367,0.0011714292787832334,62.449054019295694,0.06707975401501416,20.682805776253467,0.0033892348412259583,4.789468262001249,0.041186362804004895,20.84411433700992,0.06707975401501416,436,2022-01-01T07:15:57.840000000
0.2125194740788006,70.9762989479671,0.8626559476542753,-14.088181343731293,-261.6930082332898,CW,2,0.1008511597593487,0.003092027651922466,357.0000138186623,0.1008511597593487,159.63195385713237,0.00011434015386057144,78.7193245779581,0.10081279896185946,55.21312756071558,0.0019024815517257347,27.998506227599673,0.019471286849999717,36.86869099992887,0.10081279896185946,437,2022-01-01T07:16:57.840000000
0.40934432900470397,-119.0193440062274,0.7664088232305797,-37.86129765963241,299.0945537749003,CCW,2,0.0876989035708024,0.0018500115709143307,180.53535178354258,0.0876989035708024,141.48069232325764,0.003014196942621235,2.652557624672253,0.011831050393729963,78.06918230464395,0.0017440710741750463,23.405930036532528,0.06718046054863751,31.107128375493545,0.011831050393729963,438,2022-01-01T07:17:57.850000000
0.29396546042713745,121.14218391937766,0.6613740449176995,-55.95066731836924,-166.60143149802514,CW,4,0.10828932405756514,0.0031194214762586105,146.45379813044775,0.09961923581448459,127.1253168357207,0.0013990276144754004,32.58247700086949,0.10828932405756514,25.907281902157145,0.003181085415171485,62.39840312017125,0.07939311947981581,0.7843805723438286,0.10828932405756514,439,2022-01-01T07:18:57.840000000
0.3069294333938444,104.88850059316185,0.920955082107854,31.338740871776793,-332.0424019369379,CW,4,0.1232712016623333,0.0022250871559275705,243.2607481945122,0.08385102933546547,56.08500780149428,0.0017001844954719313,6.7857884435710565,0.1232712016623333,75.77861466759614,0.003241782160975468,22.21489081053459,0.0921489761538196,8.31781293798602,0.1232712016623333,440,2022-01-01T07:19:57.850000000
0.4266820546815683,-118.34414592869221,0.7858479292363802,-60.067796624696555,523.3595651390342,CCW,2,0.06971338446330282,0.00209267238187418,63.21293894692826,0.06971338446330282,131.53658795207335,0.002963773370159509,37.01721347127755,0.016302799147899134,12.211282480810658,0.000402520801835064,12.976142986725693,0.04258877637732968,49.97334921159812,0.016302799147899134,441,2022-01-01T07:20:57.850000000
0.28464533528980557,136.20625853772353,0.6556077808950732,-72.4115700325922,-140.5025834364965,CW,4,0.11842482828985113,0.0013516559823676774,185.41231605600518,0.1057641562241694,95.10059962459381,0.0014826697689610975,38.68860812403352,0.11842482828985113,21.4401056735864,0.0031025228293239853,43.29773329451457,0.05167624243818153,17.97349971541336,0.11842482828985113,442,2022-01-01T07:21:57.850000000
0.12090760950489576,103.69057473540224,0.8632830549462668,-36.502698798487785,-8.498589008150873,CW,2,0.08240135341965764,0.00017487854502819567,253.77491295947175,0.08240135341965764,126.01186355255061,0.0015489997037763938,109.39868482950047,0.041436155179383524,19.76808736929872,0.0011458245967100455,4.788174212496407,0.021166214180815855,2.0688559946848732,0.041436155179383524,443,2022-01-01T07:22:57.850000000
0.3150081755855942,175.7549157427184,0.6575985599203352,-31.152871916766742,-9.04060613747933,CW,2,0.1248509232972685,0.0017930602779113313,351.5092763255645,0.1248509232972685,152.92260531023132,0.00034104500495558314,0.23082531629825104,0.023053871334011204,67.13109053531896,0.0025042176585275884,10.4845408128227,0.039029508831484344,39.225595357482746,0.023053871334011204,444,2022-01-01T07:23:57.850000000
0.22136074935078712,158.56401704339413,0.7193084792779109,-79.06295426514016,-213.30436620781526,CW,2,0.08424630918507775,0.005810378165149031,215.3197079441023,0.08424630918507775,96.48136513805179,0.0035541607686634127,113.02216842760848,0.030496849898371998,4.729088329503772,0.0028748945697085818,37.09925334390192,0.02855077755032214,16.177100292202137,0.030496849898371998,445,2022-01-01T07:24:57.840000000
0.18572124757715763,-74.92911835222822,0.758198327032245,-3.2468793027853735,246.40146088861712,CCW,2,0.10477610360367974,0.0035311944644532264,15.215160975311992,0.10477610360367974,175.37654971020316,0.0035504833166487173,119.7373567739696,0.0913214097116463,78.21197260813635,0.000984644586597389,60.58103572780183,0.0647339686231643,53.15344101471786,0.0913214097116463,446,2022-01-01T07:25:57.840000000
0.3529325380271588,-142.60469171484732,0.6125154525603761,-25.65174966881773,301.0146857465114,CCW,2,0.14670726634394254,0.0015937880493073352,12.220862137712082,0.14670726634394254,145.02464071713638,0.0018935398738483592,67.85716792964396,0.025965791126909533,15.717978727863944,0.0008245437115782602,70.68196428110134,0.03136701377403107,36.8079517379447,0.025965791126909533,447,2022-01-01T07:26:57.840000000
0.07255443228712889,101.54263482324461,0.8954495234084223,15.68695130853419,-288.11882125072975,CW,4,0.11016774956464512,0.002396050131511776,104.48223298812455,0.028763334444451918,32.06579322964144,0.0008631311161823604,104.00772582655334,0.11016774956464512,16.63223590353263,0.002598702274652348,65.05279196226955,0.03381585638623845,44.38164531213484,0.11016774956464512,448,2022-01-01T07:27:57.850000000
0.40519528325058735,137.70103055473928,0.5380892222294442,-20.844266017147078,-506.0350495005763,CW,2,0.16125789973288962,0.003412662396631189,239.21304481928115,0.16125789973288962,159.55344318903536,0.004581486283159119,30.11479279819661,0.10073899212278525,61.37069305402643,0.0031809275662547628,57.419582092942534,0.04007969452300055,28.7797178147894,0.10073899212278525,449,2022-01-01T07:28:57.840000000
0.12256369182927135,53.74703818576376,0.8885371531624812,-86.07996911759511,-149.9515252134732,CW,4,0.1222169305393553,0.002386775713125813,265.4390709892318,0.1120428318536889,102.25452714377698,0.0023219177472809005,74.21320860781726,0.1222169305393553,10.165792749919412,0.0024000220009236695,71.03193932124329,0.0743502428273554,16.131506060272756,0.1222169305393553,450,2022-01-01T07:29:57.850000000
0.21144409683618973,-170.62505841693783,0.8093197947732313,-56.14232749524777,-49.30978859619985,CW,2,0.08098377974004398,0.0015019009131541164,226.75941314370934,0.08098377974004398,98.44638849581621,0.000584770267289362,73.35747833992298,0.03218608779738205,74.74850430748312,0.0027392953747886035,5.7008957239255995,0.029813070729005138,9.91681778277729,0.03218608779738205,451,2022-01-01T07:30:57.850000000
0.2547641778737092,140.35220537267563,0.8116531793530707,-20.182072247779132,-285.78816777151997,CW,4,0.06472318768563473,0.0025136042470408656,205.24640931495406,0.04267389907595031,15.399602971719007,0.0013457643788975895,118.24477675921763,0.06472318768563473,34.14239044297994,0.00015593238315492948,42.35449702611704,0.0386032056412099,50.577929718642324,0.06472318768563473,452,2022-01-01T07:31:57.840000000
0.039062001192684756,-101.75868551091862,0.7060053101930212,85.60171897740166,-47.86224567911264,CW,2,0.12414042230921199,0.0021584597829279436,218.04658046927833,0.12414042230921199,86.03507768055253,0.00208315453628,1.0257260177852938,0.08015525212314643,77.45625501827746,0.0013227006315354847,62.124186358685634,0.020725769193144998,29.506077695411182,0.08015525212314643,453,2022-01-01T07:32:57.850000000
0.3682823307960336,-17.23879902669341,0.7247165768477651,30.602107085359194,16.47248272442246,CCW,2,0.11825477381468784,0.002617990875326217,0.9087888967960246,0.11825477381468784,4.402909281473934,0.0012017019087485004,82.36477575827396,0.02781492871019068,78.0866918319649,0.003936827777949003,33.528585507663884,0.022685716983755346,26.752013269241704,0.02781492871019068,454,2022-01-01T07:33:57.850000000
0.487273225050302,142.834675055491,0.6048512206339756,-35.93822753573846,-385.3104868647016,CW,2,0.17310419567472446,0.0003336156378478126,64.90731043565754,0.17310419567472446,147.68498092784006,0.001362654477173788,92.83777077196764,0.041800159561368684,66.92186228505932,0.0015291583463758365,70.98232006459617,0.01521943827185908,8.859301695630048,0.041800159561368684,455,2022-01-01T07:34:57.840000000
0.2152448055435845,103.05995496400581,0.7783996737591914,-54.72387044854611,-337.81953384234964,CW,2,0.13541393670111704,0.001957432936553538,294.8713225858059,0.13541393670111704,139.50298046032032,0.0010098955099951748,14.676742556405548,0.034527231777771096,75.40672260162954,0.0024981172459558215,50.17860356572852,0.03198349582635023,35.3093346289955,0.034527231777771096,456,2022-01-01T07:35:57.840000000
0.333481713356192,-150.2706757252207,0.7579573569577761,-36.9217034295491,36.203711202107534,CCW,6,0.046591679357123925,0.0008172728376479812,295.04655563539137,0.04334106620421757,138.35624668004428,0.0022579474598506477,21.73413784706086,0.02686458472278179,38.48395823376483,0.00524439387537004,27.46192048580345,0.046591679357123925,59.574793718038435,0.02686458472278179,457,2022-01-01T07:36:57.840000000
0.2897160389589837,163.16161072512062,0.5381452042501405,-74.95946403621623,-109.37139411193196,CW,2,0.19439344000146916,0.0025044922634036857,40.50084002016285,0.19439344000146916,97.6347518398032,0.0037723292439394884,10.597353505267508,0.0113774505008713,18.631172761879295,0.0017206402659206792,58.19224724775006,0.0237383509845854,48.792627390146116,0.0113774505008713,458,2022-01-01T07:37:57.850000000
0.11389112931061202,-154.11235886816874,0.7856525428657406,-25.51938555332586,32.38173609391339,CCW,2,0.0733331887555066,0.0012121401312594085,41.00578325257019,0.0733331887555066,155.42553072139984,0.004883608174005564,22.134317191794867,0.03185952551693579,11.210550814183785,0.0051731859684221145,60.372310859954545,0.03995157712173643,59.71532002779425,0.03185952551693579,459,2022-01-01T07:38:57.840000000
0.04348347482990696,143.84257579161437,0.7471888289840927,-50.197016268480525,-61.97416595176395,CW,2,0.15581539491506283,0.0009142041171906629,242.165276713574,0.15581539491506283,125.09217539273882,0.002805997007692479,36.47123233480148,0.03609915423766338,47.20326055472632,0.002262355564686152,62.56809491900083,0.0415889831084436,14.916236207237302,0.03609915423766338,460,2022-01-01T07:39:57.840000000
0.27156276798463563,104.07828724745023,0.9603724336016396,86.11966808361584,-401.39521579398485,CW,4,0.05955211516757952,0.003548070288626542,138.199359255111,0.02540715578927123,65.61096366047332,0.002654588054196743,69.94525517101607,0.05955211516757952,72.91951947275749,0.002493669046959362,39.189358980051246,0.03275595986933481,14.482912141023975,0.05955211516757952,461,2022-01-01T07:40:57.850000000
0.3014643358715474,-107.17605186429999,0.8795783999370015,22.621567896132547,337.2234323364639,CCW,4,0.10511166188350331,0.001207187212444268,254.28768748171123,0.05844111951046923,17.124018357619676,0.0015723644002730364,7.032387589240543,0.10511166188350331,22.892068479315984,0.002204334923501689,31.17195935319723,0.0811845107529665,30.78405578461991,0.10511166188350331,462,2022-01-01T07:41:57.850000000
0.3287652613398278,176.10181041202287,0.6858999317421874,-28.618560079370894,29.179380649347706,CCW,2,0.12721233390242762,0.003439218065510941,359.874024945035,0.12721233390242762,176.80849266608317,0.004194609748973044,22.853183033184028,0.059040071814589784,52.18100290634873,0.004404148657495926,68.73298938485947,0.031601065284554704,30.22272231089036,0.059040071814589784,463,2022-01-01T07:42:57.840000000
0.24162072617453487,36.1399448298851,0.7189350368048602,41.91412290726052,-221.48333477568121,CW,2,0.10237369444206763,0.001850097580583982,14.141250644353443,0.10237369444206763,50.55983679912777,0.0008364159940164053,45.47984331177482,0.06329199575241813,81.56506606475601,0.0017001392992891393,66.30006725936654,0.029127623110032617,42.419745092427185,0.06329199575241813,464,2022-01-01T07:43:57.850000000
0.03782414943496535,160.7602736824252,0.6953071743909214,81.44038098495142,-185.39193401863844,CW,4,0.11194373702322295,0.003223418840191021,165.10002324532837,0.10987890539035193,79.72027025607765,0.0005291725335204313,70.40465475191675,0.11194373702322295,62.907425767679015,0.0023842828769574833,5.1517455230938225,0.0635727300284535,19.565682592783908,0.11194373702322295,465,2022-01-01T07:44:57.850000000
0.1944895517164574,60.49002909008632,0.8649288738942821,48.000691735351666,-237.45467527300275,CW,4,0.06090986113666389,0.0013161227261134511,159.06435495973523,0.06040355046735313,68.71492941898738,0.0008904031845692103,106.18667696725365,0.06090986113666389,39.00504528419975,0.0016579176135225347,35.93970264528628,0.0540674936761592,48.30408062499354,0.06090986113666389,466,2022-01-01T07:45:57.840000000
0.2434266665602077,-112.61339167019558,0.6712695430612481,-78.24632300133167,154.45176662222107,CCW,4,0.08305407834766501,0.0015774385603055398,332.56712710352303,0.03591225042643554,98.43573209544921,0.002998082446636776,7.283709343055678,0.08305407834766501,29.00800278470522,0.0033714830297579415,0.7022803113554346,0.06103279372766376,19.28085270692627,0.08305407834766501,467,2022-01-01T07:46:57.840000000
0.2447723752975242,14.66450643930221,0.7170563255264064,53.39288614736093,-88.31174207161523,CW,2,0.12685241624335047,0.0008515652015902949,171.58112338731902,0.12685241624335047,49.61618994666984,0.001106401356371535,23.02068611732982,0.0741600565126289,72.41285228249458,0.0017225804421105552,29.75737205222355,0.031094960248816965,13.079830687550741,0.0741600565126289,468,2022-01-01T07:47:57.850000000
0.2534099600309713,-95.68307571482211,0.8471244551778812,87.39024697040682,413.076422796772,CCW,4,0.09251832182010769,0.002070753568651962,29.190505601410205,0.03128604922023385,115.80949387268123,0.0017697272991726173,78.59063431271096,0.09251832182010769,62.69977080928559,0.0002524583543648604,27.62275154863322,0.05119814345560404,19.524624354907996,0.09251832182010769,469,2022-01-01T07:48:57.850000000
0.4174840652997291,-41.322853387238276,0.6716816664017651,39.86090618072913,367.6345975059403,CCW,2,0.13224704952734828,0.0012395691343767003,109.36492694511779,0.13224704952734828,37.274826510836625,0.0010392416348319151,25.62636750424022,0.06386921171087113,25.713002362572592,0.0025014072727321747,34.86672066531399,0.06822455816904245,14.969190295736805,0.06386921171087113,470,2022-01-01T07:49:57.850000000
0.24707806286039918,-118.32433841868763,0.7115694200482233,-10.12806551643257,116.20990494416418,CCW,2,0.09560733140309023,0.0011295349857167744,1.8064831705496884,0.09560733140309023,170.53511348565874,0.0013053121166678187,67.694896296672,0.029438767629334454,32.24856552873703,0.0014407012763669113,2.600587101382555,0.018403239730278388,27.930336001049884,0.029438767629334454,471,2022-01-01T07:50:57.850000000
0.5597422188247437,-156.7857027345745,0.5890529220094138,-47.01247734115597,513.0121311148534,CCW,2,0.19442684823279505,0.0025860040827083985,14.191633697776705,0.19442684823279505,125.30026270139007,0.0022038358181120086,83.76368227969431,0.03289634729776918,27.52567727473815,0.0021298023673105584,11.695795705687987,0.028212676209526166,27.323681791810913,0.03289634729776918,472,2022-01-01T07:51:57.850000000
0.24580166296449024,104.99411911725502,0.9142439937628655,-84.69720679963281,-428.7219055807851,CW,2,0.07279730162370725,0.0010363020756119633,99.62542471543925,0.07279730162370725,73.75583567419301,0.0018704626836674634,43.308019564469184,0.050797053580180884,5.294318020616692,0.0017530107207885085,9.897829510687425,0.049455167405221746,15.84856016364936,0.050797053580180884,473,2022-01-01T07:52:57.850000000
0.09678755468437673,-43.25489474823752,0.7187695879651232,61.25563147661303,-76.52651047542909,CW,2,0.09079505706831592,0.006208892687454477,239.65289059619386,0.09079505706831592,55.160573490615455,0.004634160768501236,9.382792474983017,0.05069223068405282,49.23559359045261,0.0043871930341908135,10.460527902502701,0.07951845057847119,4.8708918112869135,0.05069223068405282,474,2022-01-01T07:53:57.840000000
0.2626461745345951,91.0647045446719,0.8462269801293383,-85.64872003552185,-396.5296595161917,CW,4,0.054859381667319594,0.0027362429386736057,188.07668311723907,0.020221690622555723,92.75970660916309,0.0031606666494567955,28.860481155820043,0.054859381667319594,17.81201696988659,0.0007843453790092019,66.45974512177628,0.010838927125842461,46.640473752469724,0.054859381667319594,475,2022-01-01T07:54:57.850000000
0.17177031686466598,129.2621958926971,0.7966537485222348,89.66727293915845,-173.3136697567466,CW,2,0.08903505406288471,0.0018076344401561093,269.22243594594033,0.08903505406288471,84.69508033561567,0.002046978924574854,114.86433900637964,0.06821706250887832,67.56468821132822,0.0038087119267422947,0.2963321062402952,0.03805949187361048,8.78434064165495,0.06821706250887832,476,2022-01-01T07:55:57.840000000
0.03531011720260281,152.96579436408473,0.8672445946129979,-75.93179305940745,117.68335633128746,CCW,2,0.06672983688955357,0.002004702747982131,109.85716494235568,0.06672983688955357,103.31126146847116,0.003470083006523339,91.01184415020091,0.05919596335676563,5.425044467682166,0.001164749131986558,38.71488437259651,0.043787561605677566,51.01731364462162,0.05919596335676563,477,2022-01-01T07:56:57.840000000
0.40500530377958505,128.26611718347266,0.6927911610850789,-43.51175482175904,-451.3220670664466,CW,2,0.16662701268169983,0.0010839491829888986,105.26892809131675,0.16662701268169983,135.7052968371542,0.001708321231235511,36.7175316502818,0.058737534470732045,61.41326843969084,0.0017069042665233648,0.4671739411767347,0.08004408338282194,39.219705799175706,0.058737534470732045,478,2022-01-01T07:57:57.850000000
0.1935400602159225,-39.69806789903436,0.9537743332390919,-65.9581760388973,247.25477497847922,CCW,2,0.0613653900284277,0.002410240349727667,174.70425522216544,0.0613653900284277,122.59966531591887,0.0016227470715752678,34.2089039983107,0.03683251189842568,0.2239463156495546,0.0010209337979559215,64.77038921153049,0.035920617219755785,26.185588463403192,0.03683251189842568,479,2022-01-01T07:58:57.850000000
0.2674403051112259,49.781594749089734,0.6201938801879627,74.78037148041986,-55.34595351482204,CW,2,0.13195867619639914,0.0006987362973360068,312.6696387540559,0.13195867619639914,73.19053579554405,0.0016806047147745122,38.18463851174972,0.03316775580565523,67.8821349112588,0.002764189291298213,32.87235355048302,0.021282383622535886,33.66958065235376,0.03316775580565523,480,2022-01-01T07:59:57.840000000
0.256263216983001,167.7461864666618,0.6003384035777211,-52.55830826754331,-247.27068037158895,CW,2,0.1271956515739265,0.0005540127982475248,85.76496343397469,0.1271956515739265,128.6566421226693,0.0006972260045586597,56.22162352711359,0.059714556449599804,45.9502531556963,0.0010437049366319624,51.28134130666149,0.015960967539911587,39.96179875552364,0.059714556449599804,481,2022-01-01T08:00:57.850000000
0.10811230826727401,-69.15583642410823,0.9107078086853164,-23.792393565185137,-90.42976422283505,CW,2,0.06722000437760021,0.0008981365489186632,340.52355689925605,0.06722000437760021,142.37543033235883,0.0005298148099736591,1.3150819362347625,0.022201189030423243,54.606019098863065,0.0015199820843050202,4.614484211272062,0.032592054232846175,26.51887024360601,0.022201189030423243,482,2022-01-01T08:01:57.840000000
0.1304933202332455,46.425448020405824,0.9551509979914798,-80.36249765488918,-162.34134072819433,CW,2,0.05815640667003922,0.00301333163588773,161.06097198654444,0.05815640667003922,121.82834114307195,0.0028707206473274722,90.30938219296023,0.027685105038611612,84.50411536273214,0.0016407887437953727,26.820803048239554,0.01855575206213464,36.13094557905006,0.027685105038611612,483,2022-01-01T08:02:57.850000000
0.37373127246070204,-136.26783876933462,0.6655766789517166,-59.10546074260982,313.2526538348008,CCW,2,0.17241004106897836,0.001525893124726506,304.54484504096246,0.17241004106897836,118.56581680884852,0.0010386281552333559,48.21945935219608,0.034583465106003256,79.15331956597801,0.0008412920951058429,20.86695480372487,0.06195002297677953,35.33812724886889,0.034583465106003256,484,2022-01-01T08:03:57.850000000
0.11274603311498911,-14.69637782820195,0.792704625667189,-13.32621432281914,39.798169750988386,CCW,2,0.12875571802763125,0.002129226392003396,179.98386375027908,0.12875571802763125,1.9628785071576853,0.00109195779908898,116.58999764557835,0.04113601508754439,69.64927266226539,0.0015748274119771783,55.23977877784053,0.07796214292674548,12.041149882573597,0.04113601508754439,485,2022-01-01T08:04:57.850000000
0.17091084083312116,104.25583849052876,0.8392406015385454,-46.73069916771402,-79.15885355742822,CW,2,0.08231478142688456,0.0027502809765719244,88.54211853542932,0.08231478142688456,144.99652451629493,0.0007566258459130595,77.3886001186309,0.0426707432970967,74.06927328984366,0.00310458376798421,29.784786336032255,0.03778582226702741,21.38025788520899,0.0426707432970967,486,2022-01-01T08:05:57.850000000
0.14231777091080078,160.76666891024382,0.756940501567546,-30.947225079600457,-147.010490839272,CW,2,0.12027563001754023,0.000839481313454198,292.88791208637497,0.12027563001754023,161.41797401112512,0.002310422595158494,13.181974038040828,0.03861798179481337,56.456313481686195,0.003216543363024655,18.18815544874405,0.04611968631443587,3.522087630293856,0.03861798179481337,487,2022-01-01T08:06:57.850000000
0.5501541183223256,-133.9777687642292,0.5321864966438787,-61.61856435302204,423.60788041731655,CCW,2,0.20535737784695052,0.003987154474676399,305.56134318506895,0.20535737784695052,122.14244676358734,0.004030183206874483,105.97748549829436,0.05591000377088883,10.303106091869648,0.005653721545775073,55.183390842323185,0.05475259768441139,47.75082987906751,0.05591000377088883,488,2022-01-01T08:07:57.850000000
0.05720344932102522,112.93589104900758,0.834458185441575,-9.341739130487582,-111.98737831430934,CW,4,0.052677570487454216,0.0016098926136254475,62.70562184282258,0.03957375739320545,172.84800083774263,0.002173385372148029,16.560601640543307,0.052677570487454216,11.172034092711176,0.0036855396537866228,23.227490147333658,0.05017647924624693,26.435186516057087,0.052677570487454216,489,2022-01-01T08:08:57.840000000
0.4152599783392411,96.47613368976674,0.6534877727962639,-86.95202407170082,-302.80513469260273,CW,2,0.1308539944014036,0.0018933170410032562,114.44086936069272,0.1308539944014036,90.57368089941016,0.0020961336815275753,22.485477040526185,0.019573376699595902,61.33398080682107,0.0029435063883686183,13.566634590078413,0.026294477964956344,38.50358402550911,0.019573376699595902,490,2022-01-01T08:09:57.850000000
0.34829611431832186,-146.1455782767108,0.6601532235637808,-39.57599052358651,281.9784562673537,CCW,2,0.14291669049174582,0.0025343181120576195,61.330642960373815,0.14291669049174582,133.6688499360815,0.0023503003590930886,2.577239730855098,0.04904539570768746,77.39150115326899,0.003159207952689799,22.460579533458922,0.0384646630943444,43.95916636213961,0.04904539570768746,491,2022-01-01T08:10:57.840000000
0.16640195165764182,-161.02885999421704,0.8021436297959468,-49.226360704179456,223.23463896433137,CCW,2,0.07639047334073747,0.002691316658096351,12.81691573767722,0.07639047334073747,151.7307419940263,0.00304320321477399,93.2917753322138,0.0072956732811270695,26.44749638655163,0.0034742363744044154,66.23795463769704,0.04927959204277389,35.05644301095866,0.0072956732811270695,492,2022-01-01T08:11:57.850000000
0.11816776169827282,-151.87721619573156,0.8657950893198091,-30.46328501485047,25.738524004590943,CCW,4,0.09263775809154756,0.0014576432492430173,167.11751724234304,0.01753069692703367,178.34276452540337,0.002591712609654101,39.23102731581297,0.09263775809154756,53.7693087174239,0.0009276231428588143,26.731072583759897,0.02725254819258868,26.825579737102284,0.09263775809154756,493,2022-01-01T08:12:57.850000000
0.318043630890337,-159.28836552012348,0.7095956192765652,-35.5993751117453,171.24905292054996,CCW,2,0.12977939437591668,0.0016700773259215498,189.56482053006567,0.12977939437591668,150.595065659942,0.0004316636886832966,114.18817812006576,0.08662683302657288,16.513084135891283,0.0008519109113286941,25.6669400060908,0.026555765535283455,47.062627816320315,0.08662683302657288,494,2022-01-01T08:13:57.850000000
0.12567511263876324,40.54000896926522,0.7915520859522759,5.7361624170801235,137.80114265963465,CCW,4,0.1547705135678074,0.003924819062582331,317.32641869671716,0.05165577805985578,177.7179178502065,0.004807889423724194,75.04045829021386,0.1547705135678074,0.2825320207923007,0.0009158311371800754,48.997481305372936,0.01099006401898757,2.1725492655823584,0.1547705135678074,495,2022-01-01T08:14:57.860000000
0.30428208995974526,0.8495280222976432,0.7469353200331685,22.07200388360991,-198.97182319170713,CW,2,0.07147598438581006,0.001612088050361045,341.5314849155616,0.07147598438581006,20.8617870080359,0.0026216712013365584,8.260140623127674,0.03379860376250553,4.188813097998809,0.002461330192160629,66.19689177959121,0.04723595888798125,57.162601743824574,0.03379860376250553,496,2022-01-01T08:15:57.850000000
0.182564635680297,-133.86983809642157,0.6913233462209385,-73.96803338888846,51.79110085197854,CCW,2,0.12735999274111215,0.0022868970470573844,10.322307276754387,0.12735999274111215,96.54288584379631,0.0004325629402736439,24.54190517099726,0.07827631493763883,11.983333880256689,0.0025352582252081033,32.832659621644616,0.016786375655406756,54.47028410015174,0.07827631493763883,497,2022-01-01T08:16:57.850000000
0.4713507439950084,150.95429223720376,0.5844128143694248,-50.91340007411705,-286.8644311389897,CW,2,0.1409045564227709,0.0007318228718333133,146.66284393123408,0.1409045564227709,133.95269483169807,0.00124860122500674,49.4270089353947,0.05306089352592924,30.993370594119572,0.001650292722898764,19.963969612039318,0.03617713390377628,57.971072582216024,0.05306089352592924,498,2022-01-01T08:17:57.860000000
0.055681115737829585,-114.85987657947787,0.9287892103580454,-25.56598898381438,85.83679111655648,CCW,4,0.09768799298888364,0.004671565521156313,331.7232402022165,0.08026737973283421,143.92280982862917,0.0020855441193096415,79.68850242150558,0.09768799298888364,30.124171113546655,0.0021708842818654,28.303133494084292,0.04696054055667771,21.784924804205055,0.09768799298888364,499,2022-01-01T08:18:57.850000000
0.23105656286860346,-3.0590406123396274,0.8875992038188293,43.41182290176383,-38.20671640322081,CW,6,0.08201261817608979,0.0020191827563813517,136.4659540445724,0.00031099999569964834,108.73567056437358,0.001611617758437011,84.82604758280102,0.0032626458965063295,78.83132243465116,0.0016700243807793713,65.28026379593467,0.08201261817608979,10.371782242214795,0.0032626458965063295,500,2022-01-01T08:19:57.860000000
0.33543513391165614,167.10578741246192,0.6974280468748247,-33.61277266785362,-261.3406525824869,CW,2,0.08711723295734422,0.0014648717306768144,90.83830497045895,0.08711723295734422,149.65302863754837,0.0034923568063672298,91.97089003508997,0.06654446813519439,70.02090811038467,0.005054132106049583,12.084165501611428,0.03830989109334444,27.322185095596797,0.06654446813519439,501,2022-01-01T08:20:57.840000000
0.2444748131891102,-102.2294764636659,0.8085262868577698,-75.1245078986488,472.8203548655511,CCW,4,0.031068331562953383,0.0010986330681690352,13.686385854739902,0.024370111096001925,111.08632532123717,0.0016535403558485442,86.13699872923121,0.031068331562953383,45.724306450186276,0.000324289618768489,30.023506013345887,0.028406342344312534,10.871552958871536,0.031068331562953383,502,2022-01-01T08:21:57.850000000
0.22791047072071274,-118.31751878479236,0.8613880586470822,-66.6654302411229,205.7492986943119,CCW,4,0.07086065811841323,0.0006746413271965918,127.67133078285264,0.02909092885098178,123.94476108824297,0.0012432014676418194,106.79237408149727,0.07086065811841323,3.983103840817766,0.0019020795957617421,34.94088734491323,0.017096302397075432,30.63279585095709,0.07086065811841323,503,2022-01-01T08:22:57.850000000
0.32710730832457635,-108.99918916213018,0.7372054837874735,-66.02279108451324,428.18122854548636,CCW,2,0.14189267470992983,0.00015842389569887454,128.8366389092382,0.14189267470992983,120.63943537507649,0.0018952532346657829,69.86992512157096,0.04007968329470974,68.82678900542862,0.0010382486174433353,30.227986932957542,0.0036289540508258247,25.71300952837487,0.04007968329470974,504,2022-01-01T08:23:57.850000000
0.33238617179821794,-152.74529247780407,0.7136173177232862,-33.586204323793595,177.2994156865311,CCW,2,0.11253522332460465,0.0012300760850232789,144.76229919024865,0.11253522332460465,148.83060098719116,0.00044995874829462275,27.377127956501994,0.01560960364207578,83.57201351819711,0.0025468923144767704,0.8745321354721687,0.0032259677855255237,18.245494688273872,0.01560960364207578,505,2022-01-01T08:24:57.850000000
0.38213187571326823,-163.36871571505162,0.6885619862215522,-62.16035013663661,-128.15026527800296,CW,4,0.06610029103847058,0.00339289102559246,216.62643021120996,0.002399334505131402,84.79161521288056,0.0004114028405998091,102.13616364544147,0.06610029103847058,41.930943893305745,0.002407577188005487,22.77681289733866,0.05580583027532398,28.8923158605722,0.06610029103847058,506,2022-01-01T08:25:57.850000000
0.052450386854468185,102.64018752380964,0.9086931311249276,-20.005646833565862,-33.3440893929161,CW,4,0.10182434725879759,0.003480824420400408,149.04548576432575,0.023092370800493037,123.06340678224305,0.0016349348317170923,29.245171241222792,0.10182434725879759,51.63564365764354,0.004889729936419841,2.693598068868969,0.07087909687921684,24.006617329844186,0.10182434725879759,507,2022-01-01T08:26:57.850000000
0.3079815047076901,-121.8275619872063,0.7485480326483118,-59.675869645313384,406.535920025187,CCW,2,0.08776974465894442,0.0014508286259816102,108.69581534002661,0.08776974465894442,116.20009244153138,0.0013847558185942665,87.54687991695718,0.018612946440251677,46.96363027082912,0.002208677122430399,19.634730701626744,0.01857700886171113,26.038031584584594,0.018612946440251677,508,2022-01-01T08:27:57.860000000
0.2863760361503677,119.51317290322257,0.7702944371028315,3.5096699424138933,-280.7568727675134,CW,4,0.10767474268961426,0.0017611271207224278,66.34179404038655,0.07537902252612262,44.63207860370463,0.001542915067896092,3.74575914526486,0.10767474268961426,76.47282680328948,0.0024909010336960206,43.283795339206875,0.06178169966994636,51.71829778051669,0.10767474268961426,509,2022-01-01T08:28:57.850000000
0.16152332301795458,-164.77910172075957,0.6601712065053221,-47.558053552301686,-40.277085489241045,CW,2,0.1266538341542146,0.004816375179181164,215.72639065606012,0.1266538341542146,128.63817418083553,0.0019754055814321892,47.127577115400676,0.06466740990117975,56.372475287923756,0.0036332600851680286,18.267497489518536,0.08261955435715815,23.016486297528665,0.06466740990117975,510,2022-01-01T08:29:57.850000000
0.26028396344991234,-111.80712665203038,0.93635787212839,10.899999594404022,396.059575822642,CCW,2,0.07850833451819554,0.004223669709158084,210.65635575218474,0.07850833451819554,5.679105172372821,0.002028531930150529,10.897020023040627,0.07239265851597394,3.641480327363623,0.003768282269111558,53.98912918597358,0.03657766076538112,50.55011513324521,0.07239265851597394,511,2022-01-01T08:30:57.840000000
0.46845700675786,97.34660503881959,0.8274950663317241,-57.36203778174419,-573.390837275228,CW,2,0.08807584638854558,0.001663525609739559,206.86921716682753,0.08807584638854558,125.99508745799307,0.0030587421573150557,81.54994409983996,0.03263497585456067,48.93203732846529,0.0022632773649975944,11.219997898469046,0.03272200918148654,43.093573084828115,0.03263497585456067,512,2022-01-01T08:31:57.860000000
0.3989749343451765,105.58046401672122,0.8834278765694086,-35.488930503361956,-608.2292745898663,CW,4,0.05821756431877446,0.004348422279190924,129.8199326043409,0.030221958518117202,129.35745776138694,0.00233912749344448,6.046143223538093,0.05821756431877446,84.0390464876042,0.0033324859365935554,49.94388439494909,0.02963475666330607,43.11582657840225,0.05821756431877446,513,2022-01-01T08:32:57.860000000
0.29576051356697486,112.19054147398299,0.9043860225870964,-47.354073134111644,-348.1952232363844,CW,6,0.04830075765769228,0.0035272028034860586,234.21498542684583,0.014294228418176656,85.51088383208315,0.002346751059573417,14.281432949972947,0.046349016502495524,66.25185166131223,0.0021550213568490286,36.94989387864509,0.04830075765769228,31.042322671930112,0.046349016502495524,514,2022-01-01T08:33:57.850000000
0.6571305246326996,107.47791855323712,0.8179891286418702,-34.04821111631412,-828.5709716974341,CW,4,0.031908490855343086,0.0009807730537760746,69.44921478154804,0.016736459387349703,116.38255267969782,0.0009819623113438488,19.911322937746547,0.031908490855343086,33.43213867464693,0.0014611953776680839,28.016730300414817,0.014048140549641543,25.433762616041555,0.031908490855343086,515,2022-01-01T08:34:57.860000000
0.3548106284984944,-116.6011573404583,0.7248649016602546,-16.358050115604016,409.6549749647118,CCW,2,0.12365546340190625,0.0032210928685293626,355.51632009422786,0.12365546340190625,163.33256081690604,0.0013290076899213194,3.968913339592785,0.09753571990397991,78.79573725708272,0.002692243675900259,61.707919238004195,0.08164120893999025,6.00688794565819,0.09753571990397991,516,2022-01-01T08:35:57.860000000
0.06963138141759903,-3.6511413789943927,0.8293543061455608,36.321530653197954,-13.438225777866279,CW,4,0.08187458727359374,0.0031930279359646454,275.00303764471994,0.052281330375312775,39.50842432252557,0.0032407189392053086,77.14558117056112,0.08187458727359374,52.282622552583994,0.0004242069281565505,26.57263690330675,0.036129124191693604,29.24621749022857,0.08187458727359374,517,2022-01-01T08:36:57.850000000
0.23381354602445983,124.94361673003338,0.7637224282882888,-76.62456695098426,-253.61408467840917,CW,2,0.08407645755460161,0.0013541624583419496,114.85471346097857,0.08407645755460161,99.60773566325842,0.005815845629389433,106.91913384026867,0.05152420575834226,58.04914064389263,0.005761087412838001,20.176048473549272,0.018605085443670732,54.78644486162857,0.05152420575834226,518,2022-01-01T08:37:57.850000000
0.11541662177259386,170.55587919189526,0.7512000876953465,-76.88583607232334,-249.56502168006347,CW,4,0.10725927891666999,0.0004074822690245581,123.44854169865022,0.08120378862631464,96.78213377084415,0.0020034634257653536,26.703538786235345,0.10725927891666999,69.10924517787781,0.000661701862373693,9.048819569641553,0.03326942494193443,59.862991653955376,0.10725927891666999,519,2022-01-01T08:38:57.860000000
0.21247495390770968,123.7255458165445,0.6746734029850839,-10.910854438399014,-333.4346011575644,CW,2,0.1305702756224088,0.0005599680964147115,236.9230107996906,0.1305702756224088,165.24603024472256,0.004613906660267165,0.3394159772245711,0.029220596023221006,25.98566946168203,0.0033766326603238213,13.324968013557884,0.05441299640153562,45.969379015055026,0.029220596023221006,520,2022-01-01T08:39:57.850000000
0.11492139206181474,121.94394755272143,0.9070754311678092,75.08810365366716,-229.81410043023033,CW,4,0.09136215574398893,0.0019697315467233625,235.90834704917546,0.014395290943373914,54.32487932107465,0.0019210673835833205,63.21037994689223,0.09136215574398893,65.38876238506931,0.0013659170903300864,61.92092544768305,0.024239609780521806,41.2043839534097,0.09136215574398893,521,2022-01-01T08:40:57.840000000
0.0787853318314566,76.04724004357229,0.6850854211616502,-83.81893873872548,46.61295625065597,CCW,2,0.10107375408709107,0.002123644829564771,19.069260032029796,0.10107375408709107,110.25425929419771,0.0033362722405053512,16.56393962524953,0.047841159772273156,77.26011745192673,0.0007254457778505843,9.563716604000371,0.07318903088913883,54.47039141505869,0.047841159772273156,522,2022-01-01T08:41:57.860000000
0.3085497033121808,-137.08134809592872,0.6423953132490996,-76.04509667942885,358.33315734471637,CCW,2,0.12224958219381386,0.0004585636590463617,335.33025892095367,0.12224958219381386,101.52313195247508,0.002236085814979301,63.38711188636356,0.012976890504383274,27.25744968167809,0.002187326145419543,60.00528379065681,0.04434834534419856,47.690655783556856,0.012976890504383274,523,2022-01-01T08:42:57.860000000
0.41833148256290126,-142.66796242292415,0.728224583886508,-41.72730611060638,357.2746581822906,CCW,2,0.06199844547080505,0.0008799070527692058,313.81696587441303,0.06199844547080505,135.53748630204132,0.0018621426166926319,1.8337193725573302,0.02206630602626839,43.49478169892035,0.0018665977454686536,68.75851141008648,0.0035169222316715973,54.637327212572785,0.02206630602626839,524,2022-01-01T08:43:57.860000000
0.16716963388203743,36.01276519615743,0.84481142676274,75.2739536922528,-261.1477195170361,CW,2,0.06647255938793081,0.0020834665849106854,181.59947556313932,0.06647255938793081,96.74445009437613,0.00370434854322186,30.992198798357624,0.03558845221299983,13.038624024485186,0.001266012242611476,24.924710141854614,0.054431193456999864,21.83928027689079,0.03558845221299983,525,2022-01-01T08:44:57.860000000
0.12826976917404634,-3.260501535226247,0.7877446183485454,-13.54273935699365,-107.67859506939186,CW,2,0.15714606256457836,0.0015130354654404325,334.9413649339542,0.15714606256457836,159.63264399250542,0.0011867865693377347,69.14511219086978,0.11404556627881936,48.39763048638499,0.001854610356255451,14.773688015032796,0.06331406920319091,26.0040038492039,0.11404556627881936,526,2022-01-01T08:45:57.850000000
0.1566905578199132,54.30796856035097,0.8793083581776762,50.880926848191585,-3.044528175221629,CW,4,0.1053119343355703,0.0015352035617652866,238.08297196007274,0.03982862825438788,44.83288379049674,0.004588318446224916,101.44114767731111,0.1053119343355703,11.121089786670051,0.0031646944750032065,63.0454965667177,0.07347597174590861,33.49178540913832,0.1053119343355703,527,2022-01-01T08:46:57.850000000
0.30662657157268625,93.97842002692258,0.851955196925183,-30.817452648597197,-651.3387580758114,CW,2,0.08321857089372031,0.00313095339594298,192.02024730039994,0.08321857089372031,131.77247331695168,0.002093403547022076,48.87538847158222,0.06761747072133391,56.60163526819076,0.0011538514541795063,66.20496050203897,0.04807364350136382,26.21402013813573,0.06761747072133391,528,2022-01-01T08:47:57.850000000
0.18747732198247102,-42.98090661042012,0.7088941858632776,86.28773681897184,318.4660691424583,CCW,2,0.14375967291195438,0.003888660476516842,308.6965164901507,0.14375967291195438,89.77654829151112,0.0028750936898477696,97.72672593344018,0.06902831721608464,46.66477647692269,0.002338829766380822,33.41447967046822,0.06655977705688391,57.83358000790262,0.06902831721608464,529,2022-01-01T08:48:57.850000000
0.3034098362880939,18.309242475143147,0.8599324324770625,38.449262788249996,-238.4121096647952,CW,4,0.09962198509508201,0.0009182331203994787,108.81791769263884,0.07591032961111137,0.4621267004621969,0.002342574502557355,84.61215898694795,0.09962198509508201,68.89258898695601,0.004572523570891876,27.98284426427531,0.018011460458208863,28.36126999266503,0.09962198509508201,530,2022-01-01T08:49:57.850000000
0.06544938939849336,23.2144364212465,0.9431009578232261,81.32285800273627,-102.74612465426473,CW,4,0.07291074712011615,0.002322670678620626,96.30442609851094,0.059222030596007814,131.57499873662044,0.0023435772199977816,12.76273380567885,0.07291074712011615,36.22268168676174,0.002371653979914383,20.433162255131062,0.03165173700589124,56.319338164014425,0.07291074712011615,531,2022-01-01T08:50:57.850000000
0.09642605959278848,-61.86669896686534,0.8704754136239227,-87.09750365501233,243.79766789465887,CCW,4,0.03558917626620785,0.0016558950553410146,250.7456640584988,0.026431731164367558,108.9374178768617,0.0006038625392735506,1.0426370879911064,0.03558917626620785,67.99987636071523,0.0029873999168194866,2.6157385911378865,0.015387580932417846,29.632290891752483,0.03558917626620785,532,2022-01-01T08:51:57.860000000
0.1825581468535716,-128.82229739356617,0.8444869117829864,-39.895339874749254,-75.07448570671994,CW,4,0.11186389611263609,0.0020607638067159546,172.8451328786927,0.09079736406188141,137.64640572921508,0.0020761119420134137,78.99178914650308,0.11186389611263609,23.83905226561619,0.002026709587990243,54.70195169853978,0.09183614684064313,34.718014828675884,0.11186389611263609,533,2022-01-01T08:52:57.860000000
0.2482664636252798,170.77649149784435,0.5537872908734803,-20.83061644806355,-163.62551341447175,CW,2,0.14462672500095441,0.0054819266620731635,105.16367439566439,0.14462672500095441,168.2592577071898,0.0022336421398666067,54.81220811689624,0.03669539280407567,46.9972411367429,0.0025050379979414156,63.22788679204375,0.04111341178777563,35.66938784691986,0.03669539280407567,534,2022-01-01T08:53:57.860000000
0.10335726021637016,5.076531884356444,0.9171746571092617,83.60323903804054,48.8523574766039,CCW,4,0.04101975692479903,0.0006500794929091264,44.80142896807131,0.03791548897269089,113.172901506912,0.0027071653399592254,16.551426748784348,0.04101975692479903,22.424046274272346,0.0007596455312598344,68.15829739982786,0.03371775149045193,5.725396294934331,0.04101975692479903,535,2022-01-01T08:54:57.850000000
0.15918804574420023,44.785288414714174,0.857793812252075,32.65795814832336,-344.39831407178525,CW,2,0.054820374567491226,0.00212993581015946,305.689429609725,0.054820374567491226,12.841764544237789,0.0025260505611103567,115.56267090994962,0.012593678194873224,38.80080347463233,0.0014199647511122292,9.53582775727356,0.0028886560927587077,42.68581303948194,0.012593678194873224,536,2022-01-01T08:55:57.860000000
0.17419561074978104,-136.66875601213258,0.7374801178392465,-73.37875207861443,197.0092195522482,CCW,2,0.06352837512539572,0.002250725336161506,192.42981915750323,0.06352837512539572,105.20288189908801,0.0005690087933475193,81.15300289553045,0.011634855015888313,66.56707013640249,0.0008039502158258008,63.21433211257008,0.02630193269708839,20.195871701061847,0.011634855015888313,537,2022-01-01T08:56:57.850000000
0.24165858407245175,-145.71532247269752,0.7336886642214638,-36.6269717991735,385.44385194425234,CCW,4,0.08187234744952825,0.002566734276278816,119.28902241835534,0.06647708658557179,133.62775169278885,0.001104332266426924,12.843269877309714,0.08187234744952825,45.36670911592073,0.001187943581937625,1.1848673596234558,0.04417521878055197,24.8225917053387,0.08187234744952825,538,2022-01-01T08:57:57.860000000
0.1949538290269178,-144.20904100337566,0.7605596818683052,-46.28649208970694,415.04621779862947,CCW,2,0.09922489485883473,8.439748100261678e-05,258.0858416233316,0.09922489485883473,134.39430601281506,0.000819798245774111,23.639083324154733,0.03941951221445187,50.6288156403315,0.0025733977303473337,48.42411995061642,0.030048844739784645,54.37068584183284,0.03941951221445187,539,2022-01-01T08:58:57.850000000
0.282312768472563,-142.90510850307402,0.5820435565770953,-11.281491465145905,285.590021063531,CCW,2,0.16404174320944925,0.0031239527076844403,192.25162581925852,0.16404174320944925,179.35500349775026,0.0025740760585767387,69.3794807483493,0.06598139330861981,79.36729380632138,0.0016235761632826084,43.4257535628375,0.03248105617578372,43.720195348483394,0.06598139330861981,540,2022-01-01T08:59:57.850000000
0.1940862166679993,153.91465186965777,0.7283930488417263,-35.68138594929678,-97.23813103271391,CW,2,0.13632980190799968,0.002203066220111902,168.3415325492265,0.13632980190799968,148.83777817434174,0.0027889834720191973,115.83116552041307,0.07615703933224853,63.53611024565359,0.000624871422499755,55.31139822163165,0.04864826848405665,16.86450823116707,0.07615703933224853,541,2022-01-01T09:00:57.860000000
0.2642072007593865,111.88335132749889,0.9384267434238451,-16.82209965915618,-264.25292076699907,CW,6,0.06449173305637822,0.00218528819141705,123.68305387575316,0.047992832920247655,79.48806911520158,0.0012318773316934396,0.8075690302896286,0.05119465118508487,18.74758654964787,0.0008709496767554758,40.79321046491276,0.06449173305637822,30.452552416917733,0.05119465118508487,542,2022-01-01T09:01:57.860000000
0.08120433512289958,-9.641509298892398,0.7727659881116555,-82.44930326066279,243.0552855791254,CCW,2,0.12185442627435392,0.0007986200647249893,346.3736337912435,0.12185442627435392,106.66997751325154,0.0036554526286836117,103.07190838892079,0.06224817148379383,63.79961519980366,0.003866430061099426,50.22919833971479,0.048203443690512,33.410664626420406,0.06224817148379383,543,2022-01-01T09:02:57.850000000
0.16298820142482126,178.2397372167279,0.8381083451410765,-19.233915165764074,-139.54058263549598,CW,4,0.10001872891606024,0.001856285088166787,163.38222907504758,0.09358228897817769,6.070376757958278,0.003068688321491893,28.255532651643776,0.10001872891606024,19.083438338395418,0.0017918156161093957,59.49525275582517,0.08137354581646478,6.8559342002888,0.10001872891606024,544,2022-01-01T09:03:57.860000000
0.3712698843591466,-72.23332171222059,0.8669540083032546,59.71240470076767,370.78594013861823,CCW,2,0.05022054045584662,0.0022676118114680235,9.880736008918408,0.05022054045584662,50.06508195270901,0.003995324093965136,102.29127384988917,0.030511850976218995,82.8762911607975,0.0010049390094387836,51.32538275219217,0.020555588018933067,55.44057931719792,0.030511850976218995,545,2022-01-01T09:04:57.860000000
0.2321329087272011,-169.35005118487945,0.8848378392708939,7.049983111997193,67.34264382626097,CCW,2,0.08874059429206468,0.0020321539759437066,225.84724648271768,0.08874059429206468,15.372015673327267,0.0012343062507603505,22.562712276732473,0.08179661755162246,51.37514318214622,0.0009561453346778839,57.32084313555604,0.03428756730885836,39.82475163605216,0.08179661755162246,546,2022-01-01T09:05:57.860000000
0.4252585075361681,136.64060633626173,0.6620226508039971,-54.2082887540674,-425.38305453447526,CW,2,0.1542329592474804,0.002270202576260257,95.72110028192081,0.1542329592474804,135.66086014351723,0.0012396133872886901,29.69191357649753,0.017593917857159264,64.11247981540986,0.0030941384914262835,65.84769447122147,0.027730660034071607,22.360734097606766,0.017593917857159264,547,2022-01-01T09:06:57.860000000
0.215472072224785,-140.78048527849467,0.8140833414028336,-71.31282486257732,203.4855697988673,CCW,6,0.09310330829440071,0.0009841513367603175,81.77629492562309,0.06341455008563934,90.68810226707282,0.0007160075526645481,95.47882904749292,0.007200444412787636,43.27206071647158,0.0015400393660388715,53.62939108652901,0.09310330829440071,41.70967479608567,0.007200444412787636,548,2022-01-01T09:07:57.850000000
0.2844106141167745,-172.57155973623497,0.6867912071014804,-46.20603700505788,140.43671448799975,CCW,2,0.12304691188326224,0.003114693722336251,234.11117313369337,0.12304691188326224,128.95606811326056,0.0013240320895800976,100.18807566113327,0.07881313031407199,10.914830131891447,0.002866394189971806,70.04103225132063,0.03564720296424645,35.151487677049936,0.07881313031407199,549,2022-01-01T09:08:57.850000000
0.17006601025548926,-143.8241657137742,0.8352598817202564,-22.36716824154442,120.739166258462,CCW,6,0.11207026291652378,0.0031412346305829003,336.40453556690017,0.1045436286755137,176.75664330620148,0.003567898376681384,31.560031345877583,0.05005719963835598,73.89641156643509,0.003171934623113303,24.607715058755,0.11207026291652378,36.8876785058523,0.05005719963835598,550,2022-01-01T09:09:57.860000000
0.39550886609375885,-173.07029832176315,0.5810706908456502,-60.775891230552915,165.61801425414683,CCW,2,0.13909933101844912,0.004649069247155889,268.2606737894449,0.13909933101844912,117.11411249297022,0.0028873411096026103,103.67635302280699,0.061444876654014796,27.923626451638686,0.0014843234894970998,5.161407399308912,0.017264331985676375,43.95239957324745,0.061444876654014796,551,2022-01-01T09:10:57.850000000
0.4470702768610929,90.86996164241003,0.88656727044573,-48.21496983490752,-605.8018580637271,CW,2,0.11363558351427999,0.002135141963330694,129.33680781508892,0.11363558351427999,136.7859979918063,0.0016916695457958471,118.74080254587486,0.04461938075372078,21.412286091695066,0.003523836617672956,47.3124464286289,0.03503055537500082,18.86247422013203,0.04461938075372078,552,2022-01-01T09:11:57.860000000
0.13567473607645986,-177.2344395643543,0.6052246285340164,-70.68792732378765,78.17222092473321,CCW,2,0.2058536401292774,0.0018484379021684615,22.22665296556664,0.2058536401292774,109.23060468617486,0.0016553429692840406,2.074344669316224,0.05391220229002099,50.99061121152682,0.0006626035723470039,47.37264533389239,0.03156554032408684,15.860394368292239,0.05391220229002099,553,2022-01-01T09:12:57.860000000
0.24187258044245802,-107.30454081659593,0.878012770545208,-79.2029539935081,302.02940032624304,CCW,6,0.019892247125168867,0.001997379471261019,7.609842926655381,0.017772649829969442,98.46185676942692,0.0014706311312116642,79.58741254680575,0.011055570331334898,7.92635651700584,0.004418900980661992,42.85201133809986,0.019892247125168867,20.152110569287395,0.011055570331334898,554,2022-01-01T09:13:57.850000000
0.4220671083036806,-178.28965494822174,0.6122027963655268,-45.69456523254652,67.62051085743005,CCW,2,0.12781369167461104,0.0015358389570058204,200.8255336385514,0.12781369167461104,129.60975223545756,0.0013299451197313747,12.511577821687016,0.03708016901134294,52.2896929071721,0.0028698842396141584,8.577450634053259,0.055229760953038796,30.883993949283735,0.03708016901134294,555,2022-01-01T09:14:57.860000000
0.2693268767425518,97.5546607699271,0.9393809281386614,-5.9600562892397875,-460.7798599400902,CW,2,0.05155990550045609,0.0010506440114715226,304.3479760345814,0.05155990550045609,10.742874298249085,0.0026501084790998245,29.034628519971697,0.04926200861722389,86.87776789480593,0.001634357683788863,1.1978316538507485,0.022091390286315377,23.253104787672214,0.04926200861722389,556,2022-01-01T09:15:57.860000000
0.25593070484191405,-177.64755586677674,0.8350892009844586,-55.65771035188192,-50.40306610565085,CW,4,0.06115811489574794,0.0006692894578189129,288.23772686063876,0.02918703781550166,7.672709319306152,0.0034397113560679414,85.32345960118222,0.06115811489574794,22.736876664197922,0.0019847031267660603,64.91985825870965,0.011611463613114095,46.56369694291148,0.06115811489574794,557,2022-01-01T09:16:57.850000000
0.3969063884917598,-162.78681579770995,0.5734013551087976,-44.81055201240915,230.8229247284811,CCW,2,0.17848734283434112,0.000648285149879225,292.3458865954455,0.17848734283434112,137.36160850267797,0.0018306889820633625,85.72743868861426,0.05659053845697277,38.92132322018957,0.0023290384220258967,35.0747660389447,0.05381116392288992,45.45958259237244,0.05659053845697277,558,2022-01-01T09:17:57.850000000
0.1453064940734842,147.20839603627945,0.9175485452691524,-47.909075659811606,-30.277766848828914,CW,4,0.11338460035541585,0.003685630754723996,224.33185189028936,0.018573400659847222,105.57399353732711,0.0020487797391301257,112.91554226752862,0.11338460035541585,11.46436454974178,0.0020954487686730837,12.684599597288255,0.047234382036994274,12.447333841230323,0.11338460035541585,559,2022-01-01T09:18:57.860000000
0.2842435872300315,-138.8789883359993,0.7691354825510799,-67.04704620899281,351.78308006937846,CCW,2,0.06729051199877906,0.0011640059502029754,212.2184073734625,0.06729051199877906,111.75398631739417,0.002878884111566128,101.42212784706496,0.05196659986667295,20.40216753310521,0.0012793836792730122,27.610205762256605,0.054087152061810244,30.601608609797573,0.05196659986667295,560,2022-01-01T09:19:57.870000000
0.11356384584630332,-154.72763796693943,0.8005468077383454,82.84497763281362,136.61187388005746,CCW,2,0.09018220008264875,0.0010251608362963544,179.7963220735743,0.09018220008264875,55.617005064472465,0.0029329718774448984,34.30311826437729,0.08730062594556746,59.5488322041146,0.0018118044225511316,50.47056147296935,0.07926124799055732,57.830803407458404,0.08730062594556746,561,2022-01-01T09:20:57.860000000
0.38924436635859916,152.20882792830145,0.6367117926065133,-34.01072345156052,-244.92634382519194,CW,2,0.1009098066215592,0.001250474024700257,323.41551207255225,0.1009098066215592,163.7935692675451,0.00020097490135268333,57.42820599483457,0.08435700419183899,43.72426042411012,0.002457007549943909,62.20657835993378,0.025949831065974295,9.109827031739927,0.08435700419183899,562,2022-01-01T09:21:57.870000000
0.0935519102598374,91.17500166088008,0.9489203888048042,-22.150798527249123,-99.54682127631838,CW,4,0.09857037730415431,0.0026391257081879553,25.923495202368077,0.03061810901108513,133.24936003137157,0.00039567966901877117,14.657977281483886,0.09857037730415431,37.34105973623068,0.0011567215880692238,66.13737423871314,0.0197045370035914,36.52307478543805,0.09857037730415431,563,2022-01-01T09:22:57.860000000
0.20311976131640314,166.1254768567727,0.6760187278914137,-19.763460886420006,-2.429981034140539,CW,2,0.13409985367615337,0.0010837705729955973,83.11753273101232,0.13409985367615337,159.32564616334088,0.004426345560850177,102.27262725930058,0.07155691482550494,5.549878973231567,0.0016446059490539855,34.82253384010399,0.037985321404749015,57.74680749754115,0.07155691482550494,564,2022-01-01T09:23:57.860000000
0.13143887355917624,37.33798027495778,0.8950149157053305,-80.71931401179164,-99.78413604721716,CW,6,0.06923895207881584,0.003023496472783421,359.01177476315894,0.03978709452847091,125.18884799462947,0.00302722756463088,82.9299953817481,0.033230609905404045,42.278954124344246,0.002367204484818464,64.81232395051244,0.06923895207881584,17.602419510320093,0.033230609905404045,565,2022-01-01T09:24:57.860000000
0.3585925881076784,-164.59485892669582,0.7112230792455584,-39.695250372276234,324.05472642361445,CCW,2,0.103024048165512,0.002254548488977722,295.26581197842603,0.103024048165512,122.32860260692289,0.0005059401123474922,38.71941388416182,0.036565655818466096,14.598212845656333,0.00020727965560314113,62.7462614709445,0.0611670403019721,41.77127520777006,0.036565655818466096,566,2022-01-01T09:25:57.860000000
0.15460826730653557,-7.51210765153445,0.7979859781356866,47.42376236238078,-73.95075622886546,CW,4,0.05881270444545138,0.0012520912321129286,212.93235726226789,0.051206894930364115,59.899498771642385,0.00042770431312693903,118.6256023387104,0.05881270444545138,61.631509316687065,0.0009122509634785346,18.104497418076072,0.004763814459768838,18.38527217363838,0.05881270444545138,567,2022-01-01T09:26:57.850000000
0.2985508023452915,169.071721170882,0.6119414297056127,-71.69946578854822,52.833026659633646,CCW,2,0.10684705184868178,0.004389684813435689,46.73719187329823,0.10684705184868178,116.6473102793636,0.0014306946618787666,32.75213332387864,0.06463635438103009,20.629456032354398,0.003707381035467903,28.509121866363884,0.04065974884488045,38.4318027038949,0.06463635438103009,568,2022-01-01T09:27:57.860000000
0.05839208861799458,17.88966029984443,0.9113643695935373,21.78278384144943,54.14030806750304,CCW,4,0.08466738963770457,0.000782591007911873,89.98099109535107,0.050914488679567715,10.322384948395086,0.0011899287448417762,75.39097638485778,0.08466738963770457,62.96053141135519,0.002759572523581906,11.131887477535905,0.06583387396011424,45.078001077468926,0.08466738963770457,569,2022-01-01T09:28:57.860000000
0.1715118469239578,89.03977412195,0.9322943085782628,32.31175276175273,-289.5073310728385,CW,2,0.06807661647227395,0.0013521313180788227,261.4390312962249,0.06807661647227395,27.24763770607531,0.0021222277705110182,74.84442641756499,0.034209498439253416,2.8773689771941533,0.0017225978467759252,42.79561650953393,0.04508717127427247,58.610675077279694,0.034209498439253416,570,2022-01-01T09:29:57.860000000
0.4865102171382079,-173.82473814761912,0.4642797226201551,-69.04365606366791,102.11880037362877,CCW,2,0.27207198589482295,0.0013488428909164006,221.86717691269675,0.27207198589482295,109.41419996157755,0.003020995572123464,106.21567962709013,0.06512491179110433,2.980072135081259,0.0024321683095236035,58.41048288877661,0.09280232748456858,31.7872198745471,0.06512491179110433,571,2022-01-01T09:30:57.860000000
0.47285853690601765,111.98319208772087,0.817900923044335,-69.68172941511473,-622.1681098176805,CW,2,0.08105386369362921,0.0011067001557836067,275.02533642341785,0.08105386369362921,112.2321942012594,0.0017466696533507795,27.66299875412855,0.027759050601147202,84.23239186940168,0.0021482787118602374,71.68756233969444,0.05057676578436191,44.70121334584493,0.027759050601147202,572,2022-01-01T09:31:57.870000000
0.33403548301447683,91.25700260286851,0.7747155827600707,-25.303329779981368,-547.9657027779718,CW,2,0.13500576904093667,0.0006963400552466192,285.5264481583445,0.13500576904093667,147.14280058583068,0.0027405432062577555,99.26486285789767,0.03690656281536023,52.71218556531764,0.0026982546040621065,19.031811945749183,0.036532656217336555,13.80480640038432,0.03690656281536023,573,2022-01-01T09:32:57.870000000
0.17235961207199577,-35.41320584371719,0.8713626270302924,35.20145136051826,77.01250075197498,CCW,4,0.11937485239369908,0.004350479234642442,290.8549286505096,0.05066618590680451,23.429635197991733,0.0012295260461325553,38.092643622867726,0.11937485239369908,64.14517255275751,0.002168864554779865,44.2676248157364,0.032994897892306745,52.10893305224126,0.11937485239369908,574,2022-01-01T09:33:57.860000000
0.11110924476298784,-67.88151410851457,0.7815658198401332,84.83906930424895,145.97994733471324,CCW,2,0.08552950800620816,0.0014818128842621306,165.83912413735118,0.08552950800620816,79.39693232503566,0.0023932855311703176,105.36910451733816,0.04095391192992539,34.411933939069215,0.0017151966674727275,5.401238833540545,0.06972555474916241,56.14529610298535,0.04095391192992539,575,2022-01-01T09:34:57.870000000
0.24529341684009665,-158.4868580640518,0.6296831737960459,-60.04989405800367,-72.46337123114404,CW,2,0.14752361796574462,0.003949305466377012,269.7634930940968,0.14752361796574462,119.2953163094273,0.00286906631231006,68.59746034337624,0.046388035414988656,41.47730191387475,0.001236291940278841,31.008386241612257,0.02474997081008302,4.078944481690535,0.046388035414988656,576,2022-01-01T09:35:57.860000000
0.13305925750639297,-173.37780372855636,0.7172424292531568,-71.17182588273842,-228.65698444168078,CW,2,0.12527643083762227,0.0012348125894017215,11.695721755140896,0.12527643083762227,118.34906509739736,0.0006262158566587212,54.12404768297935,0.0320030765998828,15.169062494998231,0.004061974703292327,69.96979007131131,0.06476644277771998,42.910298037153396,0.0320030765998828,577,2022-01-01T09:36:57.870000000
0.27098450790065753,4.282465791219206,0.7474964363370326,37.56242294202522,-80.8925124415354,CW,4,0.0572904636376993,0.0003827638739079602,263.48952607059556,0.05061954799815533,34.43997181315468,0.0016902496509052117,97.9531485380157,0.0572904636376993,16.661454853719334,0.0013257476503150054,65.52204012861637,0.043273221492850365,59.90461499350622,0.0572904636376993,578,2022-01-01T09:37:57.860000000
0.23896022092953312,100.48410843505233,0.6489105234643994,87.47803315796338,-308.9396266626172,CW,2,0.1394948877287465,0.002698507066877489,169.31948424614933,0.1394948877287465,73.92305869312335,0.0045326681404981055,73.36260703717855,0.05631751476038959,29.226071937046274,0.0037151180922738477,42.89268452230962,0.05317630401619964,41.139433533100146,0.05631751476038959,579,2022-01-01T09:38:57.870000000
0.30173677105790725,69.74671775366949,0.9534472060038637,-11.758178945794612,-357.99270515269,CW,4,0.03797570377114247,0.0016537263237691596,214.0426164342907,0.03567061084895481,98.88275040234325,0.003742216151870086,9.978610919329551,0.03797570377114247,72.23064406362037,0.00174074529583975,37.321006206542435,0.02921398158358716,23.9619374905855,0.03797570377114247,580,2022-01-01T09:39:57.854375000
0.01767321789997299,26.320977271269115,0.8044579677765888,8.148869673700403,83.80434249786757,CCW,2,0.08547395096441929,0.0009696363685389938,67.01338086603243,0.08547395096441929,173.93914097091564,0.001457725335789453,46.32958838885735,0.025020782203921326,21.93735084130102,0.0009129464715482673,57.68305548836747,0.03258393574158888,25.864892988270928,0.025020782203921326,581,2022-01-01T09:40:57.860000000
0.11711983420602795,-173.77558084952943,0.5714242286731019,-78.25362076627894,-64.69043719980272,CW,2,0.1599773437557507,0.0010810687208043515,111.24194405234189,0.1599773437557507,103.50539021341461,0.0011694688470347827,28.24539851770645,0.06018669640102488,10.612476749703179,0.0014077174409966233,47.837703847455785,0.03646403104191915,8.220893108287852,0.06018669640102488,582,2022-01-01T09:41:57.860000000
0.20699897151629926,158.5813512112758,0.6684686775411524,-23.086463322049667,-23.74613222310532,CW,2,0.12236926899205045,0.0006911789729444675,305.9987923671944,0.12236926899205045,168.89815018600626,0.0014431522478734334,101.30777494379683,0.053955740199825894,52.0596031112593,0.002977343623504058,55.504613613275524,0.051375166072840185,31.904569043225994,0.053955740199825894,583,2022-01-01T09:42:57.870000000
0.12303725447324475,112.07018900600501,0.8142829184798719,-4.123124512620564,-299.911982890535,CW,2,0.06812888366785079,0.002485944568836797,8.821498939594921,0.06812888366785079,179.89993838586375,0.002549435541864261,53.95791750268787,0.025046323250886893,82.21437749337113,0.003931258326957928,28.132873723764845,0.049971817728656866,0.0053581913782847265,0.025046323250886893,584,2022-01-01T09:43:57.860000000
0.15961411362338726,-166.57266611375456,0.8333169598181844,-84.31600403392854,-100.96225287318927,CW,4,0.08024030882051414,0.0016719002744132966,45.59247150376504,0.06109483768985427,64.47750865520825,0.0025410705981677236,47.99200084833919,0.08024030882051414,79.40022140493271,0.0005483370465006463,46.40939802268295,0.03264986892404559,17.690333617695288,0.08024030882051414,585,2022-01-01T09:44:57.860000000
0.31816056508390034,-159.71544214399785,0.6626882145753986,-66.66201392366341,-24.776011705045576,CW,2,0.11542769236536224,0.0013849174270757691,218.38202102359918,0.11542769236536224,100.19339046634087,0.0018475923755420917,101.04738542532432,0.08105314294649738,32.95581621673632,0.00024489605013773,22.90556162691574,0.06858935980336317,2.5891304250415312,0.08105314294649738,586,2022-01-01T09:45:57.870000000
0.36201821195199907,123.93917061433088,0.6939953030905104,-55.82504521708748,-448.0150259469451,CW,2,0.15994712623966,0.0030219124492527182,247.62864672776294,0.15994712623966,119.18753319646791,0.0023513216006696026,49.3650022300572,0.04349675362624542,89.519767678098,0.0044052112835587295,54.05642553045976,0.04760512133716967,9.109361269557617,0.04349675362624542,587,2022-01-01T09:46:57.860000000
0.25454224739881465,162.8126054367455,0.5303085765556675,-17.46076642508814,-26.46597959289428,CW,2,0.14333752229520488,0.0035147009594143565,74.69412674597152,0.14333752229520488,167.43559732303416,0.00407504358664345,55.81294820488354,0.08441471048390896,51.481786810915864,0.0038278386963395724,69.47328351959538,0.01970208469140718,11.90479415120798,0.08441471048390896,588,2022-01-01T09:47:57.870000000
0.29345956049416955,76.63661228809617,0.8444344033654622,9.073150736220782,-462.29401580231325,CW,4,0.12152183005085555,0.002520763032176093,103.4044807482024,0.0095304103675867,18.4234206895786,0.0018949680824933894,96.67725445577919,0.12152183005085555,36.76541832076617,0.00211998390407301,12.458807830192148,0.06464917089728055,9.312569987209958,0.12152183005085555,589,2022-01-01T09:48:57.860000000
0.20278880341530633,107.08003679792843,0.8325297413247787,-18.09157603825878,-168.9180569738696,CW,6,0.05502939702109233,0.0012842589028339965,28.587106312080596,0.028333076361989458,144.52925275066,0.0005460437075357232,61.7895593336165,0.05412258474126131,76.02456866814363,0.00038949776464566193,38.277901877948295,0.05502939702109233,58.04250032475459,0.05412258474126131,590,2022-01-01T09:49:57.860000000
0.20023739735892118,116.44154376581264,0.873268026549567,-37.37661130659444,-161.89524486070823,CW,4,0.045992284982617065,0.0018382087525266723,169.86742117588875,0.04569493402328113,160.62754533893346,0.002833731159803529,29.772097913775333,0.045992284982617065,30.982323915332977,0.0014451360443308162,10.952078899244283,0.028361554385051148,39.500271895362296,0.045992284982617065,591,2022-01-01T09:50:57.860000000
0.23058875895247127,159.8759546751901,0.7736721671784988,-27.078780168557074,-224.8260212357858,CW,4,0.18394735033604345,0.0015217202403781172,52.95458740247629,0.043185922163570506,127.43492347482932,0.0005176643305230112,26.659865219502016,0.18394735033604345,65.88384618485227,0.0008535106257476577,9.156364628462915,0.028403678793621035,9.494132819716526,0.18394735033604345,592,2022-01-01T09:51:57.870000000
0.08777110356636826,109.97884956999448,0.6970441162214175,-13.316659183610255,-86.92121947697099,CW,2,0.12753520925205866,0.0012957930481350998,137.6949082841994,0.12753520925205866,164.60440267859624,0.0003399979696800569,50.07262238749451,0.059703775946789675,83.38421927742617,0.0007853198847540988,23.2609258068122,0.06909355788424189,45.12126928515144,0.059703775946789675,593,2022-01-01T09:52:57.870000000
0.34717892373707565,-170.7783712840134,0.6900895824352717,-49.39062966949345,310.54655156311674,CCW,2,0.101166886277942,0.0021159200242876833,209.51375328188246,0.101166886277942,118.12496095851147,0.0014158179128210908,83.69856405331198,0.014907725058452606,33.664585491828454,0.0012836500638937545,43.793735308876585,0.03117183318152882,22.749341914825294,0.014907725058452606,594,2022-01-01T09:53:57.870000000
0.049985786516087614,136.6246998394693,0.8556134077737303,-1.4219236691623678,14.232014347903814,CCW,2,0.09294216023229913,0.0008916769622517758,242.5422464049165,0.09294216023229913,7.768591058939602,0.0027610654431312388,13.69922589333008,0.07404012791914355,42.32982928085932,0.002097847228037417,62.420715889587214,0.004854740245788679,45.20804212460442,0.07404012791914355,595,2022-01-01T09:54:57.870000000
0.37496643526817186,121.75825749417908,0.7854852724883784,-64.37662140473901,-442.65846033498553,CW,2,0.07434924960057346,0.0025619731650822963,24.585026266403222,0.07434924960057346,144.39596978587795,0.0023568781288624114,59.68694943889919,0.05732847542382136,6.827364991565316,0.0034641324714169233,33.07581947022314,0.06768212119370667,13.283860598201255,0.05732847542382136,596,2022-01-01T09:55:57.870000000
0.2002430184709438,-155.53309780419286,0.6401728109046071,-9.13599633571988,29.46277792348613,CCW,2,0.11450840073877924,0.0005724166882715361,1.4080150908155518,0.11450840073877924,1.4023152859634367,0.0004268061358271495,54.35652247536099,0.05624324404049831,67.94412412192685,0.001531949064048302,9.975702476584768,0.017190719242552173,8.78989773974724,0.05624324404049831,597,2022-01-01T09:56:57.870000000
0.23709469537561695,-160.41746326122703,0.724154768992072,-54.294481358927726,71.71110132918909,CCW,2,0.10279888200209769,0.0038422504335145257,207.6126605446228,0.10279888200209769,121.18864030809777,0.0019250752443630687,111.94342577423186,0.056809397142726745,75.89821766276535,0.002722268484006421,55.362510876527764,0.0580648603760344,7.576104478941852,0.056809397142726745,598,2022-01-01T09:57:57.860000000
0.2946179616178218,165.08871163623357,0.7466511998137728,-44.858356696624895,-33.542141116824695,CW,2,0.07803928544324507,0.005050759210229395,124.11294762687741,0.07803928544324507,137.69647964709762,0.004019925383476378,115.7395805702244,0.04322914119308368,8.069444771449096,0.004043035859375217,47.504878916751444,0.024663643243966114,34.87423584867226,0.04322914119308368,599,2022-01-01T09:58:57.870000000
0.2390893585394318,-137.97792970110083,0.8049202453466872,-54.194464730796085,330.10261314833616,CCW,6,0.10638505738984708,0.0002692892373189513,95.79546171603776,0.05495377699499242,109.7648236769034,0.0029588896163671536,116.00721787956756,0.038337203836197584,86.31827719583683,0.0014671292834677627,18.187424377372317,0.10638505738984708,54.46580536882847,0.038337203836197584,600,2022-01-01T09:59:57.860000000
0.1311049810591931,82.68945133565627,0.6539466221382205,2.954014914830907,-257.85118083919554,CW,2,0.10882557255536977,0.004295836763882962,132.41529263644955,0.10882557255536977,5.98310871532903,0.0033211679976288926,112.16757756785952,0.036767635619116876,45.185657644333695,0.004150779923375086,33.24410353407879,0.02943913862317377,10.424714687054887,0.036767635619116876,601,2022-01-01T10:00:57.870000000
0.27960145154198623,178.46861925459547,0.7078062246264166,-62.069467238823364,5.605530977046364,CCW,2,0.10847270897126071,0.003166674844740001,50.19776951448568,0.10847270897126071,121.73018500454808,0.004040453853193062,21.85384348279723,0.054670077571520245,27.571914626164947,0.001369041809560334,11.978100824733803,0.07102736849121018,39.32354770636992,0.054670077571520245,602,2022-01-01T10:01:57.870000000
0.21819246882468754,-0.6034820398783546,0.5017879601254414,16.344053316849767,-38.768261487530054,CW,2,0.18532936764756172,0.0017709599362706338,148.4641642549394,0.18532936764756172,13.8959478663272,0.0008971190183219957,94.84682157768609,0.12072565653312022,16.20482793143064,0.0021811987457562394,9.942807900014008,0.011933212491669381,46.42485295576481,0.12072565653312022,603,2022-01-01T10:02:57.860000000
0.2804313347833986,84.2915645092435,0.7848733026480548,4.716826499083879,-489.3021658549306,CW,2,0.04085251657853449,0.002246845939613383,185.0566559661199,0.04085251657853449,170.48117362872358,0.0020547787688716813,95.18211691908337,0.024625234028510495,11.22793019533585,0.0006919180275631375,57.33243754082857,0.03880472922391957,48.40787768401094,0.024625234028510495,604,2022-01-01T10:03:57.870000000
0.44627396263216773,-51.4173642794518,0.6661631728540759,25.66122180670814,485.79887283720683,CCW,2,0.10343689121100928,0.002848486753565521,145.26428471551318,0.10343689121100928,29.567718565369933,0.00604943967772284,116.2458192778129,0.03647919439056715,70.15372994560637,0.005485218229726926,45.97519416272972,0.043951630773936885,45.28705456241037,0.03647919439056715,605,2022-01-01T10:04:57.860000000
0.22721353650781667,-1.2339896075180303,0.7627763216621346,64.1932850489398,-140.39720579922187,CW,2,0.122686723605797,0.000986001347290545,102.13421498733294,0.122686723605797,77.16598835173797,0.0019493557575919786,31.29594541261719,0.023909990253952892,87.74958581007799,0.00136645347913035,4.70561187866579,0.017986834719943636,57.246011463716094,0.023909990253952892,606,2022-01-01T10:05:57.870000000
0.4051181925278072,-138.9992629443621,0.7515658524511525,-40.78690738559342,286.0685554563354,CCW,6,0.08321222726192405,0.0029860550617244017,343.432334861449,0.026466180114470477,142.2716742714892,0.002110056491500691,42.72792571424347,0.040476761612632396,49.15035190166262,0.0017105595626329304,31.738477800598513,0.08321222726192405,59.94354395250227,0.040476761612632396,607,2022-01-01T10:06:57.870000000
0.38895419283169963,179.64491016725574,0.5916875726010203,-48.454113408526666,148.90067251189828,CCW,2,0.15523480151829241,0.0008698098248201742,153.16424141146314,0.15523480151829241,145.73755507904173,0.0007910104197991354,17.9768936124689,0.03449600184769874,19.198438135313804,0.0005994251558314142,10.232533235482126,0.06989646249956658,56.43197362048362,0.03449600184769874,608,2022-01-01T10:07:57.870000000
0.29266095915704876,-135.6177818075971,0.7982217021895395,-22.490797086022866,99.20628288017991,CCW,6,0.07364364380607172,0.0009353914635868766,227.58405678028254,0.0573333332259277,2.145079509957669,0.0012891410239969565,81.88669306680427,0.021545877334464163,52.987513806055944,0.004265636709834583,5.958893400695484,0.07364364380607172,4.558220220185524,0.021545877334464163,609,2022-01-01T10:08:57.860000000
0.1476069304095752,-152.69430532110013,0.6421511038706951,-70.77089689196163,292.3253089996098,CCW,2,0.14401809857883552,0.0024864348991583203,295.20510405805726,0.14401809857883552,122.42552257593317,0.005531988974033168,78.02077291967717,0.042186225065531484,57.59027100751697,0.0035644768307073493,24.118781275215973,0.02460469746244955,43.721563033147355,0.042186225065531484,610,2022-01-01T10:09:57.870000000
0.06486228938859663,36.73526123088254,0.8393421694638039,-4.061131129069679,-28.300685393011634,CW,4,0.07947369762138848,0.001251830301200663,106.60003190839446,0.038377583894889516,128.44688859430963,0.001646687941095194,90.2605537363649,0.07947369762138848,9.636422374312671,0.0010156234051271816,33.05187152258968,0.039973735678461436,35.10040477016375,0.07947369762138848,611,2022-01-01T10:10:57.850000000
0.2914029467762967,36.11064572967931,0.7446569367108623,60.035006480900215,-263.90692380125813,CW,2,0.11145536196009384,0.0007066313346480499,343.5521703584931,0.11145536196009384,70.31360925082825,0.0014056915894571714,113.21921562244823,0.013187054765114052,33.9008002504831,0.002379461109936163,40.1811337036597,0.04252890930331887,44.40158649807388,0.013187054765114052,612,2022-01-01T10:11:57.880000000
0.05722503756446022,-37.250729196479355,0.881245940697811,-43.19461887689718,9.757164247729406,CCW,2,0.08879852155736262,0.0035468557238718243,354.2484167607219,0.08879852155736262,123.88601458140809,0.0009421786030328187,18.624195188592232,0.0676659206915898,18.329027015154487,0.0009872659706287152,63.81490087321775,0.00921941344513624,6.372916283436562,0.0676659206915898,613,2022-01-01T10:12:57.870000000
0.1796995760081023,64.90533515856772,0.8783297664589894,-18.410718888910594,-340.9707898870912,CW,2,0.11701283118210554,0.0007237396178018819,89.12769375470324,0.11701283118210554,150.802765903856,0.0028113179746981735,40.206406396970074,0.0751754263743382,65.5755811284541,0.0024335078019806318,17.475605467233052,0.033867469013119794,27.10696741309493,0.0751754263743382,614,2022-01-01T10:13:57.870000000
0.39778122916268327,-161.3676066603483,0.6214296526273189,-65.60535327038043,213.43988406872643,CCW,2,0.08600408821745023,0.006290564793524916,188.77270711480347,0.08600408821745023,144.90362000616432,0.002002715478521463,78.15834802314521,0.06431029082318701,12.418367122554194,0.0025740462433254704,0.9265519044582998,0.010157996943298718,50.609981852526005,0.06431029082318701,615,2022-01-01T10:14:57.870000000
0.3494200548253485,-144.50719515023889,0.6769335675603676,-67.3209316002576,151.14045586689718,CCW,2,0.11199739374183418,0.003000404856796326,204.64980028239393,0.11199739374183418,107.24260687286782,0.005816268939020414,94.60015137834831,0.00982242676500905,13.513154037433877,0.002497752694980879,63.258363699007106,0.023026056573697846,29.21555121336503,0.00982242676500905,616,2022-01-01T10:15:57.870000000
0.23293309704231185,-148.47138889278924,0.7581737325300486,-46.958682617975256,-156.56490530888004,CW,2,0.08334751456761724,0.0018804453804272163,262.2693465967852,0.08334751456761724,135.39218718696148,0.002612130350975114,20.73390589809923,0.07466155856434167,67.00169371332343,0.002207268306666066,49.30652595336355,0.01706864735094521,42.43895925930862,0.07466155856434167,617,2022-01-01T10:16:57.870000000
0.1388201477249452,-128.8042266005762,0.9058667683130781,-48.41774419939955,134.3308881646663,CCW,4,0.08649744148806833,0.00419168026431731,9.555571959824148,0.0733551780640963,155.97806452820925,0.0023771217476802626,98.31864716668858,0.08649744148806833,23.384154271002824,0.00241311183314706,51.04709892417257,0.03549623074501037,32.78720756313686,0.08649744148806833,618,2022-01-01T10:17:57.870000000
0.26031254937992687,104.14874835157872,0.7296333973263881,-64.97472193055907,-534.3846323766081,CW,2,0.12253837109224755,0.0004505874629558613,229.48739184831976,0.12253837109224755,109.1010351084211,0.0006722987642544995,53.98900563339605,0.03035156911209592,15.470125372306208,0.0004996502135659247,3.532383436700884,0.03736420105548644,23.804681755713794,0.03035156911209592,619,2022-01-01T10:18:57.860000000
0.2899141384719485,161.89274907900648,0.7738482158417928,-25.67402461020191,1.218886272360578,CCW,2,0.09653460434204525,0.0008120629621565314,186.81843635635835,0.09653460434204525,178.0136971046326,0.0009259124549647927,75.48325029751351,0.013859195477951697,14.295125535225866,0.0012021658394246646,45.52573901361016,0.030154443574670828,23.72888750845361,0.013859195477951697,620,2022-01-01T10:19:57.860000000
0.40520780341590745,84.21686974131121,0.9067532852524324,13.521669467234176,-419.3042492318986,CW,4,0.05544406593557107,0.0010432099023787423,299.6901240738615,0.010372273197944124,70.2323519938057,0.0014076081353175999,3.2805281227123997,0.05544406593557107,45.263607613857765,0.0018358198770002329,33.33209742052235,0.05156693678655838,18.659070853302623,0.05544406593557107,621,2022-01-01T10:20:57.860000000
0.10297496935958939,-66.89128203318829,0.8203821678947499,-72.58246722601312,92.16018014578034,CCW,2,0.11465364042542643,0.001701889755539688,166.85814789518446,0.11465364042542643,104.02544435983863,0.0014570638799030614,17.584993629143977,0.03292137646583719,41.627771139385246,0.0015345076665983681,59.215704723751834,0.03801123486730527,30.791970910316397,0.03292137646583719,622,2022-01-01T10:21:57.880000000
0.3559758808362747,-149.38795030034652,0.6955082456600354,-51.93568178697237,192.13784236147185,CCW,2,0.09009981580228685,0.0008309667165881642,33.62813136812599,0.09009981580228685,144.6665414482247,0.001850413004358766,87.7783153790359,0.022051285711229576,17.92328956482865,0.0050857607094765755,10.562957060262079,0.051888826097235705,38.59836337300834,0.022051285711229576,623,2022-01-01T10:22:57.870000000
0.2653274585676298,-58.89893524744516,0.7534110858286623,67.39956531909695,388.23544037194074,CCW,2,0.07872104974353297,0.002169392926654827,168.31663129770504,0.07872104974353297,51.59029866938772,0.001624207149233808,34.270496225569,0.013169337281459909,77.82129507305042,0.0011337338174795446,58.14248592723136,0.029536528658616956,42.1767201289324,0.013169337281459909,624,2022-01-01T10:23:57.870000000
0.46293258780777075,-112.15695842633883,0.6900625917536123,-24.220586456272173,400.17318302178654,CCW,2,0.07280442527886904,0.0010370953452642042,170.17894550132277,0.07280442527886904,155.79239722797757,0.0009334514814627025,68.77991858375714,0.040995650916621086,52.0509572071175,0.0028982387183703632,58.22821876576798,0.0627596472856015,21.24415674643192,0.040995650916621086,625,2022-01-01T10:24:57.870000000
0.1485139686591257,61.262992096158264,0.79198233670424,31.93534153811683,-50.843501085913886,CW,2,0.08261792906985714,0.003295136170551505,259.7391387125999,0.08261792906985714,25.54242700900811,0.0006066807568523931,75.13731605099538,0.035287534335435695,26.71971149832954,0.0017907086545305027,8.9713504534177,0.03815747380337633,21.887376901527798,0.035287534335435695,626,2022-01-01T10:25:57.880000000
0.2956561487869984,-62.698169425266855,0.7630783765698729,12.286659172772033,286.6339061312417,CCW,2,0.047963649338689636,0.00046488130793088977,9.310362306591498,0.047963649338689636,4.370545777986022,0.0007068215669388669,43.002625996024385,0.03845208335958256,71.17065088513495,0.002161999677531162,45.747492961121196,0.03482606516354944,25.82541674715592,0.03845208335958256,627,2022-01-01T10:26:57.860000000
0.1812534867225144,136.93196304632338,0.6819892283404836,-6.845571785453927,-156.72591272153866,CW,4,0.19309537264820503,0.0007792559222294479,354.3842968303855,0.10434889740520671,12.729663471191776,0.002961996444534013,107.82334728906929,0.19309537264820503,70.64338791415094,0.0029050215287928782,1.3576185386831046,0.06009770308813422,46.494621366166335,0.19309537264820503,628,2022-01-01T10:27:57.860000000
0.2034317338726476,-135.2505545818582,0.7498473548645282,-87.40077696024852,240.85534706691342,CCW,2,0.09687358459503535,0.0014186824477277198,197.65652040902546,0.09687358459503535,95.44323168024583,0.001977126610433546,117.69735883813236,0.037766874672638805,78.75355757376005,0.0026346200816921277,45.367610296015314,0.02594628421095157,14.999189815618085,0.037766874672638805,629,2022-01-01T10:28:57.860000000
0.07721380036877212,-121.61769068013332,0.9812248096668753,15.516151613493946,-22.594689944950602,CW,4,0.07923103346283382,0.0012808773806141504,309.1536336212887,0.059526354324403716,171.1917989538501,0.0012778277002368614,5.632298204855439,0.07923103346283382,81.72561250724229,0.0014607330581280504,52.30538978992387,0.012838316677700932,57.420508610966685,0.07923103346283382,630,2022-01-01T10:29:57.870000000
0.3204241754290446,66.71242925465364,0.8282045045708357,34.511338358451695,-374.8100677007677,CW,4,0.08371885353169649,0.004313936770067879,294.14928680747914,0.0762014072441775,18.48227666660154,0.0026892333437103866,117.6354871497989,0.08371885353169649,22.188573543156114,0.0010492880680588732,31.46472012962009,0.011988790272831536,9.680850990940591,0.08371885353169649,631,2022-01-01T10:30:57.860000000
0.23215345754009561,-139.92279188681096,0.7638792418630284,-52.0336132344719,365.1295498188403,CCW,2,0.07113022171048423,0.0030140432819245966,241.12356728064995,0.07113022171048423,119.93371006929462,0.0011665220051649428,100.44556610827925,0.06472698169782296,12.16585110401717,0.001979182115115326,15.718223023036725,0.01842200200176598,37.10344311089812,0.06472698169782296,632,2022-01-01T10:31:57.870000000
0.34460494305026634,-133.77098733839367,0.7517399985538402,-49.373149701998244,66.92429388327241,CCW,2,0.07700221774340782,0.0029427952580414426,183.81559730390032,0.07700221774340782,130.03421470834476,0.0014954174931306925,65.13909424779715,0.023560128748567218,34.1500585055087,0.002592621152323192,15.099973778126355,0.01048262083882379,18.999958754741492,0.023560128748567218,633,2022-01-01T10:32:57.880000000
0.3975390285392183,-176.21329887852926,0.6097437914458159,-46.93252872535811,-14.033311838808928,CW,2,0.10380209235746002,0.002065099479803648,267.46576063815814,0.10380209235746002,131.46306450123657,0.0030156142589212068,10.089236330297284,0.07424345523222114,40.549151833534154,0.0022948816272682056,34.61758791031061,0.02467805545134282,18.18481647680605,0.07424345523222114,634,2022-01-01T10:33:57.870000000
0.20984425146570124,-135.7295776841515,0.7089691463690231,-3.5713666046140418,97.15537666270987,CCW,4,0.12596828166735252,0.0017440565286729814,280.2583874757497,0.07862110919702482,12.434085625688127,0.0019887318685634942,86.65557135250847,0.12596828166735252,88.21804279046296,0.0023199124329404052,62.23794143864339,0.034364205638724374,12.054872675007433,0.12596828166735252,635,2022-01-01T10:34:57.870000000
0.3956810503919494,109.08670383574652,0.9057818872095625,-3.780234492198531,-368.61964392204624,CW,4,0.08573580150114476,0.0021682210256848728,319.7111213793178,0.0555780229104418,48.37082481873881,0.001718807239650004,6.1260866462422445,0.08573580150114476,55.1337876465645,0.001354030462824453,14.88817202826303,0.012712884419142272,42.94002893547663,0.08573580150114476,636,2022-01-01T10:35:57.870000000
0.2540365409530778,-173.78614552656526,0.8849423010124163,-46.295019828149265,235.0395252308961,CCW,4,0.05381910771406238,0.00202226000913957,313.0668199717032,0.021879065310967664,165.03343229721608,0.001260588211570462,27.497085778307152,0.05381910771406238,6.424780052629471,0.0004260618862789186,27.942340619931468,0.022690141541903137,18.27391553456297,0.05381910771406238,637,2022-01-01T10:36:57.870000000
0.13491385402782882,129.4447919056127,0.7676187068331735,-23.001312660879847,-258.0659370373168,CW,2,0.09962181326750874,0.002570245618469716,303.07014127236147,0.09962181326750874,158.98003882097436,0.0006687583196247944,66.16810483195555,0.06970569525599582,70.89796031491596,0.0010690346840311908,17.734218059417067,0.02700398790840912,35.91698987648765,0.06970569525599582,638,2022-01-01T10:37:57.860000000
0.1685860225024248,-117.42814993573617,0.6892650435244493,-21.619826433111456,368.02590984792846,CCW,2,0.14688504004097236,0.0021840632831881795,246.6371439359993,0.14688504004097236,164.03990634041102,0.0014663020421221442,90.22645518412706,0.016547105648499566,46.02879854644638,0.00083027620787484,33.14920860403987,0.02758966849235294,9.541792296130327,0.016547105648499566,639,2022-01-01T10:38:57.870000000
0.34122194695823704,-123.6895617437588,0.7721526269611314,-48.113999363602915,366.19922467473793,CCW,2,0.11474640716176954,0.0008431202581936812,43.56831973671215,0.11474640716176954,122.2342862384281,0.0020392865960244437,37.44652714518731,0.028633487877156374,39.72190711655493,0.001894272701559243,64.49901357086623,0.08386380894881067,30.317382810186523,0.028633487877156374,640,2022-01-01T10:39:57.880000000
0.3949356598100294,144.24544982401622,0.767643384754727,-46.91455075793516,-314.50333614345516,CW,2,0.0737037807056052,0.0020495449503413715,223.81047704015964,0.0737037807056052,149.54138859927653,0.003005435775719712,103.56208623955801,0.018501317065566084,6.8456802100718335,0.0018089325340642393,13.27595249171773,0.030852978610409764,58.24890270854939,0.018501317065566084,641,2022-01-01T10:40:57.870000000
0.13200086856614782,124.08171060595593,0.5822394588572312,4.900950302839391,-165.7968068271174,CW,2,0.14849110474409044,0.0031532808112060286,254.74427734872157,0.14849110474409044,6.207663219201434,0.002817523994995533,77.80480822644866,0.10633791452974753,28.473749548139256,0.0033342365539084534,40.82310521192878,0.04478539425475334,21.76682470237122,0.10633791452974753,642,2022-01-01T10:41:57.870000000
0.2696061481436502,-125.21588509698789,0.7893322392704123,-61.6512152265489,293.8558662299345,CCW,2,0.09531016729854805,0.0016867863468506038,217.47800777499225,0.09531016729854805,110.21509400903977,0.0025412981943563786,103.36152979160595,0.046981275690023305,74.72748868905053,0.004840912822047175,37.98213306778392,0.04569140933120653,38.398206298205096,0.046981275690023305,643,2022-01-01T10:42:57.880000000
0.13934817664991045,-165.96501660746162,0.7823214994582841,-26.218258456549876,-32.493722678810165,CW,2,0.1173646965779828,0.0006648094537080889,212.11336983192018,0.1173646965779828,167.84092553594294,0.0009299333929833244,23.096799157380264,0.05413681997916939,14.117955057665135,0.0033106999829376686,10.647001493381287,0.07936095874096909,8.89435560151547,0.05413681997916939,644,2022-01-01T10:43:57.870000000
0.5316879549585144,164.06027056049834,0.6067211953382987,-48.33045642564841,-260.51044695143185,CW,4,0.08112411528632435,0.001723068555652853,314.5501669958485,0.07201965561311492,116.04582269332343,0.0019598243454961284,106.7052387175053,0.08112411528632435,60.94275807009644,0.0006529555663692558,32.37044219073628,0.05119856289999125,8.987665712087985,0.08112411528632435,645,2022-01-01T10:44:57.870000000
0.32839950518542554,155.81136735269874,0.6554118972851508,-40.49564203009561,-228.68117960860042,CW,2,0.11675713353774493,0.0013511740884034483,27.591391067691706,0.11675713353774493,151.4383650340827,0.0022369477146467662,61.42692109424358,0.06020775280702085,57.3503338865177,0.0012498922470978169,64.26095287360927,0.026460341294683925,57.254778199974496,0.06020775280702085,646,2022-01-01T10:45:57.860000000
0.12242040945640457,17.517645430719302,0.6511705634652851,10.085416845913443,-211.65507609815384,CW,4,0.11541384245980472,0.0003151143359112874,211.9275293803372,0.0985434401595316,26.787905897969477,0.0034857963107861904,45.46806178499459,0.11541384245980472,79.48880076674277,0.0025257439001467705,34.05161899854451,0.04118881710994607,6.927854530677869,0.11541384245980472,647,2022-01-01T10:46:57.870000000
0.3302814984123687,151.43636211153782,0.7276839077737105,-43.20779137579339,-337.7242029886412,CW,2,0.10065979788274997,0.0026945968158754033,298.9308553804578,0.10065979788274997,145.29332737220145,0.0005736321997109582,26.413754715866688,0.03484595651529863,4.677697965281582,0.0012651097819546284,26.925074181743653,0.04067799899382354,51.198835363347605,0.03484595651529863,648,2022-01-01T10:47:57.870000000
0.4568315690638927,72.01460245211813,0.7284344627478907,17.146105089341887,-647.7538880765318,CW,2,0.0636504649556094,0.0023024786474893566,177.44142953852167,0.0636504649556094,11.906885828667487,0.0018388548520223542,46.342370503684094,0.03237464789021471,44.3447949805771,0.004191578827924603,10.46624661006005,0.025612381040961377,42.22640339812515,0.03237464789021471,649,2022-01-01T10:48:57.880000000
0.3646103336411375,-132.7427984115083,0.6841460619264658,-53.35595319285993,426.95799689827265,CCW,2,0.15846961137062845,0.0001396166964926669,88.178700060108,0.15846961137062845,135.22420091028656,0.0022548861177450153,4.123260704614731,0.006215473782073131,35.257959137857014,0.001420991744298367,36.833608335004875,0.017952183769553733,25.346860116326344,0.006215473782073131,650,2022-01-01T10:49:57.870000000
0.20142142319559236,7.200282903869877,0.6850345585137535,20.4691002328035,60.441971957192976,CCW,2,0.08056581112546143,0.001923050890438079,283.3147871649124,0.08056581112546143,13.27420254103784,0.001468436137018764,83.2986362764982,0.024315541048552762,31.567792924125847,0.0020442981714222206,42.677264783105734,0.034313593365229066,30.691989967123508,0.024315541048552762,651,2022-01-01T10:50:57.870000000
0.3675638014554003,-154.40338478684,0.772736014000825,-44.19870171637049,320.8316852701658,CCW,2,0.06982161449355483,0.002298703924708674,106.29585211848578,0.06982161449355483,138.24277357892984,0.004401191976268091,115.1486074534689,0.06397814792298451,82.55132041688736,0.0016752383344403301,43.99404578380498,0.029871601149498925,23.388655829970766,0.06397814792298451,652,2022-01-01T10:51:57.870000000
0.10980785604106343,-150.08062525910665,0.734087716924781,-39.33966135162251,48.674071711267516,CCW,6,0.10507241993217664,0.0021231107351287236,274.6713208610803,0.0941108418234171,142.16650367542675,0.0026699445431927096,23.36916021715388,0.06410370681959066,36.40664709331022,0.0026309767761086367,51.14273461065401,0.10507241993217664,20.174844188555454,0.06410370681959066,653,2022-01-01T10:52:57.880000000
0.40906050836692187,-177.1241627513738,0.586180530912208,-46.3079782396498,22.371005921074897,CCW,2,0.14166264175672794,0.0009322534252523039,163.54880445646253,0.14166264175672794,127.23108370497067,0.0029156940367799254,32.05692045330181,0.04800179619223176,44.07076891549367,0.0035574588469365997,52.644233827187605,0.021631404109945636,12.512161670094732,0.04800179619223176,654,2022-01-01T10:53:57.870000000
0.17699995978366262,-118.53404003450225,0.7295708520806338,-10.033789802131196,146.1605844104812,CCW,2,0.05540821199891312,0.0031335121383707924,271.6176854505416,0.05540821199891312,149.32697686130777,0.0028132811832142454,17.308232847720262,0.031273465476864167,1.4956267398233745,0.00031031985913883563,47.019543216809055,0.01715377042708217,45.66534012422625,0.031273465476864167,655,2022-01-01T10:54:57.870000000
0.1691963461411332,25.83695088610527,0.8052659397513617,6.781775278454148,-122.3529991289917,CW,2,0.07064650633310018,0.0006640899900163739,307.79739688181877,0.07064650633310018,178.28834481999039,0.0010318185960179384,48.98036337566431,0.061210390495115195,59.15723900838877,0.002250980927356228,59.056533121025026,0.04017973188509221,58.88764881622057,0.061210390495115195,656,2022-01-01T10:55:57.880000000
0.23179739624568144,152.3346214965226,0.8051823296747065,-42.42762348559657,-156.76010323884296,CW,2,0.053383341383809936,0.0030317199803237167,290.6780168577476,0.053383341383809936,141.21847775675096,0.0005809938539693934,99.66821811699157,0.04301750047549024,6.85670980307351,0.0012506438747362978,6.528932655691499,0.014618393400581036,59.953633757009285,0.04301750047549024,657,2022-01-01T10:56:57.870000000
0.1929437879979849,-167.31678683461885,0.7655288979595634,-45.2865401966983,-144.95844697922877,CW,2,0.0819163058792493,0.0031977371334789505,354.189007332917,0.0819163058792493,157.58893550872926,0.0023149153119500676,13.2786957111057,0.040458051932870526,83.90699454451567,0.00027514569175973735,31.664226613529923,0.03604724434420178,4.0230541027350455,0.040458051932870526,658,2022-01-01T10:57:57.870000000
0.258592393371199,-95.93153633378276,0.706184811882463,-86.01379996706727,158.27663370505627,CCW,4,0.16382116546663383,0.0023573793795548777,178.91063241725638,0.12899521371240452,86.79886851572996,0.0002017956245789729,67.43876370901836,0.16382116546663383,13.968062845055858,0.0029625514191457597,40.85189344268888,0.03813072506492063,15.323778061575931,0.16382116546663383,659,2022-01-01T10:58:57.870000000
0.15519311621130435,167.83157406162488,0.8467472633270128,-56.64797658268064,-161.19983283328554,CW,2,0.07809556400860367,0.0014839475095556537,269.6433471634204,0.07809556400860367,133.28316060392743,0.0005352933285310071,100.13362807392869,0.051797366359672,81.23216629477226,0.0003642873400910546,22.739651796074757,0.039330842455956846,9.4187538904715,0.051797366359672,660,2022-01-01T10:59:57.870000000
0.2207906872570816,-120.99462091022816,0.8476689022312024,-69.79571451630318,194.41653793794745,CCW,4,0.05595846142554473,0.0029046435589030685,312.5076307018045,0.04737089774358929,121.97655353177177,0.0025009417606736955,86.25123200981854,0.05595846142554473,55.884639823120196,0.0027212087589381607,34.51500340197336,0.03854977609480351,38.48448424470656,0.05595846142554473,661,2022-01-01T11:00:57.870000000
0.08716657506372796,24.69099071180495,0.7892832022800126,63.6690397773097,-30.01073715075556,CW,2,0.07484918783049273,0.0006700976393827287,295.54237156799496,0.07484918783049273,55.4594644914574,0.001526632303755362,23.810649896064426,0.02127476282178952,86.74313828315957,0.0016164449883521181,1.026059779673209,0.07219686994094497,28.91833413250905,0.02127476282178952,662,2022-01-01T11:01:57.880000000
0.08055151615292443,-99.31197945790387,0.9244564299708563,-34.79063271161303,279.8364352803288,CCW,4,0.11109914045665492,0.0018541653046707418,343.65929366953,0.06776969907860277,138.7624099095423,0.0004887385400343097,47.28980045641807,0.11109914045665492,64.16875564547713,0.002832068403891263,10.14009741674734,0.09062102685024302,41.64638687307749,0.11109914045665492,663,2022-01-01T11:02:57.870000000
0.5520736253273884,166.9697392493595,0.5754834629237331,-39.61037352043701,-59.47786787269869,CW,4,0.07569128060227914,0.004399031011959303,330.8140327188071,0.057825573999994245,157.94792408240838,0.007262506514925604,15.695463830301327,0.07569128060227914,53.37381947456876,0.005858679610201182,10.978986989892949,0.040005206164780656,35.87672317256426,0.07569128060227914,664,2022-01-01T11:03:57.870000000
0.1483597159094299,165.19368710898385,0.7915793194294192,-24.962567547080255,-197.80247702499435,CW,4,0.07523016503826509,0.0006818229990111989,3.238901135453926,0.05816418912255664,160.30563081753212,0.0024487995715482902,93.0981874461265,0.07523016503826509,80.16346340698958,0.0025287638739140642,7.3580669735196285,0.025103326288342078,56.34508234019063,0.07523016503826509,665,2022-01-01T11:04:57.880000000
0.10634603277214909,-99.33785635025178,0.7683179562136656,-30.785388111890228,152.2905130343687,CCW,2,0.1460675743709606,0.0011994845998687324,260.0989003866656,0.1460675743709606,132.08373603442132,0.0033981430230219387,14.637686229388791,0.03500241516946,5.407151137629038,0.0015495634781263709,54.98186636913832,0.05535268395080847,23.982429201707088,0.03500241516946,666,2022-01-01T11:05:57.870000000
0.2726178648590751,-144.57219275776015,0.7677691337617459,-39.16943267140982,328.3919824755278,CCW,6,0.09495889799514434,0.0027586207371373688,97.20675417910317,0.09063012670249286,124.86721978165554,0.002354157442552336,95.74326142443954,0.08252971138984236,75.17651084070519,0.0020787874682526818,69.68249345464565,0.09495889799514434,23.05164904699017,0.08252971138984236,667,2022-01-01T11:06:57.870000000
0.1617964305289114,135.89438897013486,0.8146054054570059,-56.36342950021937,-268.0441274001685,CW,4,0.11417296437447522,0.001968750771750183,247.79314005487737,0.02791223012473636,130.13318885772276,0.0010891497611676814,27.392248277737572,0.11417296437447522,29.857454632524163,0.00097392952181557,49.79503317088309,0.05815810331404731,22.6135063986293,0.11417296437447522,668,2022-01-01T11:07:57.870000000
0.17398024755392288,163.66321214370635,0.6925741459257723,-26.18265432721617,-135.27385559759696,CW,4,0.1079714619979062,0.0021119650511822467,55.62434372855934,0.06969500915393642,132.9394556355559,0.005828109982195831,88.6371914141366,0.1079714619979062,47.41271768677474,0.005359731069380022,37.783688957648124,0.06790490082326563,5.574504654886675,0.1079714619979062,669,2022-01-01T11:08:57.870000000
0.050502638743279774,113.55966863700631,0.5950940124254515,0.3410456529663861,-86.58546910671261,CW,2,0.13852260587740248,0.0038327546145896438,315.0491006978789,0.13852260587740248,177.04354200218285,0.0004000877984048595,47.51730445998792,0.06068880660524399,9.182335330181111,0.0038028009074092995,12.815424225016882,0.0499645404018421,48.44098480443338,0.06068880660524399,670,2022-01-01T11:09:57.870000000
0.1674299868867137,-161.26390997631597,0.7586532487990705,-83.64566330267786,55.65597817113141,CCW,2,0.10221159972513812,0.00029454478935119757,254.43805424262055,0.10221159972513812,76.19606708516628,0.0004259307360987168,52.157675037157816,0.07269793459883322,40.589730149412205,0.002636524142532714,14.381838167278849,0.0412284970801489,0.36097024969032915,0.07269793459883322,671,2022-01-01T11:10:57.870000000
0.2103863345507969,121.45654256798225,0.758049220241868,-80.68258627309604,-105.49225896361921,CW,2,0.13900955279825872,0.0028916308703485897,152.9811118570916,0.13900955279825872,83.103377805669,0.00025351881262066834,39.682820562236344,0.01530011943057048,80.93245243450514,0.0013375083461456927,69.6109166136905,0.044382285399037526,55.094918493904174,0.01530011943057048,672,2022-01-01T11:11:57.870000000
0.19335907572863412,123.37639386315834,0.7267392964883495,-9.14819790163827,-189.1187087669838,CW,4,0.09986448323518726,0.0021790714516795257,24.588518186237483,0.08221142200624476,1.0628369838496592,0.0011475727245093973,73.83933735075726,0.09986448323518726,25.916876951524777,0.003463624133304508,3.4687548541189104,0.01012363468063103,1.3192938465513355,0.09986448323518726,673,2022-01-01T11:12:57.880000000
0.20218957825346104,164.9497705037248,0.6992689212052471,-14.082451166986203,106.25958964092473,CCW,2,0.0957672240353076,0.0032487101500243564,359.2208207521767,0.0957672240353076,156.93938589205527,0.001511636076341941,107.04647507153538,0.021571992876912246,30.417478868824947,0.0006047834202995763,44.92693592974965,0.051962129031922114,33.49873805403409,0.021571992876912246,674,2022-01-01T11:13:57.870000000
0.12361695316603086,-12.584379347919986,0.7332561413372166,57.889804208579555,2.1652958316328466,CCW,2,0.1280012413619345,0.003007998081228098,35.147435264996936,0.1280012413619345,49.210233812879295,0.0024365510913303048,64.88002995432655,0.01387183676504526,40.67706627507086,0.002168316978407597,56.20054555518335,0.01606007544413967,9.839558138732746,0.01387183676504526,675,2022-01-01T11:14:57.880000000
0.2613250768124551,54.37186175677893,0.9436787069936362,-79.97864534169423,-533.0958511533725,CW,2,0.07603537572337571,0.0026918107538136263,126.97683851283261,0.07603537572337571,118.89013678382614,0.002353142556797746,62.85533132574853,0.04158041243750172,28.687756471798828,0.002491328454059644,19.518022228543728,0.03832515663195772,25.624392443060593,0.04158041243750172,676,2022-01-01T11:15:57.880000000
0.21376661832098529,-16.702355340595087,0.7186795079228265,59.521389028076086,6.006702377980133,CCW,2,0.14623518862268467,0.004666464164045989,302.886799260625,0.14623518862268467,59.953030018225085,0.004524606159816999,73.43284216777181,0.0345574276149166,69.38336590744719,0.0031557079391074726,46.29160208014848,0.03575542039588947,4.088495719360623,0.0345574276149166,677,2022-01-01T11:16:57.870000000
0.05078388186911733,142.27460254416158,0.9169280539291387,-81.39136478415706,-217.1963353810177,CW,6,0.06614113548726085,0.004272576490438305,190.18218650786875,0.01677696453479084,132.32518720489867,0.0008807335225804075,43.55755476050786,0.051099975362659915,7.8083357412989445,0.0036459994457419542,0.3097811958287024,0.06614113548726085,48.57437346366913,0.051099975362659915,678,2022-01-01T11:17:57.880000000
0.19141294632447792,150.51486055306069,0.9022365394049382,-61.16240241437403,-126.73642191196686,CW,4,0.11660643677353609,0.002236651321792259,28.897594809257544,0.048554665310295106,130.28228713065278,0.0010614004330416914,101.61544631589419,0.11660643677353609,1.356615124280299,0.0016271553839163223,20.71972807359243,0.04879280264015836,22.741190544293385,0.11660643677353609,679,2022-01-01T11:18:57.870000000
0.08141565910210705,147.72179153361657,0.7495470030462299,-86.12742667428724,-164.04092655765112,CW,2,0.11863326398078519,0.0014757138451175777,236.2632244200554,0.11863326398078519,89.6187013284427,0.001851226425321891,93.94745794212385,0.041749715159841314,72.28444653984013,0.0019380871978834898,55.313899362394245,0.04562610978995175,22.935115641062353,0.041749715159841314,680,2022-01-01T11:19:57.870000000
0.3042907474092971,143.9951884120554,0.6907568355897633,-19.915489869593955,34.20390720710918,CCW,4,0.08269676377458916,0.0007702143862835169,31.573044950670024,0.07544516421039006,174.68749123536907,0.003674501195867369,96.08472128562194,0.08269676377458916,42.20085434887825,0.0013486749791226272,4.643603693694021,0.060218308411504745,31.96450729285271,0.08269676377458916,681,2022-01-01T11:20:57.870000000
0.11665277469375455,12.492793084016585,0.8054516462939212,-4.91762920441613,141.00173898955444,CCW,4,0.08534759544107355,0.0011992781221935988,192.2235420584695,0.07778477625286576,158.21668094289785,0.0021619422612639137,77.91367940947663,0.08534759544107355,30.065319024486914,0.00102375225582393,62.53146285016355,0.06715157635244998,11.146298995929524,0.08534759544107355,682,2022-01-01T11:21:57.890000000
0.27134902589251325,-113.67969043024249,0.8434554478236739,-48.100099726233736,277.0955905530992,CCW,2,0.07691123070880056,0.0027463782401909585,296.814940115996,0.07691123070880056,138.02915324993063,0.001358340218295476,50.67285423799412,0.05718389690681304,74.07899751367717,0.002819335560124472,15.241089404687072,0.035851484404344144,48.8115926826234,0.05718389690681304,683,2022-01-01T11:22:57.880000000
0.1994278001406889,160.5337274518353,0.7136666034914926,-19.100131116925496,-252.85727678292787,CW,2,0.1521681621838091,0.0012584778317580707,2.621525581398577,0.1521681621838091,166.59909209115307,0.002772213352002372,100.95572940437772,0.00411207819759112,13.026547327670887,0.003573924361448683,61.41764558693181,0.07581278822698787,29.031903038991654,0.00411207819759112,684,2022-01-01T11:23:57.890000000
0.4244925992412177,134.02747885646312,0.8119137881124511,-42.50060236451739,-406.3948167016383,CW,4,0.0418486302527901,0.0006185804100453782,26.60784469690186,0.04150769081419026,123.05950622840456,0.002233523430247612,116.4249399920679,0.0418486302527901,11.847697222841079,0.002708856417916236,2.2390401314004853,0.039886587520939785,49.943220751908804,0.0418486302527901,685,2022-01-01T11:24:57.870000000
0.27171856008576406,170.01176548090123,0.5941516957063063,-7.586898420740937,127.82150767982407,CCW,4,0.07066171088591877,0.0009594739534733006,266.58342246718956,0.04573187486492686,24.637053067952106,0.002439806085371586,14.942736870703287,0.07066171088591877,81.67195496726742,0.002397860578482257,38.85527034841726,0.035565582358792695,48.682175258736024,0.07066171088591877,686,2022-01-01T11:25:57.880000000
0.34197950059277576,119.7813062745834,0.8959341617487361,-12.856880724230706,-398.452314624873,CW,4,0.05497230801010039,0.0005033234957839684,213.34232908108095,0.04751204001107528,21.10464294985416,0.0009876517832892308,93.02248563343032,0.05497230801010039,65.87054132362044,0.0009659690374179693,23.76709935192626,0.013063109228054584,40.87935478590059,0.05497230801010039,687,2022-01-01T11:26:57.880000000
0.02416448890956836,-88.99245001891497,0.618929194278562,2.092716159787244,-10.091387694917543,CW,2,0.1371944749473537,0.0041386379871095535,32.08991477833691,0.1371944749473537,6.454637168872193,0.0034824659931473167,50.678318205264574,0.07010309360673087,79.57746032207756,0.0007428684928902891,64.0991364454313,0.0909507303675278,58.590972499409844,0.07010309360673087,688,2022-01-01T11:27:57.870000000
0.496090978936179,109.58303055519487,0.7298925284361025,-41.766457571672646,-324.53210774693525,CW,2,0.12044812803106973,0.0005573581392887076,317.8715533563704,0.12044812803106973,143.80238238639265,0.0027861119439517787,19.248605415932833,0.015682121038500592,58.894903993352166,0.001689629832698521,18.458791855509975,0.03242178559636787,47.47318568844686,0.015682121038500592,689,2022-01-01T11:28:57.880000000
0.2450231554562027,153.6516360640333,0.7111447254385269,-18.812491506043443,-135.04154653712698,CW,2,0.08734639193139182,0.0019631148571711754,301.59559505711246,0.08734639193139182,169.6142483610575,0.0053379499542446284,44.86749371148109,0.02817380674113014,30.605130834058695,0.0038352672304544223,68.35980904294291,0.023016427222538667,22.03501113519661,0.02817380674113014,690,2022-01-01T11:29:57.870000000
0.35499361821473185,145.07061199382295,0.8863060292650017,-40.91997466013143,-175.10912853087726,CW,4,0.06633727614419083,0.0020810303329054218,275.65566448032956,0.029341121669730737,41.26777156402353,0.0014654626636680774,34.769937402605784,0.06633727614419083,11.009632635194057,0.002094335909178973,32.51430572274876,0.046958925654752556,9.107391889588552,0.06633727614419083,691,2022-01-01T11:30:57.880000000
0.2095103624900011,-117.01415770639028,0.7744765680692776,-68.08697331719883,-5.976922513735687,CW,2,0.12535708371600007,0.001027590141380804,178.3594790823502,0.12535708371600007,125.00750631815222,0.001329175395647346,91.62083823971662,0.01839991183458763,39.885686729887794,0.0009779736766870842,29.25252465968701,0.05859772771687957,54.68490649684222,0.01839991183458763,692,2022-01-01T11:31:57.880000000
0.2830032551275804,-74.99727165787007,0.9845904248858488,-84.45742466471245,434.6396247932802,CCW,6,0.040166163408895186,0.0011000011466726774,121.39112175365862,0.029187351536168915,108.72320404593935,0.0025171191767763275,92.47027011249833,0.027378119317665955,52.4398519671471,0.0008451318567329478,27.43648460441562,0.040166163408895186,51.52189446102514,0.027378119317665955,693,2022-01-01T11:32:57.874375000
0.4825616144968045,-90.90622475731124,0.8289257062841148,1.1680839474606444,646.5665628434392,CCW,4,0.03398394810476642,0.0026748196315847677,258.3719382815263,0.027942790842605304,172.67566779329522,0.003782994112511059,22.90982656791151,0.03398394810476642,31.624887060182807,0.002453729539392719,1.2747818528143358,0.02815014336592143,23.29710765181318,0.03398394810476642,694,2022-01-01T11:33:57.880000000
0.09802932722319313,-66.71009966891667,0.8052938946574164,-16.75727270365914,-115.07169300444022,CW,2,0.09697385096050488,0.0019113062184246985,350.16961018040325,0.09697385096050488,133.01169923403904,0.0025988012488445122,110.94625425616455,0.033774313347653295,16.396916454003318,0.0037165701702140067,57.04875722446695,0.05912238334440472,50.11273323373606,0.033774313347653295,695,2022-01-01T11:34:57.870000000
0.04954412194998565,-77.5873367681319,0.8258701450022964,21.394251739704004,-68.10077680938005,CW,2,0.08104106161436304,0.0030595497532535155,281.43989861758155,0.08104106161436304,17.75245374078326,0.0013855399835376468,48.00890947026481,0.05477864745826646,29.468819703252965,0.002640219066154408,49.85103203049789,0.03156958582077023,57.00843017714713,0.05477864745826646,696,2022-01-01T11:35:57.870000000
0.2529016790678066,31.969232438111483,0.867093611107229,23.09716727788708,-241.48660187952038,CW,4,0.0969846608917422,0.003942137983045735,91.64462431361034,0.056014706692874366,132.8642180848996,0.0011197773979199843,115.45067125352341,0.0969846608917422,32.47702954491369,0.001079126065210683,6.99464469787356,0.03169491878033719,42.77413302606307,0.0969846608917422,697,2022-01-01T11:36:57.880000000
0.2012704891179399,-47.87492344609606,0.6666763482660639,8.514595141674477,-211.14939050520454,CW,2,0.1659843628668866,0.0026576025051272935,163.3872504838787,0.1659843628668866,6.3043619100162545,0.0021422329413175374,97.71112826648675,0.01644246307657104,19.106021503296756,0.0009565816730274976,17.054414170512995,0.02691440221129163,1.9596755516112525,0.01644246307657104,698,2022-01-01T11:37:57.870000000
0.2506459897522748,147.43957114447662,0.8627289746610403,-34.53593958421291,-288.6247256724099,CW,4,0.07344405322605295,0.0010499802803294728,140.5769426268043,0.04591599420362696,131.86667249866315,0.0019505705677529401,119.4410784946204,0.07344405322605295,4.72992578666923,0.003605262937700726,61.45828044014755,0.005363078277022291,45.225001074444904,0.07344405322605295,699,2022-01-01T11:38:57.880000000
0.3829402363098249,-167.17292613997677,0.7213976708449626,-49.22979024504278,-69.32599325159003,CW,4,0.11468380169462429,0.0028542335887311167,168.78800747363496,0.05603878078416501,129.80978769073755,0.0035373505961434223,82.5509657483585,0.11468380169462429,46.10891712034798,0.0028953906157903786,27.885798885521336,0.07389527592322814,3.405562346504982,0.11468380169462429,700,2022-01-01T11:39:57.880000000
0.30037748650468254,-137.9604472959449,0.6881228527889727,-10.277273386797845,455.19445033040876,CCW,2,0.11265147448016608,0.0014714577766680927,308.86263133675146,0.11265147448016608,173.65524489619727,0.002709549788995813,84.46082228507487,0.06546496757355162,3.227511849402266,0.0013440666120652692,34.91636167987009,0.022812305775949223,41.38152513897984,0.06546496757355162,701,2022-01-01T11:40:57.880000000
0.3863360047541325,-160.39496307977058,0.6445539579323488,-17.088016220548496,199.33349061274305,CCW,2,0.07906284194988113,0.0026813498085008582,204.28292092982585,0.07906284194988113,172.3807820939147,0.0032082344607691667,85.04388369801474,0.03052330283475552,5.471975144968715,0.0010016834699317144,26.228835168109548,0.05469738622306413,4.334208102333284,0.03052330283475552,702,2022-01-01T11:41:57.874375000
0.3362729602650615,175.02261052942362,0.6399869316721779,-50.615183390213474,-48.65730195215942,CW,2,0.10971657842909831,0.0013278103299487086,284.930424935678,0.10971657842909831,139.2635646245717,0.0015551704944761497,6.82532801177488,0.016419991675989207,55.98246082482268,0.0033562054854924988,40.92619206008395,0.06454906143034049,1.3573251844370577,0.016419991675989207,703,2022-01-01T11:42:57.880000000
0.42787301276228734,139.31922970188316,0.5492293955552187,-26.100515108120277,-239.95200668575507,CW,2,0.2162391110282635,0.001260273110943516,60.388865649424176,0.2162391110282635,147.8092278941745,0.001577489305841484,58.898622268343495,0.021973542914665124,78.11228984875541,0.0010167160230452766,26.38033505658518,0.03925276790273997,50.66649296443839,0.021973542914665124,704,2022-01-01T11:43:57.890000000
0.34342393320950226,-134.9063447225963,0.5502782171879697,-61.16025779841294,301.17837602508274,CCW,2,0.17628377937392883,0.002660590967921325,11.029600666991719,0.17628377937392883,121.06390351017498,0.0010391773620126708,76.94380284460792,0.06973928932573971,35.124739658931134,0.001284595046598832,61.68793000582516,0.06276681174470822,13.459810009065764,0.06973928932573971,705,2022-01-01T11:44:57.880000000
0.4373317026603556,-152.107253396405,0.5832010689020938,-56.83973823811043,111.83595360122247,CCW,2,0.19036772999200546,0.0009568438871511679,37.835273498222044,0.19036772999200546,113.670077569534,0.0024891649160486613,6.672215540211868,0.10593502292822553,35.353800742945225,0.003417432818240499,48.04681774593999,0.05479343201628725,57.61109019277346,0.10593502292822553,706,2022-01-01T11:45:57.880000000
0.22817296097230516,78.1354570351439,0.9696379572407801,-17.803081951635704,-403.9951899247398,CW,2,0.050583729055709854,0.002414152000817696,310.73902137368543,0.050583729055709854,139.9951442525744,0.0019587481467337976,79.10525854335324,0.04213381613822817,59.29033291242815,0.0008758832500704989,16.113606872581418,0.025255178559367684,51.17973854802967,0.04213381613822817,707,2022-01-01T11:46:57.880000000
0.30729647165588064,-174.66997687316922,0.6692690728362473,-37.48215120927273,-45.35443533806114,CW,2,0.13089625651865688,0.002220573252619298,326.3928034466965,0.13089625651865688,139.9667997400296,0.001645619923063689,110.20257626852512,0.002117654459888976,22.243335140656537,0.0019957161444037726,43.29137368400842,0.0027512291939634703,44.48908935987222,0.002117654459888976,708,2022-01-01T11:47:57.880000000
0.14271743188435596,-89.7893097617381,0.9058561746304686,-14.67858480448973,11.570211003948287,CCW,4,0.09656900844510344,0.003549472549361491,355.481904504075,0.05096116999426785,143.37289230568194,0.004125885539481676,82.92231810612265,0.09656900844510344,16.89459015092,0.003220881348134058,27.79637349000309,0.02053877844731259,1.8132284897944042,0.09656900844510344,709,2022-01-01T11:48:57.870000000
0.3223740474798953,111.31089240702309,0.7457174821267059,-69.01740457066974,-532.5623159817927,CW,4,0.10750398494790522,0.0016114666656661199,147.86655113225402,0.037354004743024104,115.65746913365811,0.0005070923762430557,100.08474731204552,0.10750398494790522,49.60211912442694,0.000826845386060935,63.43409810737856,0.029353645489489984,22.136102946641937,0.10750398494790522,710,2022-01-01T11:49:57.880000000
0.14194991905076226,113.38684051021129,0.6838443606981228,1.309197742117135,-258.8433666946728,CW,2,0.1446620450005947,0.0025138008372979485,243.71723474649212,0.1446620450005947,18.668205267508707,0.0015316567842603283,23.573235946875858,0.05627635912639456,59.98411575924743,0.0008754057717374943,32.144427538216114,0.04372498585664084,42.83775848183725,0.05627635912639456,711,2022-01-01T11:50:57.880000000
0.12108994113899708,-112.0230564749583,0.8082756374964384,-86.67635345345224,153.6445131138366,CCW,6,0.08781820440618772,0.0032140452342272483,147.93297002370272,0.03153606225787695,86.27126316526505,0.0019389579952719933,12.295754927898878,0.0852950387537747,8.749894721344877,0.0030692528766292394,29.724820527933424,0.08781820440618772,45.48232451513756,0.0852950387537747,712,2022-01-01T11:51:57.890000000
0.2814055228039352,84.89418142656557,0.8846645939837526,-5.496204093901582,-404.4116921287581,CW,4,0.042960165487742855,0.0005533282189281375,106.13143101443063,0.03840142491593515,152.19378701019676,0.0028001863769351524,69.91353834085803,0.042960165487742855,74.83437776516736,0.002303614836112742,67.11957055915421,0.026941408221919292,53.281664027352704,0.042960165487742855,713,2022-01-01T11:52:57.880000000
0.12737692304802473,164.71800667225406,0.8424573697278012,-38.58060705762668,161.59825367146408,CCW,2,0.07576445320094717,0.0029392502479779546,100.85915277269197,0.07576445320094717,129.55342706795074,0.0008084900913765313,37.044272394591175,0.047575133190009604,87.31877529589751,0.000603921852394487,61.982889858220595,0.03771311245907802,25.056015568734107,0.047575133190009604,714,2022-01-01T11:53:57.880000000
0.18452409010051354,-101.33764588212817,0.8141584790030565,-86.21824785505335,321.9833522390895,CCW,6,0.05494611990008504,0.0008937521925738745,257.10669266660545,0.012287734190610066,99.9705854325752,0.0025277997385575227,37.96501995552585,0.03668014994779124,27.844016485855196,0.002358791519418243,24.465051109550586,0.05494611990008504,16.604384506806163,0.03668014994779124,715,2022-01-01T11:54:57.880000000
0.15224906810170896,-137.34017431678095,0.8226489274341142,-29.815273391765686,31.89038472645673,CCW,6,0.08271398876828241,0.002184884672135012,224.9016228771658,0.07357451863884377,141.87713610101477,0.004221294755955808,112.57935847359643,0.06987114493552793,49.10132268191496,0.0012618976375171783,20.48361123881774,0.08271398876828241,1.9082227120071542,0.06987114493552793,716,2022-01-01T11:55:57.880000000
0.14579480491618974,97.02374339120175,0.915543300681437,-68.77111899259259,-173.12491568641917,CW,4,0.05148957236929697,0.0030748882919433068,259.68898878306163,0.02229007574877304,141.99272734753714,0.0008547987004101018,69.88176156214338,0.05148957236929697,0.31416704530055867,0.001284808353651442,23.626499592128763,0.03103496578832459,16.48861021459668,0.05148957236929697,717,2022-01-01T11:56:57.880000000
0.48898848967144865,134.4007087924837,0.6054895876451913,-58.1310548052097,-668.4113957429807,CW,2,0.1660814670856129,0.0013488091789931734,115.56751932340485,0.1660814670856129,115.88168449083858,0.0038929582804471743,63.219279434219374,0.010734597516444231,32.18307948540025,0.0005717574984126148,66.92885594482635,0.013236385559015455,35.281567066091384,0.010734597516444231,718,2022-01-01T11:57:57.880000000
0.501178847808489,-176.53034453495633,0.46287645727589266,-36.97251917461625,49.80182172112123,CCW,2,0.22096907837165625,0.0020934795583702863,16.173919648144782,0.22096907837165625,134.70994531890145,0.003690031855187298,115.00107798996201,0.10387947878950957,58.35418170974376,0.0014786530874749961,56.37231726009502,0.0333573664640398,29.57942408918346,0.10387947878950957,719,2022-01-01T11:58:57.870000000
0.1584452427883103,-82.0709307990433,0.7045555939991986,17.459888030952385,313.1313780304753,CCW,2,0.16664553424940468,0.0024521900256477235,239.91900153348894,0.16664553424940468,13.981388044389629,0.00233339476337179,103.34363368640373,0.09150687718106852,24.46676307782089,0.003500452317715514,61.13856484922296,0.06740770717397063,26.527525229253342,0.09150687718106852,720,2022-01-01T11:59:57.890000000
0.2141767152196868,-143.72432177877172,0.625029044142228,-63.98340715473796,20.911009337684078,CCW,2,0.16300431021408732,0.0009436285930422615,138.6749043231924,0.16300431021408732,108.36462327397014,0.0029159746313386294,85.52980346139589,0.0471921782229512,53.19387824602389,0.0012079631226724716,56.76139197604865,0.061508030928882206,5.874848359958244,0.0471921782229512,721,2022-01-01T12:00:57.890000000
0.2878437818118932,103.72126666919428,0.737611724194211,-1.8247117546975176,-274.4005702713906,CW,2,0.1414894884480162,0.0009031770821063416,125.47121699537131,0.1414894884480162,171.9234896110068,0.0027730582734254794,68.96113729577775,0.10721123861441183,23.89261251509701,0.0005711474756870745,40.76623161384958,0.05193450728862875,11.332847193312727,0.10721123861441183,722,2022-01-01T12:01:57.880000000
0.2463016959865109,48.962973891913734,0.5505179209137878,81.2301521465072,-165.59456339335108,CW,2,0.23063474847808965,0.0029597609547646537,352.4575297616859,0.23063474847808965,89.21029758235552,0.0024209659837923676,114.80884116868184,0.09013997834000335,57.44246636009862,0.0010915929766472667,14.63848846264148,0.05136548892634476,15.076112242750586,0.09013997834000335,723,2022-01-01T12:02:57.890000000
0.12792639862475344,39.40418183933603,0.7234095361480338,71.59896955673454,-56.86948532775997,CW,2,0.10313748191431875,0.00160679661557016,286.9754510400784,0.10313748191431875,74.9858215356424,0.002975880284409936,106.20634412632236,0.02550331158151414,89.42829215675704,0.002840705737643852,68.94108756083298,0.061053904732912695,31.547475834331323,0.02550331158151414,724,2022-01-01T12:03:57.890000000
0.30452822833966237,140.1433194915857,0.7737525737324757,-31.040484821575916,-154.38048343409525,CW,2,0.06729227637593939,0.0010881534569174341,171.2888931484247,0.06729227637593939,168.03540816736728,0.002278164339319729,93.03924330609513,0.013654129190272798,26.739175874173014,0.0009501491892377854,0.24440599183057626,0.02066086884434539,7.8572402570770485,0.013654129190272798,725,2022-01-01T12:04:57.890000000
0.4022191480741192,162.47228812314944,0.644056894954869,-21.755331328988518,28.250270405963505,CCW,4,0.10598181662096194,0.0005383891899559628,305.3461280442833,0.0857716868560586,146.7966619533947,0.0013866902651160488,111.37980567376053,0.10598181662096194,71.101973684295,0.0019993169490191737,17.741556616912007,0.0383505128482794,10.367912052262179,0.10598181662096194,726,2022-01-01T12:05:57.874375000
0.12513250037390464,53.96190956271364,0.7698166017002531,3.9038860782286235,-35.187329733431454,CW,6,0.07023490397747521,0.0018012518668217112,1.185204976203034,0.06956582946202888,163.26856841029317,0.0015790932118836354,52.304719830369,0.028783679143454213,7.3219397300492295,0.0020037856866373036,1.1720512316174438,0.07023490397747521,36.982146400124954,0.028783679143454213,727,2022-01-01T12:06:57.880000000
0.15437315967622695,149.56038079054636,0.7869069406693602,-83.28930236377319,187.32985971084076,CCW,2,0.07283183840149919,0.002337264962408127,286.2639122289884,0.07283183840149919,87.53594082811608,0.0032983130948615958,17.419817561520556,0.05528533182383286,24.236761055177713,0.0035464355255922955,0.12746574497646904,0.04890760909314166,24.397332404783153,0.05528533182383286,728,2022-01-01T12:07:57.890000000
0.25761711688815353,144.15886515471257,0.7647066759207257,-24.724731135244525,-243.76147469252845,CW,2,0.07693266099092708,0.0028619091025675206,42.63675030080619,0.07693266099092708,162.2916698797343,0.0010134412909280162,29.222339399715665,0.033362873640914864,3.4006750521359246,0.001532979399650431,21.230126583668476,0.025071385864280146,9.286132134046818,0.033362873640914864,729,2022-01-01T12:08:57.890000000
0.2874580393767582,137.78350526203914,0.7466796795534564,-39.18051015057122,-187.68252854726524,CW,2,0.11742435229946371,0.0014420240355433257,237.87349268773556,0.11742435229946371,137.31869558184385,0.0012212780743015923,35.9481487441677,0.10132582204285262,79.1272649171347,0.0018058447994453398,5.345255195572081,0.012790135115685664,46.743391486683336,0.10132582204285262,730,2022-01-01T12:09:57.870000000
0.3729159117913886,-152.85322198541706,0.5578368548438412,-67.02497084639901,235.39562082528224,CCW,2,0.2099886981945261,0.0007156210821143902,352.2962213763543,0.2099886981945261,115.7945553700456,0.0030727598807659432,8.65053636859686,0.04537789784894426,73.70270754276451,0.0003904640141750924,69.12947764075837,0.02069252453956789,30.413788401147205,0.04537789784894426,731,2022-01-01T12:10:57.880000000
0.27708959432552943,-82.4139943183391,0.850278887407225,-69.73141067076094,428.6506943311456,CCW,4,0.08015390660983027,0.002354119911665529,25.798570971193836,0.04489225598511181,121.42979554306265,0.0006520194291052428,112.6451155801201,0.08015390660983027,41.39167545577123,0.0011841323172598753,38.32024827816861,0.05563641883340231,20.81000840822728,0.08015390660983027,732,2022-01-01T12:11:57.890000000
0.4330323489255794,-168.21744941225714,0.6479376914312573,-29.12979467555641,222.70510855236557,CCW,2,0.08339546279960407,0.002031637206682213,208.84467079302027,0.08339546279960407,150.10097899894282,0.00305256889147685,15.872685554567683,0.054649582304024974,71.66465056581217,0.0025652742620254788,39.975062656204486,0.058963696130692154,27.165371826530578,0.054649582304024974,733,2022-01-01T12:12:57.890000000
0.5055294803638893,-171.32707798522554,0.5724135936881676,-59.12505002721963,-0.2543222910673535,CW,2,0.14954329955951656,0.0011204900909933977,120.29777774124345,0.14954329955951656,126.88840954662837,0.0008037261009707147,73.996594492671,0.0899961413561064,7.444213986072743,0.00143223118648481,40.942366936192,0.10893980821270074,41.390811449019864,0.0899961413561064,734,2022-01-01T12:13:57.880000000
0.05136351863218445,168.72846529719172,0.8792166890684525,-8.771504134821754,66.82043767681971,CCW,4,0.06783311760142759,0.0017772934607234907,145.84899384113277,0.01407471420330658,144.94801595760072,0.0004138953784975337,29.969106047734805,0.06783311760142759,29.296307779550823,0.0015355733830756807,51.31911942084892,0.05158146630729614,16.335841410855583,0.06783311760142759,735,2022-01-01T12:14:57.890000000
0.39503787068039786,-42.450948161701184,0.643174040639053,69.51910391161616,420.4540229848082,CCW,2,0.16967308600301403,0.0008367938924735762,184.79948001075192,0.16967308600301403,75.20247943674048,0.00046935881544514605,114.88498411787218,0.1329209317450678,5.057086870127263,0.0020551466995485197,47.133277823554934,0.07087010864609032,25.714114795933188,0.1329209317450678,736,2022-01-01T12:15:57.880000000
0.33091064343295556,157.86889506845966,0.6262583604809652,-64.4543115846937,-175.0970034831252,CW,2,0.11200575354758283,0.0014676813538061818,337.26040546551934,0.11200575354758283,111.99853932631761,0.0023474492564778053,58.49684046757376,0.03867764734096577,30.95128697730531,0.0015549423961214775,0.04327632657095251,0.014184569791575527,18.04447061664648,0.03867764734096577,737,2022-01-01T12:16:57.880000000
0.38997320278356395,112.90974158791154,0.7797378405875521,-17.60403523698048,-535.0640081381132,CW,2,0.06475214779685243,0.0031186449433612466,124.5904889048599,0.06475214779685243,147.28740854561036,0.004619756726250117,117.97088746174504,0.05758493600262515,46.25580645219582,0.0010837421829689874,36.62538183069577,0.0024941106722951105,50.91048981448321,0.05758493600262515,738,2022-01-01T12:17:57.890000000
0.09475181606432716,85.43065298223445,0.7903508179528737,-88.514729317538,-137.66453629186412,CW,2,0.08057351003891339,0.0020246819167202106,231.32996894086432,0.08057351003891339,94.43627945759216,0.0005631596363950246,62.23721141429424,0.02865699996531455,10.46670972633992,0.00045992808908676137,38.83327712459456,0.033218070223771407,57.998413589998414,0.02865699996531455,739,2022-01-01T12:18:57.880000000
0.1946238886284263,-58.209056245417194,0.8368705349669031,42.7884642309229,207.82689387377087,CCW,4,0.10465052402300416,0.00431282529213599,312.29319240737254,0.016282618079248586,23.110547735388895,0.0030142801114216343,72.93069060348705,0.10465052402300416,43.28539876787314,0.002401094129913319,18.887387714462754,0.06485289504218138,33.37429515940519,0.10465052402300416,740,2022-01-01T12:19:57.890000000
0.08702725706472787,-94.12778439784807,0.9215635481127152,-70.52121007730568,109.1126338978031,CCW,2,0.04095192878453633,0.0013568017834637194,222.82397196944171,0.04095192878453633,111.95280351849381,0.0015422179258733914,71.54093071037019,0.03584805357805659,79.30249123967651,0.002430155727693696,44.721258572543704,0.008340910233913822,30.802527086444503,0.03584805357805659,741,2022-01-01T12:20:57.880000000
0.2729452095201244,167.611041176403,0.8004198181200348,-60.700702114671046,3.606806877765777,CCW,4,0.16502526994650735,0.0024017060524470428,65.7249941916443,0.05808354402304724,92.83691967228891,0.0019538488406155774,72.71283980474021,0.16502526994650735,43.24646081215687,0.0012634065850768853,44.138338699562084,0.01714427811427935,30.2324233632202,0.16502526994650735,742,2022-01-01T12:21:57.890000000
0.34287497377677145,-93.19316488010324,0.7799296987198235,-4.133557348832596,497.5499359892808,CCW,2,0.10324869099938239,0.0022040925954215133,268.1123626336068,0.10324869099938239,166.8987384096882,0.005322410095592807,60.779575309599004,0.05644152647092489,13.122517914598847,0.003198895149287376,29.750683562434563,0.03605175902079106,5.115316126471785,0.05644152647092489,743,2022-01-01T12:22:57.880000000
0.3261643821783726,75.3888243596952,0.8083566178471143,-84.61918978001164,-480.42695965524973,CW,2,0.14420178574506864,0.000663996773349703,122.62937643907057,0.14420178574506864,97.85669520688234,0.0019549574421953275,14.596134088815312,0.051489487809271386,5.466358493918045,0.0010394184702123166,32.95771125896942,0.02272223388470382,24.406734854355047,0.051489487809271386,744,2022-01-01T12:23:57.890000000
0.17173751555182173,164.36957231178687,0.842607554348466,-70.78842372658055,135.28660316444487,CCW,4,0.029623865107239578,0.002996455790197475,78.10609663584283,0.0240235375806677,93.55705379674801,0.0036753738589922493,87.31268784754386,0.029623865107239578,52.01585454781174,0.0011995584715318915,38.32946643164121,0.020086018247962367,46.62563372605369,0.029623865107239578,745,2022-01-01T12:24:57.880000000
0.4456619088993796,122.89988330548465,0.6348567414057659,-18.111525157011158,-480.56855802349673,CW,2,0.1289530078715323,0.0026024996915979368,157.87536609285294,0.1289530078715323,167.22990374702948,0.0014361313570364507,34.56568428504172,0.11027210922828705,60.70063225883437,8.467316594540766e-05,0.9321514687913426,0.08855852929303333,51.56859563301222,0.11027210922828705,746,2022-01-01T12:25:57.880000000
0.39586089611675934,134.59928906906936,0.6427104423102223,-25.351162545509226,-349.0893373807438,CW,2,0.16355686621876622,0.001346209540094363,276.94188932051907,0.16355686621876622,149.8381536643375,0.0007136889555210269,96.33696345352769,0.08032422491616346,30.993701410916064,0.002708852184045302,11.627957515717284,0.08563786719130434,2.3815229390806745,0.08032422491616346,747,2022-01-01T12:26:57.880000000
0.13617245494655622,-47.99566954224751,0.7502996193731175,78.92787093169287,46.564737617420974,CCW,6,0.07900360640593437,0.0016699352707329712,332.89621956718406,0.06694311080353232,71.4891503764497,0.0019049043224991797,80.96757022325133,0.008201847516766588,38.17867821631255,0.0014656137080354139,51.53716763488316,0.07900360640593437,39.50378249847065,0.008201847516766588,748,2022-01-01T12:27:57.880000000
0.44104206831875775,43.05445625734626,0.612476939925264,21.323152708486106,-674.2493182289331,CW,2,0.18028088388076371,0.003481483338739152,8.457280912809697,0.18028088388076371,28.090196269838312,0.001197346084481457,35.70369699997949,0.04401610937705589,9.723314263745435,0.0015831688608222438,1.9552566306083743,0.05996592931253638,55.56726912122144,0.04401610937705589,749,2022-01-01T12:28:57.890000000
0.21221933772701732,131.52632113534426,0.6653110010798741,-22.071053709237333,-282.9139437866419,CW,2,0.1336824621213589,0.00012429337100589531,200.1878532775294,0.1336824621213589,157.07545458327542,0.0029074027808902877,101.74776846059575,0.05748761253816908,41.481171735338414,0.0018359279012731856,47.666897000949156,0.017429613001554843,4.692866021450139,0.05748761253816908,750,2022-01-01T12:29:57.890000000
0.43763341095760666,-129.56105618144238,0.6895493953703729,-37.64215043660249,209.1431854756504,CCW,2,0.1326434167563215,0.0002847300060901649,147.344881923856,0.1326434167563215,130.1114720755204,0.0010440872200818691,91.12697480681108,0.019233760993658013,8.374084685084457,0.002663180521601354,1.5448449705769183,0.06684128311717245,33.86591620559428,0.019233760993658013,751,2022-01-01T12:30:57.890000000
0.13576109710226658,-79.38789584811691,0.9591943448153918,44.54714145098387,43.01226849914982,CCW,6,0.05694689720996323,0.0016880008323007165,224.55058543975338,0.025054066765387944,44.255753378336884,0.003427467724328295,71.20341579057242,0.027180451060411705,16.035502714288615,0.0019389389099034916,69.87637423702836,0.05694689720996323,26.047352942356667,0.027180451060411705,752,2022-01-01T12:31:57.890000000
0.3023321562782825,-151.83424614353632,0.8013906970912571,-37.45741197497682,111.20143198989376,CCW,2,0.07970832746752296,0.0009724563553214757,48.8075912938023,0.07970832746752296,125.28826464908744,0.003566923357053137,90.52533500314955,0.05286449121343345,74.92676000979336,0.0010593645484948905,50.39626347163637,0.07555179720731987,52.17669467973061,0.05286449121343345,753,2022-01-01T12:32:57.880000000
0.38547560944943077,135.01660668983502,0.5911172559889308,-32.73448975937353,-130.07561562859837,CW,2,0.18257954566347942,0.00017025207490953696,356.4980726620539,0.18257954566347942,139.454908335779,0.002839357553826492,90.01059024866103,0.051321630909653033,69.84632132321639,0.0016992024416102277,70.93773758882908,0.03789309953991511,37.79354749633944,0.051321630909653033,754,2022-01-01T12:33:57.890000000
0.09093739131388164,88.66160033576767,0.8100470942612241,19.528742427341996,-85.00987320937452,CW,2,0.10732760753583352,0.0013410569831878633,6.304702251250035,0.10732760753583352,24.198016696006356,0.0015943205351315215,80.41813891834963,0.05157558365042278,24.776489164483454,0.0008780664402274912,69.66460004433992,0.040472000088054134,50.4848671184301,0.05157558365042278,755,2022-01-01T12:34:57.880000000
0.36927139995223635,113.30017754867822,0.9005002264217897,-88.0364470839451,-403.5436966574671,CW,4,0.07538315942772084,0.0007168934184109659,299.9487292914197,0.06603903064041589,52.34547931258483,0.0006225467023134604,97.9272761523102,0.07538315942772084,30.398687940853897,0.001126559584221939,11.937376084396524,0.02820767841195312,37.18127857653113,0.07538315942772084,756,2022-01-01T12:35:57.880000000
0.3804210907870055,-166.46316683350577,0.6633110418381628,-29.911263162686737,118.37611676979049,CCW,4,0.15584610694412876,0.002453741911033959,80.38196944790499,0.12916497509805666,138.19629948865617,0.0023058876576862336,57.787491945867174,0.15584610694412876,82.47463777649759,0.0038366126455618406,15.322302450473124,0.09529664152196739,34.90922540889909,0.15584610694412876,757,2022-01-01T12:36:57.890000000
0.17132536390674794,148.00406491772773,0.7671743075134605,-24.14206950031769,-21.61115728543828,CW,2,0.08836141283800795,0.003614531936902386,199.60914449400173,0.08836141283800795,157.2088839096164,0.0021798164514402643,61.73961238487601,0.08575741655312327,18.072294087024456,0.0032943093631622347,30.338542802875846,0.07880333522592592,0.514229350012283,0.08575741655312327,758,2022-01-01T12:37:57.890000000
0.0047602050460569525,151.97001569068996,0.8760250672656238,-74.8572808615193,-315.92360434113414,CW,2,0.09275425627185892,0.002467594218820547,58.15566029009536,0.09275425627185892,115.93385092663134,0.0022506969954932646,71.5298584791941,0.02679071581823778,32.26823837255361,0.0028299797885231737,0.5901856345595204,0.045916431610188775,3.3214559167412765,0.02679071581823778,759,2022-01-01T12:38:57.880000000
0.33241933591592393,178.52280050525928,0.635221542464019,-39.18661365544568,9.440831795169068,CCW,2,0.12010744399032157,0.0013053895481587318,109.09492119879182,0.12010744399032157,148.1983528380033,0.0014472494261838023,29.927789028986584,0.03741869759254329,53.291162109199014,0.0022263216690577496,24.31751172504422,0.016636778308778213,27.52270805745881,0.03741869759254329,760,2022-01-01T12:39:57.880000000
0.3228317981947195,-141.32430422980747,0.7942115829269597,-18.061081728361643,277.0425304856641,CCW,6,0.0851661390734,0.0026578212120016396,99.80348641731112,0.027019931167464054,170.50565922752833,0.0038679697257450536,109.25610209179827,0.0813016769680564,17.5976336952116,0.0027510755550985365,18.91431982291642,0.0851661390734,1.3129163514269546,0.0813016769680564,761,2022-01-01T12:40:57.880000000
0.4120851340370791,148.47082084493923,0.7502553316514882,-14.54348376837524,-352.7161541230456,CW,4,0.05912683478515628,0.004366854564897537,343.43866308075326,0.030438295651562315,10.608021198377918,0.000862347760667343,107.50537699062596,0.05912683478515628,84.61210091926137,0.00402950914337419,38.294042177276005,0.042728738144080715,46.558426079286804,0.05912683478515628,762,2022-01-01T12:41:57.890000000
0.0811277751812466,-169.07185175795848,0.9578921859137796,-76.54485675046374,0.4125320246021431,CCW,4,0.10758147367388779,0.0011084278289236413,9.310239974705146,0.02545705893067664,39.71473079541179,0.0008513098666650027,92.0112558818272,0.10758147367388779,65.82803402477029,0.004620024226114049,8.14742548517508,0.048738978346829116,1.025755697452478,0.10758147367388779,763,2022-01-01T12:42:57.890000000
0.12069294631546536,5.651327574694627,0.9578964981919308,78.77399361124294,-262.9246444797544,CW,4,0.1460698291606836,0.002653493965540286,311.75550743287386,0.07415881284331516,161.0898304953575,0.0015596021562728172,70.78929225612661,0.1460698291606836,57.51981465810266,0.0009320645903695702,43.560753834702155,0.052801101707019224,36.058463358914075,0.1460698291606836,764,2022-01-01T12:43:57.890000000
0.1770395729106244,141.1413633118104,0.7664170474402017,-63.393002317504184,6.822028876137011,CCW,2,0.09478813596507886,0.0019763905384375144,233.22017101825497,0.09478813596507886,120.57549161559993,0.002285431142774786,57.30143529921091,0.050723266786668705,72.88228923663992,0.00032678234510084115,49.960114537234844,0.022470649916486153,43.176656544893646,0.050723266786668705,765,2022-01-01T12:44:57.890000000
0.025992392514032604,-58.592919363005315,0.7962469516911478,-18.276152887805694,-2.4806542413818136,CW,2,0.10324025446158874,0.00153469965924601,298.9620081182655,0.10324025446158874,161.11932814310435,0.002801897055482068,81.02775023649538,0.032198895889647,67.18828466089246,0.0010388621169831582,51.54748814618671,0.04695414899376685,39.64607864728868,0.032198895889647,766,2022-01-01T12:45:57.890000000
0.33448170334720895,107.72289096560085,0.777752771283985,-1.6809291030590998,-459.12306043380465,CW,2,0.1031794994514902,0.0010639751922087348,152.62009796387625,0.1031794994514902,3.469976959149061,0.0008023165921233162,54.58360220644828,0.05851455373662518,8.64314158231299,0.0016285347789526082,14.639247059598361,0.015305578185706025,0.8042346709275919,0.05851455373662518,767,2022-01-01T12:46:57.880000000
0.2629074075615749,110.19320534076006,0.8025682517127575,81.98108899568314,-238.47056571454377,CW,2,0.11570821335714886,0.002385037745538175,143.4336198178303,0.11570821335714886,72.12454736084266,0.0022133689532066545,50.517374380009905,0.06905883274921108,77.44043011366627,0.002492988445175121,64.48190330431517,0.01555511659459102,38.311123562592655,0.06905883274921108,768,2022-01-01T12:47:57.880000000
0.11880320566094743,-127.04912269361951,0.8823545804873344,-29.2615450752418,358.4674291128318,CCW,4,0.04132415422551799,0.0015605609155824158,114.28862722979758,0.038843476321483515,162.53632977110706,0.004287599707966551,60.75477512425049,0.04132415422551799,64.63384155128651,0.00021075190489830908,2.2339229486915757,0.028218665942766643,21.41060157489102,0.04132415422551799,769,2022-01-01T12:48:57.890000000
0.21211602237977642,-48.96204731252615,0.8680703174706325,34.125085583895526,76.96919137099111,CCW,4,0.1281468860734233,0.0008746851374476259,313.7696183829425,0.03709328171056131,53.17805274921361,0.0023613757428089244,6.939044392863476,0.1281468860734233,11.074247632060715,0.000641144855884427,38.537488892108186,0.03976536673961651,5.0305973568942015,0.1281468860734233,770,2022-01-01T12:49:57.880000000
0.231539174241584,147.85211033560387,0.7325489690283915,-37.32894700766815,-150.35433713391228,CW,2,0.10519023540069264,0.0011494986084841976,52.7663436261192,0.10519023540069264,146.27617124984107,0.00324870649688897,115.66345944817056,0.019507314845917174,59.522347265373625,0.0008498695073305171,48.78297433166075,0.05758313640184807,50.809718323771634,0.019507314845917174,771,2022-01-01T12:50:57.880000000
0.29856975215178216,99.98693247234172,0.8695239005313823,-3.5430569168602233,-512.4626466666567,CW,4,0.04955086610824009,0.002424316043128465,262.32307155127774,0.013402239935915007,0.24692955105129075,0.0022265827931381515,15.859861926468497,0.04955086610824009,5.322754882688964,0.001322313636609245,27.759243369685027,0.021508824691730516,57.105334133986744,0.04955086610824009,772,2022-01-01T12:51:57.884375000
0.15391211197474844,176.739540253356,0.7356499674840454,-22.467747276574926,121.65441831837224,CCW,2,0.10150970589062622,0.002572289989716466,115.52422924367836,0.10150970589062622,149.35949885488256,0.003933973486842986,20.788342268365334,0.058029003519438446,89.50973180539509,0.002539919460918596,6.177884754434065,0.04446511427465529,52.958636661957186,0.058029003519438446,773,2022-01-01T12:52:57.890000000
0.3057947917119255,-33.102416292863175,0.6881838632927664,13.040655261416049,183.49253778849408,CCW,2,0.13408594561452436,0.0020573665189029286,264.2696110893279,0.13408594561452436,12.476207072610642,0.004274446554265679,29.47884724529404,0.10259546962946858,6.608798220694208,0.003132152140214378,15.9668797112096,0.002841650389649412,49.688905055757175,0.10259546962946858,774,2022-01-01T12:53:57.890000000
0.3186929740187498,99.7315041611071,0.8395535473317622,-10.233293172875875,-442.53185482348374,CW,4,0.06308522278130213,0.0027106294053709863,209.5994075492191,0.05652018073830133,163.36501109154722,0.00023334528535663585,118.4519530479006,0.06308522278130213,35.60219000053355,0.0023646232246925633,45.23939397461837,0.040188168908245094,2.4339405925691593,0.06308522278130213,775,2022-01-01T12:54:57.880000000
0.10409672031159413,-129.49656445738145,0.8318937549641237,-43.65638134059216,20.465876694938373,CCW,4,0.09185100100998703,0.0011942144663764389,112.1046086139317,0.06854957637249723,137.79646892307278,0.0030468767353384277,5.0238025471850944,0.09185100100998703,49.42879188396751,0.0029879975293899412,51.36794274219342,0.053894474853828055,17.20629917799527,0.09185100100998703,776,2022-01-01T12:55:57.890000000
0.11669159827286232,38.399285898240755,0.8184524539336784,10.598018900919612,-40.41000808074659,CW,4,0.04104265724584328,0.003644425083532206,112.37989235077234,0.02945323980263629,27.70929285558889,0.000818860580257047,88.15578859358114,0.04104265724584328,73.36525083964324,0.0026141427151251334,34.94079972064683,0.040073518475079006,57.35537741602094,0.04104265724584328,777,2022-01-01T12:56:57.890000000
0.22164450312028872,-139.94307400210022,0.7767152093544626,-66.45936583761583,346.4776129189904,CCW,2,0.08670925394809659,0.0026115609987716754,45.842662373881154,0.08670925394809659,115.60384446057635,0.0010170560985020096,27.785824453306788,0.004814953248401443,37.37998436979466,0.0009528964384778729,56.716853448165025,0.003848950686807861,11.746641241993402,0.004814953248401443,778,2022-01-01T12:57:57.900000000
0.02413979186166938,164.96458187888166,0.7217406840705077,-15.775898884285567,139.2059434897673,CCW,2,0.1320279598069633,0.0012897633550861185,257.822316670492,0.1320279598069633,163.60771732497255,0.002606187839900906,74.49184673652334,0.05598844902143326,66.72716048761166,0.0016529749786891668,20.017133074526818,0.07796367121501264,48.829518215736364,0.05598844902143326,779,2022-01-01T12:58:57.880000000
0.19597700647781205,118.49169176290962,0.7893107519260909,-9.505401751563625,-354.538610507133,CW,2,0.13118636357114458,0.0016421475798869215,218.66578281530897,0.13118636357114458,177.8011424954324,0.0008054969624499343,91.45034346022499,0.11079616508115242,88.69334490229494,0.0029328153907726916,51.57556246341491,0.029821529318887798,0.6840754614246001,0.11079616508115242,780,2022-01-01T12:59:57.890000000
0.16935195941947317,-176.4201484382007,0.7822700119457651,-38.35909374301346,74.97228924006636,CCW,6,0.13175666984498396,0.0009006468789947299,73.62406938721587,0.10736868923665256,138.0778408158335,0.0009377195624085909,83.56674306816228,0.052420840248572576,81.72405970855057,0.0018480813502416518,63.392347791377844,0.13175666984498396,40.74267572955051,0.052420840248572576,781,2022-01-01T13:00:57.890000000
0.24168336157425496,-46.866891843037536,0.7053812892246281,58.7411818268531,216.84206098453222,CCW,2,0.14692040615476268,0.0021135313969171225,340.64467510715167,0.14692040615476268,61.06820787567173,0.002213877752605675,18.6744653045961,0.10676564892621897,38.708328210376145,0.0040137092313607525,39.15659536103566,0.05370800479881818,0.955579367749584,0.10676564892621897,782,2022-01-01T13:01:57.890000000
0.22720160188396993,-141.86395755246193,0.7594480350821224,-11.297640784726099,138.51701340405896,CCW,2,0.11095992309475433,0.004219514983214755,58.295243257771226,0.11095992309475433,2.5978718052881713,0.0035542424576070946,38.43278568186085,0.09436347806917475,52.183774333045776,0.000846213006232292,16.611454076044993,0.09231339475592576,48.98400356088622,0.09436347806917475,783,2022-01-01T13:02:57.890000000
0.17548159377259592,172.83988417105274,0.7866526062625883,-14.251255811676657,6.179537196925054,CCW,6,0.05698802679528797,0.0008947268889730826,245.24979842560447,0.05062439913426787,10.371718065977904,0.004050037044205407,97.9422104508221,0.028550331901436694,79.745145817083,0.00227679986429847,38.70847073777883,0.05698802679528797,38.61449708899658,0.028550331901436694,784,2022-01-01T13:03:57.890000000
0.2366613585935937,166.4915393888201,0.6657079770070479,-37.71197136697896,-126.79231676729904,CW,2,0.1257261747729018,0.0014566415913701307,207.12981938617148,0.1257261747729018,145.04353227604125,0.0017970760866765272,51.273355208916335,0.050775575997109794,38.25855990765452,0.0017546194759840482,15.78501465013125,0.028789672595903273,2.887302383537843,0.050775575997109794,785,2022-01-01T13:04:57.900000000
0.08652449715883104,112.1855936262962,0.7295366180940143,-14.639568364722152,-267.93373160586583,CW,2,0.10706741320262965,0.001651734777083798,282.9962159269087,0.10706741320262965,147.2250023094893,0.0015127314012593348,82.03980097736064,0.021130305198346005,23.725969584498998,0.0013306269833969699,43.54574406923402,0.05998272576167184,0.430169188345594,0.021130305198346005,786,2022-01-01T13:05:57.890000000
0.16794719144426823,57.15876883270619,0.7696664051245808,67.41170524518913,-163.0760194616027,CW,6,0.09031492120593414,0.0014963111507448703,114.62021732628155,0.061042716140772016,70.57472399290859,0.0021214877598970307,74.6252101660979,0.049989207071817185,44.26496096722061,0.0003821131580420048,1.9906598000200433,0.09031492120593414,54.707212991940025,0.049989207071817185,787,2022-01-01T13:06:57.880000000
0.3127659149074849,-152.87235269620246,0.8765130055090744,-42.14716920723916,219.89035250122174,CCW,4,0.08412180030638364,0.0004843209062320034,115.34306540774864,0.055775223414793754,70.79031712282014,0.0016212633493475933,105.37182908165724,0.08412180030638364,68.68629692687502,0.0010356188912914314,39.916361196630355,0.05688082249409053,6.653860491134694,0.08412180030638364,788,2022-01-01T13:07:57.890000000
0.11839685074258559,121.136152397724,0.8650380505824251,-82.40725501631005,14.39694814475763,CCW,2,0.08042381792882837,0.002309945189978869,148.67461897271252,0.08042381792882837,92.08262051709468,0.005020229509599586,90.01773487450819,0.04522017284528405,61.186963037947955,0.0020645067845974315,37.87065123046284,0.04001646295872399,9.378357816306275,0.04522017284528405,789,2022-01-01T13:08:57.890000000
0.15138275246514463,139.93310806381731,0.7828526064805089,-10.81539392458825,-100.24382366825792,CW,2,0.06711986652992591,0.006211563493332864,103.49911237606752,0.06711986652992591,154.25891659970057,0.003595987584900716,9.448888362687086,0.03933017015506103,30.166002798649927,0.0033145784210269554,50.72408110775669,0.054295848919906874,40.57557893714821,0.03933017015506103,790,2022-01-01T13:09:57.890000000
0.16066090466555796,-0.1484809724686011,0.7970083869571354,30.129475858327368,-236.9061998444669,CW,2,0.07631572497515203,0.0022248188215333357,76.86804972486466,0.07631572497515203,40.24529744203142,0.002231627903900333,92.05836655547813,0.03844823433027625,80.78457717929568,0.001454107828869212,3.194121679184153,0.0179925149777712,49.8625952574325,0.03844823433027625,791,2022-01-01T13:10:57.890000000
0.2788346656550589,171.08325676604147,0.7624282959963811,-24.339962720441747,-147.92493955507385,CW,4,0.11422399303645973,0.0025740362439676525,239.61291298088582,0.0798114713265068,155.97895226310735,0.0009935043961249452,27.41941273019449,0.11422399303645973,5.4795065129838605,0.0019862765443957966,6.55609720347002,0.08363388478203723,38.82670463186598,0.11422399303645973,792,2022-01-01T13:11:57.900000000
0.2435592567011779,-4.156116978260909,0.7976715155172357,34.0235267816152,-53.494487548876926,CW,6,0.059416468764087856,0.003699063214178779,224.1606637598365,0.01210657527421332,50.53268487781364,0.0013718438111959231,6.861951113378165,0.04699830924395717,36.67485158061769,0.0032726183171385174,36.796738627031964,0.059416468764087856,33.051894888716134,0.04699830924395717,793,2022-01-01T13:12:57.900000000
0.2638116557566417,-73.63648908562196,0.8365129239852883,83.25395077069444,52.94642714773428,CCW,4,0.04173666871774523,0.0014233260396652448,11.355801878478951,0.024242467615128646,28.458164310029236,0.0013941560442377484,111.55739435524167,0.04173666871774523,66.79570513166585,0.0006215077269243244,26.98863877903321,0.019106479877996057,11.921646423443443,0.04173666871774523,794,2022-01-01T13:13:57.890000000
0.10285947851569546,-97.04206252497316,0.7948342174774488,-35.60824310644992,-120.29512268395217,CW,2,0.09265446653163605,0.005806525185627905,97.2936075560423,0.09265446653163605,129.1784212932739,0.004779985992518888,105.84406690044095,0.08858325076870323,33.46993566431163,0.0031208765047520256,36.6738759251941,0.035519382168467416,48.18361072367547,0.08858325076870323,795,2022-01-01T13:14:57.880000000
0.40426385771231854,-160.08063053962044,0.6391863714416731,-31.0620098581754,346.5939175172681,CCW,2,0.10406585440990432,0.0043998306580131,182.1221838597287,0.10406585440990432,141.6281631894624,0.004660314810215432,6.717822957500373,0.023161129152736815,60.907809740334045,0.0005784715424542694,67.87176621000278,0.027752040900384783,18.75116163364264,0.023161129152736815,796,2022-01-01T13:15:57.890000000
0.18074023109959886,43.02832308049016,0.750571685940172,-32.043403362270396,-162.1907052031318,CW,4,0.14553689378417936,0.004127673819311732,281.8743678642811,0.05562829008382353,142.35880176016386,0.003837696050344301,66.44004552359452,0.14553689378417936,63.781846278775205,0.003685831948052646,16.45932674925081,0.11293116752236951,26.202990902037318,0.14553689378417936,797,2022-01-01T13:16:57.900000000
0.28304387564740946,138.30594096364624,0.7539668652067555,-23.440281185673967,-305.41199996667206,CW,4,0.07232715099097065,0.0019059515737594051,107.6607755478479,0.06356305812560689,163.85719944048367,0.0007820918767453085,38.63215774168347,0.07232715099097065,55.591663645620876,0.0030371029597907116,12.512002576667074,0.05080364877518326,22.275349751978755,0.07232715099097065,798,2022-01-01T13:17:57.890000000
0.23249256821187292,-176.59213501693716,0.7734532342043297,-37.40475076345396,181.80358146918027,CCW,6,0.04229183489269332,0.0019549934980352297,219.96207790346193,0.039024578609517815,128.91615771023191,0.003922523590868936,94.72590023028813,0.013494335285757792,56.17015927913041,0.0029935120179337,32.54751079144355,0.04229183489269332,50.289835321978416,0.013494335285757792,799,2022-01-01T13:18:57.890000000
0.3433228957740111,160.2929801004016,0.6283691534681778,-29.425524659263488,-55.29292731449809,CW,2,0.2140302021439356,0.0017239915397929454,75.12071124530665,0.2140302021439356,148.48844448960256,0.002146906053615974,35.12820780371725,0.03948420816232001,34.414276103780516,0.004525142599639565,52.879818536509205,0.03697515975259669,29.63115990017542,0.03948420816232001,800,2022-01-01T13:19:57.890000000
0.18496562179049383,154.70303407652034,0.7764273877965377,-31.04939935440933,-25.846182541480033,CW,2,0.08419175229679024,0.0009824988691018199,281.0909580280304,0.08419175229679024,159.01064462873987,0.0022905442065314662,39.61274059211969,0.07622044438390357,46.931940683370776,0.0012416753699706655,17.542965959483475,0.036644371034593545,22.638146222294683,0.07622044438390357,801,2022-01-01T13:20:57.890000000
0.1361225645143763,71.47455319712724,0.877875144250415,41.16319467574283,-55.35184144734333,CW,4,0.07309472757526908,0.0018771032881879034,300.59709378630936,0.06281682105907811,42.05292600226608,0.003039096774014135,63.28660706305118,0.07309472757526908,57.902697452059485,0.002909537110354254,38.75499662437007,0.027135109609709638,5.656010929055499,0.07309472757526908,802,2022-01-01T13:21:57.890000000
0.37760793266006254,-155.1958824927174,0.5392901894867383,-28.06142651045886,61.78071423977089,CCW,2,0.185905412774151,0.0009580701352150825,319.41254364430637,0.185905412774151,151.96132326324965,0.0016857793879339255,119.50113313099101,0.11428253872108979,63.87180349684719,0.0021816256348637813,10.095503865938111,0.05729058366558557,40.34564346372735,0.11428253872108979,803,2022-01-01T13:22:57.890000000
0.21887132542050802,1.4168682474144332,0.7682191957213971,57.386181005419864,-67.88857754255332,CW,2,0.06541563774413092,0.0010811404576009057,161.01059804778856,0.06541563774413092,71.1269699402418,0.001701021397337976,29.45292150847129,0.051850575382315044,84.77236520451464,0.004082490213775303,12.807766161210699,0.026468831571058393,33.43716283455966,0.051850575382315044,804,2022-01-01T13:23:57.900000000
0.17813599200642644,-144.79155753807842,0.655567673004127,-86.80454774530827,266.0940911036772,CCW,2,0.11504550376255872,0.0077300398223679075,82.13480930342308,0.11504550376255872,83.176531245459,0.005727424722045504,86.8320515310738,0.048620839603701935,80.159694325786,0.0041648994469144565,11.808358306118123,0.054017105219503744,25.947459868621372,0.048620839603701935,805,2022-01-01T13:24:57.900000000
0.47120387891980947,62.29878440370968,0.7482083148642971,13.476354265507666,-620.9962800681125,CW,2,0.05950227253187965,0.0017243070798432423,96.63408736342053,0.05950227253187965,20.50394313429661,0.0031019390795464373,102.76082819025355,0.013965017122229962,40.91230639495103,0.002490701019759415,28.580261873867467,0.035855038900520324,34.13768702419152,0.013965017122229962,806,2022-01-01T13:25:57.900000000
0.300971156313542,111.03812573762228,0.8988150429280469,86.30474970733263,-333.2550902027557,CW,4,0.07848207478961963,0.00206366538881576,46.768835837445536,0.04497116484127868,55.05782855654702,0.002732676332652356,59.76561698233424,0.07848207478961963,47.44905268283016,0.0026524960992828964,52.482609214454406,0.06551040614928373,50.13724824848775,0.07848207478961963,807,2022-01-01T13:26:57.900000000
0.3885325675579394,-66.85510634594979,0.8049735703706736,-1.8300152307110693,306.51948698819564,CCW,2,0.09635780428560836,0.0026350249500434793,25.24440345467136,0.09635780428560836,160.9594005409591,0.0014139020044666448,118.06255178629168,0.045027973762746754,86.40766657974258,0.0010431983775056296,8.284631058861827,0.036173006616378955,50.990687507649085,0.045027973762746754,808,2022-01-01T13:27:57.900000000
0.10215721367183335,155.20280398161185,0.691185087366056,-20.355173148979105,2.8553371747971994,CCW,2,0.1053097899289308,0.0006696402633635385,21.839688822581678,0.1053097899289308,140.84676473749823,0.00140321621837791,9.513780953214852,0.013741239214702406,79.526024825116,0.001956124983399501,28.89692804395147,0.015528115977658448,18.080035744620446,0.013741239214702406,809,2022-01-01T13:28:57.884375000
0.48449469252369814,-156.71821650568802,0.5792787697613212,-40.22497925382615,281.24071087850996,CCW,2,0.10071724487731383,0.001275302112426957,96.341615937891,0.10071724487731383,127.74860282502198,0.0013735754874853122,110.62553398653021,0.08178470640162688,33.256905093777405,0.0006421633375711918,18.396870757780277,0.020241628668481736,13.597331649199896,0.08178470640162688,810,2022-01-01T13:29:57.890000000
0.38605002017929385,118.01439431408039,0.6812943492799267,-13.376998631313569,-430.1668603690701,CW,2,0.15151201154416474,0.0012320064671819649,21.64323449521358,0.15151201154416474,160.11358048216337,0.001071759066430997,96.28536824611776,0.03896630036599278,79.3718358162956,0.0018576502526148429,26.90358858229932,0.020657425131299364,21.33085072145388,0.03896630036599278,811,2022-01-01T13:30:57.880000000
0.401561841131813,167.24982099055447,0.5803465514475089,-51.86529149604749,-475.4494056895677,CW,2,0.14814371859798425,0.002521265441144762,5.165338879495858,0.14814371859798425,128.42132154801806,0.0028350871034670253,71.27326347746344,0.05816653104453084,37.841745236178376,0.0031169952718450877,32.86374347546815,0.018974998635080734,9.67740938696513,0.05816653104453084,812,2022-01-01T13:31:57.900000000
0.17607862395724155,-111.82780949155774,0.6047916684233795,-21.687800742100052,37.734890392062475,CCW,2,0.19429977280638897,0.002464625537364744,318.1888848063943,0.19429977280638897,163.15418405924964,0.0023542472820896696,75.9710641574789,0.11729941192162693,55.24403070466685,0.001946065413759925,46.36419279901229,0.061291229931569574,23.615445285891862,0.11729941192162693,813,2022-01-01T13:32:57.890000000
0.4389747018255575,117.05561590261064,0.6934105278262248,-35.31499278993235,-655.3915734080301,CW,2,0.10923043099348216,0.0009040407270041861,232.37024427834623,0.10923043099348216,149.7049804838133,0.002631885470816778,59.73054316013233,0.012786191773268792,40.609270928041326,0.0017573062360671313,1.6968755140751968,0.032875736198395386,2.1816910163752783,0.012786191773268792,814,2022-01-01T13:33:57.900000000
0.2495894380412596,-116.14068419195402,0.7523027796246945,-41.81641910019823,515.6580793257567,CCW,2,0.11961386007849595,0.0007135064725013712,270.69346975895184,0.11961386007849595,135.71424131453122,0.0025955011544515215,95.41724450070512,0.023122758967650894,34.88474936779135,0.0024532577284681664,28.449739258284065,0.05510800125501717,27.397027130669898,0.023122758967650894,815,2022-01-01T13:34:57.900000000
0.24959309715380562,-86.92650135072985,0.8075683726893551,-12.21474792344361,259.5620901543407,CCW,4,0.07352168005164064,0.000816334629832623,166.06172017523502,0.070397476999452,150.04252606851762,0.002238609142806556,4.786674672319403,0.07352168005164064,25.778918052744725,0.001444395541829964,35.26600447353498,0.03896488983054257,6.745368434701267,0.07352168005164064,816,2022-01-01T13:35:57.890000000
0.3441054028538061,140.24569608286487,0.7566768839374352,-27.998394665046362,-142.27758376792872,CW,2,0.10422968547372824,0.0011785560715651539,135.16328713370376,0.10422968547372824,135.54950658762834,0.0013116703158877726,114.83285558378518,0.056183315139839284,21.510049201525508,0.00061610139912693,64.13849392050112,0.025132766241382026,21.27797997171706,0.056183315139839284,817,2022-01-01T13:36:57.900000000
0.24016930478338058,-146.78239504276345,0.9116441223857145,-73.83574910214254,229.5353878943609,CCW,6,0.05578428073555643,0.00021263348126062333,20.986056245121052,0.05093539439155465,54.5512446720213,0.0015398651083469994,107.84001533673683,0.03198359044646756,13.562952737225014,0.0014563878178966364,62.08129548188395,0.05578428073555643,26.719933718706297,0.03198359044646756,818,2022-01-01T13:37:57.900000000
0.2577962711924174,-130.35516703982705,0.6222625340373832,-26.617670119448377,416.622998876704,CCW,2,0.17912645019765944,0.002672516836148315,251.8160134601281,0.17912645019765944,146.1214285806329,0.002232198165611706,63.171602700091576,0.05371873273552708,66.16415067960462,0.0006584570694723862,35.703980533013016,0.030770696196064446,44.61541905130179,0.05371873273552708,819,2022-01-01T13:38:57.890000000
0.3175376950266083,-81.47391793256487,0.7321604271852189,2.583025312618844,539.1846472269746,CCW,6,0.0757834209347963,0.0014771490472031883,116.95979873998199,0.06350107335258634,8.753004876391776,0.00176293255602426,83.4513368732737,0.03889529510384614,71.187007499054,0.0016390460878922806,21.451326143385696,0.0757834209347963,35.81889172095978,0.03889529510384614,820,2022-01-01T13:39:57.890000000
0.301030240223259,-112.1215508440642,0.6730091679019746,-81.9032532490373,382.1341163857546,CCW,2,0.15314822386895935,0.004174231303395944,195.8600716473409,0.15314822386895935,86.09852036582761,0.004611709207623651,62.751450627412915,0.07336493807938495,34.55556133535937,0.0031039561534046962,42.16153372090966,0.019295277865762916,3.9637489828351,0.07336493807938495,821,2022-01-01T13:40:57.884375000
0.24281603502385285,-161.86594770676993,0.7983068612186923,-42.8280952931965,316.88906546018995,CCW,2,0.08992876164314031,0.003900008265299155,223.9013600788851,0.08992876164314031,143.39219121405932,0.0016852848396281819,62.557847351529176,0.08497090529034929,40.72917598563412,0.0014631801453291028,29.026303698838912,0.03693176712771179,53.36444832444577,0.08497090529034929,822,2022-01-01T13:41:57.900000000
0.07835883993256962,58.969393816289944,0.8316271159680297,-18.911000942054415,-202.97684907001673,CW,2,0.10997919588786101,0.002456442828469906,355.90775357267313,0.10997919588786101,132.4349845614015,0.004319830445866694,65.88870361859509,0.060242890131289945,17.786954056649876,0.0017311893253377144,27.242694613172482,0.021917646117763114,22.602112692554574,0.060242890131289945,823,2022-01-01T13:42:57.890000000
0.1642291639099084,-149.73896795811976,0.6221318864027873,-12.851221456299015,148.1653039105762,CCW,2,0.14545533159629276,0.002834881491263316,297.8828019334025,0.14545533159629276,171.06656530406403,0.003193387497472585,81.22448081183592,0.04421375211172025,50.61053962581052,0.001488223065737942,71.23162369867723,0.059927995598632086,25.150084969964556,0.04421375211172025,824,2022-01-01T13:43:57.900000000
0.31603468976417276,-154.62977267530243,0.6313920216543979,-65.09966265244742,138.1177079795641,CCW,2,0.133725374191753,0.0036417806107922886,25.180343156353366,0.133725374191753,121.04514533133772,0.0026464337452274615,34.29791127587232,0.048663393259364474,25.53247266014901,0.0015300243670063108,4.719936112478963,0.05970555620430698,16.203239861159474,0.048663393259364474,825,2022-01-01T13:44:57.890000000
0.35722347916431196,-43.86315539156553,0.7116841815253465,12.178076261274725,150.62392505049635,CCW,2,0.1131536152509698,0.002034785940367425,187.3902435736577,0.1131536152509698,11.230986591445763,0.000803330586386657,112.30165541070649,0.07745019600025016,88.14701575071952,0.0018039463452231513,54.19367034075934,0.07733688361336429,48.30158312062389,0.07745019600025016,826,2022-01-01T13:45:57.890000000
0.21591381410133392,94.24089415825144,0.7922895688902519,32.557952330091325,-317.66381111034764,CW,2,0.11795790384490838,0.003888799177467932,341.0614281002485,0.11795790384490838,47.640861769814094,0.0025140435170395285,6.449083931672716,0.03651071763287293,55.31411255804785,0.0006680470332072928,50.256005855532955,0.10474760395789333,51.76524985238086,0.03651071763287293,827,2022-01-01T13:46:57.900000000
0.30008087063968697,-150.88759199040027,0.7150485710107445,-53.31637310305457,80.57415920484306,CCW,4,0.09046952750179489,0.0019747918471971883,186.54102628063364,0.03122244494904267,139.76513327806373,0.002265287127637736,85.18182127302944,0.09046952750179489,50.34907137725557,0.0020485583048143576,70.65687278913909,0.041517408931777904,9.134013924535628,0.09046952750179489,828,2022-01-01T13:47:57.890000000
0.22950274841726476,-115.640924938869,0.7408547877757198,-10.913562752901726,7.767919550228811,CCW,2,0.10841114547698019,0.0014282641794233818,266.81007770659755,0.10841114547698019,168.35309673776032,0.0016128731014918702,117.04328694794287,0.01879454671175818,82.21450549492208,0.0022453268418555932,34.43768288500972,0.03282808277283799,58.062225543903196,0.01879454671175818,829,2022-01-01T13:48:57.890000000
0.11689320824942406,-7.205960336655778,0.9744118915870893,-26.490722512829194,136.43595904770234,CCW,4,0.10303220260588522,0.0025140091468843113,312.35940455415357,0.011996055145909838,77.16753086701029,0.0014497204054575849,6.508120514335944,0.10303220260588522,53.23990734341503,0.005180272960439722,56.70932686303085,0.05839478677442621,30.709721597857584,0.10303220260588522,830,2022-01-01T13:49:57.900000000
0.03129458441554252,144.9431228697158,0.791705376024759,-75.04678301232398,10.184112984721743,CCW,4,0.0826120664846582,0.0005962998229816897,359.39907721076247,0.07810095449689541,111.95132296013925,0.0011907966184372416,69.48809027359468,0.0826120664846582,31.06606009427309,0.0023730816083403525,40.992847845394664,0.011196152840590671,6.650726000429169,0.0826120664846582,831,2022-01-01T13:50:57.890000000
0.05880388014404389,-153.63789781165383,0.6634859480444039,-15.17174364786706,-32.65044574922837,CW,2,0.12710287098541148,0.003124236971312003,37.619879399935655,0.12710287098541148,141.83248336429605,0.0027246660315311606,73.25095749152464,0.06515846062982003,3.9843613024481863,0.004065868597818909,2.894313810536721,0.09262987471779931,54.618720356950554,0.06515846062982003,832,2022-01-01T13:51:57.900000000
0.18458674410914344,173.33450240877482,0.7015605829172232,-28.37368399250778,-138.49495775303058,CW,2,0.12367193337478859,0.0030072916325677534,191.52651294277842,0.12367193337478859,147.4686611988805,0.0034213376433451397,117.88755811564651,0.007986493049542033,16.357124663886307,0.0023254839471351244,13.544622816134737,0.020182195386293844,56.847366006791866,0.007986493049542033,833,2022-01-01T13:52:57.900000000
0.049115998631453446,178.54335063900928,0.8901018088596586,-53.28986135945517,-103.78113851850071,CW,2,0.036134291239876534,0.004755145034418515,115.9874795283414,0.036134291239876534,129.7422456592372,0.001082936071284086,56.73175709226702,0.011583186440510766,31.231186812546028,0.00355758002457046,64.26424271358952,0.02651801762281573,33.30037267736514,0.011583186440510766,834,2022-01-01T13:53:57.894375000
0.12397395056457378,-134.64241217280698,0.78289671837182,-70.05956139418997,286.27219103195426,CCW,2,0.1025917337220789,0.0031202506164277727,76.99989865255344,0.1025917337220789,100.7510911272832,0.00423942846538647,82.04521037699217,0.03701299826142301,26.709951957686954,0.002759474864535541,17.906366910923285,0.009422705511396767,16.006700381153987,0.03701299826142301,835,2022-01-01T13:54:57.900000000
0.27797718658861703,164.3077691342213,0.6633381192779979,-46.47904266935805,-11.338307322728781,CW,2,0.09762477697095384,0.0018492672834283074,63.54470491460677,0.09762477697095384,131.02435865857592,0.004081432310416812,88.28702364066423,0.05288814128272417,69.12995710427978,0.0011250985425620688,8.12288118602262,0.07955487337505414,14.714807858225221,0.05288814128272417,836,2022-01-01T13:55:57.890000000
0.4872756928918683,-29.064992589425138,0.7319334990477174,36.38021126890055,313.9571753469881,CCW,4,0.15274908021943748,0.005298623073899123,198.0796695701161,0.07388087975709819,40.18854236244437,0.003248986292389171,92.34980478205175,0.15274908021943748,0.517533963930857,0.0031881061938156055,53.05630962545442,0.0170957621826122,26.776672042869166,0.15274908021943748,837,2022-01-01T13:56:57.890000000
0.10125462643968469,32.07212405588201,0.7241570862246204,-11.568562927828054,52.12941029054407,CCW,2,0.1334968940709231,0.000895972906912509,123.10890335170143,0.1334968940709231,152.34955521524068,0.0016991098643231494,81.36509070139124,0.07193340298354256,74.77998239475035,0.002053216102595539,70.14332708721007,0.017735494468664643,11.086458650995327,0.07193340298354256,838,2022-01-01T13:57:57.900000000
0.3162688256812916,176.7700148358404,0.745547551032841,-40.66284863704004,-25.37428998642703,CW,2,0.08674090488788888,0.0012312182840934075,177.94449551860075,0.08674090488788888,131.80968123121994,0.0017171427963963912,74.80992829555322,0.07985689530526932,87.94425143725688,0.0011586956281354323,41.61674211228325,0.05983201477520013,28.653516494142554,0.07985689530526932,839,2022-01-01T13:58:57.900000000
0.33317916972027484,129.8443378416718,0.7922688270929643,-65.49901836052629,-352.9994988106183,CW,6,0.03374327887295426,0.0017322744973052682,206.72266290129815,0.029087840054284678,90.85074107165765,0.0004388073352026131,50.66847172337861,0.022392650276540384,65.71870635317842,0.00034299328261977474,19.980054050066723,0.03374327887295426,8.538409690000142,0.022392650276540384,840,2022-01-01T13:59:57.900000000
0.1270440870758206,-121.35300819373498,0.7925175204143141,-42.28146070477919,236.55943778077477,CCW,2,0.06153398273402489,0.002270856423825247,247.171248209973,0.06153398273402489,140.80790606713228,0.002596753596888407,55.535399261638915,0.053779718545816785,31.48185438911154,0.0026867333527879436,61.828037790130956,0.04266619172738177,12.64629110644835,0.053779718545816785,841,2022-01-01T14:00:57.900000000
0.4397018632931372,-159.98572547920034,0.5406439070370735,-41.884888412247335,54.3683441274656,CCW,2,0.11997195644627999,0.002862441911013679,214.29513658318209,0.11997195644627999,144.1847366662837,0.0020272447100551107,77.00735163395517,0.08128849267772133,48.354995896632204,0.002511406389515524,52.84915709503848,0.045587477533558136,8.942865243176584,0.08128849267772133,842,2022-01-01T14:01:57.900000000
0.05348769824831336,32.16685410761487,0.6700621375516189,4.6460756608687745,-114.102463563697,CW,2,0.1033533233366706,0.004352486388881189,85.197941584198,0.1033533233366706,24.780250027352583,0.004722418137774047,75.4813170216509,0.10138724353029528,65.00007856248789,0.0018852474792664564,15.348154508880043,0.06825363331995447,49.40200933983277,0.10138724353029528,843,2022-01-01T14:02:57.894375000
0.21402162539927813,-156.7542597386455,0.817242997370577,-25.044163720033083,184.6557435408484,CCW,2,0.049053546119199105,0.0016597059600884103,8.666691680756472,0.049053546119199105,152.1385806051748,0.0014517977102901103,4.241055138473234,0.04247143247163117,79.76881579487568,0.0021929542151530833,33.09846777039946,0.033014826878343846,43.064228687334946,0.04247143247163117,844,2022-01-01T14:03:57.900000000
0.21812736277337516,-64.22668470081302,0.7761480664121515,10.315687556309086,304.0078148999057,CCW,2,0.06424383131904605,0.0013524810915555114,143.3488877386939,0.06424383131904605,16.154582971372662,0.0022566145818792654,14.015218523422044,0.05522855008533511,88.44723107382521,0.0018991580630263094,59.14423372216791,0.021183838625588806,24.01170063561767,0.05522855008533511,845,2022-01-01T14:04:57.900000000
0.28985355515238054,-144.34593283826268,0.6596456595105168,-30.964077916766286,210.88216115912863,CCW,2,0.14236527757018866,0.003146887330593552,64.60251306101586,0.14236527757018866,150.06892391184934,0.002666716367580279,36.16062874138067,0.06800703886455943,53.28230890733402,0.002165095330100352,60.51372684487639,0.027677479147056504,25.89350881454534,0.06800703886455943,846,2022-01-01T14:05:57.900000000
0.24226025202506746,125.65545740165054,0.8347648121504573,-54.16031880966554,-4.066193333843771,CW,2,0.07574731991771452,0.0017517747842893524,306.93325848300753,0.07574731991771452,118.0481490388817,0.0011067310908958437,71.58677259312302,0.050802172172351306,40.68794337709998,0.0015548416234835343,16.77135586535927,0.05794651530678959,8.91741095074196,0.050802172172351306,847,2022-01-01T14:06:57.900000000
0.3646828009055037,-157.15846359671406,0.5868167477295361,-38.929654451847824,194.51985495550366,CCW,2,0.17161783980689857,0.0009574765423488293,26.015526284688743,0.17161783980689857,136.3114230061399,0.002606994165252556,29.592247482558218,0.07559266079211373,56.81823913423352,0.0014986787232493884,0.9418483215723964,0.08214038305539238,19.103308680888105,0.07559266079211373,848,2022-01-01T14:07:57.890000000
0.26761257475408834,-175.0586644979443,0.639099473300974,-34.92859940438751,11.535078773164486,CCW,2,0.15158687511268473,0.0022276337731635654,64.945939234178,0.15158687511268473,149.06944044616029,0.0030318991753954254,36.72809909295341,0.039426891280470625,31.650730893572582,0.0043678018544642105,57.63680460688293,0.03524577365966545,2.605866319966202,0.039426891280470625,849,2022-01-01T14:08:57.900000000
0.535722796384058,-106.63459918852405,0.8778853885945934,-20.205167500161025,757.0388721260609,CCW,2,0.05162036827548322,0.0011932440674603001,280.8946024607991,0.05162036827548322,22.61373558920326,0.0009604332254254854,39.56390359287605,0.020370670094491717,56.956572407102826,0.0026075365714940315,62.47116196444529,0.007446602613184911,28.447594927637123,0.020370670094491717,850,2022-01-01T14:09:57.890000000
0.277394018996741,-152.01630690110235,0.8343563791385107,-46.41504053843971,182.84282907430497,CCW,4,0.09511884927362034,0.0008396046646978244,28.181704593430837,0.03172723456544784,88.04038713769853,0.0014281703582951894,15.45188891410945,0.09511884927362034,64.89573359237562,0.001971599931734957,30.637693888227286,0.0603444212133188,15.614837300950613,0.09511884927362034,851,2022-01-01T14:10:57.890000000
0.14330753695999834,62.98213819174584,0.7593423385376339,-13.247737736446311,-149.89946357876326,CW,2,0.17054769049322077,0.001262412328705177,287.8449187402812,0.17054769049322077,156.93014968989135,0.0047512770739921405,54.03009061284998,0.09066105110002264,59.28772531112823,0.00039555430000279285,70.56505500769073,0.045083632941166844,57.44168006689237,0.09066105110002264,852,2022-01-01T14:11:57.900000000
0.4198213725416561,-94.09102635685144,0.8706455548467531,30.450448088590747,575.9187921846275,CCW,2,0.11478703705377265,0.0012283565577771301,348.84670145312595,0.11478703705377265,29.233301153727627,0.0015658834112610234,31.553791760771503,0.0554212974129011,12.244318840519473,0.0015087797730213358,29.913057511663933,0.03881811038821104,20.889128888509294,0.0554212974129011,853,2022-01-01T14:12:57.900000000
0.1255164161534071,-121.81773700982818,0.8328993665340636,-59.68746198955961,156.2684858262367,CCW,2,0.08422448217219505,0.001192773994346576,86.56037964373819,0.08422448217219505,142.64937635808346,0.001347600879963044,22.053600875117674,0.036484938895697844,56.47750220484738,0.0006468176457013092,39.10626621297388,0.02660368232657863,36.34485688891701,0.036484938895697844,854,2022-01-01T14:13:57.900000000
0.20786565678507898,165.62258828227,0.761167076752989,-12.901587844818067,-56.28943292771576,CW,4,0.10301840062767911,0.0012763146536948107,67.49567202520701,0.029323802514069363,5.5446590923918535,0.001571663406626709,84.71373741629779,0.10301840062767911,80.88001725055258,0.0024430099223533863,24.796086977635568,0.02685400750019368,10.838448185259102,0.10301840062767911,855,2022-01-01T14:14:57.900000000
0.34765533661830406,150.6093206142604,0.7357051263639705,-18.048359013269845,-453.72059739510064,CW,4,0.10946484855952489,0.0023727900257966145,112.74682207142146,0.006838370770111425,156.32082627597723,0.001403673853547654,85.36281372711599,0.10946484855952489,66.74121787106567,0.001380349300808153,31.747953673544888,0.022895589328865016,48.44916467566688,0.10946484855952489,856,2022-01-01T14:15:57.900000000
0.44096182286935875,-104.61580274534832,0.676381118312719,-17.32667505275367,499.23556972497465,CCW,2,0.14825286940719248,0.0026207034656654574,274.5221392623306,0.14825286940719248,147.1291020788613,0.0019603887364745055,23.218499249407817,0.01827388044579501,45.46542839611159,0.0006965485358715547,62.80204729570268,0.07259178158598494,10.387250209463375,0.01827388044579501,857,2022-01-01T14:16:57.900000000
0.35091047681858456,-179.44893415509978,0.6604746000689736,-35.98551135607627,-3.2151868079900225,CW,2,0.08498071039339798,0.0012209347042800192,281.9560963417925,0.08498071039339798,150.63442820313253,0.001897554264285693,37.65793842422903,0.037950042654801154,45.92017859278739,0.0018684318513943869,6.937333030779057,0.05411982581838482,20.548075090849025,0.037950042654801154,858,2022-01-01T14:17:57.900000000
0.13795428194229725,-98.31138018796642,0.8205331793804742,6.0249621851525035,239.1314619151334,CCW,2,0.09372017844919776,0.002151039893809408,195.03223939271723,0.09372017844919776,3.780764097274208,0.0019064868978953108,101.67604703215724,0.07191875229252911,24.01631149496567,0.0012158148482496254,7.026466564635598,0.06959678699585477,30.36238074529611,0.07191875229252911,859,2022-01-01T14:18:57.900000000
0.13363112303536795,-175.21551652049246,0.6735194208987229,-27.4059972737941,-189.10509363958178,CW,2,0.1720677940111041,0.0012003039857290646,60.28213460458674,0.1720677940111041,144.58675697899594,0.0006745798429348122,20.930704165366233,0.01564307299245263,86.89678864061459,0.0022637809233374425,46.33031376202959,0.0159269554009886,56.73426719165767,0.01564307299245263,860,2022-01-01T14:19:57.890000000
0.1786419353404581,1.3660818497379132,0.7403775865294367,44.227435557663625,-161.56482167043163,CW,2,0.09413233624689998,0.0031115124293827974,57.62566675187009,0.09413233624689998,39.30721386018811,0.003124526071313946,43.89097074960386,0.09232873289420043,72.45041604990685,0.002205074980893471,71.63224864423532,0.040479619165835784,9.599242648845243,0.09232873289420043,861,2022-01-01T14:20:57.900000000
0.11146861141813656,93.09976338311859,0.8694399953257022,-5.9856403273678325,9.31293400757599,CCW,4,0.06492099236338143,0.002844096889471847,302.89592457283754,0.032109421990671516,144.13174280015267,0.002583884195374353,27.81028970676229,0.06492099236338143,20.837495008740778,0.0013246569372698822,43.5310391801482,0.0161673957684476,56.79522589082907,0.06492099236338143,862,2022-01-01T14:21:57.910000000
0.33122702694159667,-111.63007081406614,0.7859222520397275,-24.048607036064908,391.773838780817,CCW,2,0.09689054513762949,0.003413043847796914,308.79282899057444,0.09689054513762949,166.47577347810974,0.0005783288628834769,107.92104277699598,0.05044375889480792,69.2434258192403,0.002125750797814118,33.00825254478651,0.032911953113633034,46.74035581294595,0.05044375889480792,863,2022-01-01T14:22:57.900000000
0.22063805867760006,-158.00558720275248,0.6635672612908355,-20.847433534739082,78.55269663598149,CCW,2,0.12132449903773601,0.0012605570169798516,41.118954406780766,0.12132449903773601,157.2442589123373,0.000896931366455416,53.95745964070019,0.0010505823872962769,53.048871658550844,0.0019803725611368932,11.382625836488355,0.020154357384830787,33.99519768849605,0.0010505823872962769,864,2022-01-01T14:23:57.910000000
0.10747554296018258,54.33571382402334,0.7942495083943625,61.9605154749896,109.97626329379824,CCW,2,0.09288767587416727,0.002100888258560571,39.15515566295067,0.09288767587416727,65.0904558885595,0.002167669620193759,103.56485263004339,0.04477411704737066,20.513460582783658,0.004471451155897369,62.15984985313479,0.046095915725445386,35.65389482001788,0.04477411704737066,865,2022-01-01T14:24:57.900000000
0.33066730868354555,-110.0461421163772,0.766128630216551,-8.05737375455601,407.4182186364202,CCW,4,0.12061618386622891,0.0026791302893183298,266.36350369996035,0.10361715980469424,172.23082758936383,0.002057165837703227,35.68677034661386,0.12061618386622891,12.729775591841683,0.0013221430305427372,70.558938359306,0.036736298306387805,41.760516675147,0.12061618386622891,866,2022-01-01T14:25:57.900000000
0.18353870116365953,-171.1566227362886,0.682203752375202,-26.480902808633203,-5.2726037265541805,CW,2,0.1705207542411121,0.002581499842952757,133.3197406546582,0.1705207542411121,143.24772352108226,0.0012937498702468343,48.67716539252185,0.0171748644957523,10.439679099474361,0.0011037248275487658,12.979953179208076,0.025650212647159908,39.63489987119998,0.0171748644957523,867,2022-01-01T14:26:57.900000000
0.40865599809882447,65.16095183058776,0.977229938068909,-46.668322836225116,-284.5613622786497,CW,4,0.060132272953341274,0.0018519257397215869,20.414720186852264,0.01928561539419807,143.44563956249112,0.0010692530727573065,75.20021255404089,0.060132272953341274,51.529468805761645,0.0008360199340558893,50.02378399830166,0.05353124345842056,16.586397969339945,0.060132272953341274,868,2022-01-01T14:27:57.900000000
0.20522957366826788,160.3552652036764,0.7285957589883558,-32.78759838746362,-340.6187910821835,CW,2,0.13111369366617384,0.005627237897671097,72.16215796719212,0.13111369366617384,133.78015912936732,0.006081965627094011,114.93896760629607,0.04965200222733616,6.000759600356259,0.0025872470044420227,62.25716712991585,0.07207502417786688,59.623812065286884,0.04965200222733616,869,2022-01-01T14:28:57.910000000
0.254821101683931,162.88071391506912,0.611000928226728,-38.556740834256686,-282.1004712166909,CW,2,0.18077963267016978,0.0025258599134083876,128.17102193693339,0.18077963267016978,133.89107171795595,0.004025398491145682,27.82691725250254,0.0904918198523457,4.570249475649663,0.002858752098821022,23.98596454534874,0.06398847021496647,42.812570752043584,0.0904918198523457,870,2022-01-01T14:29:57.900000000
0.5599144451461424,137.21585310509698,0.46347388123787353,-19.76856860316505,-461.03950153169865,CW,2,0.2340000531490032,0.0010037098822967463,299.62199508523224,0.2340000531490032,154.86355266204612,0.0015934784531075506,42.81764885221533,0.05918739986849163,60.8473387381055,0.0009332027371088336,21.032399003376167,0.09113901730508699,52.640875498893585,0.05918739986849163,871,2022-01-01T14:30:57.910000000
0.2455496438315375,85.95361151021568,0.7680668624802724,7.889436712444763,-199.12759402391882,CW,4,0.12813485423324358,0.0024222672316410584,327.5171861691827,0.060705834053125136,25.2157191245292,0.0021987629270406772,10.669566886180629,0.12813485423324358,66.82143868270158,0.0015403792132493888,59.07035181046029,0.0628632026365314,37.31656043837537,0.12813485423324358,872,2022-01-01T14:31:57.910000000
0.12568141992091517,142.5633441788338,0.7678782041582214,1.4843903254495672,-176.39623023094921,CW,4,0.09139362103369335,0.0025008655408922877,53.39134024841483,0.08929830278692363,18.415895901392023,0.001341835457715533,43.78136453644994,0.09139362103369335,69.15355985729897,0.002297559055707154,61.273895481694474,0.08064350027299638,6.377630947736766,0.09139362103369335,873,2022-01-01T14:32:57.900000000
0.22376613043247365,-178.0956015909929,0.6536540141467292,-17.17528266715283,-167.55849520980206,CW,2,0.1530542878119979,0.0032499392793338337,93.5013802155727,0.1530542878119979,159.4742416075713,0.0015898982122927437,39.35921919822894,0.044476841913908945,14.227800367641647,0.0014969349849684578,27.790373393279435,0.025073486713819263,29.698943119787014,0.044476841913908945,874,2022-01-01T14:33:57.910000000
0.18314462806219142,-140.45683903245964,0.7912998594308173,-69.06292646723634,129.099217064173,CCW,2,0.09543251396857767,0.001841988188460169,142.54353093383733,0.09543251396857767,111.71074565270933,0.000611408835135209,113.82349367520757,0.017661657848107155,0.09369385711004169,0.0014748911539566435,39.23693318591142,0.01571557905954673,0.04649964558208722,0.017661657848107155,875,2022-01-01T14:34:57.900000000
0.17884546672183677,72.5104994746031,0.8447492851979473,83.49371799281175,-60.208680390651296,CW,2,0.05690904263977026,0.0013024777926812765,346.43283061481793,0.05690904263977026,78.47395511211454,0.0006434919302250275,108.1078908275826,0.0460806075469671,88.12813523180073,0.0006460355876492685,22.0691088329256,0.0261968306413541,0.9173249430560568,0.0460806075469671,876,2022-01-01T14:35:57.900000000
0.347038596888672,131.64733500354743,0.6281131168805926,-28.025230240733123,-311.836320466503,CW,2,0.13220871389847375,0.0013805397237249362,267.28183356959426,0.13220871389847375,145.31805060425313,0.0020174990361738736,87.0281757809287,0.02364712449028909,46.809816367795406,0.0025077414635263774,7.2435880810809055,0.007764937278948399,22.15566778012737,0.02364712449028909,877,2022-01-01T14:36:57.890000000
0.1824044654314779,-106.10352953763882,0.9110208754053291,-61.82636314067685,139.36430356689488,CCW,6,0.10426930772346052,0.0024632641836852603,308.12832003850895,0.08972752278644061,78.17876157870856,0.0035702404965464968,119.29761456716922,0.03223401807045139,53.95069941463548,0.0011300647192313926,46.617864014624146,0.10426930772346052,7.743122334117526,0.03223401807045139,878,2022-01-01T14:37:57.900000000
0.12101159667726738,18.092446982011673,0.7892341613066388,23.346498667099382,-96.21139050436341,CW,2,0.12058488994138213,0.001946753746840612,72.83157927207391,0.12058488994138213,14.74019092935692,0.0035875728135426445,100.2726108889371,0.04993404992836743,22.95822324409863,0.00057351892134815,58.28633289843702,0.032998755184476605,15.448882436401485,0.04993404992836743,879,2022-01-01T14:38:57.890000000
0.12460448568987462,138.48338497602552,0.8302166086986984,-15.229833128451418,-390.36550601922386,CW,2,0.07863385475452021,0.0016068561445275115,137.12126578162176,0.07863385475452021,178.88306357844743,0.0016605448414908736,54.55007367047441,0.028975188762837136,3.735846806953757,0.002433674169524199,61.30995769232433,0.0321312090441281,58.727952499594366,0.028975188762837136,880,2022-01-01T14:39:57.900000000
0.25257348576259403,158.54301490072186,0.5562997581480983,-20.353654344560198,-272.9675620298472,CW,2,0.15608089383519658,0.0023535441411313865,97.424606247075,0.15608089383519658,158.28770863517806,0.002095637436616298,75.25456229960062,0.07688409608901295,66.11393461186219,0.0024066087401190335,71.69539298218558,0.020148588502944917,44.38834144699693,0.07688409608901295,881,2022-01-01T14:40:57.900000000
0.29496138974305947,143.62164618635143,0.6599495980533852,-20.37250506359817,-377.9639455988704,CW,2,0.11749293049668846,0.0036458812307906437,128.0572481385563,0.11749293049668846,155.14345686442107,0.0026373481638214476,42.999154471137764,0.032592768179899215,61.34389769030044,0.0007925183692885383,42.811468757399425,0.04710891789844918,10.741020513150735,0.032592768179899215,882,2022-01-01T14:41:57.910000000
0.16306640799058136,-172.81770509802485,0.848176576751789,-54.77752611670185,93.04409735085392,CCW,4,0.05619087864980867,0.0007646680866559511,112.12675889073816,0.029779190657802466,139.98383360524775,0.0005710723049898394,31.65437830852555,0.05619087864980867,9.751422450234637,0.00122413624727903,11.439859339593548,0.05342776860243458,16.83766560607953,0.05619087864980867,883,2022-01-01T14:42:57.900000000
0.2627360270820878,129.8088915295387,0.719974722385684,-27.849394857574197,-247.09077684277395,CW,2,0.06933165436228485,0.0026625624381932007,36.726849285161485,0.06933165436228485,155.35806972758888,0.002684506049125606,42.675344363653636,0.05291108321686008,50.16926993413318,0.0017580463536284695,28.0500234514151,0.03524960661515169,48.27693109595,0.05291108321686008,884,2022-01-01T14:43:57.900000000
0.378721666132116,154.7779181390782,0.6284160275254534,-50.945966755783616,-85.5320855495944,CW,2,0.12283865400282444,0.000584469788409543,344.5430381577205,0.12283865400282444,131.161650267355,0.0022321509535348488,52.978256112304855,0.05121819895747711,59.52019487187471,0.0014652932600619634,65.88184084058534,0.025178837130035426,1.7171173275904899,0.05121819895747711,885,2022-01-01T14:44:57.900000000
0.5095531021530787,-131.04757410067145,0.7394734222574639,-53.45930588381262,580.8512153475917,CCW,2,0.05030543615444057,0.003908643965662059,112.64388721137603,0.05030543615444057,115.24858772538757,0.0020278189955870887,84.6938679396468,0.015493777088738158,73.51404394143626,0.0013904870107653163,57.318311317109114,0.03254752350642241,46.10403883976105,0.015493777088738158,886,2022-01-01T14:45:57.910000000
0.46809434098387515,141.79915256175505,0.5038211357935108,-37.28254285177232,-379.793325134611,CW,2,0.23574550559125113,0.0029512024911489522,211.14740207150294,0.23574550559125113,141.37291320856696,0.0020006233628634676,7.4191083750900795,0.11607163652002202,35.61492080724131,0.0011389220244265145,10.212960705297386,0.0856352415451171,10.833244656099044,0.11607163652002202,887,2022-01-01T14:46:57.910000000
0.24862906975636823,177.2814830298913,0.7215608890921417,-31.516393592048246,244.66258359226168,CCW,2,0.11354055409749901,0.0023538853584192864,224.70052447963886,0.11354055409749901,146.46304480592514,0.00245483968452272,105.84198993507344,0.03085774233242161,59.70530348046121,0.0012476079841311097,71.3173236228676,0.01009628985100759,19.860721677598754,0.03085774233242161,888,2022-01-01T14:47:57.910000000
0.1832493959898751,-87.80340423136136,0.8656765267896769,10.67791033864492,232.26624812666574,CCW,4,0.07282410632224551,0.002551998473266216,86.88059764012226,0.07207136780246008,12.122061715677557,0.0025138275532917247,45.93100988907996,0.07282410632224551,36.270433128126655,0.0026286860342537174,48.118993589515455,0.026257035417444795,24.528417325774512,0.07282410632224551,889,2022-01-01T14:48:57.900000000
0.08379644118473413,12.698429083009373,0.9149962933964612,40.69512348751201,20.09747202276786,CCW,6,0.1223260164752026,0.004955258996155368,321.11681354889697,0.04109239378631045,46.30005490500248,0.003599386786915389,74.80766538410323,0.05332922259900146,79.67961501904672,0.001307777525699889,47.69301137214977,0.1223260164752026,6.191920710476078,0.05332922259900146,890,2022-01-01T14:49:57.894375000
0.2795075186504208,61.93423230581675,0.9377436640945176,-5.570455488952291,-337.39624358598405,CW,2,0.09023433363730943,0.0014413287686813891,328.6639595744081,0.09023433363730943,152.3154553792767,0.004214388149476218,12.727218693855745,0.04611974892423786,62.203106668724374,0.0021552323234965602,48.34388665551799,0.008313157949065649,33.112993469273206,0.04611974892423786,891,2022-01-01T14:50:57.900000000
0.3432981608422762,-151.6037871781385,0.739278861219878,-49.28126584525975,257.9968851916074,CCW,2,0.09640452416878338,0.0011064367632020488,57.564608727046796,0.09640452416878338,134.52808311859894,0.0007258988811728711,73.11007754279089,0.03631437650272553,15.279551262590328,0.0017170385498482777,41.24726895071973,0.023009973639338748,43.11799715192425,0.03631437650272553,892,2022-01-01T14:51:57.910000000
0.34908106527904964,139.47069717812894,0.7143143547336966,-29.979145961605667,-195.09256538446687,CW,2,0.12711783641728705,0.0050210281796089,275.0162840802342,0.12711783641728705,157.31593856164588,0.001448464153183268,51.266617687691294,0.06933534842787513,40.676158139836204,0.0024921226945236402,62.6296985971161,0.02320481038357536,31.339722160798964,0.06933534842787513,893,2022-01-01T14:52:57.910000000
0.4910108545354964,140.08747028484095,0.7616302604745169,-56.05367231900502,-384.95854839484946,CW,2,0.07280112200341991,0.001668228171232956,257.6533319114453,0.07280112200341991,100.00837380280792,0.0008842698424076578,29.698508411882273,0.011045566401578433,35.00769109770193,0.002218903661521804,68.51150014992703,0.06766226958268268,49.19927406533196,0.011045566401578433,894,2022-01-01T14:53:57.910000000
0.10430381934873083,150.62873622828806,0.9186825734474601,-81.23559905924208,-87.43396917322643,CW,4,0.13536660499311604,0.0011334248232740742,192.3884380456256,0.0326792913709585,64.56820316290933,0.002040035806712721,53.15635550171758,0.13536660499311604,59.63982967621341,0.001988157709052593,51.46868630853339,0.039063859358628425,7.576747848599498,0.13536660499311604,895,2022-01-01T14:54:57.910000000
0.07403544320068467,-55.6755191279427,0.8816733172830366,63.21565905487986,-198.62221830937483,CW,2,0.05447792226532866,0.0035210559087375864,211.01521881313633,0.05447792226532866,21.896229812517568,0.0022522459197822026,100.88164766052193,0.028298874489066556,74.61496391335733,0.0010329175342481804,63.92828992320795,0.036162035924941306,56.43897016146691,0.028298874489066556,896,2022-01-01T14:55:57.910000000
0.13604986378081999,83.49224829757836,0.7232390050332667,-16.000714384622228,-63.77166420564342,CW,2,0.1433119216845178,0.0010396329163940943,37.291826111156944,0.1433119216845178,142.7048906987805,0.0026160652529481263,35.436212240730335,0.023106720181433543,65.13123536233826,0.0023763035638239513,1.1423668146070027,0.04683116490456627,49.639637040308436,0.023106720181433543,897,2022-01-01T14:56:57.910000000
0.19990301174184305,96.10424399744728,0.8190393490309699,-44.46577897557546,-427.9774879335383,CW,2,0.10971259451080508,0.0005706160254203119,245.67901338915078,0.10971259451080508,143.17997475622593,0.0008012425893520326,63.57139705253597,0.022187370135878414,77.6340980730261,0.002226168603459734,69.67747259830001,0.01004492964199137,48.6801272991083,0.022187370135878414,898,2022-01-01T14:57:57.910000000
0.08923219875933479,-26.82539268198248,0.553359023959503,10.789709310133418,-240.68507461436053,CW,2,0.18770107792980398,0.0011997047766905177,195.01714816394116,0.18770107792980398,19.592584160485078,0.0022290452364893726,98.39819007538958,0.03442642598534157,22.392917837835626,0.0014047701032613672,30.503174449517875,0.04648496055526622,22.018471176645438,0.03442642598534157,899,2022-01-01T14:58:57.900000000
0.02564996398519075,-85.17217062874197,0.9248780876986311,5.853174558381369,-110.46515386685024,CW,4,0.06936647653162228,0.002520603609370316,233.5932767289213,0.03362451829821088,100.06951640371592,0.0013386871150666247,18.20708317263019,0.06936647653162228,24.078825683936337,0.0032770600694378,37.221723931361005,0.05343672067226031,19.667347064905442,0.06936647653162228,900,2022-01-01T14:59:57.910000000
0.22747191433661562,-89.71341344205877,0.9309481319734837,-46.47937112456353,142.78708244145162,CCW,2,0.08681591858689647,0.004010987906540269,213.3468893589189,0.08681591858689647,136.536224579462,0.0003696356120971374,97.91043352418528,0.057921405855350744,60.255870033280324,0.00030512158728372474,4.957356394151634,0.04676304926044554,20.23868962302939,0.057921405855350744,901,2022-01-01T15:00:57.900000000
0.6015920990908801,123.22995972553292,0.8075424280060378,-62.736187725790984,-456.43618142952096,CW,4,0.13702203354848458,0.001983622718930345,20.13271935856325,0.12337063935359313,87.64063314617944,0.005628238676863978,48.978668283222405,0.13702203354848458,73.25925932564496,0.006902611670425877,60.402326327253995,0.07727239038030523,16.075322830550224,0.13702203354848458,902,2022-01-01T15:01:57.900000000
0.32489956865150016,96.91194384395418,0.8577812830299735,3.567758849267477,-487.81360028407215,CW,2,0.07007327771508186,0.0010705432868773905,54.43265210379326,0.07007327771508186,15.868439508642368,0.001108702317415632,103.16875830152203,0.043248181447615365,10.901594261666968,0.002415627891291609,1.9576036439878228,0.020763702085775118,22.05111223353441,0.043248181447615365,903,2022-01-01T15:02:57.910000000
0.08133492035676414,-28.84272518886921,0.6788532817864404,-1.49267339861251,350.6692891919505,CCW,2,0.08755654053594933,0.004728937869318453,292.1940686482018,0.08755654053594933,1.5308006088659283,0.00348848529592282,41.24480607336315,0.06043042979122248,7.285796446658856,0.004081835347378989,1.029728686231724,0.033593221112863114,25.579756336145817,0.06043042979122248,904,2022-01-01T15:03:57.910000000
0.05803798984260681,-31.47597553116939,0.9643769240790375,73.58434474575421,72.57075176179357,CCW,6,0.0595142409492696,0.002661963114547577,285.4592318036682,0.049487510915497954,123.86345227864412,0.002183210175484913,51.87011277068521,0.033936058993257974,4.373645343410859,0.0036670606629310614,10.764505779771234,0.0595142409492696,49.85851363220335,0.033936058993257974,905,2022-01-01T15:04:57.910000000
0.22150863311168761,107.96719904770978,0.7191188777124744,-8.193337953657107,-241.51104507485087,CW,2,0.1316384500611933,0.0019045411114037346,77.32957731118907,0.1316384500611933,163.10094981995314,0.0020888181651451693,35.02875552595552,0.0224288719333074,27.276999406284546,0.0006805258339004751,54.21674770321885,0.04835105692056019,31.923685779456758,0.0224288719333074,906,2022-01-01T15:05:57.900000000
0.18742325568653703,-91.07424058797928,0.791505409061875,-6.375030530050481,266.73833341706296,CCW,4,0.05962218034669267,0.002515115284365543,72.7668712445252,0.05049586015008369,165.58599409118074,0.002068630171896644,106.60733658379422,0.05962218034669267,46.79857118195818,0.0010907742682633172,61.00449332906724,0.017584505352966424,25.59147774269809,0.05962218034669267,907,2022-01-01T15:06:57.910000000
0.2474927236850931,-71.48817774673138,0.8534761340222959,74.42351450740011,370.763439542626,CCW,4,0.08433226129093588,0.0018090565163080294,135.50875610297877,0.014486489305011572,116.92978276684948,0.0003633500007964977,77.14759924956869,0.08433226129093588,75.3505821709013,0.0012479341284673388,65.08489283540224,0.0650280996337824,43.175679223662755,0.08433226129093588,908,2022-01-01T15:07:57.900000000
0.47911389790565884,67.79630816044669,0.7602743418168699,60.72703539095917,-486.1520950791862,CW,2,0.0817360829179162,0.0016719286448361908,217.22203177677844,0.0817360829179162,30.944375088846645,0.003624076391637269,74.12687487758868,0.05175223872922637,4.195207743618885,0.004971284941586257,42.714605883084104,0.026370789031590486,3.319227205563432,0.05175223872922637,909,2022-01-01T15:08:57.900000000
0.25785145725420794,-173.1403191998491,0.7468670905898509,-66.38823015756269,-42.068924177742254,CW,4,0.10912169232097828,0.0021898605355699626,293.51242520606735,0.09904248758929846,109.21660843715239,0.0025707881311820896,9.506331778450456,0.10912169232097828,5.732504183826627,0.0013722116885932826,17.94709850181845,0.022926954774453306,53.443551511268055,0.10912169232097828,910,2022-01-01T15:09:57.900000000
0.1872965483821866,144.93041489042088,0.8514685503060816,-15.785641475567303,-103.20598420434516,CW,4,0.05713545707075815,0.001263335117813871,171.3552470921242,0.05660317400273013,2.8262302131833086,0.0012139630990316138,31.795220352300092,0.05713545707075815,23.06909509723785,0.0011370022253958218,30.293851038346144,0.022167690708752855,20.043061850479663,0.05713545707075815,911,2022-01-01T15:10:57.900000000
0.27555938127886737,71.42702832263281,0.841060027295746,-20.772927360925507,-353.88530311898387,CW,2,0.08545231922181115,0.0015103404650970587,165.55394139741506,0.08545231922181115,124.72623187670618,0.0031096032883250043,68.07714033790984,0.05482195222601715,59.60868141391822,0.0018948689792711187,10.427461009748823,0.04957767856546051,9.837140861002812,0.05482195222601715,912,2022-01-01T15:11:57.910000000
0.2889723640373866,131.52503922276478,0.7352540892344211,-54.79895665226495,-525.3243268497936,CW,2,0.10466145695071785,0.0007705859952366228,45.487006604180614,0.10466145695071785,122.76644059124757,0.002194647897508682,101.100848274405,0.04461261264237495,62.34349201215974,0.005487894442299125,10.949013551751271,0.009588877314854293,16.61353841043519,0.04461261264237495,913,2022-01-01T15:12:57.910000000
0.22059936716200268,-126.38691931789337,0.7195784358369022,-26.043047958080393,144.5352364330997,CCW,2,0.10908212179634655,0.0006632685119295934,319.0241644012867,0.10908212179634655,149.22506614018496,0.0011913391859987629,10.434562476589278,0.04820069280944231,54.461881735646905,0.001851366648122785,20.543479381181115,0.05459234228698452,31.414382830386536,0.04820069280944231,914,2022-01-01T15:13:57.910000000
0.1778633280672463,-130.5743798229915,0.8512871469317649,-28.80504688296915,189.37376982246462,CCW,4,0.07594253265861232,0.001279623651899003,180.31968824045217,0.03681795535476168,137.54878420546473,0.0032943998579465956,83.73920256799305,0.07594253265861232,10.532068811673815,0.003814391820678096,14.089123821101056,0.03387730809422081,12.68546202844458,0.07594253265861232,915,2022-01-01T15:14:57.910000000
0.22240797774010806,2.022455767256117,0.5535995439891134,11.819165786991817,-94.59804222816246,CW,2,0.21511240353763803,0.0019104640254426172,41.6803861051203,0.21511240353763803,8.631749772015363,0.0005915247209023015,91.84151992668788,0.0746446192907332,22.78146566221729,0.0035603119722902904,20.525330945197133,0.07143477982745554,11.053426329521194,0.0746446192907332,916,2022-01-01T15:15:57.910000000
0.08297280581952857,-166.42702802530346,0.9133697073328437,11.604294485471513,-176.79471503685056,CW,6,0.1060874047084522,0.0031168023776698313,138.26853204762838,0.08172453405269522,20.54789685787153,0.001257279161239503,15.926642896837272,0.05150926250869221,38.72701094561645,0.00159071896575696,43.10863872750989,0.1060874047084522,44.21408437352938,0.05150926250869221,917,2022-01-01T15:16:57.910000000
0.20290620302626908,56.29844785686245,0.7298113797130609,-4.625464231417482,-80.65485766619236,CW,2,0.10448672897291507,0.0006227340966698989,111.14679580145628,0.10448672897291507,178.52249475033054,0.0022106200267633263,90.33634722352633,0.07171413140775222,53.87064682597521,0.0010514003616652113,5.996629182724892,0.09437463937881331,29.258595698668156,0.07171413140775222,918,2022-01-01T15:17:57.900000000
0.12238647210140909,-127.6952657720989,0.7022833463926261,-14.448897361593083,230.6367606818431,CCW,2,0.09325837140282901,0.0028736064633937677,195.17255480605814,0.09325837140282901,159.24279261538751,0.0008702884348936007,110.13518708776999,0.012420300598055467,55.5157837946639,0.0029917046749911,16.63907218012507,0.010443022738854855,34.490444570192494,0.012420300598055467,919,2022-01-01T15:18:57.910000000
0.3210147968139185,168.57589476285963,0.6630962604471611,-33.677615754743925,116.08394345827473,CCW,2,0.14734661639764257,0.0011233702455482266,217.80800132351698,0.14734661639764257,135.16613280294223,0.0022012123526650817,100.25515638731338,0.04513015247042512,63.84136109618441,0.002852665972162776,36.772799887805775,0.016147155182318747,33.047909203546794,0.04513015247042512,920,2022-01-01T15:19:57.910000000
0.20252316705821205,100.12934135366064,0.8927081080423156,23.174453389435172,-326.4252101648426,CW,4,0.10067434643951269,0.0016900562823343168,39.01466113881862,0.04375880487544524,49.74588895116591,0.001554595090817645,72.10056746114064,0.10067434643951269,20.844679985092593,0.0030209804330219906,27.842907473255018,0.060790585232767605,35.19091022701792,0.10067434643951269,921,2022-01-01T15:20:57.900000000
0.21588494165354186,-130.41236673445368,0.6768964811244982,-22.91410006664617,276.0809395820776,CCW,2,0.0905491091310635,0.0015557708876324135,31.215088005050113,0.0905491091310635,162.63309970641208,0.001173357901920589,66.90700420883466,0.08963911331244909,49.50175041232629,0.0011239729229175568,21.51307405376165,0.07751237775033837,34.19711005740807,0.08963911331244909,922,2022-01-01T15:21:57.900000000
0.15801294460650353,98.75344467163363,0.8416919859745519,-89.69017844364859,-306.3607162569254,CW,2,0.05022729366641206,0.002621971444667436,19.091384775632203,0.05022729366641206,65.76859973986417,0.0009420620729565443,94.32054930806913,0.016662012353562523,66.21402509228608,0.0007231623353683779,61.002292379648914,0.026228153187156968,18.514337065715903,0.016662012353562523,923,2022-01-01T15:22:57.900000000
0.520315261593911,138.05135871005774,0.5774827476449804,-49.48237647055896,-338.66456542506296,CW,2,0.132364278603217,0.001900021567938869,219.2557762837784,0.132364278603217,127.14679819362499,0.0007891351327075262,79.5281644175478,0.06610230755505848,46.700168471498166,0.0009212967187872325,12.147461376408097,0.04664901561817002,3.340495506657694,0.06610230755505848,924,2022-01-01T15:23:57.900000000
0.5009990389646499,131.6480181076837,0.6947595082810158,-56.86880721918578,-520.4340557171549,CW,2,0.10211536422605472,0.0010775537511103412,111.02771844187943,0.10211536422605472,102.51482216869648,0.0006456510137670961,52.600650551454166,0.06180785771290976,59.29046563264223,0.0036399482259743816,54.27156196722156,0.020596501664003605,46.71299529326742,0.06180785771290976,925,2022-01-01T15:24:57.900000000
0.46147423162081197,-152.3763400949549,0.6033575848040793,-19.339709885145595,316.98213793824533,CCW,2,0.11305934820805988,0.003478477986722033,225.35885063064828,0.11305934820805988,169.8677919012608,0.0015121638418870746,9.80114370174098,0.02393968072524601,82.16464836324067,0.0022190004478584505,21.683179232601116,0.032271109272001025,1.6244428767669132,0.02393968072524601,926,2022-01-01T15:25:57.900000000
0.4807331271901923,163.87343747460577,0.47306145066816735,-33.46635935045083,45.235062346177365,CCW,2,0.21964439973945946,0.002475923516983572,164.04532753317565,0.21964439973945946,152.54151685307448,0.0005075884551706412,76.39432102071567,0.02073890101320643,57.36267497465067,0.002210208569092613,38.133786875029,0.10614394500588956,14.441021067638413,0.02073890101320643,927,2022-01-01T15:26:57.900000000
0.10273845512376761,36.44492228420775,0.7450424810829148,-1.671107935532632,-267.4599522970911,CW,4,0.08940672020971772,0.002668628887231045,192.06212265775633,0.08102889175765277,177.52745700767144,0.00306492696236956,36.74557795985573,0.08940672020971772,53.82348725062232,0.0019303317415790065,39.036625009569825,0.036041562413884065,41.83810702177435,0.08940672020971772,928,2022-01-01T15:27:57.900000000
0.08592354016614727,-105.09185659128171,0.870300570509698,-46.2533731398527,256.89704583080766,CCW,2,0.11303377048120082,0.004004419260065393,111.84004773691214,0.11303377048120082,122.89279747497108,0.0012750475933991903,52.17531157662233,0.048584524812109425,40.07714978488636,0.0022988531974247827,22.973136985693383,0.06748565065220521,33.53275541437429,0.048584524812109425,929,2022-01-01T15:28:57.900000000
0.15860235229414782,-157.60790202547528,0.7020597375081169,-10.739741969176833,-31.680996525311905,CW,2,0.10817111432482976,0.001619790554896875,256.14124783773286,0.10817111432482976,175.4003219397263,0.002988114717137327,64.96217058854036,0.032658399353267975,20.00267001904864,0.0006615626156415166,10.434606891757749,0.005836110360313051,28.58799099150317,0.032658399353267975,930,2022-01-01T15:29:57.900000000
0.20572503660308636,5.706497761059174,0.919127757937211,21.925530120345684,160.40579068534853,CCW,4,0.08296938711202978,0.002597782082037339,297.5908882111671,0.06350385019462221,138.43449574616005,0.001122071851697851,0.116186846496216,0.08296938711202978,45.150796096582276,0.0006584754420817082,36.34677974163825,0.010530652861117607,28.235627410362856,0.08296938711202978,931,2022-01-01T15:30:57.900000000
0.08060320817382452,-171.53299417844366,0.741623721902829,-20.89591395693637,95.597900935127,CCW,6,0.04969941947589616,0.002548260337672311,341.48344418560646,0.04544582255000304,153.82131966033396,0.002853318451781564,48.03965898376068,0.018463492913485875,74.94108205156478,0.0028117193908061226,1.742228184816852,0.04969941947589616,20.456424591619516,0.018463492913485875,932,2022-01-01T15:31:57.910000000
0.20319435355226784,162.06649268708063,0.6183490320223565,-21.606337116460907,-233.92847881803817,CW,2,0.18391584035647746,0.0018048324361058087,52.474433233777354,0.18391584035647746,156.25748528227186,0.0006516075388092003,39.712731423087185,0.030293131247813004,50.123601559855864,0.0012994115083442856,63.89593044732525,0.0024068340115628675,21.237170462971747,0.030293131247813004,933,2022-01-01T15:32:57.920000000
0.19571393150512997,7.331923425617948,0.7139086757940712,4.71370825700501,-26.24095345074899,CW,4,0.13549617967828437,0.003090793712906203,58.33909817534209,0.11536762901231491,2.118747538144478,0.00359866962669366,98.86001674688241,0.13549617967828437,71.05210512735101,0.003451688336740314,38.87972707088088,0.045477380795288895,36.606640255984885,0.13549617967828437,934,2022-01-01T15:33:57.910000000
0.3419794466712931,-131.52962288436493,0.7749782221972097,-28.59195438704691,413.01084497867623,CCW,2,0.07542830359331917,0.00557147949052197,43.56324445333408,0.07542830359331917,164.409646950695,0.0033678159276047037,56.93304174185918,0.020363790363244018,19.668616183482552,0.0024082675197424747,60.66700027627154,0.003116081476911062,1.4741285520543772,0.020363790363244018,935,2022-01-01T15:34:57.910000000
0.28028902708154624,-134.53748043270747,0.7173696570404893,-2.905098442291461,169.08303023560453,CCW,2,0.12811212947620212,0.002537632221284147,74.5695809107301,0.12811212947620212,11.325401957185743,0.0023370598424249465,60.587996361653644,0.03456570939781431,0.6792366950658139,0.0018047714781381985,0.7282857325193755,0.03244950121653067,4.922949525539192,0.03456570939781431,936,2022-01-01T15:35:57.910000000
0.6537993908469615,-173.96251922069786,0.3614206111790984,-49.063022883769634,22.093593278712376,CCW,2,0.26103284498315166,0.004316483494423345,338.7021955156011,0.26103284498315166,129.38402337591762,0.0027469302682918005,58.48379687477814,0.0998079957770444,48.74379865144708,0.004665635487617564,21.46659219001603,0.07584690123132543,20.95672181759115,0.0998079957770444,937,2022-01-01T15:36:57.910000000
0.2337829973921054,-128.06527097121008,0.7578407064318257,-16.647591156868117,157.53101936189412,CCW,2,0.13232155466429774,0.0018090125053776298,149.34721690603314,0.13232155466429774,3.3347836998733706,0.003623883895740294,7.570804387781752,0.056267327544597234,34.31006317585667,0.002197327532065558,70.24477212219776,0.03132326135929951,13.715714898579487,0.056267327544597234,938,2022-01-01T15:37:57.910000000
0.16292732115686867,98.99419814921644,0.7688841501720103,-70.56361636083672,-331.84931670855497,CW,2,0.059427048232562625,0.001308900085311379,277.9535215689226,0.059427048232562625,121.99131685253457,0.002556084261096043,68.07701025583893,0.05410950789752628,18.046635324226596,0.005605580770407028,20.60485871538279,0.05558005360183726,1.476030599089557,0.05410950789752628,939,2022-01-01T15:38:57.910000000
0.2786246152864157,-108.01494610903679,0.6042931044666233,-86.7218873668213,354.4977887403255,CCW,2,0.10384643674895717,0.0012775627092034125,356.09303335481695,0.10384643674895717,95.4261716158567,0.0060353981128074136,57.916314197186075,0.0724174108952686,84.24681910407776,0.00409963121437621,25.130506368294885,0.04813781565572551,39.610151676578425,0.0724174108952686,940,2022-01-01T15:39:57.900000000
0.09167361854089727,71.5652275102512,0.6505874175997127,-4.676726573483762,22.007943318341432,CCW,2,0.10535612490234718,0.0012725295301520797,286.3701520023979,0.10535612490234718,175.02426727281852,0.0032300259350562864,14.741938867732344,0.05654339081483515,82.34218821935701,0.0009807708206065462,53.62777161651123,0.053901109793228916,42.92256429828056,0.05654339081483515,941,2022-01-01T15:40:57.910000000
0.20344077431678742,88.57108258400298,0.6278817046817142,12.22309951362513,-377.20616201149016,CW,2,0.13859692075847177,0.002794135925695014,169.82034977403868,0.13859692075847177,17.38137067307495,0.00146240546559147,56.00535050135311,0.06911731078525031,26.93917229275325,0.002459114770489257,33.614494726398924,0.015386880242682836,49.515177017531634,0.06911731078525031,942,2022-01-01T15:41:57.920000000
0.22426123813392018,-121.32937353893331,0.7125890542626255,-78.41335244960298,506.319773145848,CCW,2,0.1212439977635641,0.0032079085389666922,151.2471839287737,0.1212439977635641,101.54201310514382,0.002930923508122243,77.59908945640305,0.022484575710531703,16.953451932726207,0.002591968951454496,49.86678195665792,0.019958445730300627,16.232004722980474,0.022484575710531703,943,2022-01-01T15:42:57.920000000
0.1627355484308597,149.90125579093694,0.7909255399978345,-58.12407034020774,-304.7986638070065,CW,4,0.06327055842569115,0.0003387710144053357,296.9919003198177,0.039341652491835605,139.68912733875717,0.0012231348475285832,42.79182917148653,0.06327055842569115,62.89473958179633,0.001701783385633131,10.471077876856862,0.025217938839406047,8.240224317190185,0.06327055842569115,944,2022-01-01T15:43:57.910000000
0.2572324538231239,161.30902260505334,0.8123064149272764,-39.10379728446125,-190.26037007307374,CW,6,0.04055357153508941,0.0012571884360740996,194.23736804377873,0.029767887486334476,126.63123491049157,0.0030051067465251447,66.81745866488478,0.039771213118783316,80.7308735989098,0.003009763983403518,47.36713129594136,0.04055357153508941,57.418007975501894,0.039771213118783316,945,2022-01-01T15:44:57.904375000
0.11609110349293014,-122.86564885928617,0.7359045557428441,-46.720821739520346,303.3930585303514,CCW,2,0.10939095262557272,0.0022996903194072086,167.1288712797111,0.10939095262557272,139.5724520556654,0.0005117308913743918,36.4474130563972,0.0222939744982462,63.807470453159254,0.002130225349768981,48.53928641729284,0.04312751031239076,33.425248478959446,0.0222939744982462,946,2022-01-01T15:45:57.900000000
0.21267176791925627,147.56231568416572,0.7922220067876563,-68.29183816656402,-244.3260680578288,CW,2,0.06158931271344921,0.006092011732932567,186.68723134381122,0.06158931271344921,111.82769630930937,0.0011781677832807713,0.7584637668616335,0.02399848248013568,15.078327507850645,0.0035073778920853686,2.0260567341598312,0.009728396992935557,27.925871348676715,0.02399848248013568,947,2022-01-01T15:46:57.910000000
0.36932002844527506,116.54473376007017,0.799613517323449,-27.789050157478442,-686.4625752804976,CW,2,0.07640532277019414,0.002778625719902566,157.679985370946,0.07640532277019414,156.2376817191054,0.0009059336464482268,22.561017641873118,0.02438463916665305,79.46065494410234,0.002763529644238544,13.185601309810172,0.022792214750154843,35.016881532115775,0.02438463916665305,948,2022-01-01T15:47:57.910000000
0.1927489275856823,179.86233012011485,0.6876317351996397,-21.014220655478795,-7.487018763577311,CW,2,0.11121651717900786,0.001936175500197351,289.14975112562024,0.11121651717900786,152.81359643630066,0.00041109021301618566,56.17776191917529,0.0336436287493892,45.7800611356437,0.003864255464381603,61.213367049966855,0.03867642071140124,25.0298321224304,0.0336436287493892,949,2022-01-01T15:48:57.910000000
0.3489310665479504,-178.7178773936557,0.7929002332770728,-58.784623071697254,83.84497518144315,CCW,4,0.09114727518214415,0.0011136935706397668,352.01728651743673,0.024254667347128375,54.08192721662627,0.0011283999251215028,22.124216073332057,0.09114727518214415,5.807318705975932,0.0025688236167951566,11.82991962991198,0.0812473648003767,47.596766491484935,0.09114727518214415,950,2022-01-01T15:49:57.910000000
0.37104581729246794,161.01057613726334,0.6327338224662795,-24.572665860147737,-126.82875170595857,CW,4,0.09552528755710894,0.002812695840624196,226.0285798422734,0.0844015925103765,161.0480241296842,0.0016336520497662083,31.087313065015802,0.09552528755710894,77.48883034560828,0.00047718122731494836,18.20483100872536,0.031002134447235697,23.234302008478597,0.09552528755710894,951,2022-01-01T15:50:57.900000000
0.13896474017093494,147.00366521405903,0.8215613003170021,-31.895858150256373,113.8937282070926,CCW,2,0.10511337034305315,0.0014957096182688842,333.98400533738334,0.10511337034305315,155.28311719041915,0.0009840579552302937,61.91049496787165,0.03853968663870614,44.73528871950252,0.001138857481091766,52.01181741568897,0.00700171401153549,32.24800495184951,0.03853968663870614,952,2022-01-01T15:51:57.910000000
0.4888054312532861,73.06715422841981,0.673954258496445,-85.43393226330275,-644.1811715065693,CW,2,0.08510488644035558,0.005263222709013651,170.33383842145372,0.08510488644035558,115.00486298114626,0.0011247381097008585,57.99713180878793,0.036475085975616425,28.69201695395351,0.001729050526928935,40.92163248278225,0.015405360790998357,1.3000513664961595,0.036475085975616425,953,2022-01-01T15:52:57.920000000
0.35696568677376034,118.86334683884755,0.612766559058119,-11.130360268909271,-358.85499635033875,CW,2,0.11670601055462637,0.0008749444134103188,51.15581188379072,0.11670601055462637,172.82107133939587,0.002126630127328505,45.88991074542776,0.051977201604021105,74.57971009149531,0.001037015448961553,40.20546237297434,0.0127212085920611,53.161672773210014,0.051977201604021105,954,2022-01-01T15:53:57.910000000
0.2300116826275617,156.97246061519473,0.7849207437425928,-45.92885592561086,6.773242332438656,CCW,4,0.09459143404366949,0.0013652894432123186,353.7797312901912,0.044717375859413065,160.69277709524863,0.0028087846611751536,107.0237458497628,0.09459143404366949,21.183311838545592,0.0016546239212115487,18.94271538661284,0.049270193087450245,9.252828932220368,0.09459143404366949,955,2022-01-01T15:54:57.910000000
0.3843564948189504,-143.10349329960397,0.7197688564391566,-34.61224984015638,299.3875214422154,CCW,2,0.10778172185652588,0.004167664181107713,198.18064498817995,0.10778172185652588,144.729940509883,0.0032885350057191482,50.8781945107828,0.10432318350924187,72.66066030882047,0.0038697001496544735,21.103824040970427,0.08489827352663433,44.37797135789519,0.10432318350924187,956,2022-01-01T15:55:57.910000000
0.24613716312962375,112.16281268042248,0.8109989084083461,-22.3116702276983,-521.9746038297081,CW,2,0.07605711098787193,0.002284749235964437,153.59459795933668,0.07605711098787193,156.09168146295596,0.001569770252525942,60.166361779430986,0.02107613914662063,70.54301679413459,0.003056322115775721,35.8615496123103,0.006414321265544473,28.071767700301695,0.02107613914662063,957,2022-01-01T15:56:57.910000000
0.4549193827385813,-174.4957241923494,0.6555089499313677,-40.32723695740714,-43.51676262046735,CW,2,0.12999988949467117,0.001968520921306222,181.5328749832218,0.12999988949467117,151.87161009500815,0.002900210293412139,49.18253407601118,0.07122442173688998,1.243627334480352,0.002421185849025255,30.580852104098135,0.03660842497822822,0.4640094798724179,0.07122442173688998,958,2022-01-01T15:57:57.910000000
0.2840306406812802,177.1609149162292,0.7324130083719378,-64.31258087284654,-86.4906458985617,CW,4,0.11191041578597706,0.00163798993088513,108.01363030373285,0.046079618054510434,106.13670478323368,0.0007674289695532473,50.111734251323554,0.11191041578597706,7.778635989379753,0.005878626254379181,15.346252390718924,0.061361336069388143,58.54817393915319,0.11191041578597706,959,2022-01-01T15:58:57.920000000
0.35267092935904804,133.8642665412431,0.7331528611151721,-29.63366103961161,-374.68050399307594,CW,2,0.10789021292462835,0.002702432313678732,240.0712124203584,0.10789021292462835,155.69905627007452,0.0027938478283635036,13.11090837577627,0.03843866301346762,49.814006150628174,0.0018140112393795426,11.563275660770689,0.012584363169110373,30.75461969192293,0.03843866301346762,960,2022-01-01T15:59:57.910000000
0.20326529136030755,-77.11502169058828,0.6884147168569136,4.635880884397665,226.350439843798,CCW,2,0.1283800544348058,0.0010572303321339945,37.60598328623108,0.1283800544348058,1.1830950804981226,0.0007349031591494337,39.84143640605814,0.07861909024570556,86.57365355736232,0.0018287298137530921,31.58436265453539,0.07407027464957426,54.912511670424884,0.07861909024570556,961,2022-01-01T16:00:57.910000000
0.1513326851505326,-155.31865427061473,0.7757901768078068,-40.512082076330046,26.49550489036814,CCW,4,0.10211156221354979,0.0027679111102215017,318.64732480997475,0.08627833478010256,137.3910013061089,0.004091871111355182,58.16282338465102,0.10211156221354979,28.490193439305475,0.0016544163135627243,63.889422158296,0.09464294788445338,52.781229320652116,0.10211156221354979,962,2022-01-01T16:01:57.920000000
0.2970339691987314,156.2947355911106,0.748741774082674,-42.283192646897675,-111.5026742653398,CW,2,0.07763139211382888,0.002246676312628137,348.89610813450173,0.07763139211382888,138.06930795870215,0.002906733502064894,110.88628227962738,0.002852298133483554,55.44123463243582,0.0018040472732152282,55.11559596168722,0.019662969688673336,36.662876436806044,0.002852298133483554,963,2022-01-01T16:02:57.910000000
0.12339283293160534,-56.91652100206561,0.9310688789614113,36.77108403065887,271.62402425533816,CCW,4,0.05516701702607256,0.001535922892763045,76.68469499724645,0.047119322649391567,16.203898720227492,0.0007254076868962404,32.13492038657573,0.05516701702607256,88.93728953870487,0.001392156513850167,25.893700040158496,0.02411446683923274,7.357645196017076,0.05516701702607256,964,2022-01-01T16:03:57.910000000
0.1462710854192542,-109.4351462125781,0.7665148475150622,12.923152045741688,264.2691322206188,CCW,2,0.10543513944902778,0.001155934282167518,326.6539595161197,0.10543513944902778,12.734661013465399,0.0005375768011015277,85.89739482505192,0.06207183280556931,55.76574082151281,0.0005836661612526662,50.37121325926526,0.039130226357634315,37.294695353922194,0.06207183280556931,965,2022-01-01T16:04:57.910000000
0.1844482261741319,-135.41532721754925,0.9395369073928502,-46.856246463953426,86.89702915670931,CCW,4,0.15873391909309348,0.0023137239821255256,202.78050173271816,0.03308527661966244,79.02083024275004,0.0018186305129597924,94.66266450491014,0.15873391909309348,67.74618102013117,0.004683439100696879,19.660389451166033,0.030278689917206524,30.07271314239697,0.15873391909309348,966,2022-01-01T16:05:57.900000000
0.052407518559852644,-87.80133508804653,0.980453595903178,86.64738048816493,-65.81452846571332,CW,4,0.05428221302978349,0.0024305644215848843,192.18359825702075,0.03233244597425868,179.96606627835095,0.0027929215442785197,101.26948652090404,0.05428221302978349,83.5117388843314,0.0017636491629543542,28.03338898425919,0.012158936705837632,40.228113368561836,0.05428221302978349,967,2022-01-01T16:06:57.920000000
0.40984404275460695,155.07454568386956,0.6573127329879411,-35.66405980749283,-320.5295628009004,CW,4,0.10505903274258885,0.000266746808451172,236.84036048714137,0.04207588857771041,133.15290275192484,0.001057353771619724,72.14914315071596,0.10505903274258885,66.02746434407078,0.0006470498218138635,59.07639925348144,0.036090993579320316,31.797032353537283,0.10505903274258885,968,2022-01-01T16:07:57.910000000
0.21104761174511372,142.58155370057437,0.7253344176871304,-38.96078240200822,-148.69411496600162,CW,2,0.11859347757657134,0.00048348047830525516,90.06163598499006,0.11859347757657134,142.9176705518351,0.0016492189149397438,43.667604302001116,0.017803295808555008,25.43840299950861,0.0015072812329064956,29.18715659206477,0.016685998095151384,6.8204592932802015,0.017803295808555008,969,2022-01-01T16:08:57.910000000
0.2834087612989513,76.77326459813114,0.6486848105986011,-75.40047713893897,-302.557448982818,CW,2,0.18789347941166878,0.004885142408331936,154.78016479196023,0.18789347941166878,116.70773117688786,0.0020066040980791485,11.745220529517876,0.02841131548963371,24.5571995006594,0.001766433084541835,68.25774149158651,0.09054313190378631,12.896809898872924,0.02841131548963371,970,2022-01-01T16:09:57.910000000
0.10787492451382788,-141.84830954452903,0.7629992847507747,-19.017639516479903,-25.428356475744664,CW,4,0.07907723708516085,0.003760262629387356,178.33165237326367,0.07275150034534722,164.28427504352936,0.003385807968075349,10.766099909512377,0.07907723708516085,57.555675078168356,0.001873744326984026,64.9922416059203,0.03226824503383843,44.08345226069174,0.07907723708516085,971,2022-01-01T16:10:57.910000000
0.49464838444837034,141.2030671848263,0.6579249334565224,-39.320323272340914,-476.4704889312037,CW,2,0.10268911714606398,0.003263357297821101,91.66231381549564,0.10268911714606398,122.48630909583127,0.0006986300474680248,57.062180688102025,0.0345747422708707,46.899305689290166,0.002226495454833787,48.055791768680095,0.01988810000670141,54.85840083110082,0.0345747422708707,972,2022-01-01T16:11:57.920000000
0.3150812409772236,-167.50746281604282,0.885530526309291,-47.29246316921666,134.82997950270698,CCW,2,0.10469862831720018,0.0035005994229517336,193.82433575796938,0.10469862831720018,10.495813549097043,0.00350396079241537,62.1196191654626,0.028929042680324587,71.57219245569233,0.0016209263092306927,54.67772137318112,0.04048332676664794,19.365012373903124,0.028929042680324587,973,2022-01-01T16:12:57.920000000
0.24358218793960223,-119.6964338818225,0.7518397925755507,-28.047276868241568,514.8422039639402,CCW,2,0.09211877273676687,0.0018733261963448271,93.17373963815352,0.09211877273676687,152.51321774127956,0.0008988815973405014,86.21351097541893,0.04554392530214038,4.341922967588812,0.0021292157123685936,60.17066438935475,0.016564150820567013,27.28428997722149,0.04554392530214038,974,2022-01-01T16:13:57.920000000
0.44772420558332404,-179.53627181537922,0.6348167445461727,-30.56992187581082,-83.15575707124057,CW,2,0.09268060902795232,0.0010944747389773646,254.58754433835304,0.09268060902795232,153.82442047278397,0.0024666835523860634,45.84019220664456,0.026514458598252945,55.17831071075346,0.0037809602874885853,37.811767171371585,0.05982225305718363,43.263576526911656,0.026514458598252945,975,2022-01-01T16:14:57.920000000
0.2381773030598716,162.4510300852994,0.7654657745166994,-39.135422458752544,-137.72538136157118,CW,2,0.05307178140575316,0.00035831726634321976,142.9671816286599,0.05307178140575316,126.93401425822005,0.0006975804142533979,82.8848391718859,0.03532651000189355,80.33064195274846,0.0018095526652248117,24.64492441753601,0.035215306937490934,17.57032592733856,0.03532651000189355,976,2022-01-01T16:15:57.910000000
0.2070277144300156,-123.48841055301129,0.8620026247738443,-79.39420541243138,346.2553026095758,CCW,2,0.060153091892601124,0.0009838074775808826,64.8495498800169,0.060153091892601124,90.59571169346496,0.0022574804717027433,40.70541923496714,0.023136068668105032,87.24312042816065,0.0020623815373842216,34.43566625467924,0.023775740458837666,5.7027309461984315,0.023136068668105032,977,2022-01-01T16:16:57.910000000
0.039344374126732126,30.460316656982553,0.8709778844745147,-10.20097045184292,-178.56667939424892,CW,2,0.07280102812342444,0.0029464638000907912,24.15010674991954,0.07280102812342444,149.7070705774739,0.002933142823694167,32.91916158273345,0.017696392752983674,74.23084806835762,0.00476685361748475,51.64202853605265,0.030968259349217687,59.44465932853304,0.017696392752983674,978,2022-01-01T16:17:57.920000000
0.2271075843885858,-90.41915899164798,0.70075339976864,-41.95657735451144,328.6652360369246,CCW,2,0.13351831612148654,0.0023600528825656864,351.11289248123677,0.13351831612148654,140.98515781940756,0.0028359544446256183,115.58250352746786,0.05890612726484885,38.68359559674344,0.0041686389098197895,48.138100981244065,0.08533390618052131,21.71033239381726,0.05890612726484885,979,2022-01-01T16:18:57.910000000
0.09853403398925048,137.78188680235425,0.7545135469042934,-52.7900145956727,-44.24841329665986,CW,2,0.11796550899254862,0.0013696366813219887,157.66457914368092,0.11796550899254862,122.45651008240159,0.003052532287745509,21.968804323715215,0.03915605547393828,29.406510516282005,0.006112141575363101,58.6525014266429,0.04573922436164533,20.281303258331086,0.03915605547393828,980,2022-01-01T16:19:57.920000000
0.15405505226598232,-151.68922246113874,0.7489991930559429,-40.50046095201196,208.15758246135454,CCW,2,0.12401798240512422,0.0026700459031451266,30.275581671102433,0.12401798240512422,139.96850462568761,0.002023385012627375,29.32933772328503,0.09761316326953466,76.77755840991597,0.0018536572222833754,65.58643445718494,0.0450417014313897,38.26573079569322,0.09761316326953466,981,2022-01-01T16:20:57.910000000
0.01514261491122199,-42.67056950510846,0.8094504907206055,-4.115143157886109,14.525282295534126,CCW,2,0.10653976767556989,0.002802525167378619,200.8360381619002,0.10653976767556989,171.92389700402254,0.0015425132233193592,3.823615881011436,0.016713506333736756,2.987763896422392,0.0017049229002041488,44.24378974630887,0.035632962806204815,19.04461203210427,0.016713506333736756,982,2022-01-01T16:21:57.920000000
0.24718720450873627,-176.02740984357908,0.7697153969750178,-25.318912552458272,134.68318600762913,CCW,2,0.10344369283957759,0.0007112150909048257,264.3976430242278,0.10344369283957759,172.58933670569667,0.0011813630756681514,6.463946801333084,0.056105895894384625,28.54611101053243,0.0033845334943195977,66.89022736005124,0.017294007514581586,24.62617688425055,0.056105895894384625,983,2022-01-01T16:22:57.920000000
0.34077319240287346,119.69802600737545,0.8515027970417677,-56.40084507610534,-192.84371897665255,CW,4,0.09848277858802038,0.0023965249224300778,280.83162163605283,0.05850378601261111,143.73489575294747,0.0011555040669730572,0.3892534328794836,0.09848277858802038,8.793195493981715,0.0012695082302528078,63.23032021438443,0.09668261295376618,17.18210591176389,0.09848277858802038,984,2022-01-01T16:23:57.910000000
0.39279248430558517,91.44906861214703,0.7030099270666533,-6.944470909839595,-471.36618117925525,CW,2,0.08329426075563963,0.0006729253712753711,351.3666034172194,0.08329426075563963,157.00609184033405,0.002170371165159612,91.42436833115417,0.043782123482176416,84.30144583924616,0.002785404288037455,19.39842713216435,0.01115013045722107,50.97127391347009,0.043782123482176416,985,2022-01-01T16:24:57.910000000
0.24254582283272166,-167.5849010041104,0.6459441338437562,-26.437457555253644,-195.26565109925377,CW,2,0.1705442469927949,0.0024030918361895594,174.60747657676512,0.1705442469927949,160.5569119431994,0.0033219483226607422,39.922755718920996,0.08105241027895319,67.7051572543796,0.002139890528211007,6.148505696602613,0.04527338151254958,23.207503547223386,0.08105241027895319,986,2022-01-01T16:25:57.920000000
0.39975300722988677,-148.95722477527525,0.6319489867666536,-37.636070107169104,98.11005255684879,CCW,2,0.12989145690691206,0.002468545018816598,222.69768375366152,0.12989145690691206,147.19942325809984,0.0022006234206478014,3.274661848673848,0.01312976922148786,61.81374195776639,0.00033491087809235046,17.693448238542068,0.009968429136592983,29.60974125433746,0.01312976922148786,987,2022-01-01T16:26:57.910000000
0.46281226521719887,-121.01236872711401,0.7731387456152305,-57.02114313233275,430.40061529856837,CCW,2,0.09893435356658671,0.0037474637133127296,327.37519909874936,0.09893435356658671,99.57976913322447,0.002402752580291634,56.00356711450393,0.08612406505277952,19.419858482910605,0.0024269911571571236,62.76908458919323,0.006161077226133076,40.15010752940956,0.08612406505277952,988,2022-01-01T16:27:57.910000000
0.2007658284472544,176.03405620988588,0.7772923515445151,-73.82621959300286,107.52607540889679,CCW,4,0.11634932687450479,0.0042495892701900715,217.13753806372517,0.06599957846367571,114.21382730657464,0.0015455271381586671,68.24092587905672,0.11634932687450479,60.17678863795287,0.0019840468192536963,48.22090448341572,0.043851016717563536,52.64668746826592,0.11634932687450479,989,2022-01-01T16:28:57.920000000
0.28373019916246395,68.01164958904619,0.7897796841999278,57.733412167563024,-442.36564865838335,CW,2,0.1183831302328735,0.0034081832936032745,34.3103449259683,0.1183831302328735,62.02960008442184,0.0024337485649893777,76.00216555035496,0.018554603907394395,24.513668353705466,0.0020187008883166928,6.919050475419811,0.015461068016616052,35.91723522011006,0.018554603907394395,990,2022-01-01T16:29:57.920000000
0.4209176051297333,116.40020934497329,0.7135924196773782,-83.12080605880493,-684.4091398612152,CW,2,0.09266615988927288,0.002853500552073585,205.63609326294463,0.09266615988927288,94.48479890784243,0.002738721784794856,37.00683633094057,0.026117964351177705,16.20250077813091,0.0027029123210768184,13.803819619731387,0.008425039816057871,56.658751679802926,0.026117964351177705,991,2022-01-01T16:30:57.910000000
0.18609358894880146,143.89182429374426,0.7808043712865819,-23.253031308428717,-215.32950313032092,CW,2,0.07437020121143258,0.0010683349988896507,350.6343140313896,0.07437020121143258,150.9655166813628,0.0019468663980836654,12.736081542500264,0.05510806538083366,6.8732817903172085,0.0007450459110172864,55.963897183208374,0.03114166114819616,6.877668109287642,0.05510806538083366,992,2022-01-01T16:31:57.920000000
0.27280443528042286,53.12627237971191,0.8092452700802495,4.526943609382158,-338.930168772187,CW,2,0.08253354026095563,0.001515397262047742,140.36600731019175,0.08253354026095563,163.13546180922677,0.0006596153249123877,74.02784859987082,0.06015833307630324,69.67768188112989,0.0008043893429239222,30.95477952683121,0.04279617779287285,44.65718581197962,0.06015833307630324,993,2022-01-01T16:32:57.914375000
0.18640986648436994,-172.05637063695644,0.6518211582930831,-14.329623759320697,-84.13251247939334,CW,2,0.12335479582573537,0.00269194559182425,238.25244940122144,0.12335479582573537,169.60103627946557,0.003967150040110133,47.49833926374268,0.03229528968932491,59.35503660488388,0.0019421506901670302,1.9809189984563405,0.02629362686468336,15.27906507251997,0.03229528968932491,994,2022-01-01T16:33:57.920000000
0.08500620406991388,-130.6288037681427,0.6753554505259489,-19.119712871089973,284.50154760067653,CCW,2,0.13301865936430687,0.002393646700939732,207.1356201821141,0.13301865936430687,151.6509605760523,0.0035764997214950325,6.668936013066232,0.10434651650841102,53.415859031726505,0.0033557331454528226,19.058823930721825,0.06481044979380718,19.188542319863885,0.10434651650841102,995,2022-01-01T16:34:57.910000000
0.10494426128104029,-68.06660464599746,0.9016767443971623,22.739199169337326,-74.71786715483881,CW,6,0.029348521678206594,0.004449471762777229,131.39543025948532,0.02552866678774908,25.175601190032296,0.002648957643253465,13.442029317801262,0.01577693816312192,35.90075681977981,0.0018608481257358905,2.306361915064455,0.029348521678206594,4.625208352770503,0.01577693816312192,996,2022-01-01T16:35:57.930000000
0.06308791974868391,153.27702652127675,0.6806209977181209,-3.9154791536712708,-146.8200223968298,CW,4,0.10211132270032147,0.0015166152734798655,84.77172072039684,0.10107904656652947,4.479017637578927,0.0016856518583000697,51.21310795770641,0.10211132270032147,86.00894134942294,0.0029446858885449727,10.519585794381143,0.010781493289506595,52.771602339579346,0.10211132270032147,997,2022-01-01T16:36:57.920000000
0.031404801934583275,143.01514851484268,0.8752970181484082,-15.931673104949795,-90.99530316328017,CW,2,0.06400572048912827,0.0034629825304110006,87.37770061404512,0.06400572048912827,152.93238297823598,0.001034635823096525,72.166052326252,0.04340197738945995,73.51842179684778,0.001941951796763759,2.2247795293728814,0.02319474073504926,30.48215891537167,0.04340197738945995,998,2022-01-01T16:37:57.910000000
0.3174190151689681,106.3735643382749,0.8785703159884704,-30.561794304102108,-501.1474638843525,CW,6,0.050700994111551975,0.004117450340701864,211.3794779441274,0.018994822187802737,29.283008836983647,0.002522441058394942,0.890946754267155,0.017340084510140373,86.90430907988002,0.0036848032945124916,27.81363059473362,0.050700994111551975,17.992717983048404,0.017340084510140373,999,2022-01-01T16:38:57.920000000
0.12556792453625404,0.09320744249431642,0.9010059492591976,-23.955433977924315,56.54739252163918,CCW,2,0.09029270080411762,0.00180457457301794,18.258765347443173,0.09029270080411762,157.4080045760425,0.0022953639393375937,117.91996677002247,0.05181278605792196,54.327562512422496,0.0018970519195202432,55.28732746608186,0.012296902098255121,25.97947192902419,0.05181278605792196,1000,2022-01-01T16:39:57.920000000
0.3575904059071882,159.5188562315224,0.585968205362882,-23.327024882557453,-292.37735338837825,CW,2,0.18769350721631983,0.0007002468565009514,298.33788420928994,0.18769350721631983,154.7717877585415,0.001049968086269323,63.656533946129244,0.02443542730218798,46.399622101975325,0.0015168091478615345,23.339533744490765,0.029242297877626302,53.56997284322742,0.02443542730218798,1001,2022-01-01T16:40:57.920000000
0.7321360481611819,160.02963310844942,0.491956919693177,-33.64317945388302,-296.4065892571676,CW,2,0.1741913091759913,0.0010523964717317296,91.69089121847037,0.1741913091759913,152.05677397375928,0.0020283794768892285,83.29482204606599,0.06842749443536274,52.84297763570201,0.0020101917178166023,63.7438344917246,0.06371592536848493,2.307183114494008,0.06842749443536274,1002,2022-01-01T16:41:57.910000000
0.3030555471576637,75.16268218868058,0.9277998979245913,75.09558744772173,-312.0447803950542,CW,4,0.06389109568595877,0.0046779288208627,235.54059957237934,0.02224769376395889,45.7421310463573,0.004466226269170087,119.76630751522654,0.06389109568595877,56.21983168409972,0.001991570644734998,21.413517675754516,0.016965737408232928,43.95992922091574,0.06389109568595877,1003,2022-01-01T16:42:57.910000000
0.22743763523240831,125.034535152409,0.757416329598404,-35.51381890372744,-83.86558433906762,CW,2,0.09088741671121763,0.0016285620793516132,132.61057056230703,0.09088741671121763,134.95310265855778,0.0018213432763473688,16.644732852225886,0.033599009495128944,16.353464968403426,0.002036998455287428,55.5813041884973,0.024361751106729324,11.267607236793442,0.033599009495128944,1004,2022-01-01T16:43:57.910000000
0.26171142235092093,81.68715797330091,0.8578970275769955,-81.66324519960892,-237.03275118894945,CW,2,0.05328803593998897,0.002289492128020907,98.20740566388757,0.05328803593998897,117.20230345411503,0.0036681667070992308,113.83885732957481,0.03771757718806644,6.8403076418972955,0.0018099919244977045,47.23473445583887,0.021130632158618212,13.92574265820415,0.03771757718806644,1005,2022-01-01T16:44:57.910000000
0.05222534509653147,107.20304827624733,0.8750421252051488,2.738129770026319,-144.63702913136595,CW,2,0.07764733605957475,0.003659812144434364,201.92947739112597,0.07764733605957475,13.576011224717643,0.0014344510538436331,109.52526278340557,0.029674252306722236,44.24910192074549,0.0037002260251585606,10.005555795895786,0.0009402565349915591,35.42176766484046,0.029674252306722236,1006,2022-01-01T16:45:57.920000000
0.4341817640726588,87.95030622251205,0.8802874794045199,3.2330049234588785,-556.9182798903719,CW,4,0.11819969291521364,0.00470104831540562,28.51548906519248,0.05175372896070956,145.0090781113578,0.0030102006377718746,107.67607088782196,0.11819969291521364,26.760132580059107,0.0038123162249971898,15.418916854624499,0.019473193053539405,44.09974080169774,0.11819969291521364,1007,2022-01-01T16:46:57.920000000
0.1278112516738166,-113.32373464109016,0.7138185574428095,-23.91218525263659,262.5910550114413,CCW,2,0.12120581219899237,0.0015207122640784395,155.24207259480244,0.12120581219899237,150.68797535185797,0.001679142551271558,9.693215920340423,0.041280988410549446,62.00724731821144,0.001605792225710011,52.96641597352488,0.02873146517309531,21.25552035317741,0.041280988410549446,1008,2022-01-01T16:47:57.910000000
0.4663331363725765,169.41878415524914,0.6369409885000819,-45.44625867409201,-137.34804859423906,CW,2,0.15331009536010146,0.002834079329110868,222.7113315280081,0.15331009536010146,135.04914077050563,0.0040636825851739,99.67175744752365,0.05827670912879205,12.7741580896667,0.002615187130673576,66.704112908799,0.0747045893938266,52.27315058751509,0.05827670912879205,1009,2022-01-01T16:48:57.920000000
0.009266502022375837,-155.35973181866103,0.872343074871583,-16.29805682118092,13.75175021801573,CCW,2,0.053386541177602,0.004589090188075564,117.94206026711372,0.053386541177602,155.01837433940798,0.0009319280455400438,113.49109652001414,0.029103952786257426,45.9192201277767,0.00472159748556673,38.29722374674016,0.04614625832213269,42.36320585013124,0.029103952786257426,1010,2022-01-01T16:49:57.920000000
0.08131150472273391,-120.55676643982493,0.7738344506763314,-80.83258451192395,58.5869254360512,CCW,2,0.10190106565141249,0.00030107355454510304,335.0311861627161,0.10190106565141249,95.40226573691102,0.0028338406673499967,34.73998615012793,0.01584164060753064,59.116708328991244,0.004459747133642266,4.218169476066193,0.0240127486049579,16.802178310070946,0.01584164060753064,1011,2022-01-01T16:50:57.920000000
0.1384768926915819,-159.41735343002986,0.8879419353080484,-28.59800827459688,28.7001636749634,CCW,4,0.09918377964979902,0.0022088812755723937,208.48632624714767,0.013829916937763875,94.99860869895458,0.0019635014700611878,60.507986251177485,0.09918377964979902,62.61058020159079,0.000898790752135006,42.40608430973637,0.06762843743319112,17.835107904252904,0.09918377964979902,1012,2022-01-01T16:51:57.920000000
0.26121175240939504,156.15324601356946,0.7416991271943721,-44.74528505674789,-61.7146331802943,CW,2,0.07552096155117152,0.002271563960666535,52.94075164791294,0.07552096155117152,118.3555491564837,0.003391224865345398,81.6180699833154,0.06891442562019076,65.05990175028424,0.00260213330629443,41.42866428333909,0.011810774948989458,23.850535966596922,0.06891442562019076,1013,2022-01-01T16:52:57.920000000
0.17542138978881824,26.841528993250122,0.5934093552560451,77.06126565212035,121.81886460047986,CCW,2,0.13371810195401823,0.0020446228018290253,40.12241136217116,0.13371810195401823,78.12189108504303,0.003770111973581561,112.65453071692319,0.043183049439747316,79.36667706186087,0.0014387328529858936,68.01172272646507,0.04882758699078196,11.15520984213543,0.043183049439747316,1014,2022-01-01T16:53:57.920000000
0.3717804963713603,-170.38863737677326,0.6764420352525099,-46.968483872956796,374.4223121688615,CCW,2,0.1157858791687435,0.0014093690864115291,169.46448781270968,0.1157858791687435,132.466668189312,0.002997413547538303,101.23026340769968,0.035726964005089165,84.54074071167483,0.0013060861210251367,36.541975814617544,0.0542546719751352,20.287255062492576,0.035726964005089165,1015,2022-01-01T16:54:57.930000000
0.1680365620211939,-165.78919304745077,0.7522584308034367,-54.39517696821905,432.94947970938745,CCW,2,0.05459423769344579,0.0013540068057517778,31.398441195472998,0.05459423769344579,141.97359650534077,0.001208085393040422,15.545166160510538,0.05304287728261328,30.83478801246539,0.001427224964525531,55.512274290581715,0.029205053495950466,23.014407313200227,0.05304287728261328,1016,2022-01-01T16:55:57.920000000
0.14530059951552127,4.7393930756955935,0.743676786424375,58.65066221926525,-165.33521129963842,CW,2,0.09417202124748289,0.0015905814996980483,201.46964610831535,0.09417202124748289,54.855415047438896,0.0011376128707291018,6.578283646424898,0.07331216725237633,59.877448889256506,0.002550790169001148,69.88099196013943,0.0728492086601343,8.17934996007298,0.07331216725237633,1017,2022-01-01T16:56:57.930000000
0.15275380855272633,73.17211389887028,0.9623444896199341,-16.33662942715651,-283.11965988490704,CW,4,0.07979574516598494,0.0033860216912762774,330.21598942287807,0.005377559117491937,157.62785573757725,0.0010612755467447044,99.13420406049077,0.07979574516598494,43.01510908537965,0.0013285675483975937,66.05669033020288,0.04746658757905218,16.21387553670866,0.07979574516598494,1018,2022-01-01T16:57:57.920000000
0.299406188336764,76.88095548655751,0.9116462000168453,-3.1762366527879067,-443.8387304509349,CW,2,0.07265459386774578,0.0017661259501699567,233.6648625854479,0.07265459386774578,160.06723336112114,0.0021003968601041338,24.992753594021607,0.06213436888950461,17.34027842960945,0.0006250007644982371,70.18640081163329,0.01699894603397972,9.510074375442144,0.06213436888950461,1019,2022-01-01T16:58:57.910000000
0.2118864059424305,-103.52655887089459,0.8148061365907633,88.95966071157717,194.0068852838857,CCW,6,0.07275532866234155,0.0015111845341091135,132.57422672388344,0.05872510637766456,86.42910235517306,0.0019516171847245346,12.405204100698247,0.04283179069293494,89.91780108572306,0.0006561576555008327,6.472394578219932,0.07275532866234155,11.747030140459914,0.04283179069293494,1020,2022-01-01T16:59:57.930000000
0.46300657274280066,-96.16293896198852,0.7580779840576735,-14.70666466483317,693.4141254592685,CCW,2,0.14393471048675233,0.00267926166743572,120.53223692321347,0.14393471048675233,159.92924010886097,0.001615653928033412,9.382810419401155,0.04406029909449536,81.86579627519522,0.0007135840013134661,22.325381333779642,0.05981793986512485,55.69136064834516,0.04406029909449536,1021,2022-01-01T17:00:57.920000000
0.26283318415909107,117.19411823227912,0.720201630137065,-7.64304169201543,-308.711769673301,CW,2,0.0944514145994121,0.002248437409249466,88.91908564519436,0.0944514145994121,5.120890762398816,0.0008173421959416375,41.475206838621084,0.05795971655547367,76.58469017923305,0.001101230950718674,60.83072262062798,0.029577449447335827,53.54319838414617,0.05795971655547367,1022,2022-01-01T17:01:57.930000000
0.2039707859907884,145.92441936926843,0.8328367650416318,-44.7273692531692,134.24909353291295,CCW,2,0.0828954657955397,0.003123604350098774,345.0679327426263,0.0828954657955397,114.54151439317307,0.0026690503540939114,46.18650978537841,0.007512742788898262,13.98401825056405,0.002543891193575131,11.336075993914832,0.0013848305728810328,0.862268676107794,0.007512742788898262,1023,2022-01-01T17:02:57.910000000
0.23282629701607652,49.375029588647344,0.8927040522329897,10.64993702697737,-132.93481938006812,CW,4,0.11359246448373436,0.0007382081296316074,128.5873982008348,0.032493917193407655,88.1020713106542,0.001278482839082827,79.6025607409416,0.11359246448373436,5.394338437802135,0.002849255377086444,71.02208554052325,0.03748436933271337,53.305844775456066,0.11359246448373436,1024,2022-01-01T17:03:57.930000000
0.2795525986784979,57.119738785871675,0.8953146001644597,-43.682750689975904,-386.56891870446754,CW,2,0.12532460595908296,0.003556593471212942,273.83429716611477,0.12532460595908296,132.44121412793885,0.00018936200051720257,51.97091664726431,0.0580182578974234,55.933850133358405,0.0008911958131065996,19.837937360886688,0.036315251995766705,35.98447734941678,0.0580182578974234,1025,2022-01-01T17:04:57.910000000
0.22549284956083304,-24.91079238987329,0.8100596839664688,14.110876263505105,-94.8554332740135,CW,4,0.05071705196034732,0.0015601162112378203,216.82951015180583,0.029607899492923848,144.00487645379343,0.002785635395024556,25.931998492706814,0.05071705196034732,10.921571959075967,0.002802053985930831,16.195498215386653,0.019621794288614703,19.576112195506123,0.05071705196034732,1026,2022-01-01T17:05:57.920000000
0.10057607855888208,-95.47127537464137,0.9380482863776685,-32.802658846287756,120.35601248628294,CCW,4,0.07853355816522363,0.003535638273686057,234.11378181285244,0.02227807367268678,169.66813329582487,0.0020867447845008256,25.161255928462914,0.07853355816522363,9.208358688622004,0.0026679892432799014,48.03339174848864,0.03309724671016944,52.095141981755184,0.07853355816522363,1027,2022-01-01T17:06:57.910000000
0.15183681462156937,-138.12896498495542,0.7198916187047578,-23.95510624966147,204.22923165911314,CCW,4,0.08939498500243027,0.0025667429477123577,228.13770543308814,0.08741999487310514,155.59751149448704,0.003563593023838981,108.20272117702294,0.08939498500243027,42.033890405957706,0.0032656277310599714,0.06426903326682372,0.028188064330329065,14.408985424736075,0.08939498500243027,1028,2022-01-01T17:07:57.920000000
0.14945178805773005,44.66823673789552,0.6693288931100932,20.08243793118507,-33.3494751510473,CW,2,0.10580313831336953,0.0003597546851319655,241.31671709194308,0.10580313831336953,20.520935701961317,0.0023354073309078504,34.529741606027386,0.07026139333129308,41.98166482245961,0.0033938077657909237,39.99715878957277,0.0940247371302949,30.138064132256552,0.07026139333129308,1029,2022-01-01T17:08:57.920000000
0.2116098176443985,106.47358934049984,0.6793069654631484,7.476218981628563,-212.4849485475537,CW,2,0.2080935251733219,0.003390259662845476,302.1404197669972,0.2080935251733219,2.5937074032245144,0.0032825288862277625,88.34778779236228,0.09586415653537106,9.289480003935072,0.0018847316441300288,47.779124083031704,0.058442940896311725,27.6070431330201,0.09586415653537106,1030,2022-01-01T17:09:57.930000000
0.42730203908823966,-118.40618894223613,0.7967647983790928,-60.75775735551288,603.7730965408431,CCW,2,0.05135123495502352,0.0008840132182762223,5.383911839896055,0.05135123495502352,102.54053451760112,0.0006038991794128477,42.64251894559764,0.03219854159580942,60.235075238823285,0.0013474117472437796,50.847634342573585,0.03704604295643696,26.046534646091896,0.03219854159580942,1031,2022-01-01T17:10:57.920000000
0.24271217309889281,-177.91651878145078,0.7136402665895353,-52.92830671849978,-81.00000000261511,CW,2,0.09785464112038406,0.002017495920474351,118.57060862448526,0.09785464112038406,121.32757663072593,0.0038343642390380656,95.64871344753428,0.05956652820884439,33.445974253486966,0.000814299460888277,44.839570883941526,0.05012560672863679,7.508918393324521,0.05956652820884439,1032,2022-01-01T17:11:57.920000000
0.20750604127673053,89.21618671005687,0.8127623490451592,-53.71514753858109,-197.83971210836955,CW,2,0.11845394568623088,0.004031980615690505,186.75786808655403,0.11845394568623088,136.11015838428023,0.0023678494335060253,48.38687541497865,0.031121558043706733,48.743292032367584,0.0027264395595304075,23.370309456533736,0.043106723915311576,54.7421251197819,0.031121558043706733,1033,2022-01-01T17:12:57.910000000
0.0892299173679236,-62.89423955547513,0.7289204492689829,7.413094831649289,98.12942046588782,CCW,2,0.1432802560262451,0.002766951079930434,328.14304835839596,0.1432802560262451,8.762465706443054,0.0004644510761541274,54.795909666729536,0.06270663392919944,22.767532995978563,0.0018011024058487838,47.35715240168387,0.07439554667324763,20.3149222210511,0.06270663392919944,1034,2022-01-01T17:13:57.920000000
0.06053197696713624,54.738126805087454,0.7374906579428911,1.1146426603264388,-159.6574829981023,CW,2,0.08946231500175406,0.0028376490290160116,240.65332964334186,0.08946231500175406,178.81730675504974,0.0006490216452252666,96.26910369542125,0.0866078740773552,6.045291250518994,0.0010516387879806978,6.302952767142667,0.023471543208029143,9.463064275828636,0.0866078740773552,1035,2022-01-01T17:14:57.920000000
0.05106409799900312,-105.30551717851137,0.9202556090728901,-74.78974932734633,154.82592483720276,CCW,2,0.028025578250863905,0.0013066162730081769,291.4788413886326,0.028025578250863905,142.0518370056278,0.0011086365686940568,72.43500602484134,0.0040033301399047564,20.696309282101467,0.0023054356198924006,64.87040228832286,0.015241673865200842,57.08276805099417,0.0040033301399047564,1036,2022-01-01T17:15:57.930000000
0.3497986176409649,160.40536732626717,0.6454621114169237,-57.49817450133021,-169.454576937674,CW,2,0.11864205724619623,0.0016979964565274385,321.4484085237922,0.11864205724619623,127.4930636533249,0.0022335558505693024,81.62484252375903,0.013674920708915525,85.63854988229991,0.0010632079993604206,18.10123195261639,0.06258696735768503,56.291901833560125,0.013674920708915525,1037,2022-01-01T17:16:57.920000000
0.32568755317171166,-134.2288277408101,0.5643753617538928,-17.8747260757562,143.1381952634598,CCW,2,0.2047644975977497,0.0007676544518271043,251.47999778564076,0.2047644975977497,159.93504623641752,0.000637325857797134,99.0058612008669,0.07883504988864601,58.4488756938176,0.0005374577814929936,71.67830405396424,0.06572437834095927,4.943134887484456,0.07883504988864601,1038,2022-01-01T17:17:57.920000000
0.16839450884997498,150.42849743492195,0.6536836087860215,-13.034076656927681,4.2169214853318095,CCW,2,0.17061227601803206,0.0012131240409024677,199.19322702001708,0.17061227601803206,170.7230350547943,0.0019111868461123348,97.44020570664571,0.027434286806235244,21.773469588525344,0.0017947859501726115,61.705820784830635,0.08997196298909736,12.98196788904392,0.027434286806235244,1039,2022-01-01T17:18:57.920000000
0.07209954814659686,44.814800140843325,0.7432641508052117,-9.602996683920566,-76.54270482577694,CW,2,0.12264219208025721,0.0006903401235820432,28.275385318045892,0.12264219208025721,161.58220268631763,0.0010491083207839395,23.119108894530736,0.009992533553610685,44.40955721881263,0.0009739857201882131,28.227533762091873,0.01829748667194887,27.140909234331208,0.009992533553610685,1040,2022-01-01T17:19:57.920000000
0.19236685796638056,-163.50305923817132,0.8731203419769294,-45.17051822887197,93.31773701150932,CCW,4,0.05793715936602742,0.002678173935428193,3.0720377582614544,0.02783536114560738,20.58608604277864,0.004091365305064207,44.42537052408343,0.05793715936602742,63.07213886846606,0.0053962826277213745,68.7867221880738,0.03446567673143877,50.151505710736714,0.05793715936602742,1041,2022-01-01T17:20:57.930000000
0.23138479014663021,-149.73180441637183,0.628901725727116,-20.21080627050239,236.76857854708697,CCW,2,0.19503553350914504,0.0031382287306426344,357.4784928056664,0.19503553350914504,155.7465459859742,0.001367136689919929,114.82471545035196,0.05732524001649598,83.44155564272906,0.001781830956682814,18.23953382151544,0.05090683976959376,53.424147661088966,0.05732524001649598,1042,2022-01-01T17:21:57.920000000
0.24690332979766505,-7.3737510347102395,0.5929499686758923,14.722300884359981,-75.44395237930885,CW,2,0.14794523036440366,0.002512674234095,333.9155548261897,0.14794523036440366,177.4915441552796,0.005493234640439471,102.89664467463726,0.026545245091950113,3.4566229901676517,0.0027861116104906766,43.46127176948703,0.04026455225394263,42.94817222972816,0.026545245091950113,1043,2022-01-01T17:22:57.930000000
0.27559733242205675,-162.1759158476413,0.7264391950774857,-39.28519911226016,-232.54375426690638,CW,2,0.09747576656258508,0.002229088857398329,175.18594196329067,0.09747576656258508,128.01092285059687,0.0026575769396855803,30.70147294952609,0.043632310497148497,84.58556836525779,0.0013277952426918966,28.629938794076367,0.057284502421260666,30.088193860906856,0.043632310497148497,1044,2022-01-01T17:23:57.930000000
0.26100941993341215,-125.57896882169423,0.7379848728023424,-29.140839442677276,363.78743495132187,CCW,2,0.13046437704476413,0.0038988012394320813,320.00830659886117,0.13046437704476413,136.83762451265528,0.0049080546404404206,71.13939417795385,0.02487610841664186,52.919889613407854,0.0028397987099723155,26.221397590526294,0.01789999338430006,28.34652559933868,0.02487610841664186,1045,2022-01-01T17:24:57.930000000
0.12556485437851878,77.51971079597004,0.875757528616089,3.109816249799593,-19.525733092508375,CW,2,0.07249988278500061,0.001700762248718705,198.00245856546047,0.07249988278500061,174.90370088692322,0.004108727166447091,51.768038712969876,0.050144653346339385,2.4685830238229025,0.0017285635537597466,32.87588660743694,0.06341535398242686,59.116292551691856,0.050144653346339385,1046,2022-01-01T17:25:57.920000000
0.45229424499569815,100.52666662195124,0.8878125458497798,-13.801055849103648,-684.9410933328895,CW,4,0.035952616472277765,0.003254672904651359,16.745433600095733,0.007733736692660623,78.9972411218209,0.002700399874178412,66.47124730340715,0.035952616472277765,63.40034183471034,0.002277674400467243,40.34101628405289,0.020579948413081812,35.39225765350669,0.035952616472277765,1047,2022-01-01T17:26:57.920000000
0.05044024085827477,-138.83173410135382,0.606521011043807,4.787541291924185,80.81602641923826,CCW,2,0.17800767702272186,0.0017954820096505457,213.2007195138925,0.17800767702272186,12.622121730363324,0.002249805341314791,97.87159377047756,0.048795244804839516,2.075307008606749,0.002630570340024352,17.41967263020654,0.03952673305426334,4.309933810677134,0.048795244804839516,1048,2022-01-01T17:27:57.930000000
0.37119800541303066,-126.96501152489188,0.7617263378605152,-49.15509787667338,559.1772129727402,CCW,2,0.08592825276576418,0.0005073123060003521,86.64795890088922,0.08592825276576418,122.78639200723902,0.0018281556817694364,107.18699094127948,0.02395721665660732,64.7678179997541,0.0018835940460648652,24.678433344020217,0.038294000672984815,14.470187136422437,0.02395721665660732,1049,2022-01-01T17:28:57.930000000
0.4390094973003057,116.35405805439468,0.8236494470144204,-38.913178958389324,-433.3096755731484,CW,6,0.03924836599241967,0.0014163310758672823,171.4492318367357,0.022249144509139174,158.01063862108262,0.0016333034575785781,21.36411138501274,0.008560268725808366,35.72058475758536,0.001164856365369687,68.99189531803884,0.03924836599241967,26.778390139963996,0.008560268725808366,1050,2022-01-01T17:29:57.920000000
0.1389591922085279,-79.60000370312716,0.8637760256922621,-72.04671064316047,-5.814629309728858,CW,4,0.12183371599695524,0.0033647242877840925,119.94235708789066,0.07604282050074375,113.64772659475132,0.001028838514865526,24.324366782206926,0.12183371599695524,39.82173228640172,0.003986666972210301,7.872026923201376,0.022481726149938666,50.05314088545618,0.12183371599695524,1051,2022-01-01T17:30:57.920000000
0.2207775107119324,-117.73381396625564,0.8314477125227476,-51.77448142224546,189.77791869786125,CCW,2,0.04898084791150433,0.002686181557268056,302.6480980927841,0.04898084791150433,111.27406417354827,0.0021600943360439292,41.464827069889964,0.030874387754328075,51.49922803340121,0.0034710463075094647,54.7730430186564,0.037448814528611485,12.982367970738803,0.030874387754328075,1052,2022-01-01T17:31:57.930000000
0.32436911926069545,-75.78714103576488,0.9360202278016926,39.13933559959426,296.9537737294643,CCW,6,0.07257472213743626,0.0012808774363614927,229.05241705442648,0.014624226434295624,56.3989666205645,0.0014237802671712926,43.6337070470896,0.05415846590814887,50.87443295025352,0.000612889933078126,40.905539255970254,0.07257472213743626,47.62181639185765,0.05415846590814887,1053,2022-01-01T17:32:57.930000000
0.33344766683050475,177.85617969775288,0.735960789932358,-27.36258582258685,89.82791034090505,CCW,4,0.06537354845617652,0.0037437366053589887,347.3011646121012,0.03151143690045981,4.055959003022111,0.0012662263494487597,21.52150818700854,0.06537354845617652,56.92378303550135,0.0005673649837398171,37.30350856637942,0.019943149584592302,30.69867273604916,0.06537354845617652,1054,2022-01-01T17:33:57.920000000
0.29990456001659105,118.04633825623928,0.8197728001293858,-64.31810756952983,-444.1894148185952,CW,2,0.03935630890438335,0.0010209037278711454,348.38618779126205,0.03935630890438335,126.89921896788312,0.0031043872289154397,3.3539390055558265,0.02192532534288169,21.48242310457476,0.0013739335730289105,16.621354744398896,0.015244470123114319,58.4430806951553,0.02192532534288169,1055,2022-01-01T17:34:57.930000000
0.2666437240299879,133.0484810944794,0.9088813241660578,-46.20045528319352,-193.8036554569672,CW,4,0.06015750316724653,0.0032766969387136064,212.81672988627253,0.02881672601860435,81.43975090320498,0.0006614340691321117,27.100586262043286,0.06015750316724653,89.18527684396511,0.0022373574285451565,27.051647878437095,0.03791989214120555,27.216568464840105,0.06015750316724653,1056,2022-01-01T17:35:57.920000000
0.15819312005733513,-121.07651142941273,0.6928516813946212,-73.18275595341102,39.37737514404599,CCW,2,0.11593634328827375,0.00175226007324785,224.85419440711013,0.11593634328827375,110.27293834994124,0.0014754430533932131,5.697096451518357,0.05658587678747546,8.400603623059128,0.0015829449072894254,24.99141219827857,0.033175097461622303,46.39657175446627,0.05658587678747546,1057,2022-01-01T17:36:57.930000000
0.03821246159942144,-170.7214217852149,0.8805964041328923,-33.986458994306076,73.84467690397197,CCW,2,0.08524125514406566,0.0034800964411323848,188.9725018440374,0.08524125514406566,152.0755774431214,0.005090559373081583,44.38221111721759,0.06293685508706677,76.66727282625408,0.0035022914470215815,27.996469614193686,0.04638043258702314,46.78549421057616,0.06293685508706677,1058,2022-01-01T17:37:57.930000000
0.12620150584360554,-91.56862588196492,0.8151381037666661,14.906944040037843,336.42995160977944,CCW,2,0.10049495623276795,0.0015627446799625483,355.9199353717035,0.10049495623276795,26.139235394361126,0.0022268417218925677,98.63119736296927,0.060778328947463406,38.44238454679666,0.0016185099553893752,23.332777072720912,0.005518472802736449,41.574779970187166,0.060778328947463406,1059,2022-01-01T17:38:57.920000000
0.3687766854761143,-12.729717739846688,0.6337247910646848,37.57704752402236,145.61600572274597,CCW,2,0.12416945660447745,0.001824309682108169,88.49179408789557,0.12416945660447745,25.3015459283164,0.00205850264792193,73.08299874709516,0.053548501106201025,66.74861526112237,0.0017867880814588354,47.3069091998175,0.020319822248860694,0.26512132999057325,0.053548501106201025,1060,2022-01-01T17:39:57.920000000
0.22646045362552744,-112.63027817702825,0.8557278802525397,80.24039915019065,275.61228741176416,CCW,4,0.12920009031839005,0.0027373828813019663,302.11051856353293,0.09530198241865867,55.623003110561626,0.0010800538167004819,4.385231184149654,0.12920009031839005,25.59343043317068,0.001927607576209438,10.193266199561002,0.045207890169450766,39.43923747581469,0.12920009031839005,1061,2022-01-01T17:40:57.930000000
0.19084601861685796,19.52296868720842,0.7204200527587705,9.84772098896488,-37.90519608894221,CW,2,0.0661918250503702,0.002577156395862677,257.65015385930235,0.0661918250503702,9.799514150636206,0.0008621905532171935,106.83797385407988,0.044093271993138554,6.285242197022294,0.000664776655045315,61.905640919721215,0.029898396473563578,47.766553139987565,0.044093271993138554,1062,2022-01-01T17:41:57.930000000
0.056877148271769214,-67.38121663113333,0.8372356680431765,-4.304286558258724,-20.612211969446307,CW,4,0.08702881838848646,0.0016584002902793194,327.3601419077901,0.05058142217339077,165.71753100327916,0.002106263124563728,14.124784560596286,0.08702881838848646,26.267500542486076,0.0023285717027873493,32.33655034034101,0.022823257600120238,40.356074527871414,0.08702881838848646,1063,2022-01-01T17:42:57.920000000
0.1751166483833533,-105.91240900756702,0.64277959189036,-11.661416056710635,226.56155362245332,CCW,2,0.12887968484108558,0.004127763744272617,268.2111304849226,0.12887968484108558,171.00312950914824,0.00171015776364812,51.89183857474243,0.06482696984744155,57.37591805912445,0.0015532910421969975,20.56035386385545,0.05168440360558889,26.085415088570542,0.06482696984744155,1064,2022-01-01T17:43:57.930000000
0.2729705906131727,55.91764315916281,0.8690630589120121,54.14463868089302,-209.53790642694173,CW,6,0.07531538271346085,0.0009528922286563345,55.10110900431191,0.029365977633592503,68.29184066185294,0.002387204246805342,80.14106795287088,0.04916652887271421,81.44737948155071,0.004091837530283905,58.53609228120414,0.07531538271346085,36.030008894362965,0.04916652887271421,1065,2022-01-01T17:44:57.930000000
0.17828062904089553,66.82538064052906,0.8921559030355024,-2.109744170367776,-312.12251235508506,CW,2,0.07810032357037444,0.0011279419900927037,205.80863911074732,0.07810032357037444,177.33385910925873,0.0013605384762221178,44.300104486573034,0.046388200148151267,5.026826932226858,0.0022021329374774037,23.821941260017244,0.029082106881697666,5.695567554471248,0.046388200148151267,1066,2022-01-01T17:45:57.920000000
0.25565405544230096,143.7218688898766,0.7201327364642762,-32.36473307667288,-253.15959619572502,CW,2,0.0806807630953826,0.001074411413776895,197.82465763796213,0.0806807630953826,163.19864125963028,0.003549639249411174,42.514811447097,0.04334633888873417,42.149335737632335,0.008040544317943151,41.583211364402125,0.0211674624420497,28.340866333366534,0.04334633888873417,1067,2022-01-01T17:46:57.930000000
0.23944481041658663,17.232705146475055,0.6391818292943873,40.31840353085701,-115.93109289646186,CW,2,0.1288538105247391,0.0049464699720583,34.21070650038134,0.1288538105247391,33.396445249472556,0.004312739297042314,31.120934176118414,0.028274281905685324,45.71646887961311,0.0010948853363202007,33.541739625569924,0.03964312731640794,39.686853476629274,0.028274281905685324,1068,2022-01-01T17:47:57.930000000
0.11725087206812827,141.89963596812493,0.928001193180111,2.0017969080201965,18.069352153902287,CCW,2,0.06265571337492418,0.0009560532502756262,91.18703876843043,0.06265571337492418,17.474817996442116,0.000919827748566813,49.848885940389756,0.03338217706306682,62.439891248446855,0.00037678218339023603,16.42967221394561,0.014289814241684367,45.16636516054943,0.03338217706306682,1069,2022-01-01T17:48:57.920000000
0.20335461732543034,138.65008143675834,0.7026277879534222,-58.882373943791634,-279.0659053977719,CW,2,0.12770826456883458,0.0046931325232165335,154.52694782373533,0.12770826456883458,118.05542940674485,0.005619561424277086,115.01224634986895,0.01956978323661814,9.19886468394794,0.004052354513460665,51.39225163813987,0.006723434001676252,17.520582295987847,0.01956978323661814,1070,2022-01-01T17:49:57.930000000
0.3288514667986465,-163.37445920413765,0.7635818758737412,-36.13344135488305,151.8999691316459,CCW,6,0.10183450721677621,0.0027212273953168805,359.26719237488135,0.03565158580040917,166.67286774912736,0.003599020982613102,13.10783001780876,0.07435762279504804,83.6600125442378,0.004662750745870575,4.521283064094266,0.10183450721677621,20.43926053899164,0.07435762279504804,1071,2022-01-01T17:50:57.920000000
0.03910860766727287,23.683494441718906,0.8253779228484078,68.5797835572596,-87.76291641210594,CW,2,0.08666844045231836,0.0006372341230418983,166.50677829219072,0.08666844045231836,67.41111319557714,0.0010554180472932496,89.0007959583865,0.028810229639798235,73.3893580530175,0.0006524783905065787,4.40079512040781,0.021212412125981992,19.74385626904611,0.028810229639798235,1072,2022-01-01T17:51:57.930000000
0.19877185890929527,75.13366262291876,0.7931422461603055,-4.413262603934044,-105.60652480964166,CW,2,0.08520868690703268,0.000430935005528276,235.9981942887515,0.08520868690703268,169.7992857550029,0.0023926832183294023,104.83400372999104,0.05943723140234487,44.516819233818275,0.0032684298208484077,11.176550932154758,0.027776331045947348,17.02977144309766,0.05943723140234487,1073,2022-01-01T17:52:57.930000000
0.17752555480527313,-117.43525728471397,0.8782637421243743,-47.613219333686686,227.41568126953922,CCW,4,0.08511178470393052,0.0007685639933638882,221.17105402722174,0.04926077904615569,127.00955275935237,0.000289015773129302,57.94302699745864,0.08511178470393052,21.184562553588385,0.001499027401501279,11.055115816186657,0.05015818422454104,18.37983716910983,0.08511178470393052,1074,2022-01-01T17:53:57.924375000
0.15075586191770055,-113.84478240483969,0.6820328524855985,-65.56317348126102,217.07722079265992,CCW,2,0.18066177921494303,0.0016656770818639678,337.4100301914517,0.18066177921494303,119.01736921165205,0.0017905763688208925,21.94059060539242,0.10729669576055,66.67489814617326,0.0028581966599034404,68.9714767077366,0.09487173714809057,25.81767556478706,0.10729669576055,1075,2022-01-01T17:54:57.940000000
0.12057563964210054,42.19879848307259,0.6961702787608219,14.99589987328767,-95.2639739844062,CW,2,0.10600464754384746,0.0016124205060515273,75.61559159552512,0.10600464754384746,2.723802761680689,0.0019003607279449012,80.79484474876315,0.0777324724070053,34.2331842696473,0.0011427026600067394,55.27091349673486,0.03124246907170987,7.2859126313251235,0.0777324724070053,1076,2022-01-01T17:55:57.930000000
0.25151399910492755,-168.87805118220285,0.7622905710516655,-64.5284014630679,-54.84253593409064,CW,4,0.10133570459303881,0.0028487101018199617,113.98327989455068,0.021416591139351043,111.74330383271133,0.00031737273676699513,8.178511369588254,0.10133570459303881,25.629040902378332,0.0011316185886800715,49.3835900208505,0.03190467789180907,58.283358187708664,0.10133570459303881,1077,2022-01-01T17:56:57.930000000
0.1168433776871319,-92.54621036404284,0.6560966181249944,-5.2280984426412545,167.83063968290134,CCW,2,0.12189316716735064,0.0005255874764859229,122.75270517434639,0.12189316716735064,172.0777173394411,0.0014477092510196687,0.7712180723261648,0.044655550442635875,80.7129500309631,0.0010710657999425598,31.46361903852969,0.05540537156962948,57.418506015321704,0.044655550442635875,1078,2022-01-01T17:57:57.920000000
0.44326411230477647,142.7109201946704,0.7197990878987641,-50.088432301257,-326.20819127423306,CW,2,0.09207589260509039,0.001796730154734299,102.96696227339838,0.09207589260509039,135.49090320193062,0.0009539760411428688,76.34658008928957,0.08966271201777237,7.238074167399749,0.003934991797792996,21.8510317648637,0.028488475118524377,40.17928532136186,0.08966271201777237,1079,2022-01-01T17:58:57.930000000
0.24561680709036685,-134.61812134718704,0.7323494540360063,-21.973501310769393,130.53784624590537,CCW,4,0.13525107060524427,0.0023585265843962503,133.9457240799805,0.13451927197485178,158.26674603875665,0.0019986419865751434,53.81352982828486,0.13525107060524427,20.760666253108297,0.0023126965529733272,46.94412940520883,0.0652507350037889,55.349054646945575,0.13525107060524427,1080,2022-01-01T17:59:57.930000000
0.07033785234241934,134.1972462334334,0.798521008820795,-80.75134010994708,-39.4593715364027,CW,4,0.06892277127646697,0.0008177901840355704,270.9870235701704,0.06615377029781808,103.13649426342307,0.0024358389793716273,41.09296841486908,0.06892277127646697,32.59926015129268,0.003797143745819622,71.36534620503105,0.03818213395770782,35.62478543762762,0.06892277127646697,1081,2022-01-01T18:00:57.930000000
0.29276550164301474,-162.92484586968635,0.7521734744509915,-54.732788431828524,90.16111988154083,CCW,4,0.09005305323075082,0.000578560386816249,54.10701653698265,0.04919192154666697,144.11501074164246,0.0015617595028278545,70.93095695935313,0.09005305323075082,30.519999491511236,0.0027138456967716585,35.10852714767826,0.009765083246231135,18.795649767158256,0.09005305323075082,1082,2022-01-01T18:01:57.930000000
0.3462353846738281,-163.1503003705868,0.6267671201635907,-58.10670878954386,164.48666572363018,CCW,2,0.1400554309420685,0.0014285867178524018,85.58597948411015,0.1400554309420685,118.27759557705036,0.0032117143962960473,110.85197002174489,0.02724472141214825,30.21995055388302,0.0015276970940357186,66.60193967152753,0.0581898115968185,40.39830552017654,0.02724472141214825,1083,2022-01-01T18:02:57.930000000
0.3183413774640495,134.74704376405913,0.8796970038380593,0.8324873687008392,-192.65650624725433,CW,2,0.07701226302301518,0.002005191507286356,58.92270196072721,0.07701226302301518,20.423342677230433,0.0024258002607857195,70.06751620308245,0.0617000605721767,20.66639238971324,0.001249293326159637,1.9350307314228983,0.03527615843988284,31.394579491355856,0.0617000605721767,1084,2022-01-01T18:03:57.930000000
0.24088428120125185,-82.69012089519569,0.8815895668243066,9.554903810612814,203.07400839215023,CCW,4,0.10721531135854791,0.0017492296008583764,282.1134324552129,0.07897860327973777,7.359970477447992,0.0012086490891923835,98.25807207599722,0.10721531135854791,47.129220757606255,0.0012626315161816321,39.4394302831396,0.021348879926330444,37.7728997891063,0.10721531135854791,1085,2022-01-01T18:04:57.930000000
0.122608552981946,-77.32087268002662,0.897789974997348,6.187072427798853,338.1909101574423,CCW,6,0.07522744045074073,0.006266862632892296,65.45478080219877,0.013330842360497168,64.1918413017951,0.00047243611584314905,97.3427446508905,0.04982553465627173,55.43102377429236,0.0017767408803971657,56.89563741363844,0.07522744045074073,26.242720701478643,0.04982553465627173,1086,2022-01-01T18:05:57.930000000
0.06497624209891514,-101.25788758231779,0.647921915855491,-82.51368308203558,294.00147565670494,CCW,2,0.19892390845960284,0.0015056899342172267,273.0005700319814,0.19892390845960284,100.93319214064007,0.0006064939328533503,37.99891110583555,0.05147230376662396,8.514088803272802,0.00199031303205811,61.01538083013509,0.0114916169962249,23.801218990083274,0.05147230376662396,1087,2022-01-01T18:06:57.930000000
0.2421369955736843,54.780050348312116,0.8321057279672719,10.274936855438654,-139.5921314470018,CW,6,0.0699390189316148,0.005324994975987546,311.29659749589456,0.06879955541940899,7.798486414341557,0.00444950436644522,98.93079184938078,0.06579839321882168,43.672553890126885,0.001487343183575662,16.63523906009217,0.0699390189316148,12.754352626510961,0.06579839321882168,1088,2022-01-01T18:07:57.940000000
0.3044572105236828,-158.75942539345309,0.567572572300885,-43.45550776999826,84.00268330338122,CCW,2,0.2413579979659368,0.001422100834795518,261.52383977870227,0.2413579979659368,138.94118534816258,0.004053639915341898,106.8636671829118,0.07132119083589392,48.30579133647838,0.002301286875767915,34.27658695957724,0.02920288410022711,15.28944283425552,0.07132119083589392,1089,2022-01-01T18:08:57.930000000
0.549970477536664,-104.24077627369604,0.7144765323037283,-15.829939577026636,477.2061747435902,CCW,2,0.10844930540073848,0.0006378653082703136,108.9909094325091,0.10844930540073848,148.36397344154753,0.0003311808277276162,112.92037917615026,0.04322996445668701,50.311286315477176,0.0013076879962619383,26.032926306845354,0.026279006839028344,51.84173138216621,0.04322996445668701,1090,2022-01-01T18:09:57.930000000
0.14977615860570018,-129.21978636977698,0.8592631127030163,-1.385796599155185,174.66193183598537,CCW,2,0.09454719896168826,0.005503583693641056,203.42952419180182,0.09454719896168826,16.48773609746912,0.00448507487344733,80.68537864875348,0.04024271047378303,22.82453821096393,0.003126437398124753,61.281926652991906,0.0338456116137717,4.593864195566793,0.04024271047378303,1091,2022-01-01T18:10:57.930000000
0.09526980253946972,-129.4711220861618,0.6825080168785709,-6.9677058636285665,-53.68823449243058,CW,2,0.10722740595684832,0.0028893573844323015,161.7793773513803,0.10722740595684832,161.73185843032482,0.0019510668163336743,7.560350495765714,0.008640882257256458,19.88928325652608,0.00032215778532136507,14.989513240808403,0.02410253931751401,43.46111877212479,0.008640882257256458,1092,2022-01-01T18:11:57.930000000
0.06588168949187845,94.40730831341737,0.8584303253446697,8.752766460511594,-295.4205830058114,CW,4,0.09833085678285003,0.0021410418415636423,65.35140279811357,0.05520600565521252,27.807784230666424,0.0007453912946479151,88.82837752327556,0.09833085678285003,32.39443394907403,0.0013037219510214566,54.32600103641745,0.04113539479045223,6.864895194656788,0.09833085678285003,1093,2022-01-01T18:12:57.940000000
0.3836846899256161,-175.01941054422187,0.619936394192153,-53.580533255008376,49.50508187809129,CCW,2,0.0815916391449457,0.0017786486537789072,197.36597138205656,0.0815916391449457,125.2421988077478,0.0008189283357818807,22.65713992045301,0.034737813643442195,36.973081310601714,0.0005537708710696574,14.904527030227325,0.05496677786473514,58.66677130811419,0.034737813643442195,1094,2022-01-01T18:13:57.930000000
0.20537749020350796,139.55223774129564,0.7992513461554225,-35.16571753335566,-242.23901303234334,CW,2,0.07231302449479596,0.0019317963294890584,88.07904237964235,0.07231302449479596,134.65691112792777,0.002820921288107999,83.46676340224987,0.06399184292337343,52.82786025553765,0.002918042708975058,31.42622994166745,0.030032272667890464,40.84626143260289,0.06399184292337343,1095,2022-01-01T18:14:57.930000000
0.13290975343628192,47.700933242573825,0.812901854024095,73.91606438384683,-320.29581622115336,CW,4,0.11971770747169581,0.0038632604664730593,318.3688984074513,0.08417849075193665,84.01792166830603,0.0024428244348790526,70.00773565680711,0.11971770747169581,89.9107459661346,0.0015199174023596104,60.03948435475637,0.05404734237023988,27.506467671960763,0.11971770747169581,1096,2022-01-01T18:15:57.940000000
0.5274064257538749,176.84846019188265,0.5386505854586602,-42.35012881733786,155.13409754807734,CCW,2,0.120046728549095,0.0039920026208855285,15.432163553079402,0.120046728549095,135.41021160072194,0.0026631500163560814,115.75874816714428,0.08501174615923233,34.84560353058775,0.004417782757933734,26.632568716336678,0.05014151882897507,59.360977743864304,0.08501174615923233,1097,2022-01-01T18:16:57.924375000
0.4845021749967329,-91.97789551945743,0.9910476136686985,-50.30016843023205,550.6343176745469,CCW,4,0.02579587290754484,0.0052786722451589226,159.56011680305593,0.023216028247664375,127.10232247947317,0.0016475728399521577,6.366114032974988,0.02579587290754484,78.40386416814091,0.0030170143043050093,67.71170904119583,0.020567929844288894,6.9342734295184645,0.02579587290754484,1098,2022-01-01T18:17:57.940000000
0.08878461920965369,7.474414942435796,0.8744522805940319,20.787773829663735,-223.67059937971928,CW,2,0.07053802278015109,0.0019935830711391603,172.50961633461827,0.07053802278015109,177.55362808198547,0.001772874565365815,105.66965011280925,0.025801216412012135,88.35243021707512,0.0015464674697959712,40.586579423769436,0.018922670546916556,17.994760149166325,0.025801216412012135,1099,2022-01-01T18:18:57.940000000
0.1956621081451465,-60.82642159529303,0.7187837997798668,38.9432285710042,41.38406310379405,CCW,2,0.125018939775725,0.002509055964306948,335.6166631233276,0.125018939775725,41.27558256782015,0.0010721068054209144,64.42207784518912,0.03839317550942046,81.94845540598459,0.0018513888998363411,4.29442161014697,0.03217627150383251,47.25608002636248,0.03839317550942046,1100,2022-01-01T18:19:57.924375000
0.2712017015871425,140.99465982407293,0.6841758900719997,-41.66814882462475,-379.55480316832035,CW,2,0.11149067652670407,0.0007115123967499244,152.0215657119679,0.11149067652670407,132.76683707520394,0.003320465760183714,12.645939791065294,0.07114764455651024,20.517904082621616,0.002023845721275702,44.22766907432662,0.05570433686940463,59.81331861950075,0.07114764455651024,1101,2022-01-01T18:20:57.940000000
0.0755199339872901,156.1202892785622,0.9274508858857116,36.89056715767603,224.13488128636416,CCW,4,0.08347716627703522,0.003239114876831684,163.3713529793696,0.05373317620854182,60.46142354664095,0.0017395875500801114,90.6212775574754,0.08347716627703522,28.890518747389095,0.0011854105175540337,39.51151081631662,0.04917877871286949,45.02910402270991,0.08347716627703522,1102,2022-01-01T18:21:57.940000000
0.2018505892486257,-165.6254767581004,0.7175458220884993,-16.70815659565497,94.57527086075967,CCW,2,0.07974060340395743,0.0008547818182404493,292.2842920357286,0.07974060340395743,178.44274262123935,0.0027396810660263574,116.17893451757071,0.029796247529303398,60.879745220209,0.0009262541260712706,70.84249615904014,0.04264510599748796,46.22653500600322,0.029796247529303398,1103,2022-01-01T18:22:57.940000000
0.18058988214398317,139.34448846768262,0.8332017346660505,-46.33598393877929,-256.91660281569136,CW,4,0.18482653390454515,0.003918952836975839,93.48427743449756,0.03194681945943981,82.64461713623533,0.0014671041939837268,39.80156942286056,0.18482653390454515,33.137029376579626,0.0014997025745583307,8.295283294855162,0.03873947250775192,45.29776244457656,0.18482653390454515,1104,2022-01-01T18:23:57.940000000
0.5629689284610176,-158.5479918643334,0.5350593600439573,-56.20519832658705,279.9213266543358,CCW,2,0.17066266832083074,0.0024348017874740156,240.08786073768334,0.17066266832083074,124.96614512727737,0.001282033775207299,96.50220776551323,0.056362683489367,59.902039476074606,0.0021011663166798163,3.305565389269261,0.010028740201992183,20.93514080595906,0.056362683489367,1105,2022-01-01T18:24:57.930000000
0.31943329094551687,81.71001682837385,0.6582583407567051,-69.83707121213138,-215.3448123504009,CW,2,0.1495526111382683,0.002756874726409302,190.51335906887866,0.1495526111382683,101.01794158074982,0.000496666777457587,72.99136479527331,0.05663819592533857,83.21773640869222,0.0012892604838486105,49.28784490561154,0.01843470989311866,28.196085674616835,0.05663819592533857,1106,2022-01-01T18:25:57.930000000
0.181201958393927,130.41627151988519,0.7941070958471206,-83.85445476702273,-343.0623348886175,CW,4,0.05530753468010071,0.0015808970797712369,248.54474443890768,0.021266621790005758,69.86908855042529,0.005695658980537907,29.481315533124654,0.05530753468010071,38.716870605840185,0.005295723538490371,2.2695437141612342,0.031720092022989275,55.004813917114305,0.05530753468010071,1107,2022-01-01T18:26:57.924375000
0.1238366217645187,86.37311184365254,0.8010610379260966,5.100855884130453,-234.10428941989736,CW,2,0.11754997861383411,0.0013331121412805496,74.02415428172611,0.11754997861383411,21.34648456818509,0.0042539172220409606,55.203671064728326,0.07267237241051556,17.96180270297977,0.000859341528108314,7.336475770592168,0.05306327473704686,44.957122644916225,0.07267237241051556,1108,2022-01-01T18:27:57.930000000
0.20573281637583948,27.473296421718533,0.8250844600169167,41.85862755716536,-138.87045264085683,CW,2,0.04845941128075379,0.0018828979977342382,247.58354942708792,0.04845941128075379,28.89101297145509,0.0025353612845643012,51.79173755278504,0.023608081886686567,48.796567169923904,0.0030583142032510682,4.820085089757556,0.037859305844903775,22.26414946303993,0.023608081886686567,1109,2022-01-01T18:28:57.920000000
0.153662366466969,171.2761663021687,0.8436159235001853,-48.06258427225072,27.318869333231476,CCW,4,0.06203935419640386,0.002305629300109164,298.88733601987235,0.027815134548147626,140.97459559032,0.0019709802298453127,85.55182955759369,0.06203935419640386,40.77444592600963,0.0013446937268474805,19.85452437799388,0.004835458869749188,11.455217071167729,0.06203935419640386,1110,2022-01-01T18:29:57.930000000
0.33048125531745054,-178.54495149697232,0.7020447841400331,-29.035038645256236,-145.75717092040492,CW,2,0.07389764824795866,0.0007239559424287198,184.0475999668247,0.07389764824795866,140.8400387087187,0.003728286334224519,102.78889048917502,0.06509987481675712,60.26405912716421,0.0015297955565269968,7.240098424804135,0.06089993655674482,49.801977531423724,0.06509987481675712,1111,2022-01-01T18:30:57.920000000
0.3616883979677388,135.50040992290442,0.7309697219861706,-41.108018128140145,-598.6195982615666,CW,2,0.12478297301477702,0.0018044809907563602,109.44250051791855,0.12478297301477702,143.94372593493472,0.0008085283671839866,109.4795281653938,0.04646635955712562,32.772446324015384,0.0005477018041994095,70.7701206313763,0.04229359604799383,5.348595287300378,0.04646635955712562,1112,2022-01-01T18:31:57.940000000
0.22405931539113988,-48.97013786334022,0.8096994074276911,76.91625253237757,463.59739073624456,CCW,2,0.10183494201753258,0.002703180544112987,262.4712592480304,0.10183494201753258,88.40358044050083,0.003294599391854626,21.10804663924276,0.07305028035606724,67.76966446455633,0.003103845780387465,0.6883605104707692,0.06417319759956665,3.9735784622045545,0.07305028035606724,1113,2022-01-01T18:32:57.940000000
0.12559687462463906,-28.85745032441788,0.8735424652264486,2.7649779627537896,229.1856991184826,CCW,6,0.10903680737919107,0.005207404343291342,5.399234378500855,0.09435801054900911,157.6718452919514,0.0014350022553142451,0.2444649214579921,0.04464596024151109,46.36564273735974,0.000847594943826032,50.762377838897336,0.10903680737919107,49.27182394262998,0.04464596024151109,1114,2022-01-01T18:33:57.930000000
0.16229964509810446,-117.13153696196198,0.6645468690352974,-55.306204171569775,216.0247057231765,CCW,2,0.17793577155239157,0.0008945320987053927,228.82365491984237,0.17793577155239157,126.38893025889037,0.001987505669144866,61.05833750872149,0.0887737043814387,47.629973288511806,0.0007796796918081938,3.1394633738338773,0.005498096708156854,6.076710821397166,0.0887737043814387,1115,2022-01-01T18:34:57.940000000
0.31297869064264594,171.78228770405275,0.6836615642160007,-27.3080966096783,-164.89788990489075,CW,2,0.12207949305149769,0.0009626913441799921,83.20953868443877,0.12207949305149769,161.95473804639457,0.0022715693793414573,31.647074308041674,0.09342409710613003,31.58702654030534,0.0019019653030315964,19.82960584289449,0.04996270093937382,34.33386094057245,0.09342409710613003,1116,2022-01-01T18:35:57.930000000
0.19097097432653276,-64.23959021070806,0.6672724539423537,89.61710492075999,216.03504440481723,CCW,2,0.09953740058343385,0.0028643622752977855,230.06731297011981,0.09953740058343385,89.41902136315343,0.0018825545809207397,19.255283922051856,0.06981813742709049,1.9815107651578316,0.0030551682584413066,43.68442532694078,0.0878231914600676,22.68806107195728,0.06981813742709049,1117,2022-01-01T18:36:57.940000000
0.4369345264778675,122.58412582359867,0.7962090749552536,-45.146389156109905,-455.4138250693705,CW,4,0.04234342426128328,0.002518578996150484,143.12511175998236,0.03539997959100064,144.091871797004,0.0018448481996963275,85.66096395586973,0.04234342426128328,89.1522911008275,0.0012935901511917306,11.951268351872292,0.02333755325116358,50.20778855506826,0.04234342426128328,1118,2022-01-01T18:37:57.930000000
0.24291273371087171,48.506957263918316,0.6917073758554589,4.703892223253916,-329.34316660162915,CW,2,0.06126354822203308,0.0018069330621798378,198.09661222258944,0.06126354822203308,164.25242267983694,0.0035394450038033157,99.43200190474383,0.05623775106687176,31.802300715618642,0.0024682184721703205,46.113487529339366,0.014284033446287637,19.96063852788655,0.05623775106687176,1119,2022-01-01T18:38:57.930000000
0.21508589415723525,159.4970738382692,0.7425153118176328,-35.94791002924899,-71.23145286601327,CW,2,0.09237595920187726,0.0018465125882099437,56.32047691831872,0.09237595920187726,160.6623505614848,0.00250289788400111,15.418308051356101,0.023435954883285794,4.106534851770116,0.0027683451314745515,17.593851318074073,0.04688683579625439,10.75079657472667,0.023435954883285794,1120,2022-01-01T18:39:57.930000000
0.24489218165353902,60.9313580085815,0.8074948560090236,48.720091603777746,2.9428333967995854,CCW,2,0.05960150424191174,0.004755250107926247,202.99063626339782,0.05960150424191174,47.52437317348642,0.0021594244303280575,67.92282324856589,0.015618966785878936,48.14049975396495,0.005413535945681502,43.02106266227067,0.0035792086655172515,14.484837613752582,0.015618966785878936,1121,2022-01-01T18:40:57.930000000
0.2842365964026798,-43.60008924412342,0.8478168597374315,38.29342687812289,424.25479890256923,CCW,6,0.07058946015640334,0.004338550777627277,219.11468175571548,0.042852246409981,14.47616295769345,0.0014079652791370689,44.12876778182623,0.041834102671419966,78.44985391791798,0.0012543670870495296,6.8606785483976545,0.07058946015640334,5.0572235642141825,0.041834102671419966,1122,2022-01-01T18:41:57.940000000
0.20764296800917934,45.44887456608838,0.7501013650341297,9.298731137818066,-388.8118597647303,CW,2,0.06993133504253296,0.001498795717357633,201.68344364531177,0.06993133504253296,3.9585995584467977,0.001583113135472391,74.70491625058362,0.010598670605464,28.103626640299513,0.0013348169205988421,47.5309259492913,0.06334438045309636,58.82340981300237,0.010598670605464,1123,2022-01-01T18:42:57.930000000
0.3666675372102108,89.71537140039872,0.8773756570747983,21.082881640321318,-487.2573010071127,CW,2,0.055214845033567925,0.0032677513845135063,273.2457014108339,0.055214845033567925,31.263559180536806,0.0013569305236688382,32.74867528708924,0.020302168078672512,14.783784995884336,0.0010414239792333388,64.74929492341818,0.03843303527965474,59.08282087487974,0.020302168078672512,1124,2022-01-01T18:43:57.930000000
0.30289756166010745,129.31313908984313,0.7012313724235507,-22.22505862058418,-528.9247982215952,CW,2,0.1341845761812625,0.0028420484711323916,264.2478165584421,0.1341845761812625,158.23308666237355,0.002395793004897608,63.792127516237635,0.02217770198206997,33.96057080782437,0.00044888581241492775,44.77555881858767,0.03188425374665935,20.53151706956873,0.02217770198206997,1125,2022-01-01T18:44:57.930000000
0.2135594643686717,-174.69542729746735,0.7550443505324284,-33.59742590395973,146.73030051077475,CCW,2,0.08188411795304877,0.0021892215856302777,190.40398965698242,0.08188411795304877,134.55964478963355,0.002007120460014827,56.12505561847993,0.05790005940052688,7.850483499443891,0.000512389980641291,60.588289772264694,0.06464425233131739,39.901915209099016,0.05790005940052688,1126,2022-01-01T18:45:57.930000000
0.3017316456253693,-159.5400507645159,0.6004475753731711,-21.516718303539903,136.00091901773396,CCW,2,0.15470845170699993,0.002434018731674486,315.52707188552006,0.15470845170699993,159.21716859413922,0.0021690255849191415,49.43564493199095,0.006028650088653491,34.687351256927215,0.00499445661153004,67.49284273156809,0.041659428433780676,57.034643121850415,0.006028650088653491,1127,2022-01-01T18:46:57.930000000
0.048414699883441846,102.9472424290037,0.8398749564834354,-0.4214941032477384,87.48152234331374,CCW,4,0.07190842403328337,0.0005459303421675761,338.8903902965633,0.015039209854303298,24.49550540808847,0.0013661503227153505,4.227675285722791,0.07190842403328337,88.31722303700818,0.0020764937355867118,20.135380768267215,0.024105009201425744,40.141730974053075,0.07190842403328337,1128,2022-01-01T18:47:57.940000000
0.1447157369745984,64.3663339517957,0.738726998998766,76.819534101239,-134.80906080954603,CW,4,0.12104302848090233,0.0017580938235816441,56.4366535861317,0.09755440281023314,82.88298422097441,0.0039856132593295585,60.076301675534886,0.12104302848090233,54.07357038319907,0.0030184411953724064,71.04375201133192,0.0966148896201342,4.315812435259668,0.12104302848090233,1129,2022-01-01T18:48:57.930000000
0.10939316333022804,-93.27746002487616,0.8881268850141598,-38.350151366168404,300.8575235296238,CCW,2,0.048851789805015096,0.0013747729975875473,315.7529527928609,0.048851789805015096,136.0247536846481,0.002350891600357119,111.75483302729083,0.0370873959522117,81.08854330451547,0.0014295005626906152,36.48107203933126,0.016916445591905034,52.09762925828535,0.0370873959522117,1130,2022-01-01T18:49:57.940000000
0.31362265889274205,-142.22280946489963,0.6827366460635393,-83.84908154919898,338.54784652976525,CCW,2,0.10930528740176845,0.0002451459719530943,344.17252741305373,0.10930528740176845,67.98456066310081,0.0014912760399570682,113.54575859190588,0.04076212542240141,14.277160630602467,0.0021501645083395336,14.620680178121333,0.015573288824985551,19.17534849858728,0.04076212542240141,1131,2022-01-01T18:50:57.930000000
0.3010991035182063,-171.36474752743734,0.8318572456956609,-61.69910904337159,154.40040751911533,CCW,4,0.041987266614084404,0.0042419112188779974,41.540891748926434,0.01296424850320652,51.824672057476576,0.0017383432460708573,53.340045074545344,0.041987266614084404,71.65770884972395,0.002700216282842154,11.656668996740303,0.03462279791799353,56.08440073325079,0.041987266614084404,1132,2022-01-01T18:51:57.930000000
0.3289606286720508,-139.2720338266958,0.654377699232867,-43.198671905016965,172.01039411370385,CCW,2,0.1254140536392097,0.002306314392507563,349.6289549395491,0.1254140536392097,130.63417684693238,0.0022080568892866343,5.60087788500287,0.08442893013348016,41.872535619922,0.0037520807264821037,30.67437487230717,0.03445109702673323,53.11400725447422,0.08442893013348016,1133,2022-01-01T18:52:57.940000000
0.20868787736269104,75.38573594828804,0.9873327492582598,71.12288916409805,-213.57916260486238,CW,4,0.11789096005216117,0.0025970273293746777,264.31552035677333,0.0770947454449632,109.08796947853834,0.0010835562574856212,46.21938392610213,0.11789096005216117,77.72364116311316,0.0027960435477899933,21.258939287307378,0.07668356771746085,7.163131724025314,0.11789096005216117,1134,2022-01-01T18:53:57.940000000
0.3028927724034511,-171.984373164589,0.6905681157080547,-20.56773151649557,169.64194121729173,CCW,2,0.08307565221968824,0.0016146349982781288,32.87767665546842,0.08307565221968824,165.47253752369022,0.0013420191336783209,49.426174255750404,0.04989584440976415,76.7870908295175,0.00023807804663193146,34.562111144952574,0.03577299493396008,43.035066581077615,0.04989584440976415,1135,2022-01-01T18:54:57.940000000
0.2930472920588309,68.56847639528557,0.8626919388681383,48.126950267365,-325.76985524639673,CW,4,0.08240282469402298,0.0006261129238339032,303.628097206483,0.04173001585946878,52.60486066433773,0.0009310148762645475,3.75924735298696,0.08240282469402298,12.050408027762915,0.003047994160320343,34.54919957718464,0.044212147298675446,38.104479254661875,0.08240282469402298,1136,2022-01-01T18:55:57.940000000
0.32718673120597913,-75.30970126180603,0.7512974332085828,83.00491594640314,540.676888990617,CCW,2,0.10479128711378612,0.001679121516843922,210.00075639935022,0.10479128711378612,85.8156831987344,0.0016036298012791414,33.81449996098522,0.02257775506659533,58.37289734643596,0.0018836718982245988,61.81603249635466,0.04890174103435951,27.025107991406962,0.02257775506659533,1137,2022-01-01T18:56:57.940000000
0.20606005967287003,122.40613029538596,0.7955196631205363,-65.62917078498647,-500.8320015056248,CW,2,0.11527146487229395,0.0009709454747632615,120.25761115659478,0.11527146487229395,106.50007227314133,0.0007524245048768094,60.28633904904969,0.03035474682250018,70.92733774995253,0.0015007596397770082,71.25979662166095,0.05684455678407095,41.53291263513913,0.03035474682250018,1138,2022-01-01T18:57:57.940000000
0.4143708166837522,-148.40736888819654,0.7461352895703276,-53.30141401476905,297.11320022159987,CCW,4,0.1371364682245343,0.0023360864355296274,124.88872278582512,0.09583928123073404,123.36825811002228,0.0016360174647934472,96.80515350859122,0.1371364682245343,74.96267036971032,0.0027479150613998284,61.963641564877136,0.023132797831093052,53.893989212605995,0.1371364682245343,1139,2022-01-01T18:58:57.940000000
0.2076002860011692,-128.34607410457954,0.7002144570925658,-83.30015690376513,294.81726391675517,CCW,2,0.1299386758540055,0.0024674138889489968,88.02940303519725,0.1299386758540055,96.81375429683315,0.001002247575784147,86.356713927788,0.03957435556067529,87.00625461070524,0.0016046172594467495,16.582677687385836,0.07116612176459021,52.28278438014905,0.03957435556067529,1140,2022-01-01T18:59:57.930000000
0.27700063000182196,146.59283290527188,0.7404640629798607,-38.173524493473565,54.309317879505755,CCW,2,0.1421253642620473,0.0017125984295372956,11.655832277560869,0.1421253642620473,140.0938996657484,0.0006221930580694369,18.878070749920333,0.07871366702033188,75.9793156204773,0.0014046839036078397,28.08969599258824,0.054449614007146145,51.9421271593603,0.07871366702033188,1141,2022-01-01T19:00:57.930000000
0.3153961698635175,-125.75403670287751,0.8863904104520911,-9.366157433593628,132.22408319181366,CCW,4,0.15123101732471397,0.0028104058352017023,276.8598520938435,0.04055924474072489,41.11162627024349,0.00550596271125204,14.709983925064979,0.15123101732471397,38.39401318727894,0.002509158860047849,27.55057855825123,0.0626779883108802,39.906856251333565,0.15123101732471397,1142,2022-01-01T19:01:57.940000000
0.028576312522318948,-153.00494530556495,0.9530939753599286,-27.28122478833643,128.058139155581,CCW,6,0.05349393193485519,0.0013719011504130265,329.95300864839714,0.023472336367294254,137.15719122981702,0.0031747823741338013,38.74895683717792,0.050367370582788486,8.376874552634797,0.0018671809606162254,0.9630255812057343,0.05349393193485519,44.108161310744286,0.050367370582788486,1143,2022-01-01T19:02:57.940000000
0.17340806047459356,67.02752538252442,0.6895653884704389,-6.112275900253621,-285.3216901157998,CW,4,0.11626788994341733,0.0023631383520999055,322.52678774467245,0.10733861868732913,165.13874379569796,0.0009953444437457882,105.68812874280923,0.11626788994341733,58.61700700610308,0.0022050880660796066,0.39754030856430955,0.029793682714945275,54.30464735600407,0.11626788994341733,1144,2022-01-01T19:03:57.940000000
0.22480595385652083,-170.66927678792254,0.5716928825617026,-21.51796601063566,-78.95259989133393,CW,2,0.1843879668810541,0.002136089840748386,72.58847385685365,0.1843879668810541,147.6065242015984,0.0034439388690975215,84.67495783352675,0.05276440818364281,69.50761230271993,0.001697406463089723,19.937935262210285,0.0852950804888463,40.07879826813128,0.05276440818364281,1145,2022-01-01T19:04:57.930000000
0.331783382688512,-120.64340668395786,0.5291269307896059,-9.682722497808442,240.02131802183516,CCW,2,0.14632081285492862,0.001890902878901527,72.66807540687249,0.14632081285492862,174.637708228945,0.0011419719057074779,68.98620334981155,0.08512878453249981,78.78921984238819,0.0019182441376457903,39.29931584051134,0.05405392238968393,29.114853884276442,0.08512878453249981,1146,2022-01-01T19:05:57.930000000
0.15115747943740504,-137.40447294393653,0.6917769908452368,-20.615027579709306,176.1618154620146,CCW,2,0.1201525869417121,0.0016617290874530314,337.78112525524864,0.1201525869417121,150.28808308243384,0.004189324696759434,40.47773217430082,0.06910227395887296,71.23302692944934,0.0037862632841726275,49.91015966351394,0.019184200691509095,19.825335192953226,0.06910227395887296,1147,2022-01-01T19:06:57.940000000
0.37802941150151875,88.72439863231074,0.674774734564787,-2.153983671554329,-565.4328125501888,CW,2,0.09780460177313186,0.002137600420069755,318.5375993695325,0.09780460177313186,175.7337335135672,0.0025333489583190243,4.497145133776094,0.052119226549604686,49.88192246141867,0.001675543149979027,11.352907025880954,0.0535909354489955,5.652290531301069,0.052119226549604686,1148,2022-01-01T19:07:57.930000000
0.331814864397723,-138.5819652467674,0.5768718148213485,-77.86371483096954,420.9498896780199,CCW,2,0.17389208220493563,0.00531785453088408,59.36768016823605,0.17389208220493563,96.2876142817374,0.0034359123895491657,26.783728734543068,0.0185180484607571,88.70761255294609,0.0027048479333592356,33.963522582014285,0.04578041792204636,40.6014429447668,0.0185180484607571,1149,2022-01-01T19:08:57.930000000
0.26420053678340616,-142.48198018571452,0.7052090947977159,-39.35158774790304,42.121735251198515,CCW,2,0.10216003258872072,0.0008369794539795024,205.7603854629106,0.10216003258872072,134.0548291165046,0.0004188446176029541,67.68953657796325,0.06601272948907368,50.01128954839513,0.0015881268863982463,57.74741654867525,0.0384597310134471,13.088083044915829,0.06601272948907368,1150,2022-01-01T19:09:57.930000000
0.2199609352735496,-31.01691183331264,0.7113293766088098,62.3888735638098,131.17925286172485,CCW,2,0.10244262200693886,0.0018631480373952894,160.4436026242037,0.10244262200693886,69.2389116796954,0.00042480568518682806,57.19103104077286,0.08793200121843169,43.91953935762325,0.0017034840918150349,55.912872924588896,0.014929450800115408,32.93346170184246,0.08793200121843169,1151,2022-01-01T19:10:57.940000000
0.3550755499572307,141.09221248429708,0.7325614326935299,-21.323425780122392,-283.7705070867753,CW,4,0.0993447134858503,0.0026787566596371166,277.98170158457157,0.08041596523727572,149.18149240216496,0.004202167824309198,44.50176383637097,0.0993447134858503,31.14007499806635,0.003419054813711975,64.13761659501321,0.026719421698674518,35.99714747511394,0.0993447134858503,1152,2022-01-01T19:11:57.940000000
0.2728223329447774,-36.23553579418823,0.8747017145133357,17.835060537389296,-46.3069837619266,CW,4,0.09073268843285714,0.0016565690606289937,113.86749050037227,0.032392230603616984,130.64240101418903,0.0030918585754322638,91.3942483964013,0.09073268843285714,49.62122941233138,0.0018401845144505778,0.07975408690878008,0.008974837487090707,26.93793321531282,0.09073268843285714,1153,2022-01-01T19:12:57.940000000
0.21822568396939965,-104.59930934220745,0.8145721655958011,-70.81971786875677,162.2964999190218,CCW,2,0.07704181376272268,0.0018708474143482414,170.32312087888738,0.07704181376272268,105.5440060723348,0.003112014261389134,112.05629953597412,0.07141794340704673,29.51950961536451,0.0019516470297066704,34.41151154884425,0.05292337646890863,24.764970556531303,0.07141794340704673,1154,2022-01-01T19:13:57.940000000
0.4781124123496678,-135.17937639673454,0.7743468530906559,-44.30260282855204,555.9727388566334,CCW,4,0.09355836912334282,0.0016731170102024598,165.25141721971883,0.029125827243940337,54.02630373650206,0.0026319379698987364,70.03829498331572,0.09355836912334282,46.958340535346665,0.0021064346289439285,63.138438642889994,0.04778120555537396,58.70383154365172,0.09355836912334282,1155,2022-01-01T19:14:57.940000000
0.38041243678146147,87.56738929929367,0.947075886403837,86.65092715841354,-477.6516752186127,CW,4,0.07410352219354786,0.0018456589931463198,29.509649385160728,0.023169640220176913,58.054917402859324,0.0017453471568050453,10.425607072849228,0.07410352219354786,5.6447463658106045,0.0013428933951182562,1.7898061985345237,0.057920290015617416,10.333787802410145,0.07410352219354786,1156,2022-01-01T19:15:57.940000000
0.21794239370267138,-155.56646576407016,0.9057594574257237,-72.3386071499773,-270.3686711819332,CW,2,0.0575117973912611,0.0025491273817526286,39.62679851476935,0.0575117973912611,72.54922120348822,0.0013840134673587814,76.14767523276535,0.037627151993516704,47.62268482002176,0.0020024570426281038,11.996064712795175,0.009362203781918883,30.71572590451047,0.037627151993516704,1157,2022-01-01T19:16:57.940000000
0.11496257347706848,82.37045916075377,0.7284271349529646,-85.94151634079718,-208.62281533281828,CW,2,0.08580295808407305,0.0017399295890611632,37.28286752001414,0.08580295808407305,106.45221968003754,0.002517365647949114,89.60067626591575,0.02964413054622129,52.50889150245128,0.00019424493477900368,49.8150300621805,0.05964458484391887,33.07463842074212,0.02964413054622129,1158,2022-01-01T19:17:57.940000000
0.27123743011220836,148.7030702173049,0.8146164671824182,-82.16220960515213,-106.32164434202195,CW,2,0.10562646825618101,0.001053756330406052,299.6701993646941,0.10562646825618101,83.51103244440095,0.0017491312031341884,105.93829775694951,0.10375442416298329,75.8444633835808,0.0024257461569991397,70.18443113399574,0.04394779593331567,17.12905416368467,0.10375442416298329,1159,2022-01-01T19:18:57.930000000
0.1314888259193751,-52.44820410977743,0.7736328597540699,24.36675630624555,155.44126684146795,CCW,6,0.09786322969639923,0.0008983997404197584,86.93608787138943,0.09532201605281572,19.906600632813092,0.00293889704235452,21.331233023704925,0.042217062342116266,35.933672509310014,0.0020070741922215227,8.66325319819557,0.09786322969639923,28.293952165942486,0.042217062342116266,1160,2022-01-01T19:19:57.940000000
0.15655314857202232,69.6685415747162,0.9450649979396525,-18.73071746928531,-212.77496709536166,CW,2,0.03140463133859573,0.002819464164059536,144.562955523258,0.03140463133859573,118.98937868338373,0.003658487035194151,25.32368705287311,0.02209987934780503,34.83346937848131,0.001330304792836911,28.607104851477597,0.021011823451632453,59.24817720821227,0.02209987934780503,1161,2022-01-01T19:20:57.930000000
0.373088887732072,167.407790091964,0.664368823548749,-53.98837878029779,75.96709482445246,CCW,2,0.11967819791533868,0.0014388350453950938,105.64686236942106,0.11967819791533868,133.03832675538808,0.0012350850977385812,98.81792656195074,0.024458610462377725,14.248069881338916,0.0009259104223938457,24.716239252043028,0.020377397694708692,48.061655782730625,0.024458610462377725,1162,2022-01-01T19:21:57.950000000
0.2761974793030425,-126.7179759003131,0.7828506890430375,-17.89967894003894,314.76175940444756,CCW,4,0.12133464560987652,0.0006050092763507901,299.28412623803956,0.09886357560529566,163.06712947590566,0.002138025446109253,66.89736399441745,0.12133464560987652,6.506135303381369,0.0021289918379112497,71.07275164675377,0.09200548073346347,54.967616283023446,0.12133464560987652,1163,2022-01-01T19:22:57.940000000
0.4575069163217653,-90.22913831082175,0.6527952630474626,-86.1467278421081,255.72737786772302,CCW,2,0.1642544059253847,0.00320738822370511,301.46502209334756,0.1642544059253847,93.89668448187611,0.0036364407783691407,35.51314574415796,0.01796170409891151,38.93534620177516,0.0029871392233001177,23.74584940099453,0.04772207647171421,41.78710378216503,0.01796170409891151,1164,2022-01-01T19:23:57.950000000
0.20681551405339232,-146.84190726021805,0.7920968142484524,-57.5961853670381,-150.9068668939359,CW,4,0.05399621806039622,0.0007625334013584052,174.272710852904,0.03753093206615375,127.13327594707711,0.0015765587728700356,80.33564928871104,0.05399621806039622,60.095910591553015,0.0006442061556523968,13.334851427838574,0.03738385640756319,7.60834860149209,0.05399621806039622,1165,2022-01-01T19:24:57.950000000
0.47859684755013276,-115.13929559495942,0.5350850520982195,-10.636859656023063,368.0050481564402,CCW,2,0.20646133175690493,0.0009473329530713703,300.2594607434607,0.20646133175690493,1.404650070758657,0.0018563422591694597,52.988870015197485,0.0566640583576839,54.743754644597566,0.002618493937872431,5.907417450084443,0.13050744788350774,31.456754839368838,0.0566640583576839,1166,2022-01-01T19:25:57.930000000
0.2106314198656503,-71.41832615559908,0.7080205746426685,-79.07290379935685,270.21978832449787,CCW,4,0.11670186232518526,0.0018441729989389162,267.7481228244694,0.10434909571235311,100.03829955448843,0.00031058561022059584,81.38836182545498,0.11670186232518526,20.856210884719438,0.0014173603011202825,64.50729303400728,0.04459812489171722,5.290378820818802,0.11670186232518526,1167,2022-01-01T19:26:57.940000000
0.27517877479871866,153.77514413797277,0.7207486057309921,-40.57270183526586,-68.06810044040765,CW,2,0.08949079173254922,0.0013132525798625685,143.62580054644275,0.08949079173254922,136.6051634129585,0.0005282951543351658,81.49733001047244,0.07846336506471713,46.016156255807886,0.00035903041502862235,50.125049123586834,0.01067750747669409,31.655252509196405,0.07846336506471713,1168,2022-01-01T19:27:57.940000000
0.09332717006675109,61.80863146978718,0.8086982753902807,1.7797741274710859,8.147490756311129,CCW,4,0.05239747344124571,0.0010620859216950514,208.55570561506437,0.008359083266975369,154.23814919044526,0.001706723093733466,65.87265918666019,0.05239747344124571,89.97485303064828,0.0026268562139487375,58.37462240722804,0.0062708985409165715,43.73864980051481,0.05239747344124571,1169,2022-01-01T19:28:57.940000000
0.17369888347710108,91.74245111702086,0.8638652610863632,-68.80691816299988,-6.071548600376218,CW,4,0.07260628207955447,0.0012339075708005373,55.48284895551222,0.044985820901643714,123.96882701983814,0.0014288929091209191,104.69981145072379,0.07260628207955447,14.29366345338423,0.0023273192541411717,68.3922154232104,0.039631457266273706,47.82963189694852,0.07260628207955447,1170,2022-01-01T19:29:57.940000000
0.3402722230090073,-154.20076923229564,0.7538529695112114,-40.77961352951209,134.820543528207,CCW,4,0.08225622820620664,0.0016007399525864616,112.11593601068702,0.03673190655950785,149.62399338487134,0.001061592224815332,103.24571645407711,0.08225622820620664,40.02025524914561,0.0025504991005541816,18.100843236734118,0.0343523448132604,32.52314826107853,0.08225622820620664,1171,2022-01-01T19:30:57.930000000
0.31721746752352686,-163.626285628443,0.5959163155613174,-20.489162528448105,261.3465204221085,CCW,2,0.137423713236089,0.0034360766261826528,210.83353644320718,0.137423713236089,168.80563066167295,0.0023277442012708794,63.08155649779901,0.03362002427539942,75.09408609614434,0.0032306438865747967,62.8098675996712,0.035348420052528605,2.927368147352537,0.03362002427539942,1172,2022-01-01T19:31:57.940000000
0.16119416085575047,-53.50688043991533,0.9529244771693166,-36.032470354515084,284.2102112978572,CCW,4,0.0675794375083678,0.0007659370141519886,351.22454826050637,0.05873252825713937,151.81559616029068,0.0031737170454168157,10.183993071273047,0.0675794375083678,28.261385745670584,0.0039018117345050473,49.35887750144653,0.012971528627959639,24.090307442332936,0.0675794375083678,1173,2022-01-01T19:32:57.940000000
0.08582978188430294,-79.15367708274144,0.7608627857640788,3.694284939406373,213.26466503350528,CCW,4,0.05082656974915902,0.0018249994723741202,98.3939264597453,0.034824974278821114,23.575840973955884,0.0002547600234972162,82.0583034249193,0.05082656974915902,15.479571801953222,0.002851239665258487,24.212211739418883,0.01963653002391828,38.94979405989441,0.05082656974915902,1174,2022-01-01T19:33:57.950000000
0.02848069712417716,-108.90817239918988,0.8804992052018812,29.633517260600655,58.400638810208754,CCW,2,0.08269745625198838,0.0017491067487019054,85.3228440922106,0.08269745625198838,52.5192692071154,0.0030166101287141607,99.32732251267844,0.07188251479847634,2.025751740791678,0.002367295577703234,67.05790410350717,0.029041073674757042,52.27662760539991,0.07188251479847634,1175,2022-01-01T19:34:57.950000000
0.25387788845728704,72.25832299579461,0.8672314338457398,79.78435869340814,-220.50048852601338,CW,4,0.0742982055743185,0.0019117495773154991,151.23160016003703,0.018500400396025997,179.28337345844136,0.0028167859022821384,33.384492149114685,0.0742982055743185,75.3455022421225,0.0025710711551598492,21.452769504565588,0.025001439943187067,37.13824356500371,0.0742982055743185,1176,2022-01-01T19:35:57.940000000
0.42468567884203573,-116.16502952355285,0.5313279207136821,-22.656472454953217,431.51849660194495,CCW,2,0.15431418821373902,0.002083282183686337,212.93810707191486,0.15431418821373902,156.0592545587836,0.003242751868099286,103.54144787076417,0.04979846931925295,48.72575695460506,0.0008977277045296715,43.517914164139825,0.0431073669044627,9.864981016158273,0.04979846931925295,1177,2022-01-01T19:36:57.940000000
0.05811651382031959,106.50241757013966,0.5458368187150568,-3.560003058368835,10.267909765307436,CCW,2,0.1574367085028689,0.004663630412452068,14.087706085246776,0.1574367085028689,173.21505655629895,0.0023952884524181687,69.15203482192659,0.04653865981644952,71.07543833663469,0.0020861442497565517,54.95131283065512,0.04947834223372771,7.76582656859451,0.04653865981644952,1178,2022-01-01T19:37:57.940000000
0.35421687180017186,140.29149341954158,0.6476947024893425,-64.75050757643484,-224.4764372286026,CW,2,0.10331316335412012,0.0023150344469241536,205.06107748009813,0.10331316335412012,120.82400615631309,0.0022525385522593673,76.63362484577982,0.019815598162614047,30.499071069064225,0.0009667903638592477,57.5958616753646,0.019621271202132702,3.3970822048304217,0.019815598162614047,1179,2022-01-01T19:38:57.940000000
0.4110126484775615,-25.518937885070603,0.6380364543007168,27.090700355874162,-11.8464674735406,CW,2,0.09385418273155806,0.0019232764240892963,27.946235603828306,0.09385418273155806,30.67233129401257,0.0013144209842540142,109.88684751269362,0.04040008605946618,35.547672063640505,0.0022980062608794,37.79884179330232,0.03701462381004455,34.316791510490106,0.04040008605946618,1180,2022-01-01T19:39:57.950000000
0.1635978144268552,89.00644924724008,0.7873665669079519,-6.427677321261314,-234.25313783876888,CW,2,0.10869882749337365,0.0013885696667849624,339.4670345904836,0.10869882749337365,171.07551598309175,0.0009590107114065671,31.507952905950322,0.0230606541673793,38.5700910536544,0.001707113614154964,35.67736328381092,0.01258192209177178,19.47801117479991,0.0230606541673793,1181,2022-01-01T19:40:57.950000000
0.2408650424749745,15.901273172434815,0.6560871297104302,10.625432919494045,75.63528007757651,CCW,2,0.10746029554981322,0.0015811025194444309,246.42733138571538,0.10746029554981322,9.93874007460475,0.0020508615651620497,115.382328820257,0.07293465206021077,62.28739309597168,0.001649647242946699,24.661440523846775,0.02516780249784457,41.64107351416349,0.07293465206021077,1182,2022-01-01T19:41:57.940000000
0.2553614759101859,56.60714204271466,0.8700330475682729,7.222049029160075,-347.2550736542099,CW,2,0.051265553153817554,0.0012285688976259852,193.66632589629708,0.051265553153817554,161.00837459661622,0.00326927283185319,50.38380993700645,0.031652925960927086,39.41587697159742,0.0019943669185028606,13.526567573625425,0.026182474023559568,53.69048537984716,0.031652925960927086,1183,2022-01-01T19:42:57.940000000
0.17708089658767787,67.96067561453505,0.8749970106085506,38.048533074731154,-88.20438739045792,CW,2,0.07352714947888933,0.004701605354735756,35.533170863432126,0.07352714947888933,39.367449276145415,0.0017763359489543853,23.704021416961325,0.01636801964532283,58.38426966139756,0.000607569197671421,49.77454258904105,0.025933498040051208,11.355113391770443,0.01636801964532283,1184,2022-01-01T19:43:57.940000000
0.12859767261509,135.55495089823103,0.8000425373130214,-46.68936823451591,-244.6332971108496,CW,2,0.06389147617825894,0.004321014947416014,130.84974126557887,0.06389147617825894,130.6051715477922,0.0034582939914818626,52.50116399653949,0.04241299107362633,39.06287301999483,0.004801166731921145,46.97997334761307,0.02567154231425414,46.2661087688552,0.04241299107362633,1185,2022-01-01T19:44:57.950000000
0.050842972792631246,37.42438109331065,0.6702859189725429,-73.87959288945868,-120.43801832042335,CW,2,0.1343338258069656,0.0027457908639043423,82.76792000599609,0.1343338258069656,119.30281459884213,0.0009247177258975968,38.969900538304195,0.09212342014054017,3.7772186229774434,0.002267925383408188,62.15791487836722,0.02305469582720554,52.067763484365436,0.09212342014054017,1186,2022-01-01T19:45:57.950000000
0.13284853241684844,166.20214549068208,0.8093167003833157,-8.718379308292185,30.541017492431763,CCW,2,0.08599304446619646,0.003562418807596737,109.13437101953255,0.08599304446619646,173.16501759204644,0.0035722043919556774,32.99016663034351,0.06209424016457647,49.272441970913256,0.0054807594226195565,69.7269344167251,0.021269770845663415,50.26943236804364,0.06209424016457647,1187,2022-01-01T19:46:57.940000000
0.1570600275376801,158.5401611645723,0.7337747250069903,-62.175181008255606,229.91634564593798,CCW,2,0.13190490251057882,0.0005820756079565272,152.00717900801837,0.13190490251057882,117.00619711758755,0.0028427172280226635,82.32107170701656,0.12811352599047757,35.13796014347411,0.0010351703927030894,52.866502094894265,0.06973276371191194,10.555859299144446,0.12811352599047757,1188,2022-01-01T19:47:57.940000000
0.2607801516982092,-138.19396877969933,0.6996085041198603,-23.89699641168798,173.9010668774271,CCW,2,0.09447090931795496,0.0005811436315997623,170.13929980602842,0.09447090931795496,151.10963078619545,0.002664993057268212,20.21278182223993,0.04758660575365437,54.78973878395141,0.0006983660208011989,40.275003399014665,0.013737792880914089,39.91038017903871,0.04758660575365437,1189,2022-01-01T19:48:57.940000000
0.1742954319486672,162.67503574601147,0.7578545342860846,-68.47308154607788,205.14965329802556,CCW,2,0.09202668460895103,0.0010773096250681143,153.09351328471502,0.09202668460895103,99.84214922169197,0.0002588276593628828,63.84728277870612,0.04692305328017546,56.2394260467556,0.002488850571248005,24.53389840253968,0.0320985920957679,15.282030833964038,0.04692305328017546,1190,2022-01-01T19:49:57.950000000
0.41728153030364934,-174.6787961250116,0.6503270281882705,-51.35239573758767,102.04109220688599,CCW,2,0.07641555536140775,0.0014818575350891252,85.10296753999302,0.07641555536140775,153.86932424860285,0.0029466810430333326,48.799008433086094,0.041503086479885494,24.666517647256242,0.00196488077638727,69.83467386372253,0.04116100473334585,49.09900878397798,0.041503086479885494,1191,2022-01-01T19:50:57.950000000
0.26415019420662517,-74.41019013596598,0.748878094155014,-32.915345444595374,277.0283569976115,CCW,2,0.15400429956036576,0.002610156899879416,199.58104949201848,0.15400429956036576,149.95041866399583,0.001247695652512223,50.36435827836199,0.0559916092571168,39.20326491539162,0.0023003095602181583,37.91104701046551,0.024228653552547903,2.636331297758612,0.0559916092571168,1192,2022-01-01T19:51:57.940000000
0.17292080695790962,100.59429680166409,0.8470792283665877,0.8712417886591481,-360.3305906210819,CW,2,0.144300151274445,0.0021009626198364648,214.42245819976358,0.144300151274445,178.27125326014223,0.0026906830908828973,53.25812281342748,0.033327446496693246,84.83686928197173,0.005641327914923533,24.229580938089637,0.03743685554528582,16.14692978043843,0.033327446496693246,1193,2022-01-01T19:52:57.950000000
0.2780687870330545,-4.922315529975941,0.8342955088707821,47.25309298557723,30.344411612770536,CCW,2,0.07449144197197567,0.002295123715823252,270.2969348766849,0.07449144197197567,82.01959469298389,0.003379316968406625,13.081134997530315,0.036492720972641376,42.793437155085186,0.0031625535446669108,34.134158373841245,0.016799615808138615,21.241488516914846,0.036492720972641376,1194,2022-01-01T19:53:57.950000000
0.11771360819460604,-175.87440304840132,0.8844156344493305,-72.38028451359932,-1.0231371269030944,CW,6,0.08362094841475369,0.0008697709687149315,301.06206246277844,0.03366560060154892,92.26298544010864,0.003530500181791647,24.804388964846602,0.04114896180682365,85.41674237978242,0.0010402574938911426,3.3105878688034998,0.08362094841475369,49.562298764288606,0.04114896180682365,1195,2022-01-01T19:54:57.950000000
0.08039625556333943,-148.1407220757434,0.7264716051974669,-32.04032114114236,5.69579979257027,CCW,2,0.1264483482547102,0.0032438016771884144,301.89448732136043,0.1264483482547102,131.2999416137924,0.0028237202271467663,79.06278505988666,0.06850923276523167,30.795258274015335,0.002949063956613019,20.409643061280743,0.010892344778583264,26.400811638736545,0.06850923276523167,1196,2022-01-01T19:55:57.950000000
0.07304529893543524,-68.86963385265759,0.8379623841270796,-44.144935805813134,214.69739461041246,CCW,2,0.09636416781045876,0.0009781195806062174,162.30411483905164,0.09636416781045876,144.2024219674055,0.0007140350477569525,105.82055329835916,0.0056575153229627825,64.71168760276316,0.0017943513703175887,46.82304858516514,0.041209262310104425,22.93257869935856,0.0056575153229627825,1197,2022-01-01T19:56:57.950000000
0.4447417924578823,153.6347032789851,0.578271527597825,-39.57949427933008,-13.702589297727243,CW,2,0.18072119459820807,0.001551705463556326,293.88929968425754,0.18072119459820807,133.51279548238085,0.001515274796546927,66.23128420247576,0.06288664633792608,34.101824957071386,0.0021778644503399917,34.66301417331676,0.020887893986831912,34.89604038243844,0.06288664633792608,1198,2022-01-01T19:57:57.950000000
0.5057899156785278,-156.0294566391949,0.5112997385241154,-54.65723139320569,299.6751974896316,CCW,2,0.18547656301130241,0.003060768241330693,155.7056076008018,0.18547656301130241,123.34482974695226,0.0024714894862128893,68.06902991928979,0.06138877512658184,29.698122340233077,0.005830995826099337,58.40593014883635,0.05162110544264851,55.642280080565754,0.06138877512658184,1199,2022-01-01T19:58:57.940000000
0.18961661531051555,164.59765682513205,0.7327271740888459,-7.916002432100754,-26.38597587277016,CW,4,0.024352472969483306,0.004742883910386163,76.96180778858279,0.0228570838835406,176.7297198781366,0.0020760861247908348,70.21849540054045,0.024352472969483306,34.56920273437907,0.004856488532625188,1.1638658328970406,0.02144897712162564,22.765895658846397,0.024352472969483306,1200,2022-01-01T19:59:57.940000000
0.3059174953106748,-170.89272313189616,0.6965431694007441,-43.9689693921282,75.77139140672193,CCW,2,0.0947992983825168,0.0007553582631121037,87.0186085650047,0.0947992983825168,128.91638686802833,0.0031617900333998196,27.696585257109373,0.06504685289919274,15.885049670830528,0.0019945218230475108,50.96571389607311,0.05361720228279382,39.76029840634334,0.06504685289919274,1201,2022-01-01T20:00:57.950000000
0.15526134295002242,156.75232885930683,0.6448290803184428,-17.350233326700618,-167.18941929730414,CW,2,0.1870589257671469,0.002913771488407179,164.05636477571167,0.1870589257671469,174.32821173871926,0.0032443069880832708,65.0400058674083,0.09864072859899913,70.7681389042171,0.0005577884542100059,40.42538473291286,0.10866243984355797,29.193231672004284,0.09864072859899913,1202,2022-01-01T20:01:57.950000000
0.12823352217855544,53.67410664654287,0.7425039073125682,14.570829210878571,-245.85069419828469,CW,2,0.09630384000370469,0.0024105012402463283,105.41334959679014,0.09630384000370469,15.66020087988834,0.005264480897707055,87.17570313015301,0.05373022753890756,34.87492165698094,0.0011289203887218135,17.227024113390595,0.02579318418741331,33.955245691322844,0.05373022753890756,1203,2022-01-01T20:02:57.950000000
0.1375324242830442,-143.72602184366949,0.694082057188443,-6.757202878219431,177.86439658774017,CCW,2,0.10937650264859214,0.0020773620561444113,241.17434271287823,0.10937650264859214,174.81693294600421,0.002526748653427175,41.912811297514956,0.0343849834984479,1.4803740735553474,0.0007320241050353306,57.811632487157254,0.05205445550084621,56.64742615708346,0.0343849834984479,1204,2022-01-01T20:03:57.950000000
0.024172458433078952,93.14758922377447,0.9045546093732413,24.15311837750741,-150.84267469801608,CW,6,0.07535798006923695,0.0019268859735017713,205.75880260760763,0.06990171659431407,58.22640804955305,0.0011180154339202472,76.20489580640228,0.06639469947725732,64.61843975467372,0.00076202115292116,6.414991038902705,0.07535798006923695,3.780348285873147,0.06639469947725732,1205,2022-01-01T20:04:57.940000000
0.27422514207459825,-158.14108338073282,0.6833748909678873,-52.34760293760709,19.515895887550812,CCW,2,0.1556192563656044,0.0014346160989563014,108.56071458804847,0.1556192563656044,133.8763745298515,0.0041483858911090105,49.81984278185962,0.022113492563911402,84.16401886526769,0.003848135008711642,40.75641318181241,0.010519598649484162,9.956186825852376,0.022113492563911402,1206,2022-01-01T20:05:57.950000000
0.13627826546787233,-148.4012463334573,0.7917916472651221,-52.60811780676596,236.59401800404822,CCW,6,0.07045912613971139,0.0032594799347250556,183.90247521347888,0.06877142916024978,139.7777191793462,0.003023994703527696,62.21535585899075,0.041699001926143626,30.504884575345013,0.001456549869713603,12.465544273823925,0.07045912613971139,22.01136316590039,0.041699001926143626,1207,2022-01-01T20:06:57.950000000
0.019445981853368263,43.899638514990144,0.8128665962108845,68.06622000818385,-111.4893256267168,CW,2,0.09595091822040772,0.0030717526278938316,131.15867895992977,0.09595091822040772,61.08665377377036,0.0031142634690722254,21.58474675758961,0.03886429193676078,79.33908068507044,0.0015727048523282764,66.06516385407636,0.014957058042741037,8.361928247686974,0.03886429193676078,1208,2022-01-01T20:07:57.950000000
0.17160792848620665,55.442802131652634,0.7465619725248088,50.29565078476136,40.52866406653169,CCW,2,0.14310570238483858,0.003896407454812595,51.48870861038372,0.14310570238483858,59.18913211418007,0.0017019820345192482,52.87924254402277,0.022980883241112814,64.82727186416766,0.006667685599110793,16.109851226144837,0.07263841847444531,34.420692552871735,0.022980883241112814,1209,2022-01-01T20:08:57.940000000
0.29887805659241895,90.99698276078585,0.724650209530249,-8.146902493033139,-200.1374131187562,CW,2,0.06201137903476344,0.0014989418196593566,99.76311082294288,0.06201137903476344,146.17666105145832,0.0008548008894278149,115.857499470792,0.0172517979219478,51.7010731562466,0.0004824361729113929,57.56998865585481,0.01199795431626961,12.956206723839646,0.0172517979219478,1210,2022-01-01T20:09:57.940000000
0.10627507914276348,-140.56453695117088,0.7925013066071843,-17.138604614958354,92.82585581389465,CCW,4,0.09099179644093583,0.0030803990433747328,174.0182890032174,0.08938559694037053,146.5018658078501,0.0014208089786438864,46.277392145113865,0.09099179644093583,73.05695132276024,0.0020093102150995335,11.759604862918472,0.06713060547574988,6.901286002229889,0.09099179644093583,1211,2022-01-01T20:10:57.950000000
0.15849389430025432,41.77457541507605,0.8791487354437644,47.140927577885904,-340.76274226987346,CW,2,0.04570783237748001,0.003886164146901172,57.72903685196589,0.04570783237748001,63.4241753216697,0.0022849708019763676,67.72533702257451,0.028088271309657662,48.93573128695826,0.002024794078334544,40.74929529194894,0.03813031415351584,22.45093909695194,0.028088271309657662,1212,2022-01-01T20:11:57.940000000
0.37866138904832625,-97.48744401269306,0.947784489169582,47.08792968937641,751.0056793081617,CCW,4,0.05186251610981338,0.0006023676860453998,353.572571126207,0.022577584980422553,52.92083727726801,0.0021181593259873223,1.1950396601080033,0.05186251610981338,53.37680298487838,0.0008588113531495154,46.53506127918658,0.03963706303429786,21.29552588436666,0.05186251610981338,1213,2022-01-01T20:12:57.950000000
0.19218189196486185,-31.599287737049643,0.6891348612848871,13.099640090680253,358.54955033263553,CCW,2,0.1010466105246826,0.003924798773850542,281.0212208336148,0.1010466105246826,11.732204599100987,0.0010606402035785378,86.77467277546626,0.03736602607019663,43.09839702519341,0.003752107376497241,17.293386822813453,0.06388470322196135,31.102603397303195,0.03736602607019663,1214,2022-01-01T20:13:57.960000000
0.13565532323156101,38.34892014521728,0.7297024336451425,-5.877796346128207,-293.1627280239238,CW,2,0.09930921837767828,0.0003319475381176047,279.9737924701682,0.09930921837767828,174.03256758219717,0.0020102729295314653,70.88665527703571,0.06944548796476023,75.55095666356334,0.002052228597017851,16.69290565906158,0.04031628486910788,9.135871752866535,0.06944548796476023,1215,2022-01-01T20:14:57.940000000
0.38976495857950455,-155.45776038368925,0.6909741936378845,-46.54117499098726,179.54341508632052,CCW,2,0.14854551428650112,0.0019696275837996916,125.38654356589832,0.14854551428650112,127.76824866452536,0.0033388212653470716,75.16883130746496,0.05270851135783632,65.00512069166527,0.003306233953205932,56.84209560669102,0.05542865749972613,40.8768763848946,0.05270851135783632,1216,2022-01-01T20:15:57.950000000
0.19648440343851895,-20.152906203220052,0.7406121499365367,3.0816257947096233,126.60794721002958,CCW,2,0.09034604115630096,0.0027066833406391433,51.210123672818284,0.09034604115630096,166.7195960923001,0.000910558399906958,46.77019917005348,0.03419646205816739,51.958571011976254,0.0026514767952811615,7.557978826735951,0.024619963569788416,56.14254001008281,0.03419646205816739,1217,2022-01-01T20:16:57.940000000
0.09022380255129338,-112.91440110060914,0.9489509066879015,-70.35504909227541,236.143045771839,CCW,4,0.07512538996714302,0.0010754822961910816,337.2605933021697,0.011241938908638435,78.52950002101268,0.0016082341056119374,8.7927800731234,0.07512538996714302,71.55014080812988,0.0010198741402997818,11.374868375999501,0.027062252058991335,0.39814524381912597,0.07512538996714302,1218,2022-01-01T20:17:57.950000000
0.05297866818245808,-175.62717200944599,0.9261650585500337,-78.63232219291906,-176.1439176119322,CW,6,0.05713528330015996,0.0030228010256496377,344.08235423632215,0.026896481202474953,48.82521536044092,0.0013016104758333663,2.7361592796272145,0.04195126288333154,19.127899141563393,0.0019001266365764235,14.625194714750815,0.05713528330015996,6.420793966631278,0.04195126288333154,1219,2022-01-01T20:18:57.940000000
0.15510217254910783,106.85988398837348,0.8458818506064059,-87.04516082462177,-179.32568106087214,CW,2,0.08704465500368343,0.0014740680750741078,65.82532645231878,0.08704465500368343,83.78411196126214,0.0012340763359366977,119.31874272584616,0.04567875683268183,62.40153390048791,0.00040592233370834315,58.448900129799014,0.0330218128891767,21.203218810356674,0.04567875683268183,1220,2022-01-01T20:19:57.940000000
0.35019688284330097,179.04158097852837,0.666865998921051,-59.88644237949289,133.57731657619613,CCW,2,0.05560591709647234,0.0022516607956876277,279.7864953746563,0.05560591709647234,128.62164098820375,0.0024483627315148213,65.58765181378237,0.04611291406369118,29.47665792868426,0.0022907537296711303,57.33812844051987,0.04348159478636148,6.55253712837745,0.04611291406369118,1221,2022-01-01T20:20:57.950000000
0.28056564320846206,-28.48910922538657,0.7660921181322795,20.36403716426551,163.2384233957441,CCW,2,0.05178183149812618,0.0014880651920915957,181.51832715157343,0.05178183149812618,0.27649115851073797,0.0022496871236855286,65.73336062446594,0.04452646455856903,20.054586604303264,0.002775573023375747,4.973993954276265,0.011141537992079927,1.4943686379849932,0.04452646455856903,1222,2022-01-01T20:21:57.950000000
0.09007175279786006,-161.25098996263816,0.7992355547670181,-41.32493701349085,-160.3342350920702,CW,2,0.10432850655420617,0.0007747615004648944,193.12023931592577,0.10432850655420617,134.80360275188698,0.002540137346636083,23.607257146994606,0.03788047430659135,32.58705287564063,0.0026357510652748966,1.5982316486497112,0.0028693822575632743,18.950649495908298,0.03788047430659135,1223,2022-01-01T20:22:57.950000000
0.17856073268589168,172.46828568787743,0.7979268117089439,-30.571216375433863,-49.73611950216558,CW,2,0.08390163208423962,0.001864514686591099,45.25771023640884,0.08390163208423962,165.07047773065844,0.002127716686874118,69.61284856571356,0.05236350609519224,41.164554417644595,0.0014185636621018055,26.53163687503435,0.039289463004013585,36.851197979478606,0.05236350609519224,1224,2022-01-01T20:23:57.944375000
0.43231542588356536,159.41962749655792,0.4957556966073707,-59.7676838469399,-128.46046446152604,CW,2,0.2070293650980194,0.001696852756768856,87.19631544933968,0.2070293650980194,125.65216792280435,0.0016669457498534248,119.03119801497942,0.07374991027421404,30.30985829971975,0.004111205871174845,40.71906924948229,0.08524045753582088,58.80096771561787,0.07374991027421404,1225,2022-01-01T20:24:57.950000000
0.336749095328092,93.50967714735219,0.9108868454655336,-54.494363237931054,-243.3411088955822,CW,4,0.055769005744277574,0.0013058258758342032,334.78349898019786,0.025989495244568585,140.83529937979245,0.001545673524703648,103.62412345696053,0.055769005744277574,1.7888677367082282,0.0011245995262364073,8.512609768734908,0.018446505550493784,23.238645121087163,0.055769005744277574,1226,2022-01-01T20:25:57.950000000
0.20778733531174812,120.98931583023337,0.8452351536575706,-32.03355120975064,-89.60171341457229,CW,4,0.11135082298610108,0.0019765361268285738,224.76110023444718,0.029830377171406196,135.15845549400808,0.0030025565219334656,33.70986481731696,0.11135082298610108,74.91547546902123,0.0035774878661494437,19.998156663205712,0.0050571633392255295,44.510116085247994,0.11135082298610108,1227,2022-01-01T20:26:57.950000000
0.4710886808707462,-122.31709525573537,0.5677688635739326,-75.27201959056568,276.08359042027854,CCW,2,0.16343041761324345,0.00037230136151211165,272.193126077117,0.16343041761324345,118.81398711685553,0.0017705282395090686,84.97011116411812,0.03897521158140479,0.6271122058302362,0.0016422164533529066,41.34310887072606,0.025589987304109683,20.303864533482344,0.03897521158140479,1228,2022-01-01T20:27:57.940000000
0.21051495613238652,-133.92526444342644,0.7412641403430585,-28.208261387463068,323.9765106535477,CCW,2,0.09694900618308745,0.0005411072413094218,161.90977485248447,0.09694900618308745,141.3134302175987,0.0031082430029771646,70.81716435173456,0.0664124125791657,60.66712497089634,0.0013172158397763817,48.647642180475856,0.029563476925020038,56.38311676011848,0.0664124125791657,1229,2022-01-01T20:28:57.940000000
0.5275661844851923,-95.32667243504122,0.7930144164800285,-88.28200849450297,525.3812800066481,CCW,2,0.10640358572026305,0.004154022254501145,203.48874425103082,0.10640358572026305,91.34366628148929,0.0019213053756654494,7.55522942432969,0.09369004354173781,5.694942684173061,0.00020135097978266737,36.85337353978996,0.04581686280323622,29.434651410052417,0.09369004354173781,1230,2022-01-01T20:29:57.940000000
0.11602206256607075,33.88330362790819,0.7189403568619377,-87.80319848560454,-55.8444625072473,CW,6,0.06153189543545094,0.0019401016352104785,40.90172589808571,0.052369318853371184,120.29466729826535,0.002717800285169723,89.23261799538842,0.038338215501134476,89.92149281171775,0.0015981711259474647,37.32132240530259,0.06153189543545094,29.702175507018865,0.038338215501134476,1231,2022-01-01T20:30:57.940000000
0.3919129222665145,144.3414064961488,0.6730746071348724,-22.77804853348053,-346.7970090771904,CW,2,0.09509482098727022,0.0015092878860098686,12.673125893046956,0.09509482098727022,160.8039289432213,0.0007476964254040142,52.581658653602496,0.03626962354736582,43.777016676318496,0.000824025901309424,42.41125849645171,0.0808253309106249,49.882575093394344,0.03626962354736582,1232,2022-01-01T20:31:57.940000000
0.1268152758205032,17.219059594967234,0.8686172111360202,48.287268588870866,-174.3858638977073,CW,2,0.0550068412996508,0.001922063035780562,313.7695448210018,0.0550068412996508,73.27981834075358,0.0004136756784592433,59.4208855873688,0.04358149266943455,13.416849415531013,0.002837456696855027,61.44099695871153,0.016349153141805333,26.044311558706266,0.04358149266943455,1233,2022-01-01T20:32:57.950000000
0.14464943641123082,-35.008537196648284,0.7690435660362971,62.52388484210229,194.795122937394,CCW,2,0.0690420349931947,0.0016625036696675678,243.7216184289253,0.0690420349931947,53.52331060249122,0.0016045944773216097,97.3567448547122,0.02007651541854549,57.38296700075529,0.0010690110409405562,28.642413411182016,0.023022211435418032,46.56842581964567,0.02007651541854549,1234,2022-01-01T20:33:57.940000000
0.2885455927105275,170.45196661419396,0.6774067665858378,-42.664612996689385,169.55901492147524,CCW,2,0.09236670912389168,0.0020201446515345643,83.93921047838626,0.09236670912389168,148.70213232427054,0.002407846795808354,84.22636442285548,0.09155214089574365,63.70844323220904,0.0030510260611599244,60.73558100550921,0.04921512279405611,32.845734326013584,0.09155214089574365,1235,2022-01-01T20:34:57.944375000
0.3477797482080787,-114.39056641744088,0.8622161762633399,-47.071134306309716,216.600881712557,CCW,4,0.03753938665976391,0.003967527942392477,357.0144564701627,0.00471656166158493,129.3446470314672,0.0021083890340296866,15.705712746315365,0.03753938665976391,46.248212420324634,0.0016984213419542035,70.73415062840901,0.010297159898043098,39.432161219167305,0.03753938665976391,1236,2022-01-01T20:35:57.940000000
0.30549345886530144,178.20166997788442,0.7201840638298176,-37.09377640554942,90.19111697881974,CCW,2,0.0712933241437102,0.003990014615900109,110.98376622351105,0.0712933241437102,146.131324802554,0.004443966202472516,95.9972256094458,0.03949643434503097,40.14491088943285,0.004275037220475293,22.900226079545426,0.05987801586379806,50.38129187261492,0.03949643434503097,1237,2022-01-01T20:36:57.950000000
0.05997998848505957,120.95495103005048,0.9168479619176729,-68.24167188878572,65.86932144025002,CCW,4,0.13670944421479167,0.0005188342586951628,351.2607356191325,0.03794408497126714,110.00150691978875,0.0015826700002336614,85.69077698158063,0.13670944421479167,19.669467857338553,0.0013868199394023847,57.52034030122031,0.04765106125657629,20.09617862302159,0.13670944421479167,1238,2022-01-01T20:37:57.950000000
0.15606323788134566,52.658009432461476,0.8651990130533249,31.473207967684857,-178.95098913436266,CW,4,0.11071460554896778,0.001357517375228792,171.21583359505723,0.03494035260603434,8.791430988278488,0.0017244118923648943,29.98891056740436,0.11071460554896778,16.645275384543176,0.003974920861444388,45.6167945212141,0.05373081264891593,27.327188131960966,0.11071460554896778,1239,2022-01-01T20:38:57.950000000
0.2658164004967312,-30.20136795744047,0.8520286157809378,8.82448349958608,138.58533018664025,CCW,6,0.1308014654722984,0.002467836013829397,25.987590280556393,0.0009471883000563122,119.63548512895993,0.0024592219952447917,49.23081979646206,0.10524331945798442,5.789569491040602,0.001314658148899452,50.02429559582274,0.1308014654722984,51.21577838307458,0.10524331945798442,1240,2022-01-01T20:39:57.944375000
0.21416058211880565,-169.4566979913071,0.7369327492683078,-79.70552094719916,298.62254117093744,CCW,6,0.028782138447885946,0.0027865172274117666,245.1045916773067,0.01831064918355206,69.98827683472763,0.0026388499399129985,89.51302928533782,0.009121798863967549,2.7618895129430205,0.0018673687512135643,43.06450851488208,0.028782138447885946,29.635023870493324,0.009121798863967549,1241,2022-01-01T20:40:57.950000000
0.12066579482214015,126.60432719817949,0.7897999061665367,-16.452339981575932,-149.85741890792633,CW,4,0.07393106208457711,0.0009211139306136323,256.0448004930659,0.04923957041494689,133.75778252373686,0.0011741258580672581,37.68387202162386,0.07393106208457711,69.98871393057033,0.0014055237876057247,0.5309883885815052,0.003629051733431242,52.4480364158696,0.07393106208457711,1242,2022-01-01T20:41:57.950000000
0.20198298719083338,-152.424732590003,0.7161290949210524,-23.851510046590363,122.68441854794908,CCW,2,0.14558771881617352,0.0025196363177500823,235.4710093279524,0.14558771881617352,153.98642415240954,0.000710796265259551,17.29339303307237,0.027888246951831275,5.45664413487465,0.00043122664449178025,0.8814392491542922,0.02236931234242257,34.287941590643044,0.027888246951831275,1243,2022-01-01T20:42:57.950000000
0.09821725916009234,139.26016540871547,0.7288828416643571,-2.565384978182607,-123.16070612546586,CW,2,0.12191794285188418,0.001305603529496384,211.84888643258563,0.12191794285188418,3.9607342387716984,0.0039064219406435815,23.710240366091867,0.060302481518755995,21.947197535811465,0.0028308925416833087,40.2882663913163,0.03118325496360579,7.002559529681734,0.060302481518755995,1244,2022-01-01T20:43:57.950000000
0.14542891386163753,118.46879176057023,0.8700381362550372,-73.67646217192024,-67.27892289959182,CW,6,0.050040489117598785,0.0005607873935732421,156.49071540065873,0.04226342299550356,128.66433217982245,0.0007632527400492765,14.324125291022868,0.04733999287646078,89.18861734295486,0.0020704117800826962,27.06092740847727,0.050040489117598785,24.106861903092657,0.04733999287646078,1245,2022-01-01T20:44:57.950000000
0.08160103771010278,135.89304802012012,0.8147857992702457,-42.08196843626689,-139.0186786435314,CW,2,0.0955767074773757,0.00224408645159589,186.80272490909687,0.0955767074773757,139.90255643484258,0.0008975081625150127,69.97573497373031,0.011273232492113702,53.998099448789006,0.001922591230404734,41.94809457655658,0.015339033403764147,40.941183630204776,0.011273232492113702,1246,2022-01-01T20:45:57.950000000
0.37230296994863316,8.39863373835769,0.5999240265669777,58.01361773083282,90.25688862688597,CCW,2,0.1540667052721658,0.0031967855076408857,343.89372803525526,0.1540667052721658,48.04716701510514,0.0022115853477281673,57.492362377964724,0.03355364134892339,73.4692143831328,0.0017973552373822595,16.379436242581065,0.044756332365282404,27.38130578257595,0.03355364134892339,1247,2022-01-01T20:46:57.950000000
0.06525260923306841,151.54714334149315,0.9191271719774531,-39.06263436202218,347.0337677607822,CCW,2,0.06669711969716073,0.0014491340317633414,7.718991726754837,0.06669711969716073,155.45117387443224,0.0014550042964800352,110.72252706825762,0.04235147457935611,14.939761367539237,0.002853108066565159,41.605077567821375,0.03195117842790939,40.46720097968654,0.04235147457935611,1248,2022-01-01T20:47:57.940000000
0.435091912966432,-158.83135617011703,0.5549420233682811,-64.03367934642895,481.200959010269,CCW,2,0.11613792310597311,0.00273468643441383,187.43148196056595,0.11613792310597311,117.20852549395937,0.003965611910916572,85.94040682064733,0.017439101278609166,55.70654272443193,0.0027375847996367886,60.860471651756335,0.02016666765827129,5.752739372915359,0.017439101278609166,1249,2022-01-01T20:48:57.950000000
0.30376719186521767,-175.26038352080477,0.6778451083096522,-40.68013172252722,85.08655343935696,CCW,2,0.1286973606988342,0.0022803425152899902,263.8509061832948,0.1286973606988342,142.5966222435787,0.0007967531426296312,5.1852586169843065,0.0313438941963779,88.79718328359279,0.0022591579384202646,61.65599994327947,0.028241462913828116,15.694522552692582,0.0313438941963779,1250,2022-01-01T20:49:57.960000000
0.3320182387802582,-121.34524767790882,0.8134820526239253,-15.958317125693469,429.19773992585067,CCW,2,0.06324533132991698,0.00010784538761897966,206.9901739019743,0.06324533132991698,6.336917006905565,0.0014267776489982002,51.27183689321945,0.017668814817864163,55.20196652854994,0.0034972428826784458,44.22678328323426,0.005628305053000894,57.13480571896312,0.017668814817864163,1251,2022-01-01T20:50:57.960000000
0.1918243706522165,161.46539010454464,0.82340494032436,-23.021651236268582,-119.97452191564834,CW,2,0.03818928086929597,0.002839883466059818,193.0785388425982,0.03818928086929597,175.6582518697513,0.0023308744222110688,36.15946498823397,0.01381799332539736,5.756922879972758,0.0014766532788450144,3.8197420149535577,0.013596186066386157,24.323372584042584,0.01381799332539736,1252,2022-01-01T20:51:57.960000000
0.49421411508981733,100.71934413371643,0.8101656429699634,-58.61496158181275,-396.23693349863913,CW,2,0.08923734328641757,0.0016942676784943759,226.9729876558857,0.08923734328641757,137.58006235888806,0.0024041632081425305,46.06446853116175,0.045036664195080914,78.99300291876875,0.001843177540615881,38.04936175681413,0.03141505764585619,58.92358245737497,0.045036664195080914,1253,2022-01-01T20:52:57.950000000
0.10177678070957591,-68.67620806538454,0.8978854885408853,54.377756367681,-12.973196243387264,CW,2,0.05015832643382216,0.004401802357987045,20.294187048914566,0.05015832643382216,32.4257719685629,0.002086981704671346,20.965181630687795,0.0134886756768632,16.198432786945023,0.00376851727368165,56.293305980320845,0.030960152016553624,9.647837371306032,0.0134886756768632,1254,2022-01-01T20:53:57.960000000
0.18923037806735152,-36.98550518180746,0.7491731948893195,77.01155073149663,19.35047087364063,CCW,2,0.08413621838547174,0.0013212190939751037,6.840738529913449,0.08413621838547174,82.89928113601925,0.002845045304038599,25.896903482171936,0.06408363505017234,12.100225618556026,0.0010319664778363823,52.936608881660604,0.05135141683911742,21.31893001092041,0.06408363505017234,1255,2022-01-01T20:54:57.940000000
0.28002330650342866,39.7241390038929,0.6067746063308251,12.61563032593861,-379.54851056888384,CW,2,0.10637312154721346,0.0012798709593095968,272.55002657752243,0.10637312154721346,10.72603667590332,0.0011725691417167447,16.9462253517659,0.06040171892024051,27.495746058810905,0.0034435817449404932,29.426481943704026,0.005485660602000461,40.90646837768149,0.06040171892024051,1256,2022-01-01T20:55:57.950000000
0.31515550099466083,128.58958534108888,0.8621008490337141,-83.45046470921724,-357.87799708739186,CW,2,0.05605622763028354,0.0017787424098668634,96.72353325408692,0.05605622763028354,61.526262704076586,0.0016357746547984674,33.9899006177691,0.042288179982731836,23.468636119591515,0.0016321157621915234,7.187606827428454,0.020233743919044533,50.48354386860453,0.042288179982731836,1257,2022-01-01T20:56:57.960000000
0.2774388735341636,74.10007030181008,0.666253321862639,-89.03856435326288,-268.0991935676915,CW,2,0.1774900972796507,0.0008854928910574151,242.9174029946115,0.1774900972796507,96.65375051838517,0.001120889599916341,65.37235178482291,0.06496042002487383,75.88431404959566,0.0025601125243689196,38.862584213009406,0.08671386388813085,29.276992726244973,0.06496042002487383,1258,2022-01-01T20:57:57.944375000
0.4479388409503958,132.97196139655017,0.7942250110376047,-68.4568254237795,-379.2639897096239,CW,4,0.11048248400455765,0.0012506841389324837,319.67147525278386,0.02727012519410518,161.47434449120632,0.001669092750998417,46.082083583763925,0.11048248400455765,85.6666244036313,0.0038604988913662893,40.00769267092578,0.02090757171965987,25.025596827310487,0.11048248400455765,1259,2022-01-01T20:58:57.960000000
0.28066518382952355,-91.24758523798252,0.7994623922426604,89.14173375068236,555.6632883235441,CCW,2,0.06507249460467024,0.0004637562437045596,144.91670436644534,0.06507249460467024,80.30892225259451,0.0010649246008373487,30.657138812891528,0.055849151816546205,9.471013350780156,0.0005627007951764587,38.32525650837911,0.011703899297385469,52.96204377266091,0.055849151816546205,1260,2022-01-01T20:59:57.944375000
0.46275089447691137,-111.52877472655818,0.7148399966429608,-23.706639726660825,516.1997840473769,CCW,2,0.07697132925809126,0.00041458343568347215,289.942075140885,0.07697132925809126,154.663327407177,0.0016116512591927042,56.02730074051667,0.04204757674844665,71.4166569882299,0.0015207105561452481,16.728823249465144,0.01612387457486261,8.887430505657811,0.04204757674844665,1261,2022-01-01T21:00:57.950000000
0.20838850138285764,129.0223000585353,0.7553671780083725,-73.88425879168388,-368.1309774382958,CW,2,0.058724643131004416,0.0035943709930093184,45.47693204578087,0.058724643131004416,96.93233783904745,0.0009892528023816775,102.99954165058877,0.012628178710660659,16.105116849410816,0.0009132768969342917,5.8861102898244395,0.006699993496943592,32.598690090807985,0.012628178710660659,1262,2022-01-01T21:01:57.950000000
0.48460169167111933,-141.89129805611302,0.6915104647668747,-31.72543747858512,597.0266642045208,CCW,2,0.05896359865053043,0.0020497272094968525,10.477477191625155,0.05896359865053043,168.1853789719353,0.0009927241385390907,113.6115891139771,0.013816088192490653,82.20709394965156,0.001685454975424218,52.96442145639836,0.010076462405724254,22.89745928920298,0.013816088192490653,1263,2022-01-01T21:02:57.950000000
0.3726558305978547,-116.71862196331995,0.6967090640692485,-64.11873636449762,256.35403328383325,CCW,2,0.11567113829283145,0.001336358062830758,121.31834553199292,0.11567113829283145,112.12591913090475,0.00204110615496044,43.50898304722887,0.05399325204779152,65.26271017102808,0.0022443871448691883,69.08398902876466,0.04991781862617348,20.947188481182867,0.05399325204779152,1264,2022-01-01T21:03:57.960000000
0.08696982404820551,27.923354081480355,0.7843579044144324,85.65444702280924,34.89876434135427,CCW,6,0.06771032485071553,0.0015988029239819733,186.7655843834093,0.019743378190681643,47.80815780494842,0.0028862890201674005,51.244508808341855,0.06581234960481717,55.31120412526672,0.005350645784841104,24.947977270707693,0.06771032485071553,16.689644726385808,0.06581234960481717,1265,2022-01-01T21:04:57.950000000
0.23272842220211654,-74.89804824880446,0.6903488940082209,79.43601140757802,472.64360643393115,CCW,2,0.15607846594193367,0.002520914798740528,183.68967041511453,0.15607846594193367,71.57892475449992,0.0025476066426213737,11.118746805650948,0.050327067354792775,44.164400503456264,0.0019236029495174787,56.06805183174973,0.03151466276940478,38.67653113501484,0.050327067354792775,1266,2022-01-01T21:05:57.960000000
0.19204039150402522,152.77937603063893,0.8107134946304217,-51.7808029293777,-245.0639720803312,CW,4,0.0684446627086057,0.0004842925154560616,89.24374323376789,0.029253233164110843,150.7146768184486,0.0007732402727965007,99.06990210017572,0.0684446627086057,51.153949741481625,0.0030819475645719177,64.83639654823865,0.04730088422297029,9.877171717120724,0.0684446627086057,1267,2022-01-01T21:06:57.960000000
0.155059482555269,-137.5173952709145,0.8093895672036074,-31.789296226079102,137.16906328478996,CCW,2,0.09058661324810847,0.0018427500472402,354.4812993753057,0.09058661324810847,134.99052091722726,0.0036923199513212686,11.35355709947974,0.07191479350907512,58.76037146238014,0.00305355442535335,6.051756804162184,0.02691622072309661,18.537799735581196,0.07191479350907512,1268,2022-01-01T21:07:57.950000000
0.23784919761053758,157.40240425096493,0.8151287925169527,-60.202953265686176,-97.92736172732234,CW,4,0.05358437415464092,0.0026756822811910665,176.88273625317944,0.04767460205931492,132.74540965417646,0.0009947185143884276,14.370350021155685,0.05358437415464092,78.34272480952934,0.0017083441391369104,54.35976751908562,0.028465257544854992,53.07788367033811,0.05358437415464092,1269,2022-01-01T21:08:57.960000000
0.40217967218484285,-155.492670930688,0.6226048944482451,-54.81155474847914,168.15068571472875,CCW,2,0.16003597858769628,0.001783163637598965,236.8747530514877,0.16003597858769628,132.2058235020845,0.0009733271062023571,21.535556347830287,0.019792861289778505,15.181810762156386,0.0013875967936875368,35.60710570326124,0.04330504813377167,38.64597299941905,0.019792861289778505,1270,2022-01-01T21:09:57.950000000
0.04587089273975272,-39.45467080646184,0.856702206219641,-78.72206116272149,152.85735188043017,CCW,2,0.08460776507686125,0.0022407280376589476,351.7554731267682,0.08460776507686125,109.64839527487186,0.002026263384736061,56.53599270675989,0.038981257092083985,45.9776835968353,0.00017544347842041538,40.03270917579705,0.019433059173235984,18.534431307991134,0.038981257092083985,1271,2022-01-01T21:10:57.960000000
0.20919386772365706,73.84784829833498,0.6821082425193585,-89.15559458294405,-242.6678326722458,CW,2,0.14562903106077454,0.0026937537042859587,49.96295282617684,0.14562903106077454,99.81151385735673,0.0017475687011240073,115.75579297831437,0.02969320484726378,89.71789054625502,0.0014671956667769678,60.29156873463451,0.04125904806221669,37.17222721802888,0.02969320484726378,1272,2022-01-01T21:11:57.960000000
0.11662619716463433,3.370689086460348,0.8871556716489707,40.84861960105741,47.93482949851875,CCW,2,0.04680008315789408,0.0013622465108416469,248.3448165590312,0.04680008315789408,64.78094530248374,0.003488449757803753,35.511334448350276,0.03826744419817605,9.517504449926538,0.0027957095859806377,68.1727846823984,0.037088470818167005,1.1004737571895238,0.03826744419817605,1273,2022-01-01T21:12:57.960000000
0.3699440146428002,-175.1854783002325,0.7754245952343083,-53.925198402151295,297.7263525966176,CCW,4,0.0787016514037192,0.0026425350767747724,127.78692068424598,0.05459118545684605,96.74618154949677,0.005465121657290392,57.885856182263915,0.0787016514037192,16.95802564311989,0.0033278293650237396,60.83646725493289,0.025096002010482007,25.5442870271407,0.0787016514037192,1274,2022-01-01T21:13:57.960000000
0.03265706295254768,-151.52052205187974,0.8313140701989676,-31.59578325364666,-2.591564594843206,CW,6,0.06707449090588602,0.001000288068031661,221.86519872057386,0.0636182361658118,132.82085492018328,0.0009324489856767286,11.445185636503417,0.05288745949596402,80.73942891321867,0.0014348030536929656,47.94227397793324,0.06707449090588602,24.002087312008094,0.05288745949596402,1275,2022-01-01T21:14:57.960000000
0.16263479749348358,-138.78759599134347,0.7867097222985417,-17.615768113843927,-65.50457163096215,CW,2,0.044116868987048606,0.001602171134327164,70.6696538085486,0.044116868987048606,153.43986218323283,0.0029387559048030237,93.92258711953164,0.03320556099529867,30.30164612553408,0.0013827251125630745,20.70425714323746,0.008964342167034713,5.420483564450153,0.03320556099529867,1276,2022-01-01T21:15:57.960000000
0.38122093725143874,-166.5726914081515,0.6383345932141401,-46.85298220569496,142.73010176184889,CCW,2,0.13392638548649152,0.002161148861329364,242.57437335211407,0.13392638548649152,130.27704529302582,0.002514340034401117,25.36197589723185,0.03521406989474388,44.7012950442805,0.0023616707799317487,58.02756216031049,0.08009371422324779,28.390441730203282,0.03521406989474388,1277,2022-01-01T21:16:57.960000000
0.31346341308373527,-128.94358154563722,0.8496469698029693,-68.8244841126844,236.93025050115946,CCW,6,0.0806835302762392,0.000780613854668225,200.68137057422112,0.04854946502672678,71.56744468020091,0.00034952928246307876,51.91080052517616,0.03410244419352119,49.63207733318707,0.0044631367262415525,64.602976849105,0.0806835302762392,15.477326529809117,0.03410244419352119,1278,2022-01-01T21:17:57.960000000
0.1101577783949531,159.6278863858116,0.7892393632308763,-11.779292828951554,-170.43248983782897,CW,6,0.10400826996834396,0.003464674155098034,72.82278214894569,0.05334531455446067,140.89881016925938,0.004448102420805015,85.03601591174456,0.047730160618188265,78.72001866223684,0.001423024738834177,46.71140855629332,0.10400826996834396,6.114630948402038,0.047730160618188265,1279,2022-01-01T21:18:57.950000000
0.5771957803423434,102.93275357435112,0.8516001937774303,-23.228387815477817,-756.6341947696087,CW,2,0.07318988820363637,0.0015416539768354658,124.59015664529207,0.07318988820363637,167.51149788259445,0.0015177556658644022,64.37830373518112,0.018131496383637744,23.994412318057776,0.0017078902993488427,49.98039570276469,0.017469515505796514,52.08090987498931,0.018131496383637744,1280,2022-01-01T21:19:57.950000000
0.30413524470444375,-177.80685196664177,0.6006948989186607,-20.173469832484614,89.7950162401322,CCW,2,0.18028034412937421,0.0004247198267359151,333.32128245783673,0.18028034412937421,160.38582676234927,0.0025078571216622476,63.52940923778689,0.01637336670236545,62.4330960822639,0.002664890575217558,48.00900554183292,0.022254759004563283,38.28573821248425,0.01637336670236545,1281,2022-01-01T21:20:57.950000000
0.167464374155937,169.90300017926,0.9238714898002363,-24.50552218563101,-41.893350490970995,CW,4,0.05305095051178963,0.00044235468860740607,305.71311299752836,0.03540129201829653,28.59123158322296,0.004148318075335746,16.570766189208292,0.05305095051178963,40.969439667998266,0.0014681121680201084,31.930438768484304,0.02349703601460165,8.707973647986364,0.05305095051178963,1282,2022-01-01T21:21:57.960000000
0.10895522222989483,122.3537335793534,0.853690003390205,-66.22737080286268,125.48077523067823,CCW,4,0.12009231106250393,0.0014717761728235642,89.9958056481099,0.051731801283310494,95.29175687093546,0.00191029795055102,58.68826602062987,0.12009231106250393,40.27665354541733,0.0014992677830860507,6.035083930232823,0.07923371012409298,6.277665294345135,0.12009231106250393,1283,2022-01-01T21:22:57.960000000
0.18430596306459382,-173.99190445138424,0.9260781124683828,-38.65055526868255,-110.59924930606837,CW,4,0.0547820657085616,0.002620682713610247,335.32057276171076,0.018698868007461705,66.3059016711055,0.0006407901987522951,78.47562465217965,0.0547820657085616,79.03463184738801,0.0020535268367107306,11.82113838728344,0.042779505005920114,44.21777222052658,0.0547820657085616,1284,2022-01-01T21:23:57.960000000
0.09378040663180418,-63.976494913819614,0.9192371999174742,38.56460815932016,10.351826729855588,CCW,4,0.06124749898155395,0.0006493004151764974,318.6170124249212,0.051181863575807306,27.004863315312846,0.0009656231476319169,48.92805452424977,0.06124749898155395,87.58523789099993,0.001318878919518017,54.86785570129873,0.0537326836093289,0.7954398330815862,0.06124749898155395,1285,2022-01-01T21:24:57.960000000
0.3619202919151004,158.66788144842806,0.689971036471951,-32.83496297632112,-144.82169901704685,CW,4,0.15830492503354324,0.0010302639139963782,355.12084790280466,0.09435921014830886,154.7205459670922,0.0012414439810993353,0.6790275367107246,0.15830492503354324,64.04015344859758,0.0006689145621674432,25.521267641784025,0.030150592041704626,15.641736026974241,0.15830492503354324,1286,2022-01-01T21:25:57.950000000
0.17400290301738428,174.39913580303588,0.7438749392090911,-18.278987754681992,-33.49566007451338,CW,2,0.10150416930072917,0.0034914633593872728,221.28892234743444,0.10150416930072917,160.486092395759,0.004186711481285701,22.37727991329522,0.048703717816974336,23.034966572448084,0.0017406902598549301,69.49975516862034,0.052381396980006295,51.63449592291507,0.048703717816974336,1287,2022-01-01T21:26:57.960000000
0.13585834170494238,123.16334892406427,0.8737508887532697,-19.876611584685577,-179.85900332493912,CW,4,0.0446099302938985,0.0003498221701209079,330.5511448716401,0.0365213601419038,155.20513636631856,0.0011667281025123269,49.22194273771929,0.0446099302938985,83.51261256442582,0.00127263390468046,54.5522988407737,0.04252257243054085,55.34604502560927,0.0446099302938985,1288,2022-01-01T21:27:57.960000000
0.4874986330298313,138.88351650560233,0.5543843189272996,-39.226767173854455,-387.7759512519893,CW,2,0.15336331498871653,0.0019618119767503424,189.2037461493369,0.15336331498871653,138.4016549976765,0.004562037289473067,91.11721410805563,0.0581801027718202,47.96516008200686,0.002922714708453365,19.838886380039202,0.00564219114931405,11.083024943751825,0.0581801027718202,1289,2022-01-01T21:28:57.960000000
0.22221877628671333,-99.3583660546037,0.8877241266098659,-24.4320920394062,312.33063564693543,CCW,4,0.1077206018229561,0.003230314841124174,45.56403413871095,0.049923013237527195,144.38602400511633,0.002462113844431626,48.562542160808775,0.1077206018229561,9.512127041181124,0.0009205119109272175,11.89538441297428,0.046407977679421675,43.846293314076036,0.1077206018229561,1290,2022-01-01T21:29:57.950000000
0.339524727274149,-140.22418699347537,0.5668645512079968,-81.2934828243104,320.75884605760666,CCW,2,0.10617304410947803,0.00383930118257759,115.32596071110244,0.10617304410947803,99.91408919201376,0.004411950925139127,13.774809076085322,0.05876081684842713,13.329930291804283,0.0048482356770521325,5.13892426617487,0.04696548576324539,36.89997323949207,0.05876081684842713,1291,2022-01-01T21:30:57.960000000
0.5518131135281115,-168.6445355327161,0.6467477988403502,-42.25176693998546,116.40361088493319,CCW,2,0.10235192915068626,0.002506258701790707,206.5383806518889,0.10235192915068626,133.5995606555589,0.001988399625102179,36.25465671543506,0.0847041750532213,1.731938881754114,0.0006029614751142886,12.181466185039893,0.03113080215051441,0.743315404709908,0.0847041750532213,1292,2022-01-01T21:31:57.960000000
0.11182776641266425,-148.70599773942357,0.8419058322626803,-39.03704557531174,-82.1779974291641,CW,6,0.07379793466526438,0.0027264050794423484,223.76783320350563,0.045038590147569446,125.74296080097831,0.002117819248838629,72.55312729325446,0.03305960544092333,37.77343520574386,0.0007156561168243506,63.37433371351021,0.07379793466526438,13.928909356033431,0.03305960544092333,1293,2022-01-01T21:32:57.960000000
0.09563097481414656,-57.03843956047941,0.8345142490279449,-58.47421064754214,406.4861945817579,CCW,2,0.09612448410667986,0.001369483851685183,127.32585188232129,0.09612448410667986,139.40968791243313,0.000990105962220043,81.9140367511356,0.03802570009362765,25.367532153577976,0.0008314763751253815,20.633683310597974,0.03147138087041711,20.790460831905992,0.03802570009362765,1294,2022-01-01T21:33:57.950000000
0.22925584601178017,-110.54056497792946,0.6043323826682029,-12.615268003833677,247.9290668662011,CCW,2,0.18781745209871767,0.0018348164670980284,249.1912973453314,0.18781745209871767,162.48623907529722,0.0010642985730742597,92.64465393130149,0.08049453178928058,56.76211741355338,0.0015866408924851496,37.161008188367695,0.041211237362018545,37.28318993872679,0.08049453178928058,1295,2022-01-01T21:34:57.960000000
0.16241972332267934,177.5223750942672,0.6152220850792306,-69.34817236622447,123.22899724028922,CCW,2,0.18739059787910456,0.0012234354358155895,339.3330935365435,0.18739059787910456,120.58081320111322,0.0020422026663645377,76.77162468107632,0.09533383191537931,15.416013328263476,0.0011967332279325545,23.79118826012121,0.07044197914210827,45.222178061643525,0.09533383191537931,1296,2022-01-01T21:35:57.960000000
0.1529332589879695,-94.53946769498235,0.8315779850054831,9.457640206827705,334.64365064824926,CCW,2,0.06562689814635135,0.0014328513237946868,84.78190906190589,0.06562689814635135,1.9658398230635687,0.0013483888093711583,94.47910885500005,0.06278117776979233,43.804609976120254,0.002602793708651302,64.6217797163228,0.048180396848861815,36.58353231521181,0.06278117776979233,1297,2022-01-01T21:36:57.960000000
0.09883808328089827,160.720794921304,0.7347825721105745,-35.678371837802615,143.69887812763514,CCW,2,0.13471909876826538,0.001226240911946399,42.46469775391082,0.13471909876826538,146.89067494097714,0.0020868990716323872,103.32886105667937,0.06130906630152324,71.14130850405796,0.0011996602010266085,7.25502767551775,0.015963809431430716,42.41082803800788,0.06130906630152324,1298,2022-01-01T21:37:57.950000000
0.4187087619946707,98.48124695309113,0.7656567302481846,-83.55454572001398,-617.2741167411356,CW,4,0.06504624708906016,0.002692739218539704,12.739620948101754,0.056078662188015826,103.81257241084917,0.0015429240729246767,4.621701835639746,0.06504624708906016,30.899920035919386,0.0013612809583839168,60.596460651905446,0.02562888404264872,33.72730834473417,0.06504624708906016,1299,2022-01-01T21:38:57.960000000
0.1748792184486861,-125.98261023286568,0.9031784807143278,-66.05281048823365,305.6513259160325,CCW,4,0.046092977798131304,0.0006273409141408552,78.93772778386587,0.03844654743919867,113.62435536082032,0.0028516410756227644,45.82400933006276,0.046092977798131304,6.575481925855788,0.0013559786337438505,55.49834353142467,0.031234240354457276,14.249829469722096,0.046092977798131304,1300,2022-01-01T21:39:57.960000000
0.08600816996960871,21.12744264681844,0.8262362645162659,63.698311149129765,193.3477410311009,CCW,2,0.10089153487211835,0.0008618739822022778,197.03273295199227,0.10089153487211835,62.47084759951269,0.00206302489683212,62.57170179277275,0.07299926480410207,81.99705127211126,0.0008264089775162647,11.558051723668804,0.0697018054751541,16.12186257911272,0.07299926480410207,1301,2022-01-01T21:40:57.950000000
0.13150309577548625,176.21303665379668,0.7215426595266691,-82.0324086519243,38.47168171536566,CCW,2,0.07497491952830879,0.0018437542654009382,263.9699689114648,0.07497491952830879,95.84863890614164,0.0010257813519654135,102.51216662604381,0.042308970570770314,82.38231490071264,0.0035087576451548665,35.44741432310598,0.008331013026807103,35.22428745741462,0.042308970570770314,1302,2022-01-01T21:41:57.960000000
0.1339660859210454,131.3288994837486,0.7577320448203243,-11.147769689067673,-136.18512238810354,CW,2,0.08915383264196855,0.0013483803396913744,186.35679987785633,0.08915383264196855,170.83152916943413,0.0011322376605087578,13.46595096205093,0.05707435191655284,48.3971970586003,0.000946610539098045,23.278804325305714,0.01165775218180372,24.569569581483456,0.05707435191655284,1303,2022-01-01T21:42:57.954375000
0.2925975858539803,179.0005508579639,0.6262924211693456,-22.11897310853118,-316.60834631312787,CW,2,0.11004205693873956,0.0027008481788738372,216.20789757001833,0.11004205693873956,147.6438342616869,0.0014795703967371975,115.52690625610765,0.09067268425571616,76.19545843542662,0.0027710511759735067,21.710335018660427,0.039956001727200034,35.21445255673429,0.09067268425571616,1304,2022-01-01T21:43:57.960000000
0.046682220661419534,-82.64066725080434,0.8457247210293523,-26.172254495822557,-56.888440930233045,CW,2,0.10424867094243576,0.0035951844862662707,155.27421674104548,0.10424867094243576,143.87398872766778,0.0017974717194725231,68.28318875110682,0.0856171560638064,73.68763241107267,0.0014387745665726999,70.19316006492619,0.0541924731670858,37.189549461458036,0.0856171560638064,1305,2022-01-01T21:44:57.960000000
0.522315120662442,-171.2031344402765,0.5655322940210555,-46.87046483468674,179.26018116734127,CCW,2,0.13133946175486355,0.0023088700205991853,322.09451753279205,0.13133946175486355,133.51569019042347,0.0008974644809283916,101.10995454810949,0.026647202687104264,25.531025538313266,0.001640095809501536,18.91001242141516,0.04845155141969829,58.28317463571241,0.026647202687104264,1306,2022-01-01T21:45:57.954375000
0.26197488038768196,-36.39091379885021,0.9191010059730897,45.97407818052781,240.75540203847476,CCW,6,0.09457634208031736,0.001549145933040597,63.2436206793229,0.028436376840403222,67.60233953125797,0.0006220284753143115,89.89013313210627,0.08782565007112118,17.600215695491674,0.0021578078778449515,35.88477490002542,0.09457634208031736,17.129047889948605,0.08782565007112118,1307,2022-01-01T21:46:57.960000000
0.5782817532440062,-156.54439786980046,0.6349551090013403,-59.50824315914396,224.88724065944973,CCW,2,0.15603363252246896,0.0021169659217803736,187.0897309004257,0.15603363252246896,111.5939187849338,0.004118911702503831,14.43332174660254,0.13141793306213295,1.9254001833063332,0.003574290959298853,47.518302472578945,0.08126864961604831,36.66006614913912,0.13141793306213295,1308,2022-01-01T21:47:57.960000000
0.41944479813749375,103.69258777673244,0.5819368121427139,-89.5109568883645,-375.2275947653228,CW,2,0.21835849548651173,0.001566287237077337,288.21448512833456,0.21835849548651173,89.79474484834255,0.000985637104833261,80.47834805671503,0.07731415785376708,74.95152595544131,0.0032345541148040063,6.701680347070672,0.060180390730677456,18.073137393179675,0.07731415785376708,1309,2022-01-01T21:48:57.960000000
0.2976245611846884,-173.3978046415345,0.6158719748976362,-53.38245852841658,34.011321352659444,CCW,2,0.18174127069492418,0.00393650003017032,309.3700927992028,0.18174127069492418,122.30609450311037,0.0009581076009875186,92.47302705004154,0.07350303390114253,4.885647145448899,0.002326467656041318,23.6879490321025,0.013746239685467477,21.985167546836664,0.07350303390114253,1310,2022-01-01T21:49:57.950000000
0.09260007588126085,160.22609438940046,0.759346825208266,-72.0849270255649,-327.14005648402025,CW,2,0.10586729201817274,0.0028387295891290454,93.74629351025483,0.10586729201817274,99.08872602010584,0.002832586968920606,12.27382286169794,0.06645762397868246,57.34862055853034,0.001968767513702661,40.80182302990912,0.021657146682296166,12.77128075768927,0.06645762397868246,1311,2022-01-01T21:50:57.950000000
0.29429948710360804,-109.72020482300195,0.7851991269772617,-27.135805257545343,421.10526104337,CCW,2,0.08133969891430458,0.001081366794839519,305.8249161933426,0.08133969891430458,151.65081610714765,0.0004628169000727208,80.28093069981568,0.07554089172835582,66.14926141417216,0.0010591995448435147,28.550295813330994,0.024166808737830645,6.508120950606481,0.07554089172835582,1312,2022-01-01T21:51:57.970000000
0.41541527244121285,137.56428451941807,0.6863838786300854,-35.63489787315686,-324.9923182688674,CW,2,0.10538311078713682,0.0018859089011700905,27.288280274283075,0.10538311078713682,145.7367265606955,0.0020279773607994483,94.8737239475672,0.021603787889880773,86.89259164677308,0.0028745399574382157,63.07079309189425,0.012658016870745902,27.36966399393711,0.021603787889880773,1313,2022-01-01T21:52:57.970000000
0.16017793042337464,-148.8583081498149,0.7510148178738998,-22.80938758870198,136.4713568784793,CCW,2,0.12180733761881742,0.0007337488112401647,24.677200555457265,0.12180733761881742,145.66519811735765,0.0035472775066460994,58.29949070491316,0.07331884760453777,19.92945617373838,0.0016626487802784819,48.08753021578002,0.015830823276380326,36.55508363438487,0.07331884760453777,1314,2022-01-01T21:53:57.960000000
0.12292083018491022,139.572481264944,0.8486442570423262,-50.687173650008646,38.85988284417526,CCW,2,0.06097418562496772,0.002920160055194866,318.2219334190998,0.06097418562496772,134.41103727505634,0.002634983678556194,39.26049605243082,0.05430974818169496,20.74614185786516,0.003969024327158341,39.84328072120996,0.026263311880663474,40.41068639652633,0.05430974818169496,1315,2022-01-01T21:54:57.970000000
0.12803127604821335,-98.73920567733612,0.869895189428282,-20.256725216785412,19.06036323085415,CCW,6,0.0779251497281221,0.0009717655955799687,317.09368713024355,0.0738297529171213,159.7976658406489,0.0010782922858795182,98.51198436521773,0.07373639126871136,20.903539731297933,0.0013013492990507608,39.71241988224919,0.0779251497281221,28.675247418201735,0.07373639126871136,1316,2022-01-01T21:55:57.960000000
0.04130750267489954,-56.335850229881956,0.7619329905576233,86.25471515198366,157.92943871187506,CCW,4,0.10734435408142977,0.0017531898511049695,60.37027889990293,0.05279893959499757,48.53113710903023,0.0009669279189588416,26.670483362586598,0.10734435408142977,11.738980526734304,0.003328898028555816,38.621844034641356,0.039789421465566834,35.582434494490464,0.10734435408142977,1317,2022-01-01T21:56:57.970000000
0.18761445683483835,-80.60710661391231,0.8480371428012659,59.8091368688092,300.394621840632,CCW,2,0.0871811512617275,0.0015178241735170413,327.8904726774534,0.0871811512617275,55.99587072504447,0.0027506680383747226,42.06241767113935,0.05045169434229633,29.86837380655329,0.001645460359323344,26.921546786650037,0.021398982233305948,14.539555207050281,0.05045169434229633,1318,2022-01-01T21:57:57.960000000
0.24476350032304778,-140.16233100049863,0.6589675887579238,-19.993747121006805,335.8092619324377,CCW,2,0.10211586744607008,0.002764465095563731,94.14869332162202,0.10211586744607008,170.53482943204776,0.0007234406143740891,57.981786497970845,0.03835560525984045,50.206795201239395,0.0009024478146679215,7.001511360623951,0.04286080899651355,30.625699981444107,0.03835560525984045,1319,2022-01-01T21:58:57.960000000
0.16777300721845687,-152.11427052829487,0.8823326636023079,-26.252993861658098,25.75923531040587,CCW,4,0.03986420145501759,0.0017371257067911765,181.49539839635835,0.02347511841459889,93.8831300422359,0.003923799520457622,6.632272088812068,0.03986420145501759,72.2026113296454,0.003093922729814818,36.014983869481235,0.013807567996019293,41.52537598515637,0.03986420145501759,1320,2022-01-01T21:59:57.970000000
0.329819764818015,-72.14949886952193,0.9171506267382455,-74.5378485041615,305.4176689347078,CCW,2,0.08839865814497945,0.00180890397370654,322.28558614170197,0.08839865814497945,101.47830333517823,0.003024236432289542,87.56324387730518,0.016932833769612014,31.00276008374219,0.0020891883648162892,37.871826421202115,0.00877764272548541,14.236293162538821,0.016932833769612014,1321,2022-01-01T22:00:57.960000000
0.15258533295799998,-66.0125168556887,0.7416816087026753,88.47424870170032,262.52385138360125,CCW,2,0.1316342996587336,0.0017564258572508277,28.210311549109328,0.1316342996587336,97.42674091760514,0.002774002147726328,46.981735648218624,0.002666860789428505,25.249548075733834,0.0016953807631935238,32.13101734729967,0.0544420688523136,2.6420084709198544,0.002666860789428505,1322,2022-01-01T22:01:57.970000000
0.3770455615064461,-171.56496448805186,0.4684256280352742,-69.16989945465443,202.3225433352244,CCW,2,0.27295818159018365,0.0037086107169287904,224.51886094109062,0.27295818159018365,105.46178347289153,0.0006315786755327672,45.23833337871833,0.05747789267085201,14.407625799503386,0.0001339808886351579,43.30496102935125,0.02163915469904662,36.34825530379395,0.05747789267085201,1323,2022-01-01T22:02:57.970000000
0.4044694397876698,133.54381409608052,0.694321688702773,-52.76496126406683,-402.4406539846276,CW,6,0.09860810119126383,0.0007561902201744595,166.97182964864302,0.09162437484382639,122.61333699836447,0.002251409435519648,118.07345845144008,0.05353626108023092,39.01504757313743,0.0008141456358437907,32.14743895054723,0.09860810119126383,56.36392293443406,0.05353626108023092,1324,2022-01-01T22:03:57.960000000
0.04931262591360008,-165.37588609986145,0.6948960777950116,-17.660980458515894,-85.7504325317605,CW,2,0.15675710490313885,0.0023471116858510793,259.88654021122215,0.15675710490313885,155.5541660612837,0.0014584324180019858,59.749778979493335,0.04818331581678234,70.45035568767543,0.0031596749435044923,31.08331711472122,0.04757840571368399,39.59186745885529,0.04818331581678234,1325,2022-01-01T22:04:57.960000000
0.1830212880271653,114.19283921366508,0.8297949477072804,-59.88587727816561,-201.21847629456548,CW,2,0.0641960402490066,0.0016244913804840926,88.28438388359412,0.0641960402490066,125.76675274336748,0.0023920946120457747,104.05611473797546,0.04517119413683398,30.49969611218189,0.003318672132419406,10.60765867842449,0.04228648633761509,50.40960850766463,0.04517119413683398,1326,2022-01-01T22:05:57.950000000
0.24642305723398955,146.94941517930482,0.8686482730856047,-38.69149623541898,-24.997171489734455,CW,4,0.09411160840300857,0.002897654158294829,72.91451480937414,0.017188361784706438,161.91369919137304,0.004697469765326653,81.91260822944861,0.09411160840300857,63.2661352187809,0.0011941808963835546,5.346137123000003,0.04543021256914104,6.419327036103328,0.09411160840300857,1327,2022-01-01T22:06:57.960000000
0.4461404220391526,-96.32220618304704,0.8531737400469179,-19.874870971396717,536.4697269103027,CCW,2,0.05975173173794196,0.0027777477175666095,189.17916900818042,0.05975173173794196,164.92070636536113,0.0047539494973556605,80.60714093243485,0.05853925732754671,23.909478603491255,0.003560204615632497,55.44830871338827,0.04549326949919794,52.775009560182525,0.05853925732754671,1328,2022-01-01T22:07:57.960000000
0.1792870431819521,-139.89612475850555,0.8136644291961433,-21.30909304644544,200.03063878535892,CCW,4,0.07900692757007297,0.0015075019104195996,85.18344645787874,0.037046949502798084,172.65554186488944,0.0023265574481632213,10.711893427884783,0.07900692757007297,78.79791855130374,0.002347461294992651,10.958364514631315,0.021185699726578126,29.760179029187654,0.07900692757007297,1329,2022-01-01T22:08:57.960000000
0.22783018371392438,-129.88523422173714,0.8043157340333206,-54.651943619149094,172.5863661039113,CCW,2,0.07826513213870416,0.0031411651939485976,58.38516650359673,0.07826513213870416,122.80401414562502,0.002069704292198293,106.21024077607363,0.004233804189008297,6.238616807710014,0.001063481848227537,33.62564042680578,0.03561622826317485,53.013426916007816,0.004233804189008297,1330,2022-01-01T22:09:57.950000000
0.08368152112345612,139.84019871813945,0.8399301477675453,-28.403100686571406,-28.899782643463368,CW,2,0.05619544359265471,0.0017564327962508654,164.5379035795506,0.05619544359265471,144.98857092758254,0.0007784957975893915,102.50774044420822,0.03908973291215095,47.68308869479409,0.0009045809128179922,24.76574104552567,0.04548866014009982,27.632705242360327,0.03908973291215095,1331,2022-01-01T22:10:57.950000000
0.23382048805270264,-78.43923083749834,0.9316464943838154,71.45656772580595,463.28623342486736,CCW,4,0.054538420924009984,0.003524661136335544,82.01426815485497,0.02280571885205759,112.22035982922314,0.0019160630219312651,109.23135576620459,0.054538420924009984,42.547244031757344,0.0037569885850521328,25.87805031266715,0.037897221796875775,51.68455251500193,0.054538420924009984,1332,2022-01-01T22:11:57.960000000
0.3558601604427598,37.21967271595051,0.7256623275885272,22.318274508518243,-289.0874707089143,CW,2,0.08198258221021226,0.0018240541449115852,152.0493023306327,0.08198258221021226,9.957620706043064,0.0021107318299325895,67.11082179558616,0.03438705533742376,87.54079170285199,0.000947643176412891,69.53434074152366,0.06283958377518345,0.5184268562522353,0.03438705533742376,1333,2022-01-01T22:12:57.970000000
0.15179671167825948,166.2218918234405,0.9124981014716779,-32.39508693307076,-98.42038714331409,CW,4,0.04900971458664666,0.0006898097148436952,162.87762353106757,0.044562922535912146,14.939560529259731,0.0021556934375281107,98.6459635646105,0.04900971458664666,31.386599483628675,0.0025251984765610217,3.8421950144984334,0.0023576615591678848,8.971454076101784,0.04900971458664666,1334,2022-01-01T22:13:57.960000000
0.258552292667994,-67.67681706893322,0.9557939452879542,-11.020011943272351,333.2688669698161,CCW,4,0.08590030229585695,0.0030947148011360682,137.1608861702634,0.05732450739749986,121.4433231744546,0.0015031629078811734,94.50350493564837,0.08590030229585695,81.79287051141897,0.004375166404318418,29.2921572555185,0.06758852883506655,37.02635574342385,0.08590030229585695,1335,2022-01-01T22:14:57.960000000
0.2925876626774061,-98.44935383257777,0.899775225824349,-14.977682179445225,351.4198319728709,CCW,4,0.06373575207053281,0.00209334762202246,22.117202236371206,0.03777565379256827,117.92482827133432,0.0009162045285717392,35.99288877272107,0.06373575207053281,36.76914768116368,0.0034923499815624906,6.814220908403945,0.009506056367294098,56.702959393160775,0.06373575207053281,1336,2022-01-01T22:15:57.970000000
0.1999016164806878,28.463707845774103,0.8024466207861002,62.69779859000647,-199.55635825364894,CW,2,0.09597766718036176,0.0038297919697423575,319.29393043274297,0.09597766718036176,65.88417311953674,0.002265156499147438,61.79895273463856,0.055634984245835024,15.884318872259941,0.0037786580307400193,26.094770359617932,0.019425281719308397,49.02589795975027,0.055634984245835024,1337,2022-01-01T22:16:57.970000000
0.2580147761513106,-151.08363000834055,0.7781914158140064,-68.59975324440215,53.0175176800083,CCW,2,0.14513579812337574,0.0015564864615656307,23.421474731761414,0.14513579812337574,93.17587162532712,0.0001243433706491378,94.19462573805134,0.06663498297955946,74.11272004525277,0.0009570397616276431,55.84347134243784,0.03742943747988441,2.2138134215569574,0.06663498297955946,1338,2022-01-01T22:17:57.960000000
0.1793314469735247,-136.98481066749972,0.8134200371181771,-35.394884118344606,210.78304125135236,CCW,2,0.0499015070557625,0.0015474140406049194,80.5668359977112,0.0499015070557625,138.76817852205488,0.002269946108740808,26.1345522168077,0.045176942095076215,71.24397538263099,0.0010404181912458258,70.14486103141351,0.040405916969269304,58.792101012914664,0.045176942095076215,1339,2022-01-01T22:18:57.960000000
0.03908386545975085,49.76721663501873,0.6828371385522284,0.7133811674213462,-38.81856284609594,CW,4,0.11316839901652619,0.0015125383309333783,228.2340690486314,0.03824338759528364,170.90428625429914,0.0035949013269466713,19.259349161262495,0.11316839901652619,85.62535726494684,0.002089212106120471,41.837787934094266,0.01174282404062576,26.58650953684611,0.11316839901652619,1340,2022-01-01T22:19:57.960000000
0.20938485002298307,136.55782238840393,0.6813465207070942,-14.299683644403615,-256.2570444023776,CW,2,0.1682452854038361,0.0021050760382885893,148.37492580581315,0.1682452854038361,172.70367352585546,0.0005300054376207047,5.135222664380952,0.04905890951849456,59.45300718496475,0.001566656188759547,22.227122320556173,0.048909042598377,45.597448353380855,0.04905890951849456,1341,2022-01-01T22:20:57.960000000
0.19912665660854523,-125.61585270352265,0.7928181095781922,-21.891204727197874,266.45250221477806,CCW,6,0.09475755725704116,0.003945540000592222,173.92482494262524,0.08739009626384331,149.1261972730099,0.0023784479210474403,64.74067309455178,0.08573398450352251,5.257271216720977,0.00291843856904042,51.902119346801555,0.09475755725704116,49.668423516033556,0.08573398450352251,1342,2022-01-01T22:21:57.970000000
0.3818790378530425,-100.56466462680078,0.9440341211740394,-13.311058753456848,603.0832365168768,CCW,2,0.05728350075513011,0.003509700766098028,78.3556048941373,0.05728350075513011,175.75110585288644,0.0027915983563496028,119.93941787839178,0.008985914689622246,48.56964486112211,0.0016980418065466675,48.57004174062168,0.04227942753988905,54.42992242653485,0.008985914689622246,1343,2022-01-01T22:22:57.960000000
0.24363363767426732,80.29578084142412,0.7887545294569067,0.8174731124439916,-384.8735291561493,CW,4,0.07635383409010797,0.0031299599356294935,102.55196763369584,0.048872640783208,174.94415914637185,0.0029435884497643573,78.19302731623351,0.07635383409010797,31.819359941742746,0.00230989740724833,25.731672978030105,0.0151458979578003,58.746441589176214,0.07635383409010797,1344,2022-01-01T22:23:57.970000000
0.14252617669460338,-97.94192617013216,0.8996390228280858,61.591828010630316,-96.1328789674709,CW,2,0.07511786354955745,0.001130778366281011,262.584069135953,0.07511786354955745,57.055895642992766,0.0025387593802454773,70.39837400263436,0.06591733879208603,12.056429590253483,0.002202682994226268,45.429651841596986,0.03700881620495201,34.36201582546079,0.06591733879208603,1345,2022-01-01T22:24:57.970000000
0.6725000915287382,-78.22167535366232,0.8684707156726519,38.41796778755935,928.0038890390617,CCW,2,0.05729638365583831,0.002546274899653715,258.81422444111917,0.05729638365583831,79.2550277989846,0.0017154589348126676,24.84933536785219,0.030122496335315684,47.76219928386383,0.002062243965224515,13.646493399491753,0.013192573823838528,43.88680175555467,0.030122496335315684,1346,2022-01-01T22:25:57.970000000
0.27799054942157747,-158.1261106684458,0.4632477233868322,-74.7487221511306,-13.018588974545779,CW,2,0.18205237575320637,0.003118171003812428,303.9058774648781,0.18205237575320637,108.93538858637984,0.002058257828349729,6.032791760913411,0.0801152612667025,19.246140224783318,0.002714853485177488,65.90276606550583,0.024714488850411408,37.38889752780337,0.0801152612667025,1347,2022-01-01T22:26:57.970000000
0.21272796759968404,58.19807339994153,0.8967174289192927,62.22423931867502,-274.4891145031223,CW,4,0.06376958285954222,0.0010031644264510435,39.74523510771788,0.05717430958751449,85.17913917141638,0.002043493841848424,62.169463087963514,0.06376958285954222,57.925628291383056,0.002824160261380392,39.89969458131594,0.008161553965490393,27.797236967486374,0.06376958285954222,1348,2022-01-01T22:27:57.970000000
0.33903009353276914,170.78045516706138,0.5839451438412218,-37.4297548934658,-111.88085787171742,CW,2,0.12267258147558366,0.0016666852126734444,191.32432149857846,0.12267258147558366,142.3354463276787,0.0019997247248368607,100.63560433434444,0.04322596667702206,61.56283419226057,0.0013960571836915388,28.398979543970416,0.017707581468373125,37.246311631128194,0.04322596667702206,1349,2022-01-01T22:28:57.970000000
0.40612770268020454,-2.126040427873716,0.649496465145018,59.00603509685555,196.17780949557851,CCW,4,0.08089242353459924,0.0017281815327737048,294.231378851857,0.08039262842551684,62.86200821701507,0.0002799677433333384,6.286432198624674,0.08089242353459924,66.60945992995343,0.0017668720556598932,21.08390671366897,0.05813385809394885,24.614620574040604,0.08089242353459924,1350,2022-01-01T22:29:57.960000000
0.19884859253938325,-78.72920861050468,0.8317750042005786,40.27096949550713,143.62802990169553,CCW,2,0.09635964659911103,0.0023845518286431987,55.612304032174016,0.09635964659911103,29.894613943135703,0.0018433948448465954,109.5895914731735,0.019724652256204747,36.52189784750083,0.0017081945537919343,8.948156265104407,0.021008510372567422,48.027609270273445,0.019724652256204747,1351,2022-01-01T22:30:57.970000000
0.06615910027357369,130.14464162239534,0.7703545735125945,-25.493250605808782,-193.60204016957147,CW,2,0.13008882985865194,0.0012369261011413643,257.2770265613534,0.13008882985865194,143.49017820613756,0.002138915333954415,9.201661856295281,0.008814434156673179,6.839487200881159,0.002134665292640941,44.965543193340885,0.03179341073801254,25.352608380016214,0.008814434156673179,1352,2022-01-01T22:31:57.960000000
0.2313923528938016,79.40351137483158,0.8332212430832445,-85.51445333564345,-84.40039051725338,CW,4,0.07268913880191039,0.0036992308504717754,45.667217616791234,0.05478288581161419,83.2668737403592,0.005432735353816226,5.115040362863027,0.07268913880191039,55.64303041144235,0.0035157899642051195,4.873218946239816,0.04627342199655936,17.37539889150169,0.07268913880191039,1353,2022-01-01T22:32:57.970000000
0.24402938561055473,-47.84309097077676,0.7705601500427975,6.180031189640772,91.74571507192002,CCW,2,0.056098103595909714,0.0025020316797698364,69.38696365880703,0.056098103595909714,0.599193111745245,0.0028928597011238922,94.42928953404743,0.03731612198669958,85.04109362716723,0.003959919323717481,29.86227228476857,0.02403040304128337,22.744973586841596,0.03731612198669958,1354,2022-01-01T22:33:57.960000000
0.14247287137914127,-95.9860539784934,0.9201793786554361,13.583918114282397,298.1255356493392,CCW,4,0.09062487070176808,0.0018130448799751119,200.32509764316904,0.03423167297607376,17.48391786316961,0.0016167664278832817,41.48614062112266,0.09062487070176808,41.526061918257476,0.0009345857203145822,47.855001175861965,0.022233280131419585,45.79567902518885,0.09062487070176808,1355,2022-01-01T22:34:57.970000000
0.24748757610723876,-164.85728201502516,0.6634366982400505,-39.420670428045355,27.404856463920993,CCW,2,0.16090421883102535,0.0030058686837289624,81.35503785116266,0.16090421883102535,145.51650373648243,0.0011716272520147237,85.93533228421366,0.09043985326784892,24.766227468420283,0.002011601631295283,53.845280899272,0.026395076545852672,12.472794595215776,0.09043985326784892,1356,2022-01-01T22:35:57.970000000
0.30316401447324287,154.6589614389278,0.6071184822446736,-23.413896784211516,-328.8955821969134,CW,2,0.16123685164185403,0.0018194189575514352,26.38904795240978,0.16123685164185403,147.18833774333785,0.0020022908871766627,94.672257628477,0.10563507400331804,54.26325403628785,0.000691905539830565,55.1221777327973,0.07810818833852387,45.493418084121544,0.10563507400331804,1357,2022-01-01T22:36:57.970000000
0.42873419386824313,-133.25526006565659,0.6898005663191341,-47.639066110883846,407.48163305959434,CCW,2,0.13228315228555307,0.004001891121935807,234.40827064430363,0.13228315228555307,129.3290399778901,0.0016889924455317207,16.798500400764336,0.024292760104821544,76.07998929377938,0.002387812012180334,42.698129333851284,0.01205159532562988,25.684339385050276,0.024292760104821544,1358,2022-01-01T22:37:57.960000000
0.2350394798978277,-117.62551859481543,0.9238399609769684,22.18854966888415,81.28594125312895,CCW,2,0.1167552849092844,0.0004333768373286002,337.1561027772797,0.1167552849092844,55.99365752818306,0.0011560372306830891,30.92668368053801,0.02808619639053521,47.05030860620776,0.0009954510813487598,19.74631486076591,0.02785096736791795,55.10591308200874,0.02808619639053521,1359,2022-01-01T22:38:57.970000000
0.3297383151435291,-107.36145686854111,0.8600874490966846,-60.0799137105856,501.54307833703274,CCW,2,0.06287356036302204,0.0009912196845866656,35.581272766192676,0.06287356036302204,112.39717471101667,0.002670653216265194,31.376485530691014,0.04088330744174525,18.790326415215528,0.0023985335436627463,53.02493703055556,0.041475213100575524,48.73735200663274,0.04088330744174525,1360,2022-01-01T22:39:57.960000000
0.03554845524089621,-172.8431657468951,0.8276561414635702,-21.994830654895424,84.0063469333209,CCW,6,0.05925054448827267,0.0024394338415713365,358.4208572182671,0.05153260230084373,164.87351106701612,0.0007863475041668726,14.94335754046958,0.010956680612713408,44.83284303345489,0.0018826204063689207,45.77485228490417,0.05925054448827267,10.643290379192784,0.010956680612713408,1361,2022-01-01T22:40:57.970000000
0.22897617043641147,143.8339730626795,0.7656221198356228,-65.36007756375146,-121.79854972767289,CW,2,0.10276791400721422,0.0020891591155701443,259.2139743059918,0.10276791400721422,103.47633284843718,0.0007532029665961396,7.922244435173886,0.09185865784747023,55.4879465833514,0.0039586002697233405,39.54688130402796,0.02917848457314917,34.19975783990332,0.09185865784747023,1362,2022-01-01T22:41:57.970000000
0.1723552312990183,-159.81682957085204,0.8432750983473766,-34.34325365152554,49.77399330164894,CCW,6,0.04826746524600314,0.0022635304950822245,8.735282723091508,0.005272397392952904,169.0453272950843,0.0029075803418763487,56.9347162499725,0.02618782018708103,75.10680051950476,0.002219621420186112,31.712467355054176,0.04826746524600314,15.707760397842723,0.02618782018708103,1363,2022-01-01T22:42:57.970000000
0.060129306374090016,172.3120522555727,0.787307412225989,-75.96902586013097,36.43704338318068,CCW,4,0.11080226782175877,0.00256790988650211,174.46263123391088,0.055276200699335705,86.9277875754288,0.002416884387424762,3.2254792800329897,0.11080226782175877,60.41887320019133,0.0012923679934149124,66.54302779909675,0.08713685536920222,6.262859291164957,0.11080226782175877,1364,2022-01-01T22:43:57.960000000
0.3262240684128944,101.31797995978297,0.768273215224907,-11.54791117218349,-349.84793616061165,CW,2,0.10027313679275832,0.0033736636782885714,349.53472583275385,0.10027313679275832,167.53341208789672,0.001477684410134785,106.12471137815305,0.0730815307344202,1.1383422900370312,0.002125342877919612,67.1138057172696,0.024205119978713482,11.313257829225666,0.0730815307344202,1365,2022-01-01T22:44:57.970000000
0.13887192582009827,163.6783912385956,0.7652699388509311,-48.138039734089375,-19.492136153187047,CW,2,0.06796100130128059,0.0017724806901513355,29.32138257828351,0.06796100130128059,125.10968602164282,0.0019271593892627478,118.51257971313949,0.03415701541413914,44.38002078159675,0.0013158838950661285,10.89250834893027,0.0167564656751001,59.77121840603286,0.03415701541413914,1366,2022-01-01T22:45:57.970000000
0.4375273752486719,172.07232572863393,0.4871832609198218,-40.10164598366018,146.5013494644722,CCW,2,0.14744452256162993,0.00044857772434189985,174.10061329132077,0.14744452256162993,144.26276810825377,0.0012718121756179804,64.38017583895069,0.08861355388094912,45.543029313091466,0.00247591072393577,2.7933671470781896,0.0762865912974508,15.634241895049264,0.08861355388094912,1367,2022-01-01T22:46:57.970000000
0.16804421934930497,67.05500708576868,0.6562977571672439,22.99440124420437,-287.41504927472505,CW,2,0.16804202017102207,0.0012624187068171649,190.67582361720852,0.16804202017102207,31.62491739570758,0.0012876375953423847,54.54741689104839,0.01452581772670684,16.11765129855514,0.0009837497213743109,29.719134999874793,0.008896616129532213,48.36082223857472,0.01452581772670684,1368,2022-01-01T22:47:57.970000000
0.24648617927009533,112.83977823083369,0.8384697441177413,-87.6914627262952,-461.30602091767406,CW,4,0.02363291471398956,0.0013847161827165275,42.9694867555919,0.01942438403672687,94.16918560289953,0.0007303988819616667,80.56729172777298,0.02363291471398956,56.95341646598415,0.0020722656194265693,50.30137732097259,0.021154831340315986,29.55858486604943,0.02363291471398956,1369,2022-01-01T22:48:57.970000000
0.09009007831684299,0.924279213040397,0.7944154045020723,-21.564918895795444,104.42660968502402,CCW,2,0.12926560029525105,0.001811809984489046,347.3248149263288,0.12926560029525105,156.7621401996857,0.005809376494847873,42.54821846338864,0.0643194216286574,66.42241477087408,0.002072787846585494,19.588457840406555,0.06974581403831602,29.280019615752348,0.0643194216286574,1370,2022-01-01T22:49:57.960000000
0.23127906909967058,127.76755357542393,0.8847795774646271,-35.55653195477677,-164.50478410391787,CW,2,0.050919798100498015,0.0019079419813114898,49.657570044341405,0.050919798100498015,133.36674995606577,0.0008396673374156197,62.52971878832972,0.03005222266315438,61.53959661424324,0.00017426738471913486,55.44554778430748,0.0420226665270613,57.21531859927586,0.03005222266315438,1371,2022-01-01T22:50:57.970000000
0.2954976976168595,-150.16761434620796,0.6001044178028735,-25.4140709201817,318.40112967032564,CCW,2,0.18966156146395172,0.0021684383427528395,336.9955050396808,0.18966156146395172,153.01757413548563,0.0025841246145837837,36.82889687038307,0.06180624251522407,52.51920152483676,0.00200646942031359,12.27595467215852,0.033245552247212366,25.353727062003507,0.06180624251522407,1372,2022-01-01T22:51:57.970000000
0.3371344230598882,61.72349981936214,0.6993458825745691,47.68571138691881,-544.5092853130575,CW,2,0.1699786191799935,0.0013815907793123642,316.86077819017,0.1699786191799935,43.01411320828564,0.0034976055864127053,13.734533870099442,0.07951940507112289,33.035342800184466,0.004327179639844322,17.088166623311146,0.02880575234391061,35.60413850194625,0.07951940507112289,1373,2022-01-01T22:52:57.970000000
0.34379142230841797,69.95378730776805,0.8641823362278691,48.82427888716883,-167.73220990534833,CW,4,0.07377243313198453,0.0008345121220342532,246.198859371972,0.0557638064902544,58.48218166151483,0.0006203052129723816,38.8589946997779,0.07377243313198453,48.20365322191758,0.0023029607091258333,68.37629104656415,0.009814208742001932,48.76591993368862,0.07377243313198453,1374,2022-01-01T22:53:57.970000000
0.15175664269724765,164.18669609357926,0.7543016129457378,-84.81003920158766,-170.09958499393804,CW,2,0.07614209751681464,0.003821721302221831,171.34311631677824,0.07614209751681464,75.05884858261614,0.0042442397137885494,55.514205694410414,0.05268122330711347,37.13910680809902,0.001113920532289577,39.82849633566847,0.017636845568335863,14.11088393706448,0.05268122330711347,1375,2022-01-01T22:54:57.980000000
0.15722354866822344,-165.18279072027389,0.7099810615249846,-58.154037518180075,106.51666591690778,CCW,2,0.11457290569921601,0.002625393820524015,208.56357192000326,0.11457290569921601,122.03525739006005,0.0013028835920098187,1.0697597794903813,0.06297963447173047,29.902441446683326,0.0015347077874218287,13.442891794926712,0.07365103313042783,57.62440653884621,0.06297963447173047,1376,2022-01-01T22:55:57.970000000
0.40325820502081466,-128.45314860747436,0.8577476018626244,-67.02080076466846,315.4561535304,CCW,2,0.042681602389579715,0.002841661447964462,10.287876754466167,0.042681602389579715,19.02557011346949,0.0014065297161599043,109.3259575537673,0.03400249449847466,11.078693613225854,0.001240548201278052,69.1409808906326,0.040115424821292614,49.51030577824544,0.03400249449847466,1377,2022-01-01T22:56:57.964375000
0.3812058987472335,-66.66521746093207,0.7199768760094469,65.392684129921,779.666819955233,CCW,2,0.11493425844460979,0.0035050541786567895,135.887587517155,0.11493425844460979,70.74929763187627,0.00235597704015452,73.56258276366647,0.021671657532858685,66.93941220805384,0.004169636358456015,63.822901378961646,0.007143609394261499,7.932265844556517,0.021671657532858685,1378,2022-01-01T22:57:57.980000000
0.1520674833875785,-174.2263934579274,0.7424363926982444,-25.20611578024173,128.0720521521705,CCW,2,0.11315719583173316,0.0021257908274622318,241.69122924795494,0.11315719583173316,149.9098622462225,0.0037944592638750312,116.35226888845267,0.024851547262748235,9.500596494596534,0.002934416963989899,23.782979447875483,0.004392916974835295,14.154540379181947,0.024851547262748235,1379,2022-01-01T22:58:57.970000000
0.1607349811624196,158.36338583187887,0.712261976508064,-83.08924198674303,-130.33607861642525,CW,2,0.09908357972889942,0.001809045856580438,123.82265048365055,0.09908357972889942,84.02776481336876,0.0014896572515914965,58.78844297910244,0.036323877408359746,87.68645632706487,0.0033401584299435653,24.675857541771773,0.06728421979332762,34.80343057109399,0.036323877408359746,1380,2022-01-01T22:59:57.960000000
0.10660813780830063,1.638670536282781,0.6964347369992604,14.700925364336314,26.608716741708818,CCW,4,0.12602338469581167,0.002661515078394181,252.70988470385035,0.11761634607327583,5.4490511295159605,0.0015457350808452442,27.90179440009523,0.12602338469581167,27.01666268078377,0.0027979673924981726,63.366629671965875,0.025643625384902773,12.435802704362992,0.12602338469581167,1381,2022-01-01T23:00:57.970000000
0.23481503941118975,-172.6258791625445,0.7073731081012582,-15.124530737499043,62.41994399158604,CCW,2,0.11648865893279862,0.001978734146840733,177.0266569626223,0.11648865893279862,163.42488884422102,0.0027353060809712348,84.3141519777838,0.07556993819468885,25.482642285465303,0.0017249143464362403,13.531149006732287,0.04122876418778808,24.30292491300957,0.07556993819468885,1382,2022-01-01T23:01:57.970000000
0.30001650158426557,158.552311000995,0.5734510204090937,-65.08291393782514,-101.88073657852365,CW,2,0.1658221707159339,0.0015923705566076478,314.3782878840716,0.1658221707159339,122.55976805302808,0.0034202439120188245,16.77685947521458,0.05035374713312966,31.751536820533442,0.0013459104277746665,22.387232588360945,0.026681114613663397,21.91921536357848,0.05035374713312966,1383,2022-01-01T23:02:57.980000000
0.38052355961408807,-146.63529617140262,0.6992028970185888,-77.21909814336932,137.00087586892283,CCW,2,0.10684539486172057,0.001244479830354595,146.61334924921033,0.10684539486172057,87.40327259341709,0.0025838615849256156,57.64702359751222,0.07381987947216377,71.32359464353632,0.0014775026818383823,57.052941228803085,0.059339190761471976,2.0177452738355908,0.07381987947216377,1384,2022-01-01T23:03:57.960000000
0.4091868365684786,141.36996656770114,0.6977035611634846,-34.984273355959346,-275.47202318334143,CW,2,0.12218817217970056,0.0017539386137037881,75.06946350935824,0.12218817217970056,145.1302123264256,0.003841786825185848,22.74576363714517,0.011052615537602936,7.4355617304439825,0.0012251483141606046,26.421739559265315,0.06720673798730868,7.243685040906009,0.011052615537602936,1385,2022-01-01T23:04:57.960000000
0.10965723448237988,-120.17638365380681,0.8923395625934064,-81.27893472384935,22.162885743777963,CCW,6,0.055505562117629706,0.0031839941502384396,20.523964446011885,0.04256238259273647,87.84064818449286,0.0011105048043923468,117.36449017704884,0.04019602637780615,0.9131026622731587,0.0001287340293766079,39.815320933501845,0.055505562117629706,49.05216738397208,0.04019602637780615,1386,2022-01-01T23:05:57.970000000
0.14306361027985717,-150.8054991763754,0.607856813436948,-80.16321740170042,-22.27453369407094,CW,2,0.1316633108316405,0.0006311884832451364,133.83710073195445,0.1316633108316405,98.68570254895883,0.003339102330333807,10.072970384373397,0.1116750924096568,19.212067663566163,0.0023031859354313896,25.112253089368416,0.08982251084959463,32.47804634636551,0.1116750924096568,1387,2022-01-01T23:06:57.980000000
0.2963822484999927,-117.20338175110747,0.6726175962748616,-58.88430102797642,195.82308722385906,CCW,2,0.13377727645182233,0.0027905698023617956,111.3252818970377,0.13377727645182233,125.46523949544644,0.002860381402701932,28.26321285362347,0.10472638591122684,40.35890551481351,0.0021532137575106876,46.12264428446068,0.05423311130243904,17.2837233266571,0.10472638591122684,1388,2022-01-01T23:07:57.960000000
0.26069956789530674,-84.89573289516137,0.8453378528402027,-27.606105050919552,458.6206464794965,CCW,4,0.08105241736035576,0.002815831010530347,258.3311121383622,0.0314220283658124,122.45095237580728,0.003023965450717086,5.918898520137402,0.08105241736035576,74.5700054289598,0.0006572180216623019,37.292866441474395,0.07495219480124836,27.864690273434743,0.08105241736035576,1389,2022-01-01T23:08:57.970000000
0.23950685946575145,-34.879976836319706,0.8767729363008204,-37.19766857273845,280.27783570447775,CCW,2,0.10858871876737344,0.0011198345145052003,356.66534632700456,0.10858871876737344,148.52406086613098,0.0029078202658182357,39.33313712360676,0.08020933419972567,40.79329813244937,0.0017385362058859797,53.55275111097646,0.031387492137502075,8.053593124014236,0.08020933419972567,1390,2022-01-01T23:09:57.970000000
0.1404866673677698,71.44048375953159,0.9328510854371517,-51.69124948805813,-282.5779591065025,CW,2,0.059233485750316256,0.0020989679753263416,73.99852601801157,0.059233485750316256,149.14464092405993,0.000701971154198279,80.74750989601586,0.01873167769424249,59.66708763689478,0.001208119028176528,26.015013569079247,0.040147266458989334,41.95765158322709,0.01873167769424249,1391,2022-01-01T23:10:57.970000000
0.29388520081471686,-50.12280916516554,0.6839869137096142,81.48924438895781,205.99385685274603,CCW,2,0.0965060583531175,0.002375578198438193,60.168050347485824,0.0965060583531175,93.86806951223511,0.0008135714529686254,81.24951239016511,0.03421019311764365,47.46979244448205,0.0028075901790588892,58.265502762655515,0.04596383785036409,25.843382056686842,0.03421019311764365,1392,2022-01-01T23:11:57.970000000
0.0735382827537937,149.79175876791615,0.8633937429421855,-74.41922176154392,-66.14712449733571,CW,2,0.038830621720916475,0.002162337685264176,187.25803095305363,0.038830621720916475,143.04277563065529,0.0010761284602559577,22.74610120129037,0.03387031403059993,63.42456776288565,0.0012323864337686428,60.332743031455536,0.038457322299040156,26.1736611007037,0.03387031403059993,1393,2022-01-01T23:12:57.970000000
0.07093293941423544,44.073556996230664,0.825066023416783,-21.099245803050962,-97.1690538005797,CW,2,0.09144473894212547,0.0015712443224983274,68.01444090569467,0.09144473894212547,156.9074075174359,0.0047309474444467104,42.46024622169124,0.06544887801919243,44.979885212029735,0.0010779681053245764,27.06300383001674,0.05584870040918864,19.56454674854913,0.06544887801919243,1394,2022-01-01T23:13:57.970000000
0.291287654041842,165.95732814011998,0.6653558639146526,-71.93796449571238,-126.88504579827355,CW,2,0.09152404654818551,0.0029439333017687204,274.0723037740347,0.09152404654818551,110.68867315506199,0.0014293318511200597,105.10717732519876,0.017436118198710042,84.08761007761517,0.0010607675914478664,44.16527239462853,0.03507290479746347,23.055466678036122,0.017436118198710042,1395,2022-01-01T23:14:57.970000000
0.26084468573020897,-169.58591995639205,0.6352607084835221,-57.100467558710946,198.9845577938493,CCW,2,0.11137961918317381,0.0014501397804221757,240.60968651401535,0.11137961918317381,129.8567848942348,0.004804277391397003,28.04985856640819,0.09575607696171046,31.73476479207556,0.0016580930281884759,26.688736240401294,0.0401561759226264,46.39131968306996,0.09575607696171046,1396,2022-01-01T23:15:57.970000000
0.05946568299118574,102.1501687318077,0.8346070763426456,-79.32727607474584,-1.8245165153590364,CW,6,0.09015845716922788,0.004833016589852645,101.53053973166435,0.03244306115414202,37.46698804531775,0.0013497042376272076,55.672004541899526,0.037965642706509484,32.23369306928547,0.0032297287685387997,25.57612077856971,0.09015845716922788,41.69459417774446,0.037965642706509484,1397,2022-01-01T23:16:57.970000000
0.21181462616055358,-166.215076007706,0.8265228736405401,-63.45669980415106,-35.476537722533266,CW,2,0.07808937613181001,0.00486797956865875,65.76915730509641,0.07808937613181001,93.61303270393897,0.0001808225320047825,63.4345214278765,0.06869050182512866,83.87542919400695,0.0016291841105927451,11.013599664248938,0.015765179994634268,48.902345454430346,0.06869050182512866,1398,2022-01-01T23:17:57.980000000
0.22276601314900413,122.54279758552018,0.8544282396805584,-49.71243007878243,-478.77865652038327,CW,2,0.05826608891765381,0.0029448201428123803,79.1231901028188,0.05826608891765381,133.37381295168973,0.0009206843020856223,22.876963985530217,0.022268033081813576,68.65851232861377,0.001838149520716905,33.82377793902787,0.020169990423813757,52.73925741529973,0.022268033081813576,1399,2022-01-01T23:18:57.970000000
0.254725705688862,-87.00479351626275,0.7469132851697029,-70.3692531696362,-1.060040576118638,CW,2,0.1431040972096716,0.004218504319073994,60.60433752647112,0.1431040972096716,115.36933770544651,0.00230467523607927,41.831988426521995,0.05767218727980161,19.244972699074353,0.0012480318951358664,25.684640104675072,0.06527025584163097,47.23685928558464,0.05767218727980161,1400,2022-01-01T23:19:57.960000000
0.10800748973945197,161.9842927880551,0.8375043994280461,-35.774768808809256,-14.850649273791362,CW,2,0.07670353468931422,0.0017223239414713297,250.21574204395205,0.07670353468931422,125.63248299902057,0.00215693883777948,93.8643246028246,0.045361332727057196,17.160910771650713,0.0019135253773659821,14.200502528815695,0.040580760919509115,54.154801766101926,0.045361332727057196,1401,2022-01-01T23:20:57.970000000
0.15328178471335538,-72.40209442840113,0.828845048185815,-87.3034876540649,286.87461268032223,CCW,4,0.0731184753358629,0.001667569043731113,357.77024231916323,0.04586444570520802,98.37777164716509,0.0004697909711944591,62.75598417283777,0.0731184753358629,5.596511279220699,0.002017974142657285,38.9705743464646,0.047782264109597045,6.281268170735387,0.0731184753358629,1402,2022-01-01T23:21:57.970000000
0.4843267310479775,-161.4588356930389,0.7249952423898491,-59.718109462569885,176.9451483291597,CCW,6,0.11173297749893812,0.004531812417131687,255.6613875763382,0.08957842086035944,102.55309131356395,0.002412428922137581,32.15303637488005,0.1116895135790323,53.523601311106304,0.000532134150804993,49.55099625109552,0.11173297749893812,49.52626698609749,0.1116895135790323,1403,2022-01-01T23:22:57.980000000
0.15224589503015434,-79.64345804460194,0.6303969694284771,72.49348385382648,180.8360591364355,CCW,2,0.19117388176368627,0.001371553509956333,98.93945292269878,0.19117388176368627,65.91157244795122,0.0010046758326378465,12.386257372603255,0.09577097047538835,81.64122201607209,0.0012867612617496163,33.83802376979102,0.04072926318071467,12.69591017623782,0.09577097047538835,1404,2022-01-01T23:23:57.970000000
0.13176846147350657,103.8718041243865,0.5727115910590654,-3.4394223665751156,-140.59925487967587,CW,2,0.21012366916300862,0.0049052548431880675,325.69198745431515,0.21012366916300862,172.14221792776578,0.0016006334982207084,15.549170445109057,0.06978989846458107,30.0965238391888,0.0031183041009717302,65.72265803741688,0.014820111829649936,18.28029498586977,0.06978989846458107,1405,2022-01-01T23:24:57.970000000
0.16323007834835343,-174.22865381588844,0.8008962272881497,-25.909917357186856,136.37631312126157,CCW,2,0.10635225440138084,0.0035707373101443703,75.09992801163138,0.10635225440138084,165.7764797151372,0.003493462930544487,72.22607373808583,0.044401188151210004,43.520467733309,0.001407640390799509,53.916455465111554,0.061672804283997115,49.90982583173519,0.044401188151210004,1406,2022-01-01T23:25:57.970000000
0.21268299560450404,-83.46984728315309,0.8576059944188369,0.8663261608417656,321.9245195853938,CCW,6,0.025580474300312843,0.0017258517964630817,128.0775564552306,0.016386319133729232,10.161318062090366,0.002535126056247657,20.985232257673495,0.020119104004890528,34.03114422230642,0.002684906388853971,32.41937857067886,0.025580474300312843,42.278610860971305,0.020119104004890528,1407,2022-01-01T23:26:57.980000000
0.08661713494302037,149.30285304330397,0.863401568624456,23.91562558403328,-97.76890426577827,CW,6,0.0896853823029469,0.0027387365045879017,335.58403375294677,0.05943951999049348,34.68166384297297,0.00036513288514053037,37.319222162699816,0.021192579629936464,54.78288968927344,0.0022867750741185477,60.284985622493394,0.0896853823029469,37.821788707562106,0.021192579629936464,1408,2022-01-01T23:27:57.970000000
0.21505189229235575,-119.18313629650255,0.7660925296229582,-9.32728052133865,297.2815495069757,CCW,2,0.07401310098467652,0.0018680774977778126,336.871663901086,0.07401310098467652,1.3991208826792088,0.0031761096406124384,25.114327218270976,0.04866358593560962,65.3909733941787,0.001514732933426283,27.21403803151845,0.06193319457263796,49.30451285831645,0.04866358593560962,1409,2022-01-01T23:28:57.970000000
0.273629061965623,164.34028548625017,0.715423305567449,-19.825871395427697,-1.912434818829567,CW,4,0.12171046285324899,0.003243288687071913,94.77505878295248,0.08901958612911842,153.77109113792648,0.0018583717530164876,81.33578846171446,0.12171046285324899,22.64959045744185,0.0026110011318705114,28.587487200498146,0.029694925391085033,23.000823805011283,0.12171046285324899,1410,2022-01-01T23:29:57.970000000
0.310727993677427,-112.01258055460913,0.7960801536941611,-65.54556727938518,382.0233314640099,CCW,2,0.08662290933501145,0.0006641342036789829,18.399992704589394,0.08662290933501145,125.84524584295816,0.0008317288338139775,20.021945556791064,0.040581183344972065,70.4933404261161,0.0009709454717976038,25.236504252587384,0.025530003696967552,14.207148909785591,0.040581183344972065,1411,2022-01-01T23:30:57.970000000
0.15098762857247705,69.19486911162547,0.7096030557451839,85.01090953657568,-29.36799858530111,CW,2,0.12674408083988645,0.001833304270022289,277.7051800015056,0.12674408083988645,82.95500930744213,0.0029433064199113532,65.13073146178913,0.07810585592088447,46.80993605088839,0.003750850598904068,24.183930772149033,0.023090927588188072,17.645579297714676,0.07810585592088447,1412,2022-01-01T23:31:57.980000000
0.2875550385878459,-75.70055964166411,0.9775018316474396,-84.45377329374152,521.05919115211,CCW,4,0.060118503862508915,0.0020133811331383587,228.84089659440352,0.053239926617343496,161.03798435442096,0.0009620962288914636,37.11089533371092,0.060118503862508915,74.57009847663173,0.0014957500505067133,39.16536254354085,0.015600711861382822,29.80185956779925,0.060118503862508915,1413,2022-01-01T23:32:57.970000000
0.21649005396304868,132.29981009597603,0.833984002587576,-57.66115069787419,-360.0737609048267,CW,2,0.07412297720450149,0.0012383126275710122,226.7841215610773,0.07412297720450149,97.29869506531476,0.0017967613179879082,2.5507401202044955,0.0472443348013919,48.09581365342637,0.002167879383623638,48.01268084491598,0.038076164811559225,28.28245314176691,0.0472443348013919,1414,2022-01-01T23:33:57.980000000
0.491407565205195,81.72549470908655,0.8700745773610349,57.79527838780885,-492.66875195323144,CW,6,0.03487188665990606,0.0018801923626678434,105.59074086859405,0.029155064286529316,60.65048290587923,0.0036285893636183214,29.771036335578003,0.03171891933252076,20.59601888179565,0.0015623127897051645,68.22342161651649,0.03487188665990606,7.407208100523123,0.03171891933252076,1415,2022-01-01T23:34:57.970000000
0.09009335660757961,153.91207801549325,0.8321904396566613,-20.84984958756138,93.80452271170407,CCW,2,0.06742998728148591,0.006146689282751579,104.78001842165244,0.06742998728148591,139.1800425715348,0.003227064578634108,108.75121909597657,0.036491751961576085,57.00196369021195,0.0025032377353994954,27.61287518146819,0.0656918749871114,56.4795128098702,0.036491751961576085,1416,2022-01-01T23:35:57.970000000
0.09950479559861876,-111.64995396439818,0.7679143658800239,71.86009590003545,15.836938569700663,CCW,2,0.07992231238593232,0.003020927634297344,23.54540196005331,0.07992231238593232,67.13095121144372,0.0020995007452837516,19.985882108485942,0.05562667008937518,73.12220469957505,0.0014456369588102696,24.23409374691709,0.02945509246470847,56.348987527543876,0.05562667008937518,1417,2022-01-01T23:36:57.970000000
0.1921826874207536,-176.52598490022277,0.6599166329387915,-71.6690618315247,-1.4788429070938207,CW,2,0.14412338120670057,0.0029515379668435923,17.7113941624838,0.14412338120670057,106.66374976601132,0.0019328421440988812,27.664804748378753,0.02268333161194031,54.105693741411635,0.002110948702543541,39.07697173838833,0.028925832276842586,8.422282152641634,0.02268333161194031,1418,2022-01-01T23:37:57.970000000
0.2721183254050066,62.01629264788712,0.7611104210556869,76.5496534835869,-46.37027429349319,CW,4,0.08527190857637858,0.001070927237169333,329.82035748841173,0.05252098751817582,91.17855109668218,0.004614557438794228,104.39307216729684,0.08527190857637858,48.32978801248497,0.0025642795979962303,35.93894262902576,0.04178484631847795,12.508820033245689,0.08527190857637858,1419,2022-01-01T23:38:57.970000000
0.3005318590422798,15.59636781610879,0.6633869996312395,66.96661406755337,-151.96324435413666,CW,2,0.1465976695336687,0.001956745692870708,54.737406466535006,0.1465976695336687,68.55051455866291,0.0016687353771081147,26.59633505006619,0.019466537319724232,10.383027681523625,0.0016355463373290316,68.94564682206644,0.028875419951025046,48.59177360003965,0.019466537319724232,1420,2022-01-01T23:39:57.970000000
0.107279234248407,76.7784482327582,0.7058975512177044,84.20294587873983,-108.9191824333736,CW,2,0.07741748997322775,0.001500430909790529,196.60229076802864,0.07741748997322775,80.12764554088534,0.0045314224352883,115.98107698711635,0.02958729674477115,0.21580320821040078,0.0009822354528172311,57.898589884802675,0.02315196518481715,27.372885973391227,0.02958729674477115,1421,2022-01-01T23:40:57.970000000
0.27890921146629405,172.24648161203163,0.7755524840101173,-32.88739963557347,58.633818475601046,CCW,6,0.08225864210878525,0.00038857835540257016,19.92366384170432,0.025918880075294987,146.91771266713766,0.0014733549354299883,23.456385247710134,0.06538314389523757,52.37342709230325,0.0019575493869770184,9.634924012668519,0.08225864210878525,40.363742796156245,0.06538314389523757,1422,2022-01-01T23:41:57.980000000
0.34800892207240824,147.8894815217292,0.7799293032209116,-25.450823672013286,-184.85540931363005,CW,2,0.06771800662385287,0.0026996043330190325,324.37947446529415,0.06771800662385287,172.26150291364218,0.0008545952890368091,29.07478187812904,0.04812726088876241,9.308553710953584,0.0014009321212944761,57.79572727228407,0.05772713223956083,5.378883587435008,0.04812726088876241,1423,2022-01-01T23:42:57.980000000
0.492326025925101,-172.21415315297233,0.6451375323485486,-55.116352854036606,247.74443009011577,CCW,2,0.1474487014717607,0.003729777669233106,32.99012366178769,0.1474487014717607,117.89803978559067,0.0033637622997181446,61.113193874237744,0.09755827046041121,1.2094723702239814,0.005626167942092873,0.3068713171544918,0.027159290983820607,3.397834690670883,0.09755827046041121,1424,2022-01-01T23:43:57.970000000
0.14516557726519747,179.1375631055283,0.5332141972928107,-13.214117352317288,37.864427693013134,CCW,2,0.2521038092417866,0.0009628436024772878,252.1712328825397,0.2521038092417866,160.79365981862333,0.0017213935203609404,39.17735410712227,0.015241371539195829,55.005615305701355,0.0035731899405078366,22.823133758439102,0.028832262042674323,39.408638529473166,0.015241371539195829,1425,2022-01-01T23:44:57.980000000
0.39075060198032346,119.40471724966285,0.7072132059007123,-20.065838039810103,-559.3014939768067,CW,2,0.09471775031865678,0.002449937890291293,76.03642812824437,0.09471775031865678,145.08419308421267,0.0023597326400765055,90.04689895047859,0.06618177350297541,34.8679993615263,0.0004231521398734289,38.448403380102626,0.01654004601052747,1.5474427599885316,0.06618177350297541,1426,2022-01-01T23:45:57.970000000
0.2660951522611485,-162.49381776508775,0.6956114797775147,-39.65589389582891,80.43060485093211,CCW,2,0.06875757752626126,0.0016746580009211283,205.3096190708004,0.06875757752626126,145.24372411212082,0.0013248698387728246,26.581609968048365,0.024364547299511083,58.110950508383155,0.0017108192503923743,63.78701474528585,0.024201755591033356,20.819395214448846,0.024364547299511083,1427,2022-01-01T23:46:57.970000000
0.1307566971907857,109.94817431844167,0.6906720615955045,85.70218274696242,15.304665611982074,CCW,2,0.11964949372717881,0.001732726202027949,251.97211091872742,0.11964949372717881,74.12497869184675,0.0019341195860072087,115.22466387070897,0.06262447600258178,64.84756926318519,0.003599375127123358,15.7541758574048,0.03234080501508556,14.670027759673971,0.06262447600258178,1428,2022-01-01T23:47:57.980000000
0.4560208441165912,134.21761695189363,0.7687598796593187,-49.823275277248655,-618.3986453391929,CW,4,0.07480134407284786,0.0005379364955943837,169.8195430697132,0.060848374398320824,112.16808477344847,0.001279420539987801,90.78462019577626,0.07480134407284786,42.399022962467534,0.00020997756887498303,27.2799122550758,0.013415533315589454,3.212476767992496,0.07480134407284786,1429,2022-01-01T23:48:57.980000000
0.2226880811751426,-138.83538075926174,0.7122141453601769,-21.058734217897296,291.6848055374988,CCW,2,0.07825839215391671,0.0008279797083377286,247.17206517909102,0.07825839215391671,143.96259601774727,0.0010991168038711357,73.23941227794494,0.02491517000176136,58.24190272179358,0.000749530458905974,46.14320492026158,0.06234681876150482,28.150889079863916,0.02491517000176136,1430,2022-01-01T23:49:57.980000000
0.044845917686326855,-116.79815898466576,0.8035776665165392,81.09002847096508,-187.97974976819373,CW,2,0.08500345185290545,0.0023642216512715425,233.00763071504014,0.08500345185290545,37.44412743652666,0.002431337153731028,104.59851686418367,0.04461338657922556,85.15684158411803,0.001080146224212,3.818198583029551,0.03183681912779873,55.141148593100056,0.04461338657922556,1431,2022-01-01T23:50:57.970000000
0.3173759520064227,88.13374884043361,0.8570825232165218,3.875448687876059,-509.5809452721604,CW,4,0.12460277851313434,0.0014600226167992931,341.17096154245627,0.09096325755970473,7.152532498298073,0.0012991428314963133,41.508352971241536,0.12460277851313434,3.541662728807502,0.0011105362820726967,23.87723008745715,0.06844939352742392,1.9521150776260012,0.12460277851313434,1432,2022-01-01T23:51:57.990000000
0.2933684347921885,-91.55246327613769,0.8668067186886168,-76.4556703156819,480.8014650991088,CCW,4,0.08844760157193539,0.0031867717087594684,343.24115484816826,0.04766931058615464,135.3879431887563,0.002118921495919707,69.4035839400008,0.08844760157193539,46.779143866805136,0.0010996903367644347,58.33220838418846,0.0649565539689589,3.1398320408677027,0.08844760157193539,1433,2022-01-01T23:52:57.980000000
0.12374119911281403,-87.83005326034464,0.9674728549361136,19.24115333837824,19.198747310992516,CCW,4,0.0797086106096903,0.0022786668837005974,16.72179001011516,0.029999440401871084,170.94555260650387,0.0012959861195395639,20.749793087995847,0.0797086106096903,21.858981210519172,0.0011471405237623385,37.638726415579605,0.03670230591224679,36.10728309748866,0.0797086106096903,1434,2022-01-01T23:53:57.970000000
0.15356094259041086,-145.27633404962748,0.9487081057190982,-55.55041246650306,227.92717534427774,CCW,4,0.031394552537322255,0.0039135486467869116,123.47559640485095,0.020116690144201373,54.199515809346494,0.0019065703545172125,55.76546177548861,0.031394552537322255,11.306763862159986,0.001226894810516588,17.814634170496706,0.02821476518770969,41.5328524200421,0.031394552537322255,1435,2022-01-01T23:54:57.980000000
0.1176770676215744,-164.9183311379906,0.9358842520449837,-58.33626126706004,130.36512059169294,CCW,4,0.0866459401959939,0.0029349632831086364,151.83100464392277,0.013303767326706857,171.9078690348969,0.0022796194837122414,40.1960383771416,0.0866459401959939,19.790738011098036,0.0012100972417553066,22.696227829433038,0.03519011663316633,36.74511077742472,0.0866459401959939,1436,2022-01-01T23:55:57.990000000
0.4238188514805749,-141.69335938671546,0.6904127701141055,-30.127122785857637,412.1823393037522,CCW,2,0.08681490591386261,0.0012187441940220965,57.535603235572644,0.08681490591386261,132.09632833177614,0.001447062437561109,107.92212475415391,0.08491298917745427,65.47582273067454,0.0019730937070539163,15.057485999571192,0.022204778294515306,55.95312376318069,0.08491298917745427,1437,2022-01-01T23:56:57.980000000
0.022067288049278416,-60.03680864579601,0.8283133206092109,29.309959622103634,129.70570126278682,CCW,2,0.08680721237356222,0.0003504834556716003,135.88079446590274,0.08680721237356222,20.445924996994236,0.0017206545377724794,52.278873901632274,0.05222599689632775,23.243763734862014,0.0008675750404506533,55.53529198264361,0.030179568380828907,41.511814188568735,0.05222599689632775,1438,2022-01-01T23:57:57.980000000
0.2527191537068508,-116.51876660804767,0.7938572918021767,-56.18772853029641,61.25950766083949,CCW,2,0.10304597213072786,0.002397357238413229,349.87794429708083,0.10304597213072786,119.78096733146864,0.0036837769253906453,67.73491918031493,0.02245875853678232,28.962176722685776,0.0028054673600343663,71.96688203835541,0.04237204527251175,35.39000036088429,0.02245875853678232,1439,2022-01-01T23:58:57.980000000
