t_s,mx,my,mz,yaw_deg
0.001086,1722,-2117,650,139.977
0.001385,1723,-2119,649,139.971
0.006501,1724,-2120,650,139.971
0.010970,1724,-2118,649,139.971
0.016577,1724,-2115,649,139.971
0.021046,1724,-2111,650,139.971
0.026809,1724,-2109,649,139.971
0.031228,1722,-2107,647,139.971
0.035638,1721,-2106,645,139.971
0.041416,1719,-2105,645,139.966
0.045793,1718,-2103,645,139.966
0.051391,1716,-2100,645,139.966
0.055881,1716,-2097,643,139.966
0.061545,1715,-2094,641,139.966
0.066151,1714,-2094,640,139.966
0.071673,1712,-2095,639,139.960
0.077680,1711,-2098,641,139.960
0.085400,1709,-2101,645,139.960
0.087627,1708,-2101,646,139.960
0.090723,1707,-2100,646,139.960
0.097200,1707,-2099,648,139.960
0.102601,1706,-2097,650,139.960
0.106918,1705,-2096,649,139.960
0.110951,1706,-2096,651,139.966
0.115317,1708,-2097,649,139.966
0.121089,1708,-2098,647,139.966
0.125620,1710,-2100,646,139.966
0.131211,1712,-2100,644,139.966
0.135716,1712,-2101,643,139.966
0.141381,1712,-2102,645,139.971
0.145978,1713,-2102,645,139.966
0.151714,1713,-2102,647,139.971
0.156194,1712,-2104,649,139.971
0.160553,1712,-2105,649,139.971
0.166331,1712,-2106,653,139.971
0.170733,1712,-2106,655,139.977
0.176466,1713,-2106,657,139.977
0.180897,1714,-2106,658,139.977
0.186568,1714,-2107,657,139.977
0.191062,1714,-2108,658,139.982
0.195455,1712,-2110,657,139.982
0.201105,1709,-2111,657,139.982
0.205521,1706,-2112,653,139.982
0.211222,1706,-2113,650,139.982
0.215827,1707,-2114,646,139.982
0.221412,1708,-2115,643,139.982
0.225795,1709,-2114,641,139.982
0.231498,1709,-2113,641,139.982
0.236016,1708,-2113,642,139.982
0.240398,1706,-2113,644,139.982
0.246099,1704,-2114,644,139.982
0.250496,1701,-2114,644,139.988
0.256168,1700,-2115,644,139.988
0.260606,1699,-2114,642,139.988
0.266303,1699,-2112,638,139.988
0.270783,1702,-2110,635,139.988
0.275243,1704,-2108,635,139.993
0.280924,1707,-2107,634,139.993
0.285436,1711,-2108,632,139.993
0.291019,1713,-2110,630,139.999
0.295494,1716,-2112,628,139.999
0.301109,1718,-2113,623,139.999
0.305606,1720,-2115,618,139.999
0.311324,1722,-2117,618,139.993
0.315736,1723,-2118,617,139.993
0.320156,1722,-2120,618,139.988
0.325839,1722,-2121,620,139.988
0.330311,1720,-2120,620,139.982
0.336044,1720,-2119,621,139.982
0.340438,1720,-2118,622,139.982
0.346123,1721,-2117,622,139.982
0.350617,1722,-2118,623,139.982
0.354965,1721,-2117,623,139.982
0.360720,1720,-2116,624,139.988
0.365029,1720,-2115,621,139.988
0.370799,1717,-2113,620,139.988
0.375178,1714,-2113,619,139.993
0.380971,1713,-2112,618,139.993
0.385428,1714,-2112,619,139.993
0.391261,1716,-2111,619,139.993
0.395573,1717,-2109,619,139.988
0.399929,1718,-2106,620,139.988
0.405675,1719,-2104,623,139.988
0.410160,1719,-2103,625,139.988
0.415748,1719,-2103,629,139.988
0.420219,1718,-2104,628,139.988
0.425964,1716,-2103,629,139.988
0.430284,1713,-2102,629,139.988
0.434777,1711,-2100,628,139.988
0.440495,1711,-2098,629,139.988
0.445081,1711,-2098,630,139.988
0.450599,1710,-2100,633,139.993
0.455071,1711,-2103,635,139.993
0.460744,1711,-2104,635,139.993
0.465201,1712,-2106,633,139.993
0.470745,1714,-2109,628,139.993
0.475373,1715,-2111,623,139.993
0.479716,1717,-2113,619,139.993
0.485424,1717,-2115,615,139.993
0.489897,1716,-2114,615,139.993
0.495577,1716,-2114,616,139.993
0.500029,1715,-2114,616,139.993
0.505688,1715,-2115,618,139.993
0.510121,1715,-2116,617,139.993
0.514553,1715,-2116,614,139.993
0.520295,1714,-2116,613,139.993
0.524563,1712,-2116,616,139.993
0.530332,1711,-2116,617,139.993
0.534868,1712,-2118,620,139.993
0.540496,1714,-2119,621,139.993
0.544978,1717,-2120,621,139.993
0.550731,1720,-2119,622,139.993
0.555293,1723,-2118,624,139.993
0.559502,1724,-2116,625,139.993
0.565270,1724,-2114,626,139.993
0.569686,1723,-2112,627,139.993
0.575350,1721,-2111,626,139.993
0.579775,1720,-2110,627,139.993
0.585496,1720,-2110,630,139.993
0.589887,1719,-2110,631,139.993
0.594504,1719,-2112,630,139.999
0.600100,1721,-2112,630,139.993
0.604553,1723,-2111,631,139.993
0.610134,1726,-2109,631,139.993
0.614640,1731,-2106,631,139.993
0.620374,1733,-2104,630,139.988
0.624724,1735,-2103,628,139.982
0.630647,1735,-2102,627,139.982
0.634886,1734,-2103,629,139.982
0.639477,1732,-2103,630,139.977
0.645091,1731,-2103,631,139.977
0.649621,1730,-2103,630,139.977
0.655110,1731,-2103,629,139.977
0.659628,1731,-2102,629,139.977
0.665344,1732,-2103,630,139.977
0.669850,1731,-2103,633,139.977
0.674078,1732,-2104,634,139.977
0.679840,1732,-2105,633,139.977
0.684300,1732,-2104,635,139.977
0.689926,1731,-2104,636,139.982
0.694458,1730,-2104,637,139.982
0.700175,1729,-2104,637,139.982
0.704559,1730,-2104,637,139.988
0.710285,1732,-2103,634,139.988
0.714661,1732,-2101,633,139.988
0.719312,1731,-2098,633,139.988
0.724875,1728,-2094,632,139.988
0.729227,1724,-2091,633,139.988
0.734957,1720,-2089,634,139.988
0.739361,1718,-2090,635,139.982
0.745097,1718,-2091,640,139.982
0.749522,1719,-2093,642,139.982
0.753931,1721,-2095,643,139.977
0.759670,1722,-2095,643,139.977
0.764080,1722,-2095,643,139.971
0.769749,1721,-2095,640,139.971
0.774251,1721,-2094,637,139.971
0.779905,1720,-2092,635,139.971
0.784328,1720,-2091,635,139.971
0.790073,1721,-2090,635,139.971
0.794535,1719,-2089,638,139.971
0.798941,1718,-2090,646,139.971
0.804582,1716,-2091,651,139.966
0.809006,1714,-2094,656,139.966
0.814729,1711,-2097,660,139.966
0.819134,1710,-2100,662,139.966
0.824803,1710,-2103,663,139.966
0.829212,1710,-2107,663,139.966
0.833725,1710,-2110,662,139.971
0.839472,1710,-2111,660,139.971
0.843884,1711,-2113,656,139.966
0.849601,1713,-2114,652,139.966
0.854089,1714,-2114,649,139.971
0.859728,1716,-2114,647,139.966
0.864071,1717,-2115,647,139.966
0.869812,1718,-2114,647,139.966
0.874257,1718,-2112,644,139.966
0.878701,1717,-2109,641,139.966
0.884416,1715,-2105,637,139.966
0.888973,1713,-2102,634,139.966
0.894542,1711,-2101,633,139.966
0.898991,1710,-2099,634,139.966
0.904719,1710,-2098,632,139.966
0.909084,1711,-2098,631,139.966
0.913301,1714,-2098,631,139.966
0.919261,1716,-2099,632,139.960
0.923675,1717,-2100,632,139.966
0.929318,1718,-2101,634,139.960
0.933796,1718,-2101,635,139.960
0.939472,1717,-2100,638,139.960
0.943910,1716,-2101,640,139.960
0.949670,1717,-2103,639,139.960
0.954067,1716,-2103,640,139.960
0.958506,1716,-2102,641,139.960
0.964211,1717,-2103,643,139.960
0.968646,1717,-2103,644,139.960
0.974335,1717,-2102,646,139.960
0.978891,1719,-2103,648,139.960
0.984619,1721,-2102,647,139.966
0.988953,1723,-2101,648,139.966
0.992979,1723,-2100,648,139.966
0.998698,1723,-2099,649,139.960
1.003117,1720,-2097,651,139.960
1.008912,1718,-2095,656,139.960
1.013265,1716,-2096,661,139.960
1.019014,1714,-2098,665,139.960
1.023424,1715,-2100,667,139.960
1.029170,1715,-2103,666,139.960
1.033570,1716,-2104,662,139.960
1.038265,1718,-2105,658,139.955
1.043712,1721,-2107,654,139.955
1.048419,1723,-2109,649,139.955
1.054165,1723,-2110,647,139.955
1.058505,1722,-2110,646,139.955
1.064289,1722,-2109,647,139.949
1.068756,1722,-2110,651,139.949
1.073112,1723,-2110,653,139.949
1.078852,1724,-2109,657,139.949
1.083311,1724,-2108,659,139.949
1.088967,1725,-2107,657,139.949
1.093425,1725,-2104,658,139.955
1.099151,1726,-2103,657,139.955
1.103515,1729,-2104,658,139.955
1.109214,1730,-2103,660,139.955
1.113650,1731,-2104,662,139.955
1.118069,1733,-2106,664,139.955
1.123486,1732,-2107,666,139.955
1.127905,1731,-2109,667,139.949
1.133665,1728,-2111,668,139.949
1.138029,1728,-2112,666,139.949
1.143707,1727,-2113,665,139.949
1.148167,1726,-2112,663,139.944
1.152597,1726,-2111,662,139.944
1.158367,1725,-2110,660,139.944
1.162723,1724,-2111,658,139.938
1.168448,1723,-2114,657,139.938
1.172873,1722,-2117,654,139.938
1.178620,1720,-2119,654,139.938
1.183028,1719,-2120,651,139.938
1.188697,1719,-2120,650,139.938
1.193153,1718,-2120,646,139.938
1.197560,1718,-2120,643,139.938
1.203291,1722,-2119,639,139.944
1.207719,1724,-2118,634,139.944
1.213432,1727,-2115,628,139.944
1.217780,1730,-2112,622,139.944
1.223785,1733,-2109,615,139.944
1.228245,1734,-2107,611,139.944
1.232717,1733,-2104,611,139.938
1.238417,1732,-2103,611,139.938
1.242823,1729,-2103,614,139.938
1.248510,1729,-2104,615,139.938
1.252988,1728,-2105,615,139.938
1.258664,1728,-2106,616,139.938
1.263067,1728,-2106,617,139.938
1.268818,1730,-2105,618,139.938
1.273251,1731,-2104,620,139.938
1.277622,1732,-2103,622,139.933
1.283444,1730,-2102,624,139.933
1.287847,1728,-2101,626,139.933
1.293512,1726,-2100,627,139.933
1.297920,1725,-2100,626,139.933
1.303675,1725,-2100,626,139.933
1.308069,1726,-2100,627,139.933
1.312468,1726,-2098,630,139.933
1.318206,1726,-2097,632,139.933
1.322604,1726,-2097,634,139.933
1.328301,1726,-2097,637,139.933
1.332941,1725,-2098,638,139.933
1.338451,1726,-2099,640,139.933
1.342734,1725,-2100,639,139.927
1.348621,1725,-2100,638,139.927
1.353064,1723,-2100,635,139.927
1.357445,1720,-2101,632,139.927
1.363195,1719,-2101,631,139.927
1.367401,1717,-2101,630,139.927
1.373271,1716,-2101,631,139.927
1.377709,1716,-2103,635,139.927
1.383420,1714,-2104,636,139.927
1.387846,1714,-2105,637,139.927
1.392192,1715,-2103,635,139.927
1.398022,1714,-2102,632,139.927
1.402411,1715,-2102,632,139.927
1.408120,1716,-2103,635,139.927
1.412470,1715,-2105,637,139.927
1.418212,1715,-2107,641,139.927
1.422757,1713,-2108,643,139.927
1.428361,1713,-2109,642,139.927
1.432856,1711,-2108,644,139.927
1.437225,1711,-2108,644,139.927
1.442998,1712,-2108,645,139.927
1.447372,1713,-2108,646,139.927
1.453092,1714,-2108,646,139.927
1.457520,1716,-2107,648,139.927
1.463276,1718,-2106,649,139.927
1.467635,1720,-2105,650,139.927
1.472100,1720,-2105,651,139.922
1.477825,1719,-2106,652,139.922
1.482218,1717,-2107,651,139.922
1.487963,1715,-2108,651,139.922
1.492369,1713,-2109,651,139.922
1.498054,1713,-2109,653,139.927
1.502493,1714,-2109,655,139.927
1.508198,1716,-2111,657,139.927
1.512648,1718,-2113,659,139.927
1.517052,1719,-2116,658,139.933
1.522740,1719,-2119,655,139.933
1.527195,1717,-2118,652,139.933
1.532881,1714,-2117,651,139.933
1.537322,1713,-2115,650,139.938
1.542843,1713,-2114,649,139.938
1.547467,1715,-2113,648,139.938
1.551884,1717,-2112,647,139.938
1.557595,1719,-2110,644,139.938
1.561969,1720,-2108,641,139.938
1.567715,1721,-2105,637,139.938
1.572141,1721,-2102,632,139.938
1.577847,1721,-2100,632,139.938
1.582203,1719,-2099,630,139.933
1.587953,1717,-2097,628,139.933
1.592395,1715,-2096,629,139.933
1.596803,1713,-2097,628,139.933
1.602332,1711,-2096,625,139.933
1.606979,1711,-2097,624,139.933
1.612666,1711,-2100,621,139.933
1.617057,1711,-2102,617,139.933
1.622764,1713,-2105,613,139.933
1.627214,1714,-2106,610,139.938
1.631596,1715,-2106,612,139.938
1.637364,1716,-2104,614,139.944
1.641778,1716,-2102,621,139.944
1.647516,1715,-2100,623,139.944
1.651972,1715,-2099,623,139.949
1.657672,1713,-2099,621,139.949
1.662232,1711,-2099,618,139.949
1.667777,1711,-2099,615,139.949
1.672185,1710,-2100,615,139.949
1.676606,1710,-2101,618,139.949
1.682337,1711,-2100,618,139.944
1.686758,1711,-2100,617,139.944
1.692467,1712,-2099,612,139.944
1.696840,1714,-2097,609,139.944
1.702621,1716,-2096,605,139.944
1.707004,1718,-2095,605,139.938
1.711422,1718,-2095,607,139.938
1.717151,1717,-2096,607,139.938
1.721276,1717,-2095,609,139.938
1.727610,1717,-2095,608,139.938
1.731398,1718,-2095,608,139.944
1.737090,1718,-2095,611,139.944
1.741512,1716,-2095,614,139.944
1.747264,1713,-2096,617,139.944
1.751732,1711,-2097,621,139.944
1.756052,1710,-2098,627,139.949
1.761802,1712,-2098,634,139.949
1.766500,1715,-2099,641,139.949
1.772180,1717,-2099,645,139.949
1.776337,1717,-2099,648,139.949
1.782312,1716,-2098,648,139.949
1.786803,1712,-2100,648,139.949
1.791204,1710,-2100,650,139.949
1.796916,1709,-2101,651,139.949
1.801376,1709,-2103,653,139.949
1.807021,1709,-2104,652,139.949
1.811461,1709,-2105,651,139.949
1.817161,1708,-2104,653,139.949
1.821663,1706,-2102,656,139.949
1.827052,1705,-2101,659,139.949
1.831744,1703,-2099,664,139.949
1.836183,1701,-2100,665,139.949
1.841644,1699,-2101,663,139.949
1.846283,1696,-2101,661,139.949
1.851972,1695,-2103,657,139.949
1.856424,1694,-2105,652,139.955
1.861879,1695,-2106,646,139.955
1.866218,1696,-2106,639,139.955
1.870729,1696,-2105,633,139.955
1.876475,1697,-2103,628,139.960
1.880851,1698,-2101,624,139.960
1.886547,1699,-2102,623,139.960
1.890998,1699,-2103,625,139.960
1.896957,1699,-2104,628,139.960
1.901423,1700,-2106,631,139.966
1.907149,1700,-2107,634,139.966
1.911232,1702,-2109,635,139.966
1.915700,1703,-2109,633,139.966
1.921704,1703,-2109,631,139.971
1.926126,1704,-2110,629,139.971
1.931751,1705,-2111,627,139.971
1.936181,1706,-2111,625,139.971
1.941805,1708,-2112,623,139.971
1.946360,1708,-2111,625,139.971
1.950805,1707,-2110,629,139.971
1.956551,1704,-2109,633,139.971
1.960893,1703,-2109,637,139.971
1.966627,1702,-2108,640,139.971
1.970854,1701,-2105,641,139.971
1.976547,1701,-2103,642,139.971
1.981215,1701,-2102,644,139.971
1.986972,1702,-2103,647,139.971
1.991350,1703,-2106,649,139.971
1.995719,1705,-2109,652,139.971
2.001539,1706,-2111,652,139.977
2.005641,1706,-2114,651,139.977
2.011558,1706,-2114,650,139.977
2.016038,1705,-2113,652,139.977
2.021760,1704,-2113,656,139.982
2.025953,1705,-2113,660,139.982
2.030579,1706,-2114,665,139.982
2.036309,1708,-2117,667,139.988
2.040753,1709,-2119,666,139.988
2.046387,1708,-2121,667,139.988
2.050880,1708,-2121,666,139.988
2.056600,1708,-2118,665,139.988
2.061017,1707,-2115,665,139.993
2.066751,1707,-2112,663,139.993
2.071184,1709,-2108,662,139.988
2.075556,1710,-2106,662,139.988
2.081276,1710,-2106,663,139.988
2.085701,1711,-2107,664,139.988
2.091387,1711,-2107,663,139.988
2.095847,1712,-2107,663,139.988
2.101487,1715,-2106,661,139.988
2.106015,1717,-2107,658,139.988
2.110409,1718,-2109,655,139.988
2.116101,1717,-2111,654,139.988
2.120594,1716,-2113,654,139.988
2.126187,1715,-2114,655,139.988
2.130693,1714,-2114,653,139.993
2.136348,1714,-2114,653,139.993
2.140813,1713,-2114,651,139.993
2.146473,1713,-2114,648,139.993
2.150964,1713,-2116,648,139.993
2.155327,1714,-2118,646,139.993
2.161049,1716,-2120,645,139.993
2.165441,1716,-2120,643,139.993
2.171109,1716,-2116,642,139.993
2.175561,1715,-2113,643,139.993
2.181282,1713,-2106,644,139.993
2.185794,1713,-2101,646,139.993
2.190170,1714,-2100,647,139.993
2.195892,1714,-2096,646,139.993
2.200325,1716,-2096,646,139.993
2.206016,1716,-2096,649,139.993
2.210396,1714,-2098,652,139.993
2.216219,1714,-2101,657,139.993
2.220534,1712,-2104,659,139.993
2.226321,1712,-2106,658,139.993
2.230783,1712,-2106,656,139.993
2.235046,1712,-2106,654,139.993
2.240895,1713,-2106,652,139.993
2.245293,1715,-2106,654,139.993
2.250993,1716,-2107,656,139.993
2.255092,1717,-2108,659,139.993
2.260819,1718,-2109,660,139.993
2.265238,1718,-2110,661,139.993
2.269653,1718,-2110,659,139.993
2.275453,1718,-2110,656,139.993
2.280098,1718,-2110,653,139.993
2.285762,1720,-2110,649,139.993
2.290394,1721,-2112,645,139.999
2.295676,1720,-2112,643,139.999
2.300333,1721,-2114,640,139.999
2.305941,1720,-2114,636,139.999
2.310163,1720,-2114,630,139.999
2.314908,1719,-2114,628,139.999
2.320633,1719,-2114,627,139.999
2.324912,1719,-2112,626,139.999
2.330661,1720,-2111,627,139.999
2.335220,1721,-2110,629,139.999
2.340942,1720,-2110,628,139.999
2.345293,1719,-2111,628,139.999
2.349704,1717,-2110,631,139.999
2.355512,1716,-2109,634,139.999
2.359586,1713,-2108,639,139.999
2.365584,1714,-2108,642,140.004
2.370062,1717,-2107,644,140.004
2.375439,1719,-2108,645,140.004
2.380133,1722,-2109,644,140.004
2.385898,1723,-2109,644,140.004
2.390452,1725,-2108,640,140.004
2.394667,1727,-2106,638,140.004
2.400425,1730,-2104,636,140.004
2.404810,1733,-2103,633,140.004
2.410316,1735,-2103,634,140.004
2.414891,1737,-2103,637,139.999
2.420673,1738,-2103,641,139.999
2.424912,1737,-2104,645,139.999
2.429557,1736,-2105,642,139.993
2.435256,1735,-2104,638,139.993
2.439665,1734,-2105,634,139.993
2.445334,1733,-2105,631,139.993
2.449978,1733,-2105,630,139.988
2.455516,1730,-2105,631,139.988
2.459583,1727,-2105,633,139.988
2.465648,1726,-2106,635,139.988
2.470028,1725,-2107,636,139.988
2.474578,1725,-2107,636,139.988
2.480042,1726,-2108,637,139.988
2.484588,1725,-2108,637,139.988
2.490176,1724,-2108,640,139.982
2.494721,1725,-2107,642,139.982
2.500457,1725,-2106,644,139.982
2.504932,1729,-2104,647,139.982
2.509024,1731,-2104,648,139.982
2.515050,1734,-2105,649,139.982
2.519453,1736,-2107,651,139.982
2.524939,1737,-2109,650,139.982
2.529644,1737,-2110,652,139.982
2.535310,1736,-2109,653,139.977
2.539766,1736,-2108,654,139.977
2.545427,1737,-2107,655,139.982
2.550025,1736,-2107,656,139.982
2.554282,1735,-2107,655,139.977
2.559657,1735,-2109,653,139.977
2.564442,1734,-2112,650,139.977
2.570104,1735,-2114,647,139.977
2.574603,1735,-2115,643,139.977
2.580280,1735,-2115,640,139.977
2.584663,1735,-2115,638,139.977
2.589097,1734,-2114,639,139.977
2.594790,1733,-2113,642,139.977
2.599426,1733,-2113,641,139.977
2.604967,1732,-2111,639,139.977
2.609075,1732,-2113,637,139.977
2.615032,1731,-2114,638,139.977
2.619503,1731,-2113,641,139.977
2.624998,1729,-2113,646,139.977
2.629628,1728,-2113,651,139.977
2.634045,1728,-2114,652,139.977
2.639803,1728,-2114,652,139.977
2.644164,1727,-2113,651,139.977
2.649926,1727,-2112,650,139.977
2.654328,1728,-2110,649,139.971
2.659769,1727,-2107,647,139.971
2.664472,1726,-2105,646,139.971
2.668883,1727,-2103,650,139.966
2.674648,1728,-2101,655,139.966
2.679009,1730,-2100,659,139.966
2.684711,1731,-2099,662,139.960
2.689223,1731,-2099,662,139.960
2.694815,1731,-2099,660,139.960
2.699327,1729,-2099,659,139.960
2.704997,1728,-2101,659,139.955
2.709126,1727,-2102,659,139.955
2.713851,1727,-2103,661,139.955
2.719452,1728,-2103,664,139.955
2.724187,1728,-2103,667,139.955
2.729635,1728,-2104,669,139.955
2.734128,1727,-2106,672,139.955
2.739783,1724,-2106,669,139.955
2.744219,1723,-2106,665,139.955
2.748645,1723,-2107,658,139.955
2.754465,1722,-2107,650,139.955
2.758545,1722,-2107,646,139.955
2.764497,1723,-2107,644,139.955
2.768975,1724,-2108,646,139.955
2.774357,1725,-2108,646,139.955
2.778764,1725,-2110,649,139.955
2.784475,1726,-2112,649,139.949
2.788855,1726,-2112,649,139.949
2.793279,1727,-2113,649,139.949
2.799010,1728,-2114,648,139.949
2.803455,1728,-2116,647,139.949
2.809205,1728,-2117,648,139.949
2.813513,1728,-2120,648,139.949
2.819284,1726,-2121,648,139.949
2.823654,1724,-2121,649,139.949
2.828148,1721,-2121,646,139.949
2.833878,1719,-2120,645,139.949
2.838570,1719,-2120,644,139.949
2.844205,1719,-2120,644,139.949
2.848691,1720,-2119,646,139.955
2.854428,1720,-2118,651,139.955
2.858633,1720,-2118,656,139.955
2.864716,1721,-2118,663,139.955
2.869061,1723,-2117,669,139.955
2.873435,1724,-2117,674,139.960
2.879056,1725,-2116,680,139.960
2.883538,1724,-2115,684,139.955
2.889315,1723,-2117,687,139.955
2.893425,1720,-2119,688,139.955
2.899175,1720,-2120,685,139.955
2.903866,1720,-2121,682,139.955
2.908261,1721,-2119,677,139.955
2.913754,1722,-2117,672,139.955
2.918376,1723,-2115,667,139.955
2.924055,1723,-2113,662,139.955
2.928473,1722,-2112,657,139.955
2.934235,1722,-2110,655,139.955
2.938651,1723,-2109,655,139.955
2.944357,1726,-2106,653,139.955
2.948733,1727,-2104,652,139.955
2.953178,1729,-2102,651,139.955
2.958641,1728,-2102,649,139.949
2.963375,1728,-2103,649,139.949
2.969024,1727,-2105,648,139.949
2.973422,1727,-2107,645,139.949
2.979125,1725,-2109,642,139.949
2.983607,1723,-2112,641,139.944
2.988057,1721,-2114,640,139.944
2.993427,1720,-2115,643,139.944
2.998155,1720,-2117,645,139.944
3.003788,1720,-2117,648,139.944
3.008235,1721,-2116,651,139.949
3.013760,1721,-2116,656,139.949
3.018405,1720,-2115,659,139.949
3.024224,1719,-2115,660,139.949
3.028241,1717,-2115,660,139.949
3.033074,1716,-2115,659,139.949
3.038659,1715,-2114,659,139.949
3.042956,1716,-2113,660,139.949
3.048804,1717,-2112,662,139.955
3.053396,1717,-2111,663,139.955
3.058699,1717,-2110,663,139.955
3.063092,1719,-2108,664,139.955
3.067768,1721,-2108,664,139.955
3.073493,1722,-2108,664,139.955
3.077917,1723,-2110,661,139.955
3.083628,1720,-2111,658,139.955
3.088074,1717,-2111,657,139.955
3.093667,1715,-2111,655,139.955
3.098178,1714,-2111,655,139.949
3.103970,1715,-2110,655,139.949
3.108239,1716,-2111,655,139.949
3.112526,1718,-2112,655,139.949
3.118471,1719,-2112,653,139.949
3.122985,1720,-2112,653,139.949
3.128627,1719,-2109,652,139.949
3.133045,1719,-2107,650,139.955
3.138755,1718,-2106,649,139.955
3.143186,1717,-2106,649,139.955
3.147538,1717,-2107,648,139.955
3.153326,1717,-2108,647,139.955
3.157763,1716,-2110,647,139.955
3.163478,1717,-2111,646,139.960
3.167932,1718,-2113,642,139.960
3.173573,1719,-2116,638,139.960
3.178000,1719,-2119,634,139.960
3.183718,1721,-2122,634,139.960
3.188161,1721,-2123,634,139.960
3.192578,1722,-2122,635,139.966
3.198294,1722,-2121,637,139.966
3.202678,1720,-2118,641,139.966
3.208381,1720,-2116,644,139.966
3.212797,1720,-2114,648,139.966
3.218526,1719,-2112,654,139.966
3.223022,1719,-2111,657,139.966
3.227446,1719,-2112,660,139.966
3.233129,1718,-2112,661,139.966
3.237543,1718,-2111,658,139.966
3.243241,1716,-2109,655,139.966
3.247650,1716,-2107,650,139.966
3.253344,1715,-2105,648,139.966
3.257775,1715,-2104,647,139.966
3.263525,1715,-2105,647,139.966
3.267954,1715,-2107,649,139.966
3.272346,1714,-2108,650,139.960
3.278065,1713,-2108,651,139.960
3.282473,1713,-2107,651,139.960
3.288197,1714,-2109,653,139.966
3.292615,1715,-2109,650,139.966
3.298317,1717,-2109,648,139.960
3.302751,1717,-2112,645,139.966
3.307144,1718,-2113,641,139.966
3.312921,1719,-2114,640,139.960
3.317296,1719,-2115,637,139.966
3.322978,1719,-2115,638,139.966
3.327473,1718,-2114,640,139.966
3.333173,1715,-2114,645,139.966
3.337542,1713,-2115,649,139.966
3.343296,1711,-2116,651,139.966
3.347714,1710,-2116,652,139.966
3.352136,1710,-2115,652,139.966
3.357839,1711,-2113,653,139.966
3.362261,1711,-2111,654,139.966
3.367914,1710,-2109,653,139.960
3.372439,1710,-2108,653,139.960
3.378089,1710,-2107,648,139.966
3.382546,1711,-2105,643,139.966
3.386951,1711,-2102,640,139.966
3.392720,1711,-2100,636,139.966
3.397119,1710,-2097,632,139.966
3.402765,1711,-2096,633,139.966
3.407251,1713,-2096,633,139.966
3.412731,1714,-2097,632,139.966
3.417095,1716,-2098,632,139.966
3.422801,1717,-2100,635,139.966
3.427454,1717,-2100,639,139.966
3.431873,1718,-2099,642,139.966
3.437598,1720,-2098,647,139.966
3.442045,1720,-2098,649,139.966
3.447772,1721,-2100,648,139.960
3.452208,1721,-2101,649,139.960
3.457914,1720,-2102,649,139.960
3.462290,1720,-2101,653,139.960
3.466741,1720,-2101,659,139.966
3.472501,1719,-2101,663,139.966
3.476854,1717,-2100,667,139.966
3.482574,1713,-2100,669,139.966
3.487039,1710,-2100,667,139.971
3.492604,1709,-2098,666,139.971
3.497155,1709,-2098,665,139.971
3.502921,1710,-2098,665,139.971
3.507271,1711,-2100,665,139.971
3.511748,1712,-2101,666,139.971
3.517413,1716,-2102,664,139.966
3.521998,1719,-2103,659,139.966
3.527522,1721,-2102,652,139.966
3.531952,1723,-2102,647,139.960
3.537657,1722,-2101,646,139.960
3.542116,1721,-2101,645,139.960
3.546538,1719,-2101,644,139.960
3.552262,1718,-2101,641,139.955
3.556649,1717,-2102,639,139.955
3.562467,1717,-2102,636,139.955
3.566852,1720,-2103,636,139.955
3.572469,1720,-2104,638,139.955
3.576922,1718,-2103,639,139.955
3.582650,1720,-2103,644,139.955
3.587055,1720,-2103,650,139.955
3.591491,1721,-2101,654,139.955
3.597206,1725,-2101,658,139.955
3.601615,1726,-2100,659,139.955
3.607311,1728,-2099,658,139.949
3.611740,1729,-2099,656,139.949
3.617469,1731,-2100,654,139.949
3.621944,1732,-2101,649,139.944
3.626246,1733,-2103,646,139.944
3.632071,1734,-2104,643,139.938
3.636463,1731,-2104,640,139.938
3.642136,1731,-2101,639,139.938
3.646546,1728,-2099,638,139.938
3.652252,1727,-2097,637,139.933
3.656725,1727,-2095,639,139.933
3.662445,1725,-2092,639,139.933
3.666862,1724,-2092,639,139.933
3.671252,1723,-2090,639,139.933
3.677014,1722,-2089,638,139.933
3.681397,1722,-2089,638,139.933
3.687090,1723,-2088,638,139.933
3.691482,1723,-2088,638,139.933
3.697280,1723,-2089,639,139.933
3.701642,1723,-2090,641,139.927
3.706034,1723,-2091,645,139.927
3.711788,1724,-2093,647,139.927
3.716234,1723,-2094,649,139.927
3.721967,1723,-2096,648,139.927
3.726377,1723,-2097,647,139.922
3.732043,1724,-2099,648,139.922
3.736523,1726,-2098,647,139.922
3.742181,1726,-2100,646,139.922
3.746649,1726,-2102,644,139.922
3.751118,1728,-2103,642,139.916
3.756757,1727,-2104,635,139.916
3.761276,1727,-2103,627,139.916
3.766847,1727,-2101,619,139.916
3.771229,1726,-2100,614,139.916
3.776980,1725,-2100,612,139.916
3.781420,1726,-2101,613,139.916
3.785887,1728,-2103,616,139.916
3.791619,1728,-2103,617,139.916
3.796049,1728,-2102,619,139.916
3.801842,1727,-2101,622,139.916
3.806118,1725,-2101,623,139.916
3.811803,1724,-2100,625,139.916
3.816287,1724,-2100,628,139.911
3.822009,1726,-2102,631,139.911
3.826474,1728,-2105,635,139.911
3.830773,1728,-2107,637,139.911
3.836539,1729,-2109,640,139.911
3.840969,1727,-2109,642,139.911
3.846675,1728,-2108,645,139.911
3.851069,1728,-2108,647,139.911
3.856801,1727,-2108,646,139.911
3.861237,1728,-2109,646,139.911
3.865658,1727,-2111,643,139.911
3.871326,1728,-2112,640,139.905
3.875797,1727,-2113,637,139.911
3.881470,1727,-2111,635,139.911
3.885946,1726,-2110,635,139.911
3.891485,1723,-2109,636,139.911
3.896085,1720,-2109,637,139.911
3.901751,1718,-2110,636,139.911
3.906145,1716,-2110,635,139.911
3.910570,1715,-2111,636,139.911
3.916024,1714,-2109,639,139.911
3.920775,1713,-2107,642,139.911
3.926450,1713,-2106,642,139.911
3.930872,1712,-2104,641,139.911
3.936570,1711,-2105,640,139.911
3.940971,1712,-2106,638,139.911
3.945410,1713,-2107,636,139.911
3.951173,1713,-2109,635,139.911
3.955540,1715,-2111,634,139.911
3.961261,1717,-2113,635,139.911
3.965718,1719,-2114,637,139.911
3.971406,1720,-2114,640,139.911
3.975799,1720,-2112,643,139.911
3.981548,1720,-2110,645,139.911
3.985768,1720,-2108,647,139.911
3.990340,1720,-2106,649,139.911
3.996237,1718,-2105,652,139.911
4.000544,1716,-2105,652,139.911
4.005968,1717,-2106,651,139.911
4.010371,1718,-2107,649,139.911
4.016378,1720,-2106,647,139.911
4.020817,1721,-2106,644,139.911
4.025059,1721,-2106,643,139.911
4.030932,1722,-2107,642,139.911
4.035351,1724,-2108,642,139.911
4.041032,1728,-2108,638,139.911
4.045438,1730,-2108,636,139.911
4.051174,1730,-2107,633,139.911
4.055640,1728,-2107,630,139.911
4.061354,1726,-2107,631,139.911
4.065703,1723,-2107,629,139.911
4.070159,1722,-2107,626,139.911
4.075924,1721,-2106,620,139.911
4.080264,1723,-2107,617,139.911
4.085995,1724,-2108,617,139.911
4.090468,1725,-2108,622,139.911
4.096112,1726,-2108,627,139.911
4.100599,1726,-2107,636,139.911
4.105165,1726,-2105,643,139.911
4.110685,1723,-2105,649,139.911
4.115092,1723,-2106,651,139.911
4.120861,1723,-2107,652,139.905
4.125331,1723,-2107,652,139.905
4.130966,1723,-2109,654,139.905
4.135402,1724,-2109,653,139.905
4.141088,1725,-2109,652,139.905
4.145547,1724,-2110,651,139.905
4.149995,1725,-2110,653,139.905
4.155670,1726,-2110,657,139.905
4.160087,1726,-2110,659,139.905
4.165770,1727,-2109,660,139.905
4.170237,1729,-2110,658,139.905
4.175969,1730,-2112,657,139.905
4.180345,1731,-2112,655,139.905
4.184721,1731,-2112,654,139.905
4.190490,1731,-2111,658,139.905
4.194959,1729,-2111,657,139.905
4.200632,1729,-2110,654,139.900
4.205122,1727,-2110,652,139.900
4.210746,1727,-2111,652,139.900
4.215168,1727,-2112,650,139.900
4.220899,1727,-2114,648,139.900
4.225387,1726,-2114,646,139.900
4.229769,1724,-2115,643,139.900
4.235465,1723,-2116,640,139.900
4.239898,1721,-2116,636,139.900
4.245592,1720,-2116,634,139.900
4.250010,1720,-2116,632,139.900
4.255724,1722,-2116,628,139.900
4.259999,1724,-2116,626,139.900
4.264543,1723,-2117,621,139.894
4.270320,1722,-2116,617,139.894
4.274717,1721,-2116,617,139.894
4.280418,1719,-2116,619,139.894
4.284882,1718,-2115,620,139.900
4.290545,1718,-2114,619,139.900
4.295067,1718,-2113,623,139.900
4.300684,1719,-2113,625,139.900
4.305151,1718,-2112,627,139.905
4.309555,1719,-2113,632,139.905
4.315248,1720,-2113,635,139.905
4.319680,1724,-2113,637,139.905
4.325351,1726,-2113,640,139.905
4.329809,1727,-2112,644,139.905
4.335493,1727,-2111,645,139.905
4.339952,1725,-2110,646,139.905
4.344347,1724,-2109,644,139.905
4.350092,1722,-2109,642,139.905
4.354481,1721,-2109,640,139.905
4.360198,1719,-2109,641,139.905
4.364650,1718,-2110,641,139.905
4.370315,1718,-2110,639,139.905
4.374715,1717,-2109,636,139.905
4.380467,1717,-2108,631,139.905
4.384927,1717,-2107,627,139.905
4.389299,1717,-2107,627,139.905
4.395195,1720,-2106,628,139.905
4.399475,1721,-2106,632,139.905
4.405122,1722,-2107,634,139.900
4.409550,1721,-2108,637,139.900
4.415269,1719,-2109,639,139.900
4.419713,1718,-2109,636,139.905
4.424117,1716,-2108,631,139.905
4.429879,1714,-2106,628,139.905
4.434295,1714,-2106,626,139.905
4.440000,1714,-2105,629,139.905
4.444429,1714,-2103,634,139.905
4.450120,1715,-2100,638,139.905
4.454540,1715,-2097,641,139.905
4.460230,1714,-2093,642,139.905
4.464643,1713,-2092,641,139.905
4.469063,1713,-2093,642,139.905
4.474974,1713,-2094,643,139.905
4.479191,1712,-2095,646,139.905
4.484931,1715,-2094,648,139.905
4.489360,1718,-2092,648,139.905
4.495059,1720,-2089,646,139.900
4.499617,1723,-2088,645,139.900
4.503915,1726,-2088,643,139.900
4.509672,1726,-2087,639,139.900
4.514077,1725,-2086,636,139.894
4.519608,1724,-2085,633,139.894
4.524229,1724,-2084,630,139.894
4.529910,1723,-2083,629,139.894
4.534323,1723,-2083,631,139.889
4.540031,1724,-2081,631,139.889
4.544395,1725,-2081,631,139.889
4.548855,1725,-2083,631,139.889
4.554595,1726,-2086,630,139.889
4.559082,1727,-2091,632,139.883
4.564696,1727,-2097,632,139.883
4.569195,1728,-2101,634,139.883
4.574786,1729,-2105,636,139.883
4.579247,1727,-2107,636,139.883
4.583525,1723,-2108,637,139.883
4.589389,1720,-2108,640,139.883
4.593900,1718,-2109,641,139.883
4.599491,1717,-2108,641,139.883
4.604046,1717,-2107,640,139.883
4.609670,1715,-2107,636,139.883
4.614114,1714,-2106,634,139.883
4.619821,1715,-2105,634,139.883
4.624214,1716,-2104,637,139.883
4.628670,1719,-2102,638,139.883
4.634400,1721,-2099,639,139.883
4.638824,1722,-2098,641,139.883
4.644517,1724,-2098,641,139.878
4.648902,1726,-2098,639,139.878
4.654626,1725,-2098,640,139.878
4.659068,1726,-2099,640,139.878
4.663615,1728,-2099,639,139.878
4.669235,1729,-2100,640,139.878
4.673621,1731,-2101,639,139.878
4.679299,1735,-2103,639,139.878
4.683749,1736,-2105,638,139.878
4.689619,1738,-2106,638,139.878
4.693916,1740,-2108,639,139.872
4.699578,1740,-2108,639,139.872
4.704043,1739,-2109,640,139.872
4.708446,1736,-2109,640,139.872
4.714161,1735,-2109,640,139.872
4.718649,1734,-2110,646,139.872
4.724160,1733,-2111,649,139.872
4.728716,1732,-2112,653,139.872
4.734410,1731,-2112,656,139.872
4.738839,1729,-2112,658,139.872
4.743259,1726,-2111,660,139.872
4.749021,1725,-2110,660,139.872
4.753393,1725,-2109,661,139.872
4.759139,1724,-2108,664,139.872
4.763583,1724,-2107,666,139.872
4.769212,1723,-2105,666,139.872
4.773650,1720,-2104,664,139.872
4.779393,1718,-2103,661,139.872
4.783798,1717,-2101,658,139.872
4.788021,1717,-2102,654,139.872
4.793938,1717,-2103,649,139.872
4.798537,1718,-2103,644,139.872
4.804066,1718,-2103,639,139.872
4.808708,1718,-2103,638,139.872
4.814227,1718,-2103,638,139.872
4.818665,1717,-2102,639,139.872
4.823009,1717,-2101,639,139.872
4.828809,1716,-2100,636,139.872
4.833174,1716,-2100,634,139.872
4.838897,1717,-2100,634,139.872
4.843375,1717,-2102,631,139.872
4.849044,1717,-2103,630,139.872
4.853515,1717,-2103,630,139.872
4.859163,1716,-2102,632,139.872
4.863725,1717,-2101,633,139.872
4.868019,1719,-2101,635,139.872
4.873858,1720,-2102,635,139.872
4.878175,1721,-2102,636,139.872
4.883845,1721,-2101,634,139.872
4.888231,1720,-2102,632,139.872
4.894013,1721,-2104,631,139.872
4.898272,1722,-2107,630,139.872
4.902856,1724,-2110,630,139.872
4.908593,1725,-2112,629,139.872
4.912981,1727,-2112,632,139.872
4.918603,1726,-2111,633,139.872
4.923123,1725,-2111,635,139.872
4.928846,1723,-2111,634,139.872
4.933274,1719,-2112,633,139.872
4.938985,1716,-2113,633,139.878
4.943423,1714,-2114,631,139.878
4.947823,1712,-2114,634,139.878
4.953542,1711,-2115,636,139.878
4.957986,1709,-2116,639,139.883
4.963628,1710,-2117,644,139.883
4.968067,1710,-2118,649,139.883
4.973795,1711,-2119,654,139.883
4.978205,1711,-2120,659,139.889
4.982640,1713,-2120,663,139.889
4.988363,1715,-2121,664,139.889
4.992652,1717,-2123,664,139.889
4.998468,1719,-2123,660,139.894
5.002925,1720,-2124,655,139.894
5.008329,1720,-2123,653,139.894
5.013135,1721,-2120,652,139.894
5.018755,1721,-2117,653,139.894
5.023180,1721,-2115,655,139.894
5.027243,1721,-2114,656,139.894
5.033312,1723,-2112,653,139.894
5.037700,1726,-2112,649,139.894
5.043149,1728,-2112,645,139.894
5.047879,1728,-2111,643,139.894
5.053568,1728,-2109,642,139.894
5.058017,1727,-2108,642,139.894
5.062362,1726,-2107,643,139.894
5.068120,1725,-2107,644,139.894
5.072470,1724,-2109,646,139.894
5.078310,1724,-2109,645,139.894
5.082742,1724,-2110,645,139.894
5.088416,1722,-2111,647,139.894
5.092820,1721,-2110,647,139.894
5.098521,1718,-2109,646,139.894
5.103040,1714,-2109,647,139.894
5.107370,1712,-2109,646,139.894
5.113083,1709,-2109,646,139.900
5.117498,1707,-2110,648,139.900
5.123220,1706,-2110,649,139.900
5.127669,1706,-2110,651,139.900
5.133372,1707,-2110,653,139.905
5.137746,1708,-2110,653,139.905
5.142238,1711,-2109,656,139.905
5.147947,1714,-2107,656,139.905
5.152304,1715,-2105,652,139.905
5.158020,1718,-2104,650,139.905
5.162441,1719,-2103,643,139.905
5.168174,1720,-2101,637,139.905
5.172643,1720,-2100,635,139.900
5.178348,1719,-2100,634,139.900
5.182932,1719,-2101,636,139.900
5.187199,1719,-2103,637,139.900
5.192960,1719,-2105,638,139.900
5.197416,1720,-2106,638,139.900
5.202954,1720,-2107,641,139.905
5.207468,1721,-2108,643,139.905
5.213221,1722,-2108,648,139.905
5.217542,1722,-2108,652,139.905
5.221980,1721,-2106,654,139.905
5.227722,1720,-2105,655,139.905
5.232117,1718,-2105,658,139.905
5.237775,1717,-2106,660,139.905
5.242298,1716,-2107,661,139.905
5.247936,1716,-2107,665,139.905
5.252419,1717,-2108,668,139.905
5.258121,1719,-2107,667,139.905
5.262545,1723,-2107,667,139.900
5.266943,1724,-2106,663,139.900
5.272671,1725,-2107,661,139.900
5.277121,1724,-2107,657,139.900
5.282807,1725,-2108,655,139.900
5.287217,1725,-2107,653,139.900
5.293021,1728,-2106,649,139.900
5.297397,1730,-2106,646,139.894
5.301752,1731,-2105,645,139.894
5.307520,1731,-2105,644,139.894
5.311929,1732,-2105,643,139.894
5.317622,1735,-2105,642,139.894
5.322124,1737,-2104,643,139.894
5.327710,1740,-2104,641,139.894
5.332183,1741,-2104,640,139.894
5.337981,1740,-2104,640,139.894
5.342356,1739,-2106,641,139.889
5.346718,1738,-2107,644,139.889
5.352478,1736,-2109,648,139.889
5.356906,1738,-2112,653,139.889
5.362598,1739,-2115,657,139.889
5.367029,1739,-2117,655,139.889
5.372691,1739,-2115,653,139.889
5.377139,1738,-2113,648,139.889
5.381565,1737,-2111,641,139.889
5.387293,1737,-2109,637,139.889
5.391727,1738,-2108,635,139.889
5.397215,1738,-2107,633,139.889
5.401825,1738,-2109,634,139.889
5.407563,1737,-2111,636,139.889
5.411951,1734,-2112,639,139.883
5.417688,1732,-2112,641,139.883
5.422150,1731,-2111,645,139.883
5.426531,1728,-2109,646,139.883
5.432248,1728,-2107,646,139.883
5.436648,1729,-2105,644,139.883
5.442378,1730,-2103,645,139.883
5.446803,1730,-2101,647,139.883
5.452521,1729,-2099,650,139.883
5.456895,1729,-2099,652,139.883
5.461410,1727,-2098,651,139.883
5.467061,1726,-2098,650,139.878
5.471494,1726,-2099,647,139.883
5.477197,1725,-2099,644,139.883
5.481590,1724,-2100,640,139.883
5.487341,1722,-2101,636,139.883
5.491755,1721,-2102,632,139.883
5.497436,1721,-2103,627,139.883
5.501887,1720,-2104,626,139.883
5.506301,1719,-2104,626,139.883
5.512085,1716,-2103,629,139.883
5.516435,1711,-2102,635,139.883
5.522170,1707,-2100,638,139.883
5.526385,1703,-2100,641,139.883
5.532299,1699,-2100,640,139.883
5.536767,1698,-2100,637,139.883
5.541092,1698,-2101,634,139.889
5.546871,1698,-2100,631,139.889
5.551207,1699,-2098,629,139.889
5.556968,1701,-2098,630,139.889
5.561438,1703,-2098,631,139.889
5.567083,1705,-2100,633,139.889
5.571487,1707,-2101,637,139.889
5.577233,1708,-2102,641,139.894
5.581652,1709,-2104,643,139.894
5.586086,1709,-2104,643,139.894
5.591790,1709,-2103,642,139.894
5.596245,1708,-2101,642,139.900
5.601963,1709,-2098,641,139.900
5.606500,1708,-2096,644,139.900
5.611924,1708,-2096,649,139.900
5.616508,1708,-2096,651,139.900
5.620914,1708,-2097,654,139.900
5.626651,1709,-2099,657,139.900
5.631098,1709,-2101,661,139.900
5.636748,1710,-2104,665,139.900
5.641370,1709,-2107,667,139.900
5.646875,1709,-2110,670,139.900
5.651260,1710,-2113,670,139.900
5.657021,1710,-2114,669,139.900
5.661475,1710,-2114,668,139.900
5.666002,1710,-2111,668,139.900
5.671575,1708,-2109,668,139.900
5.676084,1708,-2107,670,139.900
5.681726,1708,-2103,671,139.900
5.686189,1710,-2101,670,139.900
5.691824,1712,-2101,671,139.900
5.696294,1712,-2101,669,139.900
5.700612,1713,-2103,666,139.900
5.706419,1713,-2106,664,139.905
5.710823,1713,-2108,659,139.905
5.716541,1713,-2108,654,139.905
5.720970,1713,-2109,651,139.905
5.726673,1712,-2110,652,139.905
5.731088,1711,-2110,651,139.905
5.736790,1710,-2112,651,139.905
5.741321,1709,-2113,654,139.905
5.745612,1708,-2113,655,139.905
5.751418,1707,-2111,655,139.905
5.755768,1708,-2110,658,139.911
5.761495,1709,-2109,662,139.911
5.765939,1710,-2107,664,139.911
5.771651,1711,-2106,668,139.911
5.775976,1713,-2106,672,139.911
5.780147,1714,-2107,676,139.911
5.786250,1715,-2107,679,139.911
5.790625,1716,-2108,680,139.911
5.796338,1717,-2110,681,139.911
5.800751,1718,-2111,682,139.911
5.806384,1719,-2111,678,139.911
5.810865,1720,-2110,674,139.911
5.816532,1722,-2107,667,139.911
5.821015,1725,-2106,661,139.911
5.825504,1726,-2106,653,139.911
5.831166,1725,-2107,646,139.911
5.835557,1724,-2109,643,139.905
5.841270,1722,-2111,639,139.911
5.845694,1720,-2112,637,139.911
5.851382,1719,-2112,639,139.911
5.855828,1719,-2112,636,139.911
5.860220,1719,-2111,636,139.911
5.866008,1718,-2111,639,139.911
5.870372,1718,-2111,639,139.911
5.876042,1719,-2110,641,139.911
5.880593,1719,-2110,644,139.911
5.886244,1719,-2109,646,139.911
5.890675,1720,-2109,648,139.911
5.896361,1721,-2108,647,139.911
5.900825,1723,-2110,647,139.911
5.905269,1724,-2111,645,139.911
5.910928,1726,-2112,643,139.911
5.915457,1726,-2111,642,139.911
5.921091,1728,-2110,642,139.911
5.925497,1729,-2109,639,139.911
5.931221,1729,-2108,640,139.911
5.935611,1728,-2109,639,139.911
5.940049,1728,-2110,640,139.911
5.945741,1726,-2112,641,139.911
5.950098,1725,-2114,642,139.911
5.955854,1726,-2114,644,139.911
5.960331,1726,-2114,646,139.911
5.966141,1728,-2115,647,139.911
5.970455,1730,-2117,648,139.911
5.976150,1731,-2116,648,139.911
5.980562,1733,-2116,645,139.911
5.985065,1734,-2115,642,139.911
5.990527,1734,-2112,639,139.905
5.994840,1733,-2110,637,139.905
6.000536,1731,-2109,638,139.905
6.005072,1728,-2110,641,139.905
6.010719,1727,-2111,645,139.905
6.015101,1725,-2113,647,139.905
6.019526,1723,-2112,651,139.905
6.025245,1722,-2109,655,139.905
6.029648,1719,-2105,656,139.905
6.035382,1718,-2101,657,139.905
6.040090,1717,-2098,656,139.911
6.045840,1717,-2095,654,139.911
6.050278,1717,-2093,652,139.911
6.055990,1715,-2092,650,139.911
6.060366,1713,-2092,646,139.911
6.064946,1711,-2094,643,139.911
6.070524,1709,-2094,636,139.911
6.074933,1709,-2095,629,139.905
6.080596,1710,-2097,623,139.905
6.085047,1711,-2100,623,139.905
6.090771,1713,-2100,624,139.905
6.095168,1714,-2101,626,139.905
6.099643,1714,-2102,629,139.905
6.105343,1713,-2101,629,139.905
6.109780,1713,-2102,630,139.905
6.115547,1712,-2101,631,139.905
6.119890,1710,-2100,632,139.905
6.125558,1711,-2096,632,139.905
6.129983,1711,-2094,629,139.911
6.135881,1711,-2093,625,139.911
6.140218,1711,-2090,623,139.911
6.144582,1709,-2090,618,139.911
6.150295,1709,-2089,616,139.911
6.154698,1710,-2088,616,139.911
6.160395,1711,-2089,617,139.911
6.164833,1714,-2090,618,139.911
6.170573,1718,-2091,621,139.911
6.175186,1719,-2092,624,139.905
6.179347,1721,-2092,626,139.905
6.185145,1722,-2094,629,139.905
6.189546,1724,-2096,631,139.905
6.195233,1725,-2099,634,139.900
6.199622,1727,-2101,636,139.900
6.205346,1727,-2104,641,139.900
6.209790,1725,-2106,642,139.900
6.215668,1724,-2106,642,139.900
6.219976,1724,-2107,643,139.900
6.224374,1725,-2108,643,139.900
6.230072,1725,-2110,643,139.905
6.234532,1726,-2111,647,139.905
6.240231,1725,-2113,647,139.905
6.244658,1726,-2114,646,139.905
6.250366,1725,-2115,647,139.905
6.254838,1724,-2115,645,139.905
6.259201,1725,-2115,645,139.905
6.264885,1725,-2115,645,139.905
6.269353,1723,-2115,647,139.911
6.275012,1722,-2114,645,139.905
6.279463,1722,-2113,643,139.905
6.285166,1722,-2114,642,139.905
6.289594,1722,-2116,641,139.905
6.295279,1722,-2117,640,139.905
6.299773,1722,-2119,641,139.905
6.304144,1721,-2119,641,139.905
6.309825,1721,-2118,639,139.911
6.314269,1723,-2116,640,139.911
6.319963,1723,-2114,640,139.911
6.324417,1724,-2112,638,139.911
6.330119,1724,-2110,636,139.911
6.334547,1724,-2109,634,139.911
6.339019,1725,-2109,632,139.911
6.344724,1725,-2108,630,139.905
6.349039,1725,-2108,630,139.905
6.354801,1726,-2108,630,139.905
6.359322,1725,-2107,628,139.905
6.364969,1727,-2108,629,139.905
6.369254,1726,-2108,628,139.905
6.375069,1725,-2107,629,139.905
6.379668,1723,-2106,629,139.905
6.383960,1721,-2106,629,139.905
6.389651,1720,-2107,627,139.905
6.394065,1721,-2108,626,139.905
6.399779,1723,-2111,626,139.911
6.404193,1726,-2114,626,139.911
6.409965,1728,-2116,625,139.911
6.414353,1729,-2116,624,139.911
6.418752,1730,-2117,622,139.911
6.424405,1730,-2117,623,139.911
6.428905,1728,-2115,622,139.911
6.434646,1729,-2115,624,139.911
6.439048,1728,-2115,626,139.916
6.444715,1728,-2113,626,139.916
6.449172,1728,-2112,629,139.916
6.454892,1728,-2111,631,139.911
6.459290,1727,-2109,630,139.911
6.463735,1727,-2108,630,139.911
6.469601,1727,-2106,627,139.911
6.473821,1728,-2107,629,139.911
6.479588,1727,-2108,634,139.911
6.483947,1725,-2109,639,139.911
6.489657,1723,-2111,643,139.911
6.494133,1719,-2110,643,139.911
6.498522,1716,-2109,642,139.911
6.504257,1714,-2109,639,139.911
6.508708,1714,-2108,637,139.911
6.514375,1716,-2110,638,139.911
6.518823,1718,-2111,639,139.911
6.524488,1719,-2112,640,139.911
6.528976,1722,-2114,641,139.911
6.534829,1723,-2115,641,139.911
6.539116,1725,-2116,642,139.911
6.543519,1727,-2118,642,139.911
6.549247,1728,-2119,643,139.916
6.553653,1729,-2119,643,139.916
6.559399,1731,-2118,640,139.916
6.563824,1731,-2117,639,139.916
6.569547,1731,-2115,640,139.916
6.573979,1730,-2113,639,139.916
6.578373,1731,-2111,642,139.916
6.584260,1732,-2109,646,139.911
6.588456,1731,-2108,650,139.911
6.594174,1729,-2108,653,139.911
6.598615,1728,-2107,653,139.911
6.604321,1726,-2106,650,139.911
6.608722,1725,-2106,645,139.905
6.614522,1727,-2107,643,139.905
6.618886,1729,-2107,642,139.905
6.623316,1732,-2107,644,139.905
6.629034,1735,-2107,646,139.905
6.633461,1738,-2106,648,139.905
6.638965,1741,-2107,651,139.905
6.643580,1743,-2108,656,139.905
6.649342,1744,-2108,657,139.905
6.653710,1746,-2110,657,139.905
6.658104,1746,-2112,654,139.905
6.663839,1747,-2113,647,139.905
6.668275,1747,-2114,641,139.905
6.673962,1745,-2114,639,139.905
6.678426,1742,-2115,639,139.905
6.684120,1739,-2115,636,139.905
6.688496,1733,-2114,636,139.905
6.694223,1728,-2113,634,139.905
6.698679,1726,-2113,634,139.905
6.703098,1725,-2111,634,139.905
6.708800,1727,-2110,636,139.905
6.713218,1728,-2110,636,139.900
6.718984,1727,-2108,634,139.900
6.723346,1725,-2107,634,139.900
6.729083,1721,-2106,635,139.900
6.733497,1718,-2104,633,139.894
6.737943,1719,-2104,633,139.894
6.743623,1720,-2104,634,139.894
6.748044,1720,-2106,634,139.894
6.753718,1720,-2108,637,139.894
6.758343,1720,-2111,641,139.894
6.763865,1718,-2113,644,139.900
6.768320,1717,-2112,645,139.900
6.774047,1716,-2111,644,139.900
6.778465,1717,-2110,643,139.900
6.782852,1717,-2109,641,139.900
6.788581,1718,-2111,638,139.900
6.793060,1717,-2113,634,139.900
6.798703,1715,-2115,630,139.900
6.803140,1715,-2118,629,139.900
6.808847,1714,-2119,628,139.900
6.813287,1714,-2119,627,139.900
6.817618,1716,-2119,630,139.905
6.823470,1718,-2117,634,139.905
6.827810,1720,-2116,636,139.905
6.833511,1720,-2116,640,139.905
6.838006,1720,-2117,641,139.905
6.843655,1720,-2119,644,139.905
6.848032,1722,-2122,647,139.905
6.853799,1724,-2124,648,139.905
6.858218,1726,-2128,649,139.905
6.862862,1730,-2129,652,139.911
6.868396,1732,-2129,652,139.911
6.872778,1734,-2128,652,139.911
6.878471,1736,-2127,653,139.911
6.882886,1736,-2127,651,139.905
6.888692,1737,-2125,649,139.905
6.893077,1737,-2125,649,139.905
6.897499,1737,-2124,645,139.905
6.903225,1737,-2122,642,139.905
6.907599,1736,-2122,643,139.905
6.913299,1735,-2122,640,139.905
6.917546,1734,-2123,641,139.905
6.923435,1732,-2123,641,139.905
6.927887,1729,-2123,639,139.905
6.933629,1726,-2121,636,139.905
6.938011,1723,-2116,635,139.905
6.942467,1720,-2112,633,139.905
6.948118,1718,-2109,631,139.905
6.952572,1717,-2109,632,139.905
6.958268,1717,-2111,632,139.905
6.962734,1719,-2113,632,139.905
6.968364,1721,-2115,631,139.905
6.972825,1723,-2116,629,139.905
6.977241,1724,-2116,626,139.911
6.983021,1725,-2117,623,139.911
6.987405,1726,-2119,622,139.911
6.993085,1728,-2120,622,139.911
6.997602,1730,-2119,623,139.911
7.003277,1730,-2118,626,139.911
7.007364,1731,-2114,629,139.911
7.013378,1730,-2110,628,139.911
7.017824,1730,-2108,627,139.911
7.022250,1730,-2106,626,139.905
7.027694,1728,-2107,625,139.905
7.032363,1727,-2106,626,139.905
7.038030,1725,-2105,627,139.905
7.042356,1724,-2103,625,139.905
7.048191,1722,-2102,620,139.905
7.052626,1720,-2100,616,139.905
7.057051,1719,-2101,613,139.905
7.062732,1717,-2102,611,139.905
7.067140,1716,-2104,613,139.905
7.072878,1715,-2104,615,139.905
7.077315,1714,-2104,619,139.905
7.083046,1715,-2105,625,139.905
7.087444,1716,-2104,632,139.905
7.093126,1716,-2105,639,139.905
7.097753,1715,-2105,642,139.905
7.102044,1716,-2107,641,139.905
7.107822,1714,-2109,638,139.905
7.112142,1714,-2109,636,139.905
7.117631,1714,-2109,636,139.905
7.122302,1714,-2109,636,139.911
7.128018,1716,-2109,638,139.911
7.132358,1718,-2109,641,139.911
7.136836,1720,-2111,644,139.911
7.142578,1722,-2111,647,139.911
7.146947,1723,-2112,649,139.911
7.152670,1722,-2112,652,139.911
7.157088,1721,-2111,653,139.911
7.162794,1721,-2112,654,139.911
7.167250,1721,-2113,654,139.911
7.172963,1722,-2114,653,139.911
7.177401,1722,-2115,652,139.911
7.181779,1724,-2113,651,139.911
7.187499,1725,-2110,650,139.911
7.191898,1725,-2106,647,139.911
7.197649,1725,-2104,644,139.911
7.202185,1724,-2103,641,139.911
7.207805,1723,-2103,639,139.911
7.212194,1722,-2105,639,139.911
7.216646,1721,-2105,640,139.911
7.222370,1721,-2105,642,139.911
7.226872,1722,-2104,644,139.911
7.232484,1720,-2102,644,139.905
7.236906,1721,-2103,643,139.905
7.242576,1722,-2106,643,139.905
7.247060,1721,-2109,645,139.905
7.252728,1722,-2110,644,139.905
7.257216,1721,-2111,644,139.905
7.261538,1721,-2112,643,139.905
7.267269,1722,-2112,642,139.905
7.271746,1722,-2113,643,139.905
7.277416,1723,-2112,645,139.905
7.281863,1724,-2113,645,139.905
7.287571,1725,-2113,647,139.905
7.292030,1725,-2111,646,139.911
7.296384,1724,-2110,645,139.911
7.302116,1723,-2108,645,139.911
7.306570,1722,-2107,643,139.911
7.312244,1722,-2107,640,139.911
7.316726,1722,-2107,637,139.911
7.322373,1721,-2108,634,139.911
7.326800,1721,-2108,632,139.911
7.332506,1722,-2107,631,139.911
7.337013,1722,-2105,631,139.911
7.341383,1724,-2105,633,139.905
7.347094,1724,-2106,634,139.905
7.351525,1725,-2107,635,139.905
7.357185,1726,-2108,635,139.905
7.361647,1727,-2108,634,139.900
7.367239,1727,-2106,634,139.900
7.371733,1726,-2104,634,139.900
7.376200,1727,-2101,634,139.900
7.381913,1725,-2101,635,139.900
7.386491,1724,-2101,637,139.900
7.392075,1724,-2101,638,139.900
7.396502,1723,-2102,641,139.900
7.402157,1725,-2101,645,139.900
7.406597,1728,-2101,648,139.900
7.412360,1731,-2101,650,139.900
7.416718,1733,-2102,649,139.900
7.421184,1736,-2103,646,139.900
7.426846,1737,-2104,643,139.894
7.431397,1736,-2107,639,139.894
7.436995,1736,-2109,636,139.894
7.441412,1735,-2110,635,139.894
7.447157,1734,-2112,634,139.894
7.451561,1733,-2114,632,139.889
7.455976,1732,-2116,634,139.889
7.461709,1731,-2116,635,139.889
7.466060,1731,-2116,637,139.889
7.471827,1731,-2114,637,139.889
7.476234,1731,-2113,635,139.889
7.481964,1731,-2112,637,139.889
7.486408,1731,-2111,637,139.894
7.492087,1731,-2109,637,139.889
7.496592,1731,-2109,638,139.894
7.500946,1729,-2109,638,139.894
7.506678,1728,-2110,640,139.894
7.511099,1726,-2112,644,139.894
7.516796,1723,-2111,646,139.894
7.521229,1721,-2110,648,139.894
7.526962,1720,-2109,646,139.894
7.531407,1719,-2108,646,139.894
7.535744,1720,-2108,645,139.894
7.541485,1721,-2109,644,139.900
7.545902,1722,-2111,645,139.900
7.551438,1723,-2112,642,139.900
7.556072,1723,-2112,641,139.900
7.561849,1724,-2111,640,139.900
7.566185,1725,-2109,640,139.900
7.571873,1723,-2108,641,139.900
7.576497,1722,-2107,643,139.900
7.580750,1722,-2107,642,139.900
7.586407,1722,-2110,640,139.900
7.590894,1723,-2111,638,139.900
7.596536,1724,-2112,636,139.900
7.601164,1725,-2111,636,139.900
7.606692,1725,-2110,634,139.900
7.611141,1726,-2108,630,139.900
7.615590,1727,-2106,624,139.900
7.621291,1728,-2104,615,139.900
7.625693,1731,-2103,608,139.900
7.631393,1733,-2103,607,139.900
7.635856,1734,-2102,607,139.894
7.641545,1734,-2103,610,139.894
7.646014,1733,-2104,617,139.894
7.651699,1732,-2104,624,139.894
7.656060,1733,-2104,629,139.889
7.660498,1734,-2104,629,139.889
7.666243,1734,-2103,631,139.889
7.670747,1735,-2103,631,139.889
7.676377,1734,-2103,629,139.889
7.680816,1732,-2104,628,139.889
7.686521,1731,-2106,629,139.889
7.690955,1729,-2107,629,139.889
7.695326,1726,-2108,631,139.883
7.701087,1724,-2109,634,139.889
7.705494,1722,-2109,637,139.889
7.711245,1722,-2108,638,139.889
7.715646,1723,-2107,637,139.889
7.721397,1723,-2107,636,139.889
7.725770,1725,-2107,635,139.889
7.731494,1724,-2106,632,139.889
7.735927,1723,-2106,632,139.894
7.740184,1723,-2105,632,139.894
7.746031,1722,-2104,631,139.894
7.750443,1721,-2102,631,139.889
7.756225,1721,-2099,634,139.889
7.760651,1720,-2097,640,139.889
7.766292,1720,-2095,644,139.889
7.770709,1718,-2096,650,139.889
7.775122,1716,-2099,652,139.889
7.780905,1713,-2102,654,139.889
7.785424,1711,-2103,656,139.889
7.790928,1709,-2105,657,139.889
7.795443,1708,-2106,656,139.889
7.800953,1709,-2107,657,139.889
7.805631,1711,-2108,655,139.889
7.811304,1713,-2108,656,139.889
7.815686,1714,-2109,657,139.889
7.820112,1714,-2110,657,139.889
7.825802,1713,-2112,657,139.889
7.830273,1712,-2112,657,139.889
7.835910,1712,-2111,656,139.889
7.840348,1713,-2111,657,139.889
7.846030,1714,-2109,655,139.889
7.850489,1716,-2109,652,139.889
7.855140,1716,-2108,650,139.889
7.860672,1718,-2108,647,139.894
7.865068,1718,-2108,645,139.894
7.870605,1719,-2109,642,139.894
7.875226,1721,-2109,639,139.894
7.880966,1723,-2109,634,139.894
7.885341,1724,-2108,631,139.894
7.891034,1723,-2107,630,139.894
7.895494,1723,-2107,631,139.900
7.899967,1722,-2104,634,139.900
7.905595,1721,-2103,637,139.900
7.910043,1721,-2102,639,139.894
7.915743,1721,-2102,638,139.894
7.919862,1721,-2103,637,139.894
7.925851,1722,-2104,636,139.894
7.930321,1722,-2104,636,139.894
7.934638,1722,-2104,636,139.894
7.940424,1722,-2103,632,139.894
7.944787,1723,-2102,627,139.894
7.950575,1723,-2101,620,139.894
7.954929,1724,-2102,617,139.894
7.960722,1725,-2103,619,139.894
7.965111,1727,-2105,622,139.894
7.970850,1726,-2106,627,139.894
7.975316,1727,-2107,629,139.894
7.979708,1727,-2108,630,139.889
7.985395,1726,-2107,628,139.889
7.989913,1726,-2107,629,139.889
7.995676,1724,-2107,633,139.889
7.999977,1722,-2107,636,139.889
8.005673,1719,-2108,639,139.889
8.009816,1717,-2108,641,139.889
8.014268,1716,-2110,638,139.889
8.019901,1715,-2112,636,139.889
8.024307,1716,-2113,638,139.889
8.030104,1716,-2113,639,139.889
8.034501,1716,-2111,644,139.889
8.040547,1718,-2110,649,139.889
8.044620,1719,-2110,650,139.889
8.050467,1719,-2107,648,139.889
8.055226,1719,-2106,644,139.889
8.059375,1719,-2105,640,139.889
8.065135,1719,-2104,639,139.889
8.069611,1719,-2107,641,139.889
8.075333,1718,-2108,646,139.889
8.079902,1719,-2109,649,139.889
8.085514,1718,-2109,653,139.889
8.089933,1716,-2109,654,139.883
8.094285,1714,-2108,651,139.883
8.100192,1711,-2107,647,139.883
8.104389,1711,-2107,641,139.883
8.110147,1709,-2108,637,139.889
8.114626,1709,-2109,635,139.889
8.120217,1712,-2110,633,139.889
8.124699,1714,-2111,633,139.889
8.130389,1717,-2111,633,139.889
8.134820,1719,-2111,631,139.889
8.139218,1719,-2109,632,139.889
8.144994,1720,-2109,632,139.889
8.149407,1721,-2109,635,139.889
8.155060,1721,-2108,638,139.889
8.159516,1721,-2109,642,139.889
8.165195,1722,-2110,646,139.889
8.169676,1722,-2109,647,139.889
8.174241,1721,-2109,645,139.889
8.179818,1721,-2108,645,139.889
8.184187,1720,-2109,646,139.889
8.190088,1719,-2109,645,139.889
8.194370,1721,-2111,642,139.889
8.200100,1724,-2112,641,139.889
8.204504,1728,-2113,638,139.894
8.210260,1732,-2115,634,139.894
8.214626,1735,-2116,631,139.894
8.219047,1736,-2116,624,139.894
8.224769,1737,-2116,617,139.889
8.229192,1737,-2115,613,139.889
8.234878,1736,-2113,609,139.889
8.239307,1736,-2112,609,139.889
8.245013,1735,-2111,610,139.889
8.249442,1735,-2111,612,139.889
8.253815,1736,-2112,615,139.889
8.259568,1736,-2113,617,139.889
8.263872,1736,-2115,620,139.889
8.269733,1735,-2116,625,139.889
8.274292,1734,-2117,629,139.889
8.279780,1731,-2118,627,139.889
8.284246,1730,-2115,626,139.889
8.289929,1729,-2113,624,139.889
8.294567,1727,-2112,618,139.889
8.298945,1726,-2111,617,139.889
8.304545,1727,-2111,616,139.889
8.308974,1725,-2111,618,139.889
8.314659,1724,-2110,619,139.889
8.319122,1723,-2107,619,139.889
8.324810,1722,-2107,620,139.889
8.329247,1722,-2106,619,139.889
8.333645,1722,-2106,619,139.889
8.339361,1722,-2105,620,139.889
8.343799,1722,-2105,620,139.894
8.349462,1722,-2105,619,139.894
8.353796,1720,-2104,616,139.894
8.359599,1721,-2105,616,139.894
8.364009,1722,-2105,618,139.894
8.369778,1721,-2105,619,139.894
8.374181,1720,-2104,620,139.894
8.378596,1715,-2104,622,139.894
8.384371,1712,-2104,622,139.894
8.388756,1709,-2105,621,139.894
8.394451,1707,-2106,621,139.894
8.398902,1708,-2107,622,139.894
8.404599,1708,-2109,621,139.894
8.409016,1708,-2111,619,139.894
8.413421,1706,-2114,619,139.894
8.419137,1707,-2117,620,139.894
8.423570,1708,-2118,621,139.900
8.429269,1708,-2117,623,139.900
8.433726,1709,-2117,626,139.900
8.439384,1710,-2116,629,139.900
8.443820,1711,-2117,632,139.900
8.449575,1712,-2117,634,139.900
8.454010,1713,-2116,633,139.900
8.458393,1713,-2113,629,139.900
8.463952,1713,-2110,625,139.905
8.468548,1713,-2107,622,139.905
8.474288,1714,-2105,623,139.905
8.478670,1717,-2103,623,139.905
8.484399,1720,-2102,624,139.905
8.488829,1724,-2100,626,139.905
8.493267,1728,-2100,627,139.905
8.498745,1729,-2101,625,139.905
8.503370,1730,-2101,623,139.905
8.509069,1730,-2102,624,139.905
8.513538,1730,-2103,628,139.900
8.519194,1730,-2103,633,139.900
8.523642,1730,-2104,640,139.900
8.529318,1730,-2105,645,139.900
8.533828,1728,-2107,649,139.900
8.538247,1726,-2110,651,139.900
8.543905,1723,-2111,651,139.900
8.548342,1720,-2113,650,139.900
8.553974,1718,-2113,647,139.905
8.558381,1717,-2112,645,139.905
8.564134,1717,-2112,641,139.905
8.568616,1718,-2111,638,139.905
8.573036,1721,-2111,634,139.905
8.578792,1722,-2110,632,139.905
8.583161,1721,-2110,631,139.905
8.588877,1720,-2110,632,139.905
8.593262,1718,-2109,634,139.905
8.598998,1717,-2108,632,139.905
8.603365,1716,-2107,630,139.905
8.609151,1716,-2106,631,139.905
8.613391,1715,-2106,633,139.905
8.617977,1714,-2107,638,139.905
8.623622,1713,-2109,643,139.905
8.628084,1711,-2111,649,139.911
8.633804,1711,-2111,652,139.911
8.638247,1712,-2112,654,139.911
8.643964,1713,-2112,653,139.911
8.648369,1714,-2110,650,139.911
8.652772,1714,-2111,647,139.911
8.658479,1716,-2111,644,139.916
8.662898,1718,-2110,640,139.916
8.668533,1717,-2108,637,139.916
8.673070,1717,-2105,635,139.916
8.678748,1717,-2102,634,139.916
8.683171,1718,-2102,641,139.916
8.688954,1718,-2105,646,139.916
8.693449,1718,-2108,650,139.916
8.697748,1718,-2112,652,139.916
8.703446,1717,-2114,653,139.916
8.707864,1717,-2115,654,139.911
8.713572,1719,-2115,656,139.911
8.718059,1720,-2116,658,139.911
8.723704,1719,-2115,661,139.911
8.728146,1719,-2115,663,139.911
8.732373,1720,-2115,664,139.916
8.738303,1721,-2115,665,139.916
8.742614,1722,-2117,668,139.916
8.748412,1722,-2118,669,139.916
8.753027,1722,-2118,671,139.916
8.758510,1721,-2117,671,139.916
8.762985,1720,-2115,670,139.916
8.768688,1719,-2115,669,139.916
8.773051,1718,-2116,669,139.922
8.777496,1717,-2116,670,139.922
8.783183,1716,-2117,670,139.922
8.787686,1716,-2119,669,139.922
8.793318,1716,-2119,663,139.922
8.797797,1717,-2119,655,139.922
8.803497,1720,-2120,649,139.922
8.808092,1723,-2120,646,139.922
8.812252,1726,-2119,645,139.922
8.818025,1726,-2119,646,139.922
8.822554,1725,-2119,649,139.922
8.828245,1724,-2119,649,139.922
8.832655,1723,-2120,650,139.922
8.838317,1723,-2119,651,139.922
8.842709,1723,-2119,649,139.922
8.848489,1723,-2118,646,139.922
8.852898,1723,-2117,645,139.922
8.857299,1723,-2115,644,139.922
8.862963,1722,-2114,642,139.922
8.867415,1721,-2112,644,139.922
8.873121,1721,-2111,644,139.922
8.877569,1721,-2111,644,139.922
8.883297,1722,-2111,650,139.922
8.887690,1722,-2110,653,139.922
8.892130,1721,-2110,654,139.922
8.897881,1716,-2109,657,139.922
8.902248,1711,-2108,659,139.922
8.907967,1706,-2106,656,139.922
8.912437,1703,-2107,655,139.922
8.918168,1702,-2108,653,139.927
8.922509,1702,-2110,652,139.927
8.928274,1703,-2112,652,139.927
8.932667,1703,-2112,652,139.927
8.937101,1704,-2109,649,139.927
8.942734,1706,-2106,648,139.927
8.947246,1707,-2104,647,139.927
8.952681,1708,-2104,645,139.927
8.957510,1710,-2104,643,139.927
8.963087,1712,-2105,642,139.927
8.967492,1712,-2104,638,139.927
8.971907,1710,-2104,637,139.933
8.977585,1712,-2104,637,139.933
8.982038,1712,-2104,636,139.933
8.987747,1713,-2106,637,139.933
8.992214,1716,-2107,639,139.933
8.997864,1717,-2107,642,139.933
9.002294,1719,-2107,643,139.933
9.007728,1720,-2107,644,139.933
9.012337,1720,-2104,643,139.933
9.016831,1720,-2105,641,139.933
9.022593,1721,-2106,640,139.927
9.026841,1721,-2106,637,139.927
9.032711,1721,-2107,637,139.927
9.037081,1721,-2108,637,139.927
9.042680,1721,-2110,638,139.927
9.047253,1719,-2111,641,139.927
9.051636,1719,-2111,643,139.927
9.057400,1720,-2110,646,139.927
9.061701,1719,-2108,646,139.927
9.067497,1718,-2108,646,139.927
9.071952,1716,-2107,644,139.927
9.077438,1714,-2106,639,139.927
9.082097,1714,-2107,636,139.927
9.087968,1715,-2109,634,139.933
9.092233,1718,-2111,634,139.933
9.096705,1718,-2114,636,139.933
9.102410,1717,-2117,634,139.933
9.106747,1717,-2117,633,139.933
9.112479,1716,-2119,631,139.933
9.116872,1716,-2119,627,139.933
9.122615,1717,-2120,626,139.933
9.127067,1717,-2120,625,139.933
9.131473,1716,-2119,625,139.933
9.137164,1715,-2119,627,139.933
9.141732,1714,-2118,628,139.938
9.147268,1715,-2115,630,139.938
9.151824,1715,-2113,630,139.938
9.157416,1716,-2111,630,139.938
9.161933,1716,-2110,628,139.938
9.167623,1714,-2109,626,139.938
9.172014,1715,-2107,625,139.938
9.176426,1715,-2106,626,139.938
9.182142,1716,-2106,626,139.938
9.186622,1719,-2107,626,139.938
9.192245,1720,-2110,627,139.938
9.196746,1719,-2112,627,139.938
9.202398,1717,-2114,628,139.938
9.206849,1716,-2115,631,139.944
9.210990,1716,-2116,633,139.944
9.217017,1717,-2117,636,139.944
9.221418,1718,-2116,639,139.949
9.227096,1721,-2115,640,139.949
9.231523,1722,-2114,642,139.949
9.237220,1725,-2111,642,139.949
9.241646,1728,-2109,642,139.949
9.247336,1731,-2108,640,139.944
9.251795,1733,-2108,638,139.944
9.256218,1734,-2109,635,139.944
9.261902,1733,-2110,633,139.944
9.266324,1732,-2111,634,139.944
9.271995,1731,-2112,635,139.938
9.276412,1730,-2110,638,139.938
9.282195,1730,-2110,639,139.938
9.286732,1730,-2110,639,139.938
9.291042,1730,-2110,640,139.938
9.296770,1731,-2111,641,139.938
9.301156,1730,-2112,642,139.938
9.306853,1729,-2115,641,139.938
9.311291,1728,-2115,638,139.938
9.317018,1727,-2115,634,139.938
9.321448,1727,-2114,630,139.933
9.327120,1727,-2112,626,139.933
9.331547,1726,-2111,626,139.933
9.336015,1728,-2113,627,139.933
9.341672,1727,-2115,629,139.933
9.346119,1728,-2115,628,139.933
9.351756,1727,-2116,628,139.933
9.356251,1727,-2115,629,139.933
9.361961,1727,-2113,627,139.938
9.366397,1729,-2112,627,139.938
9.370739,1729,-2112,627,139.938
9.376553,1730,-2111,625,139.938
9.381120,1729,-2113,628,139.938
9.386631,1727,-2114,631,139.938
9.391070,1723,-2114,636,139.938
9.396715,1721,-2113,640,139.938
9.401216,1720,-2112,642,139.938
9.406965,1720,-2111,643,139.938
9.411363,1720,-2111,643,139.938
9.415748,1718,-2111,637,139.938
9.421438,1716,-2111,634,139.938
9.425904,1714,-2111,631,139.938
9.431729,1714,-2111,630,139.938
9.436015,1714,-2111,630,139.938
9.441740,1716,-2111,633,139.938
9.446195,1718,-2112,634,139.938
9.450554,1720,-2112,635,139.938
9.456341,1720,-2112,640,139.938
9.460729,1720,-2112,640,139.938
9.466335,1721,-2112,641,139.938
9.470885,1721,-2113,642,139.938
9.476542,1722,-2113,640,139.938
9.480959,1722,-2111,640,139.938
9.486727,1721,-2108,638,139.944
9.491142,1721,-2107,635,139.944
9.495524,1720,-2106,631,139.944
9.501246,1719,-2106,627,139.944
9.505639,1718,-2109,625,139.944
9.511354,1718,-2111,625,139.944
9.515779,1717,-2111,629,139.944
9.521547,1715,-2111,635,139.944
9.525958,1712,-2111,638,139.944
9.530345,1708,-2109,640,139.944
9.536091,1707,-2108,641,139.944
9.540465,1705,-2106,643,139.944
9.546196,1706,-2104,642,139.944
9.550646,1707,-2103,643,139.944
9.556355,1708,-2102,647,139.944
9.560746,1709,-2102,650,139.944
9.566490,1712,-2103,653,139.944
9.570918,1713,-2103,653,139.944
9.575322,1713,-2103,651,139.944
9.580982,1713,-2103,649,139.944
9.585449,1712,-2101,646,139.944
9.591147,1714,-2100,646,139.944
9.595579,1715,-2100,650,139.944
9.601165,1716,-2100,654,139.944
9.605714,1716,-2101,657,139.944
9.610122,1715,-2102,659,139.944
9.615880,1716,-2102,658,139.944
9.620326,1716,-2102,656,139.944
9.625940,1716,-2103,650,139.944
9.630409,1717,-2106,646,139.944
9.636092,1718,-2108,643,139.944
9.640529,1718,-2110,639,139.944
9.646235,1718,-2109,638,139.944
9.650690,1719,-2108,637,139.944
9.655257,1718,-2106,638,139.944
9.660818,1718,-2104,636,139.944
9.665251,1720,-2104,636,139.944
9.670931,1724,-2105,636,139.944
9.675234,1728,-2106,640,139.944
9.681120,1730,-2107,644,139.944
9.685496,1730,-2107,650,139.944
9.689936,1729,-2107,657,139.938
9.695671,1728,-2108,665,139.938
9.699881,1726,-2108,668,139.938
9.705750,1725,-2107,668,139.938
9.709998,1725,-2107,667,139.938
9.715901,1724,-2107,663,139.938
9.720424,1723,-2108,660,139.938
9.726068,1721,-2110,658,139.938
9.730548,1718,-2111,656,139.938
9.734836,1716,-2111,654,139.938
9.740594,1714,-2110,650,139.938
9.745068,1714,-2109,645,139.938
9.750714,1713,-2107,641,139.938
9.755157,1713,-2107,639,139.944
9.760874,1713,-2106,639,139.944
9.765270,1711,-2105,638,139.944
9.769757,1711,-2104,635,139.944
9.775429,1711,-2104,633,139.944
9.779826,1712,-2104,629,139.944
9.785550,1713,-2106,624,139.944
9.790027,1715,-2109,623,139.944
9.795717,1715,-2109,621,139.944
9.800093,1715,-2108,622,139.944
9.805971,1714,-2107,624,139.944
9.810289,1712,-2106,624,139.944
9.814677,1710,-2106,624,139.944
9.820392,1710,-2105,620,139.944
9.824856,1712,-2103,617,139.949
9.830541,1713,-2100,618,139.949
9.834924,1714,-2097,618,139.949
9.840668,1714,-2096,620,139.949
9.845095,1715,-2095,626,139.949
9.849446,1714,-2096,631,139.949
9.855244,1715,-2097,634,139.949
9.859620,1716,-2096,637,139.949
9.865203,1717,-2095,639,139.949
9.869748,1719,-2095,644,139.949
9.875473,1720,-2093,647,139.949
9.879900,1721,-2093,650,139.944
9.885572,1723,-2095,651,139.944
9.890032,1726,-2096,649,139.944
9.894597,1727,-2097,647,139.938
9.900173,1727,-2099,645,139.938
9.904603,1727,-2100,641,139.933
9.910272,1726,-2100,638,139.933
9.914716,1726,-2102,636,139.933
9.920243,1728,-2103,634,139.933
9.924848,1729,-2105,636,139.933
9.929287,1731,-2105,641,139.933
9.935014,1733,-2105,647,139.933
9.939397,1735,-2107,652,139.933
9.945239,1736,-2110,654,139.933
9.949512,1736,-2113,655,139.933
9.955209,1736,-2115,653,139.933
9.959696,1736,-2114,650,139.933
9.965349,1736,-2114,649,139.933
9.969941,1736,-2114,646,139.933
9.974223,1735,-2114,646,139.927
9.979945,1733,-2115,645,139.927
9.984374,1729,-2115,644,139.927
9.989929,1726,-2114,644,139.927
9.994575,1723,-2113,644,139.927
10.000136,1720,-2113,643,139.927
10.004332,1717,-2112,644,139.927
10.008837,1715,-2110,647,139.927
10.014781,1714,-2109,649,139.927
10.019176,1714,-2108,648,139.933
10.024843,1714,-2106,647,139.933
10.029360,1715,-2106,644,139.933
10.035039,1713,-2105,642,139.933
10.039470,1711,-2104,638,139.933
10.045058,1709,-2103,637,139.933
10.049618,1708,-2101,637,139.933
10.054045,1708,-2101,638,139.933
10.059767,1709,-2100,639,139.933
10.064239,1710,-2099,640,139.933
10.069837,1712,-2099,639,139.933
10.074297,1716,-2098,639,139.933
10.080010,1719,-2097,640,139.933
10.084439,1723,-2098,640,139.933
10.088825,1726,-2097,644,139.927
10.094668,1728,-2099,645,139.927
10.098982,1730,-2101,647,139.927
10.104662,1731,-2102,646,139.927
10.109119,1731,-2104,644,139.927
10.114819,1731,-2107,642,139.922
10.119267,1730,-2108,638,139.922
10.124966,1729,-2109,637,139.922
10.129436,1728,-2110,636,139.922
10.133805,1728,-2111,636,139.927
10.139524,1728,-2112,634,139.927
10.143969,1728,-2114,632,139.927
10.149653,1728,-2116,634,139.927
10.154072,1730,-2118,637,139.927
10.159774,1729,-2118,642,139.927
10.164220,1729,-2118,645,139.927
10.168557,1729,-2118,646,139.927
10.174304,1729,-2117,646,139.927
10.178806,1730,-2117,647,139.927
10.184414,1732,-2118,646,139.927
10.188885,1735,-2118,647,139.922
10.194595,1736,-2118,649,139.922
10.199203,1738,-2118,650,139.922
10.204768,1737,-2117,651,139.922
10.209169,1736,-2119,653,139.922
10.213595,1733,-2118,654,139.922
10.219300,1731,-2117,655,139.922
10.223725,1729,-2117,656,139.922
10.229554,1730,-2114,655,139.922
10.233845,1731,-2113,653,139.927
10.239545,1732,-2112,651,139.927
10.244013,1734,-2111,649,139.927
10.248395,1733,-2111,644,139.927
10.254076,1732,-2111,643,139.927
10.258519,1731,-2110,642,139.927
10.264204,1730,-2108,642,139.927
10.268695,1728,-2106,644,139.922
10.274331,1726,-2105,640,139.922
10.278774,1726,-2104,637,139.922
10.284520,1726,-2103,634,139.922
10.288971,1728,-2103,634,139.922
10.293319,1731,-2101,631,139.922
10.299031,1732,-2101,631,139.922
10.303498,1733,-2101,632,139.916
10.309197,1732,-2101,632,139.916
10.313598,1732,-2102,634,139.916
10.319249,1732,-2102,636,139.916
10.323790,1730,-2101,634,139.916
10.328142,1728,-2099,634,139.911
10.333892,1727,-2099,634,139.911
10.338317,1725,-2099,633,139.911
10.344020,1725,-2101,636,139.911
10.348511,1725,-2103,637,139.911
10.354168,1726,-2106,637,139.911
10.358569,1728,-2107,637,139.911
10.364265,1729,-2109,637,139.911
10.368705,1729,-2111,636,139.911
10.373309,1729,-2113,638,139.911
10.378852,1727,-2116,639,139.911
10.383269,1727,-2119,641,139.911
10.388967,1727,-2120,643,139.911
10.393399,1726,-2120,644,139.911
10.399139,1725,-2121,644,139.911
10.403549,1724,-2121,643,139.911
10.407956,1724,-2120,644,139.911
10.413697,1724,-2119,642,139.911
10.418057,1726,-2117,642,139.911
10.423849,1728,-2116,642,139.911
10.428101,1729,-2115,642,139.911
10.433959,1730,-2115,642,139.905
10.438369,1729,-2115,643,139.905
10.444099,1728,-2115,643,139.905
10.448501,1726,-2114,644,139.911
10.452878,1724,-2114,645,139.911
10.458639,1724,-2115,646,139.911
10.463074,1724,-2116,645,139.911
10.468745,1723,-2116,645,139.911
10.473193,1724,-2115,643,139.911
10.478908,1727,-2115,643,139.916
10.483316,1729,-2114,645,139.916
10.487779,1730,-2113,648,139.916
10.493501,1731,-2112,651,139.916
10.497874,1731,-2112,651,139.916
10.503564,1729,-2111,649,139.916
10.508044,1726,-2111,647,139.916
10.513599,1725,-2114,644,139.916
10.518112,1723,-2118,643,139.916
10.523886,1722,-2120,643,139.916
10.528292,1722,-2122,641,139.916
10.532696,1724,-2123,642,139.916
10.538392,1726,-2124,640,139.916
10.542754,1728,-2123,638,139.916
10.548521,1729,-2123,636,139.916
10.552907,1732,-2121,635,139.916
10.558638,1731,-2119,635,139.916
10.563033,1730,-2116,638,139.916
10.567528,1727,-2114,638,139.916
10.573240,1725,-2112,637,139.916
10.577646,1724,-2112,634,139.916
10.583318,1723,-2113,631,139.916
10.587775,1723,-2115,626,139.916
10.593468,1723,-2115,624,139.922
10.598081,1724,-2116,625,139.922
10.603597,1724,-2116,629,139.922
10.608041,1725,-2116,632,139.922
10.612458,1725,-2115,637,139.922
10.618213,1725,-2114,639,139.916
10.622588,1724,-2113,642,139.916
10.628169,1724,-2112,642,139.916
10.632763,1724,-2112,643,139.916
10.638449,1724,-2113,644,139.916
10.642905,1723,-2113,648,139.916
10.647238,1722,-2113,650,139.916
10.653016,1721,-2113,653,139.916
10.657433,1720,-2113,653,139.916
10.663110,1720,-2113,655,139.916
10.667554,1720,-2113,657,139.916
10.673246,1720,-2111,658,139.916
10.677698,1720,-2109,659,139.916
10.683396,1721,-2108,660,139.916
10.687826,1720,-2107,658,139.916
10.692242,1718,-2104,655,139.916
10.697995,1718,-2103,653,139.916
10.702372,1718,-2102,654,139.916
10.708040,1719,-2102,657,139.916
10.712493,1719,-2102,657,139.916
10.718270,1719,-2103,656,139.916
10.722649,1719,-2102,653,139.916
10.727048,1717,-2101,652,139.911
10.732772,1715,-2099,650,139.911
10.737198,1716,-2098,649,139.911
10.742903,1717,-2099,649,139.911
10.747319,1720,-2100,649,139.911
10.753122,1722,-2103,647,139.911
10.757405,1724,-2105,646,139.905
10.763168,1726,-2106,645,139.905
10.767594,1727,-2106,644,139.905
10.772045,1726,-2104,641,139.905
10.777681,1726,-2103,641,139.905
10.782137,1725,-2102,640,139.900
10.787850,1726,-2102,642,139.900
10.792430,1726,-2103,643,139.900
10.798144,1725,-2103,646,139.900
10.802425,1724,-2102,645,139.900
10.806797,1725,-2101,644,139.900
10.812540,1725,-2101,643,139.894
10.816839,1727,-2100,640,139.894
10.822792,1728,-2101,641,139.894
10.827118,1727,-2101,641,139.894
10.832830,1727,-2102,641,139.900
10.837246,1727,-2104,639,139.900
10.842966,1728,-2105,639,139.900
10.847366,1729,-2107,638,139.900
10.851928,1730,-2105,638,139.900
10.857486,1731,-2105,642,139.900
10.861944,1732,-2103,643,139.900
10.867650,1732,-2102,647,139.900
10.872015,1733,-2101,651,139.900
10.877845,1734,-2101,651,139.900
10.882162,1734,-2102,649,139.900
10.886561,1736,-2102,645,139.900
10.892288,1736,-2102,640,139.900
10.896801,1735,-2101,637,139.894
10.902414,1734,-2100,636,139.894
10.906887,1731,-2100,637,139.889
10.912562,1728,-2101,635,139.889
10.917019,1728,-2101,634,139.889
10.922716,1725,-2101,633,139.889
10.927174,1725,-2101,631,139.883
10.931522,1724,-2102,633,139.883
10.937246,1721,-2104,633,139.883
10.941728,1719,-2106,634,139.883
10.947420,1719,-2109,634,139.889
10.951831,1719,-2109,632,139.889
10.957542,1720,-2109,628,139.889
10.962011,1722,-2107,625,139.889
10.966361,1722,-2105,622,139.889
10.972109,1723,-2103,619,139.889
10.976525,1724,-2102,619,139.889
10.982217,1724,-2102,619,139.889
10.986676,1723,-2101,620,139.889
10.992394,1724,-2102,623,139.889
10.996531,1723,-2102,624,139.889
11.002155,1722,-2100,629,139.889
11.006657,1721,-2100,631,139.889
11.011092,1717,-2098,635,139.889
11.016749,1714,-2098,639,139.889
11.021196,1713,-2099,641,139.889
11.026854,1713,-2100,642,139.889
11.031344,1714,-2104,642,139.889
11.037075,1714,-2106,638,139.889
11.041706,1714,-2106,636,139.889
11.046090,1715,-2107,634,139.889
11.052019,1715,-2106,633,139.889
11.056167,1715,-2105,631,139.889
11.062043,1713,-2104,630,139.889
11.066467,1711,-2104,632,139.889
11.072283,1711,-2104,633,139.889
11.076563,1712,-2103,636,139.889
11.082304,1713,-2104,638,139.889
11.086737,1716,-2103,639,139.889
11.091145,1719,-2102,636,139.883
11.096848,1721,-2101,634,139.883
11.101262,1724,-2099,633,139.883
11.107010,1724,-2098,631,139.883
11.111451,1725,-2099,633,139.883
11.117123,1725,-2100,634,139.883
11.121319,1723,-2105,636,139.889
11.125915,1722,-2110,638,139.889
11.131464,1722,-2114,638,139.889
11.136098,1721,-2116,640,139.889
11.141800,1722,-2117,641,139.894
11.146229,1722,-2115,642,139.894
11.152035,1722,-2114,644,139.894
11.156336,1719,-2114,645,139.894
11.162089,1716,-2115,647,139.894
11.166494,1713,-2117,646,139.900
11.170871,1711,-2118,645,139.900
11.176626,1710,-2119,644,139.900
11.181093,1710,-2117,642,139.900
11.186720,1710,-2114,643,139.900
11.191168,1708,-2111,646,139.900
11.196981,1706,-2109,647,139.900
11.201346,1705,-2107,650,139.900
11.205724,1705,-2106,651,139.900
11.211415,1707,-2107,653,139.900
11.215933,1711,-2109,651,139.900
11.221612,1716,-2111,652,139.905
11.226037,1720,-2111,651,139.905
11.231692,1724,-2111,649,139.905
11.236102,1727,-2110,646,139.905
11.241849,1728,-2109,640,139.905
11.246264,1728,-2108,636,139.905
11.250637,1727,-2108,635,139.905
11.256361,1726,-2109,635,139.905
11.261001,1726,-2109,636,139.905
11.266521,1725,-2109,635,139.905
11.271078,1726,-2109,634,139.900
11.276688,1726,-2108,631,139.900
11.281090,1725,-2107,630,139.900
11.285546,1727,-2107,623,139.900
11.291217,1727,-2107,619,139.900
11.295619,1727,-2106,615,139.900
11.301491,1725,-2106,613,139.900
11.305741,1722,-2106,614,139.900
11.311497,1720,-2105,617,139.900
11.315875,1718,-2105,620,139.900
11.321629,1715,-2105,621,139.900
11.326070,1713,-2104,618,139.900
11.330477,1711,-2104,615,139.900
11.336261,1710,-2105,613,139.905
11.340584,1710,-2106,613,139.905
11.346317,1711,-2108,613,139.905
11.350733,1713,-2108,615,139.905
11.356488,1714,-2111,620,139.905
11.360851,1715,-2113,622,139.911
11.365457,1713,-2116,627,139.911
11.371104,1710,-2118,631,139.911
11.375447,1707,-2120,630,139.911
11.381126,1704,-2121,632,139.911
11.385572,1704,-2122,634,139.911
11.391323,1703,-2124,635,139.911
11.395695,1703,-2122,639,139.916
11.401449,1702,-2119,642,139.916
11.405885,1700,-2115,645,139.916
11.410266,1700,-2114,649,139.916
11.415993,1702,-2114,646,139.916
11.420395,1704,-2115,646,139.916
11.426094,1707,-2118,645,139.916
11.430678,1709,-2119,641,139.916
11.436244,1709,-2119,638,139.916
11.440584,1707,-2119,634,139.916
11.445029,1704,-2119,628,139.922
11.450977,1703,-2118,622,139.922
11.455222,1701,-2118,619,139.922
11.460967,1701,-2118,617,139.927
11.465388,1701,-2119,620,139.927
11.471043,1701,-2120,622,139.927
11.475479,1702,-2120,626,139.933
11.481266,1704,-2121,629,139.933
11.485596,1706,-2122,628,139.933
11.490006,1708,-2121,627,139.933
11.495749,1708,-2120,625,139.938
11.500131,1708,-2120,626,139.938
11.505902,1707,-2118,626,139.938
11.510290,1706,-2117,627,139.938
11.515991,1706,-2115,627,139.938
11.520427,1706,-2114,625,139.938
11.524820,1707,-2113,627,139.938
11.530547,1706,-2112,629,139.944
11.534944,1707,-2111,632,139.944
11.540664,1708,-2111,635,139.944
11.545145,1708,-2112,638,139.944
11.550823,1710,-2112,638,139.944
11.555127,1710,-2111,636,139.944
11.560998,1710,-2111,634,139.944
11.565446,1709,-2110,632,139.944
11.569836,1708,-2110,633,139.944
11.575559,1708,-2111,633,139.949
11.579979,1709,-2110,635,139.949
11.585645,1709,-2111,636,139.949
11.590034,1711,-2110,635,139.949
11.595827,1712,-2110,635,139.949
11.600244,1712,-2108,632,139.949
11.604644,1712,-2107,628,139.949
11.610515,1711,-2106,625,139.949
11.614793,1710,-2105,622,139.949
11.620432,1711,-2103,620,139.955
11.624898,1712,-2102,621,139.955
11.630598,1712,-2101,620,139.955
11.635065,1712,-2101,622,139.949
11.640736,1713,-2103,624,139.949
11.645208,1714,-2103,624,139.949
11.649573,1713,-2102,625,139.949
11.655297,1712,-2102,625,139.949
11.659747,1711,-2103,624,139.949
11.665385,1709,-2102,623,139.949
11.669848,1709,-2102,619,139.955
11.675538,1710,-2102,617,139.955
11.680014,1710,-2101,613,139.955
11.684214,1709,-2100,612,139.955
11.690141,1709,-2101,611,139.955
11.694595,1709,-2101,611,139.955
11.700280,1709,-2101,612,139.955
11.704724,1710,-2101,610,139.955
11.710396,1712,-2100,612,139.955
11.714534,1714,-2100,614,139.955
11.720356,1715,-2100,612,139.955
11.724718,1716,-2101,611,139.955
11.729081,1716,-2102,608,139.955
11.734943,1715,-2102,604,139.955
11.739522,1715,-2103,603,139.955
11.745156,1713,-2104,604,139.955
11.749615,1710,-2105,605,139.955
11.755383,1708,-2106,607,139.955
11.759761,1707,-2107,608,139.955
11.764199,1707,-2110,610,139.955
11.769941,1709,-2111,611,139.955
11.774345,1710,-2113,612,139.955
11.780012,1712,-2114,614,139.955
11.784488,1715,-2116,615,139.955
11.790171,1717,-2117,615,139.960
11.794592,1720,-2117,617,139.960
11.800201,1721,-2116,615,139.960
11.804891,1721,-2116,615,139.960
11.809109,1720,-2115,615,139.960
11.814876,1717,-2116,615,139.960
11.819207,1714,-2116,617,139.960
11.824957,1711,-2116,619,139.960
11.829490,1709,-2116,622,139.960
11.835107,1707,-2116,625,139.960
11.839564,1706,-2114,622,139.960
11.843832,1706,-2113,620,139.960
11.849713,1705,-2110,614,139.966
11.854124,1705,-2108,608,139.966
11.859779,1705,-2109,605,139.966
11.864309,1704,-2108,603,139.966
11.869964,1703,-2107,603,139.966
11.874321,1702,-2106,605,139.966
11.880156,1702,-2105,610,139.966
11.884497,1702,-2104,613,139.971
11.888888,1701,-2104,616,139.971
11.894648,1699,-2105,619,139.971
11.899102,1698,-2106,622,139.971
11.904836,1698,-2108,627,139.971
11.909220,1699,-2109,634,139.971
11.914961,1699,-2108,639,139.971
11.919353,1700,-2109,642,139.971
11.923733,1703,-2110,642,139.971
11.929454,1706,-2112,640,139.966
11.933631,1709,-2113,639,139.966
11.939236,1712,-2114,637,139.966
11.944008,1712,-2112,636,139.966
11.949700,1710,-2113,634,139.966
11.954139,1710,-2114,632,139.966
11.959878,1709,-2115,631,139.966
11.964454,1709,-2116,631,139.966
11.968878,1710,-2117,635,139.966
11.974542,1712,-2118,640,139.971
11.978852,1713,-2119,644,139.971
11.984551,1714,-2118,645,139.977
11.989015,1714,-2118,644,139.977
11.994703,1714,-2117,639,139.982
11.999123,1711,-2117,634,139.982
12.003575,1709,-2117,630,139.988
12.009067,1707,-2117,625,139.988
12.013661,1705,-2118,621,139.993
12.019378,1705,-2119,622,139.993
12.023989,1705,-2119,623,139.999
12.029245,1708,-2120,623,139.999
12.034068,1711,-2118,624,139.999
12.039684,1713,-2117,623,139.999
12.043779,1713,-2117,621,139.999
12.048518,1712,-2116,620,139.993
12.054224,1710,-2114,620,139.993
12.058687,1710,-2114,617,139.993
12.064318,1711,-2113,618,139.993
12.068799,1714,-2113,620,139.993
12.074472,1718,-2115,624,139.993
12.078904,1720,-2114,629,139.993
12.083304,1722,-2112,633,139.993
12.089055,1721,-2112,637,139.993
12.093424,1718,-2110,638,139.993
12.099324,1715,-2108,638,139.993
12.103620,1713,-2108,638,139.993
12.109144,1710,-2106,637,139.993
12.113881,1710,-2106,636,139.999
12.119515,1709,-2106,636,139.999
12.123876,1708,-2108,637,140.004
12.128302,1707,-2110,636,140.004
12.133950,1706,-2111,634,140.004
12.138401,1706,-2113,635,140.010
12.144108,1706,-2112,635,140.010
12.148589,1706,-2112,635,140.010
12.154318,1706,-2113,636,140.010
12.158768,1705,-2114,635,140.015
12.163161,1705,-2116,634,140.015
12.168897,1705,-2118,632,140.015
12.173295,1706,-2120,630,140.015
12.178940,1710,-2121,629,140.015
12.183543,1714,-2121,628,140.015
12.189098,1718,-2120,628,140.010
12.193547,1721,-2120,630,140.010
12.199224,1723,-2119,632,140.010
12.203703,1723,-2119,633,140.010
12.208111,1725,-2119,636,140.004
12.213778,1725,-2116,638,140.004
12.218257,1725,-2114,636,140.004
12.223907,1725,-2114,634,140.004
12.228295,1724,-2113,630,140.004
12.234138,1725,-2114,630,140.004
12.238430,1727,-2115,627,140.004
12.242846,1730,-2115,628,140.004
12.248670,1733,-2116,633,140.004
12.253030,1735,-2115,635,140.004
12.258799,1736,-2114,637,140.004
12.263186,1737,-2111,637,140.010
12.268879,1737,-2108,637,140.010
12.273129,1736,-2105,636,140.010
12.278993,1735,-2102,637,140.010
12.283481,1735,-2101,639,140.010
12.287841,1735,-2103,640,140.004
12.293725,1735,-2104,640,140.004
12.297954,1735,-2106,643,140.004
12.303746,1735,-2106,645,140.004
12.308124,1735,-2108,649,140.004
12.313901,1734,-2108,652,139.999
12.318407,1730,-2108,653,139.999
12.322654,1728,-2109,654,139.999
12.328395,1725,-2107,653,139.999
12.332812,1722,-2106,653,139.999
12.338475,1721,-2106,653,139.999
12.342926,1721,-2105,655,139.999
12.348633,1722,-2106,655,139.999
12.353070,1721,-2108,656,139.999
12.358804,1721,-2109,656,139.999
12.363408,1722,-2111,657,139.999
12.367823,1720,-2112,658,139.999
12.373401,1718,-2111,655,139.999
12.377945,1716,-2111,652,139.999
12.383444,1714,-2109,651,139.999
12.387866,1713,-2106,646,139.999
12.393556,1714,-2104,642,139.999
12.398073,1716,-2104,642,139.999
12.402441,1718,-2104,643,139.999
12.408205,1717,-2105,645,139.999
12.412789,1717,-2108,649,139.999
12.418347,1717,-2109,651,139.999
12.422799,1717,-2109,648,139.999
12.428475,1717,-2110,643,139.993
12.432877,1717,-2109,636,139.993
12.438718,1715,-2109,633,139.993
12.443059,1716,-2110,632,139.993
12.447396,1718,-2110,633,139.993
12.453129,1720,-2113,636,139.993
12.457602,1721,-2115,641,139.993
12.463237,1721,-2116,640,139.993
12.467699,1720,-2115,637,139.993
12.473421,1717,-2115,635,139.993
12.477848,1714,-2114,634,139.993
12.482213,1714,-2114,636,139.993
12.487955,1713,-2114,639,139.993
12.492402,1713,-2114,640,139.993
12.498117,1714,-2114,642,139.993
12.502577,1716,-2114,643,139.993
12.508228,1716,-2113,645,139.993
12.512397,1717,-2111,648,139.999
12.518398,1716,-2110,648,139.999
12.522763,1717,-2108,648,139.999
12.527192,1717,-2106,647,139.999
12.532916,1716,-2106,644,140.004
12.537350,1714,-2105,641,140.004
12.543161,1713,-2104,640,140.004
12.547447,1712,-2104,641,140.004
12.553234,1710,-2105,644,140.004
12.557323,1708,-2106,644,139.999
12.561735,1707,-2108,645,139.999
12.567497,1707,-2109,644,139.999
12.572139,1707,-2110,638,139.999
12.577922,1710,-2111,631,139.999
12.582354,1713,-2112,628,139.993
12.587932,1716,-2113,626,139.993
12.592425,1719,-2113,625,139.993
12.598120,1721,-2113,626,139.993
12.602602,1722,-2113,628,139.993
12.607000,1723,-2113,630,139.993
12.612696,1724,-2115,632,139.993
12.617175,1723,-2116,632,139.999
12.622972,1723,-2117,630,139.999
12.627293,1722,-2118,627,139.999
12.633020,1722,-2118,629,140.004
12.637440,1721,-2118,630,140.004
12.641831,1721,-2118,630,140.004
12.647552,1722,-2116,631,140.004
12.651964,1722,-2115,630,140.004
12.657658,1723,-2113,628,140.010
12.661897,1724,-2112,625,140.004
12.667826,1725,-2112,622,140.004
12.672268,1727,-2111,620,140.004
12.677919,1728,-2110,618,140.004
12.682349,1729,-2109,617,140.004
12.686709,1729,-2107,618,140.004
12.692483,1728,-2106,623,139.999
12.696901,1728,-2106,628,139.999
12.702659,1725,-2104,631,139.999
12.707054,1725,-2104,634,139.999
12.712775,1724,-2104,636,139.999
12.717172,1723,-2104,634,139.999
12.721566,1722,-2105,634,139.999
12.727306,1720,-2106,632,139.999
12.731748,1719,-2106,627,139.999
12.737473,1718,-2106,623,139.999
12.741885,1720,-2105,620,139.999
12.747617,1722,-2104,619,139.999
12.751983,1726,-2104,618,139.999
12.757716,1730,-2105,620,139.999
12.762156,1733,-2105,620,139.999
12.766541,1735,-2105,621,139.999
12.772248,1736,-2107,624,139.999
12.776664,1736,-2108,627,139.999
12.782401,1736,-2109,630,139.999
12.786841,1734,-2110,636,139.999
12.792546,1732,-2109,633,139.999
12.796949,1730,-2107,632,139.999
12.801537,1728,-2104,628,139.993
12.807106,1724,-2102,624,139.993
12.811712,1721,-2101,623,139.993
12.817251,1718,-2100,623,139.993
12.821645,1717,-2100,621,139.988
12.827313,1718,-2102,621,139.988
12.831843,1720,-2104,623,139.988
12.837433,1720,-2107,624,139.988
12.841918,1720,-2110,625,139.988
12.846321,1719,-2112,626,139.988
12.852007,1718,-2111,626,139.988
12.856496,1716,-2110,624,139.988
12.862148,1715,-2107,624,139.988
12.866649,1714,-2105,621,139.988
12.872324,1714,-2105,618,139.988
12.876897,1715,-2104,614,139.988
12.881187,1717,-2104,612,139.988
12.886923,1720,-2105,611,139.988
12.891400,1721,-2106,610,139.988
12.897001,1723,-2107,614,139.988
12.901445,1724,-2107,620,139.988
12.907135,1725,-2107,627,139.988
12.911638,1726,-2106,632,139.988
12.917291,1728,-2106,634,139.988
12.921765,1729,-2108,634,139.988
12.926122,1729,-2111,634,139.988
12.931852,1729,-2115,634,139.988
12.936302,1728,-2119,636,139.988
12.942020,1728,-2122,638,139.988
12.946361,1726,-2122,641,139.988
12.952118,1725,-2124,642,139.988
12.956491,1724,-2124,641,139.988
12.961104,1722,-2124,636,139.988
12.966652,1720,-2124,631,139.988
12.971119,1720,-2124,626,139.988
12.976756,1720,-2121,624,139.988
12.981246,1721,-2118,625,139.988
12.986879,1723,-2116,629,139.988
12.991370,1723,-2113,634,139.988
12.997091,1723,-2112,639,139.988
13.001475,1724,-2111,643,139.988
13.005615,1723,-2111,645,139.988
13.011351,1722,-2111,644,139.988
13.016007,1723,-2112,642,139.988
13.021728,1723,-2116,639,139.988
13.026226,1725,-2117,635,139.988
13.031887,1726,-2118,633,139.988
13.036271,1726,-2120,631,139.988
13.040719,1726,-2121,631,139.993
13.046423,1725,-2120,631,139.993
13.050890,1724,-2122,632,139.993
13.056702,1724,-2122,631,139.993
13.061048,1725,-2122,627,139.993
13.066868,1726,-2123,627,139.993
13.071204,1726,-2121,624,139.993
13.076896,1726,-2119,622,139.993
13.081303,1726,-2118,620,139.993
13.085706,1726,-2116,616,139.993
13.091455,1728,-2114,612,139.993
13.095815,1730,-2112,614,139.993
13.101597,1731,-2110,617,139.993
13.105965,1731,-2107,625,139.993
13.111704,1729,-2105,635,139.993
13.116078,1727,-2103,642,139.988
13.120530,1724,-2103,649,139.988
13.126195,1722,-2103,651,139.988
13.130701,1722,-2104,651,139.988
13.136064,1722,-2105,651,139.982
13.140740,1723,-2106,649,139.982
13.146481,1725,-2105,649,139.982
13.151080,1726,-2105,651,139.982
13.156686,1728,-2106,651,139.982
13.161067,1729,-2107,651,139.982
13.165450,1730,-2109,649,139.982
13.171212,1730,-2112,645,139.982
13.175792,1730,-2114,643,139.982
13.181116,1730,-2115,642,139.982
13.185772,1728,-2116,642,139.982
13.191502,1727,-2117,641,139.982
13.195878,1726,-2116,641,139.982
13.200283,1726,-2116,640,139.982
13.206096,1726,-2114,639,139.982
13.210416,1728,-2113,641,139.982
13.216117,1729,-2112,642,139.982
13.220585,1728,-2110,642,139.982
13.226246,1728,-2109,643,139.977
13.230745,1727,-2108,645,139.977
13.236390,1724,-2106,644,139.977
13.240874,1721,-2104,642,139.977
13.245290,1719,-2103,642,139.977
13.250959,1717,-2102,639,139.977
13.255466,1717,-2102,638,139.977
13.261089,1715,-2102,637,139.977
13.265584,1714,-2102,639,139.977
13.271233,1712,-2102,640,139.982
13.275701,1710,-2103,642,139.982
13.280061,1711,-2107,642,139.982
13.285823,1713,-2108,639,139.982
13.290211,1715,-2109,636,139.982
13.295898,1715,-2110,635,139.982
13.300363,1715,-2109,632,139.977
13.306092,1715,-2108,630,139.977
13.310504,1715,-2106,629,139.977
13.316221,1714,-2104,627,139.977
13.320645,1714,-2103,626,139.977
13.325087,1715,-2101,624,139.977
13.330773,1715,-2102,623,139.977
13.335169,1715,-2102,621,139.977
13.340874,1717,-2103,621,139.977
13.345255,1717,-2104,621,139.977
13.351092,1716,-2106,620,139.977
13.355428,1716,-2109,620,139.977
13.359853,1716,-2111,623,139.977
13.365637,1717,-2113,622,139.977
13.370040,1717,-2115,622,139.977
13.375851,1717,-2116,623,139.977
13.380222,1718,-2115,622,139.977
13.385889,1717,-2115,622,139.977
13.390268,1718,-2113,620,139.977
13.396117,1719,-2111,618,139.977
13.400386,1721,-2110,618,139.977
13.404794,1722,-2109,617,139.977
13.410544,1723,-2111,620,139.977
13.414982,1723,-2112,624,139.977
13.420710,1722,-2111,626,139.977
13.425063,1722,-2110,627,139.977
13.430807,1723,-2106,627,139.977
13.435271,1722,-2103,626,139.977
13.439640,1724,-2103,627,139.977
13.445394,1724,-2102,630,139.977
13.449774,1724,-2102,636,139.977
13.455469,1724,-2103,643,139.977
13.460081,1724,-2101,647,139.971
13.465594,1724,-2100,648,139.971
13.470065,1725,-2100,647,139.971
13.475736,1725,-2100,646,139.971
13.480192,1725,-2101,644,139.971
13.484631,1725,-2101,643,139.971
13.490316,1724,-2101,643,139.971
13.494766,1724,-2101,643,139.971
13.500457,1723,-2101,644,139.971
13.504903,1723,-2101,644,139.971
13.510613,1723,-2101,646,139.971
13.515039,1725,-2103,646,139.971
13.519388,1725,-2104,646,139.971
13.525138,1725,-2105,647,139.971
13.529506,1724,-2106,650,139.971
13.535238,1722,-2104,650,139.971
13.539762,1721,-2103,649,139.966
13.545417,1721,-2102,647,139.966
13.549827,1722,-2101,643,139.966
13.555575,1724,-2101,641,139.966
13.560009,1725,-2101,638,139.960
13.564399,1725,-2102,636,139.960
13.570109,1725,-2103,632,139.960
13.574499,1725,-2103,628,139.960
13.580202,1725,-2103,628,139.960
13.584658,1724,-2105,628,139.960
13.590183,1724,-2107,627,139.960
13.594795,1725,-2109,633,139.960
13.599174,1727,-2111,637,139.960
13.604952,1729,-2113,642,139.955
13.609319,1731,-2111,647,139.955
13.615044,1731,-2110,650,139.955
13.619459,1732,-2110,653,139.955
13.625045,1733,-2112,654,139.955
13.629617,1733,-2115,655,139.955
13.635382,1733,-2119,652,139.955
13.639706,1733,-2121,649,139.955
13.644163,1733,-2123,645,139.955
13.649837,1733,-2124,641,139.955
13.654327,1733,-2122,642,139.949
13.659982,1731,-2121,641,139.949
13.664437,1729,-2120,642,139.949
13.670092,1726,-2120,641,139.949
13.674541,1725,-2122,642,139.949
13.678847,1724,-2123,641,139.949
13.684708,1724,-2124,637,139.949
13.689155,1725,-2125,633,139.949
13.694822,1724,-2126,629,139.949
13.699246,1724,-2126,626,139.949
13.704758,1724,-2126,627,139.955
13.709398,1723,-2125,631,139.955
13.715103,1724,-2123,633,139.955
13.719520,1725,-2119,634,139.960
13.723947,1724,-2118,634,139.960
13.729667,1724,-2116,634,139.960
13.734093,1723,-2115,632,139.960
13.739774,1721,-2115,630,139.966
13.744216,1721,-2115,625,139.966
13.749964,1721,-2114,622,139.966
13.754343,1721,-2113,618,139.966
13.758911,1721,-2111,613,139.966
13.764496,1721,-2108,610,139.966
13.768885,1721,-2105,608,139.960
13.774601,1722,-2104,608,139.960
13.779080,1722,-2104,610,139.960
13.784727,1723,-2106,612,139.960
13.789143,1725,-2109,616,139.960
13.794903,1727,-2111,618,139.960
13.799292,1731,-2111,620,139.960
13.803746,1733,-2111,620,139.960
13.809605,1733,-2110,623,139.960
13.813845,1732,-2109,626,139.955
13.819512,1731,-2107,626,139.955
13.823985,1729,-2106,627,139.955
13.829696,1728,-2104,628,139.955
13.834131,1728,-2103,628,139.955
13.838522,1726,-2103,631,139.955
13.844306,1724,-2103,633,139.955
13.848634,1722,-2104,636,139.955
13.854336,1720,-2104,637,139.955
13.858805,1720,-2105,637,139.955
13.864525,1721,-2104,636,139.949
13.868801,1723,-2104,634,139.949
13.874674,1724,-2104,636,139.949
13.879083,1724,-2104,638,139.955
13.883468,1723,-2104,638,139.955
13.889212,1721,-2104,639,139.955
13.893647,1717,-2106,639,139.955
13.899375,1715,-2109,638,139.955
13.903791,1714,-2111,640,139.955
13.909463,1712,-2113,641,139.955
13.913889,1712,-2114,641,139.955
13.918349,1714,-2115,641,139.960
13.924059,1717,-2117,639,139.960
13.928445,1718,-2117,640,139.960
13.934112,1720,-2116,639,139.960
13.938625,1720,-2114,641,139.960
13.944273,1720,-2111,646,139.960
13.948724,1722,-2110,648,139.955
13.954476,1724,-2111,650,139.955
13.958862,1727,-2112,653,139.955
13.963302,1728,-2113,652,139.955
13.969041,1727,-2113,649,139.955
13.973588,1725,-2111,649,139.955
13.979139,1724,-2109,645,139.955
13.983484,1723,-2107,643,139.955
13.989297,1723,-2106,639,139.955
13.993775,1723,-2106,634,139.955
13.998123,1723,-2105,631,139.955
14.003858,1723,-2106,631,139.955
14.007987,1723,-2107,630,139.955
14.013724,1722,-2108,632,139.955
14.018390,1722,-2109,635,139.955
14.024095,1723,-2111,637,139.955
14.028180,1723,-2111,637,139.955
14.034230,1725,-2112,636,139.955
14.038670,1725,-2111,632,139.955
14.043107,1725,-2111,628,139.955
14.048767,1726,-2110,626,139.955
14.053191,1726,-2111,624,139.955
14.058909,1727,-2111,628,139.955
14.063338,1727,-2111,633,139.955
14.068897,1726,-2111,637,139.955
14.073458,1725,-2111,639,139.949
14.077900,1724,-2113,641,139.949
14.083709,1724,-2116,639,139.955
14.088064,1725,-2116,636,139.955
14.093714,1726,-2117,633,139.955
14.098198,1727,-2116,629,139.955
14.103866,1728,-2116,625,139.955
14.108346,1729,-2115,621,139.955
14.114021,1729,-2116,617,139.955
14.118444,1731,-2115,616,139.955
14.122918,1732,-2116,616,139.955
14.128571,1732,-2117,619,139.955
14.133032,1733,-2118,620,139.955
14.138704,1731,-2121,619,139.955
14.143111,1729,-2122,621,139.955
14.148824,1727,-2123,622,139.955
14.153343,1724,-2123,623,139.955
14.157641,1723,-2121,624,139.955
14.163590,1723,-2120,625,139.955
14.167845,1723,-2118,630,139.955
14.173499,1725,-2116,634,139.955
14.178142,1728,-2114,636,139.949
14.183745,1731,-2112,640,139.949
14.188031,1734,-2110,643,139.949
14.193644,1735,-2109,643,139.949
14.198241,1738,-2110,642,139.949
14.202591,1740,-2112,642,139.949
14.208372,1742,-2114,640,139.949
14.212765,1744,-2116,640,139.944
14.218474,1744,-2117,642,139.944
14.222900,1745,-2119,643,139.944
14.228655,1745,-2119,644,139.944
14.233060,1742,-2117,645,139.944
14.237451,1740,-2113,643,139.944
14.243367,1739,-2109,641,139.944
14.247754,1738,-2106,638,139.938
14.253242,1736,-2103,636,139.938
14.257755,1734,-2100,634,139.938
14.263439,1732,-2099,631,139.938
14.267844,1731,-2100,626,139.938
14.273563,1732,-2101,621,139.938
14.278041,1734,-2102,618,139.933
14.282449,1736,-2105,619,139.933
14.288147,1739,-2106,621,139.933
14.292554,1741,-2106,623,139.933
14.298239,1742,-2106,627,139.927
14.302846,1743,-2103,627,139.927
14.308267,1742,-2102,627,139.927
14.312825,1740,-2100,628,139.922
14.317249,1738,-2098,628,139.922
14.322947,1736,-2098,628,139.922
14.327388,1734,-2098,631,139.922
14.333101,1732,-2100,630,139.922
14.337489,1732,-2102,630,139.922
14.343148,1732,-2104,628,139.922
14.347805,1732,-2105,629,139.922
14.353337,1730,-2106,629,139.922
14.357794,1729,-2106,632,139.922
14.362400,1729,-2107,634,139.922
14.367895,1729,-2107,634,139.922
14.372365,1730,-2108,633,139.922
14.378018,1730,-2107,633,139.922
14.382465,1730,-2107,630,139.916
14.388160,1729,-2106,632,139.916
14.392620,1727,-2106,631,139.916
14.397011,1727,-2106,630,139.916
14.402781,1727,-2107,632,139.911
14.407172,1725,-2109,634,139.911
14.412872,1724,-2111,638,139.911
14.417287,1724,-2113,644,139.911
14.422996,1724,-2114,649,139.911
14.427495,1726,-2116,650,139.911
14.433169,1726,-2116,650,139.911
14.437597,1726,-2116,649,139.916
14.441983,1725,-2115,645,139.916
14.447711,1724,-2113,642,139.916
14.452145,1724,-2112,638,139.916
14.457832,1724,-2110,633,139.916
14.462265,1724,-2109,630,139.922
14.468026,1724,-2108,627,139.922
14.472454,1724,-2107,624,139.922
14.476826,1723,-2107,623,139.922
14.482547,1722,-2108,622,139.922
14.486955,1722,-2109,622,139.922
14.492617,1722,-2109,621,139.922
14.497097,1723,-2108,619,139.922
14.502828,1724,-2109,621,139.927
14.507190,1725,-2109,622,139.927
14.513020,1725,-2111,621,139.927
14.517307,1723,-2114,621,139.933
14.521748,1722,-2115,623,139.933
14.527436,1718,-2117,625,139.933
14.531901,1716,-2117,628,139.938
14.537599,1715,-2116,630,139.938
14.541976,1715,-2115,632,139.938
14.547727,1714,-2115,633,139.944
14.552145,1716,-2114,636,139.944
14.556570,1717,-2113,638,139.949
14.562320,1716,-2111,635,139.949
14.566721,1714,-2110,632,139.949
14.572421,1712,-2108,629,139.955
14.576874,1710,-2107,628,139.955
14.582543,1708,-2105,630,139.960
14.587009,1707,-2104,634,139.960
14.592698,1705,-2101,639,139.966
14.597111,1705,-2100,642,139.966
14.601481,1706,-2099,640,139.971
14.607242,1707,-2098,637,139.971
14.611725,1707,-2099,629,139.977
14.617374,1708,-2099,622,139.977
14.621789,1709,-2098,618,139.977
14.627523,1709,-2098,615,139.982
14.631946,1709,-2098,614,139.982
14.636434,1709,-2097,615,139.982
14.642114,1709,-2095,617,139.988
14.646494,1706,-2094,620,139.988
14.652165,1703,-2092,622,139.988
14.656651,1700,-2091,625,139.988
14.662343,1698,-2088,628,139.988
14.666774,1698,-2087,627,139.993
14.672451,1701,-2085,628,139.993
14.676917,1704,-2083,630,139.993
14.681294,1707,-2082,633,139.993
14.687046,1709,-2081,638,139.988
14.691474,1711,-2080,641,139.988
14.697289,1711,-2080,643,139.988
14.701536,1710,-2084,641,139.982
14.707442,1710,-2089,639,139.982
14.711720,1707,-2092,638,139.977
14.716120,1706,-2094,640,139.977
14.721868,1706,-2092,642,139.971
14.726271,1706,-2090,645,139.971
14.731977,1706,-2088,646,139.966
14.736418,1707,-2087,645,139.960
14.742116,1707,-2087,645,139.960
14.746550,1705,-2088,644,139.955
14.752241,1706,-2088,644,139.949
14.756672,1708,-2090,645,139.949
14.761093,1710,-2093,644,139.944
14.766798,1712,-2095,645,139.944
14.771243,1713,-2097,648,139.938
14.776933,1715,-2099,653,139.938
14.781340,1718,-2100,655,139.933
14.787065,1719,-2100,655,139.933
14.791513,1719,-2102,655,139.927
14.795988,1718,-2103,652,139.927
14.801616,1716,-2104,652,139.922
14.806126,1714,-2105,654,139.916
14.811748,1715,-2105,651,139.911
14.816198,1716,-2106,647,139.905
14.821864,1717,-2104,641,139.900
14.826315,1718,-2104,634,139.894
14.832051,1719,-2104,630,139.889
14.836526,1719,-2103,625,139.878
14.840872,1720,-2104,621,139.872
14.846600,1722,-2103,619,139.867
14.851080,1723,-2103,617,139.861
14.856758,1724,-2103,615,139.856
14.861187,1726,-2102,614,139.850
14.866848,1727,-2103,614,139.845
14.871318,1727,-2103,615,139.839
14.875701,1727,-2103,616,139.839
14.881443,1726,-2102,615,139.834
14.885849,1725,-2100,613,139.834
14.891500,1724,-2099,613,139.834
14.895940,1723,-2099,611,139.834
14.901686,1723,-2098,612,139.834
14.906055,1723,-2101,613,139.834
14.911841,1724,-2104,613,139.839
14.916207,1725,-2105,615,139.839
14.920640,1726,-2107,615,139.845
14.926112,1727,-2110,616,139.845
14.930803,1728,-2113,619,139.850
14.936459,1727,-2116,623,139.850
14.941075,1727,-2118,628,139.856
14.946791,1726,-2118,629,139.856
14.951067,1725,-2118,627,139.861
14.955430,1723,-2117,627,139.867
14.961229,1723,-2116,625,139.872
14.965622,1720,-2115,626,139.872
14.971318,1719,-2116,629,139.878
14.975774,1719,-2115,630,139.883
14.981442,1717,-2115,630,139.883
14.985892,1717,-2117,629,139.889
14.991603,1716,-2117,627,139.889
14.996076,1716,-2117,627,139.894
15.000454,1716,-2117,629,139.894
15.005857,1716,-2114,631,139.894
15.010314,1716,-2111,634,139.894
15.016269,1715,-2111,634,139.894
15.020659,1717,-2110,634,139.894
15.026462,1717,-2111,634,139.894
15.030541,1717,-2111,631,139.894
15.035252,1717,-2111,629,139.889
15.041070,1716,-2111,629,139.889
15.045362,1715,-2110,631,139.883
15.051142,1714,-2109,632,139.883
15.055551,1714,-2108,635,139.878
15.061181,1714,-2107,636,139.872
15.065680,1713,-2105,636,139.867
15.071333,1713,-2106,635,139.867
15.075838,1712,-2107,634,139.861
15.080228,1711,-2107,631,139.856
15.085971,1710,-2109,630,139.850
15.090432,1710,-2111,629,139.845
15.096012,1710,-2114,629,139.839
15.100640,1712,-2118,629,139.834
15.106186,1714,-2121,628,139.828
15.110620,1714,-2122,626,139.828
15.115059,1715,-2123,625,139.823
15.120765,1715,-2123,621,139.818
15.124961,1715,-2123,620,139.812
15.130919,1715,-2123,619,139.807
15.135313,1715,-2124,617,139.801
15.141054,1715,-2124,617,139.801
15.145421,1715,-2125,616,139.796
15.151138,1715,-2124,614,139.796
15.155594,1716,-2124,612,139.790
15.160041,1718,-2126,611,139.790
15.165719,1720,-2128,609,139.785
15.170105,1722,-2129,607,139.785
15.175899,1725,-2131,605,139.785
15.180275,1728,-2134,602,139.785
15.185997,1729,-2136,600,139.779
15.190431,1730,-2136,595,139.779
15.194864,1731,-2137,593,139.779
15.200569,1732,-2136,592,139.779
15.205017,1733,-2137,592,139.779
15.210613,1733,-2138,592,139.779
15.215113,1734,-2137,595,139.779
15.220845,1734,-2137,599,139.774
15.225247,1735,-2137,603,139.774
15.230976,1735,-2137,607,139.774
15.235370,1736,-2139,611,139.774
15.239745,1737,-2142,613,139.774
15.245495,1739,-2145,615,139.768
15.249931,1740,-2147,611,139.768
15.255626,1740,-2149,608,139.768
15.260075,1740,-2152,604,139.763
15.265783,1739,-2153,601,139.757
15.270193,1739,-2154,600,139.757
15.274606,1739,-2155,597,139.752
15.280361,1740,-2155,594,139.752
15.284748,1741,-2153,593,139.746
15.290447,1742,-2153,591,139.746
15.294910,1745,-2153,593,139.741
15.300748,1746,-2152,592,139.735
15.305015,1748,-2152,590,139.735
15.310727,1748,-2153,588,139.730
15.315167,1747,-2154,583,139.730
15.319576,1748,-2154,579,139.724
15.325458,1747,-2154,577,139.724
15.329772,1748,-2152,574,139.719
15.335410,1748,-2150,572,139.719
15.339818,1749,-2148,573,139.719
15.345537,1749,-2146,573,139.719
15.349968,1748,-2145,575,139.719
15.354398,1747,-2143,577,139.719
15.360121,1746,-2142,579,139.724
15.364673,1745,-2142,580,139.724
15.370210,1744,-2142,583,139.730
15.374667,1745,-2142,583,139.730
15.380370,1746,-2141,586,139.735
15.384801,1746,-2139,584,139.741
15.390484,1745,-2137,580,139.741
15.395110,1744,-2135,576,139.746
15.399394,1742,-2134,574,139.752
15.405075,1741,-2133,574,139.757
15.409530,1739,-2133,575,139.763
15.415325,1739,-2134,575,139.768
15.419619,1740,-2135,575,139.779
15.425287,1741,-2137,573,139.785
15.429778,1742,-2138,572,139.796
15.434174,1740,-2137,573,139.801
15.439903,1738,-2136,575,139.812
15.444331,1739,-2134,578,139.823
15.449992,1740,-2131,582,139.834
15.454517,1743,-2129,583,139.839
15.460145,1745,-2127,583,139.850
15.464568,1746,-2127,581,139.861
15.470297,1747,-2128,577,139.867
15.474728,1747,-2129,577,139.878
15.479121,1746,-2128,580,139.883
15.484981,1743,-2127,586,139.894
15.489322,1740,-2126,592,139.900
15.494969,1738,-2125,597,139.905
15.499403,1736,-2124,599,139.916
15.505131,1735,-2124,601,139.922
15.509543,1734,-2124,602,139.927
15.514001,1735,-2124,603,139.927
15.519695,1735,-2125,602,139.933
15.524096,1736,-2126,600,139.938
15.529769,1737,-2127,599,139.944
15.534213,1739,-2127,601,139.944
15.539966,1740,-2128,603,139.949
15.544373,1739,-2129,606,139.949
15.550086,1737,-2128,611,139.949
15.554521,1735,-2127,615,139.949
15.558925,1733,-2124,616,139.949
15.564650,1733,-2123,617,139.955
15.569073,1733,-2123,620,139.955
15.574697,1732,-2123,621,139.955
15.579193,1731,-2122,623,139.955
15.584928,1732,-2122,625,139.955
15.589324,1733,-2123,627,139.949
15.593728,1734,-2122,628,139.949
15.599466,1734,-2122,625,139.949
15.603898,1735,-2121,623,139.949
15.609573,1737,-2119,619,139.944
15.614042,1738,-2119,615,139.944
15.619691,1740,-2120,611,139.938
15.624186,1741,-2119,609,139.938
15.629813,1741,-2117,609,139.933
15.634296,1740,-2115,609,139.927
15.638697,1739,-2115,610,139.927
15.644403,1738,-2115,613,139.922
15.648854,1738,-2116,617,139.916
15.654514,1737,-2116,622,139.916
15.659019,1737,-2117,623,139.911
15.664757,1733,-2117,624,139.905
15.669283,1730,-2117,624,139.900
15.673519,1728,-2119,622,139.894
15.679266,1726,-2120,620,139.889
15.683677,1726,-2122,619,139.883
15.689362,1727,-2121,614,139.878
15.693805,1729,-2121,609,139.872
15.699492,1730,-2122,608,139.872
15.703946,1731,-2121,605,139.867
15.709620,1731,-2121,607,139.861
15.714063,1731,-2121,609,139.861
15.718441,1733,-2122,609,139.856
15.724198,1736,-2123,611,139.856
15.728792,1736,-2123,612,139.850
15.734319,1738,-2124,614,139.845
15.738797,1739,-2125,613,139.845
15.744481,1738,-2125,616,139.839
15.748950,1739,-2128,615,139.834
15.753305,1739,-2130,614,139.834
15.759046,1739,-2132,617,139.828
15.763493,1738,-2134,616,139.828
15.769141,1738,-2135,616,139.828
15.773605,1739,-2136,616,139.828
15.779307,1741,-2138,615,139.828
15.783684,1742,-2140,614,139.828
15.789420,1742,-2141,614,139.828
15.793881,1742,-2142,614,139.828
15.798266,1743,-2142,615,139.834
15.804010,1743,-2141,618,139.834
15.808421,1745,-2141,620,139.839
15.814099,1746,-2139,622,139.839
15.818520,1746,-2139,624,139.845
15.824248,1748,-2139,625,139.845
15.828682,1749,-2140,625,139.850
15.833094,1749,-2140,626,139.850
15.838823,1750,-2140,629,139.850
15.843223,1751,-2139,627,139.856
15.848966,1754,-2137,622,139.856
15.853383,1756,-2135,616,139.856
15.859035,1757,-2135,610,139.856
15.863488,1757,-2135,605,139.856
15.869220,1757,-2134,601,139.856
15.873626,1755,-2134,601,139.856
15.878060,1756,-2137,601,139.856
15.883760,1757,-2138,603,139.856
15.888237,1757,-2139,605,139.856
15.893903,1756,-2139,605,139.856
15.898319,1755,-2138,607,139.850
15.904060,1754,-2138,609,139.850
15.908296,1753,-2138,611,139.850
15.912917,1755,-2139,614,139.845
15.918619,1757,-2141,617,139.845
15.923063,1757,-2141,617,139.839
15.928664,1758,-2141,616,139.839
15.933172,1758,-2140,615,139.839
15.938853,1758,-2139,613,139.834
15.943260,1757,-2139,612,139.834
15.948966,1756,-2139,611,139.834
15.953359,1756,-2140,611,139.834
15.957798,1757,-2140,612,139.834
15.963594,1758,-2139,612,139.834
15.967978,1759,-2138,613,139.834
15.973654,1759,-2138,615,139.834
15.978070,1758,-2138,612,139.834
15.983847,1758,-2138,608,139.834
15.988256,1757,-2139,605,139.834
15.992651,1756,-2141,605,139.834
15.998169,1757,-2143,604,139.834
16.002495,1757,-2143,605,139.834
16.008217,1756,-2144,606,139.834
16.012679,1753,-2146,606,139.834
16.018312,1751,-2148,605,139.834
16.022766,1748,-2150,604,139.834
16.028510,1746,-2151,603,139.834
16.032922,1745,-2151,603,139.834
16.037341,1744,-2151,600,139.834
16.043386,1744,-2151,600,139.828
16.047737,1744,-2153,599,139.828
16.053432,1744,-2155,597,139.828
16.057900,1744,-2155,597,139.828
16.063595,1744,-2154,600,139.828
16.068060,1744,-2153,603,139.828
16.072426,1744,-2153,607,139.828
16.078202,1743,-2153,610,139.834
16.082608,1743,-2152,610,139.834
16.088254,1746,-2151,607,139.834
16.092814,1748,-2150,603,139.834
16.098439,1749,-2149,601,139.834
16.102918,1751,-2149,601,139.839
16.108561,1753,-2149,602,139.839
16.113179,1753,-2149,605,139.839
16.117428,1754,-2148,605,139.845
16.123120,1754,-2147,605,139.845
16.127507,1753,-2145,604,139.845
16.133370,1753,-2145,601,139.850
16.137639,1755,-2145,599,139.850
16.143354,1757,-2146,593,139.850
16.147829,1757,-2144,588,139.856
16.152207,1755,-2142,585,139.856
16.158069,1753,-2140,584,139.861
16.162419,1750,-2139,583,139.861
16.168089,1749,-2140,582,139.867
16.172493,1749,-2140,582,139.867
16.178221,1749,-2142,584,139.867
16.182646,1750,-2142,588,139.872
16.188406,1749,-2142,591,139.872
16.192798,1750,-2141,596,139.872
16.197279,1750,-2139,597,139.872
16.202956,1750,-2137,597,139.872
16.207399,1751,-2136,597,139.872
16.213090,1753,-2135,597,139.872
16.217455,1752,-2136,593,139.872
16.223179,1753,-2136,592,139.867
16.227773,1753,-2136,592,139.867
16.232038,1755,-2135,589,139.861
16.237764,1756,-2134,588,139.861
16.242166,1759,-2133,591,139.861
16.247813,1759,-2135,591,139.856
16.252267,1759,-2136,595,139.856
16.257959,1761,-2137,600,139.856
16.262402,1760,-2136,600,139.856
16.268138,1761,-2136,603,139.850
16.272545,1760,-2135,604,139.850
16.276812,1758,-2134,603,139.850
16.282771,1758,-2134,604,139.850
16.287122,1759,-2134,606,139.850
16.292870,1761,-2134,608,139.850
16.297243,1762,-2137,610,139.845
16.303117,1762,-2139,611,139.845
16.307393,1760,-2141,611,139.845
16.311811,1759,-2142,612,139.839
16.317568,1757,-2142,612,139.839
16.321953,1754,-2142,613,139.839
16.327564,1753,-2144,614,139.839
16.332111,1753,-2145,612,139.839
16.337728,1752,-2144,609,139.839
16.342250,1753,-2144,607,139.839
16.347965,1754,-2143,604,139.845
16.352358,1756,-2142,604,139.845
16.356752,1757,-2142,606,139.845
16.362622,1758,-2143,607,139.850
16.366912,1761,-2143,608,139.850
16.372644,1762,-2143,610,139.850
16.377076,1763,-2143,609,139.856
16.382720,1763,-2143,609,139.856
16.387146,1762,-2142,610,139.861
16.391574,1760,-2142,609,139.867
16.397365,1756,-2142,609,139.867
16.401730,1754,-2142,607,139.872
16.407438,1752,-2142,606,139.878
16.411915,1751,-2142,608,139.883
16.417552,1752,-2142,607,139.889
16.422058,1751,-2141,608,139.894
16.427746,1751,-2140,608,139.900
16.432101,1752,-2139,609,139.900
16.436553,1750,-2139,612,139.905
16.442211,1749,-2139,616,139.905
16.446640,1749,-2140,621,139.905
16.452369,1748,-2142,624,139.905
16.456759,1747,-2144,624,139.911
16.462533,1749,-2145,623,139.911
16.467115,1749,-2145,621,139.911
16.471369,1746,-2144,620,139.916
16.477110,1744,-2143,623,139.916
16.481530,1741,-2143,623,139.916
16.487219,1741,-2144,625,139.922
16.491590,1740,-2144,624,139.922
16.497305,1741,-2144,622,139.922
16.501837,1743,-2144,619,139.922
16.507318,1744,-2142,619,139.927
16.511928,1745,-2141,622,139.927
16.516327,1745,-2139,625,139.933
16.522045,1745,-2139,627,139.933
16.526445,1745,-2139,629,139.933
16.532174,1745,-2139,631,139.938
16.536588,1744,-2140,630,139.938
16.542324,1743,-2139,629,139.938
16.546701,1742,-2140,629,139.938
16.551109,1742,-2139,627,139.944
16.556835,1743,-2136,625,139.944
16.561292,1743,-2135,624,139.944
16.566993,1743,-2133,626,139.949
16.571311,1743,-2133,629,139.949
16.577123,1741,-2135,631,139.949
16.581632,1740,-2137,632,139.949
16.587270,1740,-2139,634,139.955
16.591700,1740,-2140,632,139.955
16.596103,1742,-2139,632,139.955
16.601818,1744,-2139,631,139.955
16.606249,1745,-2138,630,139.955
16.611967,1745,-2138,630,139.955
16.616360,1745,-2140,629,139.960
16.622065,1742,-2140,629,139.960
16.626432,1739,-2140,629,139.960
16.630869,1736,-2141,628,139.960
16.636643,1734,-2139,629,139.960
16.641068,1733,-2136,630,139.960
16.646764,1732,-2134,629,139.960
16.651218,1732,-2134,630,139.960
16.656869,1733,-2134,632,139.960
16.661471,1734,-2135,632,139.955
16.667065,1736,-2136,635,139.955
16.671473,1735,-2133,637,139.955
16.675876,1734,-2131,638,139.955
16.681590,1734,-2129,641,139.949
16.686041,1733,-2127,643,139.949
16.691719,1732,-2127,643,139.949
16.696136,1731,-2128,645,139.949
16.701878,1730,-2130,645,139.949
16.706291,1730,-2132,645,139.944
16.710740,1729,-2133,646,139.944
16.716438,1729,-2133,648,139.944
16.720854,1727,-2132,643,139.944
16.726524,1725,-2131,641,139.944
16.731042,1722,-2129,640,139.944
16.736700,1721,-2128,641,139.949
16.741083,1719,-2125,646,139.949
16.746790,1720,-2124,649,139.955
16.751157,1719,-2123,649,139.955
16.755702,1719,-2123,650,139.960
16.761377,1719,-2121,648,139.960
16.765842,1720,-2120,646,139.966
16.771496,1721,-2120,645,139.971
16.775921,1721,-2120,641,139.977
16.781691,1722,-2121,639,139.982
16.786089,1723,-2121,638,139.988
16.790488,1723,-2120,634,139.993
16.796194,1723,-2119,632,139.999
16.800624,1724,-2117,627,140.004
16.806312,1726,-2119,625,140.004
16.810740,1727,-2121,623,140.010
16.816473,1726,-2122,626,140.010
16.820946,1725,-2124,632,140.015
16.826599,1725,-2124,638,140.015
16.831013,1726,-2124,641,140.015
16.835423,1727,-2124,644,140.015
16.841169,1728,-2125,646,140.010
16.845570,1730,-2125,647,140.010
16.851298,1730,-2124,648,140.010
16.855684,1731,-2124,650,140.010
16.861452,1732,-2123,652,140.010
16.866013,1731,-2121,651,140.010
16.870248,1730,-2120,648,140.010
16.876009,1730,-2118,644,140.010
16.880440,1729,-2118,638,140.010
16.886116,1729,-2116,634,140.010
16.890596,1728,-2116,631,140.010
16.896227,1727,-2117,631,140.010
16.900839,1726,-2118,629,140.010
16.906213,1725,-2118,630,140.010
16.910846,1723,-2119,629,140.010
16.915223,1723,-2119,628,140.010
16.920928,1721,-2118,631,140.010
16.925379,1719,-2118,634,140.010
16.931085,1717,-2117,635,140.010
16.935462,1715,-2117,636,140.010
16.941267,1714,-2116,639,140.010
16.945650,1714,-2116,641,140.010
16.950074,1715,-2116,645,140.010
16.955757,1715,-2116,648,140.004
16.960227,1715,-2116,649,140.004
16.965904,1715,-2115,651,140.004
16.970367,1715,-2113,653,140.004
16.976021,1716,-2113,653,140.004
16.980513,1716,-2113,654,139.999
16.986193,1716,-2114,654,139.999
16.990713,1716,-2116,652,139.999
16.995017,1715,-2118,651,139.999
17.000692,1716,-2120,651,139.999
17.004839,1716,-2120,650,139.999
17.010670,1716,-2119,650,139.999
17.015265,1714,-2117,649,139.999
17.020980,1714,-2115,645,140.004
17.025484,1714,-2115,643,140.004
17.029531,1714,-2115,640,140.004
17.035598,1715,-2115,639,140.004
17.039961,1715,-2114,638,140.004
17.045659,1715,-2113,640,140.004
17.050152,1716,-2113,641,140.004
17.055851,1716,-2111,643,140.004
17.060225,1716,-2112,645,140.004
17.065976,1718,-2112,645,140.004
17.070398,1721,-2112,644,140.004
17.074841,1724,-2112,642,140.004
17.080570,1727,-2112,641,140.004
17.085020,1730,-2113,640,140.004
17.090719,1731,-2113,640,140.004
17.095102,1731,-2111,642,139.999
17.100774,1730,-2109,641,139.999
17.105218,1727,-2106,638,139.999
17.109588,1727,-2103,634,139.993
17.115365,1728,-2102,630,139.993
17.119758,1729,-2099,628,139.988
17.125510,1731,-2098,630,139.982
17.129892,1732,-2098,631,139.977
17.135620,1731,-2098,630,139.971
17.140008,1730,-2101,628,139.966
17.145786,1728,-2102,621,139.960
17.150159,1728,-2103,612,139.955
17.154602,1729,-2103,604,139.949
17.160289,1729,-2103,597,139.944
17.164900,1729,-2103,592,139.938
17.170419,1729,-2101,587,139.933
17.174872,1728,-2101,586,139.922
17.180576,1728,-2102,589,139.916
17.185092,1727,-2104,591,139.911
17.189444,1725,-2106,596,139.905
17.195115,1724,-2108,601,139.894
17.199610,1721,-2110,608,139.889
17.205294,1719,-2113,612,139.883
17.209690,1716,-2114,616,139.878
17.215402,1714,-2115,619,139.872
17.219833,1715,-2115,618,139.861
17.225556,1716,-2115,616,139.856
17.229975,1719,-2115,615,139.850
17.234368,1722,-2116,613,139.845
17.240059,1724,-2117,613,139.845
17.244505,1725,-2119,615,139.839
17.250226,1725,-2121,616,139.839
17.254475,1725,-2123,615,139.839
17.260418,1726,-2126,616,139.839
17.264851,1727,-2130,619,139.845
17.269202,1728,-2134,622,139.850
17.274941,1729,-2137,623,139.856
17.279512,1730,-2139,624,139.867
17.285037,1730,-2140,624,139.878
17.289462,1731,-2140,623,139.894
17.295202,1732,-2140,625,139.911
17.299587,1732,-2141,627,139.927
17.305333,1733,-2141,629,139.944
17.309755,1734,-2141,628,139.960
17.314228,1734,-2141,624,139.982
17.319883,1736,-2140,621,139.999
17.324297,1737,-2139,619,140.015
17.330040,1737,-2138,621,140.037
17.334446,1737,-2138,624,140.054
17.340302,1739,-2140,626,140.070
17.344572,1741,-2140,628,140.087
17.348977,1742,-2140,627,140.098
17.354731,1744,-2137,622,140.114
17.359126,1744,-2133,618,140.125
17.364843,1743,-2129,614,140.136
17.369422,1743,-2126,613,140.147
17.374756,1741,-2127,613,140.153
17.379397,1741,-2128,613,140.164
17.385124,1740,-2129,612,140.169
17.389549,1739,-2130,609,140.180
17.393953,1740,-2132,609,140.180
17.399683,1741,-2131,610,140.186
17.404095,1740,-2131,614,140.191
17.409811,1740,-2130,620,140.191
17.414216,1739,-2129,624,140.186
17.419964,1736,-2128,631,140.180
17.424369,1733,-2127,635,140.175
17.428779,1732,-2127,640,140.169
17.434497,1730,-2127,643,140.164
17.438946,1728,-2129,646,140.153
17.444604,1725,-2130,649,140.147
17.449112,1722,-2131,653,140.136
17.454748,1719,-2131,655,140.131
17.459180,1715,-2130,653,140.125
17.464909,1714,-2129,651,140.114
17.469323,1713,-2127,647,140.109
17.473707,1713,-2124,644,140.109
17.479448,1713,-2121,646,140.103
17.483870,1714,-2118,647,140.103
17.489575,1714,-2115,649,140.098
17.494009,1714,-2111,649,140.098
17.499770,1716,-2110,651,140.092
17.504112,1717,-2108,649,140.087
17.508507,1719,-2106,647,140.081
17.514298,1719,-2104,647,140.076
17.518677,1717,-2103,647,140.070
17.524375,1717,-2104,647,140.059
17.528856,1717,-2103,646,140.054
17.534565,1715,-2102,645,140.048
17.538983,1716,-2101,641,140.043
17.544706,1717,-2099,638,140.037
17.549115,1719,-2099,636,140.032
17.553523,1719,-2100,634,140.021
17.559214,1720,-2100,632,140.015
17.563669,1720,-2100,628,140.004
17.569368,1719,-2097,623,139.999
17.573799,1717,-2094,620,139.988
17.579506,1716,-2094,617,139.982
17.583967,1714,-2094,614,139.971
17.588335,1715,-2097,612,139.966
17.594094,1714,-2101,607,139.955
17.598545,1714,-2104,603,139.949
17.604348,1714,-2106,602,139.938
17.608656,1714,-2107,605,139.933
17.614315,1714,-2108,607,139.933
17.618752,1717,-2108,610,139.927
17.624469,1721,-2110,611,139.922
17.628863,1725,-2111,607,139.922
17.633350,1725,-2112,607,139.922
17.639069,1726,-2113,606,139.927
17.643450,1726,-2115,604,139.927
17.649145,1726,-2117,606,139.933
17.653599,1726,-2119,608,139.938
17.659298,1725,-2119,609,139.944
17.663712,1725,-2119,613,139.949
17.668132,1726,-2120,617,139.955
17.673863,1726,-2121,621,139.960
17.678273,1725,-2122,623,139.966
17.683965,1724,-2124,626,139.971
17.688422,1723,-2123,629,139.971
17.694087,1724,-2122,630,139.971
17.698585,1725,-2121,632,139.971
17.704285,1727,-2120,630,139.971
17.708690,1728,-2119,630,139.966
17.713057,1728,-2118,629,139.966
17.718826,1728,-2118,627,139.960
17.723248,1726,-2117,627,139.960
17.728968,1723,-2117,626,139.960
17.733313,1721,-2118,626,139.960
17.739058,1719,-2120,629,139.960
17.743463,1719,-2124,628,139.960
17.747919,1718,-2128,626,139.966
17.753804,1717,-2129,624,139.971
17.758068,1719,-2131,620,139.977
17.763794,1722,-2130,618,139.982
17.768217,1725,-2131,617,139.988
17.773903,1728,-2131,615,139.993
17.778319,1728,-2130,613,139.999
17.784153,1727,-2128,610,140.004
17.788505,1727,-2126,608,140.010
17.792838,1725,-2124,604,140.015
17.798600,1724,-2121,602,140.021
17.803042,1724,-2120,602,140.026
17.808513,1725,-2121,601,140.032
17.813139,1726,-2122,602,140.037
17.818925,1727,-2122,604,140.037
17.823279,1728,-2123,603,140.043
17.827706,1728,-2122,604,140.043
17.833404,1729,-2121,606,140.043
17.837879,1730,-2122,610,140.048
17.843514,1730,-2123,614,140.048
17.848044,1731,-2124,615,140.048
17.853605,1730,-2125,616,140.043
17.858111,1728,-2126,616,140.043
17.863878,1724,-2127,617,140.048
17.868266,1722,-2128,619,140.048
17.872824,1720,-2128,624,140.048
17.878392,1718,-2130,632,140.048
17.882827,1718,-2129,637,140.048
17.888494,1718,-2129,639,140.054
17.892957,1717,-2128,638,140.054
17.898658,1718,-2127,633,140.054
17.903078,1718,-2127,628,140.059
17.907646,1719,-2129,626,140.065
17.913216,1721,-2130,627,140.065
17.917702,1722,-2130,629,140.070
17.923315,1724,-2129,632,140.076
17.927549,1724,-2128,635,140.076
17.933430,1722,-2127,638,140.081
17.937892,1721,-2125,641,140.081
17.943629,1720,-2125,644,140.087
17.948028,1719,-2124,644,140.087
17.952449,1720,-2121,644,140.087
17.958164,1719,-2117,642,140.092
17.962576,1718,-2114,640,140.092
17.968293,1718,-2113,637,140.087
17.972661,1719,-2111,634,140.087
17.978418,1723,-2111,631,140.087
17.983003,1727,-2111,629,140.081
17.987264,1730,-2110,626,140.081
17.993034,1732,-2109,626,140.076
17.997388,1731,-2109,625,140.070
18.003111,1730,-2110,623,140.065
18.007271,1730,-2110,623,140.059
18.013008,1731,-2110,622,140.054
18.017650,1731,-2110,621,140.054
18.023537,1731,-2110,619,140.048
18.027665,1731,-2111,615,140.037
18.032201,1731,-2112,612,140.032
18.037970,1731,-2113,610,140.026
18.042426,1731,-2113,609,140.026
18.048029,1731,-2112,609,140.021
18.052532,1732,-2111,610,140.015
18.058289,1733,-2112,614,140.015
18.062630,1734,-2113,617,140.015
18.067088,1734,-2114,619,140.010
18.072799,1733,-2114,619,140.010
18.077201,1731,-2114,620,140.015
18.082864,1729,-2113,620,140.015
18.087357,1728,-2114,621,140.015
18.093024,1728,-2116,621,140.021
18.097469,1728,-2118,620,140.021
18.103318,1729,-2120,617,140.026
18.107648,1729,-2119,616,140.026
18.112020,1728,-2117,615,140.026
18.117771,1728,-2116,613,140.026
18.122192,1727,-2115,613,140.026
18.127626,1725,-2114,613,140.026
18.132209,1725,-2115,610,140.026
18.137769,1724,-2114,610,140.026
18.142149,1725,-2115,612,140.026
18.146529,1725,-2115,616,140.026
18.152293,1726,-2116,620,140.026
18.156694,1729,-2117,623,140.021
18.162375,1731,-2118,624,140.021
18.166823,1734,-2121,624,140.021
18.172759,1736,-2121,622,140.021
18.177264,1735,-2119,619,140.021
18.183015,1735,-2118,618,140.026
18.187545,1735,-2115,617,140.026
18.191924,1735,-2114,618,140.026
18.197649,1734,-2113,618,140.032
18.201896,1734,-2112,620,140.032
18.207636,1733,-2112,623,140.032
18.212114,1732,-2112,626,140.032
18.217755,1729,-2113,629,140.032
18.222197,1726,-2114,631,140.032
18.226603,1723,-2113,632,140.032
18.232340,1721,-2113,635,140.026
18.236714,1721,-2112,635,140.026
18.242406,1724,-2112,633,140.021
18.246907,1727,-2113,633,140.015
18.252587,1731,-2115,629,140.015
18.257014,1732,-2117,630,140.015
18.262658,1731,-2119,632,140.010
18.267153,1731,-2121,633,140.010
18.271543,1727,-2121,634,140.015
18.277296,1726,-2121,630,140.015
18.281726,1726,-2118,625,140.015
18.287421,1726,-2115,620,140.021
18.291858,1728,-2112,616,140.021
18.297548,1730,-2112,615,140.026
18.301960,1731,-2111,616,140.026
18.306355,1731,-2109,619,140.026
18.312204,1730,-2107,622,140.026
18.316513,1729,-2105,625,140.026
18.322228,1729,-2105,625,140.026
18.326703,1729,-2106,626,140.026
18.332389,1730,-2106,625,140.026
18.336807,1732,-2108,626,140.021
18.342469,1732,-2109,627,140.021
18.346920,1731,-2110,630,140.015
18.351356,1730,-2111,631,140.015
18.357030,1728,-2111,632,140.010
18.361488,1727,-2111,634,140.010
18.367058,1726,-2111,636,140.010
18.371629,1726,-2111,639,140.010
18.377321,1723,-2111,638,140.010
18.381801,1722,-2113,637,140.010
18.386129,1720,-2114,638,140.010
18.391679,1718,-2116,637,140.010
18.396349,1717,-2117,634,140.010
18.402089,1714,-2117,631,140.010
18.406441,1712,-2117,626,140.010
18.412179,1710,-2116,622,140.010
18.416645,1711,-2116,624,140.015
18.422315,1711,-2115,627,140.015
18.426723,1711,-2115,633,140.015
18.431137,1713,-2113,637,140.015
18.436815,1715,-2111,637,140.021
18.441305,1717,-2108,635,140.021
18.447056,1718,-2106,631,140.021
18.451417,1720,-2105,628,140.026
18.457185,1720,-2105,626,140.026
18.461665,1719,-2106,627,140.026
18.466127,1717,-2107,630,140.032
18.471783,1713,-2107,632,140.032
18.476016,1711,-2107,635,140.037
18.481803,1709,-2106,635,140.037
18.486308,1710,-2105,635,140.037
18.491937,1713,-2104,635,140.037
18.496359,1714,-2105,634,140.037
18.502149,1715,-2107,635,140.037
18.506528,1715,-2110,635,140.037
18.510858,1716,-2114,636,140.037
18.516651,1716,-2116,637,140.037
18.521032,1716,-2117,638,140.037
18.526778,1715,-2117,640,140.037
18.531196,1715,-2116,638,140.032
18.536972,1715,-2113,638,140.032
18.541303,1713,-2111,636,140.032
18.545792,1711,-2110,637,140.032
18.551506,1709,-2109,641,140.032
18.555902,1708,-2110,644,140.032
18.561645,1709,-2110,644,140.032
18.566042,1710,-2109,642,140.032
18.571749,1711,-2109,640,140.032
18.576174,1713,-2108,637,140.037
18.582062,1713,-2107,638,140.037
18.586291,1713,-2109,639,140.037
18.590875,1713,-2110,639,140.037
18.596455,1713,-2111,639,140.043
18.600883,1713,-2112,636,140.043
18.606509,1712,-2111,633,140.043
18.610944,1711,-2112,631,140.043
18.616537,1710,-2112,628,140.043
18.621064,1710,-2115,626,140.043
18.625664,1710,-2117,625,140.043
18.631220,1711,-2118,623,140.043
18.635723,1710,-2118,624,140.043
18.641337,1710,-2118,624,140.043
18.645886,1711,-2117,625,140.043
18.651573,1710,-2115,625,140.043
18.656006,1710,-2115,619,140.043
18.661678,1710,-2114,615,140.043
18.666136,1710,-2114,613,140.043
18.670549,1710,-2115,610,140.037
18.676398,1710,-2117,606,140.037
18.680703,1711,-2117,605,140.037
18.686302,1713,-2118,604,140.037
18.690949,1714,-2118,605,140.037
18.696487,1717,-2116,609,140.037
18.700923,1720,-2115,614,140.032
18.705295,1722,-2114,617,140.032
18.711066,1724,-2113,618,140.026
18.715437,1725,-2115,620,140.021
18.721134,1724,-2115,617,140.021
18.725574,1722,-2116,614,140.021
18.731291,1719,-2114,613,140.015
18.735932,1714,-2112,615,140.015
18.741608,1710,-2110,620,140.010
18.745915,1709,-2109,624,140.010
18.750301,1710,-2110,627,140.010
18.755988,1712,-2112,628,140.004
18.760458,1715,-2115,626,140.004
18.766168,1714,-2116,624,140.004
18.770549,1713,-2115,622,139.999
18.776292,1712,-2114,619,139.999
18.780757,1710,-2114,617,139.999
18.785162,1709,-2114,620,139.999
18.790877,1709,-2115,622,140.004
18.795213,1710,-2117,623,140.004
18.801127,1711,-2118,623,140.004
18.805362,1712,-2118,621,140.004
18.811250,1714,-2119,620,140.010
18.815526,1717,-2119,619,140.010
18.821306,1719,-2119,620,140.010
18.825641,1722,-2119,624,140.015
18.830074,1723,-2118,626,140.015
18.835805,1723,-2119,631,140.015
18.840338,1722,-2120,634,140.015
18.845899,1720,-2121,635,140.015
18.850350,1719,-2123,638,140.021
18.856131,1718,-2122,639,140.021
18.860494,1719,-2123,637,140.021
18.864897,1721,-2124,635,140.021
18.870637,1723,-2123,633,140.021
18.875093,1724,-2124,632,140.021
18.880771,1725,-2122,633,140.021
18.885199,1724,-2121,635,140.026
18.890850,1723,-2120,637,140.026
18.895296,1722,-2117,636,140.026
18.901008,1720,-2114,636,140.026
18.905446,1720,-2113,636,140.026
18.909882,1720,-2113,636,140.026
18.915574,1721,-2113,640,140.026
18.920042,1722,-2113,642,140.026
18.925736,1723,-2112,643,140.026
18.929854,1724,-2112,644,140.026
18.935831,1725,-2109,641,140.026
18.940232,1726,-2106,641,140.026
18.944689,1727,-2107,644,140.026
18.950428,1727,-2106,646,140.021
18.954760,1727,-2108,648,140.021
18.960683,1726,-2110,648,140.021
18.965033,1728,-2111,646,140.021
18.970752,1727,-2110,645,140.021
18.975055,1728,-2110,645,140.021
18.980808,1730,-2111,644,140.015
18.985262,1730,-2112,643,140.015
18.989643,1729,-2112,643,140.015
18.995375,1729,-2113,643,140.015
18.999740,1728,-2113,643,140.015
19.005548,1726,-2113,645,140.015
19.009632,1725,-2112,645,140.015
19.015601,1724,-2114,646,140.010
19.020040,1723,-2115,642,140.010
19.024432,1722,-2118,639,140.010
19.029878,1722,-2120,637,140.010
19.034594,1722,-2121,636,140.010
19.040305,1721,-2122,635,140.010
19.044506,1721,-2122,636,140.010
19.050462,1721,-2123,637,140.010
19.054953,1721,-2122,637,140.010
19.060582,1720,-2120,640,140.010
19.065017,1718,-2119,640,140.010
19.069442,1718,-2118,639,140.010
19.075084,1719,-2118,639,140.010
19.079557,1720,-2119,638,140.010
19.085322,1722,-2120,636,140.010
19.089762,1722,-2121,631,140.010
19.095404,1722,-2120,626,140.010
19.099848,1721,-2120,625,140.010
19.104303,1721,-2120,623,140.010
19.110083,1720,-2119,620,140.010
19.114355,1719,-2118,618,140.010
19.120248,1718,-2116,615,140.010
19.124554,1717,-2113,611,140.015
19.130247,1717,-2112,612,140.015
19.134676,1718,-2110,616,140.015
19.140399,1718,-2111,618,140.021
19.144816,1720,-2111,623,140.021
19.149226,1720,-2111,628,140.021
19.155158,1721,-2112,633,140.026
19.159378,1720,-2112,636,140.026
19.165039,1719,-2112,643,140.026
19.169684,1719,-2113,647,140.032
19.175219,1719,-2113,648,140.032
19.179647,1720,-2112,648,140.032
19.184010,1721,-2113,647,140.032
19.189789,1724,-2113,646,140.037
19.194198,1726,-2112,644,140.037
19.199918,1729,-2111,645,140.037
19.204354,1731,-2110,645,140.037
19.210050,1733,-2109,644,140.032
19.214471,1734,-2109,644,140.032
19.220174,1734,-2110,639,140.032
19.224745,1734,-2111,636,140.032
19.229046,1734,-2113,633,140.026
19.234767,1734,-2114,630,140.026
19.239176,1736,-2116,628,140.026
19.244864,1736,-2116,626,140.021
19.249280,1736,-2117,624,140.021
19.255137,1737,-2118,622,140.021
19.259313,1737,-2118,621,140.021
19.263955,1739,-2119,620,140.015
19.269631,1740,-2120,619,140.015
19.273985,1743,-2119,616,140.015
19.279668,1741,-2118,614,140.015
19.284122,1738,-2116,611,140.015
19.289832,1733,-2111,611,140.015
19.294276,1728,-2108,613,140.015
19.300114,1724,-2105,617,140.015
19.304372,1723,-2102,621,140.010
19.308774,1723,-2101,621,140.010
19.314580,1724,-2102,622,140.010
19.318954,1724,-2102,624,140.010
19.324673,1724,-2102,625,140.010
19.329225,1723,-2102,629,140.015
19.334740,1723,-2101,629,140.015
19.339170,1725,-2103,631,140.015
19.343625,1727,-2105,630,140.015
19.349336,1729,-2108,633,140.015
19.353777,1731,-2111,632,140.015
19.359410,1733,-2113,629,140.015
19.363885,1734,-2114,629,140.015
19.369603,1735,-2115,628,140.010
19.374044,1736,-2115,629,140.010
19.379742,1738,-2116,631,140.010
19.384199,1738,-2117,635,140.004
19.388594,1738,-2118,636,140.004
19.394324,1738,-2118,637,140.004
19.398729,1737,-2117,638,139.999
19.404462,1737,-2116,636,139.999
19.408782,1737,-2114,635,139.999
19.414581,1738,-2113,634,139.999
19.419021,1738,-2112,632,139.999
19.423404,1737,-2110,630,139.999
19.429130,1736,-2111,629,139.999
19.433628,1735,-2111,628,139.999
19.439391,1735,-2112,629,139.999
19.443698,1736,-2112,629,139.993
19.449359,1736,-2113,628,139.993
19.453865,1736,-2115,628,139.993
19.459511,1732,-2116,628,139.993
19.464061,1727,-2120,629,139.993
19.468409,1724,-2123,630,139.993
19.474092,1723,-2122,632,139.988
19.478520,1723,-2121,633,139.988
19.484191,1724,-2120,632,139.988
19.488626,1726,-2119,631,139.988
19.494315,1728,-2120,631,139.988
19.498784,1729,-2122,629,139.982
19.503109,1729,-2125,628,139.982
19.508891,1728,-2126,629,139.988
19.513291,1725,-2127,628,139.988
19.519016,1724,-2127,628,139.988
19.523468,1726,-2126,631,139.988
19.529176,1725,-2124,630,139.988
19.533593,1723,-2122,630,139.993
19.539322,1721,-2121,630,139.993
19.543559,1719,-2117,630,139.999
19.548109,1719,-2115,633,139.999
19.553905,1719,-2112,634,140.004
19.558358,1720,-2111,635,140.004
19.563988,1721,-2111,636,140.004
19.568425,1719,-2113,635,140.004
19.574128,1718,-2114,632,140.004
19.578526,1718,-2116,630,140.004
19.582923,1717,-2117,629,140.004
19.588637,1719,-2119,630,140.004
19.593073,1719,-2122,633,140.004
19.598815,1718,-2124,637,140.004
19.603320,1717,-2125,642,140.004
19.608812,1716,-2125,645,140.004
19.613561,1715,-2124,647,140.004
19.619088,1715,-2122,648,140.004
19.623484,1714,-2121,647,140.004
19.627962,1714,-2121,645,140.004
19.633679,1712,-2120,642,140.004
19.638086,1708,-2120,639,139.999
19.643742,1707,-2119,638,139.999
19.648190,1705,-2118,637,139.999
19.653971,1706,-2118,634,139.999
19.658400,1709,-2120,631,139.999
19.662810,1711,-2122,628,139.999
19.668522,1711,-2122,628,139.999
19.672876,1713,-2123,627,139.999
19.678631,1711,-2121,623,139.999
19.683088,1711,-2121,624,139.999
19.688777,1713,-2122,622,139.999
19.693107,1711,-2123,624,139.999
19.699015,1713,-2123,628,139.999
19.703375,1713,-2124,630,140.004
19.707847,1713,-2123,630,140.004
19.713596,1713,-2123,626,140.004
19.717840,1712,-2121,622,140.004
19.723561,1712,-2121,618,140.010
19.728010,1711,-2122,617,140.010
19.733698,1712,-2122,620,140.010
19.738187,1713,-2122,622,140.010
19.742591,1714,-2123,623,140.010
19.748297,1714,-2123,624,140.015
19.752675,1714,-2122,625,140.015
19.758422,1712,-2122,626,140.015
19.762872,1711,-2122,629,140.015
19.768526,1713,-2123,632,140.010
19.773000,1714,-2125,635,140.010
19.778722,1717,-2128,636,140.010
19.783125,1719,-2129,636,140.010
19.787541,1718,-2130,635,140.010
19.793221,1719,-2131,636,140.010
19.797674,1718,-2130,637,140.010
19.803378,1716,-2129,638,140.010
19.807817,1715,-2130,637,140.010
19.813508,1713,-2128,636,140.010
19.817885,1713,-2127,635,140.010
19.822384,1713,-2127,636,140.015
19.828031,1714,-2125,631,140.015
19.832474,1714,-2124,629,140.015
19.838169,1714,-2124,627,140.021
19.842799,1716,-2124,627,140.021
19.848332,1718,-2125,630,140.026
19.852748,1721,-2126,635,140.026
19.858468,1723,-2125,638,140.026
19.863059,1726,-2124,639,140.032
19.867403,1728,-2124,639,140.032
19.873031,1728,-2123,638,140.032
19.877455,1727,-2122,638,140.032
19.883142,1726,-2122,636,140.032
19.887734,1725,-2122,635,140.032
19.893272,1724,-2121,634,140.032
19.897728,1724,-2120,632,140.032
19.902106,1725,-2119,631,140.032
19.907828,1724,-2118,628,140.032
19.912236,1724,-2118,627,140.032
19.918013,1724,-2119,625,140.032
19.922418,1724,-2119,622,140.032
19.928103,1723,-2119,621,140.032
19.932542,1724,-2118,620,140.032
19.938244,1726,-2118,622,140.032
19.942482,1727,-2116,620,140.032
19.947036,1728,-2115,616,140.032
19.952775,1727,-2115,614,140.032
19.957231,1726,-2115,611,140.032
19.962967,1724,-2113,609,140.032
19.967348,1723,-2111,610,140.032
19.973066,1721,-2109,612,140.032
19.977515,1720,-2107,614,140.026
19.981886,1720,-2106,617,140.026
19.987644,1718,-2106,621,140.026
19.992060,1718,-2106,623,140.026
19.997687,1717,-2107,627,140.021
20.002165,1715,-2108,629,140.021
20.007603,1715,-2110,631,140.021
20.012039,1715,-2112,630,140.015
20.018040,1716,-2115,629,140.015
20.022443,1716,-2116,631,140.015
20.026875,1714,-2116,632,140.015
20.032539,1711,-2114,631,140.015
20.037052,1708,-2114,632,140.015
20.042684,1706,-2115,630,140.015
20.047105,1705,-2116,628,140.021
20.052815,1707,-2118,628,140.021
20.057432,1710,-2117,628,140.021
20.061622,1711,-2115,630,140.021
20.067452,1713,-2114,632,140.021
20.071924,1715,-2111,632,140.015
20.077516,1716,-2111,632,140.015
20.081972,1716,-2111,631,140.015
20.087661,1715,-2110,632,140.015
20.092098,1713,-2110,634,140.015
20.097881,1712,-2109,636,140.010
20.102291,1714,-2107,639,140.010
20.106643,1715,-2106,642,140.010
20.112429,1715,-2107,642,140.004
20.116845,1715,-2108,638,140.004
20.122485,1715,-2110,634,139.999
20.127103,1715,-2112,630,139.999
20.132622,1716,-2113,630,139.993
20.137080,1718,-2115,634,139.993
20.141489,1718,-2118,639,139.988
20.147289,1719,-2119,642,139.988
20.151652,1719,-2121,644,139.988
20.157392,1719,-2122,645,139.982
20.161817,1721,-2121,645,139.982
20.167462,1724,-2120,643,139.982
20.171695,1726,-2121,642,139.982
20.177775,1729,-2119,639,139.977
20.181995,1730,-2116,634,139.977
20.186389,1731,-2112,628,139.977
20.192182,1732,-2109,625,139.977
20.196751,1732,-2108,623,139.977
20.202427,1734,-2108,624,139.977
20.206653,1735,-2109,628,139.977
20.212405,1735,-2110,630,139.977
20.216845,1736,-2110,631,139.977
20.221327,1736,-2109,632,139.977
20.227015,1735,-2109,630,139.977
20.231425,1734,-2109,627,139.977
20.237113,1731,-2109,621,139.971
20.241674,1730,-2110,614,139.971
20.247305,1730,-2110,609,139.971
20.251675,1731,-2113,604,139.971
20.257451,1731,-2115,600,139.971
20.261849,1731,-2116,599,139.971
20.266296,1730,-2117,597,139.971
20.271997,1728,-2117,596,139.977
20.276411,1726,-2116,595,139.977
20.282073,1726,-2114,594,139.977
20.286491,1726,-2113,594,139.982
20.292225,1727,-2112,594,139.982
20.296642,1729,-2112,597,139.982
20.300846,1729,-2112,600,139.988
20.306801,1729,-2113,603,139.988
20.311239,1730,-2113,605,139.988
20.316876,1730,-2114,608,139.988
20.321383,1731,-2116,610,139.993
20.327010,1732,-2118,614,139.993
20.331477,1734,-2120,616,139.993
20.337136,1734,-2122,622,139.988
20.341626,1735,-2123,630,139.988
20.346083,1733,-2121,637,139.988
20.351753,1732,-2119,641,139.988
20.356141,1729,-2117,639,139.988
20.361902,1727,-2115,634,139.988
20.366294,1725,-2115,630,139.988
20.372039,1723,-2117,628,139.988
20.376420,1719,-2117,626,139.988
20.380864,1716,-2117,628,139.988
20.386600,1713,-2118,629,139.993
20.391081,1712,-2117,626,139.993
20.396699,1713,-2118,622,139.993
20.401210,1714,-2117,617,139.999
20.406856,1714,-2117,616,139.999
20.411205,1713,-2117,617,139.999
20.416963,1712,-2117,620,139.999
20.421393,1712,-2117,622,140.004
20.425797,1712,-2116,623,140.004
20.431552,1714,-2116,624,140.004
20.435952,1715,-2114,622,140.004
20.441709,1716,-2112,619,140.004
20.446242,1715,-2112,617,140.004
20.451795,1713,-2112,611,139.999
20.456267,1711,-2113,606,139.999
20.460799,1710,-2115,603,139.999
20.466435,1712,-2116,600,139.999
20.470773,1714,-2115,599,139.999
20.476455,1716,-2114,598,139.999
20.480906,1718,-2113,596,139.999
20.486650,1719,-2113,595,139.999
20.491005,1719,-2112,598,139.999
20.496765,1719,-2112,602,139.999
20.501163,1718,-2111,607,139.993
20.505562,1718,-2110,612,139.993
20.511288,1719,-2108,617,139.993
20.515721,1722,-2107,620,139.993
20.521405,1724,-2105,622,139.993
20.525833,1725,-2105,625,139.993
20.531520,1725,-2105,625,139.993
20.536013,1724,-2104,626,139.993
20.540292,1723,-2104,627,139.993
20.546286,1721,-2102,628,139.993
20.550578,1720,-2101,628,139.993
20.556208,1720,-2101,626,139.993
20.560700,1721,-2103,622,139.993
20.566389,1721,-2105,617,139.999
20.570823,1719,-2104,614,139.999
20.576544,1717,-2103,612,139.999
20.581025,1712,-2101,613,139.999
20.585544,1709,-2100,614,140.004
20.591095,1708,-2100,617,140.004
20.595527,1709,-2103,619,140.004
20.601219,1710,-2105,623,140.004
20.605697,1709,-2109,626,140.004
20.611279,1707,-2112,627,140.004
20.615788,1704,-2112,627,140.004
20.620196,1701,-2113,625,140.004
20.625954,1699,-2114,622,140.004
20.630341,1700,-2114,616,140.004
20.636015,1701,-2115,612,140.004
20.640498,1701,-2116,612,140.004
20.646204,1703,-2115,613,139.999
20.650627,1705,-2114,617,139.999
20.656349,1706,-2113,618,139.999
20.660767,1707,-2111,619,140.004
20.665113,1709,-2110,620,140.004
20.670934,1712,-2110,620,140.004
20.675286,1714,-2111,620,140.004
20.681049,1716,-2113,623,140.004
20.685423,1717,-2114,626,140.004
20.691149,1716,-2114,629,140.004
20.695535,1714,-2115,631,140.010
20.700026,1713,-2113,630,140.010
20.705645,1712,-2112,628,140.010
20.710123,1713,-2111,626,140.010
20.715863,1715,-2110,626,140.010
20.720241,1714,-2110,626,140.010
20.725975,1712,-2109,626,140.010
20.730394,1711,-2108,626,140.015
20.736179,1710,-2109,626,140.015
20.740524,1711,-2108,627,140.015
20.744887,1712,-2110,624,140.015
20.750652,1713,-2112,626,140.015
20.755257,1713,-2112,627,140.015
20.760796,1711,-2113,628,140.015
20.765196,1710,-2112,628,140.015
20.770954,1708,-2111,626,140.015
20.775375,1706,-2110,623,140.015
20.779740,1705,-2110,617,140.015
20.785657,1703,-2112,612,140.015
20.789930,1702,-2114,610,140.015
20.795605,1702,-2115,605,140.015
20.800040,1703,-2114,604,140.015
20.805748,1703,-2113,602,140.015
20.810170,1704,-2113,604,140.015
20.815850,1705,-2111,609,140.010
20.820280,1706,-2110,613,140.010
20.824781,1707,-2109,616,140.010
20.830427,1708,-2108,617,140.004
20.834893,1707,-2109,619,140.004
20.840331,1707,-2110,621,140.004
20.844979,1708,-2110,621,140.004
20.850664,1708,-2111,622,140.004
20.855119,1708,-2113,625,139.999
20.859545,1709,-2113,628,139.999
20.865372,1710,-2114,630,139.999
20.869744,1711,-2115,633,140.004
20.875390,1713,-2115,635,140.004
20.879690,1714,-2114,638,140.004
20.885533,1713,-2113,641,140.004
20.890063,1713,-2113,642,140.010
20.895828,1712,-2113,641,140.010
20.900096,1711,-2114,635,140.010
20.904556,1711,-2116,632,140.010
20.910228,1709,-2117,632,140.015
20.914591,1708,-2119,630,140.015
20.920392,1707,-2121,631,140.015
20.924773,1708,-2122,633,140.015
20.930414,1710,-2122,632,140.015
20.934971,1711,-2123,632,140.015
20.939351,1712,-2123,630,140.015
20.945035,1714,-2123,627,140.015
20.949556,1713,-2123,628,140.021
20.955137,1714,-2122,630,140.021
20.959621,1714,-2121,629,140.021
20.965369,1714,-2120,629,140.015
20.969746,1714,-2119,626,140.015
20.975439,1714,-2118,621,140.015
20.979872,1715,-2117,617,140.015
20.984266,1719,-2116,613,140.015
20.990024,1722,-2115,610,140.015
20.994401,1725,-2116,609,140.015
20.999799,1728,-2116,609,140.015
21.004297,1730,-2117,610,140.015
21.009972,1732,-2117,614,140.015
21.014440,1733,-2117,620,140.015
21.018826,1731,-2117,626,140.015
21.024579,1729,-2118,631,140.015
21.028964,1727,-2119,634,140.015
21.034683,1725,-2119,635,140.015
21.039118,1723,-2118,634,140.015
21.044827,1721,-2117,631,140.015
21.049462,1720,-2117,629,140.015
21.055297,1719,-2116,627,140.015
21.059811,1717,-2116,626,140.015
21.064062,1716,-2115,624,140.015
21.069950,1715,-2113,623,140.015
21.074228,1716,-2111,621,140.010
21.079908,1716,-2111,618,140.010
21.084190,1716,-2113,617,140.010
21.090069,1719,-2114,617,140.010
21.094471,1719,-2117,619,140.004
21.098951,1720,-2118,621,140.004
21.104656,1722,-2117,622,140.004
21.109043,1720,-2116,620,140.004
21.114791,1719,-2115,620,140.004
21.119197,1718,-2113,621,140.004
21.124855,1717,-2113,620,140.004
21.129312,1717,-2115,623,140.004
21.135022,1717,-2118,624,140.010
21.139408,1716,-2120,626,140.010
21.143821,1715,-2121,629,140.015
21.149432,1715,-2122,632,140.015
21.154036,1714,-2120,635,140.021
21.159755,1713,-2117,632,140.021
21.164161,1712,-2114,629,140.026
21.169892,1712,-2112,628,140.026
21.174269,1712,-2111,627,140.026
21.178680,1712,-2109,624,140.032
21.184397,1711,-2109,625,140.032
21.188825,1711,-2107,627,140.032
21.194507,1710,-2106,629,140.032
21.198995,1709,-2105,631,140.032
21.204698,1708,-2105,632,140.032
21.209080,1708,-2106,632,140.032
21.214822,1709,-2107,630,140.032
21.219297,1710,-2109,625,140.032
21.223591,1712,-2110,619,140.032
21.229352,1714,-2110,615,140.032
21.233761,1717,-2109,611,140.032
21.239548,1719,-2107,615,140.032
21.243927,1720,-2107,620,140.032
21.249669,1721,-2107,624,140.032
21.254122,1719,-2108,626,140.032
21.258593,1717,-2109,627,140.032
21.264385,1716,-2111,624,140.037
21.268614,1715,-2113,621,140.037
21.274361,1716,-2114,621,140.037
21.278956,1715,-2117,621,140.037
21.284600,1712,-2116,622,140.037
21.288862,1711,-2116,623,140.043
21.294646,1709,-2116,625,140.043
21.298984,1709,-2115,626,140.043
21.303394,1710,-2114,625,140.043
21.309093,1710,-2113,621,140.043
21.313726,1711,-2113,618,140.043
21.319329,1712,-2115,618,140.043
21.323742,1713,-2118,620,140.043
21.329398,1713,-2121,623,140.043
21.333852,1713,-2122,625,140.043
21.338281,1711,-2121,623,140.043
21.344033,1710,-2120,619,140.043
21.348396,1708,-2118,615,140.043
21.354089,1707,-2117,612,140.043
21.358590,1708,-2117,607,140.043
21.364373,1708,-2118,605,140.043
21.368696,1708,-2117,606,140.043
21.374400,1708,-2119,607,140.043
21.378952,1706,-2120,609,140.048
21.383201,1704,-2120,611,140.048
21.388762,1702,-2119,611,140.048
21.393373,1702,-2117,616,140.054
21.399069,1701,-2115,618,140.054
21.403533,1702,-2114,623,140.059
21.409201,1703,-2115,629,140.059
21.413587,1704,-2116,632,140.065
21.418011,1705,-2116,635,140.065
21.423605,1705,-2116,635,140.065
21.428093,1704,-2115,635,140.070
21.433920,1704,-2114,636,140.070
21.438381,1705,-2113,638,140.070
21.444018,1706,-2114,640,140.070
21.448610,1708,-2114,642,140.070
21.454141,1710,-2115,643,140.070
21.458590,1711,-2116,640,140.070
21.462901,1711,-2117,635,140.070
21.468686,1710,-2118,630,140.076
21.473121,1709,-2119,627,140.076
21.478853,1709,-2121,626,140.076
21.483268,1710,-2123,623,140.076
21.489013,1712,-2124,625,140.076
21.493364,1715,-2125,627,140.076
21.497839,1717,-2124,629,140.076
21.503576,1719,-2123,631,140.076
21.507916,1722,-2122,630,140.076
21.513668,1723,-2123,629,140.076
21.518089,1723,-2125,627,140.076
21.523943,1723,-2127,627,140.076
21.528176,1722,-2128,629,140.076
21.534020,1723,-2128,629,140.076
21.538442,1724,-2129,630,140.076
21.542848,1725,-2127,629,140.081
21.548496,1726,-2127,627,140.081
21.552941,1727,-2126,627,140.081
21.558621,1726,-2125,625,140.081
21.563211,1723,-2125,624,140.081
21.568721,1721,-2125,623,140.081
21.573191,1718,-2124,622,140.081
21.577575,1716,-2122,620,140.081
21.583346,1715,-2121,619,140.081
21.587833,1715,-2120,619,140.081
21.593449,1716,-2121,621,140.081
21.597945,1717,-2122,624,140.081
21.603636,1719,-2124,624,140.081
21.608059,1719,-2125,623,140.081
21.613739,1719,-2125,624,140.076
21.618153,1720,-2124,624,140.076
21.622626,1722,-2125,624,140.076
21.628267,1724,-2126,625,140.076
21.632843,1725,-2125,625,140.076
21.638529,1726,-2124,622,140.076
21.642913,1725,-2121,622,140.076
21.648623,1724,-2119,623,140.076
21.653104,1722,-2117,623,140.076
21.657395,1722,-2117,624,140.076
21.663150,1722,-2118,626,140.076
21.667708,1722,-2118,625,140.076
21.673306,1721,-2118,624,140.081
21.677753,1722,-2118,624,140.081
21.683400,1722,-2117,624,140.081
21.687848,1723,-2117,625,140.081
21.693383,1724,-2116,625,140.081
21.698031,1726,-2115,626,140.081
21.702338,1727,-2114,629,140.081
21.708039,1729,-2114,632,140.081
21.712498,1729,-2115,634,140.081
21.718320,1727,-2117,635,140.081
21.722554,1725,-2120,633,140.081
21.728328,1721,-2121,628,140.081
21.732778,1717,-2121,623,140.081
21.737246,1713,-2121,620,140.081
21.742920,1712,-2121,619,140.081
21.747323,1712,-2120,620,140.081
21.753043,1712,-2120,625,140.081
21.757476,1712,-2119,628,140.081
21.763324,1710,-2118,630,140.081
21.767629,1709,-2116,631,140.081
21.773332,1707,-2116,632,140.081
21.777746,1706,-2115,630,140.081
21.782286,1707,-2114,626,140.081
21.787899,1708,-2115,625,140.081
21.792448,1708,-2114,625,140.081
21.797961,1708,-2113,628,140.087
21.802423,1709,-2112,633,140.087
21.807974,1710,-2110,637,140.087
21.812521,1711,-2110,641,140.087
21.816944,1714,-2110,641,140.087
21.822713,1714,-2110,641,140.087
21.827122,1714,-2112,640,140.087
21.832765,1714,-2113,640,140.087
21.837214,1713,-2114,642,140.087
21.843052,1711,-2115,644,140.087
21.847373,1712,-2116,646,140.087
21.853095,1711,-2116,649,140.087
21.857669,1712,-2115,651,140.087
21.861983,1713,-2115,651,140.087
21.867627,1713,-2114,652,140.087
21.872168,1714,-2113,651,140.087
21.877718,1715,-2113,648,140.087
21.882209,1715,-2114,649,140.087
21.887878,1715,-2115,647,140.087
21.892354,1715,-2115,645,140.087
21.896744,1716,-2114,640,140.087
21.902543,1718,-2112,635,140.087
21.906908,1719,-2111,632,140.087
21.912586,1719,-2109,630,140.081
21.917030,1718,-2109,629,140.081
21.922728,1718,-2111,633,140.081
21.927169,1717,-2111,633,140.081
21.932622,1718,-2112,635,140.081
21.937297,1719,-2113,637,140.081
21.941707,1720,-2112,635,140.081
21.947423,1722,-2111,636,140.081
21.951923,1724,-2110,637,140.081
21.957570,1724,-2109,637,140.081
21.962014,1726,-2107,638,140.081
21.967676,1727,-2105,640,140.081
21.972088,1730,-2104,638,140.076
21.976520,1732,-2104,637,140.076
21.982123,1731,-2105,636,140.076
21.986693,1731,-2107,632,140.076
21.992394,1728,-2109,629,140.076
21.996803,1726,-2109,627,140.070
22.002494,1725,-2110,627,140.070
22.006644,1723,-2110,627,140.070
22.012431,1721,-2109,631,140.070
22.016832,1720,-2108,633,140.070
22.021436,1717,-2107,637,140.070
22.027185,1717,-2106,639,140.070
22.031339,1716,-2105,641,140.065
22.037353,1715,-2107,642,140.065
22.041787,1715,-2109,641,140.065
22.047437,1713,-2110,641,140.065
22.051949,1712,-2113,637,140.065
22.056270,1712,-2113,633,140.065
22.062058,1712,-2113,632,140.065
22.066476,1713,-2115,628,140.065
22.072150,1717,-2116,624,140.065
22.076588,1720,-2117,622,140.065
22.082328,1722,-2117,615,140.065
22.086742,1724,-2115,612,140.065
22.092443,1725,-2115,608,140.065
22.096891,1726,-2114,607,140.065
22.101296,1727,-2113,608,140.065
22.106994,1728,-2113,611,140.065
22.111464,1728,-2113,613,140.065
22.117124,1729,-2111,615,140.065
22.121548,1728,-2111,617,140.065
22.127307,1729,-2112,618,140.065
22.131507,1729,-2110,619,140.065
22.136118,1730,-2107,622,140.065
22.141834,1730,-2106,624,140.065
22.146263,1731,-2104,626,140.065
22.151995,1731,-2103,627,140.059
22.156404,1729,-2105,629,140.059
22.162082,1728,-2107,628,140.059
22.166524,1726,-2108,626,140.059
22.172254,1726,-2110,626,140.059
22.176680,1725,-2112,624,140.054
22.181102,1723,-2113,619,140.059
22.186770,1722,-2113,620,140.059
22.191238,1721,-2114,621,140.059
22.196908,1719,-2115,622,140.059
22.201347,1718,-2115,625,140.059
22.206961,1719,-2115,625,140.059
22.211431,1720,-2115,624,140.059
22.215873,1720,-2114,624,140.054
22.221585,1719,-2113,622,140.054
22.226034,1720,-2113,622,140.054
22.231716,1719,-2115,623,140.054
22.236156,1719,-2119,622,140.054
22.241879,1720,-2121,619,140.054
22.246455,1722,-2122,617,140.054
22.252023,1724,-2123,617,140.054
22.256492,1727,-2121,619,140.054
22.260833,1729,-2118,621,140.054
22.266619,1729,-2117,624,140.054
22.270779,1725,-2114,625,140.054
22.276725,1722,-2111,625,140.054
22.281181,1719,-2111,627,140.054
22.286825,1716,-2111,629,140.054
22.291196,1715,-2111,632,140.054
22.295643,1714,-2111,635,140.054
22.301417,1714,-2111,637,140.054
22.305862,1714,-2109,638,140.054
22.311437,1715,-2109,639,140.054
22.315891,1717,-2109,639,140.054
22.321694,1717,-2110,639,140.054
22.326095,1718,-2110,638,140.054
22.331793,1721,-2111,635,140.054
22.336256,1722,-2110,630,140.054
22.340668,1724,-2108,625,140.048
22.346379,1726,-2108,621,140.054
22.350815,1725,-2110,620,140.054
22.356486,1724,-2112,618,140.054
22.360912,1724,-2115,617,140.054
22.366764,1722,-2119,616,140.054
22.371050,1721,-2120,615,140.059
22.375451,1720,-2120,615,140.059
22.381180,1718,-2121,615,140.059
22.385651,1716,-2121,615,140.059
22.391295,1714,-2121,614,140.059
22.395751,1713,-2120,613,140.059
22.401448,1712,-2119,611,140.059
22.405870,1710,-2118,607,140.059
22.411616,1710,-2118,607,140.065
22.416025,1710,-2118,606,140.059
22.420421,1709,-2118,608,140.065
22.426142,1710,-2117,613,140.059
22.430723,1710,-2118,616,140.059
22.436286,1712,-2117,621,140.059
22.440697,1712,-2118,625,140.059
22.446566,1712,-2118,628,140.059
22.450910,1713,-2117,630,140.059
22.455223,1714,-2117,628,140.059
22.461012,1718,-2116,630,140.059
22.465554,1721,-2116,631,140.059
22.471065,1723,-2117,633,140.059
22.475576,1724,-2118,636,140.059
22.481224,1722,-2117,639,140.065
22.485590,1719,-2117,640,140.065
22.491371,1718,-2116,641,140.065
22.495798,1718,-2116,644,140.065
22.500059,1717,-2118,644,140.065
22.506046,1718,-2120,645,140.065
22.510373,1715,-2121,643,140.065
22.516043,1714,-2120,641,140.065
22.520493,1712,-2119,640,140.065
22.526265,1710,-2116,637,140.065
22.530629,1710,-2115,633,140.065
22.535047,1711,-2114,628,140.065
22.540775,1711,-2112,623,140.065
22.545170,1712,-2110,621,140.065
22.550874,1716,-2106,619,140.059
22.555337,1717,-2101,619,140.059
22.561003,1720,-2097,616,140.059
22.565437,1723,-2095,616,140.059
22.571153,1724,-2095,617,140.059
22.575616,1726,-2097,615,140.054
22.579937,1727,-2098,614,140.054
22.585727,1727,-2101,613,140.054
22.590078,1725,-2103,609,140.054
22.595839,1724,-2104,610,140.054
22.600228,1724,-2107,614,140.054
22.605969,1724,-2108,617,140.054
22.610370,1725,-2109,620,140.054
22.614821,1726,-2109,623,140.054
22.620488,1725,-2110,623,140.048
22.625003,1725,-2111,623,140.048
22.630498,1725,-2113,620,140.048
22.635101,1725,-2114,615,140.048
22.640797,1725,-2113,613,140.048
22.645241,1722,-2111,611,140.048
22.651005,1720,-2108,611,140.048
22.655374,1718,-2105,614,140.048
22.659773,1717,-2105,617,140.048
22.665491,1718,-2107,621,140.043
22.669923,1720,-2108,623,140.043
22.675572,1722,-2109,625,140.043
22.680018,1726,-2109,628,140.043
22.685783,1730,-2110,630,140.043
22.690176,1733,-2111,630,140.043
22.694619,1734,-2112,631,140.043
22.700446,1733,-2113,632,140.037
22.704796,1729,-2113,633,140.043
22.710428,1728,-2113,633,140.043
22.714861,1729,-2112,633,140.043
22.720612,1730,-2110,634,140.043
22.725015,1732,-2109,637,140.043
22.730690,1732,-2109,640,140.043
22.735181,1731,-2110,641,140.043
22.739422,1730,-2112,642,140.043
22.745445,1729,-2113,638,140.043
22.749750,1728,-2113,633,140.043
22.755574,1727,-2114,631,140.043
22.759822,1727,-2114,627,140.043
22.765550,1725,-2114,625,140.037
22.769952,1724,-2116,624,140.037
22.774366,1723,-2117,621,140.037
22.780238,1724,-2118,620,140.037
22.784485,1725,-2119,619,140.037
22.790220,1726,-2120,620,140.037
22.794462,1727,-2122,624,140.037
22.800336,1729,-2123,626,140.037
22.804843,1730,-2123,627,140.037
22.810528,1733,-2123,627,140.037
22.815007,1736,-2122,626,140.032
22.819318,1739,-2120,625,140.032
22.825061,1741,-2120,624,140.032
22.829444,1741,-2119,625,140.032
22.835166,1738,-2119,625,140.032
22.839628,1735,-2119,626,140.032
22.845356,1731,-2119,631,140.026
22.849709,1728,-2119,632,140.026
22.854146,1726,-2119,632,140.026
22.859948,1723,-2118,631,140.026
22.864320,1721,-2117,630,140.026
22.870133,1721,-2117,630,140.026
22.874486,1722,-2117,629,140.026
22.880237,1724,-2117,629,140.032
22.884615,1727,-2119,629,140.032
22.890313,1728,-2119,631,140.032
22.894743,1728,-2118,631,140.032
22.899178,1727,-2117,630,140.032
22.904893,1724,-2115,628,140.032
22.909458,1722,-2113,628,140.032
22.914972,1719,-2113,628,140.032
22.919367,1718,-2112,627,140.032
22.925063,1717,-2114,628,140.032
22.929604,1715,-2115,628,140.032
22.934027,1714,-2116,627,140.032
22.939694,1715,-2115,629,140.032
22.944121,1718,-2113,631,140.032
22.949784,1722,-2111,631,140.032
22.954237,1726,-2109,632,140.026
22.960049,1728,-2109,632,140.026
22.964520,1729,-2111,628,140.026
22.970257,1728,-2114,626,140.026
22.974517,1728,-2117,624,140.021
22.978935,1728,-2117,622,140.021
22.984625,1729,-2117,622,140.021
22.989068,1730,-2116,624,140.021
22.994732,1731,-2117,625,140.021
22.999151,1732,-2119,625,140.021
23.004917,1731,-2122,626,140.021
23.009042,1730,-2123,626,140.021
23.013502,1730,-2125,631,140.021
23.019474,1729,-2127,635,140.021
23.023908,1730,-2129,639,140.021
23.029312,1731,-2131,643,140.021
23.034088,1732,-2133,641,140.021
23.039744,1734,-2133,638,140.021
23.044234,1735,-2132,634,140.021
23.049841,1735,-2130,631,140.021
23.054360,1735,-2129,630,140.021
23.058757,1736,-2127,630,140.021
23.064394,1736,-2126,629,140.021
23.068828,1737,-2126,628,140.021
23.074492,1737,-2127,629,140.021
23.078881,1738,-2127,633,140.021
23.084662,1737,-2127,636,140.021
23.089124,1736,-2126,639,140.021
23.093458,1734,-2126,639,140.021
23.099269,1732,-2125,637,140.021
23.103718,1729,-2124,634,140.021
23.109490,1726,-2122,628,140.021
23.113815,1724,-2121,626,140.021
23.119500,1721,-2120,625,140.021
23.123941,1718,-2119,626,140.026
23.129672,1715,-2118,630,140.026
23.134048,1713,-2118,634,140.026
23.138489,1710,-2117,639,140.026
23.144159,1709,-2118,639,140.026
23.148638,1709,-2119,637,140.026
23.154071,1709,-2119,636,140.026
23.158466,1708,-2118,632,140.032
23.164188,1709,-2116,631,140.032
23.168866,1709,-2115,630,140.032
23.173229,1709,-2112,631,140.032
23.179064,1709,-2111,633,140.032
23.183500,1709,-2112,635,140.032
23.189137,1709,-2114,637,140.037
23.193662,1709,-2115,639,140.037
23.199298,1708,-2116,636,140.037
23.203693,1709,-2117,633,140.037
23.209476,1709,-2117,631,140.037
23.213706,1708,-2116,627,140.037
23.218249,1710,-2116,625,140.037
23.223834,1710,-2116,627,140.043
23.228485,1711,-2119,631,140.043
23.234153,1712,-2123,634,140.043
23.238565,1713,-2125,635,140.043
23.244269,1714,-2126,635,140.043
23.248683,1715,-2126,633,140.043
23.253025,1716,-2124,629,140.037
23.258821,1717,-2123,626,140.037
23.263237,1717,-2122,624,140.037
23.269007,1716,-2120,625,140.037
23.273447,1715,-2119,629,140.037
23.279091,1715,-2118,633,140.032
23.283489,1715,-2116,636,140.032
23.289266,1715,-2114,639,140.032
23.293609,1715,-2113,641,140.032
23.298110,1715,-2113,641,140.032
23.303798,1714,-2115,640,140.032
23.308244,1714,-2116,638,140.032
23.313924,1712,-2118,636,140.032
23.318301,1711,-2119,635,140.037
23.323896,1713,-2120,635,140.037
23.328531,1714,-2118,637,140.037
23.332899,1716,-2117,640,140.037
23.338626,1716,-2116,642,140.037
23.343028,1715,-2117,642,140.043
23.348717,1713,-2118,640,140.043
23.353163,1713,-2120,639,140.043
23.358877,1714,-2121,639,140.043
23.363302,1715,-2121,640,140.043
23.369004,1715,-2120,640,140.043
23.373437,1715,-2119,639,140.043
23.377790,1714,-2117,639,140.043
23.383713,1713,-2115,637,140.043
23.387835,1713,-2112,640,140.043
23.393761,1714,-2108,640,140.043
23.398177,1717,-2104,638,140.043
23.403854,1721,-2101,636,140.043
23.408231,1723,-2099,634,140.043
23.412661,1725,-2099,632,140.037
23.418574,1724,-2099,632,140.037
23.422897,1723,-2101,631,140.037
23.428546,1723,-2103,630,140.037
23.432907,1722,-2104,628,140.037
23.438661,1721,-2106,627,140.037
23.443049,1720,-2108,629,140.032
23.448830,1720,-2111,634,140.032
23.453264,1721,-2113,638,140.032
23.457613,1721,-2113,643,140.032
23.463343,1722,-2113,645,140.032
23.467833,1722,-2113,646,140.032
23.473451,1724,-2113,644,140.032
23.477922,1726,-2114,643,140.032
23.483649,1729,-2115,641,140.032
23.488067,1731,-2115,638,140.032
23.492527,1731,-2117,636,140.032
23.498199,1729,-2118,634,140.032
23.502597,1729,-2118,633,140.032
23.508452,1727,-2117,630,140.032
23.512827,1725,-2116,631,140.032
23.518410,1726,-2114,632,140.032
23.522999,1727,-2115,638,140.032
23.528575,1729,-2117,645,140.032
23.533031,1731,-2118,650,140.032
23.537250,1732,-2119,656,140.032
23.543194,1732,-2120,654,140.032
23.547655,1731,-2119,650,140.026
23.553324,1730,-2118,645,140.026
23.557702,1730,-2117,643,140.026
23.563469,1727,-2117,640,140.021
23.567870,1726,-2117,641,140.021
23.572254,1723,-2117,640,140.021
23.578014,1722,-2117,640,140.021
23.582358,1721,-2117,641,140.021
23.588092,1719,-2118,643,140.021
23.592602,1720,-2119,644,140.021
23.598267,1720,-2120,641,140.021
23.602712,1719,-2120,639,140.021
23.608387,1720,-2121,636,140.021
23.612956,1721,-2123,633,140.021
23.617227,1723,-2124,631,140.021
23.623018,1725,-2123,632,140.021
23.627375,1728,-2122,633,140.026
23.633080,1732,-2120,636,140.026
23.637492,1733,-2118,639,140.026
23.643225,1735,-2117,642,140.026
23.647615,1735,-2116,645,140.026
23.652051,1735,-2116,647,140.026
23.657793,1736,-2117,648,140.026
23.662159,1736,-2117,649,140.026
23.667911,1737,-2115,649,140.021
23.672312,1736,-2113,647,140.021
23.678192,1736,-2112,646,140.021
23.682427,1735,-2111,644,140.015
23.688242,1735,-2110,638,140.015
23.692598,1735,-2112,634,140.010
23.697047,1735,-2113,631,140.010
23.702724,1736,-2116,622,140.004
23.707214,1737,-2117,619,140.004
23.712899,1737,-2118,619,140.004
23.717432,1736,-2120,619,140.004
23.723041,1733,-2120,625,140.004
23.727430,1731,-2122,629,140.004
23.732034,1727,-2121,630,140.004
23.737533,1725,-2121,631,140.004
23.742035,1725,-2121,635,140.004
23.747678,1725,-2122,639,140.004
23.752155,1726,-2123,642,140.010
23.757868,1725,-2124,645,140.010
23.762247,1722,-2125,646,140.010
23.767976,1721,-2125,645,140.010
23.772375,1720,-2125,644,140.010
23.776780,1719,-2125,642,140.010
23.782529,1719,-2124,639,140.010
23.787099,1719,-2123,635,140.010
23.792672,1721,-2121,630,140.010
23.797052,1723,-2120,626,140.010
23.802741,1725,-2118,622,140.010
23.807387,1728,-2116,618,140.010
23.811682,1730,-2116,616,140.010
23.817505,1731,-2114,616,140.004
23.821769,1732,-2114,614,140.004
23.827407,1731,-2115,615,140.004
23.832059,1731,-2117,614,140.004
23.837624,1730,-2120,611,140.004
23.842029,1731,-2122,607,140.004
23.847728,1731,-2122,603,140.004
23.852240,1731,-2119,602,140.004
23.856559,1730,-2116,604,140.004
23.862450,1728,-2113,605,140.004
23.866686,1727,-2110,608,140.004
23.872466,1725,-2108,612,140.004
23.876903,1725,-2107,613,140.004
23.882572,1725,-2106,615,140.004
23.887075,1726,-2107,616,140.004
23.891344,1726,-2108,617,140.004
23.897317,1725,-2108,619,139.999
23.901525,1724,-2109,619,139.999
23.907354,1724,-2110,616,139.999
23.911669,1723,-2111,613,139.999
23.917444,1724,-2113,610,139.999
23.921851,1725,-2114,608,139.999
23.927530,1724,-2114,610,139.999
23.931747,1723,-2111,616,139.999
23.936312,1722,-2109,620,139.999
23.942062,1718,-2105,623,139.999
23.946566,1716,-2102,624,139.999
23.952257,1715,-2101,625,139.999
23.956621,1713,-2102,624,139.999
23.962375,1712,-2103,622,139.999
23.966715,1713,-2104,620,139.999
23.971197,1712,-2105,617,139.999
23.976930,1712,-2105,615,139.999
23.981274,1712,-2106,616,139.999
23.987116,1712,-2109,618,139.993
23.991481,1712,-2111,622,139.993
23.997211,1713,-2111,627,139.993
24.001567,1713,-2110,629,139.999
24.007025,1716,-2108,633,139.999
24.011473,1718,-2109,636,139.993
24.016180,1719,-2110,634,139.999
24.021695,1719,-2111,634,139.999
24.026339,1718,-2112,632,139.999
24.031803,1717,-2111,627,139.999
24.036417,1716,-2110,620,139.999
24.042149,1716,-2110,614,139.999
24.046474,1715,-2112,609,139.999
24.050985,1715,-2115,607,139.999
24.056718,1714,-2118,606,139.999
24.061116,1713,-2120,607,139.999
24.066825,1714,-2123,609,139.999
24.071206,1716,-2122,613,139.999
24.077116,1716,-2122,616,139.999
24.081389,1717,-2120,617,139.999
24.087060,1718,-2118,617,139.999
24.091515,1719,-2117,615,139.999
24.095708,1720,-2115,611,139.999
24.101665,1720,-2115,608,139.999
24.105932,1719,-2115,606,139.999
24.111623,1718,-2115,604,139.999
24.116242,1717,-2116,604,139.999
24.122025,1716,-2117,604,139.999
24.126193,1716,-2117,604,139.999
24.130753,1717,-2118,605,139.999
24.136443,1719,-2118,605,139.999
24.140914,1722,-2119,604,139.999
24.146573,1723,-2120,604,139.999
24.151083,1723,-2120,603,139.999
24.156897,1722,-2121,607,139.999
24.161216,1720,-2120,611,139.999
24.166908,1718,-2120,615,139.999
24.171355,1717,-2120,618,139.999
24.175492,1715,-2120,620,139.999
24.181428,1712,-2120,622,139.999
24.186036,1710,-2120,625,139.999
24.191598,1708,-2120,626,140.004
24.195995,1707,-2122,629,140.004
24.201850,1708,-2124,631,140.004
24.206125,1709,-2125,633,140.004
24.210523,1711,-2124,636,140.004
24.216187,1714,-2124,634,140.004
24.220676,1716,-2122,634,140.004
24.226401,1717,-2122,633,140.004
24.230827,1717,-2122,630,140.004
24.236541,1717,-2123,630,140.004
24.241002,1718,-2123,627,140.010
24.246651,1718,-2123,622,140.010
24.251077,1718,-2123,616,140.010
24.255484,1716,-2123,615,140.010
24.261176,1712,-2121,614,140.010
24.265660,1710,-2120,615,140.010
24.271323,1710,-2120,617,140.010
24.275889,1712,-2119,616,140.010
24.281241,1714,-2119,617,140.010
24.285869,1717,-2118,617,140.010
24.290291,1718,-2117,616,140.010
24.296070,1718,-2117,618,140.010
24.300503,1719,-2117,619,140.010
24.306171,1719,-2118,622,140.010
24.310625,1719,-2120,625,140.010
24.316266,1719,-2121,626,140.010
24.320845,1718,-2121,629,140.015
24.326442,1717,-2120,629,140.015
24.330892,1717,-2119,627,140.015
24.335326,1719,-2118,625,140.015
24.340987,1721,-2117,621,140.015
24.345423,1723,-2115,619,140.015
24.351128,1723,-2115,621,140.015
24.355706,1722,-2116,624,140.015
24.361309,1721,-2117,628,140.015
24.365716,1719,-2118,632,140.015
24.370095,1719,-2119,637,140.015
24.375851,1718,-2120,642,140.015
24.380239,1718,-2121,641,140.015
24.386115,1717,-2121,641,140.015
24.390454,1716,-2121,642,140.015
24.396088,1717,-2120,638,140.015
24.400366,1719,-2120,638,140.015
24.406192,1722,-2120,638,140.015
24.410869,1725,-2121,637,140.015
24.415119,1727,-2123,638,140.015
24.420806,1727,-2124,635,140.015
24.425190,1726,-2124,630,140.015
24.430907,1725,-2123,625,140.015
24.435339,1724,-2123,621,140.015
24.441069,1724,-2121,618,140.015
24.445541,1724,-2121,616,140.015
24.449888,1724,-2121,618,140.015
24.455687,1723,-2121,621,140.015
24.460130,1722,-2120,622,140.015
24.465724,1720,-2119,622,140.015
24.470194,1719,-2118,619,140.015
24.475872,1718,-2119,619,140.015
24.480272,1718,-2120,621,140.015
24.486024,1719,-2121,628,140.015
24.490551,1719,-2122,633,140.015
24.494878,1719,-2121,634,140.015
24.500573,1719,-2120,636,140.015
24.504906,1718,-2120,635,140.015
24.510725,1717,-2120,635,140.015
24.515137,1716,-2120,636,140.015
24.521017,1715,-2121,635,140.015
24.525263,1715,-2119,632,140.015
24.529667,1715,-2117,632,140.015
24.535424,1714,-2116,631,140.015
24.539828,1713,-2114,631,140.015
24.545350,1711,-2112,628,140.015
24.549984,1709,-2111,625,140.015
24.555739,1708,-2110,619,140.015
24.560129,1708,-2109,614,140.015
24.565831,1709,-2108,615,140.021
24.570315,1709,-2109,619,140.021
24.574612,1710,-2110,623,140.021
24.580338,1711,-2112,627,140.021
24.584882,1711,-2113,630,140.021
24.590498,1712,-2115,632,140.021
24.594931,1713,-2114,633,140.021
24.600809,1712,-2112,633,140.021
24.605095,1714,-2112,631,140.021
24.609516,1714,-2109,626,140.021
24.615245,1714,-2107,623,140.021
24.619599,1714,-2106,623,140.021
24.625281,1714,-2106,625,140.021
24.629765,1714,-2108,625,140.021
24.635471,1716,-2111,628,140.021
24.640050,1717,-2112,625,140.021
24.645626,1720,-2114,622,140.021
24.650048,1722,-2115,622,140.021
24.654445,1724,-2116,623,140.021
24.660135,1727,-2118,622,140.021
24.664642,1728,-2119,619,140.021
24.670420,1730,-2120,616,140.021
24.674697,1732,-2122,617,140.021
24.680446,1731,-2122,617,140.021
24.684852,1734,-2122,619,140.021
24.689423,1735,-2121,622,140.021
24.695017,1737,-2118,626,140.021
24.699398,1738,-2113,630,140.021
24.704980,1738,-2108,634,140.021
24.709575,1738,-2104,634,140.021
24.715337,1736,-2104,633,140.015
24.719830,1737,-2104,629,140.015
24.725410,1738,-2105,625,140.015
24.729828,1739,-2106,622,140.015
24.734271,1740,-2107,621,140.015
24.740010,1740,-2108,621,140.015
24.744374,1737,-2109,622,140.015
24.750241,1734,-2109,624,140.010
24.754517,1730,-2109,627,140.010
24.760190,1726,-2110,632,140.010
24.764649,1723,-2108,636,140.010
24.769114,1720,-2107,635,140.010
24.774785,1718,-2107,633,140.010
24.779226,1716,-2107,633,140.010
24.784892,1716,-2108,631,140.010
24.789497,1715,-2110,632,140.004
24.795064,1716,-2110,633,140.004
24.799498,1718,-2111,633,140.004
24.805159,1718,-2112,634,140.004
24.809628,1717,-2113,635,140.010
24.814042,1717,-2114,633,140.010
24.819904,1716,-2114,630,140.010
24.824216,1716,-2114,627,140.010
24.829905,1718,-2115,624,140.010
24.834295,1721,-2116,622,140.010
24.840011,1723,-2118,623,140.015
24.844426,1725,-2119,625,140.015
24.848805,1727,-2120,624,140.015
24.854582,1729,-2119,623,140.015
24.859010,1730,-2118,620,140.015
24.864672,1730,-2117,620,140.015
24.869150,1730,-2115,624,140.015
24.874828,1730,-2115,624,140.015
24.879232,1729,-2115,624,140.015
24.885012,1730,-2116,622,140.010
24.889359,1731,-2118,620,140.010
24.893850,1734,-2119,620,140.010
24.899544,1735,-2119,622,140.010
24.903905,1734,-2118,623,140.010
24.909639,1733,-2116,621,140.010
24.914046,1732,-2115,619,140.004
24.919794,1729,-2113,618,140.004
24.924217,1729,-2112,617,140.004
24.928764,1729,-2111,619,140.004
24.934090,1729,-2111,621,140.004
24.938953,1728,-2111,623,140.004
24.944439,1726,-2111,623,140.004
24.949074,1723,-2111,624,140.004
24.954597,1721,-2111,625,140.004
24.959032,1718,-2110,626,140.004
24.964789,1717,-2111,628,140.010
24.969212,1717,-2111,627,140.010
24.973574,1717,-2112,625,140.010
24.979342,1717,-2113,623,140.010
24.983897,1716,-2113,619,140.010
24.989424,1716,-2114,615,140.010
24.993876,1716,-2113,616,140.010
24.999540,1716,-2114,617,140.010
25.003993,1716,-2115,619,140.010
25.008120,1714,-2117,622,140.010
25.013861,1712,-2119,623,140.010
25.018600,1712,-2121,622,140.010
25.024210,1711,-2123,621,140.010
25.028589,1713,-2124,621,140.010
25.034372,1715,-2125,622,140.010
25.038852,1718,-2125,623,140.015
25.044561,1721,-2126,624,140.015
25.049001,1722,-2128,622,140.015
25.053371,1724,-2128,622,140.015
25.059138,1727,-2128,622,140.015
25.063502,1727,-2126,622,140.015
25.069192,1728,-2124,621,140.015
25.073509,1728,-2123,622,140.015
25.079387,1728,-2121,619,140.021
25.083801,1729,-2121,620,140.021
25.088200,1730,-2122,620,140.021
25.093979,1731,-2123,619,140.021
25.098354,1732,-2125,617,140.021
25.103997,1731,-2125,615,140.021
25.108476,1732,-2127,613,140.021
25.114108,1733,-2128,612,140.021
25.118591,1733,-2128,613,140.021
25.124301,1734,-2129,615,140.015
25.128773,1734,-2129,618,140.015
25.133289,1733,-2128,622,140.015
25.138899,1732,-2127,624,140.015
25.143294,1730,-2127,625,140.015
25.148983,1729,-2127,628,140.015
25.153443,1729,-2125,626,140.015
25.159190,1726,-2123,625,140.015
25.163594,1725,-2120,623,140.015
25.168092,1724,-2118,619,140.015
25.173722,1723,-2116,614,140.015
25.178294,1723,-2113,615,140.015
25.183823,1724,-2112,614,140.015
25.188273,1724,-2112,618,140.015
25.193971,1722,-2112,620,140.015
25.198560,1721,-2113,619,140.015
25.204093,1720,-2114,620,140.015
25.208597,1719,-2114,621,140.015
25.213000,1717,-2114,619,140.015
25.218666,1716,-2115,619,140.015
25.223174,1716,-2115,618,140.015
25.228793,1715,-2115,618,140.015
25.233248,1716,-2116,617,140.015
25.239017,1715,-2116,617,140.015
25.243360,1714,-2118,618,140.015
25.247663,1711,-2118,620,140.015
25.253520,1712,-2119,622,140.021
25.257969,1712,-2118,624,140.021
25.263605,1713,-2119,628,140.021
25.268146,1716,-2121,629,140.021
25.273794,1717,-2121,628,140.021
25.278172,1719,-2121,628,140.021
25.283956,1719,-2120,627,140.021
25.288314,1718,-2118,625,140.021
25.292805,1717,-2119,626,140.021
25.298460,1717,-2119,629,140.021
25.302874,1716,-2120,631,140.021
25.308652,1717,-2120,636,140.021
25.313015,1719,-2120,639,140.021
25.318811,1720,-2119,642,140.021
25.322981,1722,-2117,640,140.021
25.327571,1724,-2117,637,140.021
25.333371,1726,-2115,633,140.021
25.337674,1727,-2115,627,140.021
25.343417,1727,-2117,626,140.021
25.347814,1728,-2117,627,140.021
25.353464,1728,-2118,631,140.021
25.357953,1729,-2121,634,140.021
25.363671,1730,-2121,635,140.021
25.368148,1732,-2121,635,140.015
25.372548,1733,-2121,631,140.015
25.378324,1734,-2120,627,140.015
25.382858,1734,-2119,623,140.015
25.388388,1734,-2118,618,140.015
25.392761,1734,-2119,615,140.015
25.398673,1733,-2121,615,140.015
25.402887,1732,-2122,617,140.015
25.407343,1730,-2123,620,140.015
25.413111,1730,-2123,622,140.015
25.417546,1731,-2124,625,140.015
25.423227,1730,-2125,625,140.015
25.427682,1730,-2126,625,140.015
25.433349,1730,-2127,626,140.015
25.437769,1732,-2127,626,140.015
25.443498,1732,-2128,629,140.015
25.447901,1734,-2128,629,140.015
25.452376,1734,-2128,632,140.015
25.458113,1733,-2128,631,140.015
25.462496,1730,-2126,629,140.010
25.468142,1729,-2125,627,140.010
25.472663,1727,-2125,625,140.010
25.478309,1725,-2126,626,140.015
25.482742,1727,-2126,627,140.015
25.487120,1728,-2124,629,140.015
25.492869,1729,-2123,631,140.010
25.497084,1731,-2120,633,140.010
25.503001,1733,-2119,630,140.010
25.507494,1735,-2118,627,140.010
25.513145,1737,-2118,620,140.010
25.517629,1738,-2119,616,140.010
25.523450,1736,-2119,616,140.010
25.527724,1736,-2119,616,140.010
25.532139,1735,-2117,618,140.010
25.537838,1734,-2115,615,140.004
25.542296,1731,-2113,611,140.004
25.548106,1728,-2110,610,140.004
25.552366,1724,-2111,610,140.004
25.558106,1719,-2112,615,140.004
25.562534,1717,-2114,619,140.004
25.566914,1717,-2115,622,140.004
25.572697,1717,-2115,622,140.004
25.577053,1719,-2116,619,140.004
25.582753,1722,-2115,615,140.004
25.587370,1724,-2116,611,140.004
25.592972,1726,-2116,608,140.004
25.597372,1726,-2114,609,140.004
25.603075,1724,-2115,608,140.004
25.607487,1724,-2116,607,140.004
25.611908,1725,-2117,609,140.004
25.617784,1724,-2119,610,140.004
25.622072,1725,-2120,612,140.004
25.627744,1726,-2121,611,140.004
25.632220,1727,-2120,609,140.004
25.637930,1728,-2119,606,140.004
25.642296,1727,-2118,604,140.004
25.646735,1726,-2118,605,140.004
25.652469,1724,-2117,606,139.999
25.656904,1721,-2115,608,139.999
25.662696,1720,-2114,609,139.999
25.667052,1721,-2113,611,139.999
25.672674,1721,-2112,613,139.999
25.677144,1723,-2113,616,139.999
25.682919,1723,-2113,621,139.999
25.687341,1723,-2114,624,139.999
25.691752,1721,-2113,627,140.004
25.697447,1718,-2111,631,140.004
25.701829,1716,-2111,629,140.004
25.707533,1715,-2112,627,140.004
25.711966,1716,-2114,621,140.010
25.717630,1717,-2116,617,140.010
25.722101,1718,-2119,615,140.010
25.726579,1718,-2120,614,140.010
25.732242,1717,-2120,613,140.010
25.736702,1714,-2120,617,140.010
25.742413,1713,-2119,624,140.010
25.746770,1712,-2117,630,140.010
25.752462,1710,-2116,638,140.010
25.756966,1711,-2116,643,140.010
25.762567,1712,-2116,646,140.010
25.767082,1715,-2115,644,140.010
25.771413,1719,-2116,644,140.010
25.777166,1721,-2116,645,140.010
25.781568,1721,-2115,646,140.010
25.787323,1721,-2115,647,140.010
25.791721,1722,-2116,647,140.010
25.797466,1721,-2116,644,140.010
25.801858,1722,-2115,640,140.010
25.806295,1724,-2114,634,140.010
25.812051,1726,-2113,633,140.010
25.816420,1727,-2113,632,140.010
25.822136,1728,-2114,633,140.010
25.826586,1728,-2115,639,140.010
25.832261,1728,-2116,644,140.010
25.836653,1728,-2116,645,140.010
25.842412,1728,-2117,647,140.010
25.846842,1727,-2117,649,140.010
25.851250,1725,-2115,649,140.010
25.856997,1724,-2113,650,140.010
25.861369,1724,-2111,649,140.010
25.867029,1722,-2110,647,140.010
25.871500,1722,-2109,648,140.010
25.877250,1721,-2110,649,140.010
25.881641,1720,-2113,651,140.010
25.886052,1722,-2116,650,140.010
25.891797,1722,-2118,651,140.010
25.896184,1723,-2122,649,140.010
25.901854,1723,-2124,647,140.010
25.906402,1722,-2126,646,140.010
25.911990,1720,-2125,643,140.010
25.916389,1718,-2125,641,140.010
25.922185,1718,-2122,639,140.010
25.926596,1718,-2118,639,140.010
25.931051,1720,-2117,638,140.010
25.936684,1722,-2118,637,140.010
25.941217,1724,-2117,636,140.010
25.946840,1727,-2117,634,140.010
25.951283,1728,-2116,631,140.010
25.957044,1729,-2114,631,140.010
25.961496,1730,-2114,632,140.010
25.965810,1730,-2114,636,140.010
25.971616,1732,-2117,638,140.010
25.975978,1733,-2120,640,140.010
25.981692,1734,-2124,639,140.010
25.986192,1735,-2127,635,140.010
25.991801,1735,-2126,633,140.010
25.996261,1733,-2125,631,140.010
26.001680,1733,-2123,628,140.010
26.006107,1733,-2122,628,140.010
26.010563,1734,-2122,628,140.010
26.016238,1735,-2121,630,140.004
26.020619,1735,-2121,635,140.004
26.026363,1734,-2122,640,140.004
26.030758,1734,-2121,643,140.004
26.036524,1733,-2120,647,139.999
26.041194,1733,-2118,649,139.999
26.045424,1733,-2115,650,139.999
26.051497,1732,-2114,651,139.999
26.055869,1730,-2113,650,139.993
26.061450,1730,-2113,647,139.993
26.065916,1731,-2111,643,139.993
26.071629,1730,-2109,637,139.993
26.076044,1731,-2107,632,139.993
26.081737,1730,-2107,629,139.999
26.086112,1730,-2107,627,139.999
26.090537,1730,-2110,628,139.999
26.096448,1732,-2111,627,139.999
26.100776,1731,-2112,626,139.999
26.106384,1731,-2112,624,139.999
26.110851,1730,-2113,624,139.993
26.116602,1729,-2116,627,139.999
26.121064,1729,-2120,627,139.999
26.125453,1729,-2122,631,139.999
26.131158,1729,-2123,633,139.999
26.135349,1731,-2124,633,139.999
26.141255,1732,-2124,632,139.999
26.145681,1734,-2124,629,139.999
26.151443,1737,-2126,626,139.993
26.155826,1739,-2126,623,139.993
26.161609,1739,-2125,621,139.993
26.166061,1740,-2126,619,139.993
26.170368,1739,-2125,616,139.993
26.176109,1737,-2124,615,139.993
26.180490,1735,-2124,618,139.988
26.186268,1733,-2123,623,139.988
26.190730,1731,-2123,627,139.988
26.196351,1729,-2123,631,139.988
26.200753,1727,-2123,632,139.988
26.205235,1725,-2123,633,139.988
26.210896,1724,-2124,635,139.988
26.215321,1722,-2124,634,139.988
26.221004,1721,-2123,633,139.993
26.225499,1720,-2122,630,139.993
26.231198,1720,-2119,627,139.993
26.235586,1721,-2116,623,139.993
26.241363,1723,-2115,623,139.999
26.245893,1724,-2115,620,139.999
26.250185,1728,-2116,618,139.999
26.255899,1730,-2117,616,139.993
26.260254,1733,-2118,615,139.993
26.266001,1736,-2119,619,139.993
26.270420,1738,-2120,621,139.993
26.276104,1737,-2124,623,139.993
26.280536,1737,-2126,626,139.988
26.284802,1736,-2127,627,139.988
26.290748,1736,-2126,626,139.988
26.295117,1735,-2125,624,139.988
26.300845,1733,-2123,620,139.988
26.305345,1732,-2122,618,139.988
26.311025,1731,-2122,621,139.988
26.315445,1727,-2122,625,139.988
26.321243,1725,-2123,628,139.988
26.325540,1722,-2123,632,139.988
26.329926,1718,-2124,630,139.988
26.335540,1717,-2124,630,139.993
26.340119,1714,-2123,633,139.993
26.345776,1713,-2121,632,139.993
26.350168,1715,-2119,632,139.993
26.355881,1716,-2119,630,139.993
26.360346,1717,-2120,628,139.993
26.364721,1717,-2122,626,139.993
26.370550,1718,-2123,625,139.993
26.374843,1718,-2123,628,139.999
26.380540,1717,-2125,629,139.999
26.385005,1719,-2125,631,139.999
26.390731,1721,-2126,630,139.999
26.395182,1720,-2128,628,139.999
26.400899,1722,-2129,624,139.999
26.405265,1723,-2129,620,139.999
26.409742,1725,-2128,618,139.999
26.415362,1728,-2125,617,139.999
26.420004,1730,-2121,615,139.999
26.425512,1730,-2119,616,139.999
26.430016,1728,-2120,616,139.999
26.435711,1726,-2120,618,139.999
26.440094,1723,-2121,620,139.999
26.444546,1722,-2122,622,139.999
26.450227,1720,-2122,624,139.999
26.454841,1719,-2122,625,139.999
26.460377,1720,-2122,626,139.999
26.464821,1723,-2121,626,139.999
26.470524,1724,-2118,626,139.999
26.474950,1726,-2115,623,139.999
26.480763,1726,-2113,621,139.999
26.485088,1726,-2112,622,139.999
26.489551,1726,-2112,623,139.999
26.495226,1727,-2113,626,139.999
26.499842,1726,-2115,627,139.999
26.505299,1726,-2117,629,139.999
26.509747,1724,-2118,631,139.999
26.515477,1721,-2120,630,139.999
26.519926,1719,-2122,632,140.004
26.524338,1717,-2123,632,140.004
26.530200,1716,-2123,634,140.004
26.534522,1716,-2121,634,140.010
26.540129,1717,-2117,634,140.010
26.544612,1718,-2115,634,140.010
26.550301,1718,-2114,631,140.010
26.554722,1719,-2113,630,140.010
26.560437,1720,-2112,628,140.010
26.564844,1722,-2112,627,140.010
26.569436,1725,-2113,627,140.010
26.574992,1728,-2114,625,140.010
26.579416,1731,-2116,622,140.004
26.585091,1731,-2119,624,140.004
26.589591,1732,-2120,626,140.004
26.595267,1733,-2120,632,140.004
26.599844,1735,-2119,637,139.999
26.604100,1736,-2117,642,139.999
26.609981,1736,-2115,645,139.999
26.614072,1733,-2115,647,139.999
26.620042,1729,-2116,644,139.999
26.624378,1726,-2117,641,139.999
26.630089,1724,-2119,639,139.999
26.634541,1724,-2119,634,139.999
26.640155,1724,-2118,632,139.999
26.644797,1723,-2118,632,139.999
26.649048,1720,-2118,629,139.999
26.654713,1719,-2119,625,139.999
26.659201,1717,-2121,623,139.999
26.664862,1716,-2122,621,139.999
26.669470,1717,-2123,622,139.999
26.674996,1716,-2124,624,139.999
26.679441,1717,-2125,627,140.004
26.683895,1717,-2128,631,140.004
26.689634,1717,-2130,635,140.004
26.694015,1718,-2132,638,140.004
26.699706,1716,-2133,640,140.004
26.704316,1715,-2133,640,140.004
26.709830,1714,-2134,639,140.004
26.714285,1714,-2134,638,140.004
26.720117,1714,-2134,639,140.010
26.724399,1716,-2134,640,140.010
26.728807,1716,-2133,642,140.010
26.734553,1716,-2131,641,140.010
26.738990,1716,-2129,639,140.010
26.744647,1714,-2126,636,140.010
26.749059,1714,-2122,632,140.015
26.754834,1713,-2121,630,140.015
26.759244,1712,-2121,628,140.015
26.763648,1712,-2119,628,140.021
26.769355,1713,-2119,629,140.021
26.773797,1714,-2115,630,140.021
26.779477,1717,-2112,632,140.021
26.783910,1718,-2109,633,140.021
26.789625,1720,-2107,634,140.021
26.794063,1722,-2106,632,140.021
26.799795,1723,-2105,631,140.015
26.804187,1724,-2104,630,140.015
26.808612,1725,-2104,629,140.015
26.814324,1725,-2105,630,140.010
26.818745,1725,-2105,631,140.010
26.824437,1726,-2105,631,140.010
26.828937,1727,-2103,632,140.010
26.834575,1727,-2102,631,140.010
26.839012,1726,-2100,630,140.010
26.843422,1727,-2101,629,140.010
26.849186,1727,-2104,625,140.010
26.853543,1725,-2107,625,140.010
26.859250,1724,-2110,626,140.010
26.863693,1722,-2113,628,140.010
26.869386,1720,-2116,632,140.015
26.873847,1718,-2118,636,140.015
26.879530,1718,-2120,637,140.015
26.884070,1717,-2121,639,140.010
26.888416,1716,-2122,638,140.015
26.894056,1716,-2121,639,140.010
26.898561,1716,-2120,642,140.010
26.904364,1715,-2120,641,140.010
26.908634,1715,-2118,643,140.010
26.914342,1715,-2117,642,140.010
26.918816,1713,-2115,641,140.010
26.923178,1710,-2114,640,140.010
26.928904,1709,-2114,639,140.010
26.933112,1709,-2114,638,140.010
26.939191,1709,-2114,635,140.010
26.943462,1711,-2115,633,140.010
26.949171,1713,-2116,631,140.015
26.953408,1714,-2116,630,140.015
26.959345,1714,-2116,629,140.015
26.963772,1716,-2116,627,140.015
26.968170,1719,-2115,627,140.015
26.973876,1720,-2113,629,140.015
26.978297,1722,-2112,627,140.015
26.983965,1723,-2111,627,140.015
26.988352,1725,-2111,627,140.015
26.994119,1725,-2112,629,140.015
26.998478,1724,-2114,630,140.015
27.002985,1724,-2113,630,140.015
27.008420,1724,-2113,628,140.015
27.012829,1724,-2110,626,140.015
27.018788,1725,-2110,623,140.010
27.023219,1727,-2111,621,140.010
27.028895,1729,-2112,622,140.010
27.033147,1732,-2115,623,140.010
27.039016,1734,-2117,623,140.010
27.043525,1736,-2119,625,140.004
27.047897,1735,-2120,626,140.004
27.053630,1734,-2120,627,140.004
27.058119,1732,-2121,630,140.004
27.063759,1730,-2120,629,140.004
27.068194,1730,-2120,627,140.004
27.073993,1730,-2121,625,140.004
27.078332,1731,-2123,622,140.004
27.082708,1731,-2123,620,140.004
27.088518,1730,-2124,617,140.004
27.092607,1729,-2122,616,140.004
27.098556,1728,-2121,616,140.010
27.102896,1726,-2117,619,140.010
27.108728,1723,-2115,624,140.010
27.113265,1719,-2114,627,140.010
27.118853,1716,-2114,628,140.010
27.123459,1712,-2114,627,140.010
27.127771,1710,-2115,625,140.010
27.133453,1709,-2115,623,140.010
27.137790,1709,-2114,623,140.010
27.143570,1710,-2115,626,140.010
27.148003,1712,-2114,626,140.010
27.153717,1714,-2114,626,140.010
27.158096,1716,-2114,625,140.010
27.162525,1718,-2113,625,140.010
27.168416,1719,-2113,625,140.010
27.172666,1720,-2113,627,140.010
27.178373,1720,-2114,630,140.010
27.182906,1719,-2115,629,140.010
27.188517,1717,-2116,629,140.010
27.193103,1716,-2116,627,140.010
27.198615,1715,-2116,625,140.010
27.203135,1714,-2118,623,140.010
27.207471,1714,-2118,622,140.010
27.213322,1715,-2120,621,140.010
27.217610,1715,-2121,620,140.010
27.223294,1714,-2122,619,140.015
27.227777,1713,-2121,617,140.015
27.233472,1712,-2120,612,140.015
27.237901,1710,-2118,610,140.015
27.242264,1708,-2117,606,140.015
27.248050,1707,-2117,604,140.021
27.252423,1706,-2117,605,140.021
27.258144,1707,-2119,608,140.021
27.262574,1707,-2119,611,140.021
27.268350,1708,-2119,617,140.021
27.272687,1712,-2117,620,140.026
27.278561,1716,-2115,622,140.026
27.282892,1720,-2115,621,140.026
27.287270,1722,-2115,618,140.026
27.293058,1724,-2118,620,140.026
27.297348,1725,-2120,621,140.026
27.303076,1727,-2122,620,140.026
27.307520,1730,-2123,620,140.026
27.313248,1731,-2122,618,140.021
27.317670,1731,-2122,613,140.021
27.322152,1730,-2119,610,140.021
27.327829,1731,-2116,608,140.021
27.332236,1730,-2114,611,140.021
27.337980,1730,-2112,614,140.021
27.342435,1728,-2107,618,140.015
27.348029,1726,-2105,620,140.015
27.352451,1726,-2104,622,140.015
27.358194,1726,-2103,622,140.015
27.362616,1727,-2104,619,140.015
27.367045,1727,-2105,617,140.015
27.372755,1726,-2105,612,140.015
27.377161,1724,-2105,609,140.015
27.382838,1723,-2107,608,140.015
27.387279,1722,-2108,608,140.015
27.392985,1721,-2109,611,140.015
27.397294,1720,-2111,613,140.015
27.401856,1716,-2112,616,140.021
27.407554,1713,-2113,619,140.021
27.411994,1713,-2117,622,140.021
27.417533,1713,-2119,622,140.021
27.422183,1714,-2121,622,140.021
27.427927,1718,-2122,622,140.021
27.432296,1720,-2121,623,140.015
27.438016,1721,-2121,626,140.015
27.442433,1721,-2122,628,140.015
27.446802,1720,-2122,630,140.015
27.452657,1720,-2123,633,140.015
27.456934,1721,-2124,634,140.015
27.462627,1723,-2124,635,140.015
27.467066,1727,-2123,635,140.015
27.472952,1729,-2122,638,140.015
27.477165,1732,-2122,640,140.015
27.481609,1734,-2123,643,140.015
27.487300,1734,-2125,644,140.021
27.491713,1734,-2129,645,140.021
27.497375,1733,-2132,645,140.021
27.501850,1733,-2132,643,140.021
27.507602,1733,-2131,639,140.021
27.512065,1732,-2126,632,140.015
27.517745,1731,-2123,627,140.015
27.522221,1730,-2121,620,140.015
27.526626,1728,-2120,615,140.015
27.532141,1727,-2120,612,140.015
27.536731,1726,-2122,610,140.015
27.542335,1726,-2123,614,140.021
27.546850,1725,-2124,617,140.021
27.552542,1724,-2127,620,140.021
27.557020,1723,-2129,625,140.021
27.561454,1723,-2130,628,140.021
27.567139,1721,-2129,629,140.021
27.571508,1719,-2129,632,140.021
27.577252,1718,-2126,630,140.026
27.581758,1718,-2124,631,140.026
27.587333,1720,-2122,630,140.026
27.591813,1722,-2119,627,140.026
27.597482,1725,-2120,625,140.026
27.601964,1728,-2121,623,140.026
27.606364,1729,-2122,622,140.026
27.612074,1733,-2123,621,140.021
27.616465,1733,-2121,621,140.021
27.622216,1733,-2119,620,140.021
27.626652,1735,-2118,618,140.021
27.632337,1736,-2118,614,140.021
27.636769,1736,-2116,615,140.021
27.641084,1735,-2115,615,140.015
27.646925,1734,-2114,617,140.015
27.651327,1733,-2112,621,140.015
27.657028,1733,-2113,624,140.015
27.661445,1731,-2115,627,140.015
27.667325,1731,-2116,629,140.015
27.671560,1729,-2118,630,140.015
27.677299,1727,-2120,630,140.015
27.681694,1723,-2122,630,140.015
27.686106,1723,-2123,630,140.015
27.691841,1724,-2125,631,140.021
27.696271,1724,-2125,630,140.026
27.701965,1727,-2124,631,140.032
27.706402,1728,-2122,629,140.037
27.712260,1728,-2119,627,140.043
27.716598,1728,-2116,627,140.054
27.721141,1728,-2114,628,140.065
27.726659,1726,-2113,630,140.070
27.731241,1726,-2112,633,140.087
27.736783,1727,-2111,634,140.098
27.741300,1727,-2111,635,140.109
27.746971,1728,-2112,634,140.120
27.751416,1729,-2114,634,140.131
27.757073,1728,-2117,637,140.142
27.761529,1727,-2120,640,140.153
27.765949,1726,-2121,645,140.158
27.771630,1725,-2122,648,140.169
27.776160,1725,-2120,651,140.169
27.781814,1725,-2121,653,140.169
27.786192,1724,-2120,658,140.169
27.792050,1722,-2120,660,140.164
27.796367,1720,-2119,662,140.158
27.800774,1721,-2120,661,140.153
27.806479,1721,-2119,659,140.147
27.810846,1721,-2118,657,140.142
27.816621,1720,-2118,657,140.136
27.821101,1718,-2117,657,140.136
27.826781,1715,-2113,655,140.131
27.831168,1714,-2111,653,140.125
27.836866,1714,-2109,649,140.125
27.841311,1714,-2106,644,140.125
27.845699,1714,-2105,641,140.125
27.851445,1713,-2105,640,140.120
27.855818,1712,-2104,643,140.120
27.861662,1711,-2104,650,140.120
27.865949,1709,-2106,653,140.114
27.871718,1708,-2106,654,140.109
27.876171,1709,-2107,653,140.109
27.880499,1710,-2108,647,140.103
27.886243,1711,-2108,644,140.092
27.890663,1713,-2108,645,140.087
27.896407,1713,-2107,647,140.081
27.900794,1713,-2107,650,140.070
27.906551,1713,-2106,651,140.065
27.910927,1714,-2102,651,140.054
27.916810,1715,-2100,651,140.048
27.921115,1715,-2099,650,140.043
27.925475,1716,-2098,651,140.037
27.931169,1718,-2097,649,140.037
27.935371,1718,-2099,648,140.032
27.941356,1719,-2100,647,140.032
27.945712,1716,-2101,646,140.032
27.951464,1714,-2102,647,140.037
27.955875,1714,-2102,647,140.043
27.960344,1713,-2103,649,140.048
27.966046,1714,-2105,650,140.054
27.970448,1714,-2107,652,140.059
27.976112,1714,-2110,652,140.065
27.980602,1714,-2113,650,140.076
27.986152,1716,-2116,648,140.081
27.990702,1719,-2117,648,140.087
27.996387,1721,-2118,648,140.092
28.000810,1722,-2117,649,140.098
28.004979,1723,-2116,650,140.098
28.010954,1722,-2115,652,140.103
28.015076,1721,-2113,653,140.103
28.020816,1722,-2112,656,140.109
28.025573,1721,-2113,658,140.109
28.030956,1722,-2113,659,140.109
28.035698,1722,-2113,658,140.109
28.040096,1722,-2113,659,140.109
28.045533,1722,-2112,659,140.103
28.050204,1722,-2112,656,140.103
28.056056,1721,-2111,654,140.103
28.060422,1721,-2111,650,140.098
28.066075,1723,-2112,646,140.098
28.070502,1723,-2112,644,140.092
28.076215,1725,-2113,644,140.092
28.080650,1727,-2113,644,140.087
28.085014,1730,-2113,642,140.087
28.090710,1731,-2112,640,140.087
28.095201,1731,-2112,636,140.087
28.100899,1730,-2111,632,140.087
28.105321,1729,-2111,630,140.092
28.111021,1729,-2109,628,140.092
28.115435,1728,-2109,622,140.092
28.119619,1726,-2109,621,140.098
28.125595,1725,-2109,622,140.103
28.130007,1723,-2110,626,140.109
28.135726,1722,-2109,633,140.114
28.140109,1721,-2107,638,140.120
28.145806,1719,-2106,640,140.125
28.150314,1718,-2105,642,140.131
28.155987,1718,-2104,641,140.136
28.160571,1719,-2105,641,140.142
28.164896,1721,-2106,640,140.147
28.170544,1721,-2109,638,140.153
28.175210,1723,-2111,639,140.158
28.180645,1723,-2112,640,140.164
28.185237,1723,-2114,642,140.164
28.190845,1721,-2114,646,140.169
28.195234,1717,-2113,649,140.169
28.199613,1713,-2110,652,140.169
28.205522,1711,-2107,653,140.175
28.209793,1711,-2106,654,140.175
28.215520,1712,-2106,659,140.175
28.219929,1713,-2106,663,140.175
28.225539,1714,-2106,667,140.175
28.229936,1713,-2105,671,140.169
28.235739,1714,-2104,671,140.169
28.240185,1714,-2102,668,140.169
28.244579,1712,-2101,665,140.169
28.250279,1713,-2099,661,140.169
28.254902,1713,-2097,659,140.169
28.260492,1711,-2095,658,140.169
28.265008,1710,-2093,656,140.169
28.270607,1708,-2092,654,140.169
28.275021,1706,-2093,652,140.175
28.279405,1704,-2093,649,140.175
28.285110,1703,-2094,648,140.180
28.289580,1703,-2094,649,140.180
28.295237,1702,-2094,650,140.186
28.299910,1702,-2094,649,140.191
28.305389,1702,-2094,652,140.191
28.309828,1702,-2093,655,140.197
28.315546,1704,-2093,657,140.202
28.320042,1703,-2093,659,140.208
28.324367,1701,-2093,661,140.208
28.330265,1699,-2093,660,140.213
28.334515,1698,-2095,655,140.213
28.340376,1696,-2097,652,140.219
28.344714,1696,-2098,653,140.219
28.350405,1697,-2097,656,140.219
28.354761,1699,-2095,660,140.219
28.359222,1700,-2093,661,140.219
28.365025,1703,-2093,660,140.213
28.369344,1704,-2094,661,140.213
28.374996,1706,-2096,660,140.208
28.379371,1707,-2096,659,140.202
28.385155,1709,-2097,657,140.197
28.389671,1711,-2096,653,140.191
28.395340,1711,-2095,650,140.180
28.399757,1710,-2097,648,140.175
28.404176,1709,-2097,648,140.169
28.409924,1708,-2097,649,140.158
28.414376,1706,-2097,651,140.153
28.420009,1705,-2098,655,140.147
28.424488,1705,-2097,657,140.142
28.430135,1705,-2097,658,140.142
28.434742,1707,-2097,656,140.136
28.438980,1708,-2097,654,140.131
28.444720,1709,-2097,650,140.131
28.449133,1710,-2098,645,140.125
28.454819,1711,-2099,644,140.120
28.459241,1712,-2099,643,140.114
28.464970,1712,-2099,644,140.109
28.469355,1713,-2097,645,140.103
28.475119,1713,-2095,645,140.098
28.479548,1714,-2094,644,140.087
28.483954,1716,-2092,643,140.081
28.489664,1719,-2091,642,140.070
28.494111,1722,-2092,641,140.059
28.499816,1723,-2093,639,140.054
28.504215,1724,-2095,638,140.043
28.509927,1722,-2098,637,140.032
28.514423,1722,-2101,637,140.026
28.518820,1722,-2102,637,140.015
28.524515,1723,-2104,636,140.010
28.528942,1725,-2105,635,139.999
28.534604,1726,-2105,632,139.993
28.539116,1725,-2105,627,139.988
28.544664,1723,-2103,625,139.982
28.549172,1722,-2102,623,139.977
28.554865,1721,-2102,621,139.971
28.559467,1720,-2103,619,139.966
28.563788,1718,-2104,615,139.966
28.569447,1718,-2105,614,139.960
28.573985,1717,-2105,614,139.960
28.579629,1717,-2107,616,139.960
28.584176,1718,-2108,617,139.966
28.589688,1719,-2109,618,139.966
28.594190,1718,-2111,618,139.971
28.598515,1714,-2112,617,139.977
28.604305,1711,-2114,619,139.982
28.608722,1709,-2116,621,139.988
28.614395,1709,-2118,624,139.993
28.618835,1710,-2119,624,140.004
28.624589,1710,-2121,624,140.010
28.629077,1711,-2122,624,140.015
28.634682,1709,-2123,622,140.021
28.639122,1707,-2123,624,140.026
28.643508,1705,-2122,627,140.032
28.649282,1702,-2121,631,140.037
28.653821,1704,-2119,636,140.043
28.659468,1705,-2117,639,140.043
28.663821,1706,-2117,641,140.048
28.669380,1706,-2117,645,140.048
28.674073,1706,-2118,647,140.054
28.678348,1707,-2119,651,140.054
28.684059,1705,-2119,654,140.054
28.688622,1706,-2120,657,140.054
28.694192,1708,-2121,660,140.059
28.698619,1711,-2124,662,140.059
28.704318,1714,-2125,663,140.059
28.708792,1716,-2126,662,140.065
28.714469,1719,-2128,659,140.065
28.718889,1719,-2127,656,140.065
28.723343,1718,-2127,654,140.070
28.729166,1717,-2125,653,140.070
28.733449,1715,-2124,652,140.076
28.739198,1713,-2122,655,140.076
28.743573,1713,-2121,656,140.081
28.749320,1711,-2119,654,140.081
28.753739,1709,-2117,654,140.087
28.758193,1709,-2116,650,140.087
28.763868,1710,-2114,647,140.087
28.768254,1711,-2113,647,140.092
28.774088,1712,-2113,647,140.092
28.778474,1714,-2110,646,140.092
28.784110,1714,-2108,645,140.092
28.788415,1716,-2108,644,140.092
28.794322,1717,-2107,640,140.092
28.798712,1717,-2107,640,140.092
28.803126,1718,-2109,641,140.092
28.808778,1718,-2109,641,140.092
28.813250,1718,-2108,639,140.092
28.819012,1720,-2109,640,140.092
28.823354,1721,-2108,638,140.092
28.829066,1721,-2107,637,140.092
28.833498,1720,-2105,637,140.092
28.837963,1720,-2103,637,140.092
28.843639,1719,-2101,637,140.092
28.848010,1718,-2100,637,140.092
28.853742,1717,-2098,639,140.092
28.858211,1718,-2097,636,140.092
28.863856,1718,-2098,634,140.092
28.868329,1719,-2098,631,140.092
28.874041,1719,-2100,628,140.092
28.878475,1719,-2103,632,140.092
28.882884,1720,-2106,635,140.092
28.888639,1720,-2107,638,140.092
28.893048,1720,-2109,644,140.092
28.898691,1719,-2110,649,140.092
28.903144,1719,-2109,653,140.092
28.908850,1719,-2110,655,140.092
28.913295,1718,-2109,654,140.098
28.917709,1718,-2108,652,140.098
28.923419,1718,-2107,650,140.098
28.927883,1718,-2107,650,140.103
28.933592,1720,-2105,649,140.103
28.938021,1720,-2104,649,140.109
28.943738,1720,-2103,647,140.114
28.948106,1719,-2102,643,140.114
28.953879,1718,-2103,643,140.120
28.958236,1717,-2104,643,140.125
28.962618,1716,-2105,645,140.131
28.968538,1716,-2107,648,140.136
28.972808,1715,-2107,650,140.136
28.978503,1716,-2109,650,140.142
28.982926,1717,-2109,649,140.147
28.988589,1717,-2109,650,140.147
28.993068,1716,-2108,648,140.147
28.997477,1715,-2106,645,140.153
29.003263,1714,-2105,643,140.153
29.007374,1714,-2105,641,140.153
29.013027,1714,-2106,641,140.153
29.017830,1715,-2108,641,140.153
29.023429,1715,-2111,644,140.153
29.027871,1716,-2113,647,140.153
29.033577,1716,-2115,647,140.158
29.038062,1714,-2115,648,140.158
29.042425,1715,-2116,649,140.164
29.048118,1715,-2114,650,140.164
29.052726,1715,-2113,653,140.169
29.058304,1715,-2112,655,140.175
29.062730,1714,-2112,658,140.175
29.068432,1712,-2112,658,140.180
29.072849,1712,-2111,658,140.180
29.077228,1713,-2112,656,140.186
29.083059,1712,-2112,654,140.186
29.087405,1712,-2111,654,140.186
29.093008,1711,-2110,653,140.186
29.097551,1708,-2109,654,140.186
29.103222,1704,-2108,655,140.180
29.107729,1699,-2108,655,140.180
29.113427,1698,-2108,656,140.180
29.117800,1698,-2108,656,140.175
29.122229,1701,-2108,656,140.175
29.128081,1703,-2107,654,140.175
29.132394,1701,-2106,655,140.175
29.137850,1699,-2103,656,140.175
29.142421,1697,-2100,660,140.169
29.147987,1693,-2097,663,140.169
29.152764,1692,-2093,664,140.169
29.157060,1691,-2091,663,140.169
29.162749,1692,-2090,659,140.169
29.167257,1691,-2089,659,140.169
29.172814,1693,-2089,660,140.169
29.177469,1693,-2088,661,140.169
29.182979,1694,-2088,663,140.169
29.187590,1696,-2089,666,140.169
29.193124,1697,-2091,670,140.169
29.197567,1697,-2092,677,140.169
29.202043,1697,-2094,682,140.169
29.207734,1696,-2094,685,140.169
29.212146,1696,-2094,685,140.169
29.217832,1697,-2093,682,140.164
29.222294,1698,-2093,677,140.164
29.227973,1700,-2093,672,140.164
29.232397,1701,-2095,670,140.158
29.236616,1700,-2097,667,140.158
29.242705,1698,-2099,665,140.158
29.247017,1696,-2098,662,140.153
29.252645,1694,-2097,660,140.153
29.257122,1691,-2097,661,140.153
29.262796,1690,-2097,663,140.153
29.267267,1687,-2098,666,140.153
29.273002,1686,-2099,672,140.153
29.277369,1687,-2100,674,140.153
29.281788,1687,-2100,674,140.153
29.287482,1687,-2102,672,140.153
29.291907,1688,-2104,671,140.147
29.297585,1686,-2103,669,140.147
29.301988,1683,-2103,670,140.147
29.307802,1682,-2101,674,140.147
29.312211,1679,-2100,676,140.147
29.316601,1677,-2100,677,140.147
29.322372,1676,-2100,676,140.147
29.326725,1675,-2100,676,140.142
29.332446,1675,-2101,675,140.142
29.336845,1677,-2102,675,140.142
29.342339,1678,-2102,675,140.147
29.347057,1680,-2101,673,140.147
29.352677,1680,-2100,669,140.147
29.357173,1678,-2101,668,140.147
29.361517,1678,-2102,667,140.147
29.367241,1678,-2102,668,140.153
29.371645,1679,-2101,665,140.153
29.377410,1680,-2100,666,140.158
29.381682,1680,-2098,666,140.164
29.387507,1680,-2095,666,140.175
29.391999,1678,-2092,667,140.180
29.396353,1677,-2088,671,140.186
29.402195,1678,-2086,673,140.191
29.406500,1678,-2084,675,140.197
29.412188,1677,-2082,678,140.202
29.416661,1678,-2080,679,140.208
29.422419,1679,-2080,676,140.213
29.426783,1681,-2078,674,140.213
29.432498,1683,-2077,668,140.213
29.436901,1686,-2075,662,140.213
29.441329,1687,-2075,657,140.208
29.447060,1689,-2073,655,140.208
29.451473,1691,-2073,656,140.202
29.457171,1691,-2073,657,140.197
29.461742,1691,-2072,661,140.191
29.467345,1690,-2073,663,140.186
29.471699,1690,-2074,664,140.180
29.476150,1690,-2074,664,140.175
29.481951,1690,-2075,665,140.169
29.486241,1690,-2076,665,140.164
29.491959,1687,-2077,667,140.158
29.496426,1686,-2079,668,140.153
29.502087,1687,-2080,668,140.147
29.506548,1689,-2081,666,140.136
29.512204,1690,-2081,663,140.131
29.516838,1691,-2082,663,140.125
29.521101,1691,-2083,662,140.120
29.526846,1689,-2082,664,140.109
29.531289,1687,-2081,663,140.103
29.537014,1686,-2080,660,140.092
29.541365,1687,-2079,657,140.087
29.547140,1688,-2079,658,140.076
29.551542,1691,-2080,658,140.065
29.555924,1694,-2082,657,140.059
29.561644,1697,-2084,656,140.048
29.565985,1700,-2085,655,140.037
29.571721,1700,-2086,653,140.026
29.576247,1699,-2086,652,140.015
29.581902,1697,-2084,649,140.004
29.586529,1695,-2083,644,139.993
29.592013,1696,-2082,642,139.982
29.596520,1696,-2083,643,139.971
29.600878,1697,-2085,646,139.960
29.606677,1699,-2089,650,139.949
29.611049,1700,-2092,651,139.938
29.616747,1702,-2093,652,139.927
29.621184,1704,-2094,653,139.916
29.626869,1704,-2093,653,139.905
29.631472,1707,-2092,650,139.894
29.635879,1709,-2092,648,139.878
29.641441,1711,-2092,643,139.861
29.645834,1714,-2092,635,139.845
29.651390,1716,-2093,626,139.828
29.655981,1718,-2093,617,139.812
29.661680,1719,-2095,611,139.796
29.666099,1721,-2097,606,139.779
29.671797,1723,-2098,602,139.763
29.676215,1724,-2100,597,139.746
29.680691,1725,-2101,593,139.730
29.686333,1724,-2104,590,139.713
29.690957,1725,-2107,590,139.697
29.696458,1726,-2111,594,139.680
29.700927,1727,-2113,596,139.669
29.706662,1730,-2115,597,139.653
29.711046,1731,-2117,597,139.642
29.715624,1731,-2119,596,139.631
29.721203,1730,-2121,599,139.625
29.725644,1728,-2124,599,139.620
29.731277,1726,-2126,601,139.614
29.735742,1725,-2127,600,139.614
29.741427,1727,-2127,599,139.609
29.745876,1730,-2127,598,139.609
29.751672,1731,-2128,597,139.609
29.756019,1732,-2129,597,139.603
29.760429,1732,-2131,597,139.603
29.766147,1733,-2133,599,139.598
29.770553,1734,-2134,596,139.592
29.776272,1738,-2135,590,139.587
29.780672,1741,-2135,587,139.581
29.786221,1744,-2136,584,139.581
29.790835,1746,-2137,586,139.576
29.795254,1746,-2138,591,139.576
29.800995,1746,-2139,594,139.576
29.805450,1744,-2139,595,139.576
29.811056,1741,-2140,597,139.576
29.815500,1739,-2139,598,139.576
29.821200,1739,-2137,596,139.576
29.825808,1741,-2135,593,139.576
29.831376,1742,-2133,590,139.576
29.835941,1744,-2130,588,139.581
29.840249,1745,-2129,587,139.581
29.845928,1747,-2130,590,139.587
29.850377,1749,-2130,591,139.592
29.856082,1750,-2132,591,139.598
29.860520,1751,-2133,591,139.609
29.866243,1750,-2134,590,139.614
29.870621,1750,-2133,591,139.625
29.875087,1752,-2132,594,139.636
29.880750,1751,-2131,593,139.642
29.885202,1751,-2130,590,139.647
29.890852,1751,-2130,588,139.653
29.895323,1750,-2130,586,139.658
29.900990,1749,-2130,584,139.664
29.905449,1748,-2129,586,139.669
29.911147,1747,-2129,589,139.669
29.915561,1746,-2129,592,139.669
29.920005,1744,-2129,595,139.669
29.925740,1744,-2132,597,139.669
29.930207,1744,-2135,600,139.669
29.935632,1745,-2137,603,139.664
29.940264,1747,-2137,606,139.658
29.946016,1748,-2137,609,139.653
29.950318,1750,-2135,612,139.647
29.954785,1752,-2135,614,139.642
29.960613,1753,-2134,614,139.636
29.964917,1756,-2131,611,139.631
29.970644,1758,-2130,608,139.625
29.975092,1760,-2128,605,139.620
29.980815,1761,-2128,600,139.614
29.985189,1762,-2130,597,139.614
29.991114,1760,-2130,594,139.609
29.995333,1758,-2130,593,139.603
29.999767,1755,-2129,593,139.598
30.005498,1754,-2128,593,139.592
30.009641,1756,-2129,592,139.587
30.015295,1756,-2130,589,139.581
30.020032,1757,-2132,588,139.576
30.025749,1757,-2132,587,139.570
30.029965,1759,-2132,589,139.565
30.034541,1759,-2132,585,139.559
30.040289,1762,-2131,580,139.554
30.044900,1762,-2131,578,139.554
30.050432,1761,-2130,576,139.548
30.054857,1761,-2130,576,139.543
30.060611,1761,-2130,581,139.537
30.064975,1760,-2130,587,139.532
30.070659,1761,-2131,591,139.526
30.075105,1762,-2131,593,139.526
30.079582,1764,-2133,594,139.521
30.085257,1766,-2135,595,139.515
30.089710,1767,-2137,597,139.515
30.095406,1769,-2139,599,139.515
30.099808,1769,-2140,599,139.510
30.105515,1769,-2142,598,139.510
30.109947,1769,-2144,597,139.504
30.114336,1770,-2146,594,139.504
30.120158,1771,-2149,594,139.504
30.124487,1772,-2151,593,139.504
30.130201,1773,-2152,589,139.504
30.134633,1776,-2152,591,139.510
30.140313,1777,-2150,594,139.510
30.144892,1777,-2148,596,139.510
30.150529,1777,-2146,598,139.515
30.154899,1776,-2144,594,139.515
30.159294,1776,-2143,589,139.521
30.165093,1776,-2144,585,139.521
30.169448,1777,-2144,580,139.526
30.175319,1778,-2145,580,139.526
30.179584,1779,-2146,584,139.532
30.185298,1780,-2147,586,139.537
30.189878,1782,-2147,587,139.543
30.194187,1784,-2147,587,139.543
30.199880,1784,-2147,583,139.548
30.204277,1783,-2147,579,139.559
30.209988,1782,-2147,575,139.559
30.214432,1779,-2147,572,139.570
30.220167,1777,-2148,572,139.576
30.224508,1775,-2148,571,139.581
30.230272,1772,-2149,572,139.587
30.234689,1770,-2150,571,139.592
30.239099,1768,-2151,569,139.592
30.244820,1769,-2151,570,139.598
30.249248,1770,-2153,569,139.598
30.254972,1771,-2153,569,139.598
30.259372,1773,-2152,568,139.598
30.265067,1774,-2151,570,139.603
30.269681,1774,-2150,571,139.603
30.273933,1772,-2150,571,139.603
30.279693,1772,-2152,571,139.603
30.284118,1770,-2154,574,139.609
30.289754,1766,-2158,576,139.609
30.294373,1765,-2163,578,139.614
30.299909,1762,-2164,578,139.614
30.304323,1760,-2164,576,139.620
30.310002,1759,-2162,574,139.625
30.314625,1759,-2159,570,139.625
30.318876,1759,-2155,572,139.631
30.324581,1758,-2154,574,139.636
30.329176,1757,-2153,579,139.642
30.334723,1756,-2150,586,139.647
30.339195,1755,-2149,592,139.647
30.344829,1754,-2146,597,139.653
30.349304,1754,-2144,601,139.658
30.353687,1753,-2142,601,139.658
30.359439,1755,-2141,604,139.664
30.363902,1757,-2141,606,139.664
30.369526,1759,-2140,607,139.664
30.373995,1760,-2140,606,139.669
30.379655,1759,-2139,602,139.669
30.384055,1759,-2139,599,139.675
30.389825,1758,-2140,596,139.675
30.394290,1757,-2140,594,139.680
30.398648,1756,-2141,593,139.686
30.404377,1755,-2143,590,139.691
30.408806,1755,-2144,586,139.697
30.414555,1756,-2147,583,139.702
30.418959,1758,-2150,582,139.708
30.424801,1760,-2154,581,139.719
30.429025,1761,-2156,581,139.724
30.433468,1763,-2156,583,139.735
30.439274,1765,-2154,586,139.746
30.443619,1763,-2152,587,139.757
30.449308,1764,-2150,586,139.768
30.453716,1765,-2149,585,139.779
30.459448,1764,-2148,584,139.790
30.463881,1765,-2146,583,139.801
30.469605,1767,-2147,583,139.818
30.474057,1769,-2148,584,139.828
30.478449,1770,-2150,585,139.834
30.484126,1772,-2152,587,139.845
30.488537,1774,-2154,590,139.850
30.494151,1773,-2156,592,139.856
30.498709,1773,-2157,593,139.861
30.504434,1772,-2158,593,139.861
30.508832,1771,-2157,595,139.861
30.513247,1770,-2155,595,139.861
30.519014,1770,-2154,596,139.861
30.523573,1770,-2153,598,139.856
30.529096,1770,-2153,600,139.856
30.533551,1771,-2153,603,139.850
30.539236,1771,-2152,604,139.845
30.543661,1771,-2151,603,139.834
30.549422,1771,-2151,602,139.828
30.553955,1772,-2149,598,139.818
30.558249,1773,-2149,592,139.812
30.563940,1775,-2150,586,139.801
30.568370,1778,-2153,584,139.790
30.574006,1782,-2157,581,139.785
30.578463,1785,-2160,581,139.774
30.584197,1787,-2161,582,139.763
30.588674,1788,-2161,586,139.752
30.593091,1786,-2160,586,139.741
30.598739,1784,-2161,589,139.735
30.603017,1782,-2162,591,139.724
30.608854,1779,-2163,591,139.713
30.613338,1777,-2166,593,139.708
30.619016,1776,-2166,593,139.697
30.623443,1777,-2168,596,139.691
30.629171,1777,-2169,595,139.686
30.633592,1778,-2168,595,139.680
30.638002,1777,-2168,597,139.675
30.643666,1776,-2168,599,139.669
30.648201,1775,-2167,600,139.669
30.653730,1771,-2165,598,139.664
30.658332,1769,-2165,602,139.664
30.663964,1768,-2163,600,139.658
30.668394,1768,-2163,600,139.658
30.672766,1769,-2164,599,139.658
30.678547,1770,-2164,597,139.658
30.682971,1770,-2165,597,139.664
30.688533,1769,-2165,596,139.664
30.693060,1769,-2164,595,139.669
30.698841,1768,-2163,593,139.675
30.703196,1769,-2162,592,139.686
30.708968,1770,-2161,591,139.691
30.713440,1769,-2161,589,139.702
30.717835,1767,-2162,584,139.713
30.723473,1766,-2163,580,139.724
30.727931,1763,-2165,576,139.741
30.733604,1761,-2168,572,139.757
30.738053,1761,-2169,571,139.774
30.743747,1762,-2171,569,139.796
30.748331,1763,-2171,570,139.812
30.752617,1766,-2170,571,139.828
30.758322,1768,-2169,573,139.850
30.762789,1768,-2168,577,139.867
30.768262,1768,-2167,582,139.883
30.772883,1766,-2166,588,139.894
30.778610,1764,-2166,590,139.905
30.783014,1764,-2164,588,139.916
30.788763,1762,-2160,584,139.922
30.793290,1763,-2157,583,139.927
30.797545,1763,-2153,581,139.933
30.803278,1761,-2150,583,139.933
30.807708,1760,-2147,586,139.938
30.813336,1759,-2145,593,139.944
30.817948,1758,-2145,599,139.949
30.823524,1757,-2144,604,139.955
30.827927,1756,-2142,606,139.960
30.832380,1755,-2141,609,139.966
30.838142,1755,-2141,609,139.971
30.842498,1755,-2140,607,139.977
30.848191,1753,-2140,608,139.982
30.852652,1752,-2139,609,139.988
30.858314,1751,-2138,611,139.999
30.862824,1751,-2138,615,140.004
30.868545,1751,-2138,620,140.010
30.873082,1751,-2138,625,140.010
30.877321,1752,-2136,626,140.015
30.883038,1755,-2134,626,140.015
30.887511,1756,-2130,624,140.015
30.893196,1758,-2127,623,140.015
30.897596,1759,-2124,622,140.010
30.903347,1757,-2121,623,140.010
30.907897,1756,-2118,623,140.004
30.912047,1754,-2117,624,139.999
30.917919,1755,-2115,625,139.999
30.922335,1756,-2114,628,139.993
30.928049,1755,-2115,629,139.993
30.932377,1754,-2115,630,139.993
30.938053,1753,-2115,628,139.993
30.942442,1753,-2115,625,139.988
30.948235,1752,-2114,625,139.988
30.952696,1751,-2113,629,139.982
30.957098,1750,-2113,634,139.977
30.962973,1749,-2114,639,139.971
30.967250,1749,-2114,642,139.966
30.972971,1749,-2114,642,139.960
30.977362,1746,-2114,643,139.949
30.983097,1743,-2113,646,139.944
30.987524,1739,-2111,648,139.938
30.991885,1736,-2111,650,139.933
30.997615,1733,-2112,651,139.933
31.001856,1732,-2114,650,139.927
31.007518,1731,-2116,650,139.927
31.011867,1730,-2118,648,139.922
31.017605,1730,-2118,647,139.922
31.022033,1730,-2119,647,139.922
31.027723,1728,-2118,644,139.922
31.032180,1728,-2119,642,139.922
31.036562,1727,-2121,640,139.922
31.042299,1727,-2122,638,139.922
31.046992,1728,-2122,633,139.922
31.052725,1728,-2121,625,139.922
31.057211,1729,-2119,617,139.922
31.063001,1730,-2117,608,139.922
31.067254,1731,-2116,602,139.922
31.071725,1732,-2114,598,139.922
31.077497,1731,-2114,596,139.922
31.081820,1730,-2115,596,139.922
31.087525,1731,-2116,594,139.922
31.092050,1730,-2117,593,139.916
31.097692,1732,-2119,592,139.916
31.102087,1735,-2119,591,139.916
31.107988,1736,-2118,593,139.916
31.112099,1738,-2118,597,139.916
31.116683,1738,-2118,602,139.916
31.122402,1739,-2118,605,139.922
31.126811,1740,-2120,606,139.922
31.132502,1741,-2123,605,139.927
31.136934,1743,-2126,606,139.933
31.142605,1744,-2127,607,139.938
31.147066,1744,-2129,609,139.944
31.151643,1744,-2129,610,139.949
31.157220,1742,-2126,610,139.949
31.161780,1741,-2126,608,139.955
31.167316,1741,-2125,607,139.960
31.171808,1741,-2123,608,139.966
31.177465,1741,-2122,608,139.966
31.181951,1742,-2120,610,139.971
31.187615,1742,-2119,611,139.977
31.192039,1741,-2116,611,139.977
31.196459,1739,-2114,613,139.977
31.202138,1736,-2113,617,139.977
31.206666,1731,-2111,624,139.977
31.212247,1727,-2110,629,139.977
31.216721,1725,-2108,631,139.977
31.222390,1722,-2104,632,139.977
31.226863,1720,-2103,631,139.977
31.231305,1717,-2101,629,139.977
31.237011,1715,-2100,628,139.982
31.241432,1713,-2100,631,139.988
31.247087,1711,-2100,634,139.993
31.251564,1711,-2101,637,139.999
31.257235,1709,-2102,638,140.010
31.261827,1708,-2102,637,140.015
31.267464,1708,-2101,636,140.021
31.271868,1708,-2098,634,140.026
31.276223,1708,-2096,634,140.032
31.282087,1709,-2094,634,140.037
31.286343,1708,-2094,633,140.043
31.291926,1708,-2096,632,140.043
31.296513,1708,-2097,633,140.048
31.302219,1706,-2098,634,140.048
31.306654,1704,-2099,635,140.048
31.310838,1701,-2098,635,140.054
31.316759,1698,-2096,633,140.054
31.321201,1697,-2095,629,140.048
31.326877,1696,-2093,626,140.048
31.331371,1695,-2092,624,140.048
31.337062,1695,-2093,623,140.043
31.341451,1696,-2094,622,140.043
31.347176,1697,-2096,625,140.043
31.351603,1699,-2097,626,140.037
31.355924,1699,-2098,629,140.037
31.361701,1698,-2100,634,140.032
31.366161,1696,-2100,635,140.032
31.371848,1694,-2100,636,140.026
31.376273,1693,-2099,634,140.026
31.381947,1693,-2097,632,140.021
31.386423,1693,-2096,630,140.015
31.390810,1692,-2097,628,140.010
31.396598,1692,-2097,626,140.010
31.401005,1692,-2101,622,140.004
31.406652,1692,-2103,623,140.004
31.411141,1693,-2104,627,139.999
31.416813,1695,-2106,630,139.999
31.421227,1698,-2108,634,139.993
31.426986,1700,-2109,637,139.993
31.431395,1701,-2112,637,139.993
31.435779,1702,-2113,636,139.988
31.441651,1701,-2113,633,139.988
31.445933,1700,-2112,630,139.988
31.451632,1701,-2113,631,139.982
31.456086,1703,-2115,632,139.982
31.461796,1705,-2116,632,139.977
31.466196,1707,-2117,632,139.977
31.470652,1707,-2116,632,139.971
31.476332,1706,-2116,631,139.971
31.480752,1706,-2116,630,139.966
31.486426,1707,-2116,630,139.960
31.490732,1710,-2115,627,139.960
31.496617,1711,-2114,627,139.955
31.501016,1713,-2115,628,139.955
31.506779,1715,-2115,627,139.949
31.511225,1716,-2114,627,139.949
31.515558,1718,-2114,627,139.949
31.521275,1718,-2114,624,139.949
31.525708,1717,-2113,622,139.955
31.531460,1718,-2111,622,139.955
31.535867,1717,-2110,620,139.955
31.541560,1717,-2110,619,139.960
31.546022,1720,-2109,619,139.960
31.550378,1721,-2107,617,139.960
31.556119,1723,-2106,616,139.960
31.560533,1724,-2106,614,139.966
31.566217,1723,-2106,614,139.960
31.570679,1723,-2106,612,139.960
31.576201,1723,-2107,612,139.960
31.580755,1721,-2109,611,139.960
31.586521,1720,-2110,610,139.960
31.590931,1721,-2111,611,139.960
31.595395,1723,-2110,610,139.955
31.601085,1726,-2110,611,139.955
31.605496,1728,-2110,610,139.955
31.611208,1731,-2109,610,139.955
31.615657,1733,-2109,612,139.955
31.621308,1734,-2109,615,139.955
31.625754,1734,-2107,617,139.955
31.630204,1733,-2105,622,139.955
31.635886,1732,-2103,624,139.955
31.640448,1732,-2101,624,139.960
31.645992,1733,-2101,626,139.960
31.650450,1733,-2101,628,139.966
31.656156,1733,-2102,629,139.971
31.660536,1733,-2104,633,139.977
31.666261,1732,-2105,634,139.977
31.670719,1732,-2107,635,139.982
31.675121,1733,-2108,636,139.982
31.680998,1732,-2109,637,139.988
31.685295,1732,-2108,635,139.993
31.691007,1731,-2107,635,139.993
31.695405,1730,-2107,634,139.999
31.701096,1728,-2106,635,139.999
31.705524,1726,-2105,636,140.004
31.709977,1723,-2103,634,140.004
31.715669,1721,-2101,631,140.004
31.720092,1721,-2100,629,140.010
31.725924,1722,-2099,628,140.010
31.730269,1723,-2098,624,140.010
31.736023,1724,-2099,624,140.010
31.740289,1724,-2101,623,140.010
31.746039,1723,-2102,620,140.010
31.750538,1721,-2106,620,140.010
31.754895,1720,-2108,620,140.010
31.760651,1717,-2110,622,140.004
31.765009,1713,-2112,625,140.010
31.770898,1710,-2112,631,140.010
31.775176,1706,-2112,633,140.010
31.780879,1705,-2112,633,140.010
31.785477,1704,-2112,630,140.015
31.789770,1702,-2111,625,140.015
31.795490,1701,-2111,622,140.015
31.799927,1700,-2111,621,140.021
31.805571,1702,-2111,622,140.021
31.810040,1704,-2111,625,140.026
31.815744,1706,-2111,632,140.026
31.820160,1707,-2109,637,140.032
31.826007,1708,-2107,639,140.032
31.830300,1708,-2104,641,140.032
31.834704,1707,-2101,640,140.032
31.840469,1707,-2099,641,140.037
31.844831,1706,-2097,641,140.037
31.850516,1707,-2096,641,140.037
31.854909,1708,-2097,641,140.037
31.860678,1709,-2097,641,140.037
31.865142,1709,-2099,639,140.032
31.869562,1709,-2100,637,140.032
31.875246,1708,-2100,634,140.032
31.879697,1708,-2099,630,140.026
31.885312,1708,-2098,626,140.026
31.889805,1709,-2098,620,140.026
31.895462,1710,-2100,618,140.026
31.899925,1709,-2102,616,140.026
31.905622,1708,-2103,614,140.032
31.910068,1709,-2105,611,140.032
31.914522,1710,-2105,610,140.037
31.920199,1708,-2105,609,140.037
31.924625,1709,-2103,608,140.043
31.930376,1706,-2102,611,140.043
31.934749,1704,-2103,614,140.043
31.940443,1702,-2103,619,140.048
31.944953,1701,-2103,621,140.048
31.949278,1700,-2102,625,140.048
31.955010,1701,-2100,631,140.054
31.959502,1701,-2098,632,140.054
31.965175,1700,-2097,634,140.054
31.969557,1699,-2097,633,140.054
31.975387,1697,-2096,631,140.054
31.979697,1696,-2095,630,140.054
31.985417,1694,-2094,631,140.054
31.989881,1692,-2093,634,140.054
31.994391,1690,-2092,637,140.048
32.000025,1689,-2091,638,140.048
32.004137,1690,-2089,640,140.048
32.010055,1692,-2087,639,140.043
32.014358,1695,-2086,638,140.043
32.020230,1697,-2086,635,140.043
32.024607,1697,-2086,630,140.043
32.029113,1694,-2087,626,140.043
32.034781,1693,-2087,623,140.043
32.039381,1692,-2086,621,140.048
32.044951,1694,-2086,622,140.048
32.049314,1696,-2089,622,140.054
32.055087,1700,-2091,625,140.054
32.059477,1704,-2095,628,140.059
32.065178,1706,-2098,631,140.059
32.069630,1706,-2102,635,140.065
32.074214,1705,-2106,638,140.065
32.079793,1704,-2108,640,140.065
32.084138,1703,-2110,639,140.065
32.089924,1703,-2110,637,140.065
32.094298,1704,-2109,635,140.065
32.100071,1705,-2107,630,140.059
32.104490,1705,-2106,629,140.059
32.108878,1707,-2106,631,140.054
32.114586,1707,-2105,632,140.048
32.119111,1706,-2104,632,140.043
32.124746,1705,-2103,633,140.037
32.129142,1705,-2099,631,140.037
32.134829,1705,-2095,626,140.032
32.139298,1705,-2095,623,140.026
32.144948,1708,-2097,622,140.026
32.149373,1709,-2099,619,140.021
32.153836,1708,-2102,621,140.021
32.159478,1706,-2103,621,140.021
32.163986,1703,-2104,624,140.021
32.169788,1699,-2105,627,140.021
32.174050,1696,-2105,633,140.021
32.179774,1694,-2106,639,140.026
32.184364,1694,-2108,644,140.026
32.188827,1695,-2108,646,140.032
32.194361,1696,-2108,647,140.032
32.198779,1698,-2107,646,140.032
32.204485,1699,-2105,643,140.037
32.208895,1699,-2103,642,140.037
32.214782,1701,-2100,640,140.037
32.219057,1700,-2099,637,140.037
32.224795,1699,-2098,634,140.037
32.229181,1699,-2098,631,140.043
32.233558,1699,-2099,629,140.043
32.239346,1696,-2099,626,140.043
32.243774,1696,-2100,623,140.043
32.249424,1696,-2101,621,140.043
32.253890,1697,-2101,618,140.043
32.259638,1700,-2099,617,140.043
32.263985,1701,-2097,617,140.043
32.268399,1702,-2095,617,140.048
32.274101,1703,-2093,619,140.048
32.278555,1704,-2091,620,140.048
32.284220,1704,-2090,617,140.054
32.288702,1704,-2089,613,140.054
32.294400,1704,-2087,609,140.054
32.298866,1704,-2085,609,140.059
32.304485,1705,-2084,613,140.059
32.308968,1707,-2082,618,140.065
32.313378,1708,-2083,625,140.065
32.319067,1709,-2084,630,140.065
32.323437,1711,-2085,632,140.070
32.329346,1710,-2086,634,140.070
32.333621,1711,-2086,634,140.076
32.339352,1711,-2087,633,140.076
32.343767,1711,-2088,633,140.081
32.348166,1712,-2088,631,140.087
32.353926,1713,-2088,630,140.087
32.358326,1713,-2088,627,140.087
32.363993,1711,-2088,625,140.092
32.368511,1709,-2089,627,140.092
32.374170,1706,-2088,630,140.098
32.378591,1704,-2087,635,140.098
32.384299,1702,-2086,640,140.098
32.388692,1701,-2084,644,140.098
32.393133,1701,-2083,645,140.103
32.398885,1703,-2085,645,140.103
32.403304,1704,-2087,647,140.098
32.409011,1705,-2089,648,140.098
32.413425,1706,-2090,648,140.098
32.419124,1705,-2090,647,140.098
32.423550,1704,-2089,647,140.098
32.428128,1704,-2089,647,140.098
32.433701,1703,-2087,648,140.098
32.438100,1702,-2088,649,140.098
32.443759,1703,-2090,650,140.098
32.448257,1704,-2091,651,140.098
32.453940,1705,-2093,652,140.098
32.458483,1707,-2095,653,140.098
32.464094,1708,-2095,653,140.098
32.468519,1708,-2095,649,140.098
32.473049,1708,-2095,645,140.098
32.478649,1707,-2095,642,140.098
32.483218,1706,-2095,639,140.098
32.488747,1706,-2095,639,140.098
32.493180,1707,-2094,638,140.098
32.498983,1707,-2093,639,140.098
32.503360,1708,-2093,642,140.098
32.507762,1710,-2093,646,140.098
32.513501,1709,-2093,653,140.098
32.517894,1709,-2093,656,140.098
32.523597,1706,-2092,655,140.103
32.528065,1702,-2093,654,140.103
32.533765,1700,-2095,655,140.103
32.538161,1701,-2097,655,140.109
32.543881,1702,-2099,656,140.109
32.548283,1704,-2100,657,140.114
32.552689,1704,-2100,655,140.114
32.558431,1702,-2097,653,140.120
32.562851,1700,-2095,649,140.125
32.568513,1696,-2092,645,140.125
32.572995,1696,-2089,642,140.131
32.578708,1695,-2087,643,140.136
32.583069,1697,-2084,642,140.136
32.587698,1698,-2081,645,140.142
32.593280,1699,-2078,647,140.142
32.597679,1700,-2079,646,140.142
32.603366,1702,-2079,649,140.142
32.607825,1703,-2081,651,140.142
32.613472,1704,-2081,651,140.142
32.617890,1705,-2080,652,140.142
32.623645,1705,-2081,652,140.142
32.628090,1705,-2081,651,140.142
32.632675,1705,-2083,652,140.142
32.638219,1704,-2085,652,140.142
32.642597,1703,-2085,651,140.136
32.648241,1702,-2084,652,140.136
32.652767,1699,-2084,653,140.136
32.658476,1697,-2081,654,140.136
32.662834,1695,-2079,656,140.136
32.667273,1693,-2078,658,140.136
32.673019,1692,-2077,661,140.136
32.677447,1691,-2076,663,140.136
32.683148,1690,-2075,665,140.136
32.687600,1688,-2074,665,140.131
32.693300,1686,-2074,663,140.131
32.697890,1687,-2074,662,140.131
32.703453,1688,-2076,661,140.125
32.707902,1688,-2075,661,140.125
32.712361,1688,-2075,663,140.125
32.717954,1688,-2073,663,140.120
32.722423,1687,-2071,664,140.120
32.728141,1687,-2070,664,140.120
32.732518,1687,-2068,659,140.120
32.738252,1687,-2066,658,140.120
32.742832,1687,-2063,654,140.120
32.747100,1687,-2060,652,140.120
32.752832,1685,-2058,653,140.120
32.757295,1684,-2055,655,140.120
32.763116,1682,-2053,656,140.125
32.767416,1681,-2053,658,140.125
32.773074,1681,-2053,656,140.125
32.777480,1682,-2053,655,140.131
32.783220,1685,-2054,653,140.131
32.787704,1688,-2056,652,140.131
32.792086,1689,-2057,653,140.131
32.797774,1689,-2060,653,140.131
32.802175,1686,-2063,654,140.131
32.807899,1683,-2065,655,140.125
32.812282,1682,-2066,657,140.125
32.818042,1680,-2067,659,140.125
32.822619,1678,-2067,662,140.120
32.826866,1678,-2068,667,140.120
32.832596,1678,-2070,671,140.114
32.837041,1680,-2071,672,140.114
32.842737,1682,-2073,673,140.109
32.847113,1684,-2076,675,140.109
32.852950,1685,-2078,677,140.109
32.857252,1686,-2078,676,140.103
32.862998,1687,-2078,675,140.103
32.867387,1688,-2076,668,140.098
32.871839,1687,-2075,662,140.092
32.877509,1689,-2076,657,140.092
32.881982,1689,-2076,655,140.087
32.887695,1688,-2078,656,140.081
32.892108,1688,-2080,656,140.081
32.897784,1687,-2081,655,140.076
32.902229,1687,-2084,655,140.070
32.906649,1688,-2086,653,140.070
32.912407,1688,-2088,648,140.065
32.916846,1688,-2089,644,140.065
32.922519,1685,-2090,643,140.059
32.927119,1682,-2090,643,140.059
32.932612,1679,-2090,644,140.059
32.937165,1677,-2089,645,140.059
32.942806,1678,-2090,649,140.054
32.947270,1677,-2090,652,140.054
32.951493,1677,-2090,653,140.054
32.957304,1675,-2091,654,140.054
32.961790,1674,-2088,649,140.054
32.967638,1673,-2086,643,140.054
32.972075,1673,-2085,639,140.054
32.977753,1673,-2083,636,140.054
32.982029,1674,-2084,638,140.054
32.986452,1674,-2085,643,140.048
32.992255,1677,-2087,647,140.048
32.996628,1680,-2090,646,140.043
33.002289,1684,-2092,641,140.043
33.006495,1687,-2093,637,140.037
33.012331,1689,-2093,633,140.037
33.016705,1692,-2091,632,140.037
33.022621,1693,-2091,635,140.037
33.027079,1695,-2089,636,140.032
33.031160,1697,-2090,636,140.032
33.037187,1698,-2090,636,140.026
33.041538,1697,-2090,635,140.026
33.047290,1697,-2091,636,140.026
33.051676,1695,-2089,640,140.026
33.057453,1694,-2088,643,140.026
33.061848,1695,-2090,644,140.032
33.066221,1697,-2090,642,140.032
33.072019,1698,-2092,639,140.037
33.076225,1699,-2092,633,140.043
33.082073,1699,-2092,629,140.048
33.086499,1698,-2092,625,140.054
33.092172,1698,-2093,626,140.054
33.096620,1698,-2094,629,140.059
33.102343,1696,-2095,632,140.059
33.106853,1694,-2095,634,140.059
33.111245,1694,-2095,636,140.059
33.117096,1693,-2094,637,140.059
33.121524,1693,-2093,639,140.059
33.127009,1693,-2093,642,140.054
33.131624,1692,-2093,643,140.054
33.137195,1693,-2094,643,140.054
33.141619,1693,-2095,642,140.048
33.146007,1692,-2096,642,140.048
33.151751,1692,-2097,642,140.043
33.156214,1694,-2097,642,140.043
33.161863,1696,-2096,644,140.037
33.166272,1699,-2095,645,140.037
33.172002,1701,-2094,647,140.037
33.176587,1704,-2095,649,140.037
33.182145,1705,-2095,648,140.037
33.186540,1706,-2097,649,140.037
33.190832,1705,-2098,650,140.043
33.196709,1705,-2099,652,140.043
33.201190,1705,-2100,652,140.048
33.206613,1704,-2101,650,140.048
33.211215,1705,-2101,648,140.054
33.216957,1706,-2099,645,140.059
33.221471,1707,-2097,644,140.059
33.225854,1709,-2095,646,140.065
33.231596,1711,-2094,647,140.065
33.236013,1713,-2094,649,140.070
33.241700,1714,-2094,649,140.070
33.246102,1715,-2094,647,140.076
33.251807,1714,-2095,643,140.076
33.256284,1714,-2096,643,140.076
33.262115,1714,-2097,645,140.081
33.266429,1715,-2097,646,140.081
33.270746,1715,-2097,650,140.081
33.276522,1715,-2095,654,140.081
33.280742,1714,-2094,654,140.081
33.286646,1712,-2093,653,140.081
33.291088,1712,-2091,654,140.081
33.296780,1712,-2090,653,140.081
33.301194,1712,-2091,652,140.081
33.305628,1711,-2092,652,140.081
33.311370,1710,-2092,651,140.087
33.315718,1707,-2092,647,140.087
33.321400,1705,-2091,645,140.087
33.325862,1704,-2090,643,140.087
33.331570,1706,-2090,639,140.087
33.336020,1707,-2090,638,140.081
33.341703,1710,-2091,636,140.081
33.345872,1713,-2091,635,140.081
33.350531,1714,-2091,635,140.076
33.356147,1716,-2091,637,140.076
33.360704,1717,-2091,638,140.070
33.366380,1716,-2091,641,140.070
33.370761,1717,-2091,644,140.065
33.376592,1714,-2089,648,140.065
33.380953,1711,-2089,651,140.059
33.385413,1710,-2088,654,140.059
33.391100,1709,-2087,653,140.054
33.395508,1708,-2087,654,140.048
33.401243,1708,-2087,652,140.048
33.405699,1710,-2089,651,140.043
33.411333,1711,-2090,651,140.037
33.415821,1711,-2092,650,140.032
33.421370,1711,-2092,651,140.026
33.425926,1710,-2093,651,140.026
33.430376,1708,-2093,653,140.021
33.436095,1708,-2093,653,140.015
33.440655,1710,-2094,652,140.010
33.446301,1712,-2095,651,140.010
33.450585,1712,-2095,649,140.010
33.456321,1713,-2096,647,140.004
33.460898,1711,-2097,644,140.004
33.465107,1710,-2097,641,140.004
33.470993,1709,-2098,637,140.004
33.475373,1708,-2100,638,140.004
33.480967,1707,-2100,638,139.999
33.485629,1705,-2099,638,140.004
33.491264,1703,-2098,638,140.004
33.495619,1704,-2097,640,140.004
33.501314,1703,-2096,641,140.004
33.505750,1704,-2097,645,140.004
33.510135,1704,-2099,650,140.010
33.515837,1704,-2102,653,140.010
33.520275,1705,-2105,655,140.015
33.525968,1705,-2107,654,140.021
33.530555,1706,-2108,652,140.026
33.536246,1707,-2110,648,140.026
33.540691,1709,-2111,646,140.032
33.544893,1711,-2110,647,140.037
33.550674,1711,-2109,646,140.043
33.555254,1711,-2106,646,140.048
33.560821,1710,-2103,645,140.048
33.565303,1710,-2101,645,140.054
33.570932,1710,-2100,644,140.059
33.575304,1710,-2099,646,140.059
33.581092,1713,-2098,649,140.065
33.585477,1714,-2099,649,140.065
33.589924,1715,-2100,651,140.065
33.595600,1715,-2101,650,140.070
33.600053,1714,-2100,648,140.070
33.605723,1712,-2099,648,140.076
33.610145,1711,-2098,649,140.076
33.615877,1710,-2097,650,140.081
33.620295,1711,-2097,653,140.081
33.624705,1710,-2098,656,140.087
33.630420,1709,-2100,658,140.092
33.634842,1706,-2100,658,140.092
33.640531,1705,-2100,657,140.092
33.644990,1704,-2097,657,140.098
33.650663,1703,-2095,656,140.098
33.655171,1702,-2092,655,140.098
33.660840,1702,-2089,656,140.098
33.665272,1702,-2088,654,140.098
33.669647,1702,-2087,652,140.098
33.675343,1702,-2084,651,140.098
33.679824,1701,-2083,653,140.098
33.685496,1699,-2084,654,140.098
33.689941,1698,-2084,654,140.098
33.695643,1697,-2086,657,140.098
33.700083,1696,-2087,661,140.098
33.704490,1697,-2086,663,140.098
33.710228,1698,-2086,665,140.092
33.714653,1699,-2086,665,140.092
33.720312,1699,-2086,662,140.092
33.724699,1700,-2087,657,140.087
33.730518,1698,-2089,654,140.087
33.734925,1696,-2092,652,140.087
33.740654,1694,-2093,652,140.081
33.745110,1693,-2094,652,140.081
33.749429,1693,-2094,654,140.081
33.755147,1693,-2093,653,140.081
33.759642,1693,-2093,652,140.076
33.765356,1693,-2092,653,140.076
33.769699,1693,-2091,654,140.076
33.775570,1692,-2091,655,140.076
33.779853,1691,-2089,652,140.070
33.784277,1691,-2086,650,140.070
33.790065,1689,-2083,647,140.070
33.794426,1689,-2079,644,140.070
33.800099,1691,-2078,644,140.070
33.804566,1691,-2080,644,140.070
33.810246,1692,-2082,645,140.070
33.814721,1691,-2083,646,140.070
33.820372,1688,-2083,646,140.070
33.824851,1686,-2080,645,140.076
33.829357,1682,-2079,644,140.076
33.835038,1677,-2077,645,140.076
33.839383,1676,-2077,646,140.076
33.845026,1674,-2078,648,140.076
33.849438,1674,-2078,650,140.076
33.855162,1677,-2079,648,140.076
33.859633,1680,-2080,646,140.076
33.864002,1684,-2081,644,140.081
33.869780,1686,-2080,645,140.081
33.874135,1689,-2081,646,140.081
33.879919,1690,-2081,649,140.081
33.884333,1692,-2081,651,140.081
33.889998,1692,-2083,648,140.081
33.894246,1693,-2084,645,140.081
33.900162,1693,-2086,643,140.081
33.904601,1692,-2089,639,140.081
33.909009,1694,-2092,639,140.081
33.914873,1695,-2094,640,140.081
33.919186,1698,-2094,639,140.081
33.924838,1701,-2091,641,140.081
33.929321,1701,-2088,642,140.081
33.934997,1701,-2085,644,140.081
33.939151,1701,-2083,646,140.081
33.943810,1699,-2083,648,140.081
33.949565,1697,-2085,650,140.081
33.953962,1694,-2086,649,140.087
33.959672,1692,-2085,649,140.087
33.964124,1691,-2083,647,140.087
33.969923,1691,-2082,641,140.087
33.974223,1692,-2083,635,140.081
33.979962,1694,-2084,631,140.081
33.984361,1695,-2086,625,140.081
33.988776,1696,-2088,623,140.076
33.994463,1696,-2089,625,140.076
33.998956,1696,-2089,627,140.070
34.004629,1696,-2089,631,140.070
34.008802,1695,-2089,633,140.065
34.014529,1694,-2088,634,140.059
34.019177,1692,-2087,634,140.059
34.023601,1691,-2088,635,140.054
34.029397,1689,-2089,635,140.048
34.033573,1689,-2090,636,140.048
34.039390,1689,-2091,638,140.043
34.043872,1690,-2092,641,140.043
34.049546,1691,-2094,643,140.043
34.054075,1693,-2096,644,140.043
34.059759,1695,-2097,644,140.043
34.064183,1696,-2097,643,140.043
34.068600,1698,-2095,642,140.043
34.074274,1701,-2093,641,140.043
34.078696,1701,-2091,640,140.043
34.084423,1703,-2090,638,140.037
34.088866,1704,-2091,637,140.037
34.094456,1707,-2093,638,140.037
34.098916,1709,-2093,638,140.037
34.103410,1711,-2095,637,140.037
34.109119,1712,-2095,635,140.037
34.113541,1713,-2094,633,140.043
34.119196,1714,-2094,633,140.043
34.123659,1714,-2095,633,140.043
34.129385,1714,-2095,636,140.043
34.133775,1714,-2096,639,140.043
34.139553,1714,-2096,641,140.048
34.144035,1713,-2097,646,140.048
34.148380,1713,-2098,649,140.048
34.154053,1712,-2100,652,140.054
34.158337,1709,-2100,653,140.054
34.164203,1706,-2101,653,140.054
34.168631,1704,-2100,653,140.054
34.174438,1703,-2099,651,140.054
34.178703,1702,-2099,650,140.054
34.183309,1702,-2098,646,140.054
34.188875,1701,-2098,639,140.054
34.193251,1700,-2097,633,140.054
34.199116,1701,-2097,629,140.054
34.203424,1702,-2096,626,140.059
34.209176,1704,-2097,624,140.059
34.213511,1706,-2096,621,140.059
34.219278,1710,-2095,619,140.059
34.223736,1710,-2093,615,140.059
34.228094,1711,-2091,614,140.059
34.233959,1711,-2090,613,140.065
34.238136,1709,-2090,610,140.065
34.244015,1709,-2090,610,140.065
34.248364,1709,-2090,611,140.065
34.254148,1709,-2090,614,140.065
34.258520,1710,-2090,618,140.065
34.262892,1710,-2091,623,140.065
34.268778,1711,-2094,625,140.065
34.272876,1711,-2097,629,140.065
34.278751,1711,-2099,631,140.065
34.283201,1712,-2101,633,140.059
34.288942,1711,-2101,636,140.059
34.293296,1711,-2101,641,140.059
34.299094,1710,-2100,647,140.059
34.303441,1709,-2100,654,140.059
34.308023,1707,-2100,658,140.054
34.313574,1706,-2100,663,140.054
34.318075,1706,-2100,665,140.054
34.323772,1706,-2101,663,140.054
34.328069,1706,-2100,664,140.054
34.333843,1705,-2100,664,140.054
34.338282,1705,-2099,666,140.054
34.342779,1705,-2098,667,140.054
34.348426,1706,-2096,667,140.054
34.352813,1708,-2095,664,140.059
34.358672,1710,-2095,659,140.059
34.363174,1713,-2097,655,140.059
34.368674,1713,-2097,652,140.059
34.373050,1712,-2097,649,140.059
34.378975,1711,-2097,646,140.054
34.383275,1711,-2095,646,140.054
34.387679,1710,-2094,646,140.054
34.393381,1710,-2091,647,140.054
34.397797,1709,-2089,648,140.054
34.403649,1706,-2088,650,140.054
34.407950,1702,-2086,648,140.054
34.413652,1701,-2086,649,140.054
34.418124,1699,-2087,650,140.048
34.422478,1696,-2086,649,140.048
34.428356,1694,-2085,648,140.048
34.432604,1693,-2084,647,140.048
34.438302,1692,-2083,645,140.048
34.442745,1692,-2084,645,140.048
34.448432,1694,-2086,646,140.054
34.452859,1696,-2088,648,140.054
34.458659,1697,-2087,648,140.054
34.463166,1697,-2087,650,140.054
34.467432,1698,-2085,652,140.054
34.473164,1697,-2083,653,140.054
34.477609,1697,-2083,653,140.054
34.483307,1698,-2084,652,140.054
34.487685,1701,-2085,650,140.054
34.493351,1704,-2087,647,140.048
34.497847,1706,-2090,644,140.048
34.502252,1705,-2091,642,140.043
34.508016,1705,-2092,639,140.043
34.512453,1704,-2092,635,140.037
34.518037,1704,-2092,634,140.037
34.522530,1704,-2090,631,140.032
34.528371,1704,-2088,629,140.032
34.532631,1704,-2088,628,140.026
34.538370,1702,-2087,627,140.026
34.542786,1702,-2087,626,140.021
34.547248,1701,-2089,624,140.021
34.552948,1701,-2089,621,140.021
34.557399,1700,-2089,620,140.015
34.563044,1701,-2089,621,140.015
34.567481,1702,-2088,624,140.015
34.573161,1704,-2087,628,140.015
34.577602,1706,-2086,631,140.015
34.582043,1706,-2086,634,140.015
34.587934,1706,-2088,636,140.015
34.592149,1705,-2088,634,140.015
34.597938,1706,-2088,635,140.015
34.602117,1706,-2088,633,140.015
34.608038,1705,-2086,633,140.015
34.612454,1707,-2084,633,140.015
34.618194,1707,-2084,632,140.015
34.622649,1707,-2085,633,140.015
34.627087,1708,-2086,630,140.015
34.632750,1708,-2087,626,140.015
34.637144,1708,-2089,621,140.015
34.642855,1710,-2091,618,140.015
34.647229,1710,-2092,614,140.015
34.652999,1712,-2091,614,140.015
34.657359,1714,-2090,614,140.021
34.661829,1715,-2089,615,140.021
34.667567,1716,-2089,613,140.021
34.671970,1716,-2091,613,140.021
34.677572,1713,-2094,612,140.026
34.682250,1710,-2096,613,140.026
34.687855,1709,-2098,614,140.026
34.692266,1708,-2096,618,140.032
34.697969,1707,-2094,620,140.032
34.702412,1707,-2092,622,140.032
34.706777,1705,-2089,625,140.037
34.712468,1704,-2086,627,140.037
34.716928,1703,-2083,631,140.037
34.722587,1704,-2081,635,140.037
34.726995,1704,-2079,635,140.032
34.732826,1704,-2077,635,140.032
34.737245,1706,-2075,633,140.032
34.741624,1707,-2075,631,140.032
34.747309,1709,-2075,632,140.032
34.751913,1712,-2075,634,140.032
34.757411,1716,-2077,638,140.026
34.761926,1718,-2079,640,140.026
34.767583,1718,-2081,641,140.026
34.772018,1717,-2082,643,140.021
34.777867,1715,-2084,646,140.021
34.782183,1714,-2086,648,140.021
34.786610,1713,-2086,651,140.015
34.792279,1712,-2087,653,140.015
34.796755,1712,-2087,653,140.010
34.802399,1711,-2085,653,140.010
34.806869,1711,-2082,652,140.010
34.812536,1710,-2078,651,140.004
34.817020,1710,-2074,651,140.004
34.821364,1711,-2070,652,139.999
34.827111,1712,-2069,649,139.999
34.831568,1711,-2067,647,139.999
34.837217,1711,-2067,646,139.993
34.841586,1710,-2067,646,139.993
34.847347,1710,-2070,647,139.993
34.851872,1711,-2071,648,139.993
34.857535,1713,-2074,647,139.993
34.861907,1714,-2076,647,139.988
34.866348,1714,-2077,646,139.988
34.872034,1714,-2078,645,139.988
34.876476,1712,-2080,646,139.988
34.882159,1710,-2082,648,139.988
34.886640,1709,-2086,650,139.988
34.892364,1708,-2090,651,139.988
34.896757,1707,-2090,651,139.988
34.901173,1707,-2091,652,139.988
34.906893,1707,-2091,652,139.988
34.911327,1707,-2091,653,139.988
34.916978,1708,-2091,654,139.988
34.921421,1710,-2091,651,139.988
34.927130,1712,-2091,651,139.988
34.931731,1712,-2091,649,139.988
34.937303,1712,-2092,643,139.988
34.941460,1712,-2092,639,139.982
34.946124,1713,-2093,634,139.982
34.951879,1714,-2093,631,139.982
34.956239,1714,-2092,630,139.982
34.962006,1713,-2093,631,139.977
34.966374,1713,-2092,630,139.977
34.972237,1714,-2090,629,139.971
34.976444,1715,-2089,628,139.971
34.980921,1716,-2087,626,139.971
34.986834,1716,-2086,625,139.966
34.991144,1716,-2085,621,139.966
34.996779,1718,-2085,620,139.966
35.001267,1720,-2086,619,139.960
35.006706,1720,-2087,618,139.960
35.011163,1721,-2089,621,139.960
35.016858,1720,-2090,623,139.960
35.021552,1717,-2090,626,139.960
35.025888,1712,-2090,628,139.960
35.031352,1708,-2090,625,139.960
35.036005,1705,-2091,623,139.960
35.041743,1704,-2091,622,139.960
35.046230,1704,-2091,621,139.960
35.051983,1704,-2091,625,139.955
35.056289,1705,-2091,628,139.955
35.060876,1706,-2092,630,139.955
35.066614,1708,-2094,634,139.955
35.070871,1710,-2096,635,139.955
35.076589,1712,-2098,637,139.949
35.081026,1714,-2099,641,139.949
35.086779,1714,-2101,644,139.949
35.091103,1713,-2102,648,139.949
35.097032,1713,-2104,649,139.949
35.101345,1713,-2104,648,139.949
35.105687,1714,-2105,645,139.949
35.111397,1715,-2106,641,139.949
35.115909,1715,-2107,634,139.949
35.121570,1714,-2106,627,139.949
35.125943,1713,-2105,622,139.949
35.131704,1712,-2102,618,139.955
35.136275,1712,-2101,618,139.955
35.140523,1711,-2102,619,139.955
35.146432,1710,-2103,621,139.955
35.150453,1708,-2104,622,139.960
35.156335,1709,-2104,622,139.960
35.160802,1709,-2103,619,139.960
35.166494,1709,-2101,615,139.966
35.170911,1709,-2101,613,139.966
35.176653,1709,-2102,613,139.966
35.181047,1709,-2104,613,139.966
35.185460,1709,-2104,613,139.966
35.191204,1709,-2106,618,139.966
35.195803,1711,-2105,619,139.966
35.201192,1713,-2105,620,139.966
35.205782,1714,-2105,623,139.966
35.211506,1715,-2104,628,139.966
35.215885,1715,-2103,633,139.966
35.220317,1716,-2103,638,139.966
35.226091,1717,-2103,642,139.966
35.230493,1719,-2103,642,139.966
35.236192,1721,-2104,642,139.966
35.240566,1721,-2104,640,139.966
35.246328,1719,-2104,639,139.960
35.250686,1717,-2103,642,139.960
35.256494,1715,-2103,645,139.960
35.260924,1713,-2101,648,139.960
35.265237,1713,-2102,652,139.960
35.270978,1713,-2102,655,139.960
35.275362,1711,-2102,656,139.960
35.281128,1710,-2103,658,139.960
35.285522,1710,-2101,657,139.960
35.291224,1710,-2099,654,139.960
35.295810,1711,-2097,650,139.960
35.300071,1712,-2095,644,139.960
35.305810,1713,-2093,640,139.960
35.310220,1712,-2092,638,139.960
35.315951,1712,-2091,636,139.955
35.320354,1712,-2092,636,139.955
35.325909,1710,-2092,633,139.955
35.330548,1707,-2094,631,139.955
35.336240,1704,-2093,629,139.955
35.340581,1702,-2093,628,139.955
35.345039,1701,-2094,627,139.955
35.350771,1701,-2094,627,139.955
35.355161,1702,-2095,631,139.955
35.360875,1702,-2096,634,139.960
35.365325,1703,-2095,639,139.960
35.370927,1704,-2094,641,139.966
35.375430,1705,-2093,642,139.966
35.379865,1704,-2093,641,139.966
35.385572,1705,-2092,639,139.971
35.390091,1706,-2093,638,139.971
35.395700,1709,-2094,638,139.971
35.400331,1711,-2095,640,139.971
35.406016,1713,-2100,643,139.977
35.410380,1714,-2101,647,139.977
35.416009,1714,-2101,649,139.977
35.420466,1712,-2101,650,139.977
35.424806,1710,-2100,648,139.977
35.430536,1709,-2101,643,139.977
35.434997,1709,-2103,643,139.982
35.440647,1709,-2103,642,139.982
35.445097,1710,-2102,642,139.982
35.450833,1709,-2099,645,139.977
35.455140,1707,-2097,646,139.977
35.459584,1704,-2094,645,139.977
35.465405,1703,-2093,647,139.977
35.469804,1702,-2091,649,139.982
35.475518,1701,-2091,652,139.982
35.479933,1702,-2090,655,139.982
35.485656,1704,-2088,658,139.977
35.490009,1703,-2087,660,139.977
35.495779,1704,-2088,663,139.977
35.500224,1705,-2089,667,139.977
35.504627,1704,-2092,672,139.982
35.510203,1704,-2095,676,139.982
35.514786,1705,-2097,676,139.982
35.520448,1704,-2098,675,139.982
35.524837,1704,-2098,673,139.982
35.530645,1707,-2097,672,139.982
35.534981,1709,-2095,670,139.982
35.539431,1710,-2094,668,139.982
35.545144,1711,-2095,666,139.982
35.549581,1710,-2094,663,139.982
35.555246,1709,-2093,661,139.982
35.559695,1709,-2093,662,139.977
35.565398,1709,-2093,662,139.977
35.569846,1709,-2092,662,139.977
35.575559,1709,-2093,662,139.971
35.579993,1709,-2093,660,139.971
35.584417,1709,-2092,656,139.971
35.590098,1710,-2091,651,139.971
35.594529,1710,-2089,644,139.971
35.600141,1710,-2088,635,139.971
35.604669,1710,-2089,630,139.971
35.610370,1709,-2091,626,139.971
35.614795,1708,-2092,625,139.971
35.619223,1707,-2092,624,139.971
35.624999,1704,-2090,624,139.971
35.629334,1702,-2089,623,139.971
35.635008,1700,-2088,622,139.971
35.639500,1696,-2088,622,139.977
35.645200,1694,-2088,623,139.977
35.649622,1691,-2087,623,139.977
35.655350,1690,-2086,623,139.977
35.659737,1690,-2086,623,139.982
35.664224,1690,-2086,623,139.982
35.669873,1693,-2086,623,139.982
35.674229,1695,-2086,626,139.982
35.679957,1695,-2085,627,139.982
35.684420,1696,-2083,631,139.982
35.690152,1695,-2082,635,139.982
35.694574,1694,-2080,636,139.982
35.699036,1692,-2082,639,139.982
35.704720,1692,-2082,640,139.982
35.709125,1690,-2083,640,139.982
35.714791,1689,-2085,638,139.982
35.719263,1689,-2085,637,139.982
35.724985,1690,-2087,634,139.982
35.729401,1689,-2088,633,139.982
35.735099,1688,-2090,634,139.982
35.739513,1688,-2091,636,139.982
35.744126,1691,-2091,638,139.988
35.749638,1694,-2090,640,139.988
35.754045,1698,-2090,643,139.988
35.759739,1701,-2089,644,139.988
35.764211,1701,-2091,648,139.988
35.769978,1702,-2092,654,139.988
35.774371,1702,-2093,659,139.988
35.778630,1702,-2093,662,139.988
35.784498,1702,-2093,661,139.993
35.788979,1702,-2092,659,139.993
35.794607,1703,-2089,653,139.993
35.799071,1702,-2087,649,139.993
35.804726,1703,-2084,646,139.993
35.809216,1703,-2084,641,139.993
35.814969,1704,-2085,639,139.993
35.819375,1704,-2084,638,139.988
35.823766,1706,-2085,636,139.988
35.829481,1708,-2087,635,139.988
35.833716,1709,-2087,633,139.988
35.839575,1710,-2090,634,139.982
35.844061,1710,-2092,635,139.982
35.849749,1710,-2093,637,139.982
35.854133,1711,-2096,641,139.982
35.858524,1713,-2098,642,139.977
35.864304,1714,-2100,643,139.977
35.868667,1715,-2103,639,139.977
35.874401,1716,-2104,633,139.971
35.878891,1719,-2106,629,139.971
35.884519,1723,-2107,625,139.966
35.889069,1725,-2108,622,139.966
35.894817,1727,-2108,624,139.966
35.899156,1728,-2108,628,139.960
35.903690,1728,-2108,630,139.960
35.909290,1728,-2106,633,139.960
35.913691,1726,-2105,635,139.960
35.919315,1725,-2106,636,139.960
35.923816,1724,-2106,636,139.960
35.929547,1724,-2107,637,139.960
35.933983,1724,-2108,639,139.955
35.938412,1725,-2109,637,139.955
35.944056,1725,-2110,637,139.955
35.948555,1723,-2111,636,139.955
35.954117,1723,-2110,632,139.955
35.958598,1722,-2109,630,139.955
35.964297,1721,-2107,629,139.955
35.968698,1721,-2106,629,139.955
35.974425,1720,-2107,630,139.955
35.978795,1719,-2108,636,139.955
35.983289,1719,-2110,643,139.955
35.989074,1719,-2112,651,139.955
35.993430,1720,-2113,658,139.955
35.998871,1719,-2114,666,139.955
36.003251,1719,-2113,671,139.960
36.009002,1718,-2112,673,139.960
36.013431,1716,-2112,674,139.960
36.017880,1714,-2111,671,139.960
36.023535,1715,-2110,666,139.966
36.027959,1716,-2109,663,139.966
36.033677,1716,-2109,660,139.966
36.038090,1716,-2109,653,139.966
36.044059,1716,-2109,648,139.966
36.048480,1715,-2110,646,139.966
36.054209,1717,-2111,645,139.971
36.058671,1716,-2111,646,139.971
36.063065,1716,-2111,647,139.971
36.068806,1716,-2111,644,139.977
36.073185,1715,-2111,640,139.977
36.079054,1714,-2113,637,139.982
36.083362,1713,-2114,633,139.982
36.089094,1711,-2116,629,139.988
36.093561,1710,-2117,630,139.988
36.097905,1708,-2117,631,139.988
36.103715,1706,-2118,634,139.993
36.108086,1706,-2118,637,139.993
36.113726,1705,-2117,640,139.993
36.118204,1706,-2115,646,139.993
36.123968,1707,-2113,647,139.993
36.128297,1706,-2111,648,139.993
36.134108,1706,-2107,646,139.993
36.138457,1707,-2105,641,139.988
36.142786,1708,-2104,638,139.988
36.148623,1710,-2104,635,139.982
36.153007,1712,-2104,634,139.982
36.158758,1711,-2105,633,139.982
36.163144,1710,-2104,635,139.982
36.168853,1709,-2102,634,139.982
36.173275,1708,-2101,635,139.982
36.177657,1708,-2099,636,139.982
36.183425,1709,-2099,635,139.982
36.187879,1710,-2099,634,139.982
36.193597,1710,-2100,632,139.982
36.198021,1710,-2100,631,139.982
36.203673,1712,-2100,632,139.982
36.208107,1713,-2100,635,139.988
36.213798,1714,-2101,635,139.988
36.218302,1716,-2101,635,139.988
36.222723,1717,-2103,635,139.988
36.228364,1717,-2104,636,139.988
36.232975,1716,-2105,636,139.988
36.238501,1714,-2103,637,139.988
36.243103,1711,-2100,635,139.988
36.248626,1709,-2098,636,139.988
36.253074,1709,-2096,638,139.988
36.257454,1709,-2095,638,139.988
36.263343,1710,-2094,642,139.988
36.267624,1711,-2093,644,139.988
36.273286,1712,-2092,643,139.988
36.277783,1712,-2091,643,139.988
36.283417,1713,-2090,640,139.988
36.287978,1713,-2090,638,139.988
36.293631,1713,-2090,636,139.982
36.298062,1713,-2090,630,139.982
36.302426,1712,-2092,628,139.982
36.308213,1710,-2094,627,139.982
36.312564,1709,-2095,626,139.982
36.318274,1708,-2095,629,139.982
36.322695,1707,-2094,629,139.982
36.328472,1707,-2094,630,139.982
36.332811,1707,-2094,629,139.982
36.337219,1705,-2093,627,139.982
36.343009,1704,-2092,624,139.982
36.347400,1703,-2091,621,139.982
36.353098,1703,-2089,622,139.982
36.357557,1702,-2088,626,139.982
36.363269,1702,-2089,629,139.982
36.367794,1703,-2092,631,139.982
36.373365,1703,-2095,634,139.982
36.377846,1704,-2097,634,139.982
36.382193,1707,-2098,632,139.982
36.387978,1708,-2096,632,139.982
36.392440,1710,-2095,632,139.982
36.398050,1712,-2094,631,139.982
36.402626,1712,-2095,630,139.982
36.408216,1713,-2096,630,139.982
36.412711,1713,-2097,629,139.982
36.417134,1714,-2098,629,139.982
36.422761,1714,-2098,632,139.982
36.427250,1714,-2099,636,139.977
36.432956,1714,-2099,641,139.977
36.437301,1712,-2101,645,139.977
36.443009,1711,-2102,650,139.977
36.447464,1710,-2103,656,139.977
36.453177,1708,-2105,659,139.982
36.457559,1707,-2105,656,139.982
36.462126,1707,-2104,650,139.982
36.467725,1707,-2104,642,139.982
36.472225,1708,-2104,637,139.988
36.477876,1708,-2104,635,139.988
36.482270,1707,-2105,638,139.988
36.487968,1707,-2106,641,139.988
36.492400,1708,-2107,643,139.988
36.496854,1710,-2106,646,139.988
36.502572,1711,-2106,647,139.988
36.506951,1709,-2105,647,139.988
36.512678,1709,-2102,649,139.982
36.517166,1708,-2101,650,139.982
36.522879,1707,-2102,652,139.982
36.527294,1707,-2102,653,139.982
36.532955,1706,-2102,654,139.988
36.537398,1705,-2100,653,139.988
36.541771,1705,-2096,650,139.988
36.547507,1705,-2093,647,139.988
36.551941,1708,-2090,642,139.988
36.557630,1709,-2088,640,139.988
36.562066,1711,-2089,642,139.982
36.567783,1713,-2091,643,139.982
36.572198,1712,-2094,646,139.982
36.576498,1710,-2096,647,139.982
36.582342,1708,-2097,647,139.982
36.586865,1706,-2098,646,139.982
36.592471,1705,-2098,647,139.982
36.596946,1705,-2096,650,139.982
36.602648,1707,-2094,651,139.982
36.607017,1709,-2092,650,139.982
36.612794,1711,-2090,647,139.977
36.617193,1712,-2089,643,139.977
36.621740,1714,-2091,639,139.977
36.627445,1715,-2091,636,139.977
36.631849,1715,-2092,633,139.971
36.637427,1716,-2093,631,139.971
36.641839,1717,-2091,630,139.971
36.647512,1717,-2090,629,139.977
36.652006,1717,-2090,629,139.977
36.656536,1719,-2091,632,139.977
36.662303,1721,-2092,635,139.977
36.666578,1722,-2092,636,139.977
36.672191,1722,-2094,638,139.977
36.676710,1723,-2093,637,139.977
36.682335,1722,-2090,637,139.977
36.686850,1720,-2088,638,139.977
36.692539,1717,-2085,639,139.977
36.696947,1713,-2084,640,139.977
36.701372,1711,-2084,640,139.977
36.707049,1708,-2083,638,139.977
36.711511,1708,-2082,635,139.977
36.717198,1708,-2081,633,139.977
36.721634,1709,-2082,635,139.971
36.727334,1708,-2083,635,139.971
36.731594,1707,-2085,635,139.971
36.736195,1706,-2087,636,139.971
36.741968,1705,-2087,635,139.966
36.746311,1704,-2087,634,139.966
36.752058,1705,-2088,636,139.966
36.756460,1705,-2088,637,139.966
36.762177,1706,-2090,637,139.960
36.766623,1707,-2092,639,139.960
36.772370,1709,-2093,637,139.960
36.776662,1713,-2096,635,139.960
36.781143,1717,-2098,633,139.960
36.786852,1720,-2099,630,139.960
36.791278,1723,-2100,628,139.960
36.796764,1725,-2101,629,139.960
36.801423,1726,-2102,632,139.960
36.807176,1726,-2102,637,139.960
36.811549,1726,-2104,640,139.960
36.816165,1726,-2105,642,139.960
36.821692,1725,-2105,641,139.960
36.826124,1723,-2105,640,139.960
36.831830,1721,-2103,639,139.960
36.836251,1718,-2101,639,139.960
36.841968,1715,-2099,641,139.960
36.846401,1713,-2097,643,139.960
36.852142,1710,-2097,646,139.960
36.856513,1709,-2097,650,139.960
36.860939,1708,-2098,651,139.960
36.866676,1710,-2098,651,139.960
36.871094,1712,-2097,647,139.960
36.876794,1716,-2096,644,139.960
36.881192,1719,-2094,641,139.960
36.887048,1721,-2092,639,139.960
36.891384,1721,-2091,636,139.960
36.895760,1720,-2088,634,139.960
36.901540,1718,-2086,629,139.955
36.905946,1717,-2085,627,139.955
36.911647,1718,-2084,627,139.955
36.916048,1716,-2085,627,139.955
36.921741,1714,-2086,628,139.955
36.926182,1712,-2087,630,139.949
36.931850,1709,-2087,630,139.949
36.936247,1707,-2088,629,139.949
36.940484,1708,-2086,630,139.949
36.946434,1708,-2086,628,139.949
36.950859,1710,-2087,625,139.949
36.956529,1711,-2088,625,139.949
36.960986,1712,-2090,624,139.949
36.966699,1712,-2092,624,139.949
36.971188,1713,-2093,626,139.949
36.975578,1713,-2094,626,139.955
36.981271,1714,-2094,624,139.955
36.985725,1714,-2095,621,139.955
36.991204,1714,-2094,617,139.955
36.995810,1715,-2096,615,139.955
37.001546,1716,-2097,614,139.955
37.005667,1717,-2099,616,139.955
37.011366,1716,-2102,619,139.955
37.015796,1716,-2102,620,139.955
37.020652,1715,-2102,623,139.955
37.026156,1713,-2102,624,139.955
37.030512,1713,-2100,628,139.955
37.036312,1713,-2099,632,139.955
37.040930,1714,-2098,634,139.955
37.046529,1715,-2098,636,139.955
37.050875,1714,-2099,636,139.949
37.055328,1713,-2100,637,139.949
37.061047,1713,-2100,637,139.949
37.065461,1711,-2100,635,139.949
37.071146,1710,-2101,636,139.944
37.075604,1709,-2101,636,139.944
37.081259,1708,-2100,638,139.944
37.085589,1709,-2099,638,139.944
37.091422,1710,-2099,640,139.944
37.095924,1712,-2099,643,139.944
37.100292,1712,-2098,643,139.944
37.106049,1713,-2098,644,139.944
37.110425,1712,-2097,643,139.944
37.116121,1712,-2094,643,139.944
37.120522,1711,-2092,642,139.944
37.126246,1712,-2090,641,139.949
37.130702,1713,-2088,641,139.949
37.135118,1714,-2088,640,139.949
37.140851,1714,-2088,640,139.949
37.145218,1713,-2090,640,139.949
37.151002,1713,-2092,641,139.949
37.155388,1712,-2092,642,139.949
37.161130,1711,-2092,643,139.949
37.165475,1710,-2091,646,139.949
37.171215,1708,-2091,650,139.949
37.175627,1706,-2092,655,139.949
37.180020,1704,-2092,659,139.949
37.185736,1705,-2091,661,139.944
37.190247,1704,-2090,660,139.944
37.195871,1704,-2090,658,139.944
37.200291,1705,-2091,655,139.944
37.205989,1705,-2093,651,139.944
37.210444,1706,-2095,648,139.944
37.215019,1707,-2098,645,139.944
37.220573,1707,-2100,642,139.949
37.225100,1706,-2101,641,139.949
37.230662,1707,-2100,642,139.949
37.235121,1706,-2100,642,139.949
37.240862,1708,-2101,644,139.949
37.245342,1710,-2101,646,139.949
37.250970,1711,-2102,647,139.949
37.255394,1712,-2103,648,139.949
37.259807,1713,-2103,652,139.949
37.265605,1713,-2104,656,139.949
37.270146,1712,-2103,659,139.949
37.275601,1711,-2100,660,139.949
37.280118,1711,-2099,659,139.949
37.285936,1711,-2098,658,139.949
37.290261,1710,-2097,658,139.949
37.294664,1710,-2096,658,139.949
37.300413,1709,-2096,658,139.949
37.304804,1709,-2095,657,139.949
37.310475,1709,-2094,654,139.949
37.314780,1709,-2095,650,139.949
37.320691,1710,-2095,648,139.944
37.324832,1710,-2095,647,139.944
37.330823,1711,-2095,645,139.944
37.335240,1711,-2095,645,139.944
37.339606,1710,-2093,644,139.938
37.345471,1708,-2091,643,139.938
37.349804,1707,-2090,643,139.933
37.355444,1703,-2087,644,139.933
37.359875,1701,-2087,643,139.933
37.365578,1700,-2087,641,139.933
37.369977,1699,-2086,640,139.933
37.374393,1702,-2087,639,139.933
37.380029,1704,-2088,638,139.933
37.384565,1706,-2088,640,139.933
37.390292,1708,-2090,642,139.933
37.394702,1709,-2090,643,139.933
37.400384,1709,-2090,645,139.933
37.404830,1710,-2090,645,139.933
37.410596,1711,-2088,644,139.933
37.414994,1711,-2088,644,139.933
37.419383,1712,-2086,644,139.933
37.425093,1713,-2085,645,139.938
37.429666,1711,-2085,648,139.933
37.435194,1711,-2085,649,139.933
37.439647,1709,-2086,650,139.933
37.445396,1708,-2088,651,139.933
37.449908,1706,-2089,651,139.933
37.454171,1704,-2090,652,139.933
37.459866,1703,-2090,650,139.933
37.464360,1702,-2090,646,139.933
37.469993,1702,-2089,643,139.933
37.474497,1702,-2089,641,139.933
37.480213,1701,-2089,640,139.933
37.484578,1700,-2089,641,139.933
37.490322,1700,-2089,641,139.933
37.494751,1702,-2090,640,139.933
37.499193,1704,-2092,640,139.933
37.504817,1706,-2094,641,139.933
37.509304,1708,-2095,641,139.933
37.515061,1710,-2096,640,139.938
37.519419,1712,-2097,643,139.938
37.525104,1714,-2098,643,139.938
37.529617,1716,-2099,645,139.938
37.533945,1717,-2098,648,139.938
37.539705,1715,-2096,651,139.938
37.544065,1712,-2095,653,139.933
37.549834,1707,-2092,654,139.938
37.554324,1702,-2090,654,139.938
37.560011,1699,-2088,652,139.938
37.564449,1697,-2085,652,139.938
37.570135,1698,-2084,650,139.938
37.574486,1699,-2083,648,139.938
37.578971,1699,-2082,649,139.938
37.584614,1698,-2083,651,139.944
37.589175,1697,-2083,654,139.944
37.594587,1697,-2083,657,139.944
37.599172,1697,-2085,658,139.944
37.604950,1698,-2087,655,139.944
37.609396,1701,-2090,651,139.944
37.613833,1703,-2092,647,139.944
37.619481,1705,-2092,640,139.938
37.623928,1708,-2092,633,139.938
37.629648,1710,-2092,628,139.938
37.634086,1710,-2093,628,139.938
37.639748,1710,-2094,629,139.933
37.644201,1707,-2095,634,139.933
37.649918,1705,-2093,638,139.933
37.654327,1702,-2093,640,139.933
37.658690,1701,-2091,641,139.933
37.664446,1701,-2089,640,139.933
37.668908,1702,-2089,640,139.933
37.674497,1704,-2089,639,139.933
37.678951,1706,-2088,638,139.933
37.684661,1708,-2088,636,139.933
37.689111,1710,-2087,636,139.933
37.693634,1711,-2086,638,139.933
37.699258,1711,-2085,640,139.933
37.703757,1709,-2086,645,139.933
37.709376,1707,-2087,650,139.933
37.713853,1705,-2088,652,139.933
37.719532,1702,-2088,653,139.933
37.723952,1702,-2089,651,139.933
37.729713,1702,-2089,648,139.938
37.734086,1702,-2091,645,139.938
37.738521,1703,-2092,643,139.938
37.744281,1704,-2093,641,139.938
37.748608,1705,-2094,641,139.938
37.754493,1705,-2095,640,139.938
37.758802,1704,-2095,642,139.938
37.764468,1703,-2094,642,139.938
37.768904,1701,-2092,641,139.938
37.773286,1701,-2089,640,139.938
37.779221,1703,-2086,639,139.938
37.783439,1705,-2084,638,139.938
37.789157,1706,-2083,638,139.938
37.793605,1707,-2081,636,139.933
37.799341,1706,-2081,633,139.933
37.803745,1707,-2083,631,139.933
37.809442,1707,-2086,628,139.933
37.813861,1707,-2089,626,139.933
37.818247,1706,-2093,623,139.933
37.824041,1706,-2095,618,139.933
37.828396,1705,-2095,615,139.933
37.834141,1704,-2096,613,139.933
37.838543,1704,-2096,616,139.933
37.844319,1704,-2095,622,139.938
37.848710,1704,-2094,628,139.938
37.853088,1705,-2092,636,139.944
37.858819,1705,-2091,643,139.944
37.863248,1705,-2092,645,139.944
37.868943,1705,-2095,646,139.949
37.873469,1704,-2097,646,139.949
37.879094,1703,-2098,647,139.949
37.883535,1701,-2099,649,139.949
37.889142,1700,-2098,650,139.949
37.893797,1701,-2099,651,139.949
37.898115,1701,-2100,651,139.949
37.903776,1702,-2102,651,139.949
37.908221,1705,-2104,652,139.949
37.913947,1706,-2106,651,139.949
37.918312,1707,-2105,650,139.944
37.924029,1708,-2104,651,139.944
37.928634,1707,-2102,650,139.944
37.932957,1705,-2100,650,139.944
37.938644,1702,-2097,651,139.944
37.942741,1700,-2095,649,139.944
37.948547,1700,-2094,650,139.944
37.953166,1701,-2093,650,139.944
37.958885,1702,-2093,652,139.944
37.963341,1706,-2094,652,139.944
37.968957,1706,-2096,654,139.944
37.973433,1708,-2097,656,139.944
37.977843,1709,-2097,655,139.944
37.983554,1709,-2097,655,139.944
37.988089,1709,-2094,652,139.949
37.993647,1708,-2093,647,139.949
37.998097,1708,-2092,642,139.944
38.003867,1707,-2093,639,139.949
38.007959,1709,-2095,635,139.949
38.012535,1709,-2096,634,139.949
38.018355,1710,-2097,635,139.949
38.022651,1711,-2097,633,139.944
38.028566,1710,-2097,631,139.944
38.032602,1710,-2099,627,139.944
38.038642,1711,-2099,621,139.944
38.043118,1710,-2098,617,139.944
38.048743,1709,-2096,618,139.944
38.053247,1710,-2095,619,139.944
38.057655,1709,-2095,623,139.944
38.063349,1709,-2095,628,139.944
38.067745,1708,-2096,633,139.944
38.073501,1706,-2096,636,139.944
38.077911,1705,-2097,638,139.944
38.083607,1705,-2097,638,139.944
38.088006,1705,-2097,638,139.944
38.092439,1706,-2097,636,139.944
38.098214,1706,-2094,635,139.944
38.102578,1708,-2093,635,139.944
38.108351,1709,-2091,635,139.944
38.112769,1710,-2090,635,139.949
38.118492,1711,-2090,635,139.949
38.122907,1712,-2091,637,139.949
38.128621,1711,-2092,637,139.949
38.133054,1711,-2092,636,139.949
38.137389,1711,-2092,636,139.949
38.143149,1713,-2093,633,139.955
38.147538,1715,-2093,630,139.955
38.153049,1716,-2094,627,139.955
38.157635,1717,-2095,626,139.955
38.163442,1719,-2095,624,139.955
38.167869,1719,-2096,624,139.949
38.172247,1719,-2097,628,139.949
38.178021,1717,-2097,632,139.949
38.182374,1715,-2096,637,139.949
38.188083,1713,-2094,643,139.949
38.192719,1713,-2091,645,139.944
38.198261,1714,-2089,645,139.944
38.202737,1716,-2087,647,139.944
38.208449,1717,-2086,643,139.944
38.212776,1718,-2085,643,139.938
38.217218,1717,-2084,640,139.938
38.222934,1718,-2084,637,139.938
38.227370,1717,-2083,634,139.938
38.233186,1717,-2083,628,139.938
38.237487,1717,-2083,626,139.938
38.243200,1716,-2084,624,139.938
38.247667,1716,-2087,623,139.938
38.252028,1716,-2089,625,139.938
38.257811,1717,-2089,625,139.938
38.262247,1717,-2091,627,139.938
38.267928,1715,-2092,627,139.938
38.272462,1715,-2094,626,139.938
38.278025,1713,-2096,625,139.938
38.282430,1712,-2098,621,139.938
38.288117,1712,-2100,622,139.938
38.292589,1710,-2101,622,139.938
38.297095,1710,-2102,624,139.938
38.302746,1708,-2102,626,139.938
38.307161,1710,-2104,628,139.938
38.312905,1710,-2104,630,139.938
38.317257,1709,-2105,630,139.938
38.322973,1708,-2107,631,139.938
38.327409,1705,-2107,629,139.938
38.331949,1703,-2106,628,139.938
38.337512,1703,-2107,624,139.944
38.342028,1704,-2108,623,139.944
38.347656,1706,-2109,624,139.944
38.352125,1709,-2109,626,139.944
38.357693,1711,-2108,628,139.944
38.362218,1711,-2106,630,139.944
38.368113,1709,-2105,629,139.944
38.372394,1708,-2103,629,139.944
38.376779,1708,-2102,633,139.944
38.382524,1708,-2099,632,139.944
38.386932,1709,-2101,633,139.944
38.392641,1711,-2101,632,139.944
38.397047,1711,-2102,629,139.944
38.402746,1711,-2102,628,139.944
38.407163,1711,-2102,628,139.949
38.411568,1711,-2100,629,139.949
38.417493,1710,-2099,630,139.949
38.421751,1709,-2098,632,139.949
38.427505,1708,-2096,630,139.949
38.431933,1706,-2095,630,139.949
38.437581,1706,-2095,632,139.949
38.442079,1705,-2094,632,139.949
38.447690,1704,-2094,634,139.949
38.452169,1704,-2095,637,139.949
38.456548,1705,-2095,641,139.949
38.462247,1704,-2094,643,139.949
38.466681,1703,-2094,647,139.949
38.472375,1702,-2094,648,139.949
38.476901,1701,-2094,650,139.949
38.482531,1702,-2095,650,139.949
38.486996,1702,-2095,651,139.949
38.491421,1702,-2095,652,139.949
38.497124,1702,-2094,651,139.949
38.501515,1701,-2092,651,139.949
38.507237,1703,-2091,651,139.949
38.511868,1704,-2089,650,139.949
38.517514,1704,-2087,650,139.949
38.521970,1705,-2085,648,139.949
38.527524,1707,-2084,646,139.949
38.531921,1706,-2085,647,139.949
38.536318,1705,-2087,645,139.949
38.542092,1705,-2091,646,139.949
38.546529,1703,-2095,648,139.949
38.552193,1703,-2096,649,139.949
38.556622,1703,-2096,648,139.944
38.562380,1704,-2096,648,139.944
38.566749,1704,-2093,647,139.944
38.571146,1704,-2090,648,139.944
38.576921,1705,-2089,649,139.949
38.581477,1704,-2087,651,139.949
38.587001,1704,-2085,652,139.949
38.591468,1703,-2086,650,139.949
38.597179,1702,-2086,647,139.949
38.601625,1702,-2085,641,139.949
38.607413,1701,-2086,636,139.949
38.611739,1700,-2086,631,139.949
38.616301,1700,-2085,628,139.949
38.621867,1699,-2086,625,139.949
38.626376,1698,-2086,624,139.949
38.631995,1697,-2088,623,139.949
38.636464,1698,-2088,622,139.949
38.642062,1698,-2090,624,139.949
38.646526,1699,-2089,627,139.955
38.650952,1701,-2089,632,139.955
38.656667,1703,-2088,634,139.949
38.661088,1706,-2087,634,139.949
38.666800,1707,-2088,634,139.949
38.671268,1707,-2089,633,139.949
38.676957,1704,-2088,630,139.949
38.681402,1702,-2088,627,139.949
38.687103,1701,-2089,624,139.949
38.691674,1699,-2090,622,139.949
38.695916,1699,-2092,620,139.949
38.701620,1702,-2092,620,139.949
38.706036,1702,-2093,621,139.955
38.711799,1703,-2092,624,139.955
38.716172,1704,-2092,628,139.955
38.721909,1705,-2093,632,139.955
38.726310,1706,-2092,635,139.955
38.730806,1706,-2091,637,139.955
38.736335,1708,-2090,640,139.949
38.740891,1708,-2088,643,139.949
38.746581,1707,-2087,645,139.949
38.751038,1708,-2086,651,139.949
38.756737,1708,-2085,655,139.949
38.761194,1708,-2084,657,139.949
38.766874,1707,-2082,657,139.949
38.771256,1705,-2081,655,139.949
38.775696,1703,-2082,653,139.949
38.781221,1699,-2082,651,139.949
38.785921,1697,-2082,653,139.949
38.791515,1697,-2084,653,139.949
38.795983,1695,-2085,652,139.949
38.801689,1695,-2087,650,139.949
38.806119,1695,-2089,646,139.949
38.810564,1696,-2088,642,139.949
38.816292,1697,-2088,641,139.949
38.820724,1698,-2087,641,139.949
38.826388,1697,-2085,641,139.949
38.830825,1697,-2083,640,139.949
38.836473,1698,-2083,642,139.949
38.840919,1699,-2084,641,139.949
38.846653,1701,-2085,642,139.949
38.851089,1702,-2087,643,139.944
38.855511,1702,-2089,642,139.949
38.861194,1702,-2088,640,139.949
38.865546,1702,-2090,640,139.949
38.871289,1702,-2092,641,139.949
38.875780,1703,-2095,642,139.949
38.881513,1705,-2099,643,139.949
38.885994,1706,-2100,642,139.949
38.890387,1706,-2101,642,139.949
38.896071,1705,-2101,642,139.955
38.900446,1704,-2100,640,139.955
38.906160,1704,-2098,638,139.955
38.910605,1705,-2097,638,139.955
38.916276,1706,-2094,639,139.955
38.920701,1706,-2091,640,139.955
38.926409,1706,-2088,642,139.955
38.930896,1706,-2086,642,139.955
38.935324,1706,-2083,640,139.949
38.941044,1706,-2081,640,139.949
38.945389,1705,-2081,640,139.949
38.951092,1703,-2080,644,139.949
38.955481,1703,-2080,650,139.949
38.961295,1703,-2081,653,139.949
38.965641,1703,-2081,657,139.949
38.970025,1703,-2082,657,139.949
38.975905,1703,-2084,658,139.949
38.980273,1702,-2086,658,139.949
38.985981,1701,-2088,658,139.949
38.990385,1702,-2087,657,139.949
38.996108,1704,-2088,654,139.944
39.000501,1706,-2087,650,139.944
39.005958,1708,-2087,648,139.944
39.010673,1709,-2090,649,139.944
39.014879,1710,-2091,651,139.944
39.020755,1710,-2093,653,139.944
39.025180,1709,-2093,653,139.944
39.030731,1709,-2091,654,139.944
39.035319,1708,-2091,656,139.944
39.041164,1708,-2091,657,139.944
39.045517,1708,-2090,657,139.944
39.049881,1707,-2091,656,139.944
39.055591,1706,-2091,654,139.944
39.059864,1704,-2092,652,139.944
39.065678,1701,-2091,650,139.944
39.070247,1702,-2092,652,139.944
39.075843,1702,-2091,649,139.944
39.080302,1703,-2091,647,139.944
39.086022,1703,-2091,642,139.944
39.090603,1702,-2090,636,139.949
39.094855,1700,-2089,632,139.949
39.100624,1699,-2087,629,139.949
39.104961,1697,-2085,630,139.949
39.110722,1696,-2083,628,139.949
39.115157,1696,-2083,626,139.949
39.120855,1695,-2083,623,139.955
39.125435,1697,-2085,621,139.949
39.129651,1698,-2087,621,139.949
39.135379,1700,-2089,621,139.955
39.139827,1702,-2090,619,139.949
39.145470,1704,-2090,619,139.949
39.149959,1705,-2091,620,139.949
39.155613,1707,-2090,621,139.949
39.160095,1708,-2089,624,139.949
39.165850,1709,-2088,627,139.949
39.170325,1710,-2089,627,139.944
39.174599,1710,-2090,627,139.944
39.180372,1708,-2091,627,139.944
39.184748,1707,-2092,628,139.944
39.190420,1707,-2092,629,139.944
39.194876,1709,-2091,630,139.944
39.200651,1711,-2089,631,139.944
39.205090,1714,-2087,628,139.944
39.209431,1715,-2086,624,139.944
39.215197,1717,-2086,621,139.944
39.219606,1718,-2086,617,139.944
39.225272,1718,-2087,613,139.944
39.229722,1718,-2089,610,139.944
39.235448,1719,-2091,611,139.944
39.239872,1719,-2093,613,139.944
39.245600,1718,-2094,618,139.944
39.250015,1717,-2094,622,139.944
39.254428,1715,-2093,624,139.944
39.260113,1713,-2091,625,139.944
39.264575,1710,-2090,625,139.944
39.270295,1708,-2090,626,139.944
39.274671,1706,-2093,627,139.944
39.280337,1705,-2096,629,139.944
39.284943,1707,-2101,634,139.944
39.289210,1708,-2103,637,139.944
39.295017,1710,-2101,642,139.944
39.299412,1712,-2099,646,139.944
39.305115,1711,-2098,650,139.944
39.309554,1711,-2097,651,139.944
39.315197,1712,-2096,652,139.944
39.319693,1711,-2096,652,139.944
39.325374,1712,-2097,651,139.944
39.329854,1712,-2097,651,139.944
39.334242,1712,-2098,649,139.944
39.339929,1712,-2099,648,139.944
39.344333,1710,-2100,647,139.944
39.349986,1709,-2100,647,139.944
39.354467,1707,-2099,645,139.944
39.360174,1705,-2097,645,139.944
39.364603,1703,-2096,646,139.944
39.369080,1700,-2095,647,139.944
39.374721,1699,-2096,648,139.944
39.379185,1697,-2097,646,139.944
39.384698,1697,-2098,645,139.944
39.389340,1697,-2099,642,139.944
39.395023,1696,-2099,640,139.944
39.399433,1696,-2097,641,139.944
39.405178,1695,-2096,640,139.944
39.409640,1696,-2095,640,139.949
39.414002,1696,-2095,641,139.949
39.419716,1696,-2097,642,139.949
39.424127,1695,-2099,644,139.949
39.429832,1694,-2099,645,139.949
39.434222,1694,-2100,647,139.949
39.440050,1694,-2099,649,139.949
39.444359,1693,-2099,651,139.949
39.448874,1691,-2099,653,139.955
39.454495,1688,-2098,654,139.955
39.458973,1686,-2098,651,139.955
39.464593,1683,-2097,647,139.955
39.469086,1681,-2095,645,139.955
39.474786,1681,-2093,643,139.960
39.479221,1681,-2092,640,139.960
39.484783,1682,-2090,637,139.960
39.489376,1684,-2090,634,139.960
39.493786,1687,-2091,632,139.960
39.499513,1691,-2090,632,139.960
39.503955,1696,-2091,633,139.960
39.509602,1700,-2093,631,139.966
39.514011,1704,-2094,631,139.966
39.519723,1706,-2096,630,139.966
39.524237,1706,-2095,631,139.966
39.528565,1707,-2093,631,139.966
39.534361,1706,-2092,631,139.966
39.538739,1706,-2091,630,139.966
39.544419,1707,-2089,629,139.966
39.549047,1707,-2089,628,139.960
39.554554,1706,-2089,631,139.960
39.559018,1704,-2090,636,139.960
39.564725,1702,-2089,640,139.960
39.569307,1702,-2088,645,139.960
39.573544,1703,-2088,649,139.960
39.579300,1703,-2086,652,139.960
39.583704,1704,-2085,656,139.960
39.589396,1704,-2085,660,139.960
39.593820,1705,-2083,663,139.960
39.599691,1706,-2082,663,139.960
39.604033,1708,-2081,662,139.960
39.608394,1709,-2081,656,139.960
39.614151,1708,-2081,651,139.960
39.618524,1707,-2081,649,139.960
39.624243,1706,-2081,648,139.960
39.628646,1704,-2080,649,139.960
39.634368,1704,-2080,647,139.960
39.638800,1704,-2079,645,139.960
39.644492,1705,-2081,643,139.960
39.648969,1705,-2085,639,139.960
39.653354,1706,-2087,637,139.960
39.659058,1708,-2091,631,139.960
39.663488,1709,-2093,627,139.960
39.669197,1710,-2093,623,139.960
39.673606,1710,-2096,621,139.960
39.679278,1710,-2098,621,139.960
39.683778,1711,-2099,624,139.960
39.688148,1712,-2099,625,139.960
39.693966,1713,-2099,626,139.955
39.698302,1713,-2099,626,139.955
39.704068,1712,-2101,627,139.955
39.708482,1711,-2101,624,139.955
39.714297,1710,-2101,621,139.955
39.718558,1709,-2100,619,139.955
39.724348,1708,-2100,620,139.955
39.728733,1708,-2098,623,139.955
39.733083,1707,-2100,627,139.955
39.738845,1709,-2101,631,139.955
39.743284,1711,-2102,634,139.955
39.749024,1712,-2104,638,139.960
39.753602,1714,-2105,643,139.960
39.759117,1715,-2106,645,139.960
39.763593,1712,-2107,646,139.966
39.767950,1711,-2108,644,139.966
39.773869,1709,-2108,638,139.966
39.778095,1709,-2106,636,139.966
39.783807,1711,-2103,633,139.966
39.788259,1714,-2104,632,139.966
39.793946,1717,-2104,630,139.966
39.798401,1718,-2106,628,139.966
39.804154,1717,-2108,625,139.966
39.808578,1715,-2108,623,139.966
39.812978,1713,-2107,620,139.960
39.818640,1711,-2103,618,139.960
39.823082,1708,-2100,617,139.960
39.828782,1707,-2098,615,139.960
39.833262,1704,-2095,612,139.960
39.838973,1703,-2093,611,139.960
39.843405,1699,-2092,610,139.960
39.847917,1698,-2091,612,139.960
39.853458,1698,-2091,616,139.960
39.857874,1699,-2092,620,139.966
39.863605,1701,-2093,625,139.966
39.868048,1701,-2094,629,139.966
39.873812,1703,-2095,632,139.966
39.878134,1705,-2098,633,139.966
39.883879,1705,-2101,635,139.966
39.888469,1706,-2104,639,139.966
39.892723,1706,-2108,641,139.966
39.898452,1706,-2109,646,139.966
39.902876,1707,-2108,649,139.966
39.908571,1709,-2107,652,139.966
39.913006,1710,-2105,653,139.966
39.918678,1711,-2104,650,139.966
39.923149,1714,-2103,648,139.966
39.927596,1714,-2104,646,139.966
39.933294,1714,-2105,643,139.971
39.937733,1713,-2105,642,139.971
39.943175,1711,-2106,640,139.971
39.947819,1708,-2106,639,139.971
39.953545,1705,-2106,642,139.971
39.957955,1704,-2106,644,139.977
39.963678,1705,-2105,646,139.977
39.968077,1706,-2105,648,139.977
39.972484,1709,-2104,646,139.977
39.978223,1710,-2103,641,139.971
39.982670,1711,-2102,639,139.971
39.988361,1709,-2100,636,139.971
39.992653,1709,-2097,635,139.971
39.998481,1709,-2094,633,139.971
40.002922,1709,-2092,632,139.971
40.007011,1711,-2092,632,139.971
40.013052,1713,-2091,633,139.971
40.017148,1714,-2090,633,139.971
40.022951,1715,-2090,634,139.971
40.027638,1716,-2090,635,139.966
40.033015,1716,-2090,637,139.966
40.037715,1716,-2091,641,139.966
40.043419,1716,-2094,644,139.966
40.047663,1714,-2095,641,139.966
40.052271,1711,-2097,640,139.966
40.057994,1710,-2099,640,139.971
40.062358,1709,-2099,640,139.971
40.068124,1710,-2099,646,139.966
40.072574,1710,-2099,653,139.966
40.078250,1711,-2099,658,139.966
40.082698,1712,-2098,662,139.966
40.087049,1713,-2097,664,139.966
40.092821,1715,-2095,662,139.966
40.097401,1718,-2094,662,139.966
40.102971,1719,-2093,661,139.966
40.107369,1719,-2094,662,139.966
40.113111,1720,-2094,659,139.966
40.117522,1721,-2094,658,139.960
40.123282,1723,-2096,654,139.960
40.127660,1725,-2098,649,139.960
40.132143,1726,-2099,643,139.960
40.137778,1728,-2099,638,139.960
40.142279,1728,-2100,634,139.955
40.147870,1727,-2099,630,139.955
40.152314,1725,-2097,627,139.955
40.157815,1723,-2097,625,139.955
40.162464,1722,-2096,624,139.955
40.166963,1720,-2095,623,139.955
40.172600,1719,-2095,624,139.955
40.177045,1718,-2094,624,139.949
40.182833,1719,-2094,624,139.949
40.187239,1721,-2093,623,139.949
40.192914,1724,-2094,620,139.949
40.197315,1726,-2094,618,139.949
40.202919,1727,-2095,615,139.949
40.207515,1726,-2096,613,139.944
40.211855,1726,-2096,611,139.944
40.217574,1725,-2098,611,139.944
40.222046,1723,-2098,611,139.944
40.227811,1720,-2098,610,139.944
40.232212,1717,-2099,611,139.944
40.237860,1714,-2098,612,139.944
40.242296,1711,-2097,611,139.944
40.246702,1708,-2098,611,139.944
40.252432,1706,-2098,611,139.944
40.256643,1704,-2098,612,139.944
40.262478,1703,-2098,615,139.944
40.266994,1703,-2096,618,139.944
40.272656,1703,-2094,621,139.944
40.277122,1703,-2093,626,139.944
40.282802,1703,-2093,629,139.944
40.287386,1704,-2094,631,139.944
40.291665,1703,-2095,633,139.944
40.297481,1705,-2094,634,139.944
40.301753,1706,-2093,638,139.944
40.307615,1707,-2092,642,139.944
40.311936,1709,-2090,645,139.944
40.317654,1710,-2092,647,139.944
40.322046,1709,-2092,651,139.944
40.326449,1708,-2092,652,139.944
40.332282,1705,-2094,653,139.944
40.336630,1703,-2093,656,139.944
40.342237,1701,-2095,656,139.944
40.346753,1700,-2097,657,139.944
40.352468,1700,-2099,660,139.944
40.356907,1701,-2101,664,139.944
40.362602,1702,-2101,665,139.944
40.367010,1704,-2100,664,139.944
40.371450,1707,-2101,660,139.944
40.377082,1708,-2102,656,139.944
40.381457,1709,-2103,654,139.944
40.387298,1710,-2104,652,139.944
40.391771,1710,-2103,650,139.949
40.397428,1708,-2102,647,139.949
40.401992,1706,-2102,647,139.949
40.406267,1703,-2104,646,139.949
40.412015,1700,-2106,645,139.949
40.416477,1700,-2108,644,139.949
40.422055,1699,-2109,639,139.949
40.426695,1700,-2111,636,139.949
40.432251,1701,-2113,634,139.949
40.436650,1702,-2114,631,139.955
40.442397,1702,-2114,630,139.955
40.446787,1700,-2113,629,139.955
40.451262,1699,-2110,626,139.955
40.456940,1699,-2107,626,139.955
40.461356,1699,-2105,629,139.960
40.467048,1701,-2102,630,139.960
40.471642,1704,-2102,631,139.960
40.477177,1706,-2101,632,139.960
40.481627,1708,-2099,635,139.960
40.486042,1708,-2099,637,139.960
40.491807,1705,-2097,641,139.960
40.496143,1702,-2095,644,139.960
40.501848,1700,-2094,646,139.960
40.506362,1699,-2093,645,139.960
40.512010,1700,-2093,645,139.960
40.516431,1702,-2092,645,139.960
40.522322,1703,-2092,642,139.960
40.526637,1705,-2092,640,139.960
40.531012,1706,-2093,638,139.960
40.536782,1706,-2095,636,139.960
40.541174,1706,-2095,634,139.960
40.546865,1705,-2095,633,139.960
40.551277,1706,-2093,632,139.960
40.556999,1708,-2091,629,139.960
40.561424,1711,-2092,627,139.960
40.565805,1713,-2092,627,139.960
40.571571,1715,-2093,627,139.960
40.576064,1714,-2093,631,139.960
40.581687,1711,-2095,635,139.960
40.586130,1708,-2095,636,139.960
40.591879,1708,-2094,638,139.966
40.596247,1707,-2093,635,139.966
40.602005,1708,-2093,633,139.966
40.606404,1709,-2094,631,139.966
40.610843,1708,-2094,627,139.966
40.616631,1708,-2095,626,139.966
40.620886,1709,-2096,624,139.966
40.626655,1709,-2097,624,139.966
40.631234,1709,-2097,627,139.966
40.636933,1708,-2097,627,139.966
40.641225,1708,-2097,631,139.966
40.645646,1707,-2096,632,139.966
40.651340,1706,-2095,635,139.966
40.655825,1706,-2095,635,139.966
40.661523,1706,-2094,633,139.966
40.665962,1705,-2095,631,139.960
40.671606,1705,-2097,630,139.960
40.676010,1705,-2100,631,139.960
40.681712,1706,-2102,633,139.960
40.686249,1706,-2103,634,139.960
40.690644,1707,-2103,635,139.960
40.696323,1707,-2101,636,139.960
40.700753,1705,-2099,637,139.960
40.706468,1702,-2098,641,139.960
40.710853,1700,-2097,647,139.960
40.716546,1698,-2098,652,139.960
40.721015,1697,-2099,658,139.960
40.725516,1695,-2100,664,139.960
40.731192,1695,-2101,666,139.966
40.735603,1693,-2102,667,139.966
40.741396,1692,-2103,666,139.966
40.745706,1691,-2104,665,139.966
40.751446,1691,-2104,666,139.971
40.755831,1691,-2104,666,139.971
40.761551,1692,-2102,665,139.971
40.766015,1693,-2100,660,139.971
40.770353,1694,-2099,657,139.971
40.776089,1694,-2099,653,139.977
40.780526,1695,-2099,651,139.977
40.786211,1696,-2100,653,139.977
40.790641,1698,-2101,653,139.977
40.796421,1701,-2104,658,139.977
40.800778,1702,-2105,662,139.977
40.805201,1703,-2105,665,139.977
40.810911,1704,-2103,665,139.977
40.815341,1705,-2101,661,139.977
40.821046,1705,-2100,657,139.977
40.825475,1706,-2099,654,139.977
40.831163,1707,-2098,652,139.977
40.835624,1707,-2097,650,139.977
40.841311,1709,-2096,645,139.977
40.845733,1711,-2095,642,139.977
40.850189,1711,-2094,639,139.977
40.855900,1713,-2095,639,139.977
40.860309,1715,-2095,642,139.977
40.866013,1715,-2095,643,139.977
40.870502,1715,-2095,645,139.977
40.876179,1715,-2094,646,139.977
40.880643,1715,-2093,646,139.977
40.884997,1713,-2092,647,139.977
40.890736,1711,-2089,648,139.977
40.895173,1709,-2089,648,139.977
40.900816,1707,-2086,643,139.971
40.905269,1704,-2084,638,139.971
40.910967,1701,-2084,632,139.971
40.915389,1699,-2084,626,139.971
40.921123,1697,-2086,625,139.971
40.925665,1697,-2088,629,139.966
40.929959,1695,-2089,631,139.966
40.935722,1696,-2089,636,139.966
40.940251,1698,-2089,639,139.966
40.945760,1700,-2091,637,139.966
40.950182,1702,-2092,635,139.966
40.955955,1703,-2093,632,139.966
40.960351,1703,-2094,631,139.966
40.964772,1702,-2093,633,139.966
40.970677,1701,-2093,633,139.966
40.975101,1700,-2094,632,139.966
40.980621,1699,-2094,632,139.971
40.985147,1698,-2095,631,139.971
40.990776,1697,-2096,630,139.971
40.995183,1698,-2095,625,139.971
41.000737,1699,-2095,623,139.971
41.005108,1700,-2096,621,139.977
41.009374,1701,-2096,618,139.977
41.015162,1701,-2096,618,139.977
41.019599,1701,-2098,620,139.977
41.025256,1700,-2097,623,139.977
41.029712,1699,-2097,628,139.977
41.035405,1697,-2095,631,139.977
41.039871,1696,-2094,635,139.977
41.044257,1695,-2094,635,139.977
41.050285,1695,-2095,635,139.977
41.054700,1694,-2095,636,139.977
41.060439,1693,-2096,637,139.977
41.064880,1691,-2096,637,139.977
41.070577,1691,-2096,640,139.977
41.075025,1690,-2098,641,139.977
41.080702,1689,-2100,639,139.977
41.085119,1689,-2103,638,139.982
41.089525,1688,-2104,637,139.982
41.095279,1687,-2104,637,139.982
41.099643,1687,-2103,633,139.982
41.105403,1688,-2101,634,139.982
41.109776,1690,-2099,633,139.988
41.115537,1693,-2097,632,139.988
41.119950,1695,-2095,631,139.988
41.124492,1696,-2095,631,139.988
41.130136,1698,-2096,631,139.988
41.134542,1699,-2098,630,139.988
41.140195,1700,-2103,632,139.993
41.144647,1699,-2104,633,139.993
41.150322,1697,-2105,636,139.993
41.154812,1696,-2105,639,139.993
41.160431,1698,-2103,640,139.993
41.164862,1701,-2100,639,139.993
41.169329,1705,-2099,637,139.993
41.175043,1709,-2098,636,139.993
41.179490,1713,-2099,633,139.993
41.185150,1715,-2100,633,139.993
41.189602,1715,-2101,634,139.993
41.195316,1714,-2101,634,139.993
41.199716,1712,-2102,635,139.993
41.204198,1710,-2102,636,139.993
41.209896,1709,-2102,637,139.993
41.214262,1711,-2104,638,139.993
41.220145,1711,-2106,638,139.993
41.224479,1712,-2108,638,139.993
41.230155,1712,-2110,638,139.993
41.234545,1712,-2111,639,139.993
41.240419,1713,-2111,638,139.999
41.244692,1714,-2109,633,139.999
41.249062,1716,-2106,630,139.999
41.254830,1717,-2104,625,139.999
41.259216,1716,-2104,622,139.999
41.264961,1717,-2105,622,139.999
41.269214,1718,-2107,620,139.999
41.275064,1720,-2108,619,139.999
41.279509,1722,-2111,620,139.999
41.283887,1724,-2111,618,139.999
41.289739,1724,-2113,621,139.999
41.294075,1724,-2114,622,139.999
41.299764,1722,-2113,621,139.999
41.304171,1720,-2114,623,139.999
41.310020,1719,-2113,623,139.999
41.314322,1718,-2112,623,139.999
41.320038,1719,-2111,624,139.999
41.324491,1719,-2112,626,139.999
41.328950,1718,-2112,628,139.999
41.334624,1718,-2112,630,139.999
41.339195,1719,-2112,631,139.999
41.344697,1720,-2109,630,139.999
41.349302,1721,-2108,629,139.999
41.354850,1721,-2107,627,139.999
41.359328,1720,-2106,624,139.999
41.363685,1719,-2106,623,139.999
41.369425,1717,-2104,624,139.999
41.373846,1717,-2103,625,139.999
41.379550,1717,-2102,627,139.999
41.383972,1717,-2102,629,139.999
41.389678,1717,-2103,630,139.999
41.394242,1716,-2102,629,139.999
41.399831,1714,-2101,632,139.999
41.404253,1715,-2099,636,139.999
41.408632,1715,-2097,638,139.999
41.414378,1714,-2096,637,139.999
41.418765,1714,-2095,634,139.999
41.424494,1713,-2094,627,139.993
41.428953,1714,-2093,620,139.993
41.434665,1715,-2092,615,139.993
41.439242,1716,-2092,613,139.993
41.443492,1716,-2094,615,139.993
41.449198,1714,-2095,616,139.993
41.453656,1713,-2095,618,139.993
41.459434,1713,-2097,620,139.993
41.463751,1714,-2097,619,139.993
41.469467,1716,-2098,621,139.993
41.473971,1717,-2098,625,139.993
41.479698,1716,-2098,629,139.993
41.484066,1715,-2098,632,139.993
41.488430,1713,-2099,635,139.993
41.494217,1713,-2101,636,139.993
41.498606,1712,-2100,635,139.999
41.504334,1712,-2100,635,139.999
41.508732,1714,-2100,635,139.999
41.514417,1715,-2099,636,139.993
41.518852,1716,-2101,635,139.993
41.523303,1717,-2102,633,139.993
41.528995,1717,-2104,631,139.993
41.533422,1717,-2106,629,139.993
41.539097,1718,-2108,627,139.993
41.543572,1718,-2110,629,139.988
41.549247,1718,-2110,628,139.988
41.553710,1717,-2111,630,139.988
41.559455,1718,-2110,635,139.988
41.563848,1718,-2110,637,139.988
41.568073,1718,-2110,640,139.993
41.573995,1718,-2109,641,139.993
41.578442,1719,-2107,642,139.993
41.584096,1721,-2106,642,139.993
41.588538,1721,-2105,640,139.993
41.594226,1720,-2103,639,139.993
41.598655,1719,-2101,637,139.993
41.603122,1716,-2099,636,139.999
41.608802,1714,-2096,634,139.999
41.613257,1713,-2095,633,139.999
41.618950,1711,-2093,632,139.999
41.623368,1711,-2093,629,139.999
41.629072,1710,-2093,627,139.999
41.633449,1712,-2093,624,139.999
41.639219,1713,-2094,623,139.999
41.643590,1714,-2094,622,139.999
41.648028,1714,-2094,620,139.999
41.653734,1715,-2095,618,139.999
41.658158,1715,-2095,615,139.993
41.663821,1715,-2095,614,139.999
41.668319,1715,-2095,619,139.993
41.674115,1715,-2096,623,139.993
41.678421,1714,-2095,628,139.993
41.682873,1714,-2094,631,139.993
41.688595,1714,-2092,631,139.993
41.693045,1716,-2092,632,139.993
41.698549,1717,-2093,633,139.993
41.703266,1716,-2094,632,139.993
41.708844,1716,-2095,631,139.993
41.713276,1715,-2094,630,139.993
41.719023,1715,-2094,630,139.993
41.723370,1715,-2095,632,139.993
41.727807,1714,-2094,636,139.993
41.733482,1711,-2094,641,139.988
41.737990,1710,-2094,645,139.988
41.743630,1710,-2093,649,139.988
41.748043,1709,-2095,651,139.993
41.753727,1709,-2097,653,139.993
41.758380,1706,-2097,654,139.993
41.762783,1705,-2098,653,139.993
41.768391,1705,-2096,653,139.993
41.772765,1705,-2094,653,139.993
41.778623,1705,-2091,655,139.993
41.782981,1704,-2090,655,139.993
41.788603,1704,-2089,655,139.993
41.793027,1704,-2087,656,139.993
41.798794,1705,-2086,656,139.993
41.803203,1705,-2086,658,139.993
41.807499,1703,-2086,660,139.993
41.813439,1703,-2088,660,139.993
41.817730,1705,-2090,661,139.988
41.823162,1707,-2092,659,139.988
41.827573,1710,-2092,660,139.988
41.833308,1713,-2093,662,139.988
41.837676,1714,-2092,660,139.988
41.842069,1713,-2092,659,139.982
41.847866,1713,-2092,656,139.988
41.852314,1714,-2091,650,139.988
41.857959,1716,-2090,649,139.988
41.862408,1717,-2091,649,139.988
41.868357,1718,-2092,647,139.988
41.872851,1718,-2093,647,139.988
41.878485,1718,-2095,647,139.988
41.883216,1718,-2094,643,139.988
41.887393,1718,-2094,644,139.988
41.893115,1717,-2094,644,139.988
41.897500,1717,-2094,643,139.988
41.902973,1718,-2093,644,139.982
41.907742,1715,-2094,644,139.982
41.913353,1713,-2093,643,139.982
41.917844,1711,-2094,643,139.982
41.922129,1707,-2095,642,139.982
41.928076,1705,-2096,644,139.982
41.932246,1705,-2099,646,139.982
41.937781,1704,-2101,648,139.982
41.942196,1705,-2102,647,139.977
41.947901,1705,-2102,649,139.977
41.952264,1705,-2104,651,139.977
41.958298,1706,-2103,649,139.977
41.962788,1706,-2103,645,139.977
41.967119,1706,-2101,642,139.977
41.972875,1706,-2100,637,139.977
41.977293,1704,-2097,633,139.977
41.983149,1703,-2095,632,139.977
41.987446,1703,-2094,634,139.977
41.993294,1704,-2094,635,139.977
41.997547,1706,-2094,636,139.982
42.001980,1708,-2096,639,139.982
42.007506,1710,-2097,640,139.982
42.011815,1712,-2097,645,139.982
42.017481,1712,-2095,648,139.988
42.022259,1714,-2094,649,139.988
42.027966,1715,-2092,648,139.988
42.032151,1716,-2091,645,139.988
42.038056,1718,-2090,644,139.988
42.042533,1718,-2091,643,139.988
42.046927,1719,-2092,644,139.988
42.052627,1718,-2093,642,139.988
42.057039,1717,-2093,643,139.988
42.062679,1717,-2094,641,139.988
42.067165,1717,-2094,640,139.988
42.072894,1718,-2093,642,139.982
42.077306,1717,-2093,642,139.982
42.081798,1716,-2091,642,139.982
42.087499,1715,-2090,644,139.982
42.091898,1714,-2090,644,139.977
42.097646,1714,-2090,648,139.977
42.102046,1715,-2091,652,139.977
42.107778,1718,-2093,656,139.977
42.112297,1722,-2096,659,139.971
42.117865,1723,-2098,658,139.971
42.122282,1724,-2101,657,139.971
42.126689,1723,-2101,654,139.971
42.132436,1721,-2100,651,139.971
42.136864,1721,-2097,651,139.971
42.142523,1721,-2094,653,139.971
42.146993,1722,-2092,657,139.966
42.152697,1720,-2091,660,139.966
42.156883,1718,-2090,662,139.966
42.161494,1717,-2089,661,139.966
42.167294,1716,-2090,659,139.966
42.171762,1716,-2091,659,139.966
42.177422,1717,-2093,656,139.966
42.181931,1716,-2096,654,139.966
42.187603,1715,-2099,655,139.966
42.192124,1713,-2101,657,139.966
42.197630,1711,-2102,658,139.966
42.202094,1709,-2102,659,139.966
42.206453,1709,-2100,657,139.966
42.212205,1709,-2098,656,139.966
42.216624,1709,-2097,658,139.966
42.222344,1710,-2098,660,139.966
42.226784,1709,-2100,666,139.966
42.232493,1709,-2102,670,139.966
42.236965,1709,-2104,673,139.966
42.241328,1710,-2105,673,139.966
42.247091,1711,-2106,673,139.966
42.251526,1710,-2107,670,139.966
42.257155,1711,-2109,667,139.971
42.261693,1711,-2110,665,139.971
42.267297,1712,-2110,662,139.971
42.271740,1712,-2108,661,139.971
42.277602,1712,-2106,661,139.971
42.281877,1710,-2103,658,139.971
42.286237,1707,-2101,660,139.971
42.291992,1705,-2099,658,139.971
42.296417,1703,-2097,657,139.971
42.301984,1702,-2096,655,139.977
42.306592,1702,-2096,651,139.977
42.312273,1703,-2095,648,139.977
42.316704,1704,-2096,644,139.977
42.321165,1705,-2097,643,139.977
42.326887,1705,-2098,643,139.977
42.331237,1704,-2098,642,139.977
42.336962,1703,-2100,645,139.977
42.341392,1704,-2101,648,139.977
42.347074,1705,-2102,649,139.971
42.351542,1707,-2102,650,139.971
42.357249,1708,-2103,651,139.971
42.361637,1709,-2102,651,139.971
42.366053,1710,-2101,653,139.971
42.371750,1711,-2099,656,139.971
42.376242,1714,-2097,660,139.971
42.381676,1717,-2095,662,139.971
42.386311,1718,-2094,664,139.971
42.392049,1718,-2093,663,139.971
42.396436,1717,-2093,660,139.971
42.400890,1714,-2093,659,139.971
42.406655,1712,-2093,659,139.971
42.411013,1710,-2093,659,139.971
42.416867,1708,-2093,659,139.971
42.421161,1708,-2092,661,139.971
42.426916,1710,-2091,659,139.971
42.431297,1709,-2092,656,139.971
42.436970,1710,-2092,655,139.971
42.441442,1710,-2094,653,139.971
42.445800,1710,-2096,655,139.971
42.451517,1709,-2096,656,139.971
42.455977,1707,-2097,660,139.971
42.461698,1707,-2097,661,139.971
42.466111,1708,-2096,664,139.971
42.471879,1709,-2096,663,139.971
42.476218,1710,-2094,663,139.971
42.480651,1710,-2093,664,139.971
42.486437,1709,-2091,659,139.971
42.490983,1709,-2091,659,139.971
42.496274,1710,-2089,658,139.971
42.500933,1710,-2091,656,139.971
42.506657,1710,-2092,657,139.971
42.511239,1710,-2094,660,139.971
42.516950,1708,-2096,660,139.971
42.521269,1706,-2096,658,139.971
42.525610,1704,-2095,657,139.971
42.531355,1703,-2095,652,139.971
42.535745,1702,-2092,648,139.971
42.541465,1703,-2090,646,139.971
42.545943,1703,-2091,643,139.966
42.551632,1702,-2090,643,139.966
42.556012,1703,-2093,645,139.966
42.560427,1705,-2096,647,139.966
42.566132,1708,-2097,649,139.966
42.570593,1711,-2099,651,139.966
42.576327,1713,-2101,650,139.966
42.580920,1712,-2102,646,139.966
42.586402,1711,-2103,641,139.966
42.590851,1709,-2102,639,139.966
42.596545,1709,-2102,635,139.966
42.601166,1708,-2100,630,139.966
42.605362,1708,-2099,629,139.966
42.611152,1708,-2099,630,139.966
42.615593,1709,-2100,631,139.966
42.621238,1710,-2100,633,139.966
42.625674,1710,-2100,634,139.971
42.631358,1709,-2098,632,139.971
42.635871,1707,-2096,627,139.971
42.640249,1705,-2094,625,139.971
42.646181,1705,-2092,625,139.971
42.650396,1706,-2092,624,139.971
42.656070,1710,-2092,626,139.971
42.660428,1714,-2092,624,139.971
42.666370,1716,-2094,624,139.971
42.670693,1720,-2096,627,139.971
42.676407,1720,-2098,629,139.971
42.680789,1720,-2100,633,139.971
42.685226,1718,-2102,638,139.971
42.690889,1715,-2102,639,139.971
42.695290,1713,-2103,640,139.971
42.701193,1710,-2103,640,139.971
42.705430,1708,-2102,640,139.971
42.711206,1707,-2101,640,139.966
42.715656,1706,-2100,638,139.966
42.720050,1705,-2101,635,139.966
42.725549,1703,-2102,634,139.966
42.730190,1701,-2103,633,139.971
42.735860,1699,-2104,634,139.971
42.740331,1698,-2105,636,139.971
42.746023,1699,-2104,636,139.971
42.750389,1700,-2102,637,139.971
42.756149,1701,-2101,637,139.971
42.760529,1701,-2101,635,139.971
42.764979,1701,-2101,635,139.977
42.770661,1700,-2102,633,139.977
42.775144,1702,-2103,629,139.977
42.780779,1702,-2103,628,139.977
42.785380,1703,-2104,627,139.977
42.790786,1704,-2105,628,139.977
42.795370,1705,-2106,631,139.977
42.799775,1707,-2105,633,139.977
42.805539,1709,-2103,635,139.977
42.809927,1710,-2101,637,139.977
42.815639,1711,-2099,636,139.977
42.820067,1711,-2098,634,139.977
42.825785,1709,-2098,633,139.977
42.830214,1708,-2098,631,139.977
42.835974,1707,-2098,626,139.977
42.840527,1707,-2098,624,139.982
42.844776,1709,-2099,624,139.982
42.850473,1712,-2099,625,139.982
42.854748,1713,-2100,626,139.982
42.860569,1712,-2101,628,139.982
42.864850,1709,-2103,631,139.982
42.870880,1706,-2102,633,139.982
42.875188,1702,-2102,635,139.982
42.879558,1701,-2100,635,139.982
42.885301,1701,-2098,634,139.982
42.889706,1701,-2098,633,139.982
42.895565,1701,-2098,633,139.982
42.899851,1702,-2098,634,139.982
42.905581,1704,-2099,631,139.982
42.910034,1706,-2100,632,139.982
42.915745,1709,-2100,631,139.982
42.920150,1711,-2099,632,139.982
42.924538,1712,-2098,636,139.982
42.930418,1713,-2096,640,139.982
42.934668,1714,-2095,644,139.982
42.940420,1712,-2094,649,139.982
42.944572,1710,-2095,653,139.982
42.950594,1707,-2096,655,139.982
42.955008,1705,-2099,654,139.982
42.959395,1706,-2101,651,139.977
42.965120,1707,-2102,648,139.977
42.969522,1709,-2102,645,139.977
42.975268,1712,-2101,643,139.977
42.979660,1714,-2100,642,139.977
42.985295,1715,-2099,637,139.977
42.989777,1716,-2098,634,139.977
42.995528,1716,-2096,634,139.977
42.999972,1717,-2095,633,139.977
43.004309,1719,-2094,636,139.977
43.009811,1723,-2095,644,139.977
43.014423,1726,-2097,648,139.977
43.020109,1729,-2099,653,139.971
43.024378,1729,-2099,656,139.971
43.030193,1727,-2098,657,139.971
43.034753,1726,-2098,658,139.971
43.039147,1725,-2099,657,139.966
43.044954,1726,-2099,657,139.966
43.049232,1729,-2097,657,139.960
43.054975,1730,-2097,654,139.960
43.059499,1730,-2096,652,139.955
43.065111,1729,-2096,650,139.955
43.069731,1727,-2097,648,139.949
43.075349,1726,-2097,648,139.949
43.079871,1726,-2096,648,139.949
43.084183,1724,-2095,650,139.944
43.089843,1723,-2094,652,139.944
43.094460,1722,-2092,652,139.944
43.100044,1720,-2091,649,139.944
43.104389,1719,-2091,649,139.944
43.110088,1717,-2092,648,139.949
43.114512,1716,-2095,650,139.949
43.119005,1716,-2099,653,139.949
43.124755,1715,-2102,653,139.955
43.129159,1714,-2103,653,139.955
43.134800,1713,-2102,650,139.960
43.139243,1711,-2101,647,139.960
43.144936,1711,-2100,649,139.960
43.149530,1712,-2101,652,139.960
43.155098,1713,-2101,656,139.960
43.159524,1713,-2100,664,139.966
43.163923,1713,-2100,669,139.966
43.169711,1712,-2100,673,139.966
43.174076,1709,-2098,676,139.966
43.179801,1708,-2098,674,139.966
43.184187,1708,-2098,676,139.971
43.189956,1709,-2098,676,139.971
43.194352,1710,-2099,675,139.971
43.198729,1709,-2100,675,139.971
43.204501,1710,-2098,672,139.971
43.208943,1708,-2095,668,139.971
43.214620,1706,-2090,666,139.971
43.219045,1705,-2088,664,139.977
43.224804,1705,-2087,663,139.977
43.229173,1704,-2088,662,139.977
43.234896,1705,-2090,660,139.977
43.239261,1707,-2093,657,139.977
43.243698,1708,-2095,655,139.977
43.249576,1707,-2095,654,139.982
43.253908,1706,-2095,655,139.982
43.259546,1704,-2093,658,139.982
43.263944,1702,-2092,660,139.982
43.269698,1704,-2093,661,139.982
43.274173,1705,-2092,662,139.982
43.278564,1707,-2091,660,139.977
43.284260,1709,-2092,660,139.977
43.288484,1711,-2093,660,139.977
43.294520,1712,-2094,657,139.971
43.298854,1714,-2096,655,139.971
43.304500,1714,-2099,655,139.966
43.308933,1714,-2101,653,139.960
43.314786,1714,-2103,651,139.955
43.319142,1713,-2105,652,139.955
43.323475,1713,-2104,652,139.949
43.329267,1712,-2103,652,139.949
43.333652,1714,-2102,651,139.949
43.339312,1715,-2101,649,139.944
43.343774,1715,-2101,648,139.944
43.349515,1716,-2101,644,139.944
43.353879,1716,-2100,644,139.944
43.358325,1715,-2099,644,139.944
43.363839,1715,-2099,644,139.944
43.368638,1714,-2100,644,139.944
43.374193,1713,-2101,644,139.944
43.378584,1714,-2102,642,139.944
43.384309,1716,-2102,638,139.949
43.388689,1717,-2100,635,139.949
43.394443,1720,-2099,635,139.949
43.398923,1722,-2098,637,139.949
43.403282,1723,-2097,641,139.949
43.408995,1725,-2097,645,139.949
43.413391,1725,-2096,647,139.949
43.419103,1726,-2095,649,139.949
43.423500,1727,-2095,649,139.944
43.429129,1729,-2095,650,139.944
43.433747,1731,-2094,650,139.944
43.438134,1731,-2096,650,139.944
43.443870,1731,-2096,649,139.944
43.448214,1730,-2096,648,139.944
43.453908,1728,-2097,648,139.938
43.458545,1727,-2099,651,139.938
43.464052,1728,-2100,651,139.938
43.468678,1730,-2101,651,139.938
43.474248,1730,-2102,650,139.938
43.478579,1730,-2104,649,139.938
43.483091,1730,-2106,649,139.938
43.488824,1729,-2106,651,139.938
43.493267,1730,-2105,654,139.938
43.498933,1731,-2101,657,139.938
43.503421,1731,-2099,660,139.933
43.509093,1729,-2097,664,139.933
43.513473,1727,-2095,667,139.933
43.518073,1727,-2094,669,139.933
43.523660,1725,-2092,668,139.933
43.528047,1726,-2090,665,139.933
43.533866,1725,-2089,663,139.933
43.538187,1725,-2088,657,139.933
43.543823,1724,-2088,653,139.927
43.548270,1724,-2088,646,139.927
43.554064,1723,-2089,642,139.927
43.558443,1721,-2090,638,139.927
43.562873,1720,-2093,636,139.922
43.568546,1720,-2093,635,139.922
43.573094,1719,-2094,636,139.922
43.578692,1719,-2096,637,139.916
43.583095,1717,-2097,636,139.916
43.588628,1717,-2098,634,139.916
43.593300,1717,-2097,632,139.916
43.597640,1718,-2097,631,139.911
43.603420,1719,-2097,634,139.911
43.607773,1719,-2096,637,139.911
43.613547,1719,-2097,638,139.911
43.618006,1718,-2099,639,139.911
43.623697,1717,-2101,637,139.916
43.628152,1714,-2104,636,139.916
43.633758,1712,-2107,636,139.916
43.638215,1708,-2109,638,139.922
43.642659,1705,-2109,636,139.922
43.648325,1704,-2108,638,139.927
43.652914,1705,-2106,639,139.927
43.658422,1707,-2104,638,139.927
43.662905,1708,-2102,638,139.927
43.668654,1710,-2099,637,139.933
43.673074,1710,-2097,637,139.933
43.677523,1711,-2098,634,139.933
43.683212,1710,-2098,633,139.933
43.687583,1709,-2098,630,139.933
43.693304,1708,-2099,624,139.933
43.697769,1708,-2098,623,139.933
43.703438,1710,-2098,622,139.933
43.707894,1712,-2098,623,139.933
43.713605,1713,-2097,626,139.938
43.717989,1714,-2097,630,139.938
43.722364,1713,-2098,632,139.938
43.728162,1713,-2099,632,139.938
43.732545,1713,-2100,633,139.938
43.738248,1713,-2101,630,139.938
43.742664,1714,-2102,627,139.938
43.748400,1714,-2104,628,139.938
43.752875,1714,-2105,630,139.938
43.757276,1713,-2105,631,139.938
43.763004,1712,-2103,635,139.938
43.767376,1711,-2102,638,139.938
43.773066,1711,-2100,639,139.933
43.777528,1710,-2100,639,139.933
43.783218,1711,-2099,639,139.933
43.787650,1711,-2097,638,139.933
43.793351,1712,-2096,638,139.933
43.797751,1712,-2094,638,139.933
43.802197,1714,-2095,636,139.933
43.807903,1715,-2096,634,139.933
43.812312,1716,-2096,631,139.933
43.818048,1716,-2095,632,139.933
43.822398,1715,-2093,631,139.933
43.828212,1714,-2093,630,139.927
43.832537,1714,-2093,631,139.927
43.836979,1713,-2094,630,139.927
43.842678,1713,-2095,631,139.927
43.847188,1714,-2096,630,139.927
43.852884,1713,-2096,631,139.933
43.857306,1713,-2096,630,139.933
43.863011,1713,-2096,630,139.933
43.867404,1715,-2096,631,139.933
43.873103,1719,-2099,632,139.933
43.877578,1722,-2103,634,139.933
43.881950,1725,-2106,636,139.933
43.887713,1727,-2110,637,139.933
43.892015,1727,-2111,635,139.933
43.897765,1727,-2113,633,139.927
43.902221,1726,-2115,631,139.927
43.907939,1726,-2115,628,139.933
43.912332,1724,-2114,627,139.933
43.916746,1723,-2115,626,139.933
43.922531,1721,-2115,626,139.933
43.926955,1718,-2114,627,139.933
43.932603,1715,-2114,628,139.933
43.937050,1713,-2114,630,139.933
43.942719,1711,-2113,629,139.933
43.947194,1712,-2111,629,139.933
43.952910,1713,-2110,629,139.933
43.957345,1713,-2110,630,139.933
43.961756,1713,-2111,632,139.938
43.967471,1713,-2112,634,139.938
43.971877,1714,-2114,639,139.938
43.977583,1717,-2114,642,139.938
43.981874,1718,-2113,643,139.938
43.987745,1719,-2112,643,139.938
43.992223,1719,-2112,643,139.938
43.996554,1717,-2113,642,139.933
44.002339,1715,-2111,644,139.933
44.006420,1714,-2109,647,139.933
44.012379,1712,-2107,649,139.933
44.016595,1711,-2104,651,139.933
44.022527,1710,-2104,652,139.933
44.026917,1709,-2105,652,139.933
44.032438,1709,-2105,654,139.933
44.037080,1707,-2104,655,139.938
44.041567,1706,-2103,652,139.938
44.047255,1704,-2100,649,139.938
44.051664,1702,-2096,644,139.938
44.057350,1700,-2095,643,139.938
44.061799,1697,-2095,644,139.938
44.067461,1696,-2096,644,139.938
44.071945,1697,-2097,645,139.938
44.076499,1700,-2100,647,139.944
44.082038,1704,-2101,648,139.944
44.086558,1706,-2099,649,139.944
44.092208,1707,-2097,652,139.938
44.096647,1707,-2095,652,139.938
44.102344,1707,-2093,652,139.938
44.106944,1707,-2092,652,139.938
44.112501,1709,-2090,652,139.933
44.116927,1712,-2090,648,139.933
44.121360,1713,-2091,645,139.933
44.127024,1713,-2094,640,139.933
44.131474,1712,-2096,635,139.933
44.137175,1711,-2098,634,139.933
44.141571,1710,-2099,634,139.933
44.147286,1709,-2100,635,139.933
44.151855,1709,-2101,637,139.933
44.156142,1708,-2103,640,139.938
44.161646,1707,-2104,638,139.938
44.166366,1706,-2105,637,139.938
44.172060,1705,-2104,638,139.938
44.176492,1705,-2103,636,139.938
44.182124,1705,-2100,637,139.944
44.186544,1706,-2099,638,139.944
44.192227,1706,-2099,639,139.944
44.196755,1706,-2097,640,139.944
44.201175,1706,-2098,641,139.949
44.206869,1706,-2097,641,139.949
44.211192,1707,-2098,640,139.949
44.216974,1707,-2099,636,139.949
44.221351,1708,-2102,633,139.949
44.227244,1708,-2104,631,139.949
44.231491,1708,-2105,631,139.949
44.235900,1708,-2104,628,139.949
44.241677,1708,-2103,623,139.949
44.246040,1708,-2103,622,139.949
44.251744,1708,-2105,622,139.944
44.256199,1708,-2106,622,139.944
44.262063,1707,-2107,626,139.944
44.266321,1705,-2107,631,139.944
44.272088,1703,-2108,631,139.944
44.276492,1702,-2109,632,139.944
44.281022,1701,-2109,632,139.944
44.286593,1701,-2110,630,139.944
44.291000,1701,-2111,629,139.944
44.296569,1701,-2110,631,139.944
44.301160,1700,-2109,633,139.949
44.306745,1698,-2107,636,139.949
44.311456,1696,-2106,641,139.949
44.315781,1694,-2105,643,139.949
44.321451,1694,-2105,648,139.949
44.325863,1694,-2105,654,139.955
44.331543,1694,-2104,657,139.955
44.336094,1695,-2103,657,139.955
44.341711,1695,-2102,657,139.955
44.346168,1695,-2101,655,139.960
44.351817,1695,-2099,652,139.960
44.356238,1695,-2098,650,139.960
44.360749,1696,-2096,650,139.960
44.366426,1696,-2092,650,139.960
44.370842,1698,-2088,651,139.960
44.376459,1699,-2087,654,139.960
44.380928,1700,-2086,658,139.960
44.386624,1701,-2086,661,139.960
44.391232,1702,-2086,663,139.960
44.395497,1701,-2086,665,139.960
44.401374,1702,-2087,665,139.960
44.405677,1703,-2090,667,139.960
44.411333,1704,-2094,669,139.960
44.415829,1704,-2098,668,139.960
44.421451,1703,-2101,668,139.960
44.425913,1701,-2102,664,139.960
44.431631,1702,-2102,660,139.960
44.436050,1704,-2103,658,139.960
44.440445,1706,-2103,658,139.960
44.446197,1708,-2103,656,139.960
44.450520,1710,-2103,655,139.960
44.456343,1710,-2104,651,139.960
44.460788,1709,-2105,647,139.960
44.466363,1709,-2106,645,139.960
44.470963,1708,-2106,646,139.960
44.475304,1708,-2106,649,139.960
44.481176,1708,-2106,654,139.960
44.485385,1707,-2103,658,139.960
44.491084,1707,-2101,659,139.966
44.495541,1707,-2100,658,139.966
44.500982,1709,-2099,656,139.966
44.505675,1710,-2099,653,139.966
44.511261,1710,-2099,650,139.966
44.515684,1710,-2098,647,139.966
44.520291,1710,-2097,642,139.966
44.526026,1708,-2096,639,139.966
44.530439,1707,-2095,636,139.966
44.536117,1707,-2094,635,139.960
44.540567,1707,-2094,636,139.960
44.546208,1707,-2093,638,139.960
44.550372,1707,-2093,638,139.955
44.554737,1708,-2094,640,139.955
44.560456,1709,-2096,640,139.955
44.564964,1710,-2098,639,139.955
44.570598,1708,-2099,640,139.955
44.575018,1707,-2099,640,139.955
44.580744,1705,-2099,640,139.955
44.585161,1702,-2099,637,139.955
44.590801,1704,-2099,635,139.955
44.595287,1705,-2098,630,139.955
44.599707,1704,-2098,627,139.955
44.605720,1705,-2097,625,139.955
44.610159,1703,-2098,624,139.960
44.615823,1702,-2099,624,139.960
44.620394,1703,-2099,623,139.960
44.626066,1704,-2099,623,139.960
44.630574,1703,-2100,622,139.960
44.634915,1703,-2100,619,139.960
44.640617,1702,-2101,619,139.960
44.644980,1700,-2102,620,139.955
44.650667,1698,-2101,623,139.955
44.655115,1696,-2103,626,139.955
44.660768,1694,-2103,629,139.955
44.665244,1694,-2103,628,139.955
44.670922,1696,-2104,629,139.960
44.675372,1698,-2105,630,139.960
44.679808,1701,-2106,631,139.960
44.685494,1704,-2107,631,139.960
44.689948,1705,-2107,633,139.960
44.695590,1705,-2106,633,139.966
44.700080,1706,-2105,634,139.966
44.705812,1707,-2104,633,139.966
44.710173,1708,-2103,635,139.966
44.714604,1708,-2102,637,139.966
44.720518,1709,-2100,637,139.966
44.724752,1709,-2099,637,139.966
44.730450,1709,-2098,638,139.966
44.734926,1707,-2097,639,139.966
44.740578,1706,-2097,637,139.966
44.744990,1704,-2097,637,139.966
44.750896,1703,-2097,638,139.966
44.755168,1701,-2095,637,139.966
44.759700,1699,-2094,636,139.966
44.765310,1699,-2093,636,139.966
44.769738,1699,-2093,635,139.966
44.775400,1702,-2093,633,139.966
44.779803,1702,-2093,631,139.966
44.785470,1705,-2091,630,139.966
44.790033,1705,-2090,629,139.966
44.794363,1705,-2092,628,139.966
44.800135,1706,-2093,628,139.966
44.804597,1706,-2095,628,139.966
44.810244,1709,-2097,630,139.966
44.814611,1712,-2098,633,139.966
44.820336,1715,-2099,637,139.966
44.824904,1716,-2099,640,139.966
44.830675,1717,-2100,645,139.966
44.834890,1717,-2102,648,139.966
44.839378,1717,-2103,649,139.966
44.845065,1718,-2104,649,139.966
44.849476,1718,-2105,650,139.966
44.855189,1717,-2107,649,139.966
44.859614,1714,-2108,650,139.966
44.865290,1712,-2108,651,139.966
44.869769,1710,-2107,650,139.966
44.874181,1709,-2105,651,139.966
44.880076,1708,-2105,648,139.966
44.884417,1707,-2105,648,139.971
44.889999,1704,-2103,646,139.971
44.894420,1704,-2101,644,139.971
44.900075,1705,-2098,642,139.971
44.904586,1708,-2094,640,139.966
44.910327,1709,-2091,638,139.966
44.914730,1708,-2090,636,139.966
44.919134,1705,-2090,634,139.960
44.924822,1703,-2093,636,139.960
44.929315,1701,-2095,639,139.960
44.934942,1701,-2098,644,139.960
44.939356,1704,-2100,646,139.960
44.944933,1704,-2100,645,139.960
44.949568,1707,-2102,645,139.960
44.953981,1709,-2103,644,139.960
44.959673,1708,-2102,640,139.966
44.964099,1708,-2103,638,139.966
44.969816,1707,-2101,637,139.966
44.974291,1705,-2103,634,139.966
44.980010,1704,-2105,632,139.966
44.984393,1704,-2108,630,139.971
44.990096,1703,-2111,630,139.971
44.994656,1703,-2113,630,139.971
44.998871,1705,-2114,629,139.971
45.004573,1706,-2116,629,139.971
45.008750,1708,-2117,629,139.971
45.014487,1710,-2118,629,139.977
45.019136,1710,-2118,631,139.977
45.024811,1708,-2118,633,139.977
45.029295,1707,-2118,635,139.977
45.033410,1707,-2118,638,139.977
45.039407,1704,-2118,637,139.977
45.043852,1703,-2117,640,139.977
45.049503,1701,-2114,642,139.977
45.054094,1700,-2113,642,139.977
45.059816,1701,-2113,645,139.982
45.064119,1701,-2112,646,139.982
45.069812,1702,-2113,648,139.982
45.074286,1703,-2113,650,139.982
45.078647,1703,-2112,653,139.982
45.084411,1703,-2111,658,139.982
45.088863,1702,-2109,659,139.982
45.094515,1700,-2107,660,139.982
45.099092,1699,-2105,659,139.988
45.104669,1698,-2103,657,139.988
45.109257,1699,-2104,655,139.988
45.113286,1701,-2105,654,139.988
45.119408,1702,-2106,653,139.993
45.123687,1703,-2107,653,139.993
45.129378,1703,-2107,653,139.993
45.133852,1704,-2107,655,139.993
45.139620,1705,-2107,659,139.999
45.143731,1704,-2105,660,139.999
45.149630,1704,-2103,658,139.999
45.154121,1703,-2101,656,139.999
45.158422,1704,-2100,651,139.999
45.164142,1705,-2100,649,139.999
45.168567,1704,-2100,651,139.999
45.174309,1704,-2099,649,139.999
45.178685,1704,-2098,648,139.999
45.184587,1702,-2096,649,139.999
45.188826,1701,-2095,647,139.999
45.193243,1701,-2094,646,139.999
45.199012,1700,-2093,646,139.999
45.203440,1699,-2092,643,139.999
45.209126,1699,-2091,639,139.999
45.213622,1699,-2091,637,139.999
45.219312,1697,-2090,635,139.999
45.223850,1696,-2089,634,139.999
45.229400,1694,-2089,632,140.004
45.233850,1693,-2091,631,140.004
45.238284,1693,-2092,628,140.004
45.243975,1692,-2093,625,140.004
45.248421,1693,-2092,622,140.004
45.254022,1694,-2092,619,140.004
45.258517,1697,-2090,617,140.004
45.264251,1698,-2089,619,140.004
45.268773,1699,-2089,623,140.004
45.273154,1701,-2088,628,140.004
45.278801,1701,-2089,630,140.004
45.283193,1702,-2090,630,139.999
45.289054,1702,-2091,631,139.999
45.293320,1702,-2092,634,139.999
45.299069,1701,-2094,640,139.999
45.303588,1699,-2095,641,139.999
45.309173,1697,-2094,640,139.999
45.313625,1696,-2094,639,139.999
45.318089,1697,-2093,635,139.999
45.323734,1699,-2093,633,139.999
45.328215,1701,-2094,635,139.999
45.333855,1703,-2093,639,140.004
45.338270,1705,-2093,641,140.004
45.343973,1705,-2093,641,140.004
45.348283,1704,-2093,641,140.004
45.352827,1703,-2095,640,140.010
45.358609,1701,-2097,640,140.010
45.363031,1699,-2098,639,140.010
45.368663,1698,-2099,637,140.010
45.373124,1697,-2099,633,140.010
45.378817,1698,-2098,625,140.010
45.383158,1699,-2098,622,140.015
45.388970,1700,-2097,620,140.015
45.393376,1700,-2097,621,140.015
45.397779,1699,-2095,623,140.015
45.403471,1700,-2094,625,140.015
45.407953,1703,-2096,627,140.015
45.413629,1704,-2098,625,140.015
45.418023,1706,-2101,626,140.021
45.423772,1705,-2104,627,140.021
45.428131,1703,-2105,629,140.021
45.432726,1701,-2106,634,140.021
45.438333,1701,-2107,637,140.021
45.442740,1701,-2106,638,140.021
45.448382,1703,-2108,639,140.021
45.452911,1704,-2109,639,140.021
45.458545,1705,-2109,638,140.021
45.463010,1707,-2110,641,140.021
45.468770,1709,-2109,646,140.021
45.473319,1711,-2110,649,140.021
45.477567,1713,-2109,655,140.021
45.483357,1712,-2108,656,140.021
45.487753,1711,-2107,652,140.021
45.493400,1708,-2107,645,140.021
45.497866,1707,-2109,636,140.026
45.503357,1706,-2110,627,140.026
45.508020,1707,-2112,621,140.032
45.512271,1709,-2112,618,140.032
45.518142,1711,-2112,620,140.037
45.522601,1714,-2110,625,140.037
45.527932,1716,-2110,631,140.037
45.532777,1717,-2110,636,140.037
45.538422,1716,-2108,639,140.037
45.542643,1713,-2105,641,140.032
45.548512,1709,-2104,642,140.032
45.552964,1707,-2103,643,140.026
45.557113,1706,-2102,644,140.026
45.563006,1704,-2104,646,140.026
45.567534,1703,-2105,646,140.026
45.573179,1700,-2103,648,140.026
45.577634,1698,-2103,649,140.026
45.583298,1698,-2102,651,140.026
45.587526,1698,-2101,653,140.026
45.592189,1697,-2101,657,140.026
45.597964,1699,-2101,658,140.032
45.602303,1700,-2101,655,140.032
45.608145,1701,-2101,651,140.032
45.612450,1702,-2101,646,140.037
45.618120,1702,-2101,641,140.037
45.622526,1701,-2102,637,140.037
45.628296,1700,-2103,637,140.043
45.632693,1700,-2104,634,140.043
45.637118,1701,-2106,634,140.043
45.642782,1701,-2107,631,140.043
45.647224,1703,-2107,625,140.043
45.653013,1706,-2108,622,140.043
45.657420,1709,-2109,621,140.043
45.663139,1715,-2109,620,140.043
45.667467,1720,-2108,623,140.043
45.671943,1726,-2107,626,140.043
45.677651,1730,-2106,626,140.043
45.682050,1731,-2106,629,140.043
45.687748,1731,-2105,631,140.043
45.692265,1731,-2105,633,140.037
45.697880,1731,-2104,638,140.037
45.702322,1728,-2103,642,140.037
45.707868,1727,-2101,643,140.037
45.712627,1724,-2099,648,140.037
45.716892,1722,-2099,652,140.037
45.722598,1720,-2099,654,140.032
45.727052,1718,-2102,655,140.032
45.732720,1717,-2105,654,140.032
45.737196,1715,-2110,652,140.032
45.742843,1714,-2113,651,140.032
45.747345,1713,-2115,649,140.037
45.751783,1712,-2116,648,140.037
45.757594,1711,-2115,646,140.037
45.761840,1709,-2114,646,140.037
45.767516,1707,-2114,644,140.037
45.771837,1708,-2113,640,140.043
45.777724,1708,-2112,638,140.043
45.782080,1710,-2112,637,140.043
45.787790,1712,-2110,637,140.043
45.792334,1712,-2109,638,140.043
45.796630,1712,-2108,639,140.043
45.802396,1712,-2107,641,140.043
45.806803,1711,-2107,641,140.043
45.812491,1711,-2109,643,140.043
45.816975,1711,-2110,643,140.037
45.822654,1712,-2111,643,140.037
45.827028,1712,-2110,646,140.037
45.831471,1712,-2109,647,140.037
45.837212,1711,-2109,649,140.037
45.841597,1710,-2108,650,140.037
45.847352,1711,-2107,648,140.037
45.851764,1710,-2107,641,140.037
45.857519,1710,-2108,636,140.037
45.861905,1711,-2108,632,140.043
45.867618,1709,-2106,630,140.043
45.872042,1709,-2103,628,140.043
45.876452,1709,-2101,629,140.043
45.882162,1708,-2099,628,140.043
45.886605,1706,-2098,630,140.048
45.892333,1707,-2099,632,140.048
45.896727,1710,-2099,637,140.048
45.902495,1713,-2099,641,140.048
45.906829,1716,-2099,642,140.048
45.911294,1719,-2099,643,140.048
45.916975,1719,-2098,645,140.048
45.921388,1720,-2100,645,140.043
45.927138,1719,-2101,647,140.043
45.931550,1718,-2103,650,140.043
45.937227,1715,-2104,653,140.043
45.941721,1713,-2104,655,140.043
45.947126,1710,-2105,656,140.043
45.951853,1710,-2105,657,140.043
45.956260,1711,-2106,657,140.043
45.961778,1710,-2107,658,140.043
45.966435,1711,-2108,658,140.037
45.972073,1712,-2108,657,140.037
45.976499,1713,-2108,656,140.037
45.982252,1714,-2107,655,140.037
45.986709,1715,-2104,653,140.037
45.991006,1716,-2102,650,140.037
45.996623,1717,-2101,649,140.037
46.000897,1718,-2101,649,140.032
46.006655,1718,-2099,651,140.032
46.010997,1718,-2100,654,140.032
46.016753,1718,-2099,659,140.032
46.021144,1716,-2098,659,140.032
46.026874,1715,-2099,657,140.037
46.031299,1716,-2101,655,140.037
46.035723,1717,-2102,652,140.037
46.041420,1718,-2103,649,140.037
46.046109,1718,-2103,647,140.037
46.051801,1715,-2103,647,140.037
46.056272,1713,-2103,649,140.037
46.061962,1709,-2104,652,140.037
46.066220,1707,-2105,654,140.037
46.070777,1705,-2107,657,140.037
46.076536,1705,-2107,659,140.037
46.080955,1704,-2108,659,140.037
46.086647,1705,-2108,659,140.037
46.091123,1705,-2108,658,140.037
46.096744,1704,-2108,656,140.037
46.101272,1704,-2108,655,140.043
46.107131,1703,-2108,653,140.043
46.111371,1701,-2108,649,140.043
46.115900,1701,-2107,647,140.043
46.121412,1700,-2107,645,140.043
46.125893,1699,-2108,645,140.043
46.131630,1700,-2108,646,140.043
46.136050,1701,-2109,647,140.043
46.141743,1701,-2109,647,140.048
46.146146,1700,-2108,644,140.048
46.150724,1699,-2105,642,140.048
46.156341,1696,-2104,640,140.048
46.160706,1694,-2103,639,140.054
46.166269,1694,-2101,638,140.054
46.171055,1695,-2100,637,140.054
46.176550,1696,-2099,638,140.054
46.180996,1698,-2097,641,140.054
46.186731,1698,-2096,643,140.054
46.191156,1699,-2097,647,140.054
46.195543,1698,-2098,648,140.054
46.201249,1696,-2101,652,140.054
46.205704,1696,-2102,652,140.054
46.211349,1696,-2104,654,140.054
46.215823,1697,-2106,657,140.054
46.221494,1698,-2107,658,140.054
46.225973,1699,-2109,660,140.054
46.230427,1698,-2110,661,140.054
46.236096,1697,-2112,662,140.054
46.240326,1697,-2114,663,140.059
46.246317,1697,-2116,664,140.059
46.250795,1698,-2116,665,140.059
46.256286,1699,-2116,664,140.059
46.260796,1700,-2115,659,140.059
46.266473,1702,-2115,656,140.059
46.270932,1705,-2115,654,140.059
46.275336,1708,-2114,653,140.059
46.281096,1713,-2112,655,140.065
46.285466,1715,-2111,655,140.065
46.291231,1715,-2108,655,140.065
46.295521,1714,-2108,655,140.065
46.301321,1711,-2107,656,140.065
46.305776,1707,-2107,656,140.065
46.310109,1706,-2107,657,140.065
46.316071,1704,-2105,655,140.065
46.320286,1702,-2104,654,140.065
46.326033,1702,-2103,652,140.070
46.330396,1700,-2104,650,140.070
46.336269,1699,-2105,648,140.070
46.340533,1697,-2106,647,140.070
46.346112,1696,-2107,647,140.070
46.350681,1696,-2108,646,140.070
46.355089,1696,-2109,646,140.070
46.360683,1698,-2110,645,140.070
46.365265,1702,-2110,645,140.070
46.371022,1705,-2111,645,140.070
46.375350,1707,-2112,646,140.070
46.381092,1707,-2113,646,140.070
46.385569,1707,-2114,649,140.070
46.389954,1705,-2114,647,140.070
46.395818,1705,-2115,645,140.070
46.400037,1704,-2115,646,140.070
46.405805,1703,-2115,644,140.070
46.410202,1703,-2114,643,140.070
46.415904,1703,-2111,644,140.070
46.420329,1703,-2108,641,140.076
46.426023,1704,-2106,638,140.076
46.430428,1706,-2106,635,140.076
46.434899,1707,-2106,634,140.076
46.440598,1709,-2105,632,140.070
46.445104,1712,-2103,634,140.070
46.450706,1711,-2100,637,140.070
46.455294,1711,-2098,640,140.070
46.460843,1710,-2098,641,140.070
46.465350,1707,-2100,639,140.070
46.469678,1706,-2103,639,140.070
46.475594,1707,-2106,636,140.070
46.479828,1708,-2108,640,140.070
46.485543,1710,-2109,645,140.070
46.489832,1710,-2108,648,140.070
46.495779,1709,-2107,649,140.070
46.499952,1707,-2107,648,140.070
46.505844,1706,-2107,646,140.070
46.510305,1706,-2109,644,140.076
46.514656,1708,-2110,640,140.076
46.520348,1710,-2111,638,140.076
46.524850,1711,-2110,638,140.076
46.530518,1710,-2110,636,140.076
46.534938,1709,-2109,635,140.076
46.540790,1707,-2109,635,140.076
46.545007,1706,-2110,634,140.076
46.549456,1707,-2107,636,140.076
46.555219,1707,-2107,638,140.076
46.559667,1710,-2108,643,140.076
46.565300,1712,-2108,643,140.076
46.569751,1714,-2109,643,140.076
46.575329,1716,-2108,642,140.076
46.579951,1716,-2107,642,140.076
46.585614,1716,-2106,643,140.076
46.590019,1716,-2107,646,140.076
46.594396,1715,-2108,644,140.076
46.600294,1715,-2108,646,140.076
46.604598,1714,-2106,646,140.076
46.610252,1714,-2103,647,140.076
46.614681,1714,-2101,650,140.076
46.620391,1714,-2100,652,140.076
46.624844,1713,-2099,653,140.076
46.629249,1713,-2099,654,140.076
46.635161,1711,-2099,654,140.076
46.639452,1708,-2098,652,140.076
46.645080,1707,-2099,651,140.081
46.649558,1706,-2099,650,140.081
46.655225,1706,-2100,651,140.081
46.659692,1708,-2100,654,140.081
46.665351,1709,-2101,657,140.081
46.669840,1710,-2101,658,140.081
46.674245,1711,-2101,660,140.081
46.679968,1711,-2102,660,140.081
46.684341,1711,-2103,659,140.081
46.690093,1710,-2103,658,140.076
46.694528,1709,-2104,656,140.076
46.700245,1709,-2104,654,140.076
46.704579,1706,-2104,654,140.076
46.709049,1706,-2104,653,140.076
46.714884,1705,-2104,654,140.076
46.719137,1704,-2104,654,140.076
46.724880,1704,-2104,655,140.076
46.729434,1703,-2105,656,140.076
46.735145,1702,-2104,656,140.076
46.739432,1701,-2102,655,140.076
46.745146,1703,-2102,655,140.076
46.749626,1705,-2103,658,140.076
46.753916,1705,-2104,658,140.076
46.759725,1706,-2108,660,140.076
46.764126,1707,-2111,660,140.076
46.769819,1708,-2114,660,140.076
46.774271,1709,-2114,660,140.076
46.780021,1711,-2115,659,140.076
46.784444,1712,-2114,655,140.076
46.788807,1714,-2115,651,140.076
46.794524,1714,-2116,647,140.076
46.799106,1715,-2117,645,140.076
46.804627,1715,-2118,644,140.076
46.809100,1716,-2118,645,140.081
46.814825,1717,-2117,646,140.081
46.819200,1717,-2114,649,140.081
46.824994,1719,-2112,650,140.081
46.829310,1720,-2111,649,140.081
46.833831,1719,-2110,649,140.081
46.839480,1719,-2109,649,140.081
46.843898,1719,-2108,649,140.076
46.849562,1720,-2108,650,140.076
46.854021,1722,-2106,652,140.076
46.859743,1723,-2104,651,140.076
46.864173,1723,-2103,654,140.070
46.868641,1722,-2101,656,140.070
46.874293,1722,-2100,658,140.070
46.878694,1724,-2100,660,140.070
46.884375,1727,-2099,663,140.065
46.888891,1728,-2099,665,140.065
46.894514,1729,-2099,663,140.065
46.899018,1728,-2098,663,140.065
46.904699,1728,-2098,662,140.065
46.909144,1729,-2098,661,140.065
46.913321,1730,-2098,661,140.065
46.919393,1730,-2097,660,140.065
46.923638,1728,-2099,658,140.065
46.929522,1725,-2101,658,140.065
46.933762,1723,-2103,656,140.065
46.939499,1720,-2105,655,140.065
46.943863,1717,-2105,658,140.065
46.948096,1714,-2105,658,140.065
46.954098,1709,-2105,660,140.065
46.958663,1707,-2104,661,140.059
46.964225,1707,-2104,660,140.059
46.968652,1709,-2105,656,140.059
46.974289,1710,-2105,652,140.059
46.978761,1709,-2105,648,140.059
46.984499,1707,-2104,645,140.059
46.988891,1706,-2105,645,140.059
46.993444,1705,-2104,647,140.059
46.999047,1705,-2105,649,140.059
47.003453,1707,-2106,652,140.059
47.008866,1708,-2106,654,140.059
47.013535,1710,-2105,655,140.059
47.019006,1712,-2104,656,140.059
47.023749,1714,-2103,657,140.059
47.028122,1714,-2102,659,140.059
47.033539,1714,-2102,660,140.059
47.038226,1715,-2100,658,140.059
47.043931,1716,-2097,660,140.059
47.048254,1717,-2095,656,140.059
47.054085,1718,-2095,655,140.059
47.058550,1717,-2095,652,140.059
47.064153,1716,-2097,650,140.059
47.068703,1714,-2100,646,140.059
47.073074,1711,-2100,646,140.059
47.078767,1710,-2100,647,140.059
47.083245,1709,-2100,649,140.059
47.088967,1709,-2099,649,140.059
47.093348,1710,-2100,652,140.059
47.099118,1712,-2101,655,140.059
47.103489,1714,-2100,655,140.054
47.107748,1715,-2100,653,140.054
47.113614,1717,-2100,654,140.054
47.118162,1719,-2098,654,140.054
47.123805,1720,-2097,650,140.048
47.128226,1719,-2096,649,140.048
47.133898,1721,-2093,646,140.048
47.138301,1721,-2092,640,140.048
47.144003,1721,-2092,639,140.043
47.148519,1721,-2092,641,140.043
47.153021,1720,-2092,642,140.043
47.158605,1717,-2094,646,140.043
47.163007,1714,-2094,648,140.043
47.168684,1713,-2096,650,140.043
47.173118,1712,-2098,651,140.043
47.178922,1712,-2099,653,140.043
47.183239,1712,-2100,654,140.043
47.187670,1710,-2100,653,140.043
47.193388,1707,-2100,650,140.043
47.197804,1707,-2100,649,140.043
47.203511,1707,-2100,649,140.043
47.207995,1708,-2101,648,140.043
47.213800,1708,-2101,647,140.043
47.218057,1709,-2100,651,140.037
47.223853,1709,-2099,652,140.037
47.228250,1708,-2099,654,140.037
47.232625,1707,-2099,657,140.037
47.238343,1707,-2098,658,140.037
47.242799,1706,-2098,658,140.037
47.248499,1705,-2098,658,140.037
47.252945,1706,-2098,658,140.037
47.258615,1706,-2097,657,140.037
47.263064,1707,-2095,656,140.037
47.267502,1707,-2094,658,140.037
47.273223,1707,-2092,657,140.037
47.277627,1707,-2090,657,140.037
47.283324,1706,-2088,657,140.037
47.287914,1706,-2089,654,140.037
47.293421,1706,-2089,652,140.037
47.297911,1705,-2090,652,140.037
47.303602,1707,-2091,653,140.032
47.308074,1707,-2090,653,140.032
47.312386,1707,-2090,651,140.032
47.318135,1708,-2090,648,140.032
47.322601,1709,-2090,647,140.032
47.328264,1709,-2091,646,140.026
47.332736,1708,-2093,648,140.026
47.338469,1706,-2092,653,140.026
47.342691,1704,-2092,655,140.026
47.347269,1702,-2093,656,140.026
47.353018,1700,-2094,656,140.026
47.357403,1699,-2098,656,140.026
47.363096,1700,-2101,655,140.026
47.367701,1702,-2103,655,140.026
47.373238,1704,-2104,655,140.026
47.377695,1706,-2103,652,140.026
47.383281,1707,-2103,653,140.026
47.387805,1707,-2104,656,140.032
47.392220,1707,-2104,657,140.032
47.397825,1705,-2105,659,140.032
47.402376,1704,-2106,659,140.032
47.408058,1704,-2106,656,140.037
47.412494,1705,-2107,656,140.037
47.418173,1706,-2107,657,140.037
47.422652,1709,-2106,660,140.032
47.427050,1712,-2107,665,140.032
47.432808,1715,-2107,666,140.032
47.437161,1717,-2106,664,140.032
47.442877,1716,-2103,662,140.032
47.447370,1716,-2100,658,140.026
47.452970,1714,-2099,656,140.026
47.457444,1713,-2097,655,140.026
47.463209,1712,-2097,653,140.026
47.467579,1710,-2097,650,140.026
47.472024,1708,-2099,648,140.026
47.477717,1707,-2100,646,140.026
47.482129,1705,-2102,644,140.026
47.487945,1704,-2102,645,140.021
47.492242,1704,-2100,647,140.021
47.498105,1704,-2099,652,140.021
47.502379,1705,-2099,658,140.021
47.506788,1707,-2098,660,140.021
47.512482,1709,-2099,658,140.021
47.516998,1713,-2098,653,140.021
47.522613,1714,-2097,647,140.021
47.527138,1714,-2097,643,140.021
47.532657,1711,-2096,637,140.021
47.537195,1708,-2096,633,140.026
47.542785,1707,-2095,629,140.026
47.547374,1705,-2097,627,140.026
47.551811,1704,-2096,628,140.026
47.557520,1704,-2097,631,140.026
47.561921,1705,-2097,632,140.026
47.567667,1707,-2096,631,140.032
47.572008,1709,-2096,630,140.032
47.577756,1711,-2095,628,140.026
47.582180,1713,-2095,627,140.026
47.586535,1713,-2097,629,140.026
47.592367,1713,-2098,630,140.026
47.596759,1711,-2098,628,140.026
47.602571,1707,-2097,625,140.021
47.606951,1706,-2095,623,140.021
47.612729,1706,-2093,620,140.021
47.617013,1706,-2092,621,140.021
47.622869,1707,-2092,624,140.015
47.627190,1710,-2093,626,140.015
47.631519,1712,-2094,627,140.015
47.637318,1714,-2095,627,140.015
47.641703,1716,-2097,627,140.015
47.647386,1717,-2099,625,140.010
47.651859,1716,-2100,625,140.010
47.657546,1715,-2102,628,140.010
47.662116,1713,-2104,630,140.010
47.666373,1712,-2105,635,140.010
47.672166,1711,-2106,638,140.010
47.676491,1710,-2106,641,140.010
47.682195,1711,-2105,643,140.010
47.686648,1711,-2102,647,140.010
47.692405,1710,-2098,647,140.015
47.696779,1710,-2095,646,140.015
47.702555,1711,-2092,648,140.015
47.706970,1712,-2090,649,140.015
47.711345,1712,-2090,650,140.015
47.717050,1713,-2089,652,140.015
47.721496,1715,-2089,652,140.010
47.727197,1718,-2090,652,140.010
47.731621,1718,-2091,649,140.010
47.737452,1721,-2092,647,140.010
47.741816,1722,-2094,641,140.010
47.746313,1722,-2097,635,140.004
47.751946,1723,-2098,633,140.004
47.756297,1723,-2100,630,140.004
47.762000,1722,-2101,630,139.999
47.766448,1721,-2102,631,139.999
47.772116,1719,-2103,633,139.999
47.776589,1717,-2103,635,139.999
47.782319,1715,-2102,635,139.999
47.786850,1714,-2100,634,139.999
47.791189,1712,-2099,636,139.999
47.796823,1710,-2097,636,139.999
47.801275,1709,-2095,637,139.999
47.806963,1706,-2094,642,139.999
47.811397,1706,-2093,644,139.999
47.817091,1706,-2093,645,140.004
47.821488,1705,-2096,644,140.004
47.825937,1705,-2099,641,140.004
47.831655,1705,-2101,638,140.004
47.836083,1705,-2104,637,140.004
47.841757,1706,-2105,639,140.004
47.846224,1706,-2105,639,140.004
47.851960,1706,-2106,637,140.004
47.856357,1705,-2108,634,140.004
47.862107,1703,-2110,630,140.004
47.866530,1703,-2112,628,140.004
47.870877,1702,-2114,627,140.004
47.876605,1702,-2116,630,140.004
47.881067,1702,-2117,630,140.010
47.886924,1701,-2117,631,140.010
47.891112,1699,-2117,630,140.010
47.896877,1697,-2114,627,140.010
47.901300,1695,-2111,628,140.010
47.905731,1695,-2108,629,140.010
47.911470,1697,-2104,631,140.010
47.915927,1699,-2102,632,140.010
47.921539,1702,-2100,635,140.010
47.926045,1706,-2100,636,140.010
47.931652,1707,-2100,637,140.010
47.935908,1708,-2101,638,140.010
47.941871,1709,-2102,639,140.010
47.946290,1709,-2102,637,140.010
47.950753,1710,-2102,639,140.010
47.956411,1710,-2100,639,140.010
47.960899,1709,-2100,641,140.010
47.966531,1708,-2099,643,140.010
47.970997,1708,-2099,645,140.010
47.976670,1707,-2099,648,140.010
47.981114,1706,-2098,649,140.015
47.985503,1704,-2096,650,140.015
47.991350,1702,-2095,653,140.015
47.995592,1698,-2095,657,140.015
48.001324,1696,-2095,660,140.015
48.005500,1695,-2097,662,140.015
48.011391,1697,-2098,663,140.015
48.015696,1699,-2099,665,140.015
48.021589,1701,-2100,667,140.015
48.025976,1705,-2102,666,140.015
48.030570,1707,-2104,664,140.015
48.035957,1709,-2105,658,140.015
48.040545,1710,-2107,654,140.015
48.046272,1711,-2107,657,140.015
48.050707,1711,-2108,660,140.015
48.056490,1713,-2110,661,140.015
48.061012,1715,-2110,660,140.015
48.065299,1718,-2112,657,140.015
48.071021,1721,-2114,651,140.010
48.075599,1723,-2113,648,140.010
48.081170,1723,-2113,647,140.010
48.085567,1723,-2112,646,140.010
48.091317,1724,-2110,647,140.010
48.095697,1725,-2107,646,140.010
48.101341,1726,-2105,643,140.010
48.105787,1726,-2104,640,140.010
48.110222,1725,-2102,639,140.010
48.115997,1723,-2102,639,140.010
48.120376,1721,-2101,636,140.004
48.126152,1719,-2100,631,140.004
48.130453,1718,-2100,627,140.004
48.136242,1715,-2100,623,140.004
48.140697,1713,-2101,619,140.004
48.145018,1711,-2102,618,140.004
48.150830,1709,-2104,618,140.004
48.155206,1708,-2106,619,140.004
48.160958,1707,-2108,622,140.004
48.165375,1706,-2110,625,140.004
48.171054,1705,-2110,631,140.004
48.175445,1704,-2110,634,140.004
48.181238,1705,-2108,635,140.004
48.185632,1706,-2107,634,140.004
48.190045,1706,-2104,634,140.004
48.195786,1706,-2101,636,140.004
48.200374,1706,-2099,638,140.010
48.205934,1705,-2099,641,140.010
48.210300,1703,-2101,644,140.010
48.215983,1703,-2103,646,140.010
48.220421,1702,-2105,648,140.010
48.224862,1702,-2106,651,140.010
48.230572,1701,-2104,652,140.010
48.235143,1701,-2103,651,140.010
48.240661,1700,-2101,649,140.010
48.244925,1701,-2100,645,140.010
48.250786,1702,-2100,644,140.010
48.255269,1703,-2102,642,140.010
48.261014,1703,-2103,641,140.010
48.265386,1703,-2103,642,140.010
48.269809,1704,-2104,641,140.010
48.275673,1705,-2104,642,140.010
48.280028,1705,-2103,643,140.010
48.285703,1704,-2103,645,140.004
48.290222,1702,-2105,645,140.004
48.295810,1700,-2107,643,140.004
48.300379,1699,-2108,639,140.004
48.304600,1700,-2109,636,140.004
48.310501,1702,-2108,632,140.004
48.314923,1705,-2107,630,140.004
48.320496,1709,-2106,630,140.004
48.324946,1709,-2104,632,140.004
48.330581,1708,-2104,635,140.004
48.335021,1706,-2104,634,140.010
48.340891,1705,-2104,634,140.010
48.345211,1704,-2106,634,140.010
48.349749,1703,-2106,635,140.010
48.355316,1702,-2104,636,140.010
48.359746,1702,-2104,635,140.015
48.365427,1703,-2103,636,140.015
48.369919,1705,-2102,636,140.015
48.375574,1707,-2103,638,140.015
48.380044,1708,-2103,640,140.015
48.384367,1708,-2101,640,140.015
48.390146,1707,-2101,638,140.015
48.394557,1706,-2102,635,140.015
48.400252,1706,-2103,634,140.015
48.404778,1706,-2103,635,140.015
48.410285,1707,-2102,638,140.015
48.414846,1708,-2101,640,140.015
48.420378,1708,-2100,641,140.015
48.425002,1709,-2101,641,140.010
48.429407,1710,-2101,636,140.010
48.435141,1712,-2102,631,140.010
48.439525,1713,-2102,628,140.010
48.445227,1712,-2102,623,140.010
48.449631,1713,-2102,622,140.010
48.455309,1713,-2102,620,140.010
48.459822,1712,-2102,614,140.010
48.464241,1711,-2102,611,140.010
48.469895,1710,-2104,609,140.010
48.474394,1709,-2106,607,140.010
48.480050,1709,-2109,606,140.010
48.484501,1709,-2111,607,140.010
48.490176,1711,-2112,609,140.010
48.494625,1711,-2113,612,140.010
48.500285,1713,-2115,616,140.015
48.504914,1716,-2116,620,140.015
48.509300,1719,-2115,624,140.015
48.514908,1719,-2113,625,140.015
48.519342,1717,-2111,626,140.015
48.524961,1714,-2109,627,140.015
48.529562,1711,-2108,628,140.015
48.535109,1709,-2109,625,140.015
48.539724,1708,-2110,622,140.015
48.543924,1710,-2112,623,140.015
48.549677,1710,-2112,622,140.015
48.554095,1710,-2110,625,140.015
48.559779,1709,-2110,630,140.015
48.564268,1708,-2109,634,140.015
48.569990,1707,-2108,636,140.015
48.574432,1706,-2109,640,140.015
48.580074,1705,-2111,644,140.015
48.584483,1706,-2112,645,140.015
48.588950,1706,-2112,644,140.015
48.594638,1707,-2111,639,140.021
48.599077,1708,-2110,634,140.021
48.604767,1709,-2109,628,140.021
48.609186,1710,-2106,627,140.021
48.614903,1711,-2102,623,140.021
48.619356,1711,-2100,621,140.021
48.623828,1712,-2096,619,140.026
48.629450,1712,-2094,618,140.026
48.634064,1711,-2092,619,140.026
48.639571,1710,-2090,622,140.026
48.644054,1709,-2090,626,140.026
48.649603,1706,-2090,630,140.026
48.654167,1704,-2089,632,140.026
48.659880,1702,-2089,635,140.026
48.664294,1702,-2088,637,140.026
48.668711,1702,-2088,636,140.021
48.674482,1703,-2088,634,140.021
48.678871,1703,-2090,634,140.021
48.684560,1702,-2092,632,140.021
48.688922,1703,-2094,632,140.021
48.694636,1703,-2094,631,140.021
48.699185,1702,-2092,629,140.021
48.703477,1701,-2090,627,140.021
48.709397,1700,-2088,627,140.021
48.713634,1700,-2085,629,140.021
48.719281,1699,-2083,633,140.021
48.723788,1700,-2084,638,140.021
48.729518,1701,-2084,641,140.021
48.733605,1703,-2085,642,140.021
48.739351,1704,-2085,643,140.021
48.743752,1705,-2085,645,140.021
48.748152,1708,-2085,647,140.021
48.753885,1708,-2085,649,140.021
48.758336,1706,-2084,651,140.021
48.764022,1707,-2084,654,140.021
48.768711,1706,-2084,654,140.021
48.774466,1705,-2086,653,140.021
48.778896,1705,-2089,650,140.021
48.783328,1705,-2093,648,140.021
48.789141,1704,-2096,644,140.021
48.793427,1701,-2099,642,140.021
48.799125,1701,-2103,643,140.021
48.803621,1700,-2104,644,140.021
48.809296,1700,-2104,645,140.021
48.813734,1701,-2104,644,140.021
48.819451,1702,-2103,641,140.021
48.823876,1704,-2102,639,140.021
48.828324,1704,-2102,639,140.021
48.833954,1704,-2103,637,140.021
48.838444,1703,-2103,636,140.026
48.844121,1700,-2103,634,140.026
48.848542,1698,-2103,633,140.026
48.854227,1697,-2103,631,140.026
48.858758,1697,-2104,632,140.032
48.863123,1699,-2105,633,140.032
48.868823,1701,-2104,632,140.032
48.873391,1702,-2105,634,140.032
48.879044,1703,-2107,635,140.037
48.883415,1703,-2109,637,140.037
48.889066,1703,-2112,637,140.037
48.893539,1705,-2114,639,140.037
48.899195,1706,-2116,639,140.037
48.903668,1706,-2117,640,140.037
48.908050,1708,-2116,642,140.037
48.913790,1708,-2114,643,140.037
48.918198,1708,-2113,646,140.037
48.923905,1708,-2112,646,140.037
48.928333,1707,-2112,644,140.037
48.933895,1708,-2112,644,140.037
48.938443,1708,-2111,642,140.037
48.942886,1709,-2111,643,140.037
48.948378,1710,-2111,644,140.037
48.953051,1711,-2112,643,140.037
48.958700,1710,-2111,641,140.037
48.963310,1709,-2110,638,140.037
48.968840,1707,-2110,636,140.037
48.973273,1706,-2107,637,140.037
48.978972,1706,-2105,640,140.037
48.983398,1706,-2104,641,140.037
48.988008,1707,-2103,641,140.037
48.993707,1708,-2103,641,140.037
48.997998,1710,-2103,640,140.037
49.003670,1711,-2102,640,140.037
49.007783,1712,-2102,641,140.037
49.013782,1713,-2103,643,140.043
49.017896,1714,-2104,645,140.037
49.022622,1714,-2103,645,140.043
49.028342,1715,-2102,643,140.043
49.032558,1714,-2098,642,140.043
49.038460,1714,-2094,644,140.043
49.043086,1714,-2092,647,140.043
49.048448,1714,-2089,648,140.043
49.053047,1715,-2089,649,140.043
49.058778,1715,-2090,647,140.043
49.063210,1714,-2090,646,140.043
49.067567,1713,-2091,647,140.043
49.073477,1710,-2092,647,140.043
49.077926,1708,-2092,646,140.037
49.083444,1708,-2092,645,140.037
49.087895,1708,-2093,644,140.037
49.093530,1708,-2093,641,140.037
49.098057,1709,-2091,639,140.037
49.102475,1709,-2091,639,140.032
49.108195,1710,-2092,641,140.032
49.112550,1711,-2093,642,140.032
49.118278,1712,-2095,645,140.032
49.122720,1712,-2097,646,140.032
49.128413,1712,-2099,647,140.032
49.132874,1712,-2099,647,140.032
49.138552,1712,-2099,645,140.032
49.143023,1712,-2098,645,140.032
49.147376,1711,-2097,642,140.032
49.153245,1711,-2095,640,140.032
49.157570,1711,-2094,640,140.032
49.163210,1709,-2093,637,140.032
49.167715,1708,-2093,637,140.032
49.173467,1707,-2094,635,140.032
49.177709,1705,-2096,634,140.032
49.182296,1706,-2098,636,140.032
49.187663,1706,-2100,637,140.032
49.192327,1708,-2102,639,140.032
49.198003,1711,-2103,639,140.032
49.202497,1714,-2101,638,140.032
49.208215,1717,-2101,636,140.026
49.212530,1719,-2100,636,140.026
49.218299,1718,-2100,637,140.026
49.222682,1717,-2103,639,140.026
49.227121,1716,-2105,642,140.026
49.232882,1713,-2107,643,140.026
49.237418,1713,-2109,645,140.026
49.242959,1714,-2111,646,140.026
49.247581,1713,-2111,643,140.026
49.253143,1712,-2110,641,140.032
49.257576,1712,-2109,638,140.032
49.262018,1711,-2109,641,140.032
49.267729,1709,-2108,644,140.032
49.272313,1709,-2108,644,140.032
49.277977,1709,-2107,642,140.032
49.282328,1709,-2106,639,140.032
49.287966,1711,-2105,639,140.032
49.292386,1708,-2106,639,140.037
49.298125,1706,-2106,640,140.037
49.302541,1703,-2105,643,140.037
49.306951,1700,-2104,642,140.037
49.312674,1700,-2104,639,140.037
49.317077,1700,-2103,635,140.037
49.322779,1700,-2103,631,140.037
49.326978,1700,-2102,629,140.037
49.332959,1701,-2102,629,140.037
49.337363,1701,-2102,628,140.037
49.341733,1700,-2102,629,140.037
49.347520,1701,-2103,632,140.037
49.351868,1701,-2102,632,140.037
49.357550,1702,-2100,632,140.037
49.362035,1703,-2100,629,140.037
49.367716,1702,-2097,627,140.037
49.372229,1702,-2095,624,140.043
49.377961,1702,-2094,623,140.043
49.382304,1702,-2093,624,140.043
49.386699,1705,-2093,624,140.043
49.392421,1707,-2093,624,140.043
49.396860,1709,-2093,623,140.043
49.402715,1711,-2095,621,140.043
49.406995,1713,-2096,622,140.043
49.412719,1715,-2095,623,140.043
49.417115,1716,-2095,627,140.043
49.421490,1717,-2095,631,140.037
49.427263,1716,-2094,634,140.037
49.431844,1714,-2095,636,140.037
49.437377,1712,-2097,638,140.037
49.441976,1708,-2097,640,140.037
49.447512,1705,-2097,640,140.037
49.451901,1703,-2096,644,140.037
49.457640,1703,-2095,647,140.037
49.462096,1705,-2095,651,140.037
49.466627,1706,-2097,655,140.037
49.472195,1707,-2097,654,140.037
49.476797,1707,-2097,652,140.037
49.482355,1707,-2097,649,140.037
49.486723,1708,-2098,645,140.037
49.492475,1709,-2097,644,140.037
49.496871,1709,-2098,641,140.037
49.501061,1710,-2099,640,140.037
49.506986,1710,-2098,638,140.032
49.511450,1711,-2098,636,140.032
49.517105,1711,-2098,637,140.032
49.521355,1712,-2096,639,140.032
49.527234,1713,-2097,639,140.032
49.531547,1713,-2097,638,140.032
49.537393,1711,-2098,638,140.032
49.541836,1709,-2099,638,140.032
49.546268,1708,-2100,638,140.032
49.551998,1705,-2100,641,140.032
49.556368,1703,-2100,642,140.032
49.562274,1701,-2099,643,140.032
49.566373,1699,-2100,643,140.032
49.572222,1699,-2099,643,140.032
49.576741,1699,-2099,646,140.032
49.581068,1699,-2099,648,140.032
49.586816,1700,-2099,647,140.032
49.591242,1698,-2100,646,140.032
49.596968,1698,-2102,643,140.037
49.601337,1699,-2104,642,140.037
49.607073,1699,-2106,640,140.037
49.611503,1697,-2106,638,140.037
49.617263,1695,-2106,639,140.037
49.621613,1694,-2106,641,140.037
49.626097,1692,-2105,644,140.037
49.631794,1692,-2106,646,140.037
49.636256,1693,-2107,648,140.043
49.641881,1694,-2106,646,140.043
49.646363,1695,-2107,643,140.043
49.652093,1697,-2109,641,140.048
49.656516,1696,-2109,641,140.048
49.660926,1696,-2110,641,140.048
49.666787,1697,-2110,641,140.054
49.671098,1697,-2109,640,140.054
49.676694,1696,-2108,640,140.059
49.681148,1696,-2108,643,140.059
49.686907,1695,-2107,646,140.065
49.691287,1693,-2105,651,140.065
49.697001,1692,-2104,653,140.070
49.701441,1692,-2104,653,140.070
49.705874,1692,-2103,654,140.070
49.711555,1694,-2103,651,140.070
49.715990,1698,-2102,648,140.070
49.721662,1700,-2101,642,140.070
49.726095,1701,-2102,638,140.070
49.731852,1702,-2102,637,140.070
49.736380,1702,-2104,636,140.070
49.740625,1702,-2105,636,140.070
49.746365,1703,-2105,637,140.070
49.750797,1706,-2105,639,140.070
49.756470,1707,-2104,642,140.070
49.760967,1708,-2102,642,140.070
49.766677,1707,-2101,643,140.070
49.771101,1705,-2101,644,140.070
49.776717,1703,-2101,646,140.070
49.781160,1700,-2101,649,140.070
49.785547,1700,-2101,649,140.070
49.791322,1700,-2101,648,140.070
49.795716,1702,-2101,643,140.070
49.801416,1703,-2100,641,140.070
49.805825,1703,-2100,642,140.070
49.811748,1703,-2099,643,140.065
49.816072,1702,-2098,644,140.065
49.820392,1701,-2098,645,140.065
49.826148,1699,-2098,645,140.065
49.830526,1695,-2098,646,140.065
49.836278,1694,-2099,646,140.065
49.840696,1695,-2098,645,140.065
49.846338,1696,-2097,646,140.065
49.850819,1698,-2097,646,140.065
49.856590,1699,-2095,648,140.065
49.861017,1699,-2096,652,140.065
49.865391,1699,-2098,657,140.065
49.871172,1702,-2100,665,140.065
49.875721,1704,-2103,668,140.065
49.881229,1707,-2103,672,140.065
49.885652,1709,-2103,670,140.065
49.891344,1708,-2102,667,140.065
49.895829,1710,-2104,663,140.070
49.900243,1710,-2105,658,140.070
49.905972,1710,-2106,653,140.070
49.910440,1712,-2107,653,140.076
49.916047,1714,-2106,656,140.076
49.920532,1716,-2106,661,140.076
49.926177,1720,-2105,666,140.076
49.930562,1721,-2105,671,140.076
49.936259,1721,-2105,675,140.076
49.940717,1721,-2105,678,140.076
49.945180,1719,-2106,676,140.076
49.950574,1718,-2107,672,140.076
49.955275,1718,-2108,664,140.070
49.961000,1718,-2109,658,140.070
49.965493,1717,-2112,656,140.070
49.971112,1716,-2114,658,140.070
49.975609,1715,-2114,659,140.070
49.980126,1713,-2112,660,140.065
49.985760,1712,-2109,658,140.065
49.990060,1711,-2106,655,140.065
49.995858,1708,-2103,657,140.065
50.000270,1707,-2101,657,140.065
50.005691,1705,-2100,661,140.065
50.010388,1705,-2099,663,140.070
50.015994,1704,-2099,665,140.070
50.020488,1706,-2100,665,140.070
50.024719,1707,-2102,663,140.070
50.030664,1706,-2103,660,140.070
50.034788,1704,-2104,656,140.070
50.040738,1702,-2105,654,140.070
50.045175,1702,-2105,654,140.070
50.050858,1701,-2105,653,140.070
50.055383,1702,-2107,654,140.070
50.059923,1704,-2109,654,140.070
50.065544,1705,-2112,657,140.070
50.069876,1706,-2114,660,140.070
50.075720,1707,-2114,662,140.070
50.080021,1707,-2111,664,140.070
50.085743,1707,-2109,664,140.070
50.090172,1706,-2106,661,140.070
50.095901,1705,-2104,659,140.070
50.100296,1705,-2102,659,140.070
50.104883,1705,-2102,659,140.070
50.110400,1706,-2101,658,140.070
50.114972,1706,-2101,657,140.070
50.120531,1705,-2101,655,140.070
50.124925,1705,-2100,652,140.070
50.130713,1704,-2099,652,140.070
50.135086,1703,-2098,651,140.070
50.139502,1705,-2098,647,140.070
50.145406,1706,-2097,647,140.070
50.149703,1706,-2097,647,140.070
50.155353,1708,-2097,647,140.070
50.159775,1710,-2098,645,140.070
50.165476,1710,-2100,642,140.070
50.169731,1710,-2101,640,140.070
50.175732,1709,-2104,639,140.070
50.180139,1709,-2106,640,140.070
50.184498,1708,-2108,644,140.070
50.190193,1707,-2107,644,140.070
50.194628,1706,-2104,643,140.070
50.200302,1705,-2100,639,140.070
50.204540,1704,-2098,637,140.070
50.210421,1705,-2098,637,140.070
50.214993,1708,-2098,639,140.070
50.219292,1710,-2098,644,140.070
50.224973,1713,-2098,646,140.070
50.229400,1716,-2097,649,140.070
50.235317,1718,-2097,650,140.070
50.239648,1721,-2098,652,140.065
50.245215,1723,-2098,656,140.065
50.249711,1727,-2100,659,140.065
50.255542,1728,-2100,659,140.065
50.259849,1728,-2099,660,140.059
50.264234,1727,-2099,660,140.059
50.269993,1725,-2099,660,140.059
50.274368,1724,-2098,660,140.059
50.280137,1725,-2098,662,140.059
50.284496,1726,-2098,660,140.059
50.290295,1728,-2100,659,140.059
50.294676,1730,-2102,658,140.059
50.299071,1732,-2103,659,140.059
50.304793,1734,-2104,659,140.054
50.309348,1735,-2102,659,140.054
50.314926,1734,-2100,659,140.054
50.319372,1734,-2099,655,140.054
50.325038,1732,-2098,653,140.048
50.329622,1730,-2096,652,140.048
50.335192,1728,-2096,650,140.048
50.339605,1725,-2096,650,140.048
50.344050,1722,-2096,655,140.048
50.349793,1721,-2097,656,140.043
50.354188,1721,-2097,661,140.043
50.359874,1720,-2097,665,140.043
50.364447,1718,-2097,666,140.043
50.370069,1716,-2097,666,140.043
50.374485,1715,-2097,668,140.037
50.378859,1714,-2098,667,140.037
50.384524,1715,-2098,668,140.037
50.388998,1717,-2100,667,140.032
50.394656,1718,-2100,666,140.032
50.399269,1717,-2099,667,140.032
50.404802,1717,-2098,667,140.032
50.409211,1716,-2097,671,140.032
50.414971,1713,-2096,675,140.032
50.419389,1712,-2096,672,140.032
50.423771,1710,-2096,670,140.032
50.429435,1709,-2097,662,140.032
50.434062,1709,-2099,655,140.032
50.439592,1709,-2100,652,140.026
50.444048,1711,-2101,646,140.026
50.449753,1712,-2100,643,140.026
50.454196,1715,-2098,643,140.026
50.458657,1717,-2096,641,140.026
50.464336,1719,-2094,638,140.026
50.468783,1719,-2093,636,140.026
50.474447,1718,-2092,636,140.026
50.478935,1718,-2090,637,140.021
50.484565,1717,-2090,638,140.021
50.489020,1717,-2090,641,140.021
50.494702,1717,-2090,641,140.021
50.499197,1718,-2091,643,140.015
50.503691,1716,-2092,648,140.015
50.509424,1717,-2093,651,140.010
50.513762,1717,-2094,654,140.010
50.519442,1716,-2095,658,140.004
50.523653,1714,-2096,659,139.999
50.529537,1712,-2096,663,139.999
50.534013,1711,-2095,667,139.993
50.538337,1709,-2096,670,139.988
50.544159,1708,-2095,672,139.988
50.548524,1707,-2095,674,139.982
50.554214,1706,-2095,674,139.977
50.558736,1708,-2097,674,139.971
50.564310,1709,-2098,671,139.966
50.568778,1711,-2100,667,139.960
50.574471,1713,-2102,662,139.955
50.578814,1711,-2103,658,139.949
50.583370,1710,-2103,654,139.938
50.589099,1707,-2102,650,139.933
50.593482,1705,-2100,647,139.927
50.599346,1702,-2098,644,139.922
50.603573,1701,-2097,643,139.922
50.609371,1699,-2097,643,139.916
50.613754,1698,-2098,646,139.916
50.618146,1699,-2098,649,139.911
50.623948,1700,-2099,650,139.911
50.628314,1701,-2102,652,139.916
50.634000,1701,-2104,652,139.916
50.638451,1703,-2106,652,139.916
50.644087,1705,-2107,652,139.922
50.648596,1706,-2108,654,139.927
50.654243,1709,-2108,655,139.933
50.658758,1710,-2107,657,139.938
50.663163,1710,-2107,659,139.944
50.668865,1711,-2106,660,139.949
50.673231,1713,-2105,661,139.960
50.678958,1714,-2106,660,139.966
50.683426,1717,-2107,659,139.977
50.689114,1718,-2108,661,139.982
50.693671,1719,-2108,661,139.993
50.697895,1720,-2108,660,140.004
50.703820,1722,-2108,662,140.010
50.708070,1723,-2109,662,140.021
50.713900,1724,-2111,660,140.026
50.718063,1724,-2112,661,140.037
50.723866,1723,-2115,660,140.048
50.728480,1723,-2116,656,140.059
50.734043,1722,-2116,653,140.065
50.738541,1720,-2115,649,140.076
50.742816,1719,-2114,643,140.087
50.748673,1717,-2115,640,140.092
50.753035,1716,-2116,637,140.098
50.758716,1715,-2117,638,140.109
50.763141,1715,-2118,637,140.114
50.768858,1714,-2117,637,140.120
50.773260,1713,-2115,636,140.131
50.777718,1715,-2113,634,140.136
50.783454,1715,-2111,635,140.142
50.787858,1715,-2106,636,140.147
50.793549,1716,-2103,638,140.147
50.798191,1716,-2098,640,140.153
50.803706,1719,-2095,641,140.153
50.808116,1721,-2093,641,140.153
50.813825,1722,-2092,644,140.153
50.818272,1720,-2091,647,140.153
50.822625,1718,-2091,649,140.153
50.828375,1716,-2090,652,140.153
50.832805,1715,-2089,653,140.147
50.838471,1714,-2090,655,140.147
50.842941,1713,-2089,657,140.147
50.848625,1712,-2089,658,140.142
50.852928,1710,-2089,659,140.136
50.857578,1707,-2087,657,140.136
50.863269,1705,-2083,653,140.131
50.867636,1703,-2081,650,140.131
50.873482,1700,-2080,648,140.131
50.877821,1699,-2079,647,140.131
50.883471,1697,-2080,646,140.125
50.887944,1697,-2079,644,140.125
50.893625,1697,-2079,645,140.125
50.898095,1697,-2078,642,140.125
50.902447,1697,-2077,641,140.125
50.908138,1698,-2077,641,140.125
50.912624,1699,-2076,642,140.125
50.918232,1699,-2075,646,140.125
50.922704,1699,-2074,651,140.125
50.928569,1698,-2074,656,140.125
50.932896,1695,-2074,660,140.125
50.937290,1691,-2073,664,140.125
50.943019,1689,-2072,668,140.125
50.947468,1688,-2072,671,140.125
50.953097,1687,-2073,673,140.120
50.957680,1687,-2075,673,140.120
50.963373,1687,-2075,673,140.120
50.967650,1688,-2077,673,140.120
50.973440,1689,-2078,673,140.114
50.977821,1691,-2080,672,140.114
50.982233,1691,-2084,669,140.114
50.987896,1692,-2087,668,140.114
50.992378,1692,-2089,667,140.114
50.998038,1693,-2090,668,140.114
51.002166,1693,-2090,670,140.114
51.007951,1694,-2089,671,140.114
51.012358,1696,-2089,673,140.114
51.016804,1697,-2088,671,140.114
51.022414,1699,-2087,667,140.114
51.026860,1700,-2086,663,140.114
51.032550,1701,-2085,661,140.114
51.037031,1700,-2085,662,140.109
51.042734,1700,-2084,664,140.109
51.047414,1700,-2085,667,140.109
51.053113,1699,-2085,669,140.109
51.057577,1699,-2085,667,140.103
51.061979,1699,-2087,664,140.103
51.067692,1698,-2088,660,140.103
51.072124,1698,-2090,656,140.098
51.077823,1698,-2092,655,140.098
51.082241,1699,-2094,653,140.092
51.088044,1702,-2095,654,140.092
51.092362,1704,-2095,655,140.092
51.096796,1707,-2095,653,140.087
51.102549,1708,-2095,652,140.087
51.106913,1708,-2096,652,140.087
51.112588,1707,-2095,652,140.087
51.117144,1705,-2096,657,140.087
51.122775,1704,-2097,662,140.087
51.127199,1704,-2097,664,140.087
51.132970,1704,-2097,665,140.087
51.137346,1703,-2096,665,140.087
51.141800,1704,-2093,667,140.087
51.147468,1705,-2090,669,140.087
51.151942,1704,-2090,671,140.087
51.157555,1703,-2091,672,140.087
51.162126,1703,-2092,673,140.087
51.167779,1700,-2094,672,140.087
51.172134,1700,-2095,670,140.087
51.176672,1700,-2094,669,140.087
51.182315,1700,-2093,669,140.087
51.186683,1701,-2092,669,140.087
51.192398,1701,-2092,669,140.087
51.196879,1702,-2092,672,140.087
51.202577,1702,-2091,672,140.087
51.206997,1703,-2090,671,140.087
51.212679,1704,-2088,667,140.087
51.217095,1704,-2087,662,140.087
51.221492,1704,-2086,660,140.087
51.227193,1703,-2085,657,140.087
51.231724,1700,-2085,655,140.087
51.237407,1699,-2086,656,140.087
51.241727,1697,-2087,657,140.087
51.247502,1695,-2088,661,140.087
51.251955,1694,-2089,663,140.087
51.256328,1694,-2089,667,140.087
51.262130,1694,-2091,668,140.081
51.266491,1694,-2092,668,140.081
51.272106,1696,-2095,672,140.081
51.276825,1696,-2097,677,140.081
51.282316,1694,-2098,681,140.081
51.286752,1694,-2099,683,140.076
51.292508,1694,-2099,687,140.076
51.296872,1694,-2098,688,140.070
51.301300,1695,-2097,685,140.065
51.307007,1696,-2096,685,140.059
51.311452,1697,-2094,681,140.059
51.317201,1698,-2090,676,140.054
51.321542,1699,-2088,674,140.048
51.327275,1702,-2087,671,140.048
51.331684,1703,-2087,666,140.043
51.336125,1703,-2089,666,140.043
51.341860,1704,-2094,668,140.043
51.346239,1703,-2097,669,140.043
51.351969,1704,-2100,673,140.043
51.356445,1704,-2101,675,140.043
51.362103,1703,-2102,678,140.043
51.366523,1701,-2103,679,140.048
51.372245,1699,-2103,682,140.048
51.376836,1696,-2103,682,140.048
51.381158,1694,-2102,679,140.054
51.386768,1693,-2101,674,140.054
51.391231,1693,-2100,667,140.054
51.396908,1694,-2098,661,140.059
51.401342,1695,-2096,657,140.059
51.407095,1697,-2097,659,140.059
51.411505,1697,-2099,663,140.065
51.415854,1698,-2100,667,140.065
51.421667,1698,-2101,671,140.070
51.426070,1699,-2100,671,140.070
51.431693,1701,-2100,667,140.076
51.436216,1702,-2098,668,140.076
51.441920,1702,-2097,666,140.076
51.446292,1702,-2096,664,140.081
51.452071,1701,-2095,661,140.081
51.456491,1700,-2094,661,140.081
51.460849,1701,-2093,664,140.087
51.466561,1701,-2093,669,140.087
51.471042,1702,-2093,672,140.087
51.476644,1701,-2092,674,140.092
51.481124,1700,-2090,673,140.092
51.486830,1699,-2088,672,140.092
51.491269,1698,-2087,672,140.092
51.495792,1699,-2086,672,140.098
51.501368,1701,-2088,672,140.098
51.505954,1702,-2089,671,140.098
51.511550,1702,-2089,671,140.103
51.516103,1701,-2089,668,140.103
51.521677,1700,-2089,667,140.103
51.526047,1696,-2089,666,140.109
51.531771,1695,-2090,668,140.109
51.536230,1693,-2092,672,140.109
51.540681,1690,-2093,675,140.109
51.546393,1688,-2094,677,140.109
51.550774,1687,-2095,677,140.114
51.556491,1687,-2095,676,140.114
51.560949,1689,-2097,674,140.114
51.566636,1692,-2098,671,140.114
51.571011,1694,-2100,669,140.114
51.575485,1695,-2102,668,140.109
51.581218,1694,-2102,667,140.109
51.585617,1693,-2102,666,140.109
51.591237,1693,-2102,663,140.109
51.595762,1692,-2099,659,140.103
51.601416,1692,-2096,655,140.103
51.605836,1690,-2092,655,140.103
51.611704,1686,-2089,654,140.103
51.616015,1684,-2087,659,140.098
51.620399,1682,-2086,662,140.098
51.626102,1682,-2086,664,140.098
51.630565,1684,-2085,667,140.098
51.636182,1686,-2085,669,140.098
51.640548,1688,-2086,670,140.098
51.646359,1689,-2087,672,140.098
51.650568,1688,-2088,673,140.098
51.655162,1688,-2091,674,140.103
51.660946,1687,-2091,676,140.103
51.665378,1686,-2092,676,140.103
51.670910,1686,-2091,675,140.103
51.675540,1685,-2091,672,140.103
51.681210,1685,-2091,670,140.109
51.685587,1685,-2091,668,140.109
51.691373,1685,-2093,667,140.109
51.695715,1686,-2094,665,140.109
51.700186,1687,-2094,666,140.109
51.705878,1687,-2094,665,140.109
51.710325,1686,-2094,667,140.109
51.716029,1686,-2095,667,140.109
51.720590,1688,-2097,669,140.109
51.726102,1690,-2098,670,140.109
51.730582,1691,-2098,670,140.103
51.735019,1693,-2097,672,140.103
51.740725,1693,-2096,673,140.103
51.745206,1693,-2095,674,140.109
51.750822,1694,-2095,674,140.109
51.755277,1695,-2096,673,140.109
51.760972,1695,-2096,671,140.114
51.765390,1695,-2095,672,140.114
51.771112,1697,-2094,672,140.114
51.775548,1698,-2093,672,140.120
51.779772,1700,-2090,668,140.120
51.785657,1701,-2089,665,140.120
51.790105,1700,-2087,662,140.125
51.795780,1700,-2087,660,140.125
51.800234,1700,-2089,662,140.125
51.806114,1701,-2090,666,140.125
51.810416,1700,-2092,667,140.125
51.814753,1700,-2095,669,140.120
51.820554,1700,-2097,670,140.120
51.824889,1700,-2099,669,140.120
51.830662,1700,-2101,669,140.114
51.835017,1701,-2102,669,140.109
51.840768,1701,-2101,671,140.109
51.845157,1703,-2098,671,140.103
51.850865,1704,-2095,671,140.098
51.855364,1703,-2094,673,140.098
51.859729,1704,-2094,675,140.092
51.865491,1703,-2095,676,140.092
51.869918,1702,-2096,675,140.092
51.875600,1702,-2097,675,140.092
51.879939,1703,-2098,675,140.092
51.885661,1703,-2097,679,140.092
51.890190,1703,-2098,682,140.098
51.894592,1704,-2098,684,140.098
51.900452,1706,-2098,684,140.098
51.904678,1707,-2100,680,140.098
51.910372,1707,-2102,674,140.098
51.915031,1706,-2103,670,140.098
51.920505,1704,-2103,669,140.098
51.924965,1702,-2103,668,140.098
51.930656,1702,-2103,668,140.098
51.934901,1702,-2101,668,140.098
51.939501,1702,-2100,667,140.098
51.945195,1703,-2097,667,140.098
51.949408,1702,-2095,670,140.098
51.955326,1702,-2094,671,140.098
51.959937,1702,-2095,671,140.098
51.965458,1702,-2094,673,140.098
51.969880,1702,-2093,671,140.098
51.974352,1701,-2091,670,140.098
51.980088,1700,-2088,668,140.098
51.984451,1699,-2089,665,140.098
51.990106,1697,-2089,661,140.098
51.994600,1696,-2090,659,140.098
52.000321,1694,-2090,656,140.098
52.004431,1693,-2092,654,140.103
52.010408,1693,-2093,655,140.109
52.014663,1692,-2094,656,140.109
52.019003,1692,-2095,658,140.114
52.024804,1692,-2095,657,140.120
52.029437,1692,-2093,656,140.120
52.034836,1692,-2091,655,140.125
52.039522,1693,-2089,659,140.125
52.045334,1694,-2086,662,140.125
52.049446,1695,-2084,667,140.125
52.054101,1697,-2082,673,140.125
52.059851,1698,-2081,675,140.120
52.064258,1698,-2079,676,140.120
52.069993,1699,-2077,676,140.114
52.074334,1699,-2074,674,140.114
52.080096,1698,-2072,672,140.109
52.084462,1697,-2070,667,140.109
52.090254,1695,-2071,664,140.103
52.094605,1694,-2071,659,140.103
52.099038,1692,-2072,655,140.098
52.104588,1692,-2072,655,140.098
52.109163,1692,-2074,654,140.092
52.114903,1691,-2075,656,140.092
52.119478,1692,-2075,660,140.092
52.125037,1694,-2076,663,140.087
52.129616,1695,-2078,664,140.087
52.133820,1696,-2078,662,140.087
52.139624,1696,-2080,657,140.087
52.144193,1695,-2082,652,140.087
52.149703,1692,-2083,650,140.087
52.154342,1692,-2084,649,140.092
52.159908,1694,-2084,649,140.092
52.164237,1696,-2084,647,140.092
52.170039,1698,-2084,646,140.098
52.174415,1699,-2084,650,140.098
52.178826,1700,-2083,653,140.098
52.184524,1698,-2081,657,140.103
52.189136,1696,-2080,662,140.103
52.194703,1695,-2079,663,140.103
52.199144,1692,-2079,664,140.103
52.204853,1690,-2080,664,140.103
52.209248,1687,-2080,663,140.103
52.213617,1684,-2079,662,140.103
52.219389,1685,-2079,659,140.103
52.223797,1687,-2079,660,140.103
52.229455,1691,-2080,659,140.103
52.233990,1694,-2081,659,140.098
52.239625,1695,-2084,662,140.098
52.244099,1693,-2086,660,140.098
52.249923,1691,-2088,661,140.092
52.254274,1689,-2089,657,140.092
52.258625,1687,-2091,655,140.092
52.264300,1688,-2093,654,140.092
52.268406,1689,-2092,655,140.092
52.274256,1692,-2094,660,140.092
52.278922,1694,-2094,664,140.098
52.284549,1695,-2094,668,140.098
52.289038,1697,-2094,670,140.103
52.293429,1697,-2096,673,140.109
52.299218,1696,-2096,671,140.109
52.303626,1696,-2095,668,140.114
52.309013,1695,-2092,663,140.120
52.313395,1694,-2089,659,140.125
52.319124,1694,-2087,656,140.125
52.323526,1693,-2085,653,140.131
52.329259,1692,-2086,651,140.131
52.333717,1691,-2087,648,140.131
52.338089,1690,-2087,649,140.131
52.343776,1689,-2088,649,140.131
52.348229,1690,-2089,651,140.125
52.353918,1690,-2091,652,140.125
52.358335,1693,-2092,653,140.120
52.364087,1697,-2095,656,140.114
52.368813,1702,-2096,659,140.109
52.373197,1705,-2096,663,140.103
52.378959,1706,-2095,664,140.098
52.383370,1706,-2093,663,140.092
52.389203,1705,-2093,661,140.087
52.393461,1704,-2092,657,140.081
52.399182,1705,-2092,654,140.076
52.403765,1705,-2092,651,140.070
52.409322,1706,-2091,650,140.070
52.413740,1707,-2089,648,140.065
52.418125,1708,-2087,646,140.065
52.423883,1708,-2086,640,140.059
52.428325,1709,-2086,636,140.059
52.434020,1709,-2087,632,140.059
52.438450,1710,-2088,629,140.054
52.444147,1710,-2090,630,140.054
52.448567,1710,-2093,632,140.048
52.453120,1707,-2094,633,140.048
52.458874,1705,-2095,635,140.043
52.463147,1703,-2096,638,140.037
52.468823,1700,-2097,640,140.032
52.473317,1697,-2098,644,140.032
52.478932,1695,-2099,646,140.026
52.483440,1692,-2101,648,140.021
52.489125,1691,-2103,649,140.021
52.493567,1691,-2103,651,140.015
52.497950,1691,-2103,653,140.010
52.503619,1692,-2102,654,140.010
52.508065,1692,-2102,656,140.004
52.513780,1694,-2101,658,140.004
52.518191,1697,-2101,657,140.004
52.523931,1700,-2100,653,139.999
52.528329,1703,-2100,650,139.999
52.532811,1705,-2100,646,140.004
52.538647,1705,-2099,644,140.004
52.542727,1705,-2097,647,140.004
52.548654,1706,-2095,648,140.010
52.553128,1705,-2093,648,140.015
52.558792,1705,-2093,650,140.021
52.563332,1705,-2094,652,140.032
52.568848,1705,-2092,653,140.037
52.573324,1705,-2091,655,140.048
52.577714,1706,-2090,656,140.059
52.583439,1706,-2089,655,140.070
52.587913,1706,-2088,652,140.076
52.593624,1706,-2091,650,140.087
52.597971,1706,-2093,651,140.098
52.603707,1705,-2094,649,140.109
52.607944,1706,-2094,648,140.114
52.612549,1706,-2094,647,140.120
52.618308,1706,-2093,645,140.125
52.622678,1704,-2094,646,140.131
52.628368,1702,-2096,650,140.131
52.632978,1700,-2098,656,140.131
52.638513,1700,-2098,658,140.131
52.642959,1701,-2098,658,140.131
52.648677,1703,-2097,658,140.125
52.653141,1703,-2095,657,140.125
52.657484,1702,-2092,657,140.120
52.663226,1702,-2091,655,140.114
52.667655,1700,-2088,651,140.109
52.673324,1699,-2086,650,140.103
52.677777,1696,-2084,647,140.098
52.683489,1693,-2082,647,140.092
52.687907,1691,-2081,647,140.087
52.692307,1689,-2081,648,140.087
52.698046,1689,-2080,649,140.081
52.702533,1691,-2080,651,140.081
52.708149,1692,-2081,651,140.081
52.712574,1693,-2083,651,140.076
52.718311,1692,-2085,650,140.076
52.722718,1691,-2087,649,140.070
52.728271,1690,-2090,649,140.070
52.732898,1689,-2090,648,140.070
52.737241,1689,-2090,649,140.070
52.742982,1689,-2090,647,140.070
52.747439,1690,-2091,645,140.070
52.753150,1693,-2092,642,140.070
52.757540,1695,-2093,644,140.076
52.763332,1699,-2093,647,140.076
52.767676,1703,-2092,650,140.076
52.772096,1705,-2091,653,140.076
52.777817,1707,-2090,654,140.081
52.782240,1708,-2090,656,140.081
52.788117,1706,-2089,656,140.081
52.792413,1704,-2087,655,140.081
52.798074,1703,-2086,654,140.081
52.802467,1701,-2082,655,140.081
52.808384,1698,-2080,660,140.081
52.812684,1696,-2076,664,140.081
52.817076,1695,-2075,669,140.081
52.822786,1694,-2076,673,140.081
52.827193,1694,-2077,674,140.076
52.832906,1694,-2077,676,140.076
52.837319,1692,-2078,676,140.076
52.843046,1690,-2078,674,140.070
52.847495,1689,-2079,673,140.070
52.851869,1687,-2080,672,140.070
52.857679,1687,-2082,676,140.070
52.862048,1691,-2083,680,140.070
52.867759,1692,-2084,681,140.076
52.872117,1695,-2083,681,140.076
52.877908,1697,-2084,681,140.081
52.882269,1699,-2085,679,140.087
52.887745,1700,-2085,674,140.087
52.892380,1702,-2086,671,140.092
52.896819,1703,-2088,667,140.098
52.902296,1704,-2088,663,140.098
52.907103,1705,-2089,662,140.103
52.912633,1704,-2089,663,140.103
52.917160,1705,-2089,663,140.109
52.922799,1707,-2090,664,140.109
52.927253,1710,-2091,666,140.109
52.931742,1711,-2093,667,140.109
52.937162,1715,-2094,669,140.109
52.941746,1718,-2094,673,140.114
52.947503,1719,-2094,677,140.114
52.951939,1721,-2092,677,140.120
52.957629,1722,-2091,679,140.120
52.961855,1722,-2089,677,140.125
52.967750,1720,-2088,674,140.125
52.972195,1716,-2087,674,140.125
52.976573,1712,-2086,669,140.131
52.982328,1710,-2086,666,140.131
52.986604,1707,-2086,665,140.131
52.992472,1705,-2086,665,140.131
52.996871,1704,-2086,665,140.131
53.002575,1702,-2085,665,140.131
53.006733,1702,-2084,662,140.131
53.011137,1701,-2082,662,140.131
53.016867,1702,-2081,661,140.125
53.021549,1703,-2080,663,140.125
53.027210,1704,-2080,667,140.120
53.031780,1704,-2081,668,140.120
53.037361,1702,-2082,669,140.114
53.041793,1699,-2083,669,140.109
53.047551,1696,-2083,668,140.109
53.051993,1694,-2084,668,140.103
53.056367,1692,-2084,669,140.103
53.061795,1694,-2086,669,140.098
53.066262,1695,-2087,672,140.098
53.072219,1696,-2086,675,140.092
53.076680,1698,-2085,677,140.087
53.082388,1698,-2084,677,140.081
53.086825,1697,-2084,676,140.081
53.090902,1697,-2084,676,140.076
53.096605,1697,-2084,674,140.070
53.100995,1696,-2084,676,140.065
53.106759,1695,-2082,674,140.059
53.111188,1693,-2079,673,140.054
53.116908,1690,-2078,673,140.054
53.121561,1688,-2076,670,140.048
53.127117,1685,-2076,668,140.043
53.131451,1683,-2076,666,140.037
53.136160,1682,-2077,666,140.032
53.141888,1681,-2078,669,140.026
53.146290,1683,-2080,673,140.026
53.152006,1686,-2079,677,140.021
53.156198,1689,-2079,680,140.015
53.162121,1692,-2079,682,140.010
53.166473,1693,-2079,683,140.004
53.171000,1695,-2080,681,140.004
53.176433,1696,-2081,677,139.999
53.180819,1699,-2081,676,139.999
53.186538,1701,-2080,676,139.999
53.190930,1702,-2080,675,139.999
53.196976,1700,-2081,675,139.993
53.201147,1700,-2083,674,139.999
53.207139,1699,-2084,673,139.999
53.211449,1699,-2084,672,139.999
53.215917,1701,-2083,670,139.999
53.221595,1703,-2082,670,140.004
53.225799,1704,-2083,669,140.004
53.231715,1706,-2085,668,140.010
53.236172,1707,-2088,665,140.010
53.241910,1706,-2091,666,140.015
53.246365,1706,-2093,667,140.015
53.250693,1707,-2095,667,140.021
53.256616,1706,-2096,670,140.021
53.260863,1706,-2096,668,140.015
53.266544,1707,-2097,669,140.010
53.271072,1706,-2097,671,139.999
53.276468,1705,-2098,673,139.993
53.280928,1706,-2097,676,139.982
53.286869,1706,-2096,679,139.977
53.291355,1707,-2093,681,139.966
53.295640,1707,-2089,681,139.960
53.301441,1707,-2088,679,139.955
53.305524,1708,-2087,675,139.949
53.311170,1709,-2087,673,139.944
53.315614,1712,-2089,671,139.944
53.321401,1716,-2091,668,139.944
53.326121,1718,-2092,664,139.944
53.330506,1719,-2093,659,139.949
53.336245,1720,-2093,657,139.955
53.340345,1720,-2096,656,139.971
53.346284,1721,-2097,651,139.993
53.350775,1723,-2098,650,140.015
53.356389,1725,-2101,650,140.048
53.360891,1724,-2101,646,140.087
53.366630,1721,-2102,645,140.125
53.371025,1718,-2102,642,140.169
53.375453,1716,-2101,641,140.213
53.381040,1715,-2101,641,140.251
53.385329,1713,-2098,642,140.290
53.391056,1712,-2094,641,140.323
53.395729,1710,-2091,642,140.350
53.401346,1709,-2087,643,140.367
53.405828,1707,-2086,646,140.378
53.410286,1705,-2086,653,140.383
53.415712,1702,-2084,662,140.378
53.420409,1700,-2084,670,140.372
53.426123,1698,-2081,678,140.350
53.430569,1698,-2081,686,140.328
53.436247,1698,-2079,689,140.306
53.440334,1699,-2077,689,140.279
53.446372,1701,-2078,688,140.251
53.450853,1703,-2077,683,140.224
53.455242,1703,-2078,677,140.202
53.461046,1703,-2078,674,140.180
53.465098,1703,-2080,673,140.164
53.471046,1702,-2081,671,140.153
53.475620,1702,-2081,671,140.142
53.481241,1702,-2081,670,140.131
53.485678,1701,-2081,668,140.120
53.490040,1701,-2082,666,140.109
53.495850,1700,-2082,662,140.103
53.500200,1700,-2082,658,140.087
53.505883,1702,-2083,657,140.076
53.510345,1701,-2082,657,140.059
53.515765,1700,-2083,661,140.043
53.520425,1699,-2083,666,140.026
53.526367,1698,-2083,670,140.010
53.530406,1697,-2082,672,139.993
53.535037,1698,-2079,671,139.977
53.540491,1698,-2077,666,139.960
53.544898,1697,-2076,665,139.944
53.550534,1697,-2074,666,139.927
53.554998,1698,-2073,669,139.911
53.560732,1699,-2072,671,139.894
53.565414,1701,-2070,671,139.878
53.569823,1701,-2068,667,139.861
53.575610,1701,-2069,662,139.850
53.580148,1699,-2071,660,139.834
53.585656,1696,-2073,657,139.823
53.590115,1693,-2075,658,139.818
53.595881,1690,-2077,660,139.812
53.600243,1688,-2079,660,139.812
53.605989,1687,-2082,663,139.812
53.610387,1685,-2084,665,139.812
53.614805,1685,-2085,665,139.818
53.620549,1685,-2085,665,139.823
53.624943,1685,-2083,664,139.828
53.630647,1685,-2083,665,139.834
53.635224,1684,-2082,668,139.845
53.640774,1683,-2080,669,139.850
53.645194,1682,-2079,673,139.856
53.649648,1682,-2079,671,139.861
53.655344,1684,-2078,669,139.872
53.659740,1684,-2078,665,139.878
53.665424,1684,-2078,660,139.889
53.669960,1685,-2077,658,139.894
53.675597,1686,-2079,658,139.905
53.680019,1688,-2081,660,139.916
53.685712,1690,-2084,661,139.933
53.690160,1690,-2086,662,139.944
53.694545,1692,-2087,662,139.960
53.700457,1692,-2088,658,139.977
53.704791,1695,-2089,656,139.988
53.710436,1698,-2090,654,139.999
53.714909,1700,-2091,650,140.015
53.720579,1701,-2092,646,140.026
53.725017,1701,-2093,646,140.037
53.729399,1700,-2094,645,140.048
53.735156,1700,-2094,646,140.059
53.739552,1700,-2095,647,140.065
53.745393,1700,-2097,646,140.076
53.749681,1700,-2099,644,140.081
53.755371,1700,-2101,642,140.087
53.759800,1699,-2102,637,140.087
53.765522,1700,-2102,634,140.092
53.769992,1702,-2099,634,140.092
53.774399,1703,-2096,635,140.092
53.780065,1704,-2094,639,140.092
53.784550,1704,-2092,643,140.092
53.790195,1705,-2091,644,140.092
53.794620,1703,-2091,644,140.087
53.800352,1702,-2091,639,140.081
53.804738,1704,-2092,638,140.076
53.809229,1705,-2093,636,140.070
53.814924,1706,-2092,636,140.065
53.819370,1705,-2093,639,140.054
53.824980,1703,-2092,642,140.043
53.829434,1701,-2092,643,140.037
53.835130,1699,-2094,645,140.026
53.839569,1699,-2094,648,140.015
53.845300,1700,-2095,649,140.004
53.849733,1702,-2096,649,139.993
53.854144,1706,-2096,645,139.982
53.859850,1710,-2097,641,139.971
53.864318,1713,-2097,638,139.966
53.869966,1714,-2098,636,139.955
53.874395,1712,-2097,634,139.949
53.880113,1710,-2094,636,139.938
53.884568,1708,-2094,639,139.933
53.888946,1707,-2094,641,139.927
53.894855,1704,-2094,645,139.922
53.899095,1702,-2095,646,139.922
53.904780,1700,-2095,648,139.916
53.909327,1698,-2095,650,139.916
53.915019,1697,-2095,651,139.916
53.919411,1698,-2094,654,139.916
53.925112,1699,-2095,656,139.911
53.929616,1700,-2095,659,139.916
53.933877,1701,-2096,659,139.916
53.939581,1703,-2097,662,139.916
53.944093,1706,-2097,661,139.916
53.949514,1706,-2100,661,139.916
53.954160,1706,-2103,664,139.916
53.959902,1705,-2104,663,139.916
53.964362,1704,-2104,665,139.922
53.968736,1705,-2101,665,139.922
53.974466,1706,-2098,665,139.922
53.978913,1706,-2097,664,139.927
53.984634,1707,-2096,662,139.927
53.989200,1707,-2098,661,139.933
53.994744,1705,-2097,658,139.938
53.999187,1704,-2099,656,139.944
54.004876,1705,-2098,654,139.944
54.009012,1706,-2099,652,139.949
54.013673,1708,-2099,649,139.955
54.019095,1710,-2098,648,139.960
54.023805,1711,-2095,647,139.966
54.029540,1712,-2094,648,139.971
54.033717,1713,-2092,648,139.977
54.039642,1715,-2092,645,139.982
54.044115,1717,-2092,644,139.982
54.048564,1719,-2093,644,139.988
54.054403,1719,-2094,645,139.993
54.058642,1719,-2095,647,139.999
54.064314,1718,-2095,649,139.999
54.068806,1715,-2095,650,140.004
54.074496,1713,-2095,650,140.010
54.079075,1710,-2093,649,140.015
54.084661,1707,-2093,649,140.015
54.089027,1704,-2094,651,140.021
54.093450,1704,-2094,652,140.021
54.099251,1706,-2094,652,140.021
54.103772,1709,-2095,654,140.021
54.109305,1711,-2096,653,140.021
54.113720,1710,-2097,652,140.021
54.119597,1709,-2097,650,140.021
54.123878,1707,-2099,651,140.015
54.128109,1706,-2098,652,140.015
54.134039,1705,-2099,656,140.010
54.138471,1705,-2099,658,140.004
54.144089,1705,-2099,660,140.004
54.148663,1703,-2102,661,139.999
54.154410,1701,-2103,658,139.993
54.158744,1701,-2103,656,139.993
54.164474,1700,-2104,654,139.988
54.168868,1699,-2103,650,139.988
54.173047,1700,-2102,646,139.982
54.179041,1701,-2102,645,139.982
54.183450,1703,-2103,643,139.982
54.189255,1704,-2104,641,139.977
54.193478,1706,-2106,639,139.977
54.199265,1706,-2106,638,139.977
54.203717,1706,-2105,640,139.977
54.208074,1706,-2102,643,139.971
54.213863,1706,-2100,645,139.971
54.218187,1707,-2099,649,139.971
54.223958,1708,-2100,650,139.971
54.228522,1708,-2101,649,139.971
54.234005,1708,-2103,647,139.966
54.238438,1708,-2105,645,139.966
54.244238,1708,-2108,644,139.966
54.248786,1708,-2110,646,139.960
54.253059,1708,-2110,646,139.960
54.258808,1710,-2109,646,139.960
54.263317,1710,-2107,645,139.960
54.268904,1709,-2104,642,139.955
54.273340,1707,-2103,642,139.955
54.279063,1705,-2102,645,139.955
54.283605,1701,-2100,646,139.955
54.287853,1699,-2098,650,139.955
54.293643,1699,-2097,651,139.955
54.297952,1698,-2097,649,139.955
54.303732,1698,-2098,648,139.955
54.308194,1699,-2100,649,139.955
54.313895,1701,-2102,647,139.955
54.318248,1700,-2104,647,139.955
54.323930,1700,-2104,648,139.960
54.328436,1700,-2105,648,139.960
54.332647,1698,-2105,648,139.960
54.338522,1698,-2106,647,139.966
54.342721,1698,-2107,647,139.966
54.348667,1697,-2108,646,139.971
54.353116,1696,-2109,644,139.971
54.358800,1695,-2111,645,139.977
54.363419,1693,-2113,645,139.982
54.367695,1693,-2115,643,139.988
54.373520,1692,-2114,640,139.993
54.377747,1691,-2113,638,139.993
54.383525,1689,-2110,633,139.999
54.387896,1689,-2111,628,140.004
54.393629,1690,-2112,624,140.010
54.398043,1692,-2114,619,140.010
54.403842,1695,-2115,615,140.015
54.408138,1696,-2115,614,140.015
54.412576,1697,-2114,614,140.015
54.418267,1698,-2113,615,140.021
54.422749,1700,-2112,615,140.021
54.428392,1701,-2111,613,140.021
54.432853,1703,-2110,610,140.021
54.438613,1704,-2110,608,140.021
54.443064,1704,-2109,610,140.026
54.447443,1702,-2107,614,140.026
54.453110,1700,-2105,618,140.026
54.457524,1698,-2103,620,140.026
54.463266,1695,-2100,617,140.026
54.467699,1694,-2098,613,140.026
54.473376,1694,-2098,613,140.032
54.477804,1695,-2097,613,140.032
54.483347,1696,-2097,616,140.032
54.488006,1697,-2098,620,140.032
54.492410,1697,-2097,623,140.026
54.498072,1696,-2098,625,140.026
54.502498,1696,-2100,627,140.026
54.508349,1695,-2102,632,140.026
54.512625,1695,-2105,634,140.026
54.518501,1695,-2107,637,140.026
54.522764,1696,-2109,640,140.026
54.527207,1698,-2109,643,140.026
54.533086,1698,-2106,645,140.026
54.537160,1697,-2103,644,140.032
54.542961,1696,-2101,642,140.032
54.547542,1694,-2100,640,140.032
54.553111,1692,-2100,638,140.032
54.557588,1691,-2101,640,140.032
54.563325,1691,-2101,642,140.032
54.567743,1691,-2101,643,140.032
54.572111,1691,-2102,645,140.032
54.577855,1693,-2103,647,140.032
54.582293,1696,-2105,648,140.032
54.588045,1699,-2108,649,140.032
54.592384,1702,-2109,647,140.032
54.598274,1704,-2109,646,140.032
54.602523,1706,-2109,645,140.032
54.606995,1707,-2107,645,140.032
54.612895,1708,-2106,646,140.032
54.617099,1709,-2104,646,140.032
54.622968,1710,-2103,646,140.032
54.627242,1710,-2101,646,140.032
54.633008,1710,-2100,647,140.032
54.637395,1709,-2100,649,140.032
54.643001,1708,-2098,652,140.032
54.647494,1707,-2096,656,140.032
54.652068,1708,-2094,657,140.032
54.657623,1710,-2091,656,140.032
54.662220,1712,-2090,651,140.026
54.667721,1715,-2091,647,140.026
54.672195,1717,-2091,645,140.026
54.677927,1718,-2093,645,140.026
54.682353,1719,-2095,649,140.026
54.686804,1718,-2097,651,140.026
54.692491,1718,-2097,650,140.021
54.696829,1716,-2096,648,140.021
54.702541,1716,-2095,644,140.021
54.707049,1715,-2095,641,140.021
54.712723,1714,-2095,642,140.021
54.717167,1713,-2097,644,140.021
54.722849,1711,-2098,644,140.021
54.727300,1710,-2098,643,140.021
54.731727,1707,-2099,641,140.021
54.737579,1704,-2099,639,140.021
54.741894,1702,-2100,636,140.026
54.747550,1701,-2102,634,140.026
54.752109,1700,-2101,632,140.026
54.757717,1698,-2100,628,140.032
54.762111,1696,-2100,627,140.032
54.766519,1695,-2098,626,140.037
54.772319,1693,-2098,627,140.043
54.776673,1694,-2098,626,140.043
54.782419,1696,-2099,627,140.048
54.786879,1697,-2100,629,140.048
54.792570,1698,-2101,631,140.048
54.796949,1698,-2102,635,140.054
54.802699,1698,-2102,637,140.054
54.807093,1697,-2103,640,140.054
54.811503,1696,-2103,643,140.048
54.817215,1694,-2102,644,140.048
54.821635,1693,-2100,645,140.048
54.827352,1692,-2099,646,140.048
54.831926,1691,-2098,643,140.043
54.837518,1693,-2098,638,140.043
54.841899,1696,-2098,634,140.043
54.846362,1698,-2098,630,140.043
54.852086,1700,-2097,630,140.043
54.856526,1702,-2096,632,140.043
54.862147,1703,-2096,633,140.043
54.866576,1705,-2096,633,140.043
54.872294,1707,-2097,633,140.037
54.876889,1705,-2097,627,140.043
54.882466,1705,-2097,624,140.043
54.886914,1704,-2097,623,140.043
54.891447,1701,-2097,623,140.043
54.897153,1700,-2097,626,140.043
54.901425,1699,-2099,631,140.043
54.907135,1697,-2099,636,140.043
54.911584,1697,-2099,640,140.043
54.917279,1696,-2100,643,140.043
54.921699,1696,-2098,644,140.043
54.926139,1696,-2098,646,140.043
54.932014,1696,-2099,647,140.043
54.936315,1695,-2099,644,140.043
54.942016,1695,-2099,643,140.043
54.946440,1695,-2100,642,140.043
54.952065,1695,-2099,643,140.043
54.956496,1696,-2098,647,140.043
54.962272,1697,-2096,646,140.043
54.966616,1698,-2094,649,140.043
54.971047,1699,-2094,648,140.043
54.976930,1699,-2093,649,140.043
54.981222,1699,-2093,651,140.043
54.987000,1699,-2092,652,140.043
54.991323,1699,-2094,654,140.048
54.997049,1697,-2097,654,140.048
55.001428,1696,-2099,652,140.048
55.005593,1695,-2102,651,140.048
55.011385,1695,-2106,649,140.048
55.016039,1694,-2108,648,140.048
55.021661,1696,-2109,648,140.048
55.025901,1697,-2109,650,140.054
55.031834,1697,-2109,652,140.054
55.036053,1698,-2109,654,140.054
55.042016,1699,-2107,656,140.054
55.046411,1700,-2107,661,140.054
55.050655,1701,-2106,664,140.054
55.056519,1702,-2104,666,140.054
55.061000,1703,-2103,667,140.054
55.066660,1702,-2102,667,140.054
55.071260,1701,-2100,669,140.054
55.076827,1700,-2098,671,140.054
55.081401,1697,-2097,672,140.054
55.085617,1695,-2096,671,140.054
55.091359,1694,-2094,668,140.054
55.095955,1693,-2094,664,140.054
55.101489,1693,-2093,660,140.054
55.106038,1692,-2092,655,140.054
55.111627,1692,-2091,651,140.054
55.116130,1691,-2091,653,140.054
55.121808,1693,-2093,653,140.054
55.126131,1693,-2095,653,140.054
55.130631,1692,-2097,651,140.054
55.136393,1691,-2098,646,140.054
55.140762,1690,-2099,643,140.054
55.146453,1690,-2101,642,140.054
55.150903,1690,-2102,644,140.054
55.156747,1693,-2102,646,140.059
55.161088,1696,-2102,646,140.059
55.165505,1700,-2099,643,140.059
55.171243,1703,-2097,639,140.059
55.175565,1706,-2095,636,140.059
55.181292,1708,-2093,634,140.059
55.185713,1709,-2092,635,140.065
55.191444,1711,-2092,636,140.065
55.195829,1712,-2094,635,140.065
55.201619,1714,-2096,635,140.070
55.206047,1715,-2099,633,140.070
55.210392,1717,-2102,630,140.070
55.216135,1718,-2102,629,140.076
55.220572,1718,-2102,627,140.076
55.226292,1718,-2101,626,140.076
55.230674,1717,-2099,625,140.076
55.236444,1717,-2098,625,140.076
55.240788,1717,-2096,628,140.076
55.245217,1717,-2093,630,140.076
55.251025,1716,-2089,633,140.076
55.255380,1715,-2087,635,140.076
55.261214,1714,-2085,638,140.070
55.265531,1712,-2084,639,140.070
55.271228,1711,-2082,639,140.065
55.275658,1712,-2082,637,140.065
55.281186,1711,-2081,634,140.059
55.285822,1713,-2082,632,140.059
55.290347,1712,-2083,631,140.059
55.295924,1712,-2084,631,140.054
55.300513,1711,-2085,633,140.054
55.306094,1710,-2085,633,140.054
55.310464,1708,-2084,633,140.054
55.316159,1706,-2084,632,140.054
55.320753,1706,-2083,631,140.048
55.325048,1705,-2086,632,140.048
55.330754,1704,-2088,635,140.048
55.335085,1702,-2091,637,140.048
55.340890,1700,-2096,639,140.048
55.345372,1698,-2101,641,140.048
55.351001,1697,-2103,643,140.048
55.355396,1697,-2104,643,140.048
55.361139,1699,-2103,643,140.048
55.365658,1701,-2101,642,140.043
55.370020,1700,-2099,640,140.043
55.375847,1700,-2098,640,140.037
55.380109,1699,-2097,641,140.032
55.385750,1697,-2094,643,140.032
55.390206,1695,-2093,646,140.026
55.395968,1693,-2091,645,140.026
55.400356,1690,-2090,645,140.021
55.404806,1688,-2089,646,140.021
55.410523,1686,-2089,648,140.015
55.414947,1686,-2088,648,140.015
55.420631,1687,-2088,649,140.010
55.425101,1689,-2088,651,140.010
55.430751,1692,-2090,650,140.010
55.435195,1694,-2094,651,140.004
55.440926,1696,-2097,650,140.004
55.445499,1696,-2100,648,139.999
55.449746,1696,-2102,645,139.999
55.455525,1696,-2102,646,139.999
55.460067,1695,-2104,649,139.999
55.465606,1694,-2107,652,139.999
55.470007,1692,-2109,656,139.999
55.475753,1693,-2110,656,139.999
55.480177,1695,-2111,655,139.999
55.484610,1697,-2110,656,139.999
55.490286,1698,-2109,655,139.999
55.494781,1699,-2108,653,139.999
55.500380,1699,-2108,651,139.999
55.504875,1697,-2106,649,139.999
55.510602,1697,-2104,649,139.999
55.515022,1696,-2103,653,139.999
55.520725,1695,-2103,656,139.999
55.525183,1694,-2104,656,139.999
55.529515,1694,-2105,656,139.999
55.535431,1696,-2104,654,139.999
55.539703,1697,-2103,651,139.993
55.545331,1699,-2101,649,139.993
55.549842,1701,-2099,649,139.993
55.555589,1703,-2097,651,139.988
55.560018,1704,-2097,652,139.988
55.564417,1706,-2097,653,139.982
55.570287,1707,-2098,650,139.982
55.574517,1707,-2101,647,139.977
55.580237,1707,-2101,642,139.977
55.584874,1707,-2102,639,139.971
55.590349,1706,-2105,640,139.971
55.594759,1705,-2107,639,139.966
55.600632,1706,-2108,643,139.960
55.604966,1707,-2110,644,139.955
55.609377,1708,-2110,640,139.949
55.615021,1709,-2108,638,139.944
55.619445,1709,-2107,632,139.938
55.624970,1709,-2106,629,139.933
55.629585,1710,-2104,629,139.922
55.635331,1711,-2104,629,139.916
55.639725,1712,-2104,627,139.911
55.644154,1714,-2106,628,139.900
55.649857,1716,-2108,623,139.894
55.654349,1718,-2109,617,139.889
55.660116,1719,-2108,615,139.883
55.664568,1718,-2108,611,139.872
55.670124,1719,-2108,611,139.867
55.674550,1718,-2108,613,139.861
55.680328,1717,-2107,612,139.850
55.684730,1717,-2109,611,139.839
55.689124,1717,-2109,611,139.834
55.694823,1717,-2109,609,139.823
55.699239,1717,-2110,607,139.812
55.704974,1717,-2110,603,139.807
55.709363,1716,-2110,596,139.796
55.715140,1716,-2112,589,139.785
55.719505,1715,-2113,583,139.774
55.723927,1715,-2113,583,139.763
55.729807,1714,-2113,584,139.757
55.734036,1713,-2113,588,139.752
55.739791,1714,-2112,594,139.746
55.744212,1715,-2111,598,139.741
55.749886,1715,-2111,603,139.741
55.754394,1715,-2112,607,139.746
55.760096,1716,-2112,607,139.752
55.764653,1716,-2113,607,139.763
55.768854,1717,-2114,605,139.774
55.774596,1719,-2115,604,139.785
55.779042,1722,-2116,605,139.796
55.784779,1722,-2117,607,139.812
55.789192,1723,-2120,609,139.823
55.795022,1724,-2122,609,139.834
55.799294,1726,-2124,607,139.845
55.803737,1727,-2127,604,139.856
55.809488,1728,-2128,602,139.861
55.813845,1726,-2128,599,139.872
55.819616,1725,-2129,597,139.878
55.824039,1724,-2127,595,139.878
55.829857,1722,-2126,593,139.883
55.834166,1723,-2127,591,139.889
55.839872,1724,-2128,591,139.889
55.844277,1724,-2130,591,139.894
55.848692,1726,-2130,589,139.894
55.854513,1727,-2131,589,139.894
55.858824,1727,-2131,587,139.894
55.864514,1726,-2130,587,139.894
55.868822,1725,-2128,589,139.889
55.874595,1724,-2127,591,139.889
55.879080,1724,-2124,593,139.883
55.883549,1723,-2122,594,139.878
55.889178,1723,-2120,594,139.878
55.893669,1724,-2119,590,139.872
55.899459,1724,-2119,584,139.872
55.903774,1724,-2120,579,139.867
55.909472,1724,-2121,575,139.867
55.913965,1723,-2121,574,139.867
55.919649,1722,-2121,579,139.867
55.924016,1721,-2122,585,139.867
55.928487,1719,-2122,590,139.867
55.934108,1718,-2120,595,139.867
55.938637,1718,-2120,599,139.872
55.944316,1717,-2120,603,139.872
55.948723,1716,-2120,605,139.872
55.954414,1715,-2121,606,139.878
55.959033,1714,-2120,608,139.878
55.963291,1713,-2118,607,139.883
55.969057,1713,-2116,606,139.883
55.973469,1714,-2115,607,139.889
55.979111,1716,-2115,610,139.889
55.983551,1716,-2116,614,139.889
55.989281,1717,-2118,617,139.889
55.993458,1717,-2120,615,139.894
55.999420,1717,-2120,613,139.894
56.003862,1717,-2119,610,139.900
56.007957,1717,-2119,608,139.905
56.013652,1719,-2120,605,139.905
56.018192,1723,-2120,603,139.911
56.023811,1725,-2122,602,139.911
56.028189,1727,-2123,601,139.916
56.033924,1729,-2123,603,139.922
56.038338,1731,-2122,605,139.922
56.042758,1732,-2121,610,139.927
56.048760,1733,-2120,613,139.933
56.053161,1735,-2118,615,139.933
56.058890,1735,-2115,615,139.938
56.063347,1736,-2115,614,139.938
56.069074,1735,-2114,616,139.944
56.073511,1734,-2114,615,139.944
56.079181,1733,-2114,616,139.944
56.083623,1731,-2116,618,139.949
56.088043,1729,-2116,621,139.949
56.093727,1728,-2116,625,139.949
56.098122,1728,-2116,629,139.949
56.103846,1729,-2115,631,139.949
56.108284,1731,-2113,632,139.949
56.113957,1732,-2112,636,139.949
56.118440,1734,-2111,634,139.944
56.122872,1736,-2109,632,139.944
56.128575,1738,-2109,629,139.944
56.133062,1740,-2107,624,139.944
56.138668,1741,-2105,620,139.938
56.142878,1741,-2104,616,139.938
56.148947,1739,-2103,612,139.938
56.153370,1737,-2104,610,139.938
56.158876,1735,-2106,608,139.933
56.163577,1735,-2107,607,139.933
56.167843,1739,-2108,605,139.933
56.173578,1742,-2108,603,139.933
56.177912,1745,-2110,602,139.933
56.183626,1747,-2113,602,139.933
56.188059,1744,-2113,602,139.933
56.193858,1739,-2112,604,139.927
56.198103,1735,-2111,604,139.927
56.202771,1730,-2108,604,139.927
56.208415,1727,-2106,606,139.922
56.212923,1726,-2105,605,139.922
56.218517,1725,-2106,604,139.922
56.222888,1723,-2108,604,139.916
56.228628,1722,-2110,601,139.916
56.233047,1723,-2112,602,139.916
56.238906,1724,-2112,600,139.916
56.243186,1726,-2112,601,139.911
56.247604,1727,-2113,602,139.911
56.253315,1727,-2113,603,139.911
56.257792,1725,-2114,605,139.911
56.263459,1723,-2114,605,139.905
56.268037,1723,-2112,603,139.905
56.273623,1723,-2110,601,139.905
56.278096,1724,-2109,599,139.905
56.282436,1726,-2109,597,139.905
56.288166,1726,-2109,598,139.905
56.292555,1726,-2109,599,139.905
56.298304,1725,-2108,599,139.905
56.302673,1724,-2108,601,139.911
56.308367,1724,-2108,598,139.911
56.312974,1726,-2109,596,139.911
56.318543,1726,-2109,594,139.911
56.323165,1727,-2108,592,139.916
56.327234,1726,-2107,593,139.916
56.333095,1724,-2107,591,139.916
56.337550,1723,-2107,593,139.916
56.343229,1724,-2108,597,139.922
56.347646,1725,-2110,599,139.922
56.353498,1726,-2114,601,139.922
56.357846,1728,-2116,601,139.927
56.362192,1730,-2116,602,139.927
56.367972,1732,-2116,602,139.927
56.372354,1733,-2115,604,139.933
56.378086,1734,-2114,611,139.933
56.382482,1734,-2113,618,139.933
56.388166,1733,-2113,623,139.933
56.392680,1734,-2112,627,139.933
56.398309,1735,-2112,627,139.933
56.402817,1736,-2115,626,139.938
56.407168,1737,-2116,626,139.938
56.412844,1737,-2119,625,139.938
56.417291,1739,-2120,622,139.938
56.423135,1739,-2119,623,139.938
56.427427,1738,-2119,622,139.938
56.433287,1736,-2118,622,139.938
56.437579,1734,-2119,622,139.933
56.442021,1732,-2119,622,139.933
56.447785,1731,-2118,622,139.933
56.452297,1730,-2117,623,139.933
56.457844,1730,-2115,629,139.933
56.462277,1730,-2112,633,139.933
56.468122,1731,-2111,638,139.927
56.472431,1730,-2110,639,139.927
56.478098,1728,-2109,635,139.927
56.482394,1726,-2108,629,139.927
56.486961,1723,-2108,627,139.922
56.492683,1721,-2108,625,139.922
56.497061,1721,-2109,623,139.922
56.502757,1721,-2111,622,139.916
56.507370,1722,-2114,618,139.916
56.512971,1722,-2115,614,139.916
56.517369,1723,-2114,609,139.911
56.521732,1722,-2113,606,139.911
56.527320,1722,-2110,607,139.911
56.531872,1724,-2109,612,139.905
56.537527,1726,-2109,619,139.905
56.542124,1727,-2108,626,139.900
56.547737,1728,-2109,629,139.900
56.552212,1729,-2110,630,139.900
56.557950,1729,-2110,628,139.894
56.562378,1730,-2110,626,139.894
56.566775,1730,-2110,623,139.889
56.572452,1730,-2112,620,139.889
56.577048,1732,-2112,617,139.889
56.582617,1732,-2112,614,139.889
56.587061,1732,-2114,613,139.889
56.592733,1732,-2115,611,139.889
56.597158,1731,-2115,608,139.889
56.601592,1731,-2117,608,139.889
56.607273,1731,-2118,608,139.889
56.611777,1731,-2118,609,139.889
56.617404,1731,-2118,612,139.889
56.621901,1732,-2119,609,139.889
56.627548,1733,-2120,606,139.883
56.632031,1734,-2122,602,139.883
56.637837,1735,-2123,596,139.883
56.642100,1735,-2124,597,139.883
56.646522,1735,-2124,596,139.878
56.652292,1735,-2124,596,139.878
56.656678,1736,-2124,596,139.878
56.662088,1737,-2123,595,139.878
56.666740,1738,-2124,595,139.878
56.672527,1737,-2124,598,139.878
56.676936,1737,-2124,599,139.878
56.681499,1737,-2123,603,139.878
56.687036,1737,-2123,608,139.878
56.691525,1737,-2122,611,139.878
56.697188,1736,-2123,614,139.878
56.701631,1735,-2123,618,139.878
56.707324,1733,-2124,619,139.878
56.711752,1731,-2124,617,139.878
56.717470,1729,-2123,615,139.872
56.721833,1727,-2122,612,139.872
56.726345,1726,-2120,610,139.872
56.732037,1728,-2120,610,139.872
56.736477,1729,-2122,610,139.872
56.742168,1731,-2125,612,139.872
56.746571,1732,-2127,612,139.878
56.752284,1731,-2128,612,139.878
56.756720,1732,-2126,613,139.878
56.761127,1731,-2123,614,139.883
56.766806,1731,-2121,618,139.883
56.771437,1731,-2119,621,139.889
56.776968,1732,-2119,623,139.894
56.781429,1732,-2119,624,139.894
56.787174,1733,-2119,623,139.900
56.791701,1734,-2119,622,139.905
56.797303,1735,-2121,620,139.905
56.801675,1736,-2122,618,139.911
56.806097,1737,-2124,617,139.911
56.811794,1738,-2123,615,139.911
56.816187,1738,-2125,613,139.911
56.821932,1737,-2126,611,139.911
56.826350,1737,-2129,609,139.911
56.832022,1738,-2133,609,139.911
56.836469,1738,-2135,611,139.911
56.841085,1741,-2137,612,139.911
56.846640,1743,-2138,614,139.911
56.851134,1743,-2136,616,139.911
56.856755,1745,-2136,617,139.905
56.861227,1746,-2135,618,139.905
56.866909,1745,-2134,618,139.905
56.871420,1745,-2133,619,139.905
56.877047,1745,-2132,621,139.905
56.881522,1744,-2131,623,139.900
56.885922,1745,-2130,625,139.900
56.891589,1746,-2129,624,139.894
56.896210,1745,-2127,620,139.894
56.901690,1745,-2125,615,139.894
56.906141,1745,-2123,609,139.894
56.911857,1744,-2122,607,139.894
56.916463,1744,-2122,608,139.889
56.920621,1743,-2123,609,139.889
56.926472,1742,-2124,613,139.889
56.930896,1741,-2126,616,139.889
56.936550,1740,-2126,614,139.889
56.941102,1740,-2127,613,139.894
56.946688,1742,-2126,612,139.894
56.950901,1744,-2126,609,139.894
56.956803,1746,-2127,606,139.894
56.961271,1748,-2127,607,139.894
56.965703,1749,-2129,609,139.894
56.971428,1749,-2128,611,139.894
56.975839,1750,-2128,613,139.894
56.981553,1750,-2129,613,139.894
56.985898,1751,-2129,614,139.894
56.991640,1750,-2129,616,139.894
56.996021,1749,-2130,618,139.894
57.000471,1748,-2129,620,139.894
57.005908,1747,-2128,622,139.894
57.010471,1747,-2127,622,139.894
57.016257,1746,-2127,623,139.900
57.020426,1745,-2127,623,139.900
57.026198,1744,-2126,622,139.900
57.031050,1742,-2126,620,139.900
57.036272,1741,-2127,617,139.905
57.040988,1739,-2127,615,139.905
57.045470,1738,-2127,616,139.911
57.051157,1737,-2127,619,139.911
57.055627,1737,-2126,622,139.916
57.061273,1735,-2125,624,139.916
57.065695,1735,-2124,624,139.916
57.071395,1734,-2123,623,139.922
57.075845,1733,-2122,623,139.922
57.080271,1732,-2122,622,139.922
57.086092,1732,-2124,625,139.922
57.090135,1731,-2124,623,139.927
57.096051,1731,-2124,620,139.927
57.100629,1733,-2123,618,139.927
57.106352,1735,-2123,617,139.927
57.110584,1737,-2121,617,139.927
57.116352,1739,-2120,621,139.922
57.120819,1738,-2119,624,139.922
57.125242,1737,-2119,627,139.922
57.130888,1735,-2119,629,139.922
57.135374,1734,-2118,630,139.922
57.141067,1733,-2119,631,139.922
57.145472,1734,-2118,632,139.922
57.151205,1733,-2116,628,139.916
57.155604,1731,-2114,625,139.916
57.160031,1729,-2113,620,139.911
57.165783,1729,-2112,616,139.911
57.170135,1730,-2112,612,139.905
57.175933,1733,-2113,609,139.900
57.180291,1734,-2113,609,139.894
57.186007,1736,-2115,610,139.889
57.190614,1736,-2116,610,139.883
57.196177,1734,-2115,611,139.878
57.200593,1732,-2116,614,139.872
57.205021,1731,-2115,614,139.867
57.210668,1730,-2114,612,139.861
57.215228,1731,-2114,610,139.856
57.220830,1730,-2113,609,139.850
57.225330,1731,-2112,610,139.845
57.231038,1732,-2111,613,139.839
57.235440,1732,-2111,618,139.834
57.239869,1732,-2110,622,139.834
57.245585,1732,-2111,623,139.828
57.250119,1732,-2113,623,139.828
57.255612,1731,-2112,622,139.828
57.260102,1731,-2112,622,139.828
57.265807,1728,-2113,621,139.828
57.270225,1727,-2113,620,139.828
57.275966,1725,-2114,619,139.828
57.280514,1725,-2114,616,139.828
57.284819,1727,-2113,614,139.834
57.290653,1728,-2111,612,139.834
57.295099,1731,-2108,613,139.839
57.300621,1734,-2108,616,139.839
57.305094,1736,-2107,618,139.839
57.310777,1736,-2107,620,139.845
57.315358,1736,-2107,620,139.845
57.319606,1737,-2108,620,139.845
57.325366,1738,-2109,620,139.845
57.329800,1739,-2111,619,139.845
57.335473,1740,-2114,618,139.845
57.339927,1743,-2116,619,139.845
57.345569,1744,-2118,619,139.845
57.350058,1745,-2119,616,139.845
57.355727,1745,-2120,613,139.845
57.360185,1743,-2121,612,139.845
57.364529,1743,-2122,611,139.845
57.370252,1740,-2124,613,139.845
57.374680,1738,-2125,617,139.845
57.380438,1737,-2126,620,139.845
57.384876,1734,-2128,619,139.845
57.390597,1735,-2129,619,139.845
57.395017,1734,-2131,618,139.850
57.399339,1732,-2131,619,139.850
57.405100,1731,-2133,618,139.850
57.409646,1730,-2135,618,139.850
57.415211,1726,-2134,617,139.850
57.419667,1723,-2135,616,139.850
57.425398,1723,-2134,620,139.850
57.429787,1722,-2134,625,139.845
57.435538,1722,-2133,632,139.845
57.439906,1723,-2133,633,139.839
57.444437,1725,-2134,632,139.834
57.450085,1726,-2134,628,139.834
57.454521,1725,-2135,623,139.828
57.460174,1727,-2134,622,139.823
57.464550,1729,-2133,622,139.823
57.470319,1731,-2131,620,139.818
57.474773,1733,-2130,622,139.818
57.479180,1734,-2131,623,139.812
57.484904,1733,-2133,626,139.812
57.489301,1730,-2134,630,139.812
57.494992,1729,-2134,633,139.812
57.499460,1728,-2133,636,139.812
57.505097,1727,-2131,638,139.812
57.509550,1727,-2129,640,139.812
57.515279,1729,-2128,638,139.818
57.519712,1731,-2128,635,139.818
57.523964,1734,-2128,631,139.823
57.529791,1737,-2129,627,139.823
57.534014,1740,-2129,625,139.828
57.539906,1741,-2129,623,139.828
57.544395,1742,-2129,622,139.834
57.550139,1741,-2129,621,139.839
57.554525,1739,-2128,619,139.839
57.558896,1736,-2129,622,139.845
57.564730,1734,-2130,623,139.845
57.569143,1732,-2131,625,139.850
57.574827,1731,-2131,623,139.850
57.579278,1732,-2131,619,139.850
57.585015,1733,-2131,618,139.850
57.589339,1734,-2131,616,139.850
57.595094,1734,-2130,613,139.850
57.599456,1735,-2129,610,139.850
57.603839,1736,-2130,607,139.850
57.609579,1736,-2132,605,139.850
57.614041,1736,-2134,602,139.856
57.619730,1738,-2137,600,139.856
57.624217,1737,-2136,598,139.856
57.630027,1737,-2135,598,139.861
57.634303,1736,-2134,598,139.861
57.638785,1735,-2133,596,139.867
57.644476,1735,-2136,593,139.867
57.648874,1736,-2136,591,139.867
57.654554,1737,-2135,588,139.872
57.659221,1739,-2134,588,139.872
57.664747,1741,-2133,592,139.872
57.669139,1741,-2132,596,139.872
57.674923,1742,-2132,596,139.872
57.679306,1742,-2130,596,139.872
57.683721,1741,-2130,598,139.872
57.689403,1739,-2129,600,139.867
57.693826,1737,-2129,601,139.867
57.699524,1734,-2129,604,139.867
57.703745,1733,-2129,604,139.867
57.709676,1733,-2128,604,139.867
57.714054,1735,-2128,604,139.867
57.718539,1737,-2127,605,139.872
57.724209,1738,-2126,606,139.872
57.728682,1740,-2125,608,139.872
57.734359,1742,-2123,609,139.878
57.738791,1744,-2122,610,139.878
57.744485,1745,-2122,612,139.878
57.748972,1745,-2123,613,139.878
57.754673,1745,-2125,614,139.878
57.759047,1745,-2126,616,139.878
57.763501,1746,-2127,618,139.878
57.769158,1747,-2128,622,139.878
57.773466,1748,-2128,624,139.878
57.779314,1749,-2128,624,139.878
57.783768,1749,-2127,623,139.878
57.789438,1748,-2126,620,139.872
57.793939,1747,-2126,613,139.872
57.798255,1747,-2125,609,139.872
57.804021,1749,-2124,604,139.872
57.808426,1749,-2124,602,139.878
57.814163,1750,-2125,602,139.878
57.818543,1749,-2126,605,139.878
57.824286,1746,-2127,608,139.883
57.828737,1744,-2125,612,139.889
57.834403,1742,-2123,618,139.889
57.838818,1740,-2121,624,139.894
57.843244,1740,-2121,629,139.900
57.848998,1738,-2121,633,139.905
57.853410,1737,-2122,634,139.911
57.859066,1737,-2124,632,139.916
57.863481,1737,-2124,629,139.922
57.869264,1736,-2125,626,139.927
57.873649,1736,-2125,627,139.933
57.878069,1737,-2126,627,139.938
57.883803,1737,-2125,628,139.949
57.888189,1736,-2124,624,139.955
57.893904,1736,-2123,621,139.960
57.898321,1736,-2120,618,139.966
57.904013,1737,-2116,616,139.966
57.908473,1737,-2113,617,139.971
57.914235,1737,-2110,616,139.977
57.918673,1736,-2108,614,139.977
57.923033,1736,-2109,613,139.982
57.928900,1735,-2110,613,139.982
57.933235,1735,-2111,614,139.988
57.939036,1735,-2113,613,139.993
57.943297,1734,-2114,611,139.999
57.949001,1733,-2115,609,140.010
57.953166,1729,-2114,609,140.015
57.957788,1727,-2114,611,140.021
57.963619,1725,-2112,615,140.032
57.967962,1725,-2112,617,140.037
57.973722,1725,-2112,617,140.043
57.978273,1722,-2112,616,140.048
57.983976,1721,-2112,613,140.048
57.988290,1718,-2111,610,140.054
57.993992,1716,-2111,607,140.054
57.998352,1714,-2111,606,140.054
58.002769,1713,-2109,607,140.048
58.008255,1712,-2107,612,140.043
58.012904,1712,-2105,619,140.037
58.018477,1714,-2102,627,140.032
58.023030,1715,-2100,632,140.021
58.028770,1716,-2098,635,140.010
58.033149,1715,-2096,638,140.004
58.037445,1716,-2095,640,139.993
58.043363,1716,-2095,642,139.982
58.047780,1717,-2096,643,139.977
58.053441,1717,-2096,642,139.971
58.057928,1716,-2096,641,139.966
58.063608,1715,-2097,639,139.960
58.067982,1714,-2096,637,139.960
58.073751,1715,-2096,635,139.960
58.078106,1715,-2098,632,139.960
58.082629,1714,-2099,628,139.960
58.088349,1715,-2103,626,139.960
58.092886,1714,-2105,627,139.960
58.098386,1714,-2106,628,139.966
58.102911,1715,-2108,627,139.966
58.108608,1715,-2108,628,139.971
58.112979,1715,-2108,626,139.977
58.117570,1717,-2109,622,139.982
58.123186,1718,-2109,621,139.982
58.127589,1720,-2110,619,139.988
58.133222,1721,-2112,621,139.993
58.137683,1722,-2114,625,139.999
58.143351,1722,-2115,629,140.004
58.147972,1722,-2116,633,140.010
58.153529,1722,-2115,635,140.010
58.158088,1722,-2114,636,140.015
58.162328,1721,-2113,637,140.015
58.168184,1720,-2113,637,140.021
58.172483,1719,-2113,636,140.021
58.178190,1719,-2112,636,140.026
58.182639,1719,-2112,632,140.026
58.188491,1719,-2112,631,140.026
58.192850,1718,-2112,630,140.032
58.197169,1717,-2114,628,140.032
58.202947,1715,-2114,627,140.032
58.207354,1713,-2115,626,140.032
58.213001,1713,-2114,626,140.032
58.217439,1714,-2112,628,140.032
58.223134,1716,-2110,628,140.032
58.227568,1717,-2108,629,140.026
58.233357,1718,-2107,627,140.026
58.237737,1715,-2105,621,140.026
58.242145,1711,-2104,618,140.021
58.247851,1708,-2104,615,140.021
58.252311,1705,-2105,615,140.015
58.257851,1705,-2106,619,140.015
58.262541,1707,-2107,625,140.010
58.268153,1708,-2109,628,140.004
58.272546,1710,-2109,626,140.004
58.276913,1711,-2110,622,139.999
58.282704,1712,-2110,618,139.999
58.287098,1711,-2111,614,139.993
58.292763,1711,-2112,613,139.993
58.297249,1712,-2112,611,139.988
58.302972,1712,-2113,611,139.988
58.307374,1715,-2112,610,139.988
58.313094,1718,-2110,610,139.988
58.317504,1720,-2110,611,139.988
58.321928,1723,-2109,612,139.988
58.327627,1723,-2108,612,139.982
58.332117,1723,-2109,611,139.982
58.337758,1723,-2109,608,139.982
58.342134,1722,-2109,608,139.982
58.347881,1720,-2110,609,139.982
58.352312,1720,-2112,611,139.982
58.356707,1718,-2114,613,139.982
58.362462,1716,-2116,614,139.982
58.366881,1715,-2118,614,139.982
58.372581,1715,-2118,614,139.982
58.377012,1717,-2117,617,139.988
58.382784,1719,-2117,622,139.988
58.387217,1718,-2117,629,139.988
58.392871,1717,-2116,635,139.988
58.397284,1715,-2117,641,139.993
58.401679,1714,-2116,644,139.993
58.407424,1714,-2115,641,139.993
58.411730,1714,-2115,638,139.999
58.417573,1714,-2113,632,139.999
58.422024,1712,-2113,628,139.999
58.427647,1711,-2113,627,140.004
58.432109,1709,-2113,625,140.004
58.436523,1709,-2114,624,140.004
58.442291,1710,-2114,623,140.010
58.446652,1711,-2115,622,140.010
58.452323,1712,-2115,621,140.010
58.456769,1711,-2117,620,140.010
58.462532,1711,-2118,621,140.010
58.466873,1711,-2117,624,140.010
58.472651,1712,-2116,624,140.010
58.477109,1714,-2114,623,140.010
58.481456,1715,-2112,623,140.010
58.487240,1714,-2112,621,140.010
58.491674,1714,-2112,621,140.010
58.497384,1713,-2112,622,140.010
58.501710,1713,-2113,623,140.010
58.507449,1712,-2113,624,140.010
58.511865,1713,-2114,625,140.004
58.516292,1712,-2113,625,140.004
58.522034,1713,-2111,625,140.004
58.526467,1712,-2111,623,140.004
58.532148,1713,-2111,618,140.004
58.536634,1713,-2111,614,139.999
58.542086,1715,-2111,610,139.999
58.546743,1716,-2110,606,139.999
58.552473,1716,-2109,603,139.999
58.556840,1715,-2108,602,139.999
58.561296,1714,-2106,600,139.999
58.566999,1712,-2105,601,139.993
58.571443,1710,-2104,603,139.993
58.577098,1710,-2105,605,139.993
58.581571,1711,-2106,606,139.993
58.587247,1711,-2108,608,139.993
58.591661,1711,-2109,609,139.993
58.596117,1712,-2111,610,139.993
58.601823,1713,-2109,614,139.993
58.606265,1714,-2108,617,139.993
58.612017,1713,-2106,619,139.999
58.616496,1714,-2107,619,139.999
58.622048,1715,-2110,622,139.993
58.626514,1714,-2113,621,139.999
58.632370,1713,-2114,621,139.999
58.636629,1712,-2113,621,139.993
58.641088,1712,-2110,619,139.993
58.646708,1714,-2107,616,139.993
58.651154,1716,-2106,612,139.993
58.656880,1718,-2107,608,139.993
58.661296,1719,-2109,605,139.993
58.667063,1719,-2110,603,139.993
58.671418,1719,-2113,603,139.999
58.675843,1718,-2114,604,139.999
58.681608,1716,-2116,606,139.999
58.686041,1716,-2118,610,139.999
58.691663,1716,-2119,610,139.999
58.696152,1718,-2119,610,140.004
58.701867,1720,-2120,610,140.004
58.706270,1721,-2120,610,140.004
58.711999,1721,-2120,611,140.010
58.716061,1721,-2121,612,140.010
58.720823,1720,-2120,613,140.010
58.726530,1719,-2120,613,140.010
58.730975,1719,-2121,610,140.010
58.736628,1719,-2122,610,140.010
58.741095,1721,-2124,609,140.010
58.746844,1724,-2125,608,140.010
58.751224,1725,-2125,607,140.010
58.755677,1726,-2125,607,140.010
58.761376,1728,-2126,606,140.010
58.765926,1728,-2126,606,140.010
58.771473,1729,-2127,608,140.010
58.775931,1730,-2128,611,140.010
58.781646,1729,-2128,613,140.010
58.786050,1729,-2128,616,140.010
58.791740,1727,-2128,619,140.015
58.796197,1722,-2127,622,140.015
58.800608,1721,-2126,620,140.015
58.806282,1719,-2124,621,140.015
58.810731,1718,-2124,621,140.021
58.816410,1717,-2125,623,140.021
58.820872,1717,-2127,625,140.021
58.826577,1718,-2127,625,140.021
58.831023,1719,-2126,625,140.021
58.835453,1721,-2124,624,140.021
58.841117,1724,-2124,623,140.021
58.845556,1726,-2124,622,140.021
58.851365,1727,-2124,624,140.021
58.855680,1728,-2124,624,140.021
58.861418,1727,-2123,624,140.021
58.865813,1726,-2122,628,140.021
58.871546,1723,-2121,628,140.021
58.876091,1719,-2122,627,140.021
58.880191,1716,-2124,625,140.026
58.886098,1716,-2125,623,140.026
58.890495,1717,-2126,624,140.026
58.896233,1719,-2125,625,140.026
58.900482,1719,-2124,626,140.026
58.906376,1718,-2122,628,140.032
58.910842,1717,-2121,628,140.032
58.915155,1716,-2118,627,140.032
58.920959,1716,-2116,626,140.032
58.925321,1717,-2117,625,140.032
58.931038,1718,-2116,624,140.032
58.935459,1719,-2117,623,140.032
58.941195,1721,-2118,623,140.032
58.945572,1722,-2120,621,140.032
58.951387,1724,-2120,617,140.032
58.955724,1725,-2121,612,140.032
58.960173,1726,-2122,609,140.032
58.965873,1728,-2121,611,140.026
58.970265,1729,-2119,611,140.026
58.975955,1730,-2117,608,140.026
58.980586,1730,-2114,606,140.026
58.986122,1731,-2112,606,140.026
58.990598,1731,-2110,605,140.026
58.994941,1731,-2109,608,140.032
59.000742,1732,-2108,613,140.032
59.004846,1733,-2107,615,140.032
59.010550,1734,-2107,618,140.032
59.015237,1734,-2108,621,140.032
59.020700,1734,-2108,624,140.032
59.025389,1734,-2110,625,140.032
59.031075,1731,-2111,624,140.032
59.035224,1730,-2111,625,140.037
59.039915,1729,-2111,626,140.032
59.045619,1727,-2109,627,140.032
59.049991,1727,-2110,630,140.032
59.055745,1727,-2111,633,140.032
59.060250,1725,-2110,635,140.032
59.065909,1723,-2111,635,140.032
59.070398,1721,-2111,637,140.032
59.074912,1720,-2111,635,140.032
59.080551,1719,-2112,631,140.026
59.084985,1717,-2114,628,140.026
59.090647,1715,-2116,624,140.026
59.095047,1717,-2116,622,140.026
59.100728,1720,-2117,621,140.032
59.105191,1723,-2117,619,140.032
59.110847,1728,-2116,616,140.032
59.115427,1730,-2115,615,140.032
59.119744,1733,-2114,616,140.026
59.125588,1736,-2113,618,140.026
59.129936,1738,-2113,623,140.026
59.135550,1738,-2114,628,140.026
59.140116,1737,-2116,634,140.021
59.145706,1736,-2117,635,140.021
59.150111,1734,-2118,636,140.021
59.154501,1734,-2120,635,140.021
59.160406,1731,-2121,634,140.021
59.164688,1730,-2121,634,140.021
59.170264,1727,-2121,636,140.021
59.174867,1726,-2122,638,140.021
59.180308,1727,-2121,637,140.021
59.184964,1728,-2120,637,140.021
59.190707,1729,-2119,635,140.026
59.195068,1730,-2117,633,140.026
59.199461,1729,-2116,631,140.026
59.205119,1728,-2114,627,140.026
59.209603,1728,-2111,626,140.026
59.215272,1729,-2110,626,140.026
59.219799,1730,-2109,627,140.026
59.225503,1728,-2109,630,140.021
59.229936,1727,-2109,633,140.021
59.234382,1725,-2108,636,140.021
59.240095,1723,-2108,638,140.015
59.244474,1719,-2108,640,140.015
59.249951,1718,-2110,642,140.010
59.254603,1717,-2112,643,140.010
59.260344,1716,-2114,641,140.010
59.264716,1715,-2114,639,140.010
59.270474,1713,-2113,637,140.010
59.274834,1711,-2112,635,140.010
59.279311,1710,-2111,635,140.015
59.284998,1709,-2108,634,140.015
59.289427,1709,-2107,634,140.015
59.295175,1708,-2105,632,140.015
59.299549,1708,-2104,631,140.015
59.305457,1710,-2103,628,140.015
59.309673,1711,-2103,625,140.015
59.314293,1713,-2102,624,140.015
59.319827,1714,-2103,623,140.015
59.324228,1716,-2105,624,140.015
59.329912,1719,-2106,626,140.015
59.334375,1721,-2108,627,140.015
59.340032,1724,-2108,628,140.015
59.344548,1727,-2108,628,140.015
59.350218,1729,-2108,628,140.015
59.354809,1731,-2109,627,140.015
59.358842,1734,-2110,628,140.010
59.364827,1735,-2112,629,140.010
59.369233,1736,-2116,629,140.010
59.374900,1736,-2119,630,140.010
59.379283,1735,-2123,628,140.010
59.385042,1733,-2125,626,140.010
59.389470,1732,-2125,624,140.010
59.393877,1730,-2124,623,140.010
59.399625,1729,-2123,619,140.004
59.404029,1728,-2123,616,140.004
59.409720,1726,-2122,614,140.004
59.414134,1727,-2122,611,140.004
59.419878,1726,-2120,610,140.004
59.424315,1724,-2120,608,140.004
59.429991,1723,-2119,604,140.004
59.434420,1721,-2118,602,140.004
59.438854,1719,-2118,598,140.010
59.444552,1720,-2119,598,140.010
59.449139,1721,-2119,601,140.010
59.454439,1723,-2119,603,140.010
59.459081,1724,-2120,605,140.010
59.464856,1725,-2120,608,140.010
59.469234,1725,-2120,607,140.010
59.473653,1725,-2121,605,140.010
59.479364,1725,-2123,603,140.010
59.483765,1726,-2123,598,140.010
59.489285,1726,-2123,596,140.010
59.493909,1726,-2123,594,140.010
59.499647,1726,-2123,595,140.010
59.504069,1725,-2121,597,140.010
59.509752,1725,-2119,597,140.010
59.514225,1726,-2119,597,140.010
59.518611,1727,-2118,595,140.010
59.524309,1730,-2119,592,140.010
59.528962,1732,-2119,591,140.010
59.534428,1734,-2118,589,140.010
59.538928,1736,-2116,587,140.010
59.544610,1738,-2115,588,140.010
59.549100,1738,-2115,589,140.010
59.553454,1738,-2115,590,140.015
59.559182,1738,-2114,595,140.010
59.563541,1737,-2113,600,140.010
59.569274,1735,-2110,605,140.010
59.573510,1733,-2108,608,140.010
59.579416,1731,-2108,612,140.010
59.583849,1730,-2109,613,140.010
59.589574,1727,-2109,612,140.010
59.594095,1724,-2110,613,140.010
59.598354,1722,-2111,613,140.010
59.604145,1720,-2110,615,140.010
59.608516,1718,-2109,617,140.010
59.614241,1719,-2109,621,140.010
59.618660,1719,-2108,624,140.010
59.624366,1719,-2108,626,140.004
59.628827,1717,-2109,627,140.004
59.633228,1716,-2111,629,140.004
59.638919,1713,-2111,628,140.004
59.643472,1712,-2109,627,140.004
59.649018,1709,-2108,624,140.004
59.653477,1709,-2109,623,140.004
59.659170,1710,-2110,625,140.004
59.663594,1711,-2113,626,140.004
59.669322,1714,-2116,627,140.004
59.673794,1716,-2118,627,140.010
59.678197,1716,-2119,624,140.010
59.683901,1715,-2119,624,140.010
59.688303,1715,-2120,623,140.010
59.694019,1716,-2123,625,140.010
59.698399,1717,-2126,623,140.010
59.704149,1718,-2128,624,140.015
59.708260,1720,-2130,626,140.015
59.712682,1722,-2130,627,140.015
59.718544,1725,-2130,629,140.015
59.722800,1727,-2131,631,140.015
59.728804,1730,-2129,630,140.015
59.733245,1731,-2126,630,140.015
59.738933,1733,-2124,631,140.015
59.743406,1734,-2123,632,140.015
59.749273,1735,-2123,634,140.015
59.753230,1735,-2123,636,140.015
59.757920,1735,-2123,637,140.010
59.763639,1735,-2122,642,140.010
59.768101,1736,-2120,646,140.010
59.773778,1737,-2118,652,140.010
59.778191,1737,-2117,653,140.010
59.783951,1737,-2119,653,140.004
59.788389,1735,-2120,651,140.004
59.792772,1734,-2121,649,140.004
59.798664,1735,-2120,647,140.004
59.802948,1735,-2120,646,140.004
59.808604,1735,-2119,645,140.004
59.813007,1735,-2119,644,140.004
59.818766,1733,-2118,640,140.004
59.823186,1733,-2118,636,140.004
59.828863,1734,-2117,633,140.004
59.833293,1735,-2118,630,140.004
59.837726,1736,-2118,628,140.004
59.843501,1736,-2119,627,140.004
59.847903,1737,-2119,627,140.004
59.853545,1737,-2119,631,140.004
59.857930,1738,-2119,635,140.004
59.863677,1737,-2119,638,140.004
59.868121,1737,-2119,641,139.999
59.872555,1735,-2119,640,139.999
59.878267,1734,-2121,637,139.999
59.882670,1733,-2123,635,139.993
59.888404,1733,-2124,632,139.993
59.892828,1735,-2126,627,139.993
59.898526,1736,-2126,624,139.993
59.902904,1737,-2126,623,139.993
59.908660,1737,-2125,619,139.993
59.913121,1736,-2121,614,139.993
59.917474,1734,-2120,612,139.988
59.923127,1732,-2120,611,139.988
59.927590,1733,-2122,612,139.988
59.933318,1735,-2125,614,139.988
59.937767,1737,-2128,613,139.993
59.943477,1740,-2129,610,139.993
59.947886,1743,-2130,608,139.993
59.952397,1743,-2130,608,139.988
59.958101,1743,-2130,611,139.988
59.962492,1742,-2131,614,139.988
59.968142,1742,-2130,615,139.988
59.972686,1744,-2130,613,139.988
59.978305,1746,-2130,610,139.988
59.982701,1746,-2128,611,139.982
59.988352,1747,-2127,610,139.982
59.993010,1746,-2125,610,139.982
59.997321,1747,-2123,611,139.982
60.002963,1747,-2123,611,139.982
60.007170,1750,-2122,612,139.982
60.012793,1751,-2121,611,139.982
60.017531,1753,-2121,610,139.982
60.023218,1753,-2120,609,139.977
60.027632,1752,-2121,607,139.977
60.032184,1751,-2120,605,139.977
60.037545,1749,-2120,605,139.977
60.042248,1746,-2118,604,139.977
60.047940,1743,-2116,606,139.977
60.052369,1740,-2114,606,139.977
60.058113,1736,-2113,605,139.971
60.062493,1734,-2114,605,139.971
60.068177,1731,-2114,605,139.971
60.072751,1729,-2114,607,139.971
60.077093,1729,-2113,610,139.971
60.082902,1728,-2113,614,139.971
60.087262,1728,-2113,617,139.971
60.092880,1727,-2112,618,139.971
60.097299,1728,-2112,621,139.971
60.103037,1728,-2110,623,139.971
60.107498,1728,-2109,624,139.971
60.111842,1729,-2109,624,139.971
60.117576,1730,-2109,622,139.966
60.121827,1730,-2111,620,139.966
60.127671,1730,-2112,618,139.966
60.132171,1729,-2113,618,139.966
60.137854,1728,-2114,620,139.966
60.142115,1726,-2116,622,139.966
60.148042,1724,-2116,626,139.966
60.152416,1724,-2116,629,139.966
60.156839,1723,-2116,631,139.966
60.162523,1723,-2116,634,139.966
60.166953,1722,-2115,634,139.966
60.172587,1721,-2115,634,139.966
60.176984,1719,-2115,633,139.966
60.182944,1719,-2115,630,139.966
60.187201,1719,-2116,630,139.966
60.191759,1719,-2116,628,139.966
60.197428,1721,-2117,629,139.966
60.201755,1723,-2117,630,139.966
60.207516,1725,-2117,631,139.966
60.211911,1726,-2117,631,139.966
60.217588,1726,-2117,631,139.966
60.222049,1726,-2118,630,139.966
60.227747,1725,-2117,630,139.966
60.232195,1724,-2117,631,139.966
60.236644,1724,-2119,634,139.966
60.242228,1726,-2119,636,139.966
60.246755,1728,-2122,637,139.966
60.252294,1732,-2125,636,139.966
60.256868,1734,-2127,630,139.966
60.262639,1735,-2129,625,139.966
60.266997,1735,-2130,622,139.966
60.271431,1737,-2131,618,139.966
60.277215,1736,-2130,617,139.966
60.281539,1735,-2129,619,139.966
60.287233,1735,-2129,621,139.966
60.291709,1733,-2129,623,139.966
60.297439,1733,-2129,624,139.966
60.301879,1734,-2130,623,139.966
60.307573,1733,-2131,623,139.966
60.312160,1733,-2131,623,139.960
60.316301,1732,-2131,625,139.960
60.322098,1732,-2131,625,139.960
60.326491,1731,-2130,626,139.960
60.332199,1730,-2127,628,139.960
60.336754,1730,-2125,628,139.960
60.342335,1727,-2121,631,139.960
60.346779,1723,-2118,630,139.966
60.351202,1722,-2118,630,139.966
60.357073,1720,-2118,630,139.966
60.361297,1719,-2117,631,139.966
60.367197,1717,-2117,632,139.966
60.371331,1716,-2117,634,139.971
60.377162,1717,-2117,632,139.971
60.381644,1717,-2117,631,139.971
60.387339,1719,-2118,629,139.977
60.391776,1721,-2119,629,139.977
60.396113,1724,-2121,629,139.977
60.402042,1727,-2123,630,139.977
60.406237,1729,-2126,631,139.977
60.412036,1731,-2127,629,139.977
60.416469,1732,-2128,623,139.977
60.422146,1732,-2131,618,139.971
60.426554,1732,-2134,615,139.971
60.430979,1732,-2135,616,139.971
60.436703,1733,-2136,616,139.971
60.441119,1733,-2134,617,139.971
60.446803,1733,-2133,617,139.966
60.451281,1733,-2132,617,139.966
60.456882,1734,-2132,620,139.966
60.461445,1734,-2130,624,139.966
60.467208,1735,-2129,625,139.966
60.471574,1736,-2128,623,139.966
60.475920,1738,-2127,621,139.966
60.481653,1741,-2127,618,139.966
60.486028,1742,-2126,617,139.966
60.491783,1740,-2124,617,139.966
60.496188,1739,-2121,616,139.966
60.501947,1737,-2117,614,139.966
60.506490,1736,-2115,614,139.966
60.510750,1737,-2114,614,139.966
60.516545,1737,-2115,616,139.966
60.520905,1735,-2116,619,139.966
60.526564,1734,-2118,620,139.966
60.531085,1732,-2121,620,139.966
60.536771,1730,-2124,618,139.966
60.541236,1729,-2125,615,139.971
60.546931,1729,-2126,615,139.971
60.551470,1728,-2126,616,139.971
60.555679,1727,-2125,617,139.971
60.561477,1727,-2124,621,139.971
60.565802,1727,-2123,622,139.971
60.571580,1728,-2121,623,139.971
60.576075,1727,-2120,623,139.971
60.581641,1727,-2120,623,139.971
60.586112,1728,-2119,624,139.971
60.590527,1729,-2118,625,139.971
60.596321,1731,-2116,624,139.966
60.600703,1731,-2115,622,139.966
60.606345,1732,-2114,621,139.966
60.610825,1731,-2110,616,139.966
60.616460,1730,-2108,612,139.966
60.621003,1729,-2106,612,139.966
60.626716,1728,-2104,611,139.966
60.631070,1727,-2104,610,139.966
60.635518,1725,-2105,609,139.966
60.641206,1725,-2106,606,139.966
60.645605,1723,-2106,604,139.966
60.651307,1723,-2108,604,139.960
60.655768,1724,-2109,607,139.960
60.661434,1726,-2110,611,139.960
60.666053,1728,-2111,614,139.960
60.670351,1727,-2110,619,139.960
60.676042,1726,-2108,621,139.960
60.680449,1724,-2107,623,139.960
60.686141,1722,-2106,626,139.955
60.690474,1723,-2106,629,139.955
60.696272,1722,-2105,630,139.955
60.700812,1722,-2105,631,139.955
60.706414,1722,-2105,633,139.955
60.710855,1722,-2106,633,139.949
60.715473,1725,-2109,636,139.949
60.721043,1727,-2110,637,139.949
60.725404,1729,-2112,635,139.944
60.731270,1730,-2113,635,139.944
60.735551,1730,-2113,630,139.944
60.741320,1732,-2113,629,139.944
60.745672,1734,-2113,628,139.944
60.750276,1734,-2113,627,139.938
60.755879,1735,-2114,627,139.938
60.760211,1735,-2113,628,139.938
60.765880,1734,-2113,628,139.938
60.770401,1732,-2113,623,139.938
60.776188,1731,-2112,620,139.938
60.780444,1731,-2112,614,139.933
60.786232,1731,-2112,610,139.933
60.790638,1732,-2111,610,139.933
60.795108,1734,-2111,612,139.933
60.800793,1734,-2111,615,139.933
60.805268,1733,-2112,619,139.933
60.810923,1733,-2114,623,139.933
60.815262,1733,-2115,625,139.933
60.821026,1733,-2116,625,139.933
60.825450,1733,-2116,625,139.933
60.829874,1733,-2115,623,139.938
60.835783,1735,-2114,623,139.938
60.840047,1737,-2114,620,139.938
60.845476,1739,-2114,618,139.938
60.850200,1740,-2115,615,139.938
60.855924,1741,-2116,613,139.938
60.860373,1741,-2118,611,139.938
60.866069,1742,-2119,611,139.938
60.870528,1743,-2119,610,139.933
60.874946,1744,-2120,613,139.933
60.880588,1745,-2119,614,139.933
60.885035,1744,-2117,617,139.933
60.890696,1742,-2118,619,139.933
60.895195,1742,-2119,621,139.933
60.900856,1740,-2120,622,139.933
60.905316,1739,-2122,623,139.933
60.909703,1740,-2125,623,139.933
60.915508,1739,-2128,621,139.933
60.919825,1739,-2129,619,139.933
60.925484,1738,-2129,616,139.933
60.929997,1737,-2130,614,139.933
60.935613,1736,-2131,615,139.933
60.940040,1734,-2130,616,139.933
60.945802,1732,-2129,617,139.933
60.950254,1730,-2125,619,139.933
60.954420,1729,-2122,622,139.927
60.960344,1728,-2120,628,139.927
60.964823,1728,-2119,634,139.927
60.970509,1729,-2119,639,139.927
60.974925,1728,-2119,642,139.922
60.980703,1729,-2121,641,139.922
60.985025,1730,-2121,638,139.922
60.989625,1734,-2121,636,139.922
60.995191,1737,-2119,634,139.922
60.999661,1740,-2117,633,139.922
61.005347,1742,-2116,631,139.922
61.009490,1742,-2114,629,139.922
61.015115,1743,-2115,628,139.922
61.019625,1743,-2116,626,139.922
61.025299,1742,-2116,627,139.922
61.029710,1743,-2116,629,139.922
61.034184,1743,-2115,633,139.922
61.039839,1747,-2115,633,139.922
61.044299,1750,-2116,632,139.922
61.050056,1752,-2118,629,139.922
61.054658,1753,-2120,627,139.922
61.060427,1752,-2122,622,139.922
61.064786,1750,-2123,620,139.922
61.069216,1747,-2125,621,139.922
61.074948,1746,-2125,619,139.916
61.079368,1746,-2126,618,139.916
61.085069,1746,-2126,615,139.916
61.089598,1746,-2127,615,139.916
61.095054,1748,-2129,611,139.916
61.099805,1749,-2128,610,139.916
61.105220,1748,-2128,611,139.916
61.109790,1747,-2127,611,139.916
61.114197,1745,-2124,611,139.916
61.119885,1743,-2122,611,139.916
61.124374,1740,-2121,612,139.916
61.130051,1738,-2119,610,139.916
61.134496,1735,-2118,613,139.911
61.140200,1733,-2118,618,139.911
61.144790,1733,-2118,623,139.911
61.149081,1733,-2120,628,139.905
61.154822,1734,-2121,630,139.905
61.159314,1733,-2122,632,139.905
61.164891,1735,-2124,633,139.905
61.169384,1735,-2123,633,139.900
61.175026,1736,-2122,634,139.900
61.179418,1736,-2122,633,139.900
61.185128,1737,-2121,629,139.900
61.189571,1738,-2119,625,139.900
61.194085,1740,-2119,624,139.900
61.199727,1741,-2118,623,139.900
61.204190,1741,-2117,623,139.905
61.209965,1740,-2117,625,139.905
61.214243,1739,-2116,623,139.905
61.220140,1738,-2114,622,139.905
61.224392,1737,-2113,623,139.905
61.228804,1735,-2112,623,139.905
61.234524,1732,-2113,623,139.905
61.238974,1728,-2113,624,139.905
61.244645,1725,-2114,625,139.900
61.249290,1723,-2114,626,139.900
61.254852,1723,-2114,629,139.900
61.259250,1725,-2114,631,139.900
61.265114,1726,-2114,632,139.900
61.269413,1726,-2113,633,139.900
61.273753,1726,-2114,635,139.900
61.279566,1724,-2115,638,139.900
61.283904,1723,-2116,637,139.900
61.289731,1723,-2118,636,139.900
61.294091,1722,-2119,632,139.900
61.299777,1722,-2119,629,139.900
61.304162,1723,-2120,629,139.900
61.308663,1725,-2122,628,139.905
61.314278,1728,-2122,631,139.905
61.318749,1731,-2122,635,139.905
61.324405,1733,-2123,640,139.905
61.328897,1735,-2123,643,139.905
61.334642,1735,-2123,643,139.905
61.339020,1734,-2123,641,139.900
61.344719,1735,-2123,637,139.900
61.349298,1736,-2123,634,139.900
61.353593,1735,-2121,630,139.900
61.359246,1735,-2120,628,139.900
61.363732,1735,-2118,627,139.900
61.369405,1735,-2117,628,139.900
61.373847,1736,-2117,630,139.900
61.379575,1737,-2116,631,139.900
61.384005,1738,-2117,633,139.900
61.388311,1738,-2117,634,139.900
61.394103,1738,-2116,634,139.900
61.398345,1738,-2116,633,139.900
61.404201,1737,-2115,630,139.900
61.408726,1738,-2115,628,139.900
61.414346,1739,-2114,626,139.900
61.418873,1740,-2114,625,139.894
61.424544,1741,-2114,627,139.894
61.428914,1742,-2114,628,139.894
61.433365,1740,-2115,628,139.894
61.439057,1741,-2114,629,139.894
61.443480,1740,-2113,626,139.889
61.449159,1741,-2111,622,139.889
61.453606,1741,-2109,620,139.889
61.459498,1742,-2108,617,139.889
61.463776,1742,-2106,612,139.889
61.468196,1742,-2107,608,139.889
61.473929,1741,-2108,603,139.889
61.478372,1740,-2110,599,139.889
61.484022,1739,-2112,598,139.889
61.488411,1740,-2114,597,139.883
61.494179,1739,-2114,597,139.883
61.498607,1737,-2115,599,139.883
61.504295,1736,-2116,599,139.883
61.508779,1736,-2117,600,139.883
61.513170,1736,-2119,601,139.883
61.518838,1737,-2120,603,139.883
61.523302,1737,-2119,604,139.883
61.528859,1737,-2118,606,139.883
61.533408,1736,-2118,609,139.883
61.539134,1737,-2119,611,139.883
61.543573,1737,-2121,615,139.883
61.547919,1735,-2124,615,139.883
61.553676,1735,-2125,613,139.883
61.558090,1732,-2125,611,139.883
61.563853,1731,-2124,608,139.883
61.568260,1730,-2124,605,139.883
61.573967,1731,-2123,601,139.883
61.578369,1734,-2122,599,139.883
61.584129,1737,-2121,598,139.883
61.588472,1739,-2121,596,139.883
61.592901,1740,-2121,595,139.883
61.598600,1741,-2120,597,139.883
61.603144,1742,-2120,600,139.883
61.608790,1743,-2122,604,139.883
61.613189,1744,-2123,609,139.883
61.618967,1745,-2122,613,139.883
61.623322,1744,-2121,612,139.883
61.627723,1743,-2118,612,139.883
61.633536,1743,-2116,612,139.883
61.637881,1743,-2115,612,139.883
61.643659,1742,-2114,614,139.883
61.648090,1742,-2114,617,139.883
61.653777,1742,-2115,619,139.883
61.658159,1742,-2115,621,139.883
61.663839,1742,-2113,623,139.878
61.668316,1742,-2113,622,139.878
61.672678,1740,-2113,620,139.878
61.678512,1740,-2114,615,139.878
61.682826,1740,-2117,611,139.878
61.688526,1739,-2121,605,139.878
61.692949,1738,-2122,600,139.878
61.698705,1736,-2123,599,139.878
61.703053,1735,-2123,597,139.878
61.707504,1735,-2123,596,139.878
61.713265,1736,-2122,595,139.878
61.717651,1738,-2123,598,139.878
61.723447,1738,-2123,600,139.878
61.727870,1738,-2124,600,139.878
61.733501,1738,-2125,602,139.883
61.738088,1738,-2125,599,139.883
61.743711,1738,-2126,595,139.883
61.748154,1740,-2127,594,139.889
61.752569,1741,-2127,594,139.889
61.758225,1739,-2127,594,139.889
61.762657,1739,-2127,597,139.889
61.768298,1736,-2125,598,139.889
61.772774,1736,-2124,599,139.889
61.778475,1737,-2122,600,139.889
61.782904,1738,-2119,601,139.883
61.787378,1739,-2118,603,139.883
61.793072,1742,-2115,606,139.883
61.797430,1743,-2114,608,139.883
61.803116,1744,-2112,610,139.878
61.807755,1745,-2110,611,139.878
61.813349,1745,-2110,614,139.872
61.817745,1744,-2111,618,139.872
61.823406,1743,-2112,623,139.872
61.827834,1741,-2113,630,139.872
61.832284,1739,-2114,635,139.872
61.837992,1739,-2114,635,139.872
61.842396,1738,-2113,632,139.872
61.848096,1737,-2113,628,139.872
61.852618,1735,-2110,623,139.878
61.858283,1733,-2108,618,139.878
61.862756,1732,-2106,617,139.878
61.867097,1729,-2107,615,139.878
61.872852,1728,-2107,616,139.878
61.877176,1727,-2108,615,139.878
61.882927,1726,-2108,611,139.878
61.887371,1725,-2109,607,139.878
61.893065,1725,-2110,606,139.872
61.897595,1726,-2112,607,139.878
61.903191,1727,-2114,612,139.878
61.907722,1729,-2115,615,139.878
61.912048,1729,-2116,616,139.878
61.917773,1730,-2116,613,139.878
61.922202,1729,-2118,610,139.878
61.927945,1727,-2119,609,139.883
61.932323,1726,-2120,610,139.883
61.938023,1726,-2122,613,139.883
61.942442,1728,-2124,616,139.889
61.947021,1730,-2125,618,139.889
61.952635,1731,-2126,615,139.894
61.956775,1731,-2126,612,139.894
61.962733,1730,-2127,611,139.894
61.967220,1730,-2128,610,139.894
61.972864,1730,-2129,612,139.900
61.977344,1730,-2129,616,139.900
61.983005,1730,-2128,619,139.900
61.987418,1730,-2125,619,139.900
61.991804,1729,-2123,616,139.900
61.997508,1729,-2121,612,139.900
62.001977,1729,-2119,609,139.900
62.007371,1729,-2118,605,139.900
62.012072,1728,-2117,604,139.900
62.017799,1727,-2118,603,139.905
62.021944,1725,-2119,604,139.905
62.026441,1723,-2121,606,139.905
62.032337,1721,-2124,606,139.911
62.036467,1721,-2127,608,139.911
62.042458,1721,-2130,608,139.911
62.046999,1721,-2132,611,139.916
62.052625,1721,-2134,612,139.916
62.057219,1722,-2136,613,139.916
62.062768,1723,-2135,612,139.922
62.067217,1723,-2134,608,139.922
62.071588,1725,-2132,606,139.922
62.077347,1726,-2130,605,139.927
62.081726,1726,-2130,605,139.927
62.087451,1727,-2131,608,139.933
62.091785,1727,-2130,610,139.933
62.097598,1726,-2130,612,139.938
62.102019,1726,-2131,615,139.938
62.106591,1726,-2130,616,139.944
62.112174,1728,-2130,616,139.949
62.116615,1731,-2130,618,139.949
62.122276,1733,-2129,621,139.955
62.126875,1734,-2129,625,139.960
62.132587,1734,-2129,629,139.960
62.136883,1732,-2128,628,139.966
62.142592,1731,-2128,625,139.966
62.147089,1730,-2125,619,139.966
62.151367,1730,-2122,612,139.966
62.157087,1730,-2119,611,139.966
62.161505,1730,-2115,608,139.966
62.167197,1729,-2113,610,139.966
62.171662,1727,-2113,614,139.966
62.177371,1725,-2114,617,139.966
62.181860,1725,-2116,621,139.960
62.186188,1724,-2117,622,139.966
62.191925,1724,-2118,625,139.966
62.196215,1726,-2117,627,139.966
62.202058,1727,-2117,629,139.966
62.206551,1728,-2116,627,139.966
62.212245,1730,-2116,625,139.966
62.216774,1730,-2116,624,139.966
62.222335,1729,-2115,624,139.966
62.226778,1729,-2115,623,139.971
62.231172,1727,-2113,622,139.971
62.237027,1724,-2111,620,139.971
62.241473,1721,-2108,617,139.971
62.247029,1720,-2105,613,139.971
62.251382,1718,-2102,610,139.971
62.257175,1720,-2102,608,139.971
62.261639,1721,-2102,607,139.971
62.265924,1722,-2102,606,139.971
62.271706,1724,-2102,608,139.971
62.276098,1724,-2100,610,139.966
62.281888,1724,-2100,613,139.966
62.286288,1726,-2100,617,139.966
62.292072,1727,-2099,622,139.971
62.296383,1727,-2098,625,139.971
62.302098,1727,-2096,629,139.971
62.306511,1725,-2095,635,139.977
62.310953,1722,-2095,637,139.977
62.316594,1723,-2096,634,139.982
62.321121,1723,-2098,632,139.982
62.326808,1722,-2099,630,139.988
62.331234,1721,-2099,629,139.988
62.337011,1718,-2100,629,139.993
62.341398,1718,-2101,631,139.993
62.345812,1719,-2104,632,139.993
62.351548,1721,-2106,633,139.993
62.355974,1723,-2109,635,139.993
62.361604,1725,-2111,638,139.993
62.366241,1728,-2112,639,139.993
62.371776,1730,-2112,642,139.993
62.376206,1732,-2112,643,139.993
62.381986,1733,-2110,644,139.993
62.386304,1732,-2109,644,139.993
62.390805,1731,-2109,644,139.988
62.396476,1729,-2110,646,139.988
62.400935,1726,-2110,648,139.988
62.406648,1724,-2110,650,139.982
62.411182,1722,-2110,651,139.982
62.416750,1721,-2108,648,139.977
62.421151,1721,-2108,645,139.977
62.425539,1726,-2109,642,139.971
62.431354,1730,-2113,638,139.966
62.435769,1733,-2117,637,139.966
62.441397,1736,-2119,631,139.955
62.446053,1738,-2122,624,139.949
62.451578,1739,-2123,618,139.944
62.456060,1740,-2123,613,139.938
62.461753,1741,-2123,609,139.933
62.466122,1741,-2123,609,139.927
62.470549,1740,-2120,608,139.922
62.476281,1738,-2118,608,139.916
62.480697,1736,-2117,609,139.916
62.486404,1734,-2115,607,139.911
62.490802,1735,-2115,604,139.911
62.496530,1736,-2115,602,139.911
62.500947,1736,-2115,599,139.905
62.505416,1738,-2115,602,139.905
62.511002,1739,-2113,603,139.905
62.515525,1740,-2113,602,139.905
62.521246,1742,-2114,603,139.905
62.525605,1747,-2115,602,139.905
62.531492,1750,-2116,601,139.900
62.535722,1755,-2118,600,139.900
62.541457,1757,-2119,600,139.900
62.545904,1756,-2120,599,139.894
62.550346,1752,-2121,597,139.894
62.556024,1746,-2121,596,139.894
62.560508,1740,-2121,595,139.894
62.566112,1737,-2121,597,139.894
62.570645,1734,-2118,600,139.889
62.576290,1733,-2116,605,139.889
62.580769,1733,-2115,609,139.889
62.585220,1733,-2114,612,139.883
62.590916,1733,-2114,613,139.883
62.595235,1734,-2114,613,139.883
62.601022,1733,-2114,611,139.883
62.605492,1733,-2115,609,139.883
62.611270,1734,-2115,609,139.883
62.615621,1733,-2116,611,139.883
62.621290,1732,-2117,612,139.889
62.625700,1731,-2118,614,139.889
62.629961,1730,-2118,617,139.894
62.635858,1729,-2117,616,139.894
62.640296,1730,-2117,619,139.900
62.646016,1729,-2116,620,139.900
62.650367,1729,-2116,620,139.900
62.656238,1730,-2115,624,139.905
62.660568,1733,-2114,622,139.905
62.664902,1735,-2113,621,139.911
62.670715,1736,-2112,620,139.911
62.675044,1735,-2112,618,139.911
62.680756,1734,-2113,617,139.916
62.685225,1733,-2113,616,139.916
62.690948,1733,-2115,614,139.916
62.695320,1734,-2117,615,139.922
62.701007,1734,-2118,617,139.927
62.705462,1733,-2119,618,139.927
62.709942,1734,-2120,620,139.933
62.715601,1735,-2119,621,139.938
62.720192,1735,-2119,622,139.944
62.725561,1735,-2121,624,139.949
62.729990,1733,-2122,626,139.949
62.735916,1731,-2124,629,139.955
62.740297,1730,-2126,629,139.960
62.744669,1729,-2127,628,139.960
62.750489,1729,-2128,626,139.966
62.754904,1730,-2129,625,139.971
62.760572,1732,-2130,622,139.971
62.765092,1732,-2128,621,139.977
62.770698,1734,-2126,620,139.977
62.775303,1734,-2123,618,139.977
62.780858,1733,-2120,618,139.982
62.785353,1734,-2117,620,139.982
62.789724,1733,-2115,622,139.982
62.795362,1732,-2113,625,139.982
62.799815,1733,-2111,626,139.982
62.805578,1733,-2111,626,139.982
62.809926,1733,-2111,626,139.982
62.815668,1734,-2111,626,139.982
62.820026,1735,-2112,624,139.982
62.824269,1736,-2112,626,139.982
62.830275,1736,-2111,627,139.982
62.834680,1736,-2110,629,139.977
62.840374,1735,-2107,634,139.977
62.844824,1734,-2107,638,139.977
62.850482,1733,-2107,644,139.971
62.854880,1732,-2107,649,139.966
62.860615,1731,-2108,655,139.966
62.865092,1730,-2109,656,139.960
62.869454,1728,-2110,657,139.960
62.875177,1728,-2110,653,139.955
62.879626,1729,-2110,649,139.955
62.885337,1730,-2112,648,139.949
62.889706,1732,-2113,646,139.949
62.895571,1734,-2114,651,139.944
62.899998,1734,-2115,653,139.944
62.904273,1735,-2115,655,139.938
62.910015,1733,-2115,658,139.938
62.914428,1731,-2114,659,139.933
62.920111,1729,-2113,663,139.933
62.924555,1728,-2111,663,139.933
62.930266,1727,-2109,662,139.927
62.934647,1728,-2108,661,139.927
62.940244,1729,-2107,659,139.927
62.944826,1730,-2106,658,139.927
62.949293,1731,-2106,657,139.922
62.954811,1729,-2106,653,139.922
62.959357,1728,-2107,650,139.922
62.965104,1727,-2109,648,139.922
62.969491,1727,-2110,645,139.922
62.975277,1727,-2109,642,139.922
62.979403,1729,-2109,642,139.916
62.984047,1731,-2108,640,139.916
62.989821,1731,-2108,637,139.916
62.994217,1733,-2109,637,139.916
62.999927,1733,-2108,638,139.916
63.004346,1735,-2107,640,139.916
63.009729,1736,-2106,642,139.916
63.014338,1736,-2106,644,139.916
63.019872,1738,-2105,644,139.916
63.024562,1739,-2105,642,139.916
63.029008,1739,-2104,641,139.916
63.034768,1740,-2104,639,139.916
63.039134,1740,-2104,639,139.916
63.044857,1737,-2102,640,139.916
63.049264,1736,-2101,641,139.916
63.054951,1735,-2100,643,139.916
63.059390,1733,-2099,643,139.916
63.063869,1732,-2099,641,139.916
63.069593,1732,-2100,639,139.916
63.073991,1733,-2103,636,139.916
63.079728,1735,-2105,635,139.916
63.084079,1736,-2107,636,139.911
63.089787,1737,-2107,637,139.911
63.094181,1738,-2106,638,139.911
63.099656,1738,-2104,638,139.905
63.104073,1737,-2103,637,139.905
63.108484,1736,-2105,638,139.900
63.114153,1735,-2107,640,139.900
63.118616,1735,-2109,640,139.900
63.124283,1735,-2110,638,139.894
63.128718,1735,-2111,636,139.894
63.134477,1735,-2111,633,139.889
63.138876,1735,-2110,628,139.889
63.143254,1735,-2111,628,139.889
63.149028,1736,-2113,627,139.883
63.153469,1738,-2114,628,139.883
63.159473,1740,-2115,627,139.878
63.163898,1744,-2116,628,139.878
63.169580,1746,-2117,629,139.878
63.173978,1747,-2118,630,139.878
63.179802,1746,-2120,631,139.878
63.184330,1744,-2122,632,139.878
63.188308,1741,-2124,635,139.878
63.194446,1739,-2125,636,139.878
63.198783,1738,-2126,637,139.878
63.204384,1736,-2125,634,139.883
63.208827,1735,-2123,631,139.883
63.214552,1733,-2122,628,139.883
63.219018,1732,-2119,626,139.883
63.223436,1731,-2117,623,139.883
63.229260,1730,-2116,621,139.883
63.233547,1731,-2117,619,139.883
63.239214,1732,-2118,616,139.883
63.243740,1731,-2119,615,139.883
63.249386,1730,-2120,615,139.883
63.253792,1728,-2120,614,139.878
63.259518,1726,-2121,615,139.878
63.263970,1725,-2121,618,139.883
63.268349,1724,-2120,622,139.883
63.274120,1723,-2119,625,139.883
63.278487,1726,-2119,629,139.889
63.284191,1729,-2119,632,139.889
63.288570,1731,-2119,632,139.894
63.294349,1733,-2118,631,139.894
63.298792,1736,-2118,628,139.900
63.303205,1736,-2117,625,139.900
63.309058,1737,-2118,622,139.905
63.313326,1737,-2118,622,139.905
63.319169,1737,-2117,623,139.905
63.323626,1736,-2116,625,139.905
63.329109,1735,-2113,628,139.911
63.333576,1733,-2111,629,139.911
63.339299,1730,-2109,630,139.911
63.343682,1729,-2107,631,139.911
63.348149,1729,-2105,630,139.911
63.354006,1729,-2103,629,139.911
63.358453,1731,-2103,630,139.911
63.364012,1732,-2102,631,139.916
63.368558,1732,-2103,633,139.916
63.374186,1731,-2103,635,139.916
63.378574,1731,-2105,637,139.916
63.382952,1731,-2106,638,139.916
63.388652,1731,-2106,638,139.916
63.393137,1732,-2105,638,139.916
63.398779,1732,-2105,639,139.916
63.403299,1730,-2104,642,139.916
63.408974,1728,-2103,644,139.916
63.413373,1724,-2102,648,139.916
63.419049,1721,-2102,651,139.916
63.423620,1720,-2100,655,139.916
63.427916,1719,-2100,655,139.916
63.433759,1721,-2100,653,139.916
63.438042,1722,-2100,650,139.916
63.443718,1724,-2100,646,139.916
63.448126,1726,-2100,643,139.916
63.453881,1727,-2100,640,139.911
63.458292,1728,-2102,640,139.911
63.462771,1729,-2103,638,139.911
63.468470,1728,-2104,638,139.905
63.472895,1727,-2106,636,139.905
63.478697,1724,-2106,631,139.900
63.483030,1721,-2107,628,139.900
63.488711,1720,-2108,623,139.894
63.493147,1719,-2109,620,139.894
63.498893,1717,-2110,620,139.889
63.503251,1716,-2111,619,139.889
63.507702,1713,-2112,622,139.883
63.513403,1713,-2114,626,139.883
63.517856,1712,-2115,628,139.883
63.523513,1713,-2116,631,139.878
63.527789,1714,-2116,631,139.878
63.533714,1715,-2114,630,139.878
63.538118,1716,-2115,629,139.878
63.542487,1717,-2115,627,139.878
63.548279,1717,-2116,626,139.883
63.552687,1718,-2119,626,139.883
63.558374,1717,-2121,624,139.883
63.562851,1718,-2121,625,139.883
63.568464,1719,-2122,626,139.883
63.572934,1720,-2121,626,139.883
63.578649,1720,-2120,626,139.883
63.583073,1718,-2120,623,139.883
63.587460,1715,-2119,619,139.883
63.593160,1712,-2119,613,139.883
63.597617,1712,-2120,609,139.883
63.603321,1712,-2121,606,139.883
63.607734,1714,-2122,607,139.883
63.613487,1717,-2121,610,139.883
63.617847,1719,-2120,613,139.883
63.622274,1721,-2118,616,139.883
63.628034,1724,-2116,617,139.883
63.632507,1726,-2114,617,139.883
63.638146,1726,-2115,618,139.883
63.642596,1728,-2116,618,139.889
63.648244,1727,-2118,618,139.889
63.652674,1726,-2119,614,139.889
63.658387,1724,-2120,608,139.894
63.662835,1723,-2121,605,139.894
63.667182,1721,-2121,604,139.900
63.673035,1722,-2121,603,139.900
63.677420,1723,-2122,607,139.900
63.683150,1725,-2123,612,139.905
63.687563,1726,-2124,617,139.905
63.693223,1727,-2127,622,139.911
63.697678,1729,-2127,625,139.911
63.702059,1729,-2127,626,139.911
63.707564,1729,-2128,626,139.911
63.712242,1727,-2129,624,139.911
63.718068,1723,-2129,621,139.905
63.722337,1720,-2129,623,139.905
63.728067,1718,-2127,624,139.905
63.732511,1719,-2124,628,139.905
63.738199,1723,-2122,631,139.900
63.742713,1725,-2120,632,139.900
63.747070,1728,-2119,634,139.900
63.752778,1730,-2118,633,139.900
63.757250,1730,-2116,631,139.900
63.762692,1729,-2114,630,139.900
63.767259,1727,-2113,630,139.905
63.773066,1725,-2112,627,139.905
63.777450,1723,-2113,626,139.905
63.782033,1721,-2113,627,139.911
63.787598,1720,-2114,626,139.911
63.792018,1718,-2116,629,139.911
63.797702,1717,-2116,630,139.916
63.802191,1716,-2117,630,139.916
63.807809,1715,-2118,630,139.916
63.812275,1716,-2119,631,139.916
63.817966,1717,-2118,628,139.916
63.822392,1717,-2119,626,139.916
63.826996,1717,-2120,624,139.916
63.832559,1716,-2121,623,139.916
63.837001,1716,-2122,623,139.916
63.842646,1715,-2121,623,139.916
63.847227,1715,-2121,622,139.922
63.852830,1715,-2121,621,139.922
63.857255,1714,-2121,618,139.922
63.861679,1713,-2121,614,139.927
63.867403,1714,-2121,615,139.927
63.871799,1714,-2119,615,139.927
63.877502,1714,-2117,617,139.933
63.881955,1714,-2116,617,139.933
63.887657,1714,-2116,617,139.933
63.892054,1713,-2117,615,139.933
63.897773,1712,-2117,614,139.938
63.902221,1712,-2119,613,139.938
63.906647,1712,-2119,612,139.938
63.912339,1712,-2118,611,139.938
63.916821,1712,-2119,609,139.938
63.922526,1713,-2118,610,139.938
63.926887,1713,-2119,613,139.938
63.932769,1712,-2119,615,139.938
63.937109,1713,-2119,618,139.938
63.941411,1715,-2119,620,139.938
63.947187,1715,-2117,620,139.938
63.951579,1715,-2117,621,139.938
63.957236,1713,-2119,620,139.938
63.961750,1711,-2120,620,139.938
63.967416,1708,-2122,620,139.938
63.971831,1707,-2125,622,139.944
63.977619,1708,-2124,622,139.944
63.981990,1710,-2124,621,139.944
63.986456,1714,-2126,619,139.944
63.992116,1718,-2126,614,139.944
63.996575,1721,-2127,607,139.944
64.002224,1723,-2126,605,139.949
64.006365,1722,-2125,602,139.949
64.012119,1720,-2125,604,139.949
64.016781,1718,-2126,604,139.949
64.020879,1717,-2126,603,139.949
64.026842,1715,-2125,603,139.949
64.031341,1714,-2125,605,139.955
64.036739,1713,-2125,608,139.955
64.041462,1713,-2124,611,139.955
64.047344,1712,-2124,612,139.955
64.051663,1711,-2120,614,139.955
64.057333,1710,-2117,613,139.955
64.061611,1709,-2116,614,139.960
64.066134,1709,-2115,616,139.960
64.071888,1709,-2115,618,139.960
64.076382,1709,-2115,620,139.960
64.082011,1708,-2116,619,139.960
64.086285,1707,-2115,618,139.960
64.092132,1706,-2113,615,139.960
64.096646,1707,-2112,614,139.960
64.101031,1708,-2110,615,139.960
64.106775,1709,-2107,614,139.960
64.111136,1710,-2107,613,139.966
64.117002,1711,-2108,615,139.966
64.121354,1713,-2108,613,139.966
64.126983,1714,-2109,614,139.966
64.131404,1714,-2107,612,139.966
64.137152,1715,-2105,608,139.966
64.141556,1716,-2104,604,139.966
64.145950,1716,-2103,602,139.966
64.151656,1718,-2103,602,139.966
64.156189,1718,-2103,603,139.966
64.161826,1717,-2102,606,139.966
64.166232,1717,-2101,609,139.966
64.172023,1715,-2098,613,139.966
64.176370,1715,-2097,616,139.966
64.180808,1714,-2097,620,139.966
64.186681,1712,-2098,620,139.966
64.190887,1712,-2100,618,139.966
64.196603,1713,-2102,614,139.966
64.201056,1714,-2102,609,139.966
64.206794,1716,-2103,611,139.966
64.211352,1718,-2105,612,139.966
64.217018,1720,-2107,615,139.966
64.221420,1721,-2109,617,139.966
64.225816,1723,-2110,617,139.966
64.231451,1725,-2110,619,139.966
64.235955,1727,-2109,619,139.966
64.241655,1729,-2109,622,139.966
64.246009,1729,-2108,626,139.966
64.251897,1729,-2108,627,139.966
64.256137,1729,-2109,628,139.966
64.260604,1726,-2109,628,139.966
64.266224,1723,-2109,630,139.966
64.270671,1719,-2109,632,139.966
64.276410,1717,-2108,634,139.966
64.280922,1715,-2108,638,139.966
64.286536,1712,-2109,636,139.966
64.291064,1710,-2108,636,139.966
64.296670,1710,-2108,635,139.966
64.301166,1710,-2108,634,139.966
64.305547,1712,-2108,632,139.966
64.311239,1713,-2108,633,139.966
64.315703,1714,-2109,636,139.966
64.321353,1714,-2111,635,139.966
64.325836,1712,-2112,635,139.966
64.331536,1711,-2114,637,139.971
64.336064,1710,-2116,633,139.971
64.340357,1707,-2116,628,139.971
64.346126,1705,-2117,623,139.971
64.350531,1703,-2116,617,139.971
64.356245,1703,-2114,616,139.971
64.360722,1705,-2113,616,139.971
64.366394,1707,-2111,617,139.977
64.370771,1709,-2109,619,139.977
64.376618,1710,-2109,620,139.977
64.380810,1712,-2110,621,139.977
64.385306,1715,-2111,624,139.977
64.391074,1718,-2112,626,139.977
64.395469,1721,-2111,629,139.977
64.401176,1720,-2111,630,139.977
64.405537,1719,-2111,629,139.977
64.411451,1720,-2109,630,139.977
64.415764,1720,-2108,630,139.977
64.420191,1721,-2106,632,139.977
64.425944,1723,-2103,634,139.971
64.430309,1723,-2101,635,139.971
64.435995,1722,-2100,638,139.971
64.440543,1722,-2099,640,139.971
64.446128,1721,-2101,641,139.971
64.450635,1722,-2102,640,139.971
64.456427,1722,-2103,635,139.977
64.460706,1722,-2103,631,139.971
64.465297,1722,-2101,628,139.971
64.470753,1720,-2100,628,139.971
64.475253,1718,-2101,628,139.971
64.480996,1719,-2102,629,139.971
64.485400,1718,-2104,632,139.971
64.491266,1718,-2106,636,139.971
64.495525,1717,-2107,642,139.971
64.499957,1717,-2108,645,139.971
64.505645,1716,-2109,647,139.966
64.510097,1715,-2110,647,139.966
64.515788,1714,-2111,645,139.966
64.520357,1715,-2111,643,139.966
64.525888,1717,-2111,638,139.966
64.530513,1719,-2111,637,139.966
64.536063,1721,-2110,636,139.966
64.540499,1723,-2109,635,139.971
64.544891,1723,-2110,635,139.971
64.550625,1724,-2108,632,139.971
64.555088,1726,-2108,632,139.971
64.560750,1726,-2107,631,139.977
64.565183,1726,-2105,629,139.977
64.570891,1726,-2104,628,139.977
64.575344,1727,-2104,625,139.971
64.579836,1728,-2104,622,139.971
64.585616,1729,-2105,620,139.971
64.590098,1729,-2105,618,139.971
64.595571,1730,-2107,615,139.966
64.600124,1731,-2107,614,139.966
64.605600,1731,-2107,615,139.960
64.610111,1732,-2106,614,139.960
64.615823,1732,-2105,612,139.960
64.620255,1730,-2105,609,139.955
64.624846,1728,-2104,605,139.955
64.630468,1727,-2103,604,139.955
64.634857,1728,-2104,603,139.955
64.640659,1729,-2106,605,139.955
64.645016,1729,-2107,604,139.960
64.650662,1730,-2109,603,139.960
64.655168,1730,-2111,602,139.960
64.659528,1730,-2113,601,139.960
64.665234,1730,-2115,600,139.960
64.669681,1732,-2118,601,139.960
64.675365,1732,-2119,604,139.960
64.679797,1731,-2120,607,139.960
64.685497,1729,-2120,609,139.966
64.689920,1726,-2118,612,139.966
64.695771,1724,-2117,614,139.966
64.699975,1722,-2116,616,139.966
64.704464,1721,-2115,618,139.966
64.710244,1720,-2113,617,139.966
64.714766,1720,-2114,616,139.966
64.720070,1719,-2114,616,139.966
64.724749,1716,-2115,616,139.966
64.730491,1715,-2118,619,139.966
64.734947,1715,-2119,621,139.966
64.739374,1714,-2120,621,139.966
64.745101,1713,-2121,622,139.966
64.749427,1717,-2120,619,139.966
64.755148,1720,-2120,617,139.966
64.759578,1721,-2119,615,139.966
64.765324,1723,-2117,613,139.966
64.769699,1724,-2116,613,139.966
64.775496,1726,-2116,613,139.966
64.779897,1727,-2114,613,139.966
64.784294,1729,-2114,612,139.966
64.789991,1729,-2114,613,139.966
64.794430,1728,-2115,612,139.966
64.800117,1726,-2116,611,139.966
64.804547,1725,-2116,610,139.966
64.810250,1725,-2116,610,139.966
64.814704,1725,-2116,608,139.966
64.819099,1727,-2115,608,139.966
64.824877,1728,-2115,608,139.966
64.829250,1729,-2116,609,139.966
64.834905,1729,-2117,609,139.966
64.839387,1731,-2118,613,139.966
64.845141,1731,-2118,617,139.966
64.849577,1733,-2120,620,139.966
64.855251,1734,-2122,626,139.966
64.859725,1735,-2122,630,139.966
64.864113,1734,-2122,631,139.966
64.869788,1732,-2121,628,139.966
64.874055,1731,-2118,624,139.966
64.879852,1730,-2116,623,139.966
64.884364,1728,-2114,622,139.966
64.890031,1727,-2110,620,139.966
64.894551,1727,-2109,619,139.966
64.898833,1728,-2107,616,139.966
64.904777,1732,-2105,615,139.960
64.909047,1735,-2106,616,139.960
64.914718,1736,-2105,617,139.960
64.919164,1735,-2103,618,139.960
64.924852,1732,-2102,618,139.960
64.929269,1729,-2102,617,139.955
64.935064,1726,-2101,614,139.955
64.939426,1725,-2100,616,139.955
64.943859,1724,-2101,617,139.955
64.949606,1724,-2103,623,139.955
64.954209,1724,-2104,627,139.955
64.959680,1723,-2106,628,139.960
64.964117,1724,-2108,626,139.960
64.969903,1725,-2108,622,139.960
64.974249,1725,-2108,616,139.960
64.978721,1724,-2109,613,139.960
64.984386,1723,-2109,611,139.960
64.988803,1722,-2109,612,139.960
64.994548,1721,-2112,615,139.960
64.998924,1719,-2111,619,139.960
65.004830,1718,-2110,621,139.960
65.008807,1718,-2110,621,139.960
65.014765,1719,-2108,620,139.960
65.018980,1722,-2108,617,139.955
65.023741,1725,-2109,618,139.955
65.029335,1728,-2107,617,139.955
65.033836,1731,-2107,615,139.955
65.039408,1734,-2107,611,139.955
65.044074,1736,-2106,607,139.955
65.049600,1738,-2106,605,139.955
65.054015,1740,-2104,604,139.949
65.058449,1741,-2104,606,139.949
65.064184,1741,-2104,609,139.949
65.068627,1741,-2103,612,139.949
65.074311,1740,-2103,617,139.949
65.078753,1738,-2103,620,139.949
65.084405,1737,-2103,621,139.944
65.088928,1736,-2104,621,139.944
65.094620,1735,-2107,621,139.944
65.099071,1733,-2109,617,139.944
65.103389,1732,-2110,615,139.944
65.109149,1731,-2110,614,139.944
65.113507,1731,-2110,613,139.944
65.119251,1732,-2109,614,139.944
65.123735,1732,-2108,614,139.944
65.129397,1733,-2109,614,139.938
65.133878,1734,-2110,614,139.938
65.138252,1734,-2111,614,139.938
65.144010,1734,-2110,614,139.938
65.148397,1734,-2110,616,139.938
65.154068,1733,-2111,618,139.938
65.158546,1734,-2112,620,139.938
65.164396,1734,-2113,622,139.938
65.168677,1735,-2112,622,139.938
65.174382,1735,-2110,621,139.938
65.178847,1733,-2107,618,139.938
65.183223,1733,-2106,615,139.938
65.189018,1733,-2106,614,139.938
65.193382,1734,-2107,613,139.938
65.199031,1735,-2109,615,139.938
65.203456,1735,-2109,617,139.938
65.209197,1734,-2108,618,139.938
65.213617,1734,-2107,618,139.938
65.218113,1735,-2104,618,139.938
65.223805,1736,-2104,617,139.938
65.228172,1736,-2102,617,139.938
65.233906,1734,-2101,619,139.933
65.238373,1733,-2101,621,139.933
65.244046,1731,-2099,625,139.933
65.248460,1728,-2099,628,139.933
65.254173,1726,-2098,632,139.933
65.258587,1725,-2098,635,139.927
65.263204,1724,-2099,638,139.927
65.268753,1725,-2101,641,139.927
65.273147,1725,-2103,641,139.927
65.278899,1727,-2103,639,139.927
65.283307,1729,-2104,638,139.927
65.289021,1729,-2105,635,139.927
65.293602,1728,-2105,631,139.927
65.297852,1726,-2105,629,139.927
65.303590,1724,-2105,627,139.927
65.308223,1724,-2105,623,139.927
65.313645,1725,-2104,620,139.922
65.318150,1728,-2106,615,139.922
65.323854,1730,-2106,609,139.922
65.328317,1733,-2108,603,139.922
65.333984,1736,-2109,597,139.922
65.338365,1737,-2109,593,139.922
65.342746,1737,-2110,593,139.922
65.348574,1737,-2110,595,139.922
65.352995,1737,-2109,599,139.916
65.358637,1736,-2110,605,139.916
65.363079,1736,-2112,611,139.916
65.368833,1737,-2113,620,139.916
65.373381,1736,-2115,627,139.916
65.377625,1736,-2114,634,139.916
65.383331,1735,-2114,639,139.922
65.387774,1735,-2112,639,139.922
65.393501,1735,-2112,640,139.922
65.397977,1735,-2112,640,139.922
65.403588,1737,-2113,637,139.922
65.408071,1738,-2113,633,139.922
65.413829,1738,-2114,631,139.922
65.418222,1738,-2114,628,139.916
65.422539,1736,-2114,628,139.916
65.428302,1734,-2116,628,139.916
65.432724,1732,-2116,629,139.916
65.438483,1731,-2117,630,139.916
65.442856,1729,-2116,630,139.916
65.448652,1729,-2114,629,139.922
65.453045,1730,-2113,628,139.922
65.457495,1731,-2113,626,139.922
65.463173,1733,-2113,626,139.922
65.467578,1732,-2114,629,139.922
65.473277,1733,-2114,631,139.922
65.477730,1733,-2112,634,139.922
65.483177,1733,-2112,636,139.922
65.487840,1732,-2112,637,139.922
65.493569,1731,-2111,638,139.922
65.497975,1731,-2112,636,139.922
65.502381,1731,-2111,636,139.922
65.508138,1731,-2112,636,139.922
65.512546,1732,-2111,634,139.916
65.518259,1732,-2111,635,139.916
65.522820,1732,-2113,636,139.916
65.528450,1731,-2115,637,139.916
65.532876,1730,-2118,640,139.916
65.537299,1728,-2120,640,139.916
65.542943,1726,-2120,642,139.911
65.547376,1724,-2119,645,139.911
65.553071,1724,-2118,645,139.911
65.557478,1724,-2115,642,139.911
65.563161,1726,-2111,642,139.911
65.567646,1728,-2108,641,139.911
65.573378,1731,-2107,643,139.911
65.577756,1733,-2108,647,139.911
65.582134,1735,-2108,652,139.905
65.588085,1736,-2109,654,139.905
65.592378,1735,-2108,655,139.905
65.598135,1736,-2108,655,139.905
65.602510,1736,-2106,654,139.905
65.608245,1736,-2106,654,139.905
65.612671,1736,-2107,651,139.905
65.617042,1736,-2108,650,139.900
65.622780,1736,-2109,647,139.900
65.627161,1735,-2109,643,139.900
65.632876,1734,-2108,640,139.900
65.637305,1733,-2107,635,139.900
65.643025,1732,-2108,632,139.900
65.647412,1732,-2109,631,139.900
65.653143,1732,-2111,629,139.900
65.657610,1733,-2112,629,139.900
65.661948,1734,-2114,629,139.900
65.667721,1735,-2116,629,139.900
65.672146,1736,-2117,631,139.900
65.677848,1736,-2118,633,139.900
65.682258,1736,-2119,635,139.900
65.688021,1735,-2120,635,139.900
65.692425,1736,-2122,635,139.900
65.696828,1734,-2123,633,139.900
65.702483,1732,-2125,628,139.900
65.706996,1730,-2125,623,139.900
65.712697,1727,-2124,619,139.900
65.717267,1726,-2123,618,139.900
65.722759,1726,-2121,619,139.905
65.727264,1727,-2120,622,139.905
65.732967,1728,-2119,625,139.911
65.737371,1729,-2120,627,139.911
65.741828,1731,-2121,628,139.911
65.747513,1733,-2120,629,139.916
65.751914,1735,-2119,628,139.916
65.757678,1735,-2116,628,139.916
65.762073,1734,-2113,628,139.916
65.767782,1731,-2109,628,139.916
65.772172,1728,-2107,627,139.916
65.776390,1725,-2107,627,139.916
65.782309,1722,-2108,626,139.916
65.786502,1721,-2110,624,139.911
65.792456,1718,-2110,624,139.911
65.796915,1718,-2109,624,139.911
65.802558,1716,-2108,621,139.911
65.807024,1715,-2107,619,139.905
65.812753,1715,-2105,617,139.905
65.817186,1715,-2105,618,139.905
65.821567,1716,-2105,619,139.905
65.827394,1718,-2104,621,139.905
65.831753,1720,-2105,622,139.905
65.837382,1723,-2106,625,139.905
65.841793,1726,-2105,627,139.905
65.847512,1729,-2105,628,139.905
65.851950,1731,-2106,629,139.905
65.856426,1731,-2106,633,139.905
65.862143,1733,-2106,634,139.900
65.866520,1734,-2104,634,139.900
65.872199,1734,-2102,632,139.900
65.876678,1733,-2101,631,139.900
65.882423,1732,-2098,626,139.894
65.886759,1731,-2098,625,139.894
65.892561,1729,-2098,624,139.894
65.897075,1729,-2099,623,139.894
65.901394,1730,-2101,624,139.894
65.907093,1731,-2102,621,139.894
65.911497,1733,-2105,617,139.894
65.917215,1735,-2106,613,139.889
65.921698,1735,-2107,610,139.889
65.927281,1731,-2108,608,139.889
65.931779,1729,-2110,609,139.889
65.936217,1728,-2110,611,139.889
65.941966,1727,-2113,614,139.889
65.946349,1727,-2115,616,139.889
65.952067,1727,-2116,616,139.894
65.956409,1725,-2117,614,139.894
65.962136,1726,-2118,610,139.894
65.966583,1726,-2118,608,139.894
65.972330,1727,-2115,608,139.894
65.976897,1729,-2113,610,139.894
65.981213,1729,-2112,614,139.894
65.986883,1729,-2110,616,139.894
65.991343,1729,-2112,618,139.894
65.997017,1729,-2112,621,139.894
66.001250,1728,-2114,620,139.900
66.006855,1728,-2113,620,139.900
66.011209,1729,-2112,618,139.900
66.015688,1729,-2113,620,139.900
66.021438,1730,-2113,623,139.900
66.025761,1731,-2113,626,139.900
66.031490,1731,-2112,629,139.900
66.035913,1732,-2112,632,139.900
66.041676,1733,-2113,634,139.900
66.046113,1733,-2114,636,139.894
66.052084,1733,-2114,638,139.894
66.056497,1732,-2112,638,139.894
66.060906,1731,-2109,640,139.894
66.066588,1731,-2108,640,139.894
66.071070,1732,-2106,642,139.894
66.076748,1731,-2105,644,139.900
66.081192,1729,-2105,646,139.900
66.086899,1727,-2104,648,139.900
66.091304,1724,-2105,652,139.900
66.095730,1723,-2106,653,139.900
66.101471,1723,-2108,652,139.900
66.105899,1722,-2110,652,139.900
66.111400,1722,-2110,651,139.900
66.116090,1721,-2108,651,139.900
66.121697,1719,-2106,652,139.900
66.126175,1720,-2102,653,139.900
66.131858,1721,-2101,650,139.900
66.136299,1722,-2099,647,139.900
66.140754,1723,-2098,645,139.900
66.146378,1725,-2097,639,139.894
66.150851,1725,-2098,632,139.894
66.156559,1724,-2099,628,139.894
66.161066,1722,-2102,625,139.894
66.166825,1720,-2104,628,139.894
66.171160,1718,-2103,631,139.894
66.175492,1719,-2103,630,139.894
66.181383,1720,-2103,631,139.894
66.185658,1723,-2103,633,139.894
66.191521,1727,-2102,635,139.894
66.195854,1728,-2101,637,139.894
66.201502,1731,-2099,635,139.894
66.205984,1733,-2097,634,139.894
66.211550,1736,-2096,632,139.894
66.216070,1738,-2097,629,139.894
66.220453,1738,-2098,630,139.889
66.226175,1739,-2098,630,139.889
66.230590,1738,-2097,628,139.889
66.236132,1738,-2097,629,139.889
66.240708,1737,-2096,629,139.883
66.246502,1735,-2097,629,139.883
66.250853,1735,-2098,632,139.883
66.255447,1735,-2099,635,139.883
66.261092,1735,-2100,635,139.883
66.265476,1735,-2102,633,139.878
66.271188,1735,-2103,629,139.878
66.275604,1734,-2107,626,139.878
66.281345,1736,-2111,625,139.878
66.285716,1737,-2113,622,139.878
66.291429,1739,-2114,620,139.878
66.295833,1738,-2115,620,139.878
66.300218,1739,-2114,620,139.872
66.305999,1739,-2112,620,139.872
66.310445,1739,-2112,622,139.872
66.316087,1739,-2111,620,139.872
66.320605,1739,-2110,620,139.872
66.326316,1739,-2111,620,139.872
66.330772,1739,-2111,621,139.867
66.335084,1738,-2111,624,139.867
66.340790,1739,-2110,627,139.867
66.345228,1739,-2108,628,139.867
66.350894,1739,-2106,630,139.867
66.355367,1740,-2103,632,139.867
66.361081,1740,-2102,636,139.867
66.365482,1737,-2100,639,139.861
66.371224,1734,-2098,642,139.861
66.375650,1732,-2096,645,139.861
66.380072,1730,-2095,644,139.856
66.385750,1729,-2096,644,139.856
66.390209,1728,-2097,644,139.856
66.395973,1727,-2099,643,139.856
66.400330,1726,-2100,643,139.856
66.406038,1723,-2102,645,139.856
66.410466,1723,-2103,645,139.856
66.414835,1721,-2102,645,139.856
66.420627,1719,-2101,642,139.861
66.425015,1718,-2101,641,139.861
66.430658,1717,-2100,640,139.861
66.435173,1716,-2100,640,139.867
66.440849,1717,-2100,642,139.867
66.445321,1716,-2099,640,139.867
66.450988,1716,-2100,636,139.867
66.455438,1716,-2101,635,139.867
66.459913,1715,-2103,632,139.867
66.465554,1715,-2105,630,139.867
66.470037,1713,-2106,629,139.867
66.475670,1712,-2107,629,139.867
66.480250,1712,-2107,627,139.861
66.485787,1711,-2106,625,139.861
66.490394,1711,-2106,622,139.861
66.494645,1712,-2106,621,139.861
66.500398,1714,-2107,620,139.861
66.504786,1716,-2105,620,139.861
66.510561,1717,-2105,622,139.861
66.515015,1718,-2105,621,139.861
66.520665,1719,-2106,622,139.867
66.525239,1720,-2108,623,139.867
66.530928,1722,-2110,623,139.867
66.535259,1724,-2110,625,139.867
66.539676,1725,-2112,627,139.867
66.545395,1725,-2112,630,139.872
66.549781,1724,-2112,636,139.872
66.555437,1726,-2111,641,139.872
66.559937,1728,-2108,645,139.872
66.565598,1731,-2106,645,139.872
66.569977,1732,-2104,643,139.872
66.574576,1732,-2105,639,139.872
66.580308,1731,-2106,639,139.872
66.584627,1731,-2108,639,139.867
66.590250,1731,-2109,641,139.867
66.594734,1731,-2110,646,139.867
66.600426,1729,-2112,648,139.867
66.604831,1726,-2112,652,139.867
66.610532,1724,-2114,655,139.867
66.615010,1722,-2115,659,139.867
66.619516,1722,-2117,661,139.867
66.625095,1723,-2118,659,139.867
66.629573,1726,-2117,658,139.867
66.635258,1726,-2116,656,139.867
66.639669,1725,-2114,653,139.867
66.645427,1725,-2113,650,139.867
66.649976,1725,-2112,646,139.867
66.654248,1724,-2112,642,139.861
66.660020,1723,-2114,638,139.861
66.664415,1723,-2116,634,139.861
66.670033,1723,-2117,631,139.861
66.674329,1722,-2117,629,139.867
66.680161,1721,-2116,628,139.867
66.684655,1720,-2115,628,139.867
66.690348,1718,-2115,628,139.867
66.694859,1718,-2113,631,139.867
66.699202,1718,-2111,637,139.867
66.704865,1719,-2110,639,139.872
66.709364,1721,-2110,642,139.872
66.715049,1724,-2110,641,139.872
66.719441,1725,-2112,641,139.872
66.725156,1727,-2114,642,139.872
66.729590,1729,-2115,642,139.872
66.733953,1730,-2115,642,139.872
66.739714,1731,-2117,641,139.872
66.744172,1733,-2118,639,139.872
66.749850,1733,-2116,638,139.872
66.754329,1733,-2115,639,139.867
66.760030,1732,-2112,639,139.867
66.764359,1731,-2110,639,139.867
66.770144,1727,-2108,638,139.867
66.774541,1727,-2109,640,139.867
66.779049,1728,-2107,641,139.867
66.784665,1727,-2108,641,139.867
66.789148,1727,-2108,643,139.867
66.794821,1725,-2107,645,139.867
66.799259,1724,-2107,647,139.867
66.805004,1723,-2107,649,139.867
66.809386,1721,-2106,649,139.867
66.813795,1721,-2106,646,139.867
66.819517,1721,-2107,641,139.872
66.824096,1721,-2108,642,139.872
66.829611,1721,-2110,643,139.872
66.834141,1721,-2112,643,139.867
66.839811,1720,-2113,643,139.867
66.844217,1720,-2115,641,139.867
66.849937,1717,-2114,638,139.867
66.854521,1716,-2112,637,139.867
66.858772,1716,-2110,638,139.867
66.864471,1716,-2106,639,139.867
66.868920,1720,-2106,642,139.867
66.874550,1723,-2106,644,139.867
66.879157,1726,-2106,644,139.867
66.884717,1729,-2107,645,139.867
66.889235,1731,-2107,646,139.867
66.893511,1731,-2106,647,139.867
66.899369,1729,-2107,647,139.867
66.903728,1728,-2107,647,139.867
66.909375,1728,-2106,646,139.867
66.913872,1729,-2105,646,139.867
66.919677,1730,-2105,643,139.867
66.924006,1730,-2103,640,139.861
66.929721,1728,-2100,638,139.861
66.934183,1726,-2097,637,139.861
66.938724,1726,-2094,636,139.861
66.944275,1727,-2095,636,139.861
66.948709,1727,-2096,635,139.856
66.954093,1726,-2098,634,139.856
66.958573,1725,-2100,634,139.856
66.964558,1723,-2104,634,139.856
66.968939,1721,-2105,633,139.856
66.973421,1721,-2105,631,139.856
66.979161,1719,-2105,630,139.856
66.983457,1719,-2105,626,139.856
66.989183,1720,-2105,621,139.856
66.993646,1722,-2105,615,139.856
66.999438,1727,-2104,610,139.856
67.003815,1730,-2103,608,139.856
67.009199,1730,-2101,605,139.856
67.013661,1729,-2100,604,139.856
67.018211,1728,-2099,605,139.856
67.023979,1727,-2097,604,139.856
67.028443,1727,-2096,603,139.856
67.034176,1729,-2095,604,139.856
67.038603,1733,-2094,605,139.850
67.044293,1735,-2093,606,139.850
67.048747,1737,-2091,606,139.850
67.053095,1738,-2090,608,139.850
67.058850,1739,-2090,612,139.850
67.063302,1740,-2090,612,139.845
67.069003,1740,-2091,613,139.845
67.073414,1740,-2094,615,139.845
67.079144,1739,-2096,615,139.845
67.083439,1737,-2099,617,139.845
67.089279,1735,-2101,620,139.845
67.093739,1734,-2103,623,139.845
67.098293,1733,-2105,626,139.845
67.103794,1732,-2106,626,139.845
67.108318,1731,-2106,624,139.845
67.113926,1728,-2105,622,139.845
67.118308,1726,-2104,618,139.839
67.124140,1725,-2103,617,139.839
67.128523,1725,-2101,618,139.839
67.132938,1726,-2101,620,139.839
67.138710,1725,-2102,622,139.839
67.143039,1724,-2102,622,139.839
67.148900,1725,-2103,623,139.839
67.153398,1726,-2103,620,139.839
67.158946,1727,-2101,617,139.839
67.163316,1726,-2101,615,139.839
67.169235,1725,-2102,614,139.839
67.173504,1724,-2100,613,139.839
67.177864,1723,-2098,612,139.839
67.183535,1723,-2097,608,139.839
67.188095,1724,-2096,605,139.839
67.193763,1726,-2097,604,139.839
67.197964,1727,-2099,604,139.839
67.204022,1729,-2101,608,139.839
67.208351,1731,-2103,614,139.839
67.212724,1733,-2105,619,139.839
67.218446,1736,-2107,621,139.834
67.222933,1736,-2109,622,139.834
67.228546,1735,-2109,622,139.834
67.233048,1732,-2109,626,139.828
67.238533,1729,-2110,629,139.828
67.243164,1727,-2111,633,139.828
67.248892,1725,-2111,635,139.828
67.253297,1723,-2112,634,139.828
67.257679,1722,-2112,633,139.828
67.263396,1721,-2114,630,139.828
67.268016,1720,-2114,624,139.828
67.273579,1721,-2115,619,139.834
67.278112,1721,-2117,614,139.834
67.283691,1722,-2118,612,139.834
67.288121,1724,-2118,609,139.834
67.292496,1726,-2118,613,139.834
67.298313,1728,-2116,614,139.839
67.302668,1729,-2112,611,139.839
67.308312,1729,-2110,609,139.839
67.312855,1728,-2107,608,139.839
67.318502,1729,-2106,607,139.839
67.322896,1726,-2106,610,139.839
67.328589,1725,-2105,613,139.839
67.333081,1724,-2106,615,139.839
67.337485,1724,-2106,615,139.839
67.343187,1726,-2107,613,139.839
67.347586,1728,-2109,609,139.839
67.353331,1730,-2111,606,139.839
67.357762,1731,-2110,602,139.839
67.363620,1734,-2108,602,139.839
67.367879,1734,-2106,605,139.839
67.372481,1734,-2104,610,139.839
67.378126,1732,-2104,616,139.834
67.382414,1729,-2104,619,139.834
67.388133,1727,-2105,623,139.834
67.392574,1724,-2106,624,139.834
67.398326,1721,-2108,626,139.834
67.402705,1718,-2111,628,139.834
67.408384,1715,-2113,625,139.834
67.412855,1714,-2115,624,139.834
67.417225,1715,-2115,621,139.834
67.422997,1715,-2115,620,139.834
67.427436,1717,-2114,618,139.834
67.433114,1718,-2114,614,139.839
67.437595,1717,-2113,614,139.839
67.443272,1717,-2112,611,139.839
67.447646,1714,-2111,612,139.845
67.452059,1715,-2108,613,139.845
67.457826,1717,-2108,613,139.845
67.462248,1721,-2107,613,139.845
67.468012,1723,-2107,614,139.845
67.472419,1727,-2109,616,139.845
67.478034,1729,-2111,620,139.845
67.482503,1731,-2113,623,139.845
67.488203,1732,-2114,623,139.845
67.492637,1733,-2113,622,139.845
67.497118,1733,-2112,621,139.845
67.502738,1734,-2111,618,139.845
67.507252,1734,-2111,614,139.845
67.512871,1735,-2111,613,139.845
67.517327,1735,-2111,611,139.845
67.523038,1735,-2112,609,139.845
67.527455,1733,-2113,609,139.845
67.532024,1731,-2112,607,139.850
67.537782,1731,-2112,606,139.850
67.542093,1733,-2112,605,139.850
67.547728,1735,-2112,605,139.856
67.552172,1737,-2113,607,139.856
67.557858,1737,-2116,608,139.856
67.562266,1735,-2117,612,139.856
67.568163,1733,-2118,617,139.856
67.572613,1730,-2119,624,139.861
67.576829,1729,-2121,633,139.861
67.582548,1727,-2121,641,139.861
67.587069,1726,-2121,645,139.867
67.592720,1727,-2121,646,139.867
67.597118,1726,-2120,642,139.867
67.602873,1725,-2120,639,139.872
67.607318,1723,-2118,637,139.872
67.611910,1721,-2117,637,139.878
67.617448,1720,-2115,635,139.878
67.621790,1722,-2114,629,139.883
67.627501,1725,-2114,627,139.883
67.631986,1729,-2114,624,139.889
67.637705,1733,-2114,623,139.889
67.642092,1735,-2115,622,139.894
67.647799,1736,-2116,621,139.894
67.652219,1736,-2115,617,139.900
67.656699,1735,-2113,616,139.900
67.662346,1733,-2110,614,139.900
67.666831,1732,-2108,613,139.900
67.672618,1731,-2106,615,139.905
67.676961,1730,-2105,616,139.905
67.682619,1729,-2105,616,139.905
67.687006,1730,-2106,619,139.905
67.691627,1730,-2107,621,139.905
67.697195,1730,-2107,623,139.905
67.701590,1731,-2107,625,139.905
67.707369,1730,-2106,626,139.911
67.711750,1729,-2106,626,139.911
67.717431,1729,-2106,626,139.911
67.721870,1729,-2106,625,139.916
67.727576,1728,-2105,625,139.916
67.732049,1728,-2103,623,139.916
67.736415,1727,-2102,622,139.916
67.742064,1728,-2101,622,139.916
67.746625,1727,-2100,619,139.911
67.752274,1726,-2101,619,139.911
67.756662,1726,-2101,618,139.911
67.762527,1728,-2102,618,139.905
67.766844,1730,-2102,620,139.905
67.771257,1731,-2103,624,139.900
67.777019,1731,-2104,628,139.900
67.781560,1729,-2104,631,139.900
67.787152,1724,-2106,634,139.894
67.791535,1719,-2106,634,139.894
67.797266,1715,-2107,635,139.894
67.801693,1711,-2109,638,139.894
67.807379,1710,-2110,639,139.889
67.811845,1712,-2111,634,139.889
67.816175,1714,-2110,631,139.883
67.821927,1715,-2110,626,139.883
67.826358,1715,-2108,623,139.878
67.832045,1715,-2106,621,139.878
67.836474,1715,-2106,621,139.872
67.842238,1716,-2105,622,139.867
67.846618,1720,-2107,624,139.867
67.851100,1723,-2106,626,139.861
67.856789,1726,-2105,628,139.861
67.861217,1729,-2103,630,139.856
67.866855,1730,-2102,630,139.850
67.871291,1730,-2102,630,139.850
67.877046,1729,-2104,626,139.845
67.881458,1727,-2105,622,139.839
67.886982,1727,-2106,620,139.839
67.891579,1725,-2106,617,139.839
67.896094,1723,-2105,616,139.834
67.901704,1722,-2107,615,139.834
67.906136,1720,-2109,617,139.834
67.911834,1719,-2112,617,139.834
67.916255,1719,-2115,617,139.834
67.921970,1718,-2116,618,139.834
67.926229,1718,-2115,616,139.834
67.930821,1718,-2115,614,139.839
67.936574,1718,-2112,613,139.839
67.940979,1720,-2111,610,139.839
67.946676,1721,-2111,604,139.845
67.951126,1720,-2112,600,139.845
67.956806,1721,-2113,596,139.845
67.960920,1723,-2116,597,139.850
67.966973,1724,-2117,598,139.850
67.971412,1725,-2117,599,139.856
67.975749,1726,-2117,601,139.856
67.981489,1726,-2117,601,139.861
67.985926,1726,-2116,603,139.861
67.991625,1724,-2115,606,139.861
67.996092,1724,-2114,610,139.861
68.001769,1725,-2113,615,139.867
68.005899,1726,-2113,618,139.867
68.010527,1727,-2112,619,139.867
68.016359,1729,-2112,619,139.867
68.020454,1730,-2112,618,139.861
68.026451,1729,-2113,617,139.861
68.030864,1729,-2114,620,139.861
68.036372,1729,-2115,621,139.856
68.040992,1730,-2116,623,139.856
68.046739,1733,-2115,623,139.856
68.051238,1734,-2112,622,139.856
68.055417,1734,-2108,621,139.850
68.061295,1735,-2106,623,139.850
68.065701,1734,-2104,625,139.850
68.071340,1731,-2103,625,139.850
68.075906,1729,-2103,626,139.850
68.081664,1726,-2103,627,139.850
68.086036,1724,-2104,629,139.845
68.090420,1722,-2105,632,139.845
68.096079,1721,-2106,634,139.845
68.100565,1721,-2108,635,139.839
68.106218,1721,-2109,638,139.839
68.110657,1722,-2108,638,139.834
68.116373,1724,-2107,638,139.828
68.120841,1726,-2106,637,139.828
68.126521,1729,-2105,633,139.823
68.130964,1732,-2107,630,139.812
68.135305,1735,-2108,627,139.807
68.141127,1737,-2110,625,139.801
68.145505,1738,-2110,624,139.796
68.151177,1739,-2109,623,139.785
68.155461,1738,-2110,623,139.779
68.161318,1736,-2110,622,139.774
68.165799,1736,-2111,622,139.768
68.170177,1734,-2113,620,139.768
68.175678,1732,-2113,618,139.763
68.180288,1731,-2114,617,139.757
68.185960,1729,-2115,620,139.757
68.190452,1728,-2114,624,139.757
68.196160,1727,-2115,623,139.757
68.200535,1727,-2115,622,139.757
68.206340,1727,-2115,622,139.763
68.210710,1727,-2116,619,139.763
68.215125,1728,-2116,618,139.768
68.220896,1729,-2116,618,139.779
68.225277,1729,-2116,618,139.785
68.230843,1728,-2116,616,139.790
68.235390,1727,-2116,618,139.801
68.241164,1727,-2116,621,139.807
68.245544,1725,-2117,628,139.818
68.249999,1723,-2117,634,139.823
68.255743,1723,-2117,640,139.834
68.260231,1723,-2117,643,139.839
68.265847,1724,-2117,642,139.850
68.270243,1726,-2118,639,139.856
68.275932,1730,-2119,639,139.861
68.280530,1732,-2121,641,139.872
68.286032,1732,-2122,640,139.878
68.290521,1732,-2123,640,139.889
68.294988,1729,-2123,636,139.894
68.300631,1728,-2121,630,139.900
68.305225,1728,-2120,624,139.905
68.310800,1728,-2119,619,139.911
68.315358,1728,-2119,618,139.916
68.321054,1727,-2117,617,139.922
68.325342,1726,-2116,617,139.927
68.329701,1725,-2114,619,139.933
68.335471,1726,-2112,620,139.938
68.339869,1728,-2111,621,139.944
68.345572,1730,-2110,619,139.949
68.350045,1731,-2109,616,139.955
68.355716,1734,-2108,613,139.960
68.360190,1736,-2108,613,139.960
68.366019,1738,-2108,612,139.966
68.370260,1739,-2108,616,139.966
68.374748,1737,-2108,613,139.966
68.380410,1736,-2108,609,139.966
68.384821,1735,-2108,609,139.966
68.390569,1736,-2108,609,139.966
68.395016,1737,-2109,608,139.966
68.400689,1738,-2109,613,139.960
68.405123,1736,-2109,614,139.960
68.409537,1735,-2108,614,139.955
68.415240,1733,-2106,615,139.949
68.419687,1732,-2106,614,139.944
68.425369,1731,-2106,616,139.938
68.429980,1733,-2106,616,139.933
68.435668,1734,-2106,619,139.927
68.440003,1736,-2104,621,139.922
68.445654,1736,-2103,623,139.911
68.450088,1737,-2101,625,139.905
68.454526,1736,-2099,628,139.900
68.460274,1736,-2099,635,139.889
68.464523,1736,-2098,639,139.883
68.470472,1734,-2097,641,139.872
68.474819,1733,-2098,643,139.867
68.480476,1730,-2099,642,139.861
68.484978,1728,-2101,641,139.856
68.489305,1726,-2103,642,139.850
68.495045,1724,-2104,641,139.850
68.499508,1723,-2104,641,139.845
68.505288,1723,-2105,641,139.845
68.509644,1722,-2103,638,139.845
68.515280,1723,-2101,637,139.845
68.519722,1723,-2102,635,139.845
68.525498,1722,-2102,634,139.845
68.529870,1724,-2103,634,139.845
68.534277,1726,-2105,632,139.850
68.539989,1726,-2105,631,139.850
68.544476,1727,-2104,631,139.850
68.550143,1725,-2103,628,139.856
68.554547,1724,-2104,628,139.861
68.560280,1725,-2106,628,139.861
68.564699,1725,-2107,625,139.867
68.569147,1727,-2110,627,139.872
68.574844,1728,-2112,628,139.878
68.579215,1729,-2113,629,139.878
68.584959,1728,-2114,632,139.883
68.589400,1729,-2115,635,139.889
68.595090,1730,-2117,635,139.894
68.599682,1731,-2119,638,139.894
68.605288,1735,-2122,639,139.900
68.609664,1737,-2123,642,139.905
68.614095,1737,-2123,644,139.905
68.619960,1737,-2122,643,139.905
68.624228,1736,-2119,640,139.905
68.629952,1736,-2117,635,139.905
68.634305,1736,-2114,630,139.905
68.640053,1734,-2111,625,139.905
68.644547,1734,-2109,622,139.900
68.648829,1731,-2107,618,139.900
68.654617,1731,-2106,615,139.894
68.659131,1733,-2105,614,139.894
68.664730,1733,-2106,613,139.889
68.669290,1733,-2107,612,139.883
68.674879,1733,-2107,615,139.883
68.679445,1734,-2108,618,139.878
68.685074,1736,-2110,621,139.872
68.689448,1736,-2111,625,139.872
68.693855,1737,-2114,626,139.867
68.699563,1738,-2115,629,139.867
68.704095,1737,-2116,632,139.861
68.709708,1736,-2115,634,139.861
68.714117,1735,-2114,634,139.861
68.719961,1733,-2113,637,139.856
68.724247,1732,-2110,638,139.856
68.728714,1732,-2109,638,139.856
68.734256,1733,-2107,638,139.850
68.738835,1733,-2107,637,139.850
68.744578,1733,-2109,635,139.850
68.749042,1733,-2112,633,139.850
68.754652,1732,-2115,632,139.850
68.759249,1731,-2117,624,139.850
68.764865,1731,-2120,620,139.850
68.769187,1732,-2121,615,139.850
68.773644,1733,-2119,608,139.845
68.779366,1733,-2118,608,139.845
68.783624,1731,-2116,609,139.845
68.789648,1728,-2113,611,139.845
68.793926,1726,-2112,613,139.845
68.799609,1725,-2111,615,139.845
68.804146,1724,-2109,618,139.845
68.808512,1726,-2107,620,139.839
68.814362,1727,-2107,622,139.839
68.818653,1727,-2106,621,139.839
68.824363,1726,-2107,617,139.839
68.828804,1726,-2108,612,139.845
68.834478,1727,-2110,607,139.845
68.838941,1729,-2112,607,139.845
68.844578,1729,-2113,611,139.845
68.849206,1729,-2114,617,139.850
68.853447,1727,-2114,620,139.850
68.859171,1726,-2114,623,139.850
68.863562,1726,-2113,625,139.856
68.869202,1727,-2113,624,139.856
68.873729,1730,-2111,622,139.856
68.879586,1731,-2108,619,139.861
68.883840,1733,-2106,617,139.861
68.888396,1735,-2107,619,139.861
68.894029,1735,-2107,622,139.861
68.898400,1735,-2107,628,139.867
68.904115,1735,-2107,634,139.867
68.908558,1736,-2106,638,139.867
68.914256,1735,-2103,639,139.867
68.918717,1734,-2103,638,139.867
68.924400,1732,-2105,634,139.872
68.928856,1729,-2106,631,139.867
68.933226,1727,-2108,628,139.872
68.938915,1724,-2108,626,139.872
68.943385,1722,-2108,623,139.872
68.949170,1722,-2107,620,139.872
68.953439,1723,-2107,621,139.872
68.959237,1725,-2107,621,139.872
68.963626,1726,-2107,622,139.872
68.968196,1729,-2106,624,139.867
68.973815,1733,-2105,625,139.867
68.978168,1735,-2105,625,139.861
68.983944,1736,-2104,625,139.861
68.988494,1735,-2103,625,139.856
68.993982,1733,-2102,624,139.850
68.998460,1729,-2100,625,139.850
69.004178,1727,-2098,625,139.850
69.008296,1726,-2098,625,139.845
69.013079,1727,-2097,626,139.845
69.018784,1730,-2098,625,139.845
69.023095,1734,-2098,624,139.845
69.028817,1739,-2097,627,139.839
69.033418,1741,-2097,626,139.839
69.038972,1742,-2097,627,139.834
69.043370,1742,-2099,629,139.834
69.047851,1742,-2102,630,139.834
69.053433,1741,-2103,629,139.834
69.057936,1739,-2105,625,139.834
69.063660,1738,-2105,620,139.839
69.068088,1734,-2105,617,139.839
69.073764,1732,-2106,615,139.839
69.078417,1730,-2107,615,139.839
69.083966,1728,-2109,617,139.839
69.088527,1726,-2111,619,139.839
69.092603,1727,-2111,622,139.839
69.098501,1727,-2110,623,139.839
69.102708,1727,-2109,624,139.839
69.108683,1727,-2108,625,139.839
69.113085,1725,-2107,622,139.845
69.118785,1727,-2107,620,139.845
69.123136,1729,-2107,620,139.845
69.127595,1732,-2107,618,139.839
69.133346,1735,-2109,618,139.839
69.137745,1737,-2111,617,139.834
69.143459,1737,-2112,617,139.834
69.147864,1738,-2112,618,139.828
69.153627,1736,-2112,621,139.823
69.158095,1735,-2111,624,139.823
69.163872,1734,-2110,627,139.818
69.168184,1732,-2111,628,139.818
69.172566,1731,-2109,630,139.823
69.178251,1731,-2108,632,139.823
69.182727,1729,-2106,631,139.828
69.188443,1728,-2104,633,139.834
69.192814,1727,-2104,633,139.839
69.198577,1725,-2102,635,139.845
69.203027,1723,-2102,640,139.850
69.207441,1723,-2103,645,139.856
69.213182,1723,-2104,652,139.861
69.217398,1726,-2106,659,139.867
69.223250,1730,-2107,661,139.872
69.227707,1732,-2108,662,139.878
69.233144,1734,-2109,662,139.878
69.237799,1735,-2111,662,139.878
69.243537,1735,-2113,658,139.878
69.247962,1735,-2115,656,139.878
69.252344,1734,-2115,652,139.872
69.258074,1732,-2112,648,139.872
69.262498,1729,-2109,649,139.867
69.268218,1726,-2107,648,139.861
69.272693,1724,-2106,647,139.856
69.278393,1722,-2105,650,139.850
69.282775,1721,-2105,652,139.845
69.287193,1722,-2103,652,139.839
69.292972,1721,-2101,651,139.839
69.297368,1721,-2098,649,139.834
69.303010,1722,-2097,646,139.834
69.307515,1723,-2096,645,139.828
69.313196,1724,-2095,643,139.828
69.317738,1724,-2096,642,139.828
69.323326,1722,-2097,640,139.828
69.327752,1720,-2098,637,139.823
69.332062,1718,-2098,636,139.823
69.337836,1716,-2098,635,139.823
69.342166,1714,-2097,632,139.823
69.348003,1714,-2097,631,139.828
69.352437,1712,-2099,631,139.828
69.358188,1710,-2098,630,139.828
69.362652,1710,-2099,632,139.828
69.366943,1710,-2099,634,139.828
69.372693,1711,-2101,635,139.828
69.377128,1712,-2103,632,139.828
69.382789,1712,-2105,630,139.834
69.387287,1712,-2104,625,139.828
69.392931,1713,-2104,620,139.828
69.397446,1716,-2105,616,139.828
69.403149,1721,-2106,614,139.828
69.407512,1726,-2107,616,139.823
69.411923,1729,-2108,618,139.823
69.417654,1732,-2109,622,139.818
69.422072,1733,-2111,627,139.818
69.427690,1733,-2113,627,139.818
69.432247,1733,-2114,625,139.818
69.438021,1732,-2114,623,139.818
69.442395,1732,-2113,623,139.818
69.446795,1733,-2112,626,139.823
69.452655,1734,-2110,627,139.823
69.456897,1735,-2109,629,139.828
69.462602,1735,-2108,630,139.828
69.467041,1733,-2107,629,139.834
69.472746,1732,-2106,628,139.839
69.477175,1731,-2104,629,139.839
69.482900,1732,-2103,629,139.839
69.487329,1732,-2100,630,139.845
69.491827,1731,-2098,632,139.845
69.497491,1728,-2097,636,139.839
69.501884,1724,-2098,634,139.839
69.507576,1722,-2099,635,139.839
69.512172,1720,-2100,633,139.834
69.517661,1718,-2102,631,139.834
69.522133,1716,-2102,631,139.834
69.526591,1714,-2104,632,139.828
69.532361,1714,-2105,631,139.828
69.536764,1713,-2106,633,139.828
69.542535,1711,-2108,633,139.834
69.546866,1712,-2110,633,139.834
69.552525,1714,-2111,634,139.834
69.557006,1716,-2111,634,139.834
69.562667,1720,-2111,637,139.839
69.567180,1723,-2111,640,139.839
69.571495,1724,-2110,644,139.839
69.577246,1724,-2107,646,139.839
69.581700,1724,-2106,645,139.845
69.587479,1723,-2103,643,139.845
69.591759,1723,-2102,641,139.845
69.597501,1723,-2100,639,139.845
69.601969,1722,-2097,635,139.845
69.606294,1723,-2095,631,139.845
69.612195,1723,-2095,629,139.845
69.616479,1725,-2097,627,139.845
69.622310,1727,-2099,628,139.845
69.626626,1729,-2102,628,139.839
69.632322,1729,-2104,628,139.839
69.636727,1729,-2105,628,139.839
69.642460,1727,-2106,629,139.834
69.646866,1723,-2106,632,139.834
69.651269,1720,-2104,632,139.834
69.657081,1717,-2103,634,139.834
69.661416,1714,-2104,635,139.834
69.667143,1713,-2104,634,139.834
69.671577,1713,-2105,634,139.828
69.677431,1713,-2106,633,139.828
69.681721,1713,-2105,632,139.828
69.686341,1713,-2104,631,139.828
69.691853,1714,-2105,632,139.828
69.696276,1714,-2107,632,139.828
69.701966,1715,-2109,633,139.834
69.706353,1718,-2110,634,139.834
69.712111,1719,-2112,635,139.834
69.716553,1721,-2114,637,139.834
69.722286,1722,-2115,637,139.834
69.726702,1720,-2115,636,139.834
69.731242,1718,-2113,633,139.834
69.736849,1718,-2110,633,139.839
69.741291,1719,-2109,629,139.839
69.747021,1722,-2108,623,139.839
69.751392,1724,-2108,619,139.839
69.757095,1725,-2108,613,139.839
69.761486,1727,-2109,611,139.839
69.765952,1728,-2109,615,139.839
69.771702,1729,-2109,618,139.839
69.776116,1729,-2108,622,139.839
69.781748,1729,-2107,623,139.834
69.786219,1729,-2107,625,139.834
69.791958,1730,-2107,626,139.834
69.796330,1731,-2107,627,139.828
69.802008,1734,-2107,627,139.828
69.806466,1735,-2108,627,139.823
69.810913,1736,-2109,626,139.823
69.816616,1736,-2110,624,139.818
69.821060,1734,-2111,621,139.818
69.826851,1732,-2111,618,139.818
69.831305,1729,-2110,616,139.812
69.836997,1727,-2109,614,139.812
69.841286,1725,-2109,614,139.812
69.845708,1724,-2109,617,139.812
69.851392,1723,-2109,621,139.818
69.855801,1723,-2109,626,139.818
69.861570,1723,-2110,628,139.823
69.866024,1723,-2111,629,139.823
69.871717,1724,-2112,630,139.828
69.876275,1723,-2114,629,139.828
69.881876,1722,-2114,625,139.834
69.886344,1720,-2115,622,139.834
69.890814,1718,-2116,618,139.839
69.896366,1716,-2116,616,139.839
69.900803,1714,-2115,618,139.839
69.906493,1713,-2116,618,139.839
69.910800,1715,-2117,618,139.839
69.916661,1717,-2117,621,139.839
69.921123,1720,-2116,623,139.834
69.925488,1723,-2115,625,139.828
69.931253,1724,-2115,626,139.818
69.935602,1727,-2115,625,139.812
69.941373,1727,-2115,620,139.807
69.945788,1727,-2114,616,139.801
69.951593,1728,-2113,615,139.801
69.955860,1726,-2112,619,139.796
69.961424,1724,-2112,628,139.796
69.966014,1722,-2111,635,139.796
69.970442,1721,-2112,641,139.801
69.976220,1720,-2112,645,139.801
69.980746,1719,-2113,646,139.807
69.986235,1721,-2114,646,139.812
69.990725,1721,-2114,645,139.823
69.996473,1722,-2113,646,139.828
70.000772,1723,-2113,648,139.839
70.004961,1724,-2113,645,139.845
70.010871,1726,-2113,641,139.856
70.015437,1728,-2112,637,139.861
70.020815,1729,-2110,633,139.861
70.025568,1729,-2109,633,139.867
70.031217,1725,-2108,636,139.867
70.035500,1723,-2109,640,139.867
70.041363,1723,-2109,642,139.861
70.045833,1724,-2110,643,139.861
70.050251,1726,-2111,644,139.856
70.055960,1728,-2110,644,139.856
70.060369,1730,-2111,647,139.850
70.066214,1730,-2110,650,139.845
70.070499,1732,-2109,651,139.839
70.076208,1733,-2108,654,139.839
70.080693,1734,-2106,655,139.834
70.085131,1737,-2105,654,139.834
70.090788,1737,-2104,653,139.834
70.095216,1737,-2104,649,139.828
70.100960,1737,-2105,645,139.828
70.105328,1737,-2103,643,139.828
70.111016,1737,-2102,643,139.828
70.115499,1738,-2101,644,139.823
70.121168,1736,-2099,644,139.823
70.125680,1734,-2098,643,139.823
70.130006,1731,-2098,641,139.823
70.135694,1727,-2097,640,139.818
70.140350,1725,-2097,641,139.818
70.145880,1723,-2098,642,139.818
70.150232,1723,-2100,644,139.818
70.156019,1724,-2103,644,139.818
70.160406,1725,-2105,644,139.818
70.165030,1725,-2107,646,139.823
70.170645,1723,-2109,646,139.823
70.175059,1720,-2110,646,139.828
70.180760,1718,-2112,649,139.834
70.185149,1715,-2113,650,139.834
70.190882,1713,-2115,650,139.834
70.195328,1711,-2115,650,139.839
70.200814,1710,-2115,648,139.839
70.205445,1709,-2114,646,139.839
70.209721,1708,-2112,645,139.839
70.215554,1709,-2112,643,139.834
70.219980,1710,-2111,642,139.834
70.225708,1711,-2111,640,139.828
70.230095,1714,-2112,640,139.828
70.235834,1716,-2111,639,139.823
70.240245,1719,-2111,637,139.818
70.244823,1722,-2111,638,139.818
70.250371,1725,-2111,639,139.818
70.254848,1727,-2110,641,139.818
70.260486,1728,-2109,645,139.818
70.265079,1727,-2109,646,139.818
70.270664,1725,-2109,647,139.818
70.275208,1725,-2109,645,139.823
70.280749,1726,-2109,642,139.823
70.285201,1727,-2109,639,139.828
70.289608,1727,-2108,636,139.834
70.295379,1726,-2106,633,139.834
70.299747,1724,-2106,630,139.839
70.305593,1723,-2106,629,139.845
70.309921,1723,-2106,628,139.845
70.315578,1723,-2106,628,139.850
70.320213,1723,-2105,633,139.850
70.324269,1723,-2105,635,139.850
70.330141,1722,-2106,635,139.850
70.334579,1723,-2108,634,139.850
70.340288,1725,-2110,633,139.850
70.344735,1727,-2111,632,139.845
70.350423,1726,-2114,631,139.845
70.354931,1725,-2116,629,139.839
70.360575,1722,-2117,628,139.839
70.365184,1720,-2118,626,139.834
70.369396,1719,-2116,625,139.834
70.375118,1719,-2116,624,139.834
70.379397,1720,-2115,625,139.834
70.385172,1722,-2115,628,139.834
70.389557,1723,-2116,632,139.834
70.395377,1725,-2114,635,139.834
70.399870,1727,-2112,637,139.834
70.404273,1728,-2109,637,139.834
70.410146,1729,-2106,639,139.834
70.414371,1731,-2102,642,139.834
70.420031,1733,-2101,644,139.834
70.424526,1734,-2101,647,139.834
70.430200,1732,-2101,650,139.834
70.434636,1729,-2102,651,139.834
70.440398,1726,-2102,651,139.834
70.444778,1724,-2100,651,139.839
70.449176,1722,-2099,649,139.839
70.454762,1721,-2096,647,139.839
70.459397,1721,-2094,643,139.839
70.465015,1722,-2093,639,139.839
70.469416,1723,-2094,636,139.834
70.475129,1725,-2095,634,139.834
70.479655,1725,-2097,633,139.834
70.484022,1725,-2099,632,139.834
70.489726,1725,-2101,630,139.834
70.494190,1724,-2103,630,139.834
70.499858,1725,-2105,629,139.834
70.504266,1726,-2107,628,139.834
70.510041,1727,-2109,628,139.834
70.514471,1728,-2111,628,139.834
70.520225,1727,-2113,628,139.834
70.524607,1727,-2115,629,139.834
70.529085,1726,-2116,630,139.834
70.534675,1727,-2117,626,139.834
70.539333,1728,-2118,626,139.834
70.544823,1728,-2117,626,139.834
70.549264,1727,-2117,628,139.834
70.554705,1725,-2116,629,139.834
70.559332,1723,-2115,632,139.834
70.563807,1722,-2113,633,139.834
70.569523,1723,-2112,635,139.834
70.573926,1724,-2111,634,139.834
70.579700,1723,-2111,634,139.834
70.584017,1723,-2112,633,139.834
70.589855,1721,-2113,632,139.834
70.594296,1718,-2113,637,139.839
70.600023,1717,-2114,640,139.839
70.604532,1715,-2115,643,139.839
70.608751,1714,-2115,646,139.839
70.614603,1715,-2114,647,139.839
70.618909,1717,-2111,648,139.839
70.624659,1720,-2107,646,139.839
70.629006,1722,-2103,642,139.839
70.634777,1723,-2099,639,139.834
70.639217,1723,-2098,632,139.834
70.643753,1722,-2098,629,139.834
70.649363,1721,-2100,626,139.828
70.653875,1721,-2103,624,139.828
70.659425,1721,-2104,626,139.828
70.663953,1721,-2105,628,139.823
70.669624,1720,-2105,629,139.823
70.674060,1720,-2106,631,139.823
70.679868,1720,-2106,632,139.823
70.684217,1721,-2108,632,139.828
70.688624,1722,-2109,632,139.828
70.694245,1724,-2110,629,139.834
70.698692,1725,-2113,626,139.834
70.704394,1725,-2111,626,139.839
70.708976,1725,-2110,625,139.845
70.714542,1726,-2109,625,139.845
70.718985,1727,-2106,625,139.850
70.723415,1729,-2103,626,139.850
70.729157,1730,-2100,623,139.850
70.733508,1730,-2097,620,139.845
70.739225,1728,-2097,616,139.845
70.743674,1727,-2097,615,139.845
70.749425,1726,-2099,617,139.839
70.753842,1726,-2101,619,139.839
70.759495,1729,-2105,622,139.839
70.763952,1731,-2106,623,139.834
70.768369,1731,-2109,621,139.834
70.774077,1730,-2111,622,139.834
70.778564,1729,-2113,622,139.834
70.784344,1727,-2114,622,139.834
70.788799,1725,-2114,623,139.834
70.794394,1724,-2113,624,139.834
70.798772,1723,-2111,623,139.828
70.803149,1720,-2108,619,139.828
70.809087,1718,-2106,619,139.828
70.813204,1717,-2104,622,139.828
70.818958,1716,-2102,624,139.828
70.823487,1715,-2100,623,139.828
70.829292,1715,-2098,622,139.828
70.833746,1717,-2097,619,139.828
70.839346,1719,-2096,616,139.828
70.843785,1720,-2097,616,139.828
70.848145,1721,-2096,613,139.828
70.853868,1723,-2097,613,139.823
70.858357,1724,-2099,615,139.823
70.864043,1725,-2099,615,139.823
70.868399,1725,-2103,617,139.823
70.874052,1726,-2106,618,139.823
70.878515,1728,-2108,619,139.823
70.882966,1730,-2109,619,139.823
70.888506,1731,-2109,618,139.823
70.893112,1731,-2108,619,139.823
70.898819,1731,-2107,617,139.823
70.903280,1731,-2106,613,139.823
70.909133,1732,-2107,609,139.823
70.913350,1732,-2110,611,139.818
70.919081,1731,-2113,615,139.823
70.923499,1730,-2117,621,139.823
70.928125,1730,-2119,627,139.823
70.933695,1729,-2120,630,139.823
70.938120,1730,-2120,633,139.823
70.943748,1730,-2119,634,139.823
70.948235,1730,-2119,634,139.823
70.953856,1729,-2119,635,139.823
70.958373,1728,-2118,634,139.823
70.962528,1727,-2117,633,139.823
70.968501,1727,-2116,632,139.823
70.972952,1727,-2115,631,139.823
70.978563,1726,-2113,627,139.823
70.983037,1725,-2112,625,139.818
70.988703,1722,-2109,621,139.818
70.993336,1720,-2106,617,139.818
70.998939,1719,-2105,615,139.818
71.003384,1718,-2104,613,139.818
71.007422,1717,-2103,612,139.818
71.013082,1717,-2104,616,139.818
71.017540,1718,-2106,621,139.818
71.023203,1718,-2109,623,139.818
71.027600,1718,-2111,627,139.818
71.033378,1718,-2111,629,139.818
71.037772,1718,-2112,630,139.818
71.042255,1717,-2111,631,139.818
71.048006,1718,-2111,636,139.823
71.052638,1719,-2110,637,139.823
71.058368,1721,-2109,637,139.823
71.062849,1722,-2108,636,139.823
71.068525,1721,-2107,631,139.823
71.073050,1720,-2108,628,139.823
71.078670,1718,-2109,625,139.823
71.083112,1715,-2109,621,139.823
71.087587,1712,-2109,620,139.823
71.093211,1710,-2107,621,139.823
71.097622,1709,-2105,625,139.823
71.103389,1707,-2105,628,139.823
71.107801,1705,-2106,630,139.828
71.113551,1703,-2107,632,139.828
71.117930,1702,-2110,631,139.828
71.122305,1701,-2111,631,139.828
71.128101,1701,-2111,632,139.834
71.132451,1701,-2112,631,139.834
71.138330,1700,-2112,628,139.834
71.142648,1698,-2113,625,139.834
71.148341,1698,-2114,621,139.834
71.152719,1699,-2114,619,139.839
71.158598,1702,-2113,615,139.839
71.162875,1705,-2113,615,139.839
71.167431,1707,-2115,617,139.839
71.172952,1708,-2115,617,139.845
71.177446,1709,-2117,621,139.845
71.183143,1709,-2118,623,139.845
71.187623,1709,-2117,621,139.845
71.193274,1708,-2116,619,139.845
71.197725,1707,-2115,617,139.845
71.201870,1706,-2113,613,139.850
71.207831,1704,-2112,611,139.850
71.212322,1704,-2112,610,139.850
71.217968,1705,-2112,610,139.850
71.222561,1706,-2112,612,139.850
71.228167,1707,-2112,613,139.856
71.232549,1707,-2109,614,139.856
71.238244,1705,-2106,615,139.856
71.242684,1703,-2103,615,139.861
71.247082,1703,-2102,619,139.861
71.252834,1703,-2102,622,139.861
71.257242,1704,-2102,624,139.861
71.262956,1703,-2101,624,139.867
71.267351,1704,-2101,624,139.867
71.273096,1704,-2101,622,139.867
71.277553,1706,-2100,622,139.867
71.281926,1708,-2102,623,139.867
71.287713,1709,-2105,625,139.867
71.292074,1709,-2107,625,139.867
71.297832,1710,-2108,624,139.867
71.302242,1710,-2108,622,139.867
71.307999,1711,-2107,621,139.867
71.312531,1712,-2104,620,139.867
71.318130,1713,-2101,623,139.867
71.322486,1714,-2100,625,139.867
71.326933,1714,-2098,630,139.861
71.332669,1713,-2096,634,139.861
71.337090,1712,-2097,636,139.861
71.342721,1712,-2095,637,139.861
71.347198,1713,-2095,635,139.861
71.352879,1715,-2095,632,139.861
71.357326,1717,-2096,631,139.861
71.361728,1719,-2096,630,139.861
71.367472,1721,-2095,628,139.861
71.371880,1722,-2094,625,139.861
71.377512,1723,-2093,620,139.861
71.382092,1724,-2094,617,139.867
71.387692,1723,-2095,616,139.867
71.392074,1721,-2095,616,139.867
71.397853,1722,-2098,619,139.867
71.402226,1725,-2099,620,139.867
71.406789,1729,-2100,621,139.867
71.412399,1732,-2102,622,139.867
71.416829,1736,-2105,625,139.861
71.422569,1737,-2106,628,139.861
71.426915,1737,-2110,630,139.856
71.432661,1736,-2111,631,139.856
71.437140,1734,-2111,631,139.850
71.441490,1732,-2111,629,139.850
71.447203,1729,-2110,628,139.845
71.451623,1728,-2109,629,139.845
71.457301,1729,-2110,629,139.845
71.461775,1729,-2111,631,139.845
71.467458,1729,-2111,630,139.845
71.471926,1728,-2111,628,139.845
71.477702,1727,-2110,626,139.850
71.482086,1725,-2110,625,139.850
71.486494,1724,-2110,623,139.856
71.492353,1724,-2109,621,139.856
71.496681,1723,-2109,618,139.861
71.502281,1722,-2109,619,139.861
71.506775,1722,-2110,621,139.867
71.512441,1722,-2110,622,139.872
71.516943,1723,-2110,622,139.872
71.521373,1725,-2111,624,139.878
71.527200,1725,-2110,625,139.878
71.531458,1726,-2108,628,139.878
71.537281,1726,-2108,630,139.878
71.541670,1726,-2106,630,139.878
71.547271,1727,-2106,629,139.878
71.551670,1727,-2105,628,139.878
71.557457,1728,-2108,626,139.878
71.561902,1729,-2111,627,139.878
71.566248,1730,-2112,629,139.878
71.572046,1731,-2114,632,139.878
71.576437,1733,-2114,634,139.878
71.582242,1733,-2115,636,139.878
71.586637,1734,-2117,636,139.878
71.592315,1734,-2119,635,139.872
71.596736,1734,-2118,633,139.872
71.601108,1734,-2119,633,139.872
71.606807,1734,-2118,634,139.872
71.611256,1733,-2115,634,139.872
71.617027,1733,-2114,635,139.872
71.621416,1732,-2112,636,139.878
71.627074,1731,-2110,638,139.878
71.631501,1732,-2108,638,139.878
71.637187,1732,-2109,639,139.883
71.641700,1733,-2110,641,139.883
71.646219,1733,-2111,640,139.883
71.651791,1732,-2111,643,139.883
71.656201,1731,-2111,642,139.883
71.661913,1730,-2110,640,139.883
71.666284,1728,-2111,638,139.883
71.672115,1727,-2111,633,139.883
71.676464,1727,-2110,630,139.883
71.680990,1727,-2110,631,139.878
71.686661,1726,-2108,633,139.878
71.691094,1723,-2105,636,139.872
71.696741,1722,-2104,638,139.872
71.701167,1720,-2103,640,139.867
71.706871,1719,-2102,641,139.861
71.711324,1720,-2102,640,139.861
71.717017,1721,-2101,637,139.861
71.721491,1722,-2101,636,139.861
71.725999,1722,-2101,635,139.856
71.731551,1722,-2102,634,139.861
71.736097,1724,-2103,636,139.861
71.741673,1727,-2104,638,139.861
71.746202,1729,-2104,639,139.867
71.751821,1732,-2105,641,139.867
71.756211,1734,-2106,640,139.872
71.760833,1735,-2107,635,139.878
71.766587,1736,-2108,631,139.878
71.770880,1735,-2110,626,139.883
71.776504,1733,-2110,624,139.889
71.781003,1731,-2111,623,139.889
71.786661,1729,-2110,625,139.894
71.791092,1728,-2110,623,139.894
71.796761,1727,-2110,622,139.894
71.801129,1727,-2110,621,139.900
71.805670,1727,-2110,621,139.900
71.811354,1726,-2110,623,139.900
71.815784,1727,-2110,627,139.894
71.821479,1726,-2111,630,139.894
71.825913,1725,-2113,631,139.894
71.831640,1724,-2112,632,139.889
71.836009,1721,-2111,632,139.889
71.840412,1719,-2108,627,139.883
71.846352,1718,-2106,621,139.878
71.850564,1716,-2104,616,139.878
71.856437,1715,-2104,612,139.878
71.860812,1714,-2104,610,139.878
71.866449,1711,-2104,608,139.878
71.871047,1708,-2106,608,139.883
71.876623,1706,-2106,604,139.889
71.881099,1706,-2107,603,139.889
71.885438,1706,-2107,602,139.894
71.891150,1707,-2108,602,139.900
71.895671,1708,-2108,603,139.905
71.901273,1709,-2109,605,139.905
71.905704,1708,-2111,607,139.911
71.911423,1708,-2112,606,139.911
71.915843,1709,-2114,606,139.911
71.920270,1710,-2116,609,139.916
71.926011,1711,-2115,610,139.916
71.930435,1714,-2115,609,139.916
71.936140,1716,-2114,607,139.916
71.940599,1718,-2111,602,139.916
71.946276,1722,-2109,600,139.911
71.950613,1722,-2107,600,139.911
71.956347,1724,-2105,598,139.905
71.960793,1725,-2105,599,139.905
71.965221,1725,-2105,603,139.900
71.970928,1728,-2106,606,139.900
71.975402,1728,-2107,610,139.894
71.981040,1730,-2108,611,139.894
71.985466,1730,-2106,611,139.894
71.991187,1730,-2105,611,139.889
71.995600,1730,-2103,613,139.889
72.000051,1730,-2102,613,139.889
72.005507,1729,-2101,614,139.889
72.009961,1729,-2100,616,139.889
72.015882,1730,-2100,619,139.889
72.020116,1730,-2100,622,139.894
72.025983,1727,-2101,625,139.894
72.030413,1725,-2100,627,139.894
72.036199,1723,-2101,627,139.900
72.040572,1722,-2101,625,139.900
72.045037,1723,-2102,624,139.900
72.050872,1725,-2103,621,139.905
72.055189,1726,-2105,619,139.905
72.060902,1728,-2106,615,139.905
72.065281,1729,-2108,611,139.905
72.070953,1730,-2109,610,139.900
72.075580,1732,-2110,608,139.900
72.079872,1731,-2109,606,139.900
72.085721,1730,-2107,608,139.900
72.090004,1730,-2105,610,139.894
72.095786,1729,-2100,614,139.894
72.100167,1729,-2099,621,139.894
72.105829,1729,-2098,627,139.894
72.110374,1728,-2098,628,139.894
72.115967,1727,-2101,626,139.889
72.120477,1728,-2103,621,139.889
72.124853,1727,-2106,613,139.894
72.130528,1726,-2107,608,139.894
72.134972,1724,-2107,605,139.894
72.140679,1723,-2106,603,139.894
72.145225,1720,-2105,603,139.900
72.150924,1717,-2105,603,139.900
72.155281,1716,-2104,603,139.905
72.159429,1716,-2105,601,139.905
72.165308,1717,-2104,602,139.905
72.169895,1719,-2104,605,139.911
72.175469,1720,-2104,608,139.911
72.179858,1721,-2104,613,139.911
72.185654,1722,-2105,618,139.911
72.190070,1724,-2105,622,139.911
72.195721,1725,-2103,624,139.911
72.200170,1725,-2101,627,139.911
72.204592,1726,-2098,629,139.905
72.210297,1724,-2095,628,139.905
72.214737,1724,-2094,628,139.900
72.220461,1724,-2094,626,139.900
72.224849,1724,-2095,626,139.900
72.230450,1723,-2097,625,139.894
72.235172,1723,-2100,626,139.894
72.239476,1722,-2102,627,139.894
72.245299,1722,-2103,627,139.894
72.249597,1722,-2102,628,139.894
72.255267,1724,-2101,627,139.889
72.259705,1726,-2100,623,139.889
72.265336,1728,-2098,620,139.889
72.269813,1729,-2098,618,139.889
72.275527,1730,-2097,620,139.883
72.279947,1730,-2097,623,139.883
72.284394,1729,-2099,628,139.883
72.290071,1729,-2101,633,139.883
72.294686,1729,-2105,635,139.883
72.300194,1729,-2107,635,139.883
72.304633,1729,-2108,634,139.883
72.310394,1731,-2108,632,139.883
72.314905,1730,-2108,632,139.883
72.319195,1728,-2109,634,139.883
72.324926,1726,-2110,637,139.883
72.329141,1723,-2110,635,139.883
72.335042,1722,-2110,631,139.883
72.339552,1722,-2109,629,139.883
72.345170,1722,-2108,626,139.883
72.349624,1722,-2106,625,139.883
72.355315,1721,-2105,624,139.883
72.359761,1719,-2104,624,139.883
72.364134,1717,-2104,626,139.883
72.370028,1713,-2105,629,139.883
72.374296,1709,-2105,630,139.883
72.379847,1706,-2106,630,139.883
72.384398,1704,-2105,629,139.883
72.390145,1705,-2102,628,139.883
72.394728,1706,-2100,627,139.883
72.398975,1708,-2099,625,139.883
72.404718,1710,-2098,624,139.883
72.409135,1713,-2098,622,139.883
72.414786,1714,-2100,623,139.889
72.419287,1714,-2101,623,139.889
72.424737,1714,-2104,621,139.889
72.429398,1712,-2107,620,139.889
72.435151,1713,-2109,616,139.894
72.439594,1713,-2111,610,139.894
72.444010,1716,-2114,610,139.894
72.449621,1720,-2115,608,139.894
72.454246,1724,-2116,609,139.900
72.459781,1725,-2115,612,139.900
72.464197,1725,-2111,614,139.900
72.469973,1725,-2108,614,139.900
72.474414,1726,-2106,613,139.900
72.478833,1726,-2104,612,139.894
72.484528,1726,-2102,610,139.894
72.488992,1726,-2102,609,139.894
72.494749,1725,-2102,610,139.894
72.499156,1723,-2105,612,139.894
72.504810,1719,-2106,612,139.894
72.509360,1716,-2106,610,139.889
72.514900,1712,-2106,609,139.889
72.519372,1710,-2106,606,139.889
72.523733,1710,-2105,606,139.894
72.529518,1712,-2106,607,139.894
72.533920,1715,-2108,611,139.894
72.539548,1718,-2110,618,139.894
72.544039,1720,-2112,622,139.894
72.549741,1722,-2113,625,139.894
72.554120,1722,-2113,623,139.894
72.558574,1723,-2114,622,139.894
72.564350,1723,-2114,623,139.894
72.568755,1721,-2117,628,139.894
72.574443,1720,-2120,634,139.894
72.578797,1719,-2120,639,139.900
72.584664,1719,-2120,642,139.900
72.588964,1721,-2118,642,139.900
72.594687,1723,-2115,640,139.900
72.599138,1725,-2112,638,139.894
72.603592,1727,-2111,632,139.894
72.609314,1729,-2111,626,139.894
72.613702,1731,-2111,622,139.894
72.619354,1731,-2113,618,139.894
72.623792,1732,-2113,616,139.894
72.629304,1733,-2111,615,139.894
72.633957,1732,-2112,613,139.889
72.638375,1733,-2110,612,139.889
72.644089,1733,-2109,612,139.889
72.648496,1732,-2108,614,139.889
72.654241,1731,-2108,618,139.889
72.658649,1730,-2107,620,139.889
72.664376,1729,-2107,622,139.894
72.668778,1730,-2109,626,139.894
72.674463,1731,-2111,628,139.894
72.678965,1731,-2112,631,139.894
72.683315,1729,-2111,631,139.894
72.689141,1728,-2108,628,139.894
72.693539,1727,-2105,625,139.900
72.699095,1726,-2103,625,139.900
72.703600,1726,-2102,625,139.900
72.709326,1726,-2101,625,139.900
72.713741,1726,-2103,623,139.900
72.718149,1724,-2103,618,139.900
72.723951,1723,-2104,614,139.900
72.728477,1722,-2107,611,139.900
72.733986,1723,-2108,606,139.900
72.738453,1722,-2107,607,139.905
72.744150,1724,-2108,609,139.905
72.748556,1725,-2106,608,139.905
72.754298,1726,-2104,608,139.911
72.758783,1728,-2104,606,139.911
72.763124,1728,-2103,605,139.916
72.768881,1727,-2103,607,139.916
72.773317,1727,-2102,612,139.916
72.778970,1727,-2101,613,139.922
72.783444,1727,-2100,617,139.922
72.789134,1728,-2101,617,139.922
72.793532,1728,-2102,614,139.922
72.797958,1727,-2105,612,139.922
72.803676,1727,-2107,610,139.922
72.808083,1728,-2107,609,139.922
72.813772,1729,-2107,612,139.922
72.818251,1729,-2107,615,139.922
72.824120,1728,-2106,617,139.922
72.828335,1727,-2107,617,139.922
72.834051,1726,-2105,613,139.916
72.838521,1725,-2104,612,139.916
72.842976,1725,-2102,609,139.916
72.848588,1725,-2101,609,139.916
72.853170,1724,-2102,611,139.916
72.858768,1722,-2103,614,139.916
72.863139,1720,-2103,614,139.916
72.868922,1720,-2102,610,139.916
72.873318,1721,-2101,606,139.916
72.877721,1721,-2100,601,139.916
72.883480,1721,-2099,600,139.916
72.887903,1721,-2100,602,139.916
72.893562,1722,-2100,606,139.916
72.898187,1725,-2101,610,139.916
72.903730,1729,-2102,613,139.916
72.908124,1732,-2102,612,139.916
72.913816,1737,-2102,611,139.911
72.918453,1740,-2104,610,139.911
72.922745,1741,-2106,609,139.911
72.928466,1742,-2106,607,139.911
72.932730,1741,-2107,607,139.911
72.938548,1740,-2106,609,139.905
72.942984,1741,-2106,614,139.905
72.948670,1741,-2107,623,139.905
72.953117,1741,-2106,631,139.905
72.957496,1739,-2104,636,139.905
72.963303,1736,-2102,640,139.900
72.967736,1732,-2100,642,139.900
72.973402,1729,-2101,642,139.900
72.977830,1726,-2102,643,139.900
72.983509,1724,-2103,644,139.900
72.987911,1723,-2103,646,139.900
72.993801,1722,-2105,650,139.894
72.998141,1722,-2106,652,139.894
73.002498,1722,-2106,653,139.894
73.007905,1722,-2107,652,139.889
73.012608,1722,-2106,652,139.889
73.018306,1723,-2105,650,139.889
73.022477,1723,-2102,648,139.889
73.028309,1725,-2100,648,139.889
73.032882,1725,-2098,648,139.889
73.037038,1726,-2099,646,139.889
73.043009,1728,-2098,645,139.889
73.047474,1728,-2098,644,139.889
73.053142,1727,-2096,643,139.883
73.057585,1726,-2096,642,139.883
73.063319,1725,-2097,642,139.883
73.067707,1723,-2098,643,139.883
73.073353,1721,-2099,641,139.883
73.077856,1722,-2099,640,139.883
73.082322,1724,-2098,642,139.883
73.087990,1725,-2099,641,139.883
73.092423,1726,-2099,642,139.878
73.098244,1726,-2099,643,139.878
73.102591,1724,-2099,642,139.878
73.108314,1720,-2099,640,139.878
73.112686,1717,-2099,639,139.878
73.117120,1717,-2102,640,139.872
73.123001,1717,-2105,642,139.872
73.127250,1720,-2107,643,139.872
73.132949,1721,-2110,645,139.872
73.137429,1723,-2111,646,139.867
73.143093,1723,-2110,646,139.867
73.147520,1724,-2107,644,139.867
73.153301,1724,-2105,642,139.867
73.157695,1725,-2103,637,139.867
73.162133,1727,-2102,635,139.861
73.167814,1727,-2103,633,139.861
73.172252,1728,-2102,634,139.861
73.177957,1729,-2101,634,139.861
73.182339,1731,-2102,636,139.861
73.188092,1732,-2102,637,139.861
73.192462,1733,-2103,638,139.861
73.196905,1732,-2103,640,139.861
73.202660,1732,-2103,641,139.861
73.207072,1731,-2103,640,139.861
73.212787,1731,-2103,640,139.861
73.217194,1732,-2101,639,139.861
73.222973,1734,-2101,641,139.861
73.227310,1736,-2101,641,139.861
73.233121,1736,-2103,638,139.861
73.237491,1735,-2105,635,139.861
73.241880,1734,-2106,632,139.861
73.247561,1733,-2106,628,139.861
73.252160,1732,-2104,628,139.856
73.257698,1732,-2102,627,139.856
73.262144,1732,-2102,625,139.856
73.267876,1733,-2102,625,139.856
73.272451,1733,-2103,623,139.856
73.276761,1731,-2102,624,139.856
73.282276,1728,-2103,624,139.856
73.286880,1726,-2101,623,139.856
73.292570,1725,-2099,622,139.856
73.297048,1725,-2099,623,139.856
73.302812,1726,-2100,624,139.856
73.307094,1727,-2102,627,139.856
73.312854,1728,-2104,630,139.856
73.317269,1729,-2105,632,139.856
73.321673,1730,-2105,634,139.856
73.327365,1728,-2106,637,139.861
73.331863,1726,-2106,637,139.856
73.337455,1723,-2107,635,139.856
73.341983,1720,-2107,634,139.861
73.347671,1721,-2106,633,139.861
73.352119,1723,-2105,633,139.861
73.356498,1724,-2106,634,139.861
73.362426,1726,-2106,633,139.861
73.366626,1727,-2106,631,139.861
73.372443,1728,-2106,630,139.861
73.376766,1728,-2104,631,139.861
73.382441,1728,-2105,634,139.861
73.386898,1728,-2106,635,139.861
73.392627,1730,-2108,634,139.861
73.397087,1731,-2108,633,139.861
73.401462,1732,-2107,632,139.861
73.407125,1732,-2106,630,139.856
73.411577,1729,-2103,631,139.856
73.417293,1728,-2102,632,139.856
73.421869,1726,-2102,630,139.856
73.427483,1726,-2100,626,139.856
73.431899,1725,-2099,622,139.856
73.436276,1725,-2100,620,139.856
73.442014,1725,-2100,618,139.861
73.446466,1726,-2100,616,139.861
73.452131,1728,-2101,619,139.856
73.456621,1730,-2100,623,139.856
73.462279,1730,-2100,628,139.856
73.466676,1730,-2099,633,139.856
73.472237,1729,-2098,637,139.856
73.476797,1729,-2098,639,139.856
73.481250,1727,-2099,640,139.856
73.486934,1725,-2100,639,139.856
73.491380,1724,-2100,640,139.856
73.497012,1722,-2098,643,139.856
73.501664,1720,-2097,644,139.850
73.507241,1720,-2097,647,139.850
73.511643,1722,-2096,648,139.850
73.515899,1724,-2096,648,139.850
73.521873,1725,-2096,644,139.850
73.526271,1726,-2096,640,139.850
73.531912,1726,-2098,637,139.850
73.536393,1726,-2099,635,139.850
73.541937,1725,-2100,637,139.850
73.546499,1724,-2098,640,139.845
73.552171,1722,-2096,641,139.845
73.556669,1723,-2094,645,139.845
73.561088,1724,-2094,647,139.845
73.566750,1723,-2093,646,139.845
73.571215,1724,-2093,646,139.845
73.576795,1724,-2093,645,139.845
73.581279,1724,-2093,642,139.839
73.586750,1725,-2092,637,139.839
73.591389,1726,-2093,635,139.839
73.595862,1725,-2093,632,139.839
73.601578,1723,-2094,634,139.839
73.606001,1722,-2095,635,139.839
73.611638,1720,-2096,635,139.839
73.616109,1719,-2097,632,139.839
73.621916,1716,-2097,630,139.839
73.626272,1715,-2096,629,139.839
73.631999,1714,-2096,628,139.839
73.636329,1712,-2096,630,139.839
73.640831,1711,-2097,633,139.839
73.646479,1712,-2098,635,139.839
73.650931,1712,-2098,635,139.839
73.656627,1712,-2099,635,139.839
73.661095,1714,-2097,634,139.839
73.666759,1716,-2097,632,139.839
73.671205,1718,-2097,631,139.839
73.675671,1718,-2097,631,139.839
73.681372,1717,-2099,633,139.839
73.685793,1716,-2102,632,139.839
73.691448,1713,-2105,629,139.839
73.695874,1712,-2106,626,139.839
73.701748,1710,-2108,625,139.839
73.706002,1710,-2109,621,139.839
73.711880,1712,-2109,619,139.845
73.716132,1713,-2110,616,139.845
73.720587,1713,-2112,614,139.845
73.726345,1712,-2112,612,139.845
73.730734,1710,-2110,614,139.845
73.736391,1710,-2108,615,139.845
73.740877,1710,-2105,617,139.845
73.746537,1711,-2103,619,139.845
73.751055,1713,-2101,620,139.845
73.755369,1713,-2099,621,139.845
73.761300,1713,-2099,622,139.845
73.765598,1713,-2096,623,139.845
73.771394,1711,-2092,623,139.845
73.775746,1709,-2090,624,139.845
73.781400,1707,-2088,624,139.845
73.785847,1705,-2087,622,139.845
73.791577,1704,-2088,624,139.845
73.796017,1703,-2087,623,139.845
73.800341,1703,-2086,621,139.850
73.806035,1704,-2086,618,139.850
73.810524,1705,-2089,618,139.850
73.816242,1707,-2093,623,139.850
73.820621,1709,-2098,627,139.850
73.826348,1709,-2103,633,139.850
73.830820,1710,-2107,638,139.850
73.835171,1712,-2109,639,139.850
73.840932,1715,-2109,640,139.850
73.845470,1720,-2108,639,139.850
73.851022,1723,-2106,639,139.850
73.855469,1726,-2106,640,139.850
73.861129,1728,-2106,641,139.850
73.865652,1730,-2107,642,139.850
73.871194,1730,-2107,641,139.850
73.875751,1731,-2108,643,139.850
73.880140,1732,-2108,645,139.850
73.885876,1732,-2111,646,139.845
73.890399,1733,-2113,648,139.845
73.896009,1733,-2114,646,139.845
73.900382,1733,-2114,647,139.845
73.906168,1733,-2114,647,139.845
73.910571,1733,-2113,647,139.845
73.915052,1735,-2112,647,139.845
73.920711,1738,-2112,644,139.845
73.925140,1739,-2111,640,139.845
73.930816,1740,-2110,638,139.845
73.935322,1740,-2109,636,139.845
73.940965,1739,-2107,635,139.839
73.945400,1738,-2106,633,139.839
73.951086,1735,-2106,629,139.845
73.955506,1733,-2106,625,139.845
73.959954,1731,-2105,621,139.845
73.965516,1728,-2106,618,139.845
73.970064,1726,-2105,614,139.845
73.975797,1723,-2104,612,139.845
73.980219,1720,-2103,612,139.845
73.986118,1719,-2102,613,139.845
73.990383,1719,-2102,615,139.845
73.994706,1717,-2102,620,139.845
74.000512,1716,-2103,623,139.845
74.004627,1716,-2103,625,139.845
74.010305,1717,-2102,627,139.845
74.015061,1719,-2102,628,139.845
74.020542,1720,-2102,628,139.845
74.025185,1720,-2103,628,139.845
74.030948,1721,-2104,630,139.845
74.035367,1720,-2104,630,139.845
74.039798,1721,-2102,631,139.845
74.045436,1720,-2101,633,139.845
74.050022,1719,-2102,631,139.845
74.055585,1718,-2103,631,139.845
74.060013,1717,-2103,630,139.845
74.065789,1717,-2104,633,139.850
74.070242,1718,-2103,635,139.850
74.074633,1718,-2102,639,139.850
74.080470,1719,-2105,642,139.850
74.084772,1719,-2106,642,139.850
74.090467,1719,-2107,643,139.850
74.095023,1719,-2108,642,139.850
74.100517,1717,-2109,642,139.850
74.105011,1716,-2110,642,139.850
74.110707,1715,-2110,639,139.850
74.115143,1715,-2110,638,139.850
74.119537,1717,-2111,633,139.845
74.125304,1718,-2111,629,139.845
74.129733,1719,-2112,623,139.845
74.135384,1716,-2113,618,139.845
74.139830,1716,-2112,613,139.845
74.145571,1717,-2111,610,139.839
74.149937,1718,-2112,607,139.839
74.154392,1720,-2114,607,139.845
74.160125,1722,-2117,608,139.845
74.164548,1724,-2119,608,139.845
74.170202,1722,-2120,608,139.845
74.174632,1721,-2122,611,139.850
74.180341,1720,-2124,610,139.850
74.184878,1717,-2124,611,139.850
74.190503,1716,-2125,612,139.856
74.194900,1714,-2126,610,139.856
74.199384,1713,-2127,609,139.856
74.204868,1712,-2127,606,139.856
74.209437,1711,-2127,604,139.861
74.215004,1711,-2126,605,139.861
74.219557,1710,-2125,608,139.861
74.225352,1710,-2123,610,139.867
74.229775,1710,-2122,610,139.867
74.234314,1710,-2121,610,139.872
74.239849,1710,-2119,609,139.872
74.244290,1710,-2118,610,139.872
74.249960,1710,-2119,610,139.878
74.254490,1712,-2117,612,139.878
74.260184,1713,-2115,614,139.878
74.264577,1716,-2113,615,139.883
74.270304,1719,-2111,619,139.883
74.274702,1719,-2110,622,139.883
74.279192,1721,-2111,621,139.883
74.284792,1721,-2111,624,139.883
74.289386,1719,-2112,627,139.883
74.295120,1718,-2111,630,139.883
74.299362,1717,-2110,634,139.883
74.305096,1717,-2107,635,139.883
74.309565,1717,-2105,635,139.883
74.313895,1718,-2104,636,139.883
74.319628,1720,-2104,638,139.883
74.324073,1720,-2104,637,139.883
74.329811,1720,-2105,638,139.878
74.334257,1717,-2106,638,139.878
74.339944,1714,-2107,638,139.878
74.344326,1712,-2108,639,139.878
74.350036,1710,-2110,640,139.878
74.354519,1710,-2111,638,139.878
74.358909,1713,-2112,636,139.878
74.364670,1713,-2114,634,139.878
74.369057,1713,-2114,633,139.878
74.374715,1713,-2115,635,139.878
74.379191,1713,-2113,636,139.878
74.384865,1713,-2112,637,139.878
74.389318,1714,-2109,638,139.878
74.393776,1715,-2105,639,139.878
74.399417,1716,-2100,641,139.878
74.403833,1716,-2096,641,139.878
74.409576,1716,-2092,644,139.878
74.414032,1715,-2091,644,139.878
74.419665,1715,-2091,645,139.878
74.424184,1714,-2093,645,139.878
74.429930,1714,-2095,641,139.878
74.434299,1712,-2099,638,139.878
74.438701,1711,-2101,632,139.878
74.444426,1710,-2102,626,139.883
74.448853,1710,-2102,623,139.883
74.454549,1711,-2101,620,139.883
74.459006,1713,-2100,622,139.883
74.464679,1714,-2100,624,139.883
74.469155,1715,-2100,627,139.883
74.473555,1714,-2100,631,139.883
74.479257,1712,-2099,629,139.889
74.483647,1711,-2098,628,139.889
74.489490,1710,-2096,629,139.889
74.493812,1708,-2094,630,139.889
74.499541,1708,-2093,627,139.889
74.503925,1707,-2094,625,139.889
74.509655,1708,-2095,622,139.889
74.514218,1707,-2097,617,139.889
74.518494,1707,-2099,613,139.889
74.524198,1708,-2101,609,139.889
74.528596,1708,-2102,604,139.889
74.534298,1710,-2103,600,139.889
74.538791,1711,-2104,600,139.889
74.544439,1712,-2104,602,139.889
74.548892,1711,-2104,604,139.889
74.553302,1711,-2105,609,139.889
74.559034,1713,-2105,613,139.889
74.563452,1715,-2106,618,139.889
74.569119,1719,-2107,623,139.889
74.573540,1722,-2110,628,139.889
74.579296,1725,-2111,630,139.889
74.583767,1726,-2111,634,139.889
74.589483,1725,-2110,635,139.889
74.593959,1724,-2107,631,139.883
74.598276,1723,-2106,628,139.883
74.603970,1723,-2106,625,139.883
74.608386,1723,-2105,623,139.883
74.614126,1721,-2104,624,139.883
74.618565,1719,-2104,626,139.883
74.624251,1717,-2103,629,139.883
74.628695,1715,-2103,632,139.883
74.633124,1716,-2103,631,139.883
74.638838,1717,-2103,629,139.883
74.643250,1718,-2103,629,139.883
74.648964,1720,-2104,631,139.883
74.653546,1722,-2104,632,139.883
74.659116,1725,-2105,633,139.883
74.663466,1725,-2106,631,139.883
74.669261,1725,-2106,627,139.883
74.673597,1727,-2106,623,139.883
74.678199,1727,-2105,623,139.883
74.683740,1726,-2106,625,139.883
74.688201,1726,-2106,625,139.883
74.693881,1725,-2107,627,139.883
74.698433,1723,-2109,629,139.883
74.704035,1722,-2110,629,139.883
74.708432,1720,-2108,630,139.883
74.712899,1719,-2105,630,139.883
74.718626,1718,-2103,629,139.883
74.723160,1718,-2100,630,139.883
74.728704,1718,-2100,633,139.883
74.733171,1717,-2101,635,139.883
74.738930,1716,-2101,636,139.883
74.743295,1716,-2102,636,139.883
74.749025,1715,-2103,637,139.883
74.753492,1714,-2105,639,139.883
74.757902,1716,-2107,640,139.889
74.763569,1716,-2108,643,139.889
74.767988,1719,-2110,644,139.889
74.773818,1723,-2111,643,139.889
74.778156,1725,-2111,641,139.889
74.783806,1727,-2113,638,139.889
74.788317,1729,-2115,635,139.889
74.792641,1729,-2116,634,139.889
74.798482,1728,-2118,633,139.889
74.802812,1726,-2118,629,139.889
74.808568,1724,-2118,626,139.889
74.812983,1720,-2116,622,139.889
74.818650,1717,-2114,618,139.889
74.823057,1715,-2112,618,139.889
74.828844,1715,-2112,618,139.889
74.833236,1716,-2113,618,139.889
74.837657,1716,-2113,617,139.889
74.843493,1718,-2115,617,139.889
74.847771,1720,-2116,617,139.883
74.853423,1721,-2117,615,139.883
74.857875,1722,-2118,616,139.883
74.863602,1722,-2117,616,139.883
74.868066,1720,-2115,618,139.883
74.872406,1718,-2114,621,139.883
74.878101,1718,-2112,625,139.883
74.882724,1718,-2110,627,139.883
74.888301,1718,-2111,626,139.883
74.892764,1718,-2109,624,139.889
74.898442,1717,-2107,622,139.889
74.902840,1717,-2106,622,139.889
74.908598,1717,-2107,623,139.889
74.913022,1716,-2108,623,139.889
74.917576,1716,-2109,622,139.889
74.923304,1714,-2109,622,139.894
74.927630,1713,-2109,621,139.894
74.933277,1712,-2109,623,139.894
74.937695,1711,-2108,627,139.894
74.943361,1711,-2107,628,139.894
74.947787,1711,-2105,628,139.894
74.952028,1711,-2105,629,139.894
74.958020,1710,-2105,627,139.894
74.962437,1709,-2106,627,139.894
74.967801,1708,-2107,625,139.894
74.972576,1709,-2107,623,139.894
74.978221,1710,-2108,622,139.894
74.982643,1712,-2107,619,139.894
74.988504,1713,-2104,617,139.894
74.992802,1714,-2101,611,139.894
74.997189,1714,-2097,605,139.894
75.002882,1714,-2095,603,139.894
75.007059,1716,-2093,602,139.894
75.012701,1717,-2093,601,139.894
75.017138,1719,-2093,603,139.894
75.022849,1721,-2093,605,139.894
75.027261,1721,-2095,607,139.894
75.031722,1722,-2098,613,139.894
75.037456,1721,-2101,616,139.894
75.041916,1721,-2104,617,139.894
75.047875,1720,-2105,618,139.894
75.052314,1717,-2104,616,139.894
75.057982,1714,-2102,613,139.894
75.062271,1710,-2100,611,139.894
75.068145,1708,-2097,608,139.894
75.072288,1708,-2096,606,139.894
75.076949,1709,-2096,606,139.894
75.082696,1711,-2094,607,139.894
75.086920,1713,-2094,609,139.894
75.092753,1714,-2094,610,139.894
75.097240,1715,-2093,612,139.894
75.102980,1715,-2095,614,139.894
75.107357,1716,-2097,615,139.894
75.111953,1716,-2099,615,139.894
75.117512,1716,-2102,613,139.894
75.121950,1715,-2103,610,139.894
75.127606,1715,-2104,607,139.894
75.132094,1714,-2105,603,139.894
75.137749,1714,-2104,600,139.894
75.142178,1716,-2104,599,139.894
75.147930,1717,-2105,598,139.894
75.152503,1718,-2107,596,139.894
75.156797,1718,-2108,596,139.894
75.162465,1718,-2111,594,139.894
75.166954,1718,-2113,591,139.894
75.172567,1718,-2113,589,139.894
75.177049,1719,-2113,589,139.894
75.182748,1720,-2114,591,139.894
75.187172,1721,-2114,593,139.900
75.191623,1721,-2115,596,139.900
75.197482,1722,-2116,601,139.900
75.201750,1724,-2115,605,139.900
75.207333,1726,-2114,610,139.900
75.211854,1726,-2111,616,139.900
75.217505,1727,-2110,619,139.900
75.221976,1726,-2110,619,139.900
75.227658,1726,-2111,621,139.900
75.232118,1725,-2111,621,139.900
75.236548,1726,-2110,618,139.900
75.242250,1726,-2109,616,139.900
75.246727,1724,-2107,613,139.894
75.252377,1723,-2107,614,139.894
75.256944,1721,-2106,615,139.894
75.262518,1720,-2106,614,139.894
75.266915,1721,-2106,613,139.894
75.271376,1722,-2106,610,139.894
75.277226,1723,-2107,608,139.894
75.281551,1723,-2106,606,139.894
75.287215,1720,-2105,605,139.894
75.291673,1718,-2105,607,139.894
75.297373,1716,-2103,609,139.894
75.301753,1715,-2102,611,139.894
75.307466,1715,-2101,614,139.894
75.311897,1715,-2100,617,139.894
75.316470,1716,-2100,619,139.894
75.322057,1718,-2102,622,139.894
75.326452,1716,-2105,624,139.894
75.332048,1716,-2108,624,139.894
75.336703,1715,-2110,621,139.894
75.342294,1712,-2111,618,139.894
75.346725,1710,-2112,618,139.900
75.351112,1708,-2111,615,139.900
75.356875,1706,-2113,615,139.900
75.361256,1705,-2113,617,139.900
75.366945,1706,-2114,616,139.900
75.371435,1708,-2115,616,139.900
75.377041,1710,-2117,615,139.905
75.381532,1712,-2118,612,139.905
75.387279,1714,-2118,608,139.905
75.391699,1716,-2119,607,139.905
75.396140,1718,-2118,607,139.905
75.401830,1719,-2118,608,139.905
75.406206,1721,-2119,612,139.905
75.411969,1723,-2119,613,139.905
75.416386,1723,-2119,613,139.905
75.422060,1723,-2119,613,139.905
75.426500,1721,-2118,609,139.905
75.431087,1718,-2117,608,139.905
75.436664,1717,-2115,611,139.911
75.441046,1716,-2112,613,139.911
75.446711,1715,-2109,614,139.911
75.451174,1715,-2106,616,139.911
75.456875,1715,-2105,614,139.911
75.461329,1715,-2103,613,139.911
75.467048,1714,-2102,613,139.911
75.471512,1713,-2101,613,139.911
75.475877,1713,-2100,614,139.911
75.481537,1712,-2101,615,139.911
75.486038,1712,-2102,616,139.911
75.491714,1712,-2103,615,139.911
75.496071,1710,-2106,616,139.911
75.501923,1709,-2109,618,139.911
75.506263,1709,-2112,618,139.911
75.510824,1711,-2115,619,139.911
75.516450,1712,-2117,619,139.911
75.520904,1714,-2116,619,139.911
75.526671,1715,-2115,616,139.916
75.530980,1716,-2116,618,139.916
75.536730,1716,-2116,620,139.916
75.541104,1716,-2116,618,139.916
75.546971,1717,-2117,620,139.916
75.551235,1717,-2117,620,139.916
75.555665,1719,-2117,618,139.916
75.561317,1720,-2117,615,139.916
75.565973,1720,-2117,612,139.916
75.571365,1720,-2116,609,139.916
75.575926,1718,-2115,606,139.916
75.581701,1718,-2115,605,139.916
75.586074,1718,-2115,604,139.916
75.590485,1719,-2115,600,139.916
75.596206,1720,-2115,600,139.916
75.600767,1719,-2116,601,139.922
75.606299,1718,-2115,603,139.922
75.610780,1716,-2115,606,139.922
75.616451,1715,-2113,606,139.922
75.620861,1716,-2110,605,139.922
75.626572,1715,-2108,603,139.922
75.631039,1715,-2106,599,139.922
75.635477,1715,-2107,595,139.922
75.641175,1715,-2109,594,139.922
75.645573,1714,-2110,593,139.922
75.651291,1713,-2113,594,139.922
75.655699,1715,-2113,596,139.922
75.661423,1714,-2112,598,139.922
75.665902,1715,-2113,599,139.927
75.670276,1714,-2112,601,139.927
75.676050,1713,-2111,602,139.927
75.680364,1712,-2113,604,139.927
75.686080,1710,-2113,605,139.927
75.690481,1709,-2115,606,139.927
75.696248,1710,-2116,607,139.927
75.700498,1712,-2116,609,139.927
75.706407,1713,-2117,610,139.927
75.710874,1714,-2117,609,139.933
75.715204,1714,-2115,607,139.933
75.721015,1714,-2111,605,139.933
75.725414,1713,-2108,601,139.933
75.731232,1713,-2106,600,139.933
75.735493,1714,-2106,600,139.933
75.741229,1716,-2107,599,139.933
75.745583,1717,-2108,600,139.933
75.750049,1719,-2108,603,139.933
75.755767,1718,-2106,603,139.933
75.760249,1716,-2104,602,139.933
75.765895,1713,-2104,601,139.933
75.770318,1711,-2103,599,139.933
75.776063,1709,-2102,600,139.933
75.780567,1710,-2102,602,139.933
75.786199,1712,-2103,603,139.933
75.790556,1714,-2106,605,139.933
75.795007,1719,-2109,605,139.933
75.800771,1722,-2111,605,139.933
75.805188,1724,-2111,605,139.933
75.810823,1726,-2112,604,139.933
75.815352,1727,-2113,604,139.933
75.820999,1728,-2114,604,139.933
75.825366,1729,-2115,605,139.933
75.829950,1730,-2115,607,139.933
75.835573,1731,-2115,608,139.933
75.840026,1731,-2116,608,139.933
75.845656,1730,-2117,606,139.933
75.850121,1728,-2119,606,139.933
75.855757,1725,-2121,608,139.933
75.860249,1724,-2121,610,139.933
75.866014,1723,-2119,614,139.933
75.870517,1723,-2117,615,139.933
75.874783,1723,-2115,616,139.933
75.880516,1720,-2114,617,139.933
75.884963,1718,-2113,619,139.933
75.890646,1716,-2113,620,139.933
75.895050,1714,-2113,623,139.933
75.900761,1714,-2113,625,139.933
75.905195,1715,-2110,624,139.933
75.909580,1717,-2108,621,139.933
75.915344,1717,-2107,615,139.933
75.919650,1717,-2106,608,139.933
75.925434,1717,-2107,604,139.933
75.929948,1716,-2111,600,139.933
75.935747,1715,-2115,599,139.938
75.939926,1714,-2117,602,139.938
75.945729,1712,-2120,604,139.938
75.950187,1711,-2121,605,139.938
75.954589,1710,-2122,607,139.938
75.960269,1710,-2121,606,139.938
75.964746,1711,-2120,606,139.938
75.970423,1714,-2121,607,139.944
75.974847,1716,-2120,608,139.944
75.980578,1718,-2120,612,139.944
75.985018,1719,-2120,614,139.944
75.989442,1719,-2120,615,139.944
75.995123,1719,-2120,616,139.944
75.999583,1719,-2120,616,139.944
76.004973,1717,-2121,614,139.944
76.009432,1716,-2121,612,139.944
76.015033,1716,-2122,612,139.944
76.019514,1717,-2124,615,139.949
76.025251,1718,-2124,618,139.949
76.029674,1718,-2125,623,139.949
76.034062,1720,-2125,628,139.949
76.039765,1722,-2125,635,139.949
76.044290,1722,-2123,637,139.949
76.049951,1723,-2122,637,139.949
76.054556,1722,-2120,635,139.949
76.060342,1721,-2118,628,139.949
76.064923,1721,-2118,623,139.949
76.069147,1722,-2118,620,139.949
76.074966,1725,-2121,619,139.949
76.079339,1728,-2122,619,139.949
76.085015,1728,-2124,618,139.949
76.089498,1728,-2124,621,139.949
76.095182,1727,-2120,621,139.949
76.099640,1724,-2115,619,139.955
76.105374,1723,-2111,618,139.955
76.109710,1723,-2107,616,139.955
76.114134,1725,-2105,612,139.955
76.120030,1728,-2106,610,139.955
76.124328,1727,-2107,609,139.955
76.129971,1724,-2110,609,139.955
76.134464,1720,-2114,612,139.955
76.140136,1715,-2117,611,139.955
76.144600,1712,-2120,612,139.955
76.149154,1711,-2121,611,139.955
76.154731,1711,-2122,611,139.955
76.159178,1709,-2123,609,139.955
76.164822,1707,-2124,606,139.955
76.169348,1705,-2124,606,139.955
76.175002,1703,-2124,604,139.955
76.179403,1702,-2123,603,139.960
76.185098,1703,-2121,605,139.960
76.189648,1703,-2119,607,139.960
76.193950,1707,-2118,608,139.966
76.199666,1708,-2116,612,139.966
76.204145,1710,-2116,613,139.966
76.209809,1712,-2116,613,139.971
76.214156,1713,-2116,614,139.971
76.219830,1712,-2116,613,139.971
76.224308,1712,-2115,609,139.971
76.228799,1712,-2114,608,139.977
76.234633,1714,-2113,603,139.977
76.238887,1713,-2112,599,139.977
76.244615,1714,-2110,595,139.977
76.249092,1714,-2109,592,139.977
76.254700,1716,-2108,591,139.977
76.259222,1717,-2108,588,139.977
76.264999,1718,-2108,584,139.977
76.269329,1719,-2108,582,139.977
76.273771,1719,-2108,582,139.977
76.279574,1720,-2109,586,139.977
76.283847,1721,-2109,589,139.977
76.289572,1722,-2109,590,139.977
76.294079,1723,-2111,589,139.977
76.299845,1723,-2112,588,139.977
76.304097,1723,-2115,588,139.977
76.308489,1723,-2117,590,139.977
76.314257,1722,-2118,592,139.977
76.318826,1719,-2120,594,139.977
76.324473,1719,-2119,595,139.982
76.328828,1718,-2118,596,139.982
76.334490,1717,-2117,600,139.982
76.338734,1718,-2115,602,139.982
76.344615,1717,-2112,602,139.982
76.349074,1714,-2110,603,139.982
76.353516,1712,-2110,602,139.982
76.359137,1710,-2109,600,139.982
76.363590,1709,-2110,600,139.982
76.369304,1707,-2111,602,139.982
76.373737,1707,-2111,604,139.982
76.379516,1706,-2111,607,139.982
76.383903,1708,-2112,612,139.982
76.388350,1708,-2113,617,139.988
76.394041,1709,-2115,623,139.988
76.398444,1710,-2117,629,139.988
76.404203,1711,-2118,633,139.988
76.408574,1711,-2119,638,139.993
76.414263,1712,-2119,640,139.993
76.418681,1713,-2119,642,139.993
76.424404,1713,-2119,643,139.993
76.428851,1713,-2118,642,139.993
76.433263,1714,-2118,639,139.999
76.438994,1716,-2117,635,139.999
76.443374,1718,-2118,631,139.999
76.449090,1719,-2118,630,139.999
76.453342,1720,-2117,632,139.993
76.459292,1719,-2116,634,139.993
76.463717,1718,-2114,638,139.993
76.468109,1716,-2113,640,139.993
76.473795,1716,-2114,641,139.993
76.478232,1716,-2114,638,139.993
76.483915,1715,-2114,634,139.993
76.488335,1715,-2115,630,139.993
76.494017,1714,-2114,625,139.993
76.498494,1715,-2112,621,139.993
76.504156,1716,-2111,617,139.993
76.508644,1716,-2112,615,139.993
76.513098,1717,-2115,615,139.993
76.518774,1717,-2117,617,139.993
76.523127,1717,-2118,619,139.993
76.528873,1716,-2117,621,139.999
76.533311,1714,-2114,619,139.999
76.538980,1712,-2112,616,139.999
76.543499,1710,-2112,612,139.999
76.547829,1710,-2113,608,139.999
76.553730,1711,-2115,605,139.999
76.558048,1711,-2115,603,139.999
76.563656,1711,-2115,604,139.999
76.568154,1709,-2116,606,139.999
76.573798,1708,-2114,608,139.999
76.578224,1706,-2112,609,139.999
76.583990,1705,-2112,612,139.999
76.588448,1703,-2111,610,140.004
76.592791,1701,-2110,610,140.004
76.598546,1700,-2111,608,140.004
76.603022,1698,-2113,606,140.004
76.608633,1697,-2115,609,140.004
76.613135,1698,-2118,611,140.010
76.618773,1700,-2119,613,140.010
76.623269,1702,-2120,614,140.010
76.627688,1704,-2121,616,140.010
76.633376,1705,-2120,615,140.015
76.637819,1705,-2119,616,140.015
76.643479,1706,-2117,617,140.015
76.647930,1707,-2115,619,140.021
76.653606,1708,-2114,623,140.021
76.658074,1709,-2112,627,140.021
76.663753,1711,-2112,630,140.021
76.668189,1711,-2112,633,140.026
76.672651,1710,-2112,633,140.026
76.678312,1709,-2112,635,140.026
76.682782,1708,-2114,639,140.026
76.688452,1707,-2115,640,140.026
76.692905,1707,-2117,638,140.026
76.698580,1710,-2119,635,140.021
76.703018,1712,-2120,631,140.021
76.707396,1712,-2120,629,140.021
76.713303,1711,-2121,629,140.021
76.717488,1709,-2120,629,140.021
76.723253,1707,-2120,629,140.021
76.727718,1708,-2120,630,140.021
76.733438,1709,-2118,631,140.021
76.737868,1712,-2118,630,140.026
76.743604,1715,-2117,628,140.026
76.748068,1716,-2116,625,140.026
76.752375,1717,-2115,622,140.026
76.758097,1717,-2114,619,140.032
76.762495,1716,-2112,617,140.032
76.768228,1714,-2110,615,140.032
76.772668,1714,-2110,615,140.032
76.778376,1714,-2111,615,140.032
76.782956,1715,-2111,619,140.032
76.787196,1715,-2110,620,140.032
76.793087,1717,-2108,620,140.026
76.797336,1718,-2106,620,140.026
76.803023,1719,-2106,620,140.026
76.807524,1721,-2106,618,140.026
76.813168,1722,-2106,616,140.021
76.817656,1723,-2107,616,140.021
76.823395,1723,-2107,616,140.021
76.827900,1723,-2108,619,140.021
76.832220,1723,-2109,622,140.021
76.837919,1723,-2109,625,140.026
76.842352,1722,-2108,625,140.026
76.848051,1719,-2107,623,140.026
76.852473,1718,-2105,621,140.026
76.858175,1718,-2105,621,140.032
76.862597,1718,-2106,624,140.032
76.867086,1720,-2107,626,140.032
76.872738,1722,-2107,630,140.032
76.877125,1723,-2107,633,140.026
76.882834,1723,-2107,632,140.026
76.887237,1723,-2105,628,140.026
76.892986,1723,-2103,622,140.026
76.897405,1722,-2101,617,140.021
76.903121,1722,-2100,618,140.021
76.907560,1723,-2100,620,140.021
76.911900,1723,-2100,625,140.021
76.917764,1722,-2100,629,140.021
76.922101,1721,-2099,630,140.015
76.927761,1721,-2098,629,140.015
76.932184,1720,-2098,626,140.015
76.938013,1720,-2099,626,140.015
76.942317,1720,-2098,626,140.015
76.946886,1718,-2098,625,140.015
76.952501,1718,-2097,626,140.015
76.956914,1719,-2097,626,140.015
76.962610,1720,-2097,627,140.015
76.966808,1722,-2098,628,140.015
76.972731,1723,-2100,626,140.015
76.977134,1723,-2102,625,140.015
76.982876,1724,-2104,626,140.010
76.987319,1721,-2108,628,140.010
76.991750,1720,-2110,629,140.010
76.997429,1719,-2113,630,140.010
77.001862,1719,-2115,628,140.010
77.007258,1719,-2117,627,140.010
77.011977,1719,-2118,626,140.010
77.017661,1719,-2120,625,140.010
77.021850,1719,-2122,625,140.010
77.026237,1717,-2122,622,140.010
77.032244,1717,-2121,621,140.010
77.036514,1716,-2121,619,140.015
77.042311,1717,-2119,619,140.015
77.046850,1718,-2120,623,140.015
77.052541,1720,-2122,626,140.015
77.056884,1721,-2121,626,140.015
77.062646,1721,-2119,625,140.015
77.067263,1720,-2117,624,140.015
77.071518,1719,-2114,622,140.015
77.077238,1719,-2113,624,140.015
77.081628,1718,-2112,626,140.015
77.087379,1718,-2110,628,140.015
77.091760,1718,-2108,626,140.015
77.097477,1718,-2106,624,140.015
77.101873,1719,-2108,622,140.015
77.106305,1719,-2107,617,140.015
77.112085,1720,-2108,616,140.015
77.116643,1720,-2110,618,140.015
77.122150,1718,-2111,621,140.015
77.126795,1716,-2111,624,140.015
77.132343,1712,-2111,627,140.015
77.136744,1709,-2112,629,140.015
77.142467,1708,-2111,627,140.015
77.146860,1709,-2111,626,140.015
77.151341,1710,-2110,627,140.015
77.157041,1712,-2109,626,140.015
77.161417,1714,-2108,627,140.010
77.167249,1714,-2108,627,140.010
77.171487,1714,-2108,628,140.010
77.177481,1713,-2109,627,140.010
77.181689,1709,-2110,623,140.010
77.186118,1707,-2111,620,140.015
77.191874,1705,-2112,618,140.015
77.196263,1705,-2113,617,140.015
77.202019,1706,-2114,617,140.015
77.206481,1706,-2113,619,140.021
77.212081,1706,-2112,620,140.021
77.216668,1705,-2112,622,140.021
77.222084,1706,-2113,622,140.021
77.226675,1710,-2114,623,140.021
77.231091,1714,-2115,624,140.021
77.236771,1718,-2116,625,140.021
77.241213,1723,-2115,628,140.021
77.246903,1724,-2113,630,140.021
77.251315,1726,-2113,633,140.021
77.257048,1727,-2114,634,140.021
77.261533,1727,-2115,638,140.021
77.265763,1727,-2116,642,140.021
77.271628,1727,-2116,645,140.021
77.276116,1725,-2115,646,140.021
77.281690,1724,-2115,647,140.021
77.286246,1724,-2115,644,140.021
77.291906,1723,-2115,645,140.021
77.296290,1723,-2116,646,140.021
77.302067,1722,-2118,643,140.021
77.306466,1721,-2120,643,140.021
77.310913,1720,-2121,643,140.026
77.316587,1720,-2122,642,140.026
77.321043,1719,-2122,643,140.026
77.326814,1720,-2122,642,140.026
77.330955,1719,-2121,642,140.026
77.336873,1718,-2119,643,140.026
77.341336,1718,-2119,643,140.026
77.345729,1716,-2117,644,140.026
77.351446,1714,-2117,644,140.021
77.355841,1713,-2117,642,140.021
77.361587,1712,-2116,640,140.021
77.366045,1712,-2115,639,140.021
77.371649,1713,-2114,637,140.021
77.376137,1713,-2113,636,140.021
77.381787,1714,-2112,635,140.021
77.386264,1715,-2113,633,140.021
77.390683,1714,-2114,632,140.021
77.396345,1715,-2116,632,140.021
77.400764,1715,-2116,633,140.021
77.406441,1714,-2115,633,140.026
77.411049,1716,-2116,632,140.026
77.416673,1718,-2116,627,140.026
77.421091,1720,-2118,623,140.026
77.425455,1721,-2120,620,140.026
77.431216,1721,-2121,619,140.026
77.435759,1721,-2122,622,140.026
77.441324,1722,-2122,628,140.026
77.445905,1722,-2120,634,140.026
77.451455,1723,-2117,636,140.026
77.456030,1724,-2115,639,140.026
77.461602,1724,-2113,640,140.021
77.466014,1724,-2115,640,140.021
77.470467,1724,-2115,640,140.021
77.476066,1726,-2116,643,140.021
77.480598,1726,-2116,645,140.021
77.486269,1726,-2115,646,140.021
77.490708,1724,-2113,645,140.021
77.496425,1721,-2114,646,140.021
77.500850,1718,-2114,644,140.021
77.505247,1717,-2113,641,140.021
77.511064,1717,-2114,641,140.021
77.515396,1718,-2115,640,140.021
77.521100,1720,-2115,638,140.021
77.525422,1721,-2114,637,140.021
77.531139,1720,-2112,634,140.021
77.535681,1721,-2110,631,140.021
77.541421,1721,-2107,630,140.021
77.545829,1720,-2106,631,140.021
77.550226,1719,-2106,635,140.015
77.555993,1717,-2107,639,140.015
77.560375,1716,-2108,641,140.015
77.566055,1716,-2109,642,140.015
77.570447,1714,-2110,643,140.015
77.576219,1714,-2109,642,140.015
77.580624,1714,-2108,642,140.015
77.585050,1714,-2108,640,140.015
77.590783,1715,-2107,640,140.015
77.595181,1715,-2106,639,140.015
77.600732,1714,-2106,638,140.015
77.605515,1714,-2106,636,140.015
77.611015,1714,-2107,635,140.015
77.615447,1717,-2109,634,140.015
77.621195,1719,-2112,631,140.015
77.625654,1721,-2114,630,140.015
77.630042,1721,-2116,630,140.015
77.635760,1722,-2117,629,140.015
77.640162,1724,-2117,628,140.015
77.645910,1725,-2117,624,140.015
77.650388,1726,-2115,619,140.015
77.656046,1726,-2115,616,140.015
77.660544,1726,-2116,616,140.015
77.664880,1725,-2119,620,140.015
77.670744,1725,-2121,623,140.015
77.675020,1724,-2120,623,140.015
77.680709,1722,-2118,623,140.015
77.685067,1722,-2116,622,140.015
77.690821,1721,-2115,621,140.015
77.695282,1722,-2114,624,140.015
77.701021,1724,-2115,623,140.015
77.705399,1726,-2115,623,140.010
77.709780,1728,-2115,624,140.010
77.715563,1731,-2114,624,140.010
77.719811,1733,-2114,625,140.010
77.725669,1733,-2114,624,140.010
77.730114,1733,-2114,623,140.010
77.735948,1733,-2113,623,140.010
77.740220,1732,-2112,622,140.010
77.744639,1734,-2112,623,140.004
77.750397,1736,-2114,623,140.004
77.754783,1737,-2114,624,140.004
77.760490,1737,-2114,627,140.004
77.764906,1737,-2114,629,140.004
77.770754,1735,-2111,629,140.004
77.775050,1732,-2111,628,140.004
77.780798,1730,-2111,627,139.999
77.785172,1728,-2112,628,139.999
77.789725,1726,-2115,627,139.999
77.795377,1726,-2117,626,139.999
77.799704,1728,-2120,627,139.999
77.805435,1729,-2124,629,139.999
77.809857,1728,-2126,632,139.999
77.815547,1727,-2128,636,139.999
77.820038,1724,-2130,638,139.999
77.824448,1721,-2131,641,139.999
77.830148,1719,-2133,645,140.004
77.834721,1719,-2135,647,140.004
77.840253,1719,-2133,649,140.004
77.844868,1720,-2131,650,140.004
77.850385,1720,-2127,650,140.004
77.854850,1720,-2123,648,140.004
77.860549,1718,-2120,646,140.004
77.864989,1718,-2116,647,140.004
77.869423,1718,-2114,647,140.004
77.875083,1717,-2111,649,140.004
77.879489,1717,-2109,650,140.004
77.885173,1716,-2109,650,140.004
77.889605,1715,-2109,650,140.004
77.895190,1715,-2110,650,140.004
77.899950,1715,-2111,649,140.004
77.904253,1718,-2113,649,140.004
77.909941,1720,-2115,650,140.004
77.914360,1722,-2117,650,140.004
77.920173,1724,-2119,649,140.004
77.924491,1725,-2121,648,140.010
77.930230,1726,-2123,648,140.010
77.934659,1727,-2123,649,140.010
77.940309,1727,-2123,648,140.010
77.944768,1725,-2124,644,140.010
77.949173,1723,-2122,643,140.010
77.954853,1721,-2121,639,140.015
77.959315,1719,-2120,637,140.015
77.964971,1717,-2118,636,140.015
77.969202,1714,-2115,634,140.010
77.975290,1712,-2115,634,140.010
77.979717,1710,-2114,636,140.010
77.983980,1711,-2115,638,140.010
77.989725,1712,-2115,638,140.004
77.994170,1713,-2113,637,140.004
77.999968,1713,-2112,636,140.004
78.004289,1712,-2109,635,140.004
78.009703,1713,-2107,636,140.004
78.014197,1716,-2104,636,140.004
78.020293,1718,-2102,634,140.004
78.024510,1720,-2102,632,140.004
78.028891,1720,-2102,629,140.010
78.034681,1720,-2103,627,140.010
78.038847,1721,-2105,626,140.010
78.044763,1723,-2107,625,140.010
78.049232,1723,-2108,623,140.010
78.054942,1723,-2109,623,140.010
78.059320,1724,-2110,620,140.010
78.063814,1724,-2111,619,140.010
78.069335,1724,-2112,618,140.010
78.073917,1722,-2112,617,140.004
78.079626,1720,-2112,620,140.004
78.084152,1718,-2112,620,140.004
78.089775,1717,-2113,621,140.004
78.094134,1715,-2113,621,140.004
78.099948,1715,-2115,620,140.004
78.104262,1715,-2116,624,140.004
78.108659,1714,-2116,627,140.004
78.114408,1715,-2116,628,140.004
78.118865,1715,-2115,631,140.010
78.124597,1715,-2114,631,140.010
78.129015,1714,-2115,630,140.010
78.134664,1714,-2114,627,140.010
78.139184,1713,-2114,626,140.015
78.143589,1713,-2112,625,140.015
78.149444,1714,-2110,627,140.015
78.153715,1715,-2109,632,140.015
78.159341,1715,-2108,636,140.015
78.163996,1715,-2107,639,140.015
78.169522,1715,-2108,642,140.015
78.174054,1713,-2107,644,140.015
78.179652,1711,-2106,644,140.015
78.184088,1710,-2105,644,140.010
78.188527,1711,-2104,644,140.010
78.194375,1712,-2103,643,140.010
78.198641,1712,-2105,640,140.010
78.204403,1712,-2105,640,140.010
78.208848,1711,-2104,640,140.004
78.214497,1710,-2102,638,140.004
78.218978,1709,-2100,639,140.004
78.223326,1707,-2098,640,140.004
78.229070,1706,-2098,639,140.004
78.233485,1707,-2098,637,140.010
78.239175,1708,-2098,636,140.010
78.243674,1712,-2100,634,140.010
78.249369,1716,-2101,632,140.010
78.253637,1720,-2102,630,140.004
78.259460,1723,-2105,629,140.004
78.263913,1726,-2106,626,140.004
78.268366,1727,-2108,623,140.004
78.273996,1727,-2109,620,140.004
78.278603,1726,-2109,616,140.004
78.284119,1725,-2109,616,140.004
78.288550,1723,-2110,619,139.999
78.294325,1720,-2110,623,139.999
78.298735,1718,-2110,626,139.999
78.303089,1716,-2109,627,139.999
78.308932,1715,-2108,629,140.004
78.313256,1715,-2108,629,140.004
78.319108,1717,-2108,631,140.004
78.323417,1718,-2109,634,140.004
78.329119,1720,-2109,634,140.004
78.333549,1721,-2109,632,140.004
78.339259,1722,-2110,630,140.004
78.343651,1722,-2111,627,140.004
78.348111,1722,-2112,623,140.004
78.353810,1722,-2112,619,140.004
78.358258,1723,-2112,620,140.004
78.363996,1725,-2111,618,140.004
78.368370,1724,-2111,620,139.999
78.374139,1723,-2112,622,139.999
78.378541,1722,-2113,622,139.999
78.383065,1722,-2113,622,139.999
78.388650,1722,-2113,622,139.999
78.393040,1724,-2112,621,139.999
78.398706,1727,-2110,623,139.999
78.403173,1727,-2108,623,139.999
78.408941,1728,-2107,626,139.993
78.413261,1728,-2107,629,139.993
78.419174,1726,-2110,632,139.993
78.423455,1724,-2113,634,139.993
78.427829,1725,-2116,637,139.993
78.433512,1726,-2119,636,139.993
78.438045,1729,-2120,635,139.993
78.443705,1732,-2120,636,139.993
78.448121,1734,-2119,636,139.993
78.453833,1734,-2117,639,139.993
78.458271,1732,-2116,642,139.993
78.462524,1732,-2114,641,139.993
78.468401,1731,-2113,642,139.988
78.472814,1731,-2112,641,139.988
78.478524,1728,-2111,638,139.988
78.482976,1726,-2110,634,139.988
78.488774,1723,-2109,632,139.988
78.493117,1720,-2109,629,139.988
78.498747,1718,-2110,626,139.988
78.503156,1718,-2111,628,139.988
78.507620,1718,-2114,630,139.988
78.513390,1720,-2114,629,139.988
78.517806,1722,-2115,626,139.988
78.523443,1723,-2114,624,139.988
78.527958,1724,-2113,621,139.988
78.533691,1725,-2111,619,139.982
78.538128,1724,-2109,621,139.982
78.542431,1724,-2106,624,139.982
78.548254,1724,-2105,626,139.982
78.552593,1725,-2104,628,139.982
78.558332,1726,-2105,630,139.982
78.562783,1728,-2105,632,139.982
78.568418,1728,-2107,631,139.977
78.572826,1728,-2106,632,139.977
78.578616,1726,-2105,631,139.977
78.583015,1725,-2106,631,139.977
78.587576,1725,-2105,631,139.977
78.593194,1726,-2105,630,139.977
78.597550,1727,-2107,629,139.977
78.603271,1727,-2109,630,139.977
78.607665,1728,-2110,634,139.977
78.613395,1728,-2112,638,139.977
78.617790,1728,-2113,642,139.971
78.622279,1727,-2115,643,139.971
78.627946,1726,-2115,643,139.971
78.632340,1724,-2116,639,139.971
78.638223,1722,-2116,634,139.971
78.642694,1721,-2116,630,139.971
78.648217,1720,-2117,628,139.971
78.652691,1719,-2118,628,139.971
78.658346,1718,-2120,629,139.971
78.662839,1717,-2122,629,139.977
78.667215,1716,-2123,629,139.977
78.672849,1715,-2123,626,139.977
78.677331,1714,-2121,624,139.977
78.683047,1715,-2118,623,139.977
78.687478,1714,-2117,624,139.977
78.693101,1714,-2116,628,139.977
78.697568,1714,-2114,629,139.977
78.702114,1713,-2114,632,139.977
78.707742,1713,-2113,634,139.977
78.712102,1713,-2112,632,139.977
78.717803,1714,-2112,629,139.977
78.722273,1715,-2112,624,139.977
78.727977,1716,-2113,615,139.977
78.732410,1717,-2116,611,139.977
78.738199,1717,-2118,607,139.977
78.742571,1718,-2120,605,139.977
78.746951,1716,-2123,608,139.982
78.752687,1715,-2125,609,139.982
78.757159,1714,-2126,615,139.982
78.762797,1714,-2126,619,139.988
78.767407,1715,-2125,624,139.988
78.772953,1715,-2122,628,139.988
78.777225,1716,-2120,630,139.993
78.781957,1717,-2118,631,139.993
78.787611,1716,-2116,631,139.993
78.791936,1715,-2115,631,139.993
78.797672,1715,-2113,629,139.993
78.802068,1714,-2111,627,139.993
78.807750,1713,-2110,624,139.993
78.812155,1713,-2110,622,139.993
78.818012,1711,-2110,619,139.993
78.822304,1708,-2112,615,139.993
78.826771,1708,-2112,610,139.993
78.832515,1708,-2113,606,139.993
78.837038,1708,-2112,604,139.993
78.842585,1710,-2113,606,139.993
78.847013,1710,-2113,610,139.993
78.852721,1710,-2113,611,139.993
78.857209,1709,-2113,613,139.988
78.861612,1707,-2114,614,139.988
78.867387,1706,-2112,612,139.988
78.871720,1706,-2111,609,139.988
78.877360,1706,-2109,607,139.988
78.881899,1705,-2108,608,139.982
78.887603,1705,-2108,610,139.982
78.892057,1707,-2108,614,139.982
78.897847,1707,-2109,619,139.982
78.902141,1709,-2109,623,139.982
78.906564,1710,-2109,627,139.982
78.912258,1709,-2110,632,139.982
78.916742,1709,-2111,636,139.982
78.922334,1708,-2111,638,139.982
78.926827,1709,-2110,639,139.982
78.932660,1709,-2111,637,139.982
78.936990,1708,-2113,635,139.982
78.941384,1707,-2114,635,139.988
78.947139,1706,-2115,635,139.988
78.951502,1705,-2113,634,139.988
78.957170,1704,-2112,632,139.988
78.961623,1704,-2111,629,139.993
78.967126,1704,-2110,628,139.993
78.971708,1705,-2109,627,139.993
78.977512,1706,-2108,626,139.993
78.981933,1707,-2108,627,139.993
78.986327,1706,-2109,625,139.999
78.992198,1705,-2108,624,139.999
78.996471,1706,-2106,624,139.999
79.002150,1708,-2106,623,139.999
79.006298,1709,-2105,622,140.004
79.012256,1711,-2106,621,140.004
79.016720,1712,-2107,618,140.004
79.021048,1713,-2107,617,140.004
79.026835,1714,-2111,617,140.004
79.031231,1713,-2113,615,140.010
79.036714,1713,-2115,615,140.010
79.041381,1711,-2116,616,140.010
79.047100,1710,-2116,616,140.015
79.051669,1710,-2115,615,140.015
79.057260,1710,-2114,614,140.015
79.061677,1712,-2114,617,140.021
79.066076,1715,-2115,616,140.021
79.071821,1719,-2114,616,140.015
79.076272,1722,-2112,619,140.015
79.081981,1724,-2108,619,140.015
79.086372,1725,-2106,621,140.015
79.092071,1726,-2104,624,140.010
79.096506,1726,-2104,627,140.010
79.100895,1728,-2106,628,140.010
79.106827,1727,-2108,628,140.004
79.111071,1726,-2110,632,140.004
79.116789,1723,-2113,632,140.004
79.121207,1720,-2117,633,140.004
79.127032,1718,-2119,630,140.004
79.131321,1717,-2119,629,140.004
79.137006,1716,-2119,631,140.004
79.141470,1715,-2118,630,140.004
79.145843,1713,-2117,628,140.004
79.151551,1710,-2116,626,140.004
79.156072,1709,-2116,624,140.004
79.161761,1709,-2117,623,140.004
79.166100,1710,-2118,623,140.004
79.171834,1712,-2119,625,140.010
79.176272,1714,-2121,626,140.010
79.180726,1715,-2122,628,140.010
79.186397,1717,-2122,631,140.010
79.190814,1717,-2122,633,140.004
79.196360,1716,-2120,631,140.004
79.201131,1715,-2116,628,140.004
79.206680,1714,-2114,623,140.004
79.211128,1714,-2112,616,140.004
79.216676,1713,-2111,609,140.004
79.221225,1713,-2110,607,140.010
79.225654,1712,-2110,605,140.010
79.231337,1714,-2110,605,140.010
79.235853,1714,-2109,605,140.004
79.241451,1714,-2108,603,140.010
79.245936,1714,-2106,602,140.004
79.251646,1713,-2104,602,140.004
79.256072,1713,-2103,603,140.004
79.260466,1715,-2105,608,140.004
79.266185,1715,-2106,610,140.004
79.270778,1714,-2108,612,139.999
79.276283,1713,-2111,610,139.999
79.280902,1710,-2112,606,140.004
79.286443,1707,-2114,602,140.004
79.290929,1704,-2114,600,140.004
79.296601,1703,-2112,597,140.010
79.301019,1702,-2110,594,140.010
79.305407,1703,-2108,592,140.015
79.311151,1703,-2107,590,140.015
79.315578,1700,-2106,593,140.015
79.321275,1698,-2106,592,140.021
79.325737,1697,-2105,592,140.021
79.331414,1697,-2104,593,140.021
79.335834,1698,-2103,591,140.026
79.340250,1700,-2105,589,140.026
79.346168,1702,-2107,590,140.032
79.350435,1704,-2111,591,140.032
79.356086,1704,-2113,595,140.032
79.360577,1704,-2113,596,140.032
79.366227,1704,-2110,598,140.026
79.370614,1704,-2108,599,140.026
79.376369,1704,-2104,598,140.026
79.380792,1705,-2102,598,140.026
79.385370,1706,-2102,600,140.021
79.390952,1708,-2103,602,140.021
79.395315,1710,-2103,603,140.026
79.401044,1712,-2103,604,140.026
79.405426,1714,-2104,603,140.026
79.411186,1714,-2104,603,140.032
79.415662,1714,-2105,602,140.032
79.420089,1715,-2107,600,140.032
79.425776,1715,-2108,597,140.032
79.430173,1717,-2110,593,140.037
79.435911,1717,-2111,590,140.037
79.440298,1716,-2114,588,140.037
79.446051,1715,-2114,586,140.037
79.450498,1713,-2114,587,140.037
79.456320,1713,-2113,588,140.037
79.460569,1714,-2111,592,140.032
79.465092,1715,-2109,595,140.032
79.470698,1716,-2108,598,140.032
79.475294,1717,-2106,598,140.032
79.480655,1717,-2105,598,140.032
79.485232,1717,-2106,600,140.026
79.491005,1719,-2109,601,140.026
79.495396,1719,-2110,604,140.026
79.499768,1720,-2112,608,140.026
79.505496,1721,-2111,609,140.026
79.510000,1720,-2109,612,140.026
79.515647,1720,-2108,615,140.026
79.520152,1719,-2107,618,140.026
79.525794,1716,-2105,617,140.026
79.530228,1715,-2104,616,140.026
79.535973,1714,-2103,613,140.026
79.540419,1713,-2104,612,140.026
79.544758,1714,-2105,614,140.032
79.550542,1714,-2106,615,140.032
79.555078,1713,-2105,617,140.032
79.560655,1714,-2104,618,140.032
79.565100,1715,-2104,616,140.032
79.570927,1716,-2103,616,140.032
79.575191,1719,-2103,614,140.037
79.579570,1719,-2103,612,140.037
79.585337,1717,-2102,609,140.037
79.589748,1717,-2101,607,140.043
79.595425,1717,-2101,608,140.043
79.599890,1716,-2102,609,140.043
79.605567,1717,-2104,613,140.043
79.610061,1718,-2106,616,140.043
79.615732,1717,-2108,617,140.043
79.620120,1715,-2108,616,140.043
79.624582,1715,-2108,613,140.043
79.630295,1716,-2108,611,140.043
79.634707,1717,-2107,611,140.043
79.640417,1719,-2107,615,140.043
79.644815,1718,-2106,621,140.037
79.650698,1716,-2106,626,140.037
79.654994,1715,-2109,631,140.037
79.659349,1713,-2109,634,140.037
79.665150,1712,-2111,635,140.037
79.669607,1712,-2112,636,140.037
79.675243,1712,-2111,635,140.037
79.679695,1712,-2110,634,140.037
79.685364,1713,-2107,633,140.037
79.689942,1712,-2104,632,140.037
79.695588,1711,-2101,630,140.032
79.700097,1710,-2099,630,140.032
79.704358,1710,-2100,630,140.032
79.710080,1709,-2102,632,140.032
79.714477,1709,-2103,633,140.032
79.720159,1710,-2104,632,140.026
79.724677,1710,-2106,630,140.026
79.730138,1711,-2108,626,140.026
79.734724,1710,-2110,625,140.026
79.739191,1709,-2109,626,140.032
79.745074,1709,-2109,627,140.032
79.749318,1710,-2108,626,140.032
79.755026,1713,-2108,626,140.032
79.759684,1713,-2109,625,140.032
79.765157,1713,-2110,625,140.032
79.769586,1712,-2111,624,140.037
79.775297,1710,-2112,622,140.037
79.779765,1707,-2110,615,140.043
79.784150,1704,-2108,608,140.043
79.789853,1702,-2104,602,140.043
79.794295,1700,-2102,599,140.048
79.800008,1699,-2101,599,140.048
79.804405,1700,-2101,599,140.054
79.810128,1702,-2102,601,140.054
79.814614,1703,-2101,602,140.054
79.818944,1703,-2101,604,140.059
79.824746,1705,-2100,606,140.059
79.829144,1707,-2098,608,140.059
79.834788,1708,-2097,612,140.065
79.839246,1710,-2097,616,140.065
79.845106,1712,-2097,618,140.059
79.849359,1712,-2099,622,140.059
79.855086,1714,-2101,627,140.059
79.859560,1715,-2102,632,140.054
79.863919,1717,-2102,637,140.054
79.869642,1719,-2102,642,140.048
79.874037,1721,-2103,641,140.048
79.879808,1721,-2103,639,140.048
79.884165,1722,-2104,639,140.048
79.889917,1723,-2104,636,140.043
79.894267,1723,-2103,637,140.043
79.898728,1723,-2104,637,140.043
79.904464,1721,-2105,637,140.043
79.908846,1720,-2107,637,140.043
79.914546,1719,-2109,639,140.048
79.919108,1718,-2110,638,140.048
79.924689,1717,-2110,640,140.048
79.929142,1717,-2110,640,140.054
79.935004,1716,-2110,640,140.054
79.939273,1716,-2111,640,140.054
79.943729,1716,-2112,638,140.059
79.949372,1714,-2112,635,140.059
79.953825,1710,-2112,634,140.054
79.959489,1706,-2111,633,140.054
79.963947,1704,-2111,632,140.054
79.969427,1702,-2111,631,140.048
79.974126,1703,-2112,629,140.048
79.978324,1704,-2112,628,140.043
79.984202,1705,-2111,629,140.043
79.988692,1708,-2111,629,140.037
79.994431,1708,-2112,627,140.037
79.998908,1708,-2112,624,140.037
80.004550,1708,-2112,625,140.037
80.008639,1707,-2113,628,140.043
80.014603,1705,-2115,633,140.043
80.019073,1704,-2116,636,140.048
80.023152,1703,-2117,639,140.048
80.029157,1703,-2118,636,140.054
80.033515,1705,-2117,631,140.054
80.038997,1709,-2117,629,140.059
80.043732,1711,-2117,627,140.059
80.049453,1712,-2116,627,140.059
80.053683,1712,-2114,626,140.059
80.058289,1711,-2113,624,140.059
80.064065,1710,-2113,622,140.059
80.068412,1711,-2113,621,140.059
80.074134,1710,-2114,620,140.059
80.078688,1712,-2115,620,140.059
80.084324,1714,-2117,618,140.054
80.088744,1714,-2116,612,140.054
80.094388,1715,-2115,609,140.048
80.098825,1716,-2114,607,140.048
80.103281,1716,-2112,605,140.043
80.109045,1715,-2110,605,140.037
80.113361,1714,-2110,607,140.037
80.119144,1712,-2110,608,140.037
80.123491,1711,-2111,609,140.037
80.129249,1711,-2112,609,140.037
80.133676,1712,-2111,610,140.032
80.138092,1711,-2111,614,140.032
80.143816,1711,-2111,619,140.037
80.148403,1711,-2110,626,140.037
80.153967,1710,-2111,633,140.037
80.158399,1710,-2111,636,140.037
80.164060,1711,-2110,636,140.043
80.168537,1712,-2109,636,140.043
80.174227,1712,-2109,636,140.048
80.178613,1711,-2109,635,140.048
80.183220,1710,-2108,634,140.048
80.188749,1708,-2109,634,140.054
80.193251,1706,-2108,632,140.054
80.198896,1705,-2108,630,140.054
80.203368,1704,-2109,628,140.059
80.209081,1703,-2110,626,140.059
80.213295,1703,-2110,626,140.059
80.217923,1703,-2111,629,140.059
80.223621,1703,-2109,630,140.059
80.228076,1704,-2109,633,140.065
80.233872,1704,-2111,634,140.065
80.238224,1705,-2111,635,140.065
80.243669,1706,-2110,636,140.070
80.248298,1708,-2111,640,140.070
80.254043,1709,-2110,642,140.070
80.258446,1712,-2109,644,140.070
80.262665,1713,-2108,644,140.070
80.268570,1714,-2107,640,140.070
80.272991,1715,-2106,637,140.070
80.278668,1714,-2105,633,140.065
80.283116,1713,-2107,629,140.065
80.288834,1712,-2109,625,140.065
80.293248,1712,-2111,621,140.065
80.297651,1712,-2113,621,140.065
80.303444,1710,-2114,620,140.070
80.307829,1712,-2114,619,140.070
80.313475,1711,-2114,617,140.070
80.317948,1711,-2114,616,140.070
80.323612,1712,-2114,616,140.076
80.328056,1713,-2115,615,140.076
80.333803,1712,-2115,615,140.076
80.338225,1713,-2118,617,140.081
80.342624,1715,-2119,620,140.081
80.348176,1716,-2120,622,140.081
80.352784,1717,-2120,624,140.081
80.358496,1717,-2120,625,140.081
80.362895,1717,-2118,626,140.081
80.368586,1717,-2117,625,140.076
80.373023,1717,-2118,625,140.076
80.377452,1718,-2118,626,140.076
80.383174,1720,-2118,625,140.070
80.387725,1721,-2118,622,140.070
80.393276,1723,-2117,618,140.065
80.397688,1724,-2115,617,140.065
80.403435,1723,-2115,617,140.059
80.407892,1724,-2114,617,140.059
80.413576,1725,-2115,620,140.054
80.418181,1724,-2114,622,140.054
80.422633,1724,-2113,623,140.054
80.428111,1724,-2111,624,140.059
80.432552,1724,-2108,624,140.059
80.438236,1725,-2106,624,140.059
80.442828,1729,-2105,624,140.059
80.448445,1733,-2104,625,140.059
80.452878,1733,-2104,627,140.065
80.457191,1733,-2103,627,140.065
80.463001,1731,-2104,628,140.065
80.467420,1728,-2103,625,140.065
80.473181,1727,-2103,620,140.065
80.477584,1725,-2104,616,140.065
80.483245,1723,-2106,615,140.065
80.487626,1720,-2106,614,140.065
80.493320,1718,-2106,614,140.065
80.497740,1715,-2106,614,140.070
80.502145,1714,-2105,613,140.070
80.507974,1712,-2105,610,140.070
80.512316,1711,-2106,609,140.070
80.518171,1710,-2106,608,140.070
80.522447,1709,-2107,607,140.076
80.528221,1709,-2109,607,140.076
80.532596,1709,-2110,607,140.076
80.537097,1709,-2111,606,140.076
80.542694,1711,-2112,607,140.076
80.547140,1711,-2112,607,140.076
80.552860,1711,-2111,606,140.076
80.557264,1712,-2111,606,140.076
80.562971,1711,-2110,605,140.076
80.567374,1712,-2109,608,140.076
80.573171,1711,-2109,612,140.076
80.577492,1711,-2108,616,140.070
80.582078,1711,-2109,619,140.070
80.587725,1711,-2111,623,140.076
80.592142,1712,-2112,623,140.076
80.597835,1713,-2114,624,140.076
80.602295,1714,-2115,625,140.076
80.607970,1716,-2116,628,140.076
80.612529,1717,-2117,631,140.076
80.616639,1717,-2119,635,140.076
80.622543,1717,-2121,637,140.076
80.626976,1718,-2121,641,140.076
80.632666,1718,-2121,642,140.070
80.637157,1719,-2121,643,140.070
80.642794,1717,-2121,643,140.065
80.647222,1715,-2120,642,140.065
80.652895,1713,-2120,641,140.059
80.657376,1711,-2120,640,140.054
80.661783,1709,-2120,637,140.054
80.667431,1708,-2121,633,140.048
80.671867,1706,-2123,630,140.048
80.677614,1705,-2123,628,140.048
80.682059,1704,-2121,625,140.048
80.687869,1704,-2120,624,140.048
80.692191,1705,-2119,624,140.048
80.696706,1706,-2118,623,140.048
80.702295,1708,-2117,623,140.054
80.706702,1712,-2117,623,140.059
80.712365,1712,-2115,622,140.059
80.716874,1713,-2113,623,140.065
80.722540,1713,-2110,624,140.070
80.726949,1713,-2107,625,140.070
80.732826,1713,-2104,627,140.076
80.737132,1714,-2103,628,140.076
80.741607,1715,-2103,625,140.081
80.747287,1716,-2103,623,140.081
80.751655,1717,-2102,620,140.087
80.757381,1718,-2102,616,140.087
80.761776,1720,-2101,614,140.087
80.767467,1719,-2102,614,140.087
80.771924,1718,-2102,616,140.087
80.776331,1717,-2102,618,140.087
80.782218,1713,-2104,620,140.087
80.786475,1712,-2104,619,140.087
80.792174,1709,-2104,616,140.087
80.796622,1706,-2104,615,140.092
80.802186,1705,-2102,611,140.092
80.806749,1705,-2099,608,140.098
80.812493,1703,-2099,608,140.103
80.816836,1702,-2097,608,140.103
80.821338,1701,-2098,608,140.109
80.827000,1701,-2098,609,140.114
80.831425,1701,-2098,610,140.114
80.837104,1704,-2097,611,140.120
80.841547,1706,-2096,611,140.120
80.847275,1708,-2095,612,140.120
80.851726,1708,-2096,614,140.125
80.856173,1706,-2097,616,140.125
80.861767,1704,-2100,619,140.125
80.866227,1703,-2102,622,140.120
80.871972,1703,-2101,625,140.120
80.876348,1704,-2103,629,140.114
80.882073,1705,-2103,632,140.114
80.886497,1708,-2103,633,140.114
80.892372,1710,-2104,633,140.109
80.896676,1711,-2104,628,140.103
80.901072,1711,-2105,626,140.103
80.906813,1711,-2105,625,140.098
80.911195,1712,-2104,626,140.098
80.916866,1712,-2102,630,140.098
80.921220,1712,-2101,632,140.092
80.927052,1712,-2098,634,140.092
80.931523,1713,-2097,634,140.087
80.935867,1715,-2095,634,140.087
80.941648,1718,-2092,634,140.081
80.946062,1719,-2089,633,140.076
80.951733,1720,-2087,633,140.076
80.956148,1719,-2086,636,140.076
80.961832,1717,-2086,637,140.070
80.966280,1715,-2087,639,140.070
80.971970,1714,-2090,641,140.070
80.976395,1716,-2093,641,140.070
80.980813,1717,-2097,641,140.070
80.986551,1719,-2100,638,140.070
80.990973,1723,-2102,636,140.070
80.996722,1726,-2104,633,140.070
81.001086,1729,-2106,633,140.070
81.006564,1729,-2109,635,140.070
81.010915,1728,-2111,637,140.070
81.015272,1727,-2112,639,140.070
81.021052,1725,-2113,640,140.070
81.025521,1723,-2114,640,140.065
81.031176,1721,-2116,641,140.065
81.035619,1719,-2116,641,140.065
81.041343,1716,-2114,640,140.065
81.045817,1715,-2113,639,140.065
81.051783,1715,-2111,636,140.065
81.056167,1715,-2109,633,140.065
81.060615,1716,-2109,630,140.065
81.066311,1716,-2109,626,140.065
81.070807,1716,-2110,624,140.065
81.076458,1716,-2110,625,140.065
81.080836,1717,-2110,626,140.065
81.086599,1717,-2110,629,140.065
81.090988,1718,-2110,632,140.065
81.095234,1718,-2109,636,140.070
81.101323,1718,-2110,638,140.070
81.105549,1718,-2109,641,140.070
81.111240,1718,-2110,644,140.065
81.115779,1719,-2110,642,140.065
81.121358,1721,-2110,642,140.065
81.125924,1723,-2109,641,140.065
81.131548,1724,-2109,639,140.065
81.136015,1723,-2109,637,140.059
81.140448,1722,-2109,635,140.059
81.146146,1721,-2110,634,140.059
81.150540,1722,-2111,633,140.059
81.156237,1723,-2113,631,140.059
81.160690,1724,-2115,631,140.059
81.166377,1726,-2116,631,140.059
81.170981,1727,-2118,633,140.059
81.175184,1728,-2118,635,140.059
81.180949,1728,-2116,634,140.059
81.185355,1727,-2113,634,140.059
81.191035,1725,-2112,632,140.059
81.195496,1724,-2111,628,140.059
81.201191,1723,-2110,626,140.059
81.205667,1722,-2110,622,140.059
81.211370,1720,-2110,618,140.059
81.215732,1718,-2109,614,140.059
81.220147,1714,-2109,609,140.059
81.225861,1713,-2106,603,140.059
81.230333,1712,-2104,600,140.059
81.235870,1711,-2102,598,140.059
81.240477,1711,-2102,598,140.059
81.246221,1710,-2103,599,140.059
81.250577,1712,-2106,606,140.059
81.255035,1712,-2108,612,140.059
81.260688,1712,-2110,615,140.059
81.265255,1714,-2112,620,140.059
81.270763,1715,-2111,623,140.059
81.275423,1715,-2110,626,140.059
81.280982,1718,-2109,629,140.059
81.285399,1720,-2107,630,140.054
81.291084,1722,-2106,632,140.054
81.295698,1723,-2106,628,140.054
81.300078,1725,-2106,625,140.054
81.305678,1725,-2108,622,140.054
81.310084,1724,-2108,619,140.054
81.315773,1722,-2108,618,140.054
81.320215,1718,-2108,615,140.054
81.325960,1714,-2107,614,140.054
81.330369,1712,-2105,616,140.054
81.334791,1712,-2106,616,140.059
81.340529,1712,-2108,619,140.059
81.344664,1712,-2111,619,140.059
81.350777,1712,-2112,620,140.059
81.355094,1711,-2116,619,140.059
81.360716,1711,-2117,619,140.059
81.365201,1710,-2115,619,140.059
81.370907,1709,-2114,616,140.059
81.375389,1709,-2111,608,140.059
81.379719,1711,-2109,602,140.059
81.385433,1714,-2108,597,140.059
81.389878,1718,-2109,594,140.059
81.395526,1722,-2109,593,140.054
81.400006,1725,-2110,594,140.054
81.405708,1727,-2110,590,140.054
81.410099,1728,-2108,590,140.054
81.414550,1730,-2107,594,140.054
81.420282,1731,-2107,598,140.054
81.424681,1732,-2106,601,140.048
81.430425,1732,-2105,606,140.054
81.434864,1730,-2102,611,140.054
81.440547,1727,-2101,615,140.054
81.445165,1726,-2100,621,140.054
81.450699,1724,-2101,625,140.054
81.455164,1724,-2102,624,140.054
81.459528,1723,-2103,626,140.054
81.465323,1722,-2105,629,140.054
81.469603,1720,-2106,632,140.054
81.475536,1718,-2106,639,140.054
81.479781,1716,-2105,642,140.054
81.485531,1713,-2106,645,140.054
81.489975,1711,-2106,647,140.054
81.494367,1708,-2107,648,140.054
81.500144,1707,-2109,650,140.054
81.504671,1707,-2109,649,140.054
81.510175,1707,-2109,647,140.054
81.514675,1709,-2108,645,140.054
81.520354,1710,-2107,644,140.048
81.524793,1710,-2106,645,140.048
81.530640,1711,-2106,645,140.048
81.534950,1712,-2105,644,140.048
81.539305,1715,-2106,646,140.043
81.545028,1717,-2105,646,140.043
81.549598,1719,-2105,644,140.043
81.555273,1720,-2104,642,140.043
81.559618,1718,-2102,639,140.043
81.565280,1718,-2100,635,140.043
81.569693,1716,-2098,633,140.043
81.574188,1717,-2097,628,140.043
81.579899,1718,-2096,624,140.043
81.584332,1717,-2096,621,140.043
81.590000,1717,-2096,619,140.043
81.594451,1713,-2096,619,140.043
81.600130,1711,-2097,620,140.043
81.604708,1709,-2099,621,140.043
81.610278,1710,-2099,621,140.048
81.614679,1712,-2100,620,140.043
81.619121,1714,-2100,620,140.043
81.624821,1718,-2100,618,140.043
81.629276,1719,-2100,615,140.043
81.635021,1720,-2100,616,140.043
81.639347,1719,-2101,617,140.043
81.645072,1717,-2102,620,140.043
81.649464,1715,-2102,621,140.043
81.653880,1713,-2100,621,140.037
81.659636,1711,-2100,618,140.037
81.664046,1708,-2100,613,140.037
81.669807,1707,-2100,610,140.037
81.674269,1705,-2101,608,140.043
81.680043,1705,-2102,610,140.043
81.684332,1707,-2102,615,140.043
81.690194,1708,-2103,617,140.043
81.694438,1709,-2102,622,140.043
81.698879,1708,-2102,620,140.048
81.704555,1706,-2103,621,140.048
81.709218,1705,-2104,624,140.048
81.714720,1704,-2105,625,140.048
81.719145,1704,-2107,625,140.048
81.724835,1705,-2110,629,140.043
81.729464,1705,-2111,629,140.043
81.733777,1706,-2113,626,140.043
81.739422,1706,-2114,624,140.048
81.743857,1705,-2114,622,140.048
81.749510,1705,-2114,620,140.048
81.754209,1706,-2114,623,140.048
81.759681,1707,-2113,626,140.048
81.764265,1708,-2112,629,140.054
81.769843,1709,-2112,631,140.054
81.774426,1709,-2111,631,140.054
81.778865,1709,-2110,632,140.054
81.784391,1710,-2110,631,140.054
81.788869,1711,-2109,629,140.054
81.794525,1712,-2108,630,140.054
81.798970,1713,-2108,632,140.054
81.804696,1714,-2106,638,140.054
81.809260,1713,-2107,643,140.054
81.813500,1714,-2107,645,140.054
81.819249,1714,-2106,642,140.054
81.823779,1713,-2105,638,140.054
81.829311,1709,-2104,633,140.048
81.833782,1708,-2102,628,140.048
81.839461,1705,-2102,625,140.048
81.843920,1705,-2102,623,140.048
81.849607,1707,-2101,621,140.048
81.854197,1708,-2102,620,140.048
81.858520,1710,-2102,618,140.048
81.864193,1712,-2102,619,140.048
81.868619,1713,-2103,624,140.048
81.874471,1715,-2104,625,140.048
81.878788,1718,-2104,627,140.048
81.884521,1720,-2106,633,140.048
81.888920,1722,-2106,635,140.048
81.893272,1722,-2106,636,140.048
81.899006,1722,-2106,636,140.048
81.903482,1723,-2105,634,140.048
81.908995,1723,-2105,630,140.048
81.913548,1723,-2104,626,140.048
81.919309,1724,-2102,622,140.048
81.923852,1723,-2102,621,140.048
81.929451,1721,-2100,620,140.048
81.933829,1720,-2098,621,140.048
81.938241,1718,-2097,621,140.048
81.943956,1715,-2097,622,140.048
81.948402,1716,-2098,624,140.043
81.954103,1717,-2101,628,140.043
81.958485,1720,-2103,629,140.043
81.964251,1724,-2105,632,140.037
81.968452,1727,-2107,632,140.037
81.972753,1728,-2108,633,140.037
81.978748,1728,-2108,635,140.037
81.983210,1728,-2108,637,140.037
81.988859,1727,-2108,640,140.032
81.993373,1725,-2106,642,140.032
81.999051,1722,-2107,641,140.032
82.003456,1719,-2107,641,140.032
82.008979,1715,-2109,641,140.032
82.013604,1712,-2109,640,140.037
82.018045,1710,-2110,637,140.037
82.023445,1708,-2111,632,140.037
82.028170,1708,-2112,627,140.037
82.033879,1709,-2113,623,140.037
82.038111,1710,-2114,620,140.043
82.043985,1711,-2114,619,140.043
82.048418,1713,-2113,619,140.043
82.052851,1713,-2112,620,140.043
82.058525,1713,-2111,621,140.043
82.062980,1715,-2110,621,140.043
82.068679,1716,-2111,621,140.043
82.073083,1719,-2112,621,140.037
82.078814,1721,-2113,622,140.037
82.083323,1721,-2115,624,140.037
82.088974,1721,-2115,626,140.037
82.093353,1720,-2112,629,140.037
82.097769,1720,-2110,634,140.037
82.103502,1719,-2107,638,140.037
82.108123,1718,-2108,642,140.037
82.113679,1718,-2109,644,140.037
82.118050,1717,-2110,646,140.037
82.123899,1718,-2110,649,140.037
82.128183,1720,-2111,651,140.037
82.132686,1721,-2111,653,140.037
82.138348,1721,-2112,657,140.037
82.142787,1720,-2113,658,140.037
82.148472,1719,-2114,658,140.037
82.152985,1718,-2117,656,140.037
82.158668,1716,-2118,652,140.037
82.163042,1715,-2118,649,140.037
82.168836,1715,-2118,647,140.037
82.173202,1714,-2116,645,140.043
82.177599,1714,-2114,645,140.043
82.183278,1713,-2111,644,140.043
82.187729,1713,-2108,642,140.037
82.193381,1713,-2108,644,140.037
82.197861,1714,-2108,644,140.037
82.203571,1715,-2110,641,140.037
82.208074,1716,-2113,641,140.037
82.212425,1717,-2116,639,140.037
82.218108,1716,-2118,636,140.032
82.222412,1715,-2121,638,140.032
82.228210,1713,-2122,638,140.032
82.232751,1712,-2122,640,140.032
82.238399,1713,-2121,642,140.037
82.242788,1713,-2120,641,140.037
82.248547,1716,-2118,640,140.037
82.253061,1717,-2116,643,140.037
82.257440,1718,-2115,646,140.037
82.263064,1717,-2113,649,140.037
82.267493,1716,-2111,655,140.037
82.273271,1714,-2109,655,140.037
82.277688,1713,-2106,652,140.043
82.283373,1711,-2103,649,140.043
82.287787,1710,-2103,645,140.043
82.292166,1710,-2102,642,140.048
82.298030,1710,-2101,639,140.048
82.302396,1712,-2100,636,140.048
82.308047,1713,-2098,632,140.048
82.312502,1713,-2096,629,140.048
82.318221,1712,-2096,628,140.048
82.322536,1709,-2098,629,140.048
82.328337,1707,-2100,631,140.048
82.332752,1707,-2102,629,140.048
82.337213,1708,-2104,628,140.048
82.342902,1708,-2104,627,140.043
82.347326,1710,-2104,622,140.043
82.353019,1710,-2104,618,140.043
82.357445,1708,-2105,616,140.043
82.363324,1708,-2106,614,140.037
82.367612,1708,-2107,615,140.037
82.372092,1708,-2108,619,140.037
82.377735,1706,-2109,623,140.037
82.382121,1706,-2108,625,140.037
82.387804,1705,-2108,626,140.043
82.392185,1706,-2108,627,140.043
82.397971,1708,-2109,630,140.043
82.402395,1708,-2110,633,140.048
82.408124,1709,-2109,636,140.048
82.412511,1711,-2110,638,140.048
82.417116,1713,-2110,637,140.048
82.422656,1717,-2112,635,140.048
82.427100,1720,-2113,633,140.048
82.432768,1721,-2113,630,140.048
82.437226,1722,-2113,629,140.048
82.442905,1723,-2112,625,140.048
82.447325,1726,-2110,619,140.048
82.451699,1727,-2111,612,140.048
82.457466,1728,-2112,606,140.048
82.461936,1731,-2113,601,140.043
82.467579,1731,-2114,600,140.043
82.472100,1732,-2114,600,140.043
82.477770,1732,-2114,603,140.043
82.482241,1732,-2114,606,140.043
82.487856,1732,-2114,608,140.043
82.492291,1728,-2113,608,140.043
82.496704,1725,-2113,609,140.043
82.502389,1721,-2114,611,140.043
82.506918,1716,-2113,614,140.043
82.512569,1714,-2112,618,140.037
82.517073,1713,-2111,622,140.037
82.522773,1712,-2110,626,140.037
82.527199,1712,-2109,627,140.037
82.531553,1712,-2112,628,140.037
82.537282,1710,-2114,630,140.037
82.541708,1709,-2117,630,140.037
82.547424,1708,-2119,630,140.043
82.551891,1708,-2119,628,140.043
82.557574,1708,-2118,626,140.043
82.562063,1709,-2117,624,140.043
82.567842,1712,-2115,625,140.043
82.572091,1715,-2114,625,140.048
82.576491,1717,-2112,624,140.048
82.582222,1720,-2110,622,140.048
82.586658,1721,-2110,622,140.048
82.592347,1722,-2110,622,140.048
82.596912,1721,-2111,624,140.048
82.602544,1720,-2111,628,140.048
82.606976,1718,-2112,632,140.043
82.611333,1717,-2112,635,140.043
82.617047,1718,-2113,637,140.043
82.621473,1720,-2114,636,140.043
82.627172,1722,-2115,636,140.043
82.631591,1725,-2115,635,140.037
82.637325,1726,-2114,633,140.037
82.641724,1727,-2113,634,140.037
82.647475,1727,-2113,635,140.037
82.651868,1725,-2113,638,140.037
82.656388,1724,-2114,641,140.037
82.662071,1721,-2114,644,140.037
82.666451,1719,-2114,647,140.037
82.672148,1718,-2113,650,140.037
82.676614,1719,-2112,654,140.037
82.682271,1722,-2110,653,140.037
82.686710,1724,-2109,655,140.037
82.691134,1724,-2108,656,140.037
82.696920,1723,-2107,656,140.037
82.701212,1721,-2104,657,140.037
82.706936,1718,-2104,656,140.037
82.711514,1718,-2103,654,140.037
82.717060,1717,-2102,651,140.037
82.721569,1718,-2104,647,140.037
82.727250,1719,-2105,645,140.037
82.731832,1719,-2106,643,140.032
82.736087,1720,-2107,643,140.032
82.741843,1722,-2107,641,140.032
82.746260,1722,-2109,636,140.032
82.752112,1724,-2110,629,140.032
82.756376,1724,-2112,625,140.032
82.762055,1723,-2113,623,140.026
82.766553,1722,-2114,622,140.026
82.770933,1720,-2114,624,140.026
82.776610,1718,-2112,627,140.026
82.781053,1718,-2111,630,140.026
82.786844,1718,-2110,635,140.026
82.791203,1715,-2110,638,140.026
82.797032,1714,-2111,639,140.026
82.801175,1713,-2113,641,140.026
82.806991,1712,-2114,643,140.026
82.811443,1712,-2115,643,140.026
82.815878,1713,-2116,642,140.026
82.821755,1712,-2117,638,140.026
82.826022,1712,-2118,635,140.026
82.831669,1710,-2117,632,140.026
82.836162,1708,-2116,631,140.032
82.841993,1707,-2114,630,140.032
82.846232,1706,-2113,628,140.032
82.850676,1707,-2112,627,140.032
82.856466,1707,-2113,626,140.032
82.860808,1708,-2112,626,140.032
82.866448,1710,-2112,627,140.032
82.871153,1711,-2110,625,140.032
82.876687,1712,-2109,622,140.032
82.881047,1713,-2110,617,140.032
82.886739,1714,-2110,614,140.032
82.891212,1716,-2110,612,140.032
82.895690,1718,-2109,612,140.032
82.901333,1718,-2107,611,140.032
82.905818,1718,-2104,609,140.032
82.911466,1717,-2103,608,140.032
82.915926,1715,-2103,609,140.032
82.921653,1714,-2103,612,140.032
82.926115,1715,-2103,614,140.032
82.930532,1716,-2104,618,140.032
82.936269,1717,-2105,621,140.032
82.940690,1717,-2105,624,140.032
82.946327,1717,-2103,629,140.032
82.950740,1716,-2102,632,140.032
82.956475,1717,-2100,634,140.032
82.960863,1717,-2100,635,140.032
82.966592,1716,-2101,636,140.032
82.970719,1717,-2101,636,140.032
82.975411,1717,-2100,634,140.032
82.981277,1717,-2099,634,140.032
82.985706,1717,-2099,633,140.026
82.991296,1715,-2100,635,140.026
82.995770,1714,-2102,637,140.026
83.001438,1713,-2105,639,140.026
83.005595,1713,-2107,642,140.026
83.010229,1713,-2109,643,140.026
83.016004,1714,-2112,643,140.026
83.020373,1716,-2114,642,140.026
83.025750,1716,-2116,640,140.026
83.030251,1715,-2118,637,140.026
83.036241,1714,-2116,636,140.026
83.040316,1714,-2115,635,140.026
83.046358,1713,-2112,638,140.026
83.050825,1714,-2110,638,140.026
83.055240,1713,-2109,636,140.026
83.061045,1713,-2108,630,140.026
83.065311,1713,-2109,624,140.026
83.071041,1713,-2111,620,140.021
83.075432,1713,-2112,620,140.021
83.081193,1712,-2113,622,140.021
83.085595,1711,-2114,626,140.021
83.090044,1712,-2114,628,140.021
83.095769,1713,-2114,630,140.021
83.100136,1714,-2113,630,140.021
83.105615,1716,-2112,629,140.021
83.110054,1716,-2110,627,140.026
83.115755,1716,-2110,628,140.026
83.120404,1715,-2112,627,140.026
83.126105,1716,-2114,627,140.026
83.130432,1717,-2117,626,140.026
83.135025,1717,-2116,624,140.032
83.140875,1718,-2117,624,140.032
83.145098,1719,-2117,623,140.032
83.150826,1718,-2119,622,140.032
83.155434,1715,-2119,623,140.032
83.161040,1713,-2118,623,140.026
83.165398,1710,-2118,624,140.026
83.169975,1708,-2117,627,140.026
83.175511,1707,-2116,629,140.026
83.179948,1705,-2117,632,140.032
83.185686,1705,-2118,634,140.032
83.190135,1706,-2119,637,140.032
83.195843,1707,-2119,639,140.032
83.200246,1709,-2118,638,140.032
83.205938,1709,-2115,636,140.032
83.210363,1710,-2113,634,140.032
83.214805,1712,-2111,632,140.032
83.220447,1711,-2110,631,140.032
83.224931,1710,-2111,632,140.032
83.230605,1709,-2113,634,140.032
83.235016,1706,-2115,634,140.032
83.240754,1704,-2117,633,140.037
83.245010,1705,-2117,635,140.037
83.249605,1707,-2116,634,140.037
83.255389,1709,-2115,637,140.037
83.259761,1711,-2115,638,140.037
83.265502,1712,-2114,638,140.037
83.269881,1713,-2114,637,140.037
83.275618,1711,-2113,633,140.037
83.280016,1712,-2113,631,140.037
83.285728,1713,-2112,627,140.037
83.290226,1712,-2112,626,140.043
83.294623,1712,-2113,625,140.043
83.300256,1713,-2114,622,140.043
83.304676,1713,-2115,624,140.043
83.310436,1712,-2116,624,140.043
83.314827,1713,-2117,625,140.043
83.320673,1713,-2119,628,140.043
83.324952,1712,-2118,631,140.043
83.329418,1713,-2117,632,140.043
83.335095,1712,-2114,633,140.043
83.339490,1711,-2111,632,140.043
83.345212,1711,-2109,629,140.043
83.349820,1711,-2109,629,140.043
83.355402,1712,-2109,630,140.043
83.359810,1714,-2111,633,140.043
83.365498,1715,-2111,635,140.043
83.369975,1716,-2111,636,140.043
83.374385,1716,-2112,636,140.043
83.380012,1715,-2111,632,140.043
83.384477,1714,-2111,633,140.043
83.390145,1713,-2112,636,140.043
83.394603,1711,-2112,639,140.043
83.400282,1710,-2111,644,140.043
83.404747,1711,-2109,645,140.043
83.409189,1711,-2106,644,140.043
83.414901,1713,-2101,640,140.043
83.419294,1714,-2099,634,140.043
83.424981,1716,-2098,632,140.037
83.429476,1718,-2098,629,140.037
83.435089,1720,-2098,627,140.037
83.439578,1720,-2100,627,140.037
83.445339,1720,-2100,625,140.032
83.449715,1722,-2101,621,140.032
83.454186,1722,-2101,616,140.032
83.459852,1723,-2100,609,140.032
83.464252,1724,-2100,605,140.026
83.469967,1724,-2098,600,140.026
83.474396,1724,-2098,599,140.026
83.480073,1723,-2099,600,140.026
83.484553,1721,-2099,603,140.021
83.488957,1718,-2101,608,140.021
83.494808,1715,-2103,613,140.021
83.499188,1714,-2104,616,140.021
83.504786,1714,-2105,618,140.026
83.509368,1714,-2105,618,140.026
83.514929,1715,-2104,618,140.026
83.519344,1716,-2104,617,140.026
83.525051,1715,-2105,621,140.026
83.529496,1714,-2107,624,140.032
83.533881,1713,-2109,624,140.032
83.539620,1710,-2109,624,140.032
83.544224,1708,-2110,623,140.032
83.549794,1708,-2110,621,140.032
83.554219,1707,-2109,622,140.032
83.559999,1706,-2108,622,140.032
83.564362,1704,-2106,620,140.032
83.568725,1702,-2105,620,140.032
83.574439,1697,-2106,618,140.032
83.578808,1694,-2106,617,140.032
83.584579,1692,-2106,616,140.032
83.589030,1692,-2105,614,140.032
83.594722,1693,-2104,611,140.032
83.599109,1693,-2104,610,140.037
83.604871,1692,-2104,607,140.037
83.609328,1691,-2102,606,140.037
83.613694,1690,-2100,605,140.037
83.619377,1690,-2099,602,140.037
83.623975,1690,-2100,603,140.043
83.629486,1692,-2101,602,140.043
83.633913,1693,-2103,604,140.043
83.639624,1694,-2106,606,140.043
83.644089,1695,-2109,606,140.043
83.648516,1694,-2113,606,140.048
83.654395,1695,-2115,606,140.048
83.658618,1697,-2116,605,140.048
83.664355,1698,-2117,605,140.048
83.668782,1698,-2119,607,140.048
83.674500,1696,-2122,611,140.054
83.679073,1694,-2123,615,140.054
83.684617,1692,-2124,616,140.054
83.689071,1691,-2124,618,140.054
83.693489,1692,-2122,620,140.054
83.699226,1693,-2121,621,140.059
83.703646,1696,-2121,623,140.054
83.709319,1698,-2120,625,140.059
83.713897,1701,-2119,625,140.059
83.719503,1702,-2119,624,140.059
83.723877,1705,-2117,623,140.059
83.728280,1706,-2116,621,140.059
83.734058,1708,-2116,618,140.059
83.738467,1710,-2116,617,140.059
83.744262,1711,-2116,616,140.059
83.748605,1713,-2116,616,140.059
83.754321,1714,-2116,616,140.059
83.758723,1716,-2115,616,140.059
83.764448,1715,-2114,617,140.059
83.768934,1713,-2113,618,140.059
83.773296,1712,-2113,620,140.065
83.779047,1711,-2113,621,140.065
83.783440,1710,-2113,625,140.065
83.789142,1710,-2112,627,140.065
83.793668,1709,-2112,627,140.065
83.799263,1707,-2111,628,140.070
83.803655,1705,-2110,627,140.070
83.808058,1703,-2110,624,140.070
83.813786,1702,-2110,624,140.070
83.818214,1701,-2109,624,140.070
83.823982,1701,-2108,627,140.070
83.828312,1701,-2108,632,140.070
83.834048,1700,-2108,635,140.070
83.838473,1699,-2107,635,140.070
83.844273,1699,-2109,635,140.070
83.848593,1698,-2109,635,140.070
83.853050,1698,-2109,637,140.070
83.858750,1698,-2108,640,140.070
83.863201,1699,-2105,640,140.065
83.868909,1701,-2104,639,140.065
83.873288,1703,-2103,637,140.065
83.879028,1704,-2102,635,140.065
83.883415,1707,-2103,633,140.065
83.887832,1707,-2103,633,140.065
83.893592,1707,-2104,631,140.065
83.898040,1706,-2105,630,140.065
83.903658,1705,-2106,629,140.065
83.908222,1704,-2107,631,140.065
83.913845,1702,-2109,631,140.070
83.918267,1699,-2111,629,140.070
83.923992,1696,-2111,628,140.076
83.928423,1692,-2111,627,140.076
83.932819,1691,-2109,627,140.076
83.938554,1691,-2108,625,140.081
83.943024,1693,-2107,623,140.081
83.948675,1695,-2106,624,140.081
83.952902,1698,-2105,628,140.081
83.958773,1700,-2104,632,140.081
83.963243,1702,-2102,638,140.081
83.967720,1702,-2102,643,140.081
83.973417,1701,-2102,642,140.076
83.977803,1700,-2102,641,140.076
83.983486,1699,-2102,638,140.076
83.987988,1700,-2102,633,140.076
83.993629,1701,-2103,627,140.076
83.998073,1701,-2104,622,140.076
84.003760,1701,-2105,618,140.070
84.007962,1700,-2105,614,140.070
84.012618,1701,-2105,614,140.076
84.018354,1702,-2105,616,140.076
84.022462,1703,-2106,617,140.076
84.028418,1704,-2107,619,140.076
84.032838,1704,-2108,623,140.076
84.038320,1705,-2107,623,140.081
84.042981,1703,-2106,624,140.081
84.047596,1700,-2106,622,140.081
84.053162,1698,-2107,621,140.087
84.057568,1695,-2108,620,140.087
84.063310,1694,-2108,619,140.087
84.067720,1694,-2109,620,140.087
84.073445,1694,-2110,620,140.087
84.077817,1696,-2111,619,140.092
84.083531,1697,-2112,621,140.092
84.088019,1697,-2114,621,140.092
84.092386,1695,-2115,620,140.092
84.098161,1696,-2116,620,140.092
84.102405,1695,-2117,619,140.092
84.108216,1695,-2116,619,140.092
84.112725,1695,-2115,622,140.087
84.118438,1696,-2114,625,140.087
84.123012,1697,-2115,625,140.087
84.127253,1698,-2115,625,140.087
84.132759,1699,-2114,625,140.092
84.137325,1700,-2112,622,140.092
84.143114,1701,-2109,623,140.092
84.147572,1704,-2107,623,140.092
84.153262,1707,-2106,622,140.092
84.157699,1711,-2105,622,140.092
84.163340,1714,-2105,622,140.098
84.167837,1714,-2105,622,140.098
84.172201,1713,-2107,624,140.103
84.177756,1713,-2107,625,140.103
84.182324,1713,-2107,625,140.109
84.188093,1714,-2106,626,140.109
84.192436,1714,-2106,627,140.109
84.198219,1714,-2107,628,140.109
84.202622,1715,-2109,629,140.114
84.207034,1714,-2110,630,140.114
84.212714,1713,-2113,630,140.109
84.216965,1711,-2113,626,140.109
84.222856,1708,-2112,621,140.109
84.227335,1706,-2111,616,140.109
84.233003,1706,-2109,613,140.109
84.237442,1705,-2107,607,140.109
84.243145,1706,-2107,605,140.103
84.247565,1706,-2108,605,140.103
84.252072,1705,-2109,606,140.103
84.257697,1705,-2111,611,140.098
84.262205,1704,-2113,615,140.098
84.268001,1705,-2112,621,140.098
84.272275,1706,-2112,627,140.098
84.278040,1708,-2111,632,140.098
84.282382,1709,-2111,631,140.098
84.286871,1709,-2112,629,140.103
84.292534,1707,-2112,625,140.103
84.296960,1707,-2115,622,140.103
84.302697,1707,-2117,623,140.109
84.307119,1707,-2118,627,140.109
84.312805,1707,-2118,628,140.109
84.317281,1706,-2119,627,140.109
84.322995,1704,-2117,623,140.114
84.327400,1702,-2115,621,140.114
84.331790,1700,-2112,621,140.114
84.337523,1699,-2110,623,140.114
84.341898,1700,-2108,623,140.114
84.347646,1702,-2106,620,140.114
84.352015,1705,-2106,614,140.114
84.357930,1706,-2107,612,140.114
84.362134,1708,-2107,611,140.114
84.366620,1710,-2107,615,140.114
84.372312,1709,-2107,619,140.114
84.376919,1709,-2106,619,140.114
84.382439,1709,-2105,622,140.114
84.386860,1708,-2106,625,140.114
84.392608,1706,-2107,628,140.114
84.397001,1707,-2110,631,140.114
84.402894,1708,-2113,635,140.114
84.407179,1711,-2114,636,140.114
84.411610,1714,-2115,635,140.114
84.417304,1716,-2116,633,140.114
84.421903,1717,-2118,632,140.114
84.427494,1718,-2118,630,140.114
84.431833,1719,-2118,628,140.114
84.437603,1720,-2115,627,140.120
84.442016,1721,-2113,625,140.120
84.446457,1722,-2112,622,140.114
84.452189,1722,-2111,624,140.114
84.456710,1721,-2110,626,140.114
84.462222,1722,-2110,625,140.114
84.466703,1722,-2110,628,140.114
84.472426,1721,-2111,629,140.114
84.476978,1719,-2111,627,140.114
84.482504,1717,-2112,627,140.114
84.487181,1716,-2113,625,140.109
84.491419,1716,-2114,625,140.109
84.497245,1717,-2117,622,140.109
84.501527,1719,-2117,618,140.109
84.507164,1720,-2118,612,140.109
84.511624,1721,-2120,608,140.109
84.517417,1721,-2119,606,140.109
84.521844,1720,-2120,606,140.109
84.526265,1720,-2120,607,140.109
84.531990,1718,-2120,609,140.109
84.536398,1717,-2119,611,140.114
84.541935,1715,-2117,611,140.114
84.546502,1714,-2116,614,140.114
84.552161,1714,-2114,617,140.114
84.556616,1712,-2114,617,140.114
84.562353,1711,-2115,617,140.114
84.566749,1709,-2115,615,140.114
84.571245,1708,-2117,613,140.114
84.576898,1708,-2117,611,140.114
84.581278,1708,-2115,612,140.114
84.586817,1709,-2113,614,140.114
84.591423,1710,-2111,616,140.114
84.597208,1710,-2110,617,140.114
84.601572,1709,-2110,618,140.114
84.606212,1709,-2109,616,140.114
84.611800,1708,-2110,612,140.114
84.616302,1708,-2110,611,140.114
84.621820,1707,-2108,614,140.114
84.626274,1707,-2107,618,140.114
84.631989,1709,-2105,622,140.114
84.636384,1712,-2102,624,140.114
84.642192,1715,-2099,622,140.114
84.646539,1718,-2096,619,140.114
84.650976,1720,-2095,617,140.114
84.656759,1719,-2095,614,140.109
84.661270,1718,-2096,608,140.109
84.666743,1717,-2099,604,140.109
84.671345,1716,-2102,599,140.109
84.676804,1716,-2105,598,140.109
84.681420,1716,-2106,596,140.109
84.685777,1717,-2107,595,140.109
84.691545,1717,-2107,597,140.109
84.696111,1716,-2107,600,140.109
84.701604,1715,-2106,606,140.109
84.706097,1714,-2106,612,140.109
84.711595,1713,-2106,617,140.109
84.716207,1712,-2107,621,140.109
84.722019,1712,-2107,623,140.109
84.726375,1710,-2107,621,140.109
84.730771,1710,-2108,618,140.109
84.736488,1709,-2107,614,140.109
84.740910,1706,-2107,613,140.109
84.746622,1704,-2108,612,140.109
84.751067,1701,-2108,612,140.109
84.756754,1698,-2109,614,140.109
84.761199,1697,-2111,615,140.109
84.765638,1698,-2111,617,140.109
84.771370,1699,-2111,621,140.109
84.775799,1700,-2113,621,140.114
84.781436,1700,-2114,621,140.114
84.785872,1701,-2114,622,140.114
84.791623,1702,-2114,620,140.114
84.796064,1703,-2114,618,140.114
84.801726,1703,-2115,619,140.120
84.806215,1703,-2116,620,140.120
84.810563,1702,-2117,622,140.120
84.816292,1703,-2119,625,140.120
84.820747,1705,-2120,629,140.120
84.826546,1708,-2120,633,140.120
84.830877,1710,-2118,636,140.120
84.836650,1710,-2115,639,140.120
84.841023,1710,-2114,641,140.120
84.845421,1709,-2113,640,140.120
84.851114,1708,-2114,639,140.120
84.855524,1708,-2116,636,140.120
84.861368,1709,-2115,634,140.120
84.865681,1709,-2115,634,140.120
84.871416,1710,-2116,636,140.120
84.875801,1709,-2114,639,140.120
84.881538,1707,-2110,641,140.120
84.885917,1707,-2106,645,140.120
84.890510,1706,-2104,645,140.120
84.896046,1706,-2103,645,140.120
84.900488,1708,-2103,646,140.120
84.906150,1711,-2104,647,140.120
84.910742,1713,-2107,649,140.120
84.916319,1716,-2108,651,140.120
84.920692,1716,-2110,650,140.120
84.925175,1716,-2111,648,140.120
84.930891,1715,-2110,645,140.120
84.935447,1715,-2111,642,140.114
84.940989,1714,-2111,639,140.114
84.945471,1714,-2109,636,140.114
84.951171,1713,-2109,635,140.114
84.955546,1713,-2106,634,140.114
84.961292,1713,-2104,634,140.114
84.965762,1714,-2104,636,140.114
84.970071,1717,-2104,636,140.114
84.975840,1718,-2104,637,140.114
84.980273,1718,-2106,636,140.114
84.985973,1717,-2106,636,140.109
84.990421,1716,-2107,638,140.109
84.996125,1714,-2108,637,140.109
85.000500,1714,-2109,639,140.109
85.004705,1715,-2111,643,140.109
85.010720,1716,-2112,646,140.109
85.015141,1716,-2112,649,140.109
85.020953,1716,-2113,651,140.109
85.025234,1715,-2114,650,140.109
85.030730,1713,-2115,648,140.109
85.035367,1715,-2117,646,140.109
85.040853,1717,-2118,645,140.109
85.045523,1719,-2118,642,140.109
85.049956,1722,-2119,641,140.109
85.055592,1723,-2119,638,140.109
85.060046,1723,-2117,636,140.109
85.065820,1722,-2116,635,140.109
85.070200,1719,-2115,633,140.103
85.075926,1716,-2115,634,140.103
85.080390,1714,-2116,634,140.103
85.084779,1711,-2116,636,140.103
85.090490,1710,-2114,639,140.103
85.094915,1712,-2112,641,140.103
85.100631,1711,-2110,642,140.103
85.105071,1711,-2109,641,140.103
85.110887,1712,-2108,638,140.103
85.115135,1713,-2109,638,140.103
85.120905,1713,-2109,635,140.103
85.125336,1713,-2108,630,140.103
85.129696,1713,-2109,626,140.103
85.135496,1712,-2107,623,140.103
85.139874,1712,-2107,620,140.103
85.145608,1712,-2109,620,140.103
85.150001,1711,-2110,619,140.103
85.155716,1708,-2111,618,140.103
85.160101,1707,-2112,617,140.103
85.164567,1707,-2112,616,140.103
85.170271,1707,-2110,615,140.103
85.174759,1705,-2109,617,140.103
85.180397,1702,-2107,618,140.103
85.184906,1699,-2107,618,140.103
85.190509,1696,-2108,620,140.103
85.195010,1694,-2109,622,140.103
85.200697,1695,-2111,622,140.109
85.205167,1694,-2111,622,140.109
85.209529,1694,-2112,619,140.109
85.215393,1694,-2113,617,140.109
85.219650,1694,-2113,615,140.109
85.225332,1695,-2116,614,140.109
85.229801,1695,-2117,616,140.109
85.235553,1696,-2117,617,140.114
85.239973,1696,-2116,618,140.114
85.244354,1697,-2116,620,140.114
85.250117,1699,-2116,620,140.114
85.254510,1701,-2115,623,140.114
85.260164,1701,-2115,625,140.114
85.264656,1701,-2115,628,140.114
85.270370,1700,-2114,631,140.114
85.274763,1698,-2114,633,140.120
85.280495,1694,-2113,633,140.120
85.284905,1691,-2109,631,140.120
85.289235,1689,-2106,628,140.120
85.295074,1688,-2104,627,140.120
85.299489,1687,-2103,626,140.120
85.305179,1686,-2104,625,140.120
85.309575,1687,-2106,623,140.125
85.315271,1687,-2108,620,140.125
85.319870,1686,-2109,618,140.125
85.324148,1687,-2110,620,140.125
85.329942,1687,-2112,622,140.125
85.334295,1688,-2112,628,140.125
85.339932,1689,-2112,630,140.131
85.344423,1690,-2110,632,140.125
85.350106,1691,-2109,631,140.125
85.354508,1693,-2108,628,140.125
85.360276,1696,-2108,625,140.120
85.364698,1698,-2109,623,140.120
85.369067,1699,-2111,621,140.120
85.374855,1700,-2114,621,140.120
85.379217,1699,-2115,620,140.114
85.384998,1700,-2118,621,140.114
85.389287,1702,-2119,622,140.120
85.395038,1703,-2119,623,140.120
85.399488,1705,-2119,624,140.120
85.403987,1708,-2119,625,140.120
85.409638,1708,-2121,624,140.120
85.414069,1708,-2123,624,140.125
85.419748,1709,-2125,622,140.125
85.424205,1710,-2127,620,140.131
85.429907,1710,-2129,618,140.131
85.434398,1711,-2130,619,140.131
85.440128,1712,-2131,623,140.136
85.444654,1713,-2130,626,140.136
85.448946,1714,-2131,632,140.136
85.454621,1715,-2129,634,140.136
85.459048,1714,-2127,632,140.136
85.464771,1712,-2124,628,140.136
85.469139,1710,-2121,626,140.136
85.474882,1708,-2118,624,140.136
85.479290,1707,-2114,623,140.136
85.483568,1704,-2113,625,140.136
85.489635,1702,-2112,626,140.136
85.493944,1703,-2111,626,140.142
85.499583,1706,-2111,623,140.142
85.504043,1710,-2110,618,140.142
85.509703,1713,-2108,615,140.142
85.514107,1714,-2106,614,140.142
85.519838,1713,-2106,614,140.142
85.524317,1713,-2106,616,140.142
85.528748,1712,-2105,617,140.142
85.534474,1711,-2105,619,140.142
85.538799,1711,-2106,622,140.142
85.544673,1711,-2105,625,140.142
85.548813,1710,-2107,628,140.136
85.554652,1709,-2107,628,140.136
85.559148,1709,-2107,628,140.136
85.563487,1709,-2105,627,140.136
85.569415,1709,-2106,625,140.142
85.573625,1709,-2106,622,140.136
85.579198,1709,-2107,617,140.136
85.583778,1709,-2109,612,140.142
85.589443,1710,-2110,608,140.142
85.593921,1710,-2112,605,140.142
85.599667,1710,-2114,602,140.142
85.604042,1711,-2115,599,140.142
85.608498,1711,-2117,599,140.142
85.614249,1713,-2118,604,140.142
85.618614,1714,-2120,609,140.142
85.624283,1715,-2121,612,140.142
85.628742,1716,-2122,614,140.142
85.634449,1717,-2123,614,140.142
85.638872,1718,-2122,611,140.136
85.643318,1718,-2121,606,140.136
85.649034,1718,-2121,605,140.136
85.653429,1718,-2121,601,140.136
85.659126,1718,-2121,601,140.136
85.663586,1718,-2122,604,140.136
85.669296,1718,-2121,607,140.136
85.673863,1716,-2118,608,140.142
85.679422,1714,-2116,612,140.142
85.683791,1714,-2114,614,140.142
85.688275,1714,-2114,616,140.142
85.693954,1715,-2116,618,140.142
85.698466,1717,-2118,617,140.142
85.704175,1720,-2118,615,140.147
85.708510,1722,-2119,614,140.147
85.714249,1724,-2119,613,140.147
85.718638,1724,-2117,614,140.147
85.723132,1723,-2115,613,140.147
85.728881,1721,-2112,613,140.147
85.733247,1718,-2109,612,140.147
85.738870,1715,-2107,610,140.147
85.743406,1714,-2106,613,140.147
85.749074,1711,-2106,612,140.147
85.753477,1710,-2107,612,140.147
85.759242,1710,-2109,612,140.147
85.763808,1708,-2112,615,140.147
85.768103,1709,-2113,621,140.147
85.773838,1710,-2115,627,140.147
85.778313,1710,-2115,630,140.147
85.783921,1711,-2116,632,140.147
85.788344,1711,-2117,633,140.147
85.794046,1710,-2116,633,140.147
85.798492,1710,-2115,635,140.147
85.803049,1710,-2114,637,140.147
85.808589,1708,-2113,638,140.147
85.813051,1708,-2113,636,140.147
85.818747,1706,-2111,633,140.147
85.823208,1706,-2111,629,140.147
85.828855,1705,-2111,627,140.147
85.833353,1704,-2112,626,140.147
85.838996,1704,-2114,627,140.147
85.843586,1705,-2115,631,140.147
85.847797,1706,-2115,636,140.147
85.853698,1708,-2115,641,140.147
85.858085,1710,-2116,645,140.147
85.863673,1712,-2116,652,140.147
85.868135,1713,-2116,652,140.147
85.873759,1713,-2115,650,140.147
85.878269,1712,-2114,643,140.147
85.882676,1708,-2112,633,140.147
85.888429,1706,-2110,626,140.147
85.892860,1703,-2109,621,140.147
85.898630,1703,-2108,617,140.147
85.902785,1703,-2107,611,140.147
85.908647,1704,-2107,607,140.147
85.913115,1707,-2105,605,140.147
85.918778,1707,-2104,605,140.147
85.923264,1709,-2104,605,140.147
85.927673,1710,-2104,608,140.147
85.933378,1712,-2105,609,140.147
85.937804,1716,-2106,610,140.147
85.943508,1720,-2107,612,140.147
85.947905,1720,-2105,612,140.147
85.953408,1719,-2103,610,140.147
85.958047,1717,-2102,607,140.142
85.962453,1716,-2102,605,140.142
85.968218,1717,-2104,605,140.142
85.972344,1718,-2105,608,140.142
85.978296,1718,-2106,612,140.142
85.982766,1717,-2106,613,140.142
85.988448,1714,-2106,612,140.142
85.992878,1712,-2108,611,140.142
85.998743,1711,-2110,608,140.142
86.003060,1710,-2112,607,140.142
86.007233,1710,-2115,610,140.142
86.012893,1710,-2116,612,140.147
86.017244,1710,-2115,616,140.147
86.023021,1710,-2114,619,140.147
86.027437,1711,-2111,618,140.147
86.033105,1713,-2109,618,140.147
86.037547,1714,-2107,616,140.147
86.041918,1715,-2106,612,140.142
86.047719,1716,-2106,607,140.142
86.052404,1716,-2108,604,140.142
86.058033,1717,-2111,603,140.142
86.062548,1718,-2112,603,140.142
86.068293,1718,-2113,602,140.142
86.072735,1719,-2112,602,140.142
86.078397,1719,-2112,603,140.136
86.082849,1719,-2112,603,140.136
86.087174,1716,-2112,604,140.136
86.092887,1716,-2113,607,140.136
86.097339,1714,-2113,610,140.136
86.103067,1714,-2113,614,140.136
86.107484,1714,-2115,617,140.136
86.113189,1715,-2115,619,140.136
86.117717,1715,-2115,619,140.136
86.122226,1716,-2116,617,140.136
86.127879,1717,-2116,619,140.136
86.132220,1717,-2116,622,140.136
86.137872,1716,-2118,624,140.136
86.142336,1715,-2119,627,140.142
86.148067,1713,-2123,629,140.142
86.152615,1712,-2126,632,140.142
86.158168,1711,-2126,633,140.142
86.162595,1711,-2124,633,140.142
86.167070,1711,-2123,634,140.142
86.172728,1712,-2121,632,140.142
86.177171,1711,-2119,632,140.142
86.182860,1710,-2118,633,140.142
86.187299,1709,-2116,633,140.142
86.193024,1707,-2114,629,140.142
86.197409,1705,-2113,625,140.142
86.201860,1704,-2112,622,140.142
86.207655,1704,-2113,621,140.142
86.212049,1705,-2114,620,140.142
86.217736,1706,-2113,619,140.142
86.222147,1708,-2112,618,140.142
86.227917,1707,-2111,615,140.142
86.232273,1708,-2110,612,140.147
86.238046,1709,-2109,613,140.147
86.242386,1707,-2107,614,140.147
86.246827,1706,-2103,616,140.147
86.252498,1705,-2100,618,140.147
86.257028,1703,-2096,619,140.147
86.262624,1703,-2093,619,140.147
86.267092,1702,-2091,618,140.147
86.272829,1701,-2091,616,140.147
86.277271,1702,-2092,616,140.142
86.281651,1701,-2093,614,140.142
86.287396,1702,-2096,617,140.142
86.291913,1701,-2099,622,140.142
86.297475,1701,-2101,626,140.142
86.302161,1701,-2102,629,140.142
86.307445,1703,-2102,631,140.142
86.312071,1706,-2100,630,140.142
86.317782,1709,-2101,628,140.142
86.322326,1711,-2102,627,140.142
86.326670,1712,-2104,626,140.142
86.332291,1714,-2105,624,140.142
86.336795,1715,-2106,624,140.142
86.342352,1717,-2105,623,140.142
86.346906,1719,-2106,623,140.142
86.352750,1720,-2106,621,140.142
86.357048,1721,-2107,616,140.142
86.361495,1722,-2108,614,140.142
86.367195,1722,-2109,611,140.142
86.371612,1723,-2111,610,140.142
86.377322,1723,-2113,611,140.142
86.381718,1722,-2114,614,140.142
86.387442,1723,-2117,616,140.142
86.391898,1722,-2116,619,140.142
86.397585,1721,-2115,618,140.136
86.401980,1720,-2114,617,140.136
86.406602,1719,-2113,614,140.136
86.412240,1718,-2114,613,140.136
86.416530,1720,-2115,616,140.136
86.422226,1720,-2115,618,140.136
86.426642,1721,-2114,621,140.136
86.432388,1719,-2114,625,140.136
86.436842,1718,-2112,630,140.136
86.441290,1718,-2111,634,140.136
86.447058,1717,-2111,638,140.136
86.451395,1717,-2111,643,140.136
86.457045,1717,-2110,646,140.131
86.461511,1715,-2110,648,140.131
86.467181,1713,-2110,647,140.131
86.471644,1710,-2109,644,140.131
86.477523,1708,-2108,641,140.131
86.481846,1706,-2107,640,140.136
86.486043,1706,-2106,643,140.136
86.491890,1706,-2106,647,140.136
86.496361,1707,-2106,648,140.136
86.502085,1709,-2108,648,140.136
86.506470,1709,-2108,642,140.136
86.512201,1710,-2109,638,140.136
86.516610,1710,-2108,636,140.136
86.521036,1709,-2108,638,140.136
86.526738,1708,-2109,641,140.136
86.531132,1708,-2110,643,140.136
86.536972,1707,-2110,644,140.136
86.541305,1708,-2109,645,140.136
86.547000,1708,-2108,645,140.136
86.551420,1707,-2105,646,140.136
86.557123,1706,-2103,646,140.136
86.561643,1706,-2102,646,140.136
86.565725,1704,-2101,646,140.136
86.571754,1705,-2102,646,140.136
86.576126,1706,-2103,647,140.131
86.581786,1707,-2105,648,140.131
86.586296,1708,-2105,649,140.131
86.591997,1709,-2105,649,140.131
86.596427,1711,-2106,652,140.131
86.600830,1714,-2105,655,140.131
86.606576,1717,-2105,656,140.125
86.610945,1719,-2105,657,140.125
86.616630,1719,-2104,653,140.125
86.621078,1719,-2103,648,140.125
86.626808,1721,-2103,643,140.125
86.631219,1724,-2104,638,140.120
86.636958,1725,-2106,635,140.120
86.641321,1726,-2106,635,140.120
86.645822,1726,-2107,633,140.120
86.651480,1724,-2106,635,140.120
86.656071,1723,-2105,636,140.120
86.661631,1722,-2104,635,140.120
86.666044,1723,-2104,634,140.120
86.671798,1723,-2103,633,140.120
86.676359,1723,-2104,632,140.120
86.680637,1724,-2104,632,140.120
86.686353,1724,-2104,633,140.120
86.690782,1721,-2104,636,140.114
86.696427,1720,-2105,639,140.114
86.701049,1719,-2105,642,140.114
86.706604,1719,-2106,642,140.114
86.711014,1719,-2107,640,140.114
86.716750,1718,-2107,635,140.109
86.721214,1717,-2106,631,140.109
86.725557,1716,-2106,632,140.109
86.731415,1715,-2106,632,140.103
86.735800,1714,-2107,631,140.103
86.741473,1715,-2106,631,140.103
86.745790,1715,-2106,632,140.103
86.751575,1717,-2105,629,140.103
86.755982,1718,-2102,629,140.103
86.760395,1719,-2101,629,140.103
86.766169,1720,-2100,632,140.103
86.770589,1719,-2099,634,140.098
86.776272,1717,-2099,637,140.098
86.780783,1716,-2101,638,140.098
86.786414,1716,-2103,640,140.098
86.790801,1717,-2105,640,140.098
86.796536,1719,-2107,639,140.098
86.800989,1720,-2106,638,140.098
86.805352,1721,-2107,637,140.098
86.811047,1723,-2107,634,140.098
86.815507,1723,-2107,633,140.098
86.821313,1723,-2107,635,140.092
86.825642,1723,-2108,637,140.092
86.831348,1722,-2109,639,140.092
86.835749,1721,-2109,641,140.092
86.840144,1719,-2108,639,140.092
86.845919,1717,-2107,636,140.092
86.850344,1716,-2107,630,140.092
86.856013,1713,-2107,624,140.092
86.860446,1712,-2106,619,140.092
86.866217,1714,-2107,617,140.092
86.870697,1714,-2108,616,140.092
86.876341,1716,-2107,617,140.092
86.880725,1716,-2108,622,140.092
86.885209,1714,-2108,627,140.087
86.890923,1712,-2110,631,140.087
86.895449,1710,-2114,634,140.087
86.900999,1709,-2115,635,140.087
86.905387,1709,-2115,636,140.087
86.910969,1707,-2113,639,140.087
86.915567,1707,-2110,639,140.087
86.919929,1708,-2107,641,140.087
86.925641,1709,-2106,642,140.087
86.930120,1711,-2107,642,140.087
86.935770,1712,-2109,643,140.087
86.940301,1713,-2111,645,140.087
86.945975,1714,-2113,644,140.087
86.950387,1713,-2115,642,140.087
86.956073,1713,-2116,641,140.087
86.960524,1712,-2116,642,140.087
86.964915,1709,-2118,642,140.092
86.970766,1708,-2118,643,140.092
86.975090,1707,-2118,645,140.092
86.980828,1707,-2117,641,140.092
86.985205,1707,-2115,640,140.092
86.990863,1707,-2113,639,140.092
86.995376,1708,-2113,642,140.092
86.999760,1709,-2113,644,140.092
87.005459,1711,-2112,642,140.092
87.009605,1712,-2112,640,140.092
87.015594,1711,-2113,638,140.092
87.019714,1710,-2112,635,140.092
87.025436,1710,-2110,634,140.092
87.030183,1711,-2109,633,140.092
87.035848,1709,-2109,636,140.092
87.039998,1708,-2108,636,140.092
87.044669,1705,-2108,639,140.092
87.050392,1703,-2108,644,140.092
87.054702,1703,-2108,646,140.092
87.060567,1705,-2110,645,140.092
87.065019,1707,-2111,644,140.092
87.070693,1710,-2111,645,140.092
87.075081,1709,-2111,645,140.092
87.079524,1708,-2109,646,140.092
87.085273,1707,-2110,649,140.092
87.089748,1706,-2110,650,140.092
87.095378,1705,-2110,648,140.092
87.099879,1705,-2109,647,140.092
87.105676,1706,-2107,646,140.092
87.109956,1705,-2104,643,140.092
87.115612,1705,-2103,641,140.092
87.120235,1703,-2100,639,140.092
87.124517,1703,-2099,638,140.092
87.130348,1704,-2099,636,140.092
87.134675,1706,-2098,633,140.092
87.140337,1707,-2096,631,140.092
87.144776,1707,-2095,626,140.087
87.150487,1709,-2094,625,140.087
87.154892,1709,-2094,621,140.087
87.159400,1709,-2095,619,140.087
87.165190,1709,-2097,621,140.087
87.169651,1709,-2098,622,140.087
87.175296,1708,-2100,624,140.087
87.179618,1706,-2103,627,140.087
87.185323,1707,-2105,627,140.087
87.189622,1707,-2108,626,140.087
87.195518,1706,-2109,625,140.087
87.199935,1704,-2110,624,140.087
87.204260,1702,-2111,625,140.087
87.210100,1699,-2112,626,140.087
87.214451,1697,-2113,625,140.087
87.219972,1698,-2113,627,140.087
87.224574,1697,-2113,628,140.087
87.230321,1696,-2113,628,140.087
87.234664,1697,-2113,627,140.092
87.239257,1698,-2113,627,140.092
87.244871,1701,-2112,626,140.092
87.249299,1703,-2111,626,140.092
87.254969,1705,-2111,627,140.092
87.259411,1705,-2111,629,140.092
87.265108,1706,-2112,631,140.092
87.269519,1705,-2111,631,140.092
87.275251,1706,-2110,632,140.092
87.279816,1708,-2108,630,140.092
87.284075,1710,-2108,629,140.092
87.289870,1712,-2108,626,140.092
87.294245,1715,-2107,625,140.092
87.299896,1720,-2107,625,140.092
87.304386,1722,-2106,623,140.092
87.310063,1723,-2106,623,140.092
87.314509,1722,-2107,620,140.087
87.318945,1720,-2109,616,140.087
87.324646,1719,-2110,613,140.087
87.329133,1718,-2111,614,140.087
87.334752,1717,-2113,612,140.087
87.339368,1717,-2112,616,140.087
87.344876,1717,-2114,618,140.087
87.349368,1719,-2115,620,140.087
87.355044,1720,-2114,622,140.087
87.359515,1720,-2113,621,140.087
87.363874,1721,-2111,620,140.087
87.369600,1720,-2108,619,140.087
87.374020,1719,-2106,618,140.087
87.379672,1718,-2104,616,140.087
87.384223,1717,-2104,615,140.081
87.389875,1717,-2105,616,140.081
87.394265,1716,-2108,616,140.081
87.398658,1716,-2111,615,140.081
87.404422,1716,-2115,617,140.081
87.408800,1715,-2118,619,140.081
87.414524,1716,-2120,621,140.081
87.418977,1717,-2121,623,140.081
87.424739,1718,-2124,625,140.081
87.429143,1720,-2126,627,140.081
87.434825,1722,-2128,629,140.081
87.439206,1722,-2128,630,140.081
87.443639,1722,-2127,629,140.081
87.449375,1719,-2125,627,140.081
87.453775,1717,-2123,624,140.081
87.459521,1715,-2122,619,140.081
87.464045,1715,-2121,618,140.087
87.469793,1715,-2119,621,140.087
87.474027,1715,-2119,626,140.087
87.478490,1714,-2120,632,140.087
87.484257,1712,-2121,640,140.087
87.488637,1710,-2120,640,140.087
87.494356,1709,-2119,636,140.087
87.498816,1707,-2119,636,140.087
87.504482,1705,-2118,635,140.087
87.508916,1705,-2120,635,140.087
87.514675,1706,-2121,637,140.087
87.519091,1706,-2122,637,140.087
87.523493,1707,-2123,636,140.087
87.529152,1708,-2123,636,140.087
87.533443,1706,-2121,634,140.087
87.539424,1705,-2121,633,140.092
87.543708,1704,-2119,632,140.092
87.549474,1702,-2117,633,140.092
87.553821,1700,-2117,632,140.092
87.558320,1697,-2117,631,140.092
87.564168,1693,-2116,631,140.092
87.568383,1690,-2116,629,140.092
87.574084,1687,-2114,630,140.092
87.578583,1687,-2114,629,140.092
87.584239,1687,-2114,629,140.092
87.588663,1688,-2114,628,140.092
87.594374,1691,-2114,626,140.092
87.598868,1693,-2115,622,140.092
87.603225,1696,-2116,620,140.098
87.609078,1699,-2118,617,140.098
87.613374,1701,-2119,615,140.098
87.619103,1703,-2120,616,140.098
87.623324,1706,-2120,618,140.098
87.629216,1709,-2119,621,140.103
87.633688,1711,-2119,622,140.103
87.638048,1713,-2119,622,140.103
87.643791,1711,-2118,621,140.103
87.648212,1711,-2118,619,140.109
87.653925,1711,-2118,617,140.109
87.658348,1712,-2118,614,140.109
87.664073,1713,-2117,612,140.109
87.668440,1713,-2116,611,140.109
87.674202,1713,-2116,611,140.109
87.678582,1713,-2116,614,140.109
87.682982,1714,-2118,618,140.109
87.688754,1713,-2119,623,140.109
87.693188,1712,-2120,629,140.109
87.698872,1712,-2120,633,140.109
87.703297,1711,-2119,636,140.109
87.709072,1712,-2117,639,140.109
87.713451,1712,-2116,639,140.109
87.717807,1711,-2114,640,140.109
87.723723,1710,-2114,639,140.109
87.727957,1710,-2114,638,140.109
87.733659,1710,-2116,638,140.109
87.738120,1711,-2118,632,140.109
87.743821,1711,-2120,627,140.109
87.748261,1711,-2121,625,140.114
87.753968,1711,-2122,623,140.114
87.758400,1709,-2122,624,140.114
87.762851,1710,-2123,625,140.114
87.768495,1711,-2124,624,140.114
87.772943,1712,-2126,622,140.114
87.778607,1711,-2127,621,140.114
87.783020,1708,-2125,617,140.120
87.788744,1706,-2124,614,140.120
87.793182,1704,-2121,613,140.120
87.797597,1704,-2119,612,140.120
87.803384,1706,-2119,612,140.114
87.807752,1710,-2121,613,140.114
87.813508,1713,-2122,613,140.114
87.817891,1714,-2123,610,140.114
87.823747,1715,-2125,608,140.114
87.828064,1713,-2126,606,140.109
87.833877,1712,-2126,605,140.109
87.838169,1712,-2126,606,140.109
87.842727,1712,-2127,608,140.109
87.848343,1712,-2125,608,140.114
87.852691,1712,-2124,609,140.114
87.858404,1711,-2121,607,140.114
87.862971,1711,-2121,609,140.114
87.868553,1710,-2121,613,140.114
87.873019,1710,-2121,617,140.120
87.877450,1711,-2122,625,140.120
87.882985,1712,-2121,631,140.120
87.887589,1714,-2119,633,140.120
87.893276,1714,-2116,632,140.125
87.897643,1715,-2116,631,140.125
87.903411,1717,-2114,629,140.125
87.907785,1718,-2112,629,140.125
87.913484,1719,-2111,628,140.125
87.917922,1718,-2109,628,140.125
87.922334,1716,-2109,627,140.125
87.928075,1715,-2107,626,140.125
87.932549,1713,-2105,626,140.125
87.938195,1713,-2104,625,140.125
87.942614,1714,-2102,623,140.125
87.948320,1713,-2102,622,140.125
87.952757,1710,-2101,621,140.125
87.957159,1708,-2103,622,140.125
87.962965,1706,-2105,624,140.125
87.967326,1704,-2105,626,140.125
87.972727,1702,-2104,628,140.125
87.977425,1701,-2105,629,140.125
87.983083,1702,-2104,629,140.125
87.987429,1704,-2107,628,140.125
87.993232,1706,-2109,628,140.125
87.997701,1708,-2111,629,140.125
88.002172,1708,-2112,633,140.125
88.007557,1708,-2110,637,140.125
88.012307,1709,-2109,641,140.125
88.018120,1709,-2108,643,140.131
88.022242,1707,-2107,641,140.131
88.028096,1706,-2110,638,140.131
88.032511,1705,-2113,636,140.136
88.036918,1703,-2116,635,140.136
88.042650,1702,-2118,636,140.136
88.047112,1704,-2119,636,140.136
88.052832,1707,-2121,634,140.142
88.057213,1711,-2122,632,140.136
88.062974,1715,-2123,628,140.136
88.067342,1719,-2126,624,140.136
88.073095,1721,-2128,622,140.131
88.077502,1722,-2130,619,140.131
88.081906,1721,-2130,621,140.125
88.087629,1721,-2131,622,140.125
88.092089,1720,-2130,621,140.120
88.097785,1718,-2128,623,140.120
88.102196,1717,-2125,626,140.120
88.107864,1715,-2121,628,140.120
88.112320,1714,-2116,628,140.120
88.116916,1713,-2112,629,140.125
88.122516,1713,-2109,626,140.125
88.126925,1713,-2108,623,140.131
88.132464,1713,-2109,623,140.131
88.137091,1713,-2109,618,140.131
88.142717,1713,-2109,618,140.136
88.147086,1713,-2107,620,140.136
88.153012,1713,-2104,620,140.136
88.157315,1714,-2100,621,140.142
88.161668,1714,-2096,622,140.142
88.167418,1714,-2092,624,140.142
88.171861,1714,-2089,628,140.136
88.177482,1715,-2089,633,140.136
88.182075,1716,-2091,636,140.136
88.187822,1716,-2095,640,140.136
88.192096,1716,-2099,642,140.131
88.196519,1716,-2103,643,140.131
88.202400,1718,-2105,642,140.131
88.206708,1720,-2104,637,140.125
88.212300,1720,-2104,631,140.125
88.216827,1721,-2104,627,140.125
88.222435,1720,-2104,624,140.125
88.226905,1717,-2108,625,140.125
88.232615,1714,-2109,626,140.125
88.237020,1712,-2111,626,140.125
88.241517,1711,-2113,627,140.125
88.247193,1711,-2113,628,140.125
88.251590,1713,-2111,627,140.125
88.257424,1714,-2110,625,140.125
88.261730,1716,-2110,618,140.125
88.267401,1716,-2111,612,140.125
88.271734,1715,-2111,612,140.125
88.276277,1714,-2110,612,140.125
88.282079,1712,-2108,615,140.125
88.286470,1710,-2106,618,140.125
88.292123,1707,-2104,621,140.131
88.296636,1705,-2105,623,140.131
88.302275,1704,-2104,624,140.131
88.306664,1703,-2103,626,140.131
88.312547,1702,-2103,627,140.136
88.316859,1702,-2102,626,140.136
88.321248,1701,-2104,629,140.136
88.326890,1702,-2107,629,140.136
88.331546,1703,-2108,628,140.136
88.336950,1703,-2108,626,140.136
88.341566,1702,-2107,624,140.136
88.347273,1700,-2108,625,140.136
88.351653,1697,-2108,626,140.131
88.356041,1696,-2110,631,140.131
88.361803,1697,-2113,634,140.131
88.366403,1698,-2114,631,140.131
88.371914,1698,-2115,629,140.131
88.376360,1700,-2115,626,140.131
88.382051,1702,-2114,623,140.125
88.386636,1703,-2114,624,140.125
88.392225,1704,-2115,626,140.131
88.396646,1704,-2116,627,140.131
88.401091,1703,-2117,625,140.131
88.406792,1703,-2115,623,140.131
88.411228,1703,-2113,619,140.136
88.416856,1703,-2111,616,140.136
88.421275,1704,-2109,617,140.136
88.426963,1704,-2106,619,140.136
88.431428,1705,-2104,621,140.136
88.435806,1706,-2104,624,140.136
88.441625,1709,-2105,624,140.136
88.445973,1713,-2106,627,140.136
88.451701,1716,-2107,630,140.136
88.456184,1719,-2107,631,140.136
88.461852,1720,-2107,632,140.136
88.466322,1720,-2106,633,140.136
88.471962,1719,-2107,635,140.131
88.476362,1719,-2108,636,140.131
88.480766,1718,-2107,637,140.131
88.486500,1717,-2107,637,140.131
88.490978,1715,-2109,636,140.131
88.496626,1715,-2110,634,140.131
88.501067,1713,-2111,633,140.131
88.506784,1712,-2114,630,140.131
88.511215,1712,-2115,631,140.131
88.515597,1711,-2116,631,140.131
88.521492,1711,-2116,630,140.131
88.525706,1711,-2114,627,140.131
88.531260,1711,-2111,624,140.136
88.535858,1712,-2109,621,140.131
88.541597,1715,-2108,618,140.131
88.545990,1717,-2107,617,140.131
88.551864,1719,-2106,617,140.131
88.556105,1721,-2105,618,140.131
88.560627,1721,-2103,620,140.131
88.566284,1721,-2101,620,140.125
88.570784,1720,-2099,620,140.125
88.576452,1717,-2099,618,140.125
88.580825,1716,-2100,614,140.125
88.586594,1714,-2102,612,140.125
88.591022,1716,-2105,614,140.125
88.595389,1719,-2108,617,140.131
88.601134,1720,-2111,622,140.131
88.605510,1721,-2113,624,140.131
88.611212,1720,-2113,625,140.131
88.615626,1718,-2113,624,140.131
88.621359,1717,-2111,625,140.131
88.625792,1715,-2110,627,140.125
88.631499,1712,-2109,626,140.125
88.635906,1710,-2109,625,140.125
88.640325,1708,-2109,623,140.125
88.646028,1706,-2109,619,140.125
88.650432,1708,-2110,619,140.125
88.656285,1709,-2112,620,140.125
88.660674,1710,-2111,622,140.131
88.666299,1711,-2110,621,140.131
88.670763,1711,-2107,620,140.131
88.675146,1711,-2105,620,140.131
88.680842,1711,-2104,620,140.131
88.685426,1714,-2105,621,140.125
88.690960,1717,-2106,623,140.125
88.695443,1720,-2106,623,140.125
88.701172,1722,-2107,621,140.125
88.705552,1722,-2109,616,140.125
88.711275,1721,-2110,612,140.125
88.715694,1718,-2113,609,140.120
88.720052,1717,-2114,606,140.120
88.725829,1717,-2115,608,140.120
88.730257,1718,-2114,607,140.120
88.736006,1719,-2111,605,140.114
88.740385,1720,-2109,604,140.114
88.746083,1720,-2109,606,140.114
88.750515,1720,-2109,607,140.114
88.754876,1720,-2109,611,140.114
88.760648,1720,-2110,613,140.114
88.765073,1721,-2110,612,140.114
88.770746,1722,-2110,615,140.114
88.775241,1721,-2112,618,140.114
88.780905,1721,-2112,621,140.114
88.785322,1719,-2113,625,140.120
88.791034,1718,-2113,626,140.120
88.795457,1717,-2113,624,140.120
88.799873,1719,-2111,619,140.120
88.805600,1721,-2108,613,140.125
88.810014,1722,-2107,609,140.125
88.815715,1723,-2107,607,140.125
88.820191,1722,-2107,608,140.125
88.825874,1721,-2107,614,140.125
88.830272,1719,-2107,619,140.125
88.834684,1718,-2107,625,140.120
88.840479,1716,-2105,629,140.120
88.844817,1713,-2104,629,140.120
88.850532,1713,-2104,630,140.120
88.855102,1714,-2104,632,140.120
88.860677,1714,-2103,630,140.120
88.865252,1715,-2104,626,140.120
88.870964,1717,-2105,624,140.120
88.875282,1716,-2106,619,140.120
88.879631,1716,-2107,616,140.120
88.885378,1717,-2107,614,140.120
88.889852,1716,-2109,615,140.120
88.895520,1716,-2109,615,140.114
88.899956,1715,-2109,616,140.114
88.905705,1715,-2109,619,140.114
88.910049,1715,-2108,623,140.109
88.914420,1715,-2107,627,140.109
88.920216,1714,-2105,629,140.109
88.924608,1712,-2103,628,140.109
88.930276,1711,-2101,628,140.109
88.934692,1709,-2099,627,140.103
88.940592,1709,-2099,628,140.103
88.944873,1707,-2100,632,140.109
88.950607,1705,-2102,636,140.109
88.954989,1703,-2103,638,140.109
88.959423,1702,-2104,641,140.109
88.965122,1700,-2106,642,140.114
88.969551,1700,-2108,643,140.114
88.975033,1700,-2112,643,140.114
88.979836,1701,-2115,643,140.120
88.985404,1701,-2116,640,140.120
88.989803,1701,-2115,635,140.120
88.994417,1702,-2115,632,140.120
89.000016,1704,-2116,634,140.120
89.004128,1707,-2117,635,140.120
89.010104,1708,-2119,638,140.120
89.014694,1709,-2120,642,140.114
89.020235,1710,-2120,645,140.114
89.024309,1710,-2121,647,140.114
89.030438,1711,-2119,647,140.114
89.034763,1713,-2118,645,140.114
89.039068,1716,-2117,644,140.114
89.044858,1718,-2115,640,140.114
89.049394,1720,-2114,637,140.114
89.054776,1721,-2114,636,140.114
89.059441,1720,-2112,633,140.114
89.065223,1719,-2110,630,140.114
89.069624,1718,-2109,627,140.114
89.074049,1717,-2107,626,140.114
89.079781,1716,-2107,625,140.114
89.084177,1716,-2106,625,140.120
89.089901,1716,-2105,626,140.120
89.094318,1716,-2104,629,140.120
89.100168,1716,-2101,631,140.120
89.104509,1716,-2099,633,140.120
89.110165,1716,-2098,634,140.120
89.114641,1716,-2097,634,140.120
89.119051,1715,-2098,634,140.120
89.124696,1715,-2100,635,140.120
89.129171,1715,-2103,636,140.120
89.134977,1715,-2105,635,140.114
89.139326,1713,-2105,633,140.114
89.144975,1710,-2105,632,140.114
89.149453,1709,-2104,631,140.114
89.153802,1707,-2103,632,140.109
89.159592,1709,-2102,632,140.109
89.163960,1711,-2102,633,140.103
89.169652,1714,-2102,633,140.103
89.174300,1717,-2102,633,140.103
89.179803,1717,-2102,633,140.098
89.184192,1715,-2104,635,140.098
89.190020,1715,-2105,636,140.098
89.194372,1715,-2106,638,140.098
89.198773,1715,-2107,638,140.103
89.204645,1716,-2106,635,140.103
89.208930,1715,-2107,633,140.103
89.214657,1715,-2108,631,140.109
89.219088,1714,-2107,628,140.109
89.224789,1713,-2107,626,140.109
89.229221,1714,-2108,623,140.109
89.233575,1713,-2106,623,140.109
89.239269,1712,-2105,623,140.109
89.243719,1711,-2105,627,140.109
89.249442,1710,-2105,632,140.109
89.253931,1710,-2108,634,140.103
89.259535,1710,-2111,638,140.103
89.263981,1711,-2113,640,140.103
89.269726,1712,-2116,640,140.103
89.274145,1712,-2117,638,140.098
89.278536,1710,-2117,637,140.098
89.284264,1709,-2117,638,140.103
89.288779,1708,-2115,640,140.103
89.294409,1707,-2113,640,140.103
89.298862,1707,-2112,641,140.103
89.304571,1708,-2111,640,140.103
89.308993,1708,-2111,640,140.109
89.313420,1708,-2114,640,140.109
89.319158,1708,-2116,640,140.114
89.323531,1707,-2117,640,140.114
89.329221,1706,-2116,639,140.114
89.333672,1706,-2116,638,140.114
89.339423,1706,-2115,637,140.120
89.343770,1706,-2114,634,140.120
89.349511,1706,-2114,636,140.120
89.354081,1706,-2114,638,140.120
89.358331,1706,-2113,640,140.120
89.364025,1705,-2114,640,140.120
89.368560,1706,-2114,640,140.120
89.374251,1706,-2111,639,140.114
89.378645,1706,-2110,640,140.114
89.384472,1706,-2109,643,140.114
89.388821,1704,-2108,645,140.114
89.393213,1702,-2110,648,140.114
89.398908,1699,-2110,650,140.114
89.403375,1696,-2110,652,140.114
89.409148,1694,-2109,654,140.114
89.413478,1693,-2108,655,140.114
89.419151,1691,-2108,657,140.114
89.423414,1691,-2108,657,140.114
89.429371,1694,-2108,658,140.114
89.433776,1698,-2108,658,140.114
89.438147,1704,-2111,656,140.120
89.443899,1708,-2113,654,140.120
89.448440,1709,-2116,652,140.120
89.454077,1710,-2119,647,140.120
89.458412,1710,-2119,644,140.120
89.464110,1709,-2119,642,140.120
89.468551,1711,-2120,641,140.120
89.472970,1711,-2119,641,140.120
89.478644,1710,-2120,641,140.120
89.483227,1710,-2121,640,140.125
89.488782,1709,-2121,637,140.125
89.493259,1709,-2122,636,140.125
89.499030,1711,-2123,633,140.125
89.503371,1712,-2124,631,140.125
89.509071,1712,-2125,629,140.125
89.513475,1714,-2123,628,140.125
89.517880,1715,-2120,627,140.125
89.523590,1717,-2118,626,140.125
89.528196,1721,-2117,626,140.125
89.533773,1723,-2118,624,140.125
89.538133,1724,-2119,623,140.120
89.543904,1723,-2120,621,140.120
89.548496,1721,-2120,620,140.125
89.552833,1719,-2119,619,140.125
89.558469,1716,-2118,621,140.125
89.562903,1714,-2116,625,140.131
89.568546,1714,-2115,630,140.131
89.573048,1714,-2115,634,140.131
89.578744,1715,-2115,636,140.136
89.583153,1715,-2115,638,140.136
89.588816,1714,-2116,639,140.136
89.593317,1712,-2116,643,140.136
89.597701,1710,-2116,647,140.136
89.603434,1708,-2115,650,140.136
89.607876,1708,-2114,652,140.136
89.613697,1708,-2112,652,140.136
89.617990,1710,-2112,648,140.131
89.623708,1711,-2114,645,140.131
89.628194,1712,-2115,640,140.131
89.632598,1714,-2117,636,140.131
89.638285,1717,-2119,633,140.131
89.642641,1719,-2119,632,140.125
89.648392,1721,-2118,630,140.125
89.652829,1723,-2116,627,140.125
89.658490,1723,-2114,628,140.120
89.662881,1725,-2112,629,140.120
89.668677,1724,-2111,631,140.120
89.673093,1723,-2112,637,140.120
89.677668,1722,-2112,639,140.120
89.683205,1720,-2111,641,140.120
89.687670,1719,-2110,640,140.125
89.693324,1719,-2108,636,140.125
89.697750,1718,-2106,636,140.125
89.703494,1717,-2106,636,140.125
89.707918,1718,-2106,639,140.125
89.712328,1720,-2108,642,140.131
89.718036,1721,-2110,648,140.131
89.722514,1724,-2111,651,140.131
89.728126,1725,-2112,653,140.125
89.732648,1725,-2112,652,140.125
89.738339,1725,-2112,652,140.125
89.742712,1725,-2111,653,140.120
89.748422,1724,-2113,657,140.120
89.752852,1723,-2114,658,140.114
89.757422,1723,-2114,657,140.114
89.762993,1723,-2114,658,140.109
89.767395,1722,-2114,653,140.109
89.773062,1721,-2113,651,140.103
89.777351,1721,-2113,649,140.103
89.783306,1721,-2113,645,140.103
89.787671,1720,-2113,642,140.098
89.792091,1720,-2112,640,140.098
89.797873,1718,-2111,637,140.098
89.802239,1715,-2110,634,140.098
89.808112,1714,-2111,631,140.103
89.812377,1713,-2111,629,140.103
89.818119,1713,-2112,625,140.109
89.822537,1712,-2113,623,140.109
89.828266,1713,-2114,623,140.114
89.832697,1714,-2115,624,140.120
89.837224,1717,-2116,626,140.120
89.842826,1718,-2119,633,140.125
89.847204,1719,-2120,636,140.125
89.852883,1719,-2121,639,140.125
89.857287,1718,-2121,641,140.125
89.863213,1717,-2120,640,140.125
89.867407,1717,-2120,639,140.125
89.871891,1716,-2117,636,140.125
89.877610,1716,-2115,633,140.125
89.882086,1716,-2112,632,140.120
89.887705,1715,-2110,629,140.114
89.892173,1715,-2107,624,140.114
89.897848,1716,-2108,622,140.109
89.902336,1717,-2109,623,140.103
89.908018,1720,-2110,622,140.103
89.912458,1721,-2112,625,140.103
89.916809,1725,-2113,626,140.103
89.922523,1728,-2114,626,140.103
89.927016,1727,-2114,626,140.103
89.932667,1728,-2114,626,140.103
89.937258,1727,-2113,625,140.103
89.942807,1725,-2112,625,140.109
89.947231,1725,-2111,626,140.109
89.951693,1725,-2110,628,140.109
89.957357,1724,-2110,631,140.109
89.961871,1724,-2111,633,140.109
89.967659,1724,-2110,633,140.109
89.971929,1725,-2110,631,140.109
89.977590,1726,-2109,628,140.109
89.982216,1728,-2109,627,140.109
89.987778,1730,-2109,627,140.103
89.992243,1730,-2109,630,140.103
89.996621,1730,-2109,632,140.098
90.002345,1728,-2108,633,140.098
90.006505,1726,-2107,634,140.092
90.012456,1724,-2106,634,140.092
90.016874,1723,-2103,633,140.087
90.022529,1723,-2101,630,140.087
90.027001,1724,-2099,626,140.087
90.031216,1723,-2097,622,140.081
90.037167,1724,-2096,621,140.081
90.041284,1724,-2098,622,140.081
90.047422,1722,-2099,625,140.087
90.051703,1721,-2102,628,140.087
90.057381,1718,-2105,629,140.087
90.061854,1716,-2107,629,140.087
90.067564,1715,-2110,628,140.092
90.072041,1713,-2113,625,140.092
90.076413,1712,-2116,622,140.098
90.082159,1711,-2119,617,140.098
90.086546,1711,-2121,611,140.098
90.092132,1711,-2123,609,140.103
90.096612,1711,-2123,609,140.103
90.102419,1711,-2121,612,140.103
90.106774,1711,-2121,616,140.103
90.111220,1711,-2121,621,140.103
90.117018,1712,-2122,622,140.103
90.121409,1713,-2122,622,140.103
90.127029,1715,-2121,622,140.098
90.131651,1716,-2119,620,140.098
90.137036,1716,-2117,622,140.092
90.141651,1716,-2116,625,140.092
90.147377,1717,-2117,630,140.087
90.151744,1715,-2116,632,140.087
90.156173,1714,-2115,635,140.087
90.161869,1714,-2113,636,140.087
90.166485,1713,-2110,635,140.087
90.172069,1714,-2108,638,140.081
90.176448,1716,-2106,638,140.081
90.182129,1718,-2105,635,140.081
90.186719,1717,-2106,633,140.081
90.190939,1717,-2108,632,140.081
90.196872,1716,-2110,631,140.081
90.201319,1714,-2112,632,140.081
90.206878,1715,-2112,632,140.087
90.211335,1715,-2112,630,140.087
90.217148,1716,-2112,628,140.092
90.221474,1716,-2112,629,140.092
90.227304,1716,-2113,626,140.092
90.231519,1715,-2113,623,140.092
90.235982,1714,-2113,624,140.092
90.241722,1712,-2113,624,140.092
90.246127,1709,-2113,628,140.092
90.251929,1706,-2113,629,140.092
90.256261,1704,-2114,628,140.092
90.262014,1702,-2116,630,140.092
90.266403,1702,-2118,629,140.092
90.270773,1703,-2119,629,140.092
90.276426,1705,-2121,629,140.092
90.280897,1707,-2123,627,140.092
90.286624,1708,-2122,627,140.092
90.291087,1709,-2122,626,140.092
90.296851,1708,-2121,626,140.092
90.301212,1706,-2119,628,140.092
90.306903,1705,-2118,630,140.092
90.311510,1703,-2117,631,140.092
90.315711,1702,-2116,632,140.092
90.321504,1704,-2117,631,140.098
90.325896,1705,-2117,632,140.098
90.331620,1706,-2119,635,140.098
90.335976,1706,-2119,637,140.098
90.341765,1706,-2119,638,140.098
90.346218,1707,-2118,636,140.103
90.350552,1708,-2117,632,140.103
90.356094,1709,-2115,631,140.103
90.360878,1709,-2115,632,140.103
90.366394,1709,-2115,632,140.098
90.370822,1711,-2116,633,140.098
90.376547,1711,-2117,634,140.098
90.381022,1711,-2117,634,140.098
90.386753,1712,-2117,632,140.098
90.391189,1711,-2118,627,140.098
90.395489,1711,-2118,623,140.098
90.401247,1710,-2120,619,140.098
90.405680,1710,-2122,617,140.098
90.411207,1710,-2124,617,140.098
90.415844,1709,-2126,616,140.098
90.421505,1710,-2127,619,140.098
90.425953,1710,-2128,621,140.098
90.430321,1710,-2128,622,140.103
90.436099,1711,-2129,625,140.098
90.440500,1712,-2130,625,140.103
90.446166,1713,-2130,625,140.103
90.450638,1715,-2131,625,140.103
90.456345,1716,-2129,624,140.103
90.460720,1714,-2127,625,140.103
90.466475,1712,-2125,627,140.109
90.470924,1709,-2123,629,140.109
90.475324,1706,-2122,633,140.109
90.481030,1706,-2122,636,140.114
90.485622,1708,-2121,637,140.114
90.491135,1708,-2120,639,140.114
90.495576,1710,-2118,639,140.114
90.501343,1711,-2117,635,140.114
90.505736,1711,-2117,633,140.114
90.510194,1712,-2117,631,140.114
90.515875,1713,-2116,627,140.109
90.520245,1713,-2115,624,140.109
90.526026,1714,-2114,623,140.109
90.530405,1715,-2113,625,140.109
90.536089,1717,-2111,626,140.103
90.540670,1719,-2110,627,140.103
90.546249,1721,-2107,626,140.103
90.550820,1721,-2104,624,140.103
90.555145,1722,-2102,623,140.103
90.560787,1723,-2101,620,140.103
90.565429,1725,-2102,620,140.103
90.571013,1727,-2104,622,140.103
90.575382,1727,-2104,622,140.103
90.581138,1727,-2106,624,140.103
90.585497,1725,-2108,625,140.103
90.589878,1721,-2107,625,140.103
90.595705,1715,-2106,624,140.103
90.600123,1711,-2105,627,140.103
90.605725,1708,-2102,631,140.103
90.610230,1708,-2103,636,140.103
90.615875,1712,-2105,641,140.103
90.620396,1715,-2107,644,140.103
90.626048,1718,-2109,645,140.098
90.630450,1720,-2112,644,140.098
90.634856,1719,-2113,642,140.092
90.640713,1718,-2114,642,140.092
90.645131,1714,-2113,645,140.087
90.650664,1712,-2112,646,140.087
90.655054,1710,-2111,649,140.087
90.660816,1708,-2109,650,140.087
90.665307,1706,-2110,650,140.087
90.669705,1706,-2109,646,140.092
90.675437,1707,-2107,640,140.092
90.679828,1707,-2105,636,140.092
90.685558,1707,-2103,631,140.098
90.689982,1707,-2102,628,140.098
90.695659,1707,-2101,628,140.098
90.700088,1706,-2101,630,140.098
90.705820,1706,-2102,631,140.098
90.710265,1706,-2104,632,140.098
90.714675,1707,-2106,632,140.098
90.720346,1706,-2108,632,140.098
90.724878,1707,-2111,634,140.098
90.730473,1707,-2113,636,140.098
90.734835,1707,-2114,638,140.098
90.740637,1708,-2113,641,140.098
90.745021,1709,-2112,642,140.098
90.749533,1711,-2111,640,140.098
90.755206,1711,-2109,636,140.098
90.759625,1710,-2108,627,140.098
90.765304,1709,-2108,619,140.098
90.769748,1707,-2109,612,140.098
90.775451,1707,-2110,608,140.098
90.779879,1707,-2111,606,140.098
90.785550,1709,-2111,608,140.098
90.790171,1711,-2111,613,140.098
90.794536,1713,-2111,620,140.098
90.800192,1714,-2109,623,140.098
90.804624,1715,-2108,625,140.098
90.810273,1714,-2109,626,140.098
90.814866,1715,-2108,626,140.092
90.820560,1716,-2109,623,140.092
90.824852,1716,-2110,625,140.092
90.829418,1718,-2112,626,140.092
90.834951,1719,-2113,626,140.087
90.839527,1720,-2115,625,140.087
90.845128,1722,-2116,624,140.087
90.849715,1724,-2115,623,140.087
90.855220,1724,-2115,620,140.092
90.859819,1726,-2115,620,140.092
90.865381,1726,-2116,619,140.092
90.869985,1725,-2116,619,140.092
90.874223,1725,-2112,621,140.092
90.879920,1723,-2110,621,140.092
90.884279,1721,-2107,622,140.092
90.890195,1719,-2105,624,140.087
90.894530,1717,-2104,626,140.087
90.900183,1715,-2103,628,140.087
90.904686,1715,-2103,631,140.087
90.909006,1715,-2104,635,140.087
90.914787,1715,-2104,638,140.087
90.919171,1716,-2103,641,140.087
90.924922,1715,-2103,643,140.087
90.929290,1714,-2101,645,140.081
90.935141,1712,-2100,644,140.081
90.939474,1711,-2099,644,140.081
90.945173,1712,-2098,643,140.081
90.949581,1713,-2097,642,140.081
90.954018,1716,-2097,643,140.081
90.959715,1716,-2096,643,140.081
90.964123,1717,-2096,640,140.081
90.969800,1717,-2097,636,140.081
90.974314,1716,-2096,631,140.081
90.980077,1715,-2095,628,140.076
90.984579,1712,-2095,626,140.076
90.988821,1709,-2094,627,140.070
90.994591,1707,-2093,627,140.070
90.998981,1708,-2091,630,140.065
91.004653,1710,-2090,632,140.065
91.008825,1711,-2090,633,140.065
91.014480,1714,-2091,635,140.059
91.018841,1715,-2093,634,140.059
91.024679,1716,-2096,635,140.059
91.029078,1718,-2098,636,140.059
91.033486,1719,-2099,635,140.059
91.039181,1722,-2098,636,140.065
91.043642,1725,-2100,636,140.065
91.049308,1728,-2101,633,140.065
91.054029,1729,-2102,631,140.065
91.059733,1729,-2104,626,140.065
91.064206,1729,-2105,623,140.065
91.068604,1729,-2105,622,140.065
91.074289,1727,-2106,621,140.059
91.078784,1724,-2106,620,140.059
91.084571,1720,-2107,615,140.059
91.088999,1717,-2107,612,140.054
91.094600,1715,-2107,610,140.054
91.099000,1713,-2107,608,140.054
91.104900,1713,-2107,608,140.048
91.109216,1712,-2109,608,140.048
91.113571,1709,-2110,609,140.048
91.119251,1706,-2110,611,140.048
91.123665,1704,-2111,612,140.048
91.129379,1703,-2112,613,140.048
91.133909,1704,-2112,613,140.054
91.139719,1704,-2112,611,140.054
91.144018,1705,-2112,615,140.054
91.148393,1706,-2112,615,140.059
91.154185,1707,-2113,617,140.059
91.158549,1708,-2114,620,140.059
91.164279,1709,-2114,620,140.065
91.168704,1710,-2113,623,140.065
91.174418,1710,-2111,626,140.065
91.178828,1709,-2109,629,140.065
91.184465,1710,-2108,633,140.065
91.188975,1710,-2108,636,140.065
91.193418,1709,-2108,639,140.065
91.199073,1707,-2110,640,140.065
91.203527,1706,-2112,642,140.065
91.209196,1704,-2113,642,140.065
91.213599,1704,-2114,643,140.065
91.219385,1705,-2117,645,140.065
91.223557,1706,-2118,644,140.065
91.228350,1704,-2119,642,140.065
91.233961,1703,-2120,640,140.065
91.238367,1700,-2120,637,140.065
91.244151,1699,-2120,639,140.065
91.248517,1699,-2120,640,140.065
91.254225,1699,-2119,639,140.065
91.258760,1699,-2118,636,140.065
91.264325,1698,-2116,630,140.065
91.268749,1698,-2116,624,140.065
91.273146,1699,-2115,618,140.065
91.278880,1700,-2114,614,140.065
91.283471,1702,-2113,610,140.065
91.289116,1703,-2115,610,140.065
91.293484,1706,-2115,610,140.065
91.299155,1707,-2115,609,140.065
91.303540,1708,-2115,608,140.070
91.307944,1710,-2113,608,140.070
91.313718,1711,-2112,605,140.070
91.318085,1713,-2110,604,140.076
91.323832,1714,-2109,603,140.076
91.328320,1714,-2107,599,140.076
91.333962,1712,-2105,596,140.076
91.338432,1711,-2104,597,140.081
91.344023,1709,-2104,596,140.081
91.348603,1707,-2106,600,140.076
91.352990,1706,-2108,600,140.076
91.358824,1703,-2110,601,140.076
91.363185,1702,-2110,604,140.076
91.368938,1701,-2108,607,140.076
91.373212,1700,-2107,609,140.076
91.378965,1702,-2107,609,140.076
91.383425,1702,-2109,608,140.076
91.387765,1702,-2111,605,140.076
91.393498,1701,-2112,602,140.076
91.397897,1700,-2113,600,140.076
91.403445,1700,-2113,599,140.076
91.408051,1698,-2113,601,140.076
91.413746,1699,-2112,603,140.076
91.418218,1699,-2110,604,140.081
91.424111,1700,-2109,606,140.081
91.428374,1699,-2108,605,140.081
91.432724,1699,-2108,607,140.087
91.438443,1699,-2110,609,140.087
91.442947,1699,-2113,612,140.092
91.448535,1699,-2114,610,140.092
91.453018,1698,-2116,611,140.098
91.458716,1698,-2118,612,140.098
91.463195,1697,-2121,610,140.098
91.467558,1697,-2122,610,140.098
91.473298,1698,-2124,608,140.103
91.477730,1698,-2124,608,140.103
91.483283,1697,-2119,607,140.103
91.488036,1697,-2117,608,140.109
91.493524,1698,-2114,607,140.109
91.497944,1700,-2112,602,140.109
91.503696,1701,-2113,601,140.109
91.508002,1702,-2114,601,140.109
91.512513,1701,-2117,603,140.109
91.518252,1702,-2120,607,140.109
91.522677,1702,-2124,611,140.109
91.528388,1703,-2123,615,140.109
91.532798,1703,-2122,617,140.109
91.538503,1703,-2120,620,140.109
91.542949,1704,-2117,621,140.109
91.547373,1706,-2116,622,140.109
91.553246,1706,-2116,625,140.109
91.557538,1706,-2114,626,140.109
91.563157,1705,-2114,630,140.109
91.567648,1704,-2112,634,140.109
91.573293,1702,-2111,631,140.109
91.577848,1701,-2111,631,140.109
91.583448,1699,-2111,630,140.114
91.587927,1699,-2112,625,140.114
91.592299,1701,-2113,623,140.120
91.598005,1704,-2113,623,140.120
91.602476,1707,-2114,623,140.125
91.607979,1706,-2115,623,140.125
91.612634,1705,-2115,624,140.125
91.618416,1706,-2115,625,140.125
91.622896,1707,-2116,625,140.131
91.627084,1710,-2117,626,140.131
91.632823,1712,-2118,629,140.131
91.637213,1713,-2120,631,140.131
91.642926,1713,-2121,633,140.131
91.647397,1712,-2123,636,140.125
91.653121,1711,-2125,638,140.125
91.657511,1709,-2125,641,140.125
91.663266,1709,-2124,640,140.125
91.667669,1710,-2121,638,140.125
91.672248,1712,-2118,635,140.120
91.677806,1714,-2114,630,140.120
91.682421,1715,-2112,627,140.120
91.687849,1716,-2112,622,140.120
91.692315,1717,-2113,618,140.120
91.697933,1716,-2113,617,140.120
91.702682,1713,-2114,617,140.120
91.707018,1709,-2112,620,140.120
91.712651,1704,-2111,623,140.125
91.717066,1701,-2111,626,140.125
91.722712,1699,-2112,626,140.131
91.727227,1698,-2113,626,140.131
91.732970,1699,-2116,625,140.136
91.737352,1700,-2118,624,140.136
91.742860,1700,-2118,623,140.142
91.747618,1698,-2116,623,140.142
91.751954,1694,-2114,622,140.142
91.757554,1693,-2113,620,140.142
91.762193,1691,-2113,616,140.142
91.767686,1689,-2113,615,140.142
91.772134,1689,-2113,616,140.142
91.777882,1688,-2113,613,140.142
91.782301,1689,-2113,614,140.142
91.786761,1693,-2114,612,140.142
91.792483,1697,-2115,610,140.142
91.796869,1702,-2116,609,140.142
91.802520,1705,-2116,606,140.142
91.807050,1707,-2117,610,140.147
91.812684,1707,-2118,612,140.147
91.817115,1707,-2118,614,140.147
91.822792,1709,-2116,616,140.147
91.827239,1710,-2116,614,140.147
91.831654,1713,-2116,613,140.147
91.837399,1716,-2117,613,140.147
91.841869,1717,-2117,614,140.147
91.847577,1717,-2116,618,140.147
91.852034,1718,-2115,622,140.147
91.857648,1718,-2115,621,140.147
91.862048,1718,-2115,619,140.142
91.866494,1718,-2116,617,140.142
91.872221,1718,-2117,613,140.147
91.876662,1717,-2118,613,140.147
91.882323,1717,-2117,614,140.147
91.886772,1715,-2117,613,140.147
91.892517,1715,-2117,614,140.147
91.896895,1714,-2117,613,140.147
91.902717,1715,-2117,611,140.153
91.906910,1715,-2116,609,140.153
91.911444,1717,-2116,611,140.153
91.917196,1717,-2117,614,140.153
91.921588,1717,-2116,616,140.153
91.927299,1718,-2116,618,140.153
91.931658,1717,-2115,617,140.153
91.937427,1718,-2113,616,140.153
91.941804,1720,-2113,613,140.153
91.946271,1722,-2111,613,140.153
91.952034,1724,-2111,613,140.147
91.956605,1724,-2111,614,140.147
91.962169,1722,-2112,616,140.147
91.966745,1722,-2114,619,140.142
91.972278,1719,-2115,619,140.142
91.976428,1717,-2116,617,140.142
91.982364,1715,-2118,616,140.142
91.986852,1713,-2118,616,140.142
91.991311,1709,-2119,617,140.142
91.996994,1709,-2119,618,140.142
92.001394,1709,-2119,619,140.147
92.006770,1709,-2118,618,140.147
92.011535,1711,-2116,619,140.147
92.017216,1712,-2113,621,140.147
92.021721,1713,-2110,621,140.153
92.026008,1715,-2107,622,140.147
92.031523,1718,-2107,622,140.147
92.036379,1720,-2106,622,140.147
92.041611,1720,-2108,621,140.147
92.046409,1720,-2108,621,140.147
92.052079,1720,-2106,624,140.142
92.056575,1719,-2106,627,140.142
92.062196,1720,-2105,629,140.142
92.066773,1722,-2105,632,140.136
92.071051,1724,-2108,633,140.136
92.076760,1726,-2110,634,140.136
92.081180,1726,-2110,635,140.136
92.086876,1726,-2109,635,140.136
92.091313,1725,-2108,633,140.131
92.097074,1724,-2104,632,140.131
92.101488,1722,-2102,630,140.131
92.105933,1720,-2101,629,140.131
92.111627,1717,-2100,629,140.131
92.116207,1715,-2100,628,140.131
92.121663,1711,-2102,628,140.131
92.126119,1709,-2103,629,140.136
92.131985,1708,-2105,628,140.136
92.136233,1707,-2106,629,140.136
92.141870,1706,-2107,631,140.136
92.146412,1706,-2108,632,140.131
92.150944,1704,-2108,633,140.131
92.156459,1702,-2108,635,140.131
92.161097,1701,-2106,632,140.131
92.166415,1700,-2106,629,140.131
92.171045,1700,-2106,628,140.131
92.176804,1703,-2108,628,140.136
92.181404,1705,-2109,627,140.136
92.185663,1707,-2112,632,140.136
92.191439,1710,-2113,636,140.136
92.195578,1711,-2113,638,140.136
92.201442,1712,-2114,640,140.136
92.205978,1711,-2114,644,140.136
92.211591,1711,-2114,645,140.136
92.216058,1711,-2114,644,140.136
92.221829,1711,-2113,645,140.136
92.226171,1710,-2111,643,140.136
92.230585,1710,-2109,639,140.136
92.236259,1708,-2106,637,140.136
92.240739,1706,-2105,637,140.136
92.246596,1706,-2103,634,140.136
92.250867,1704,-2102,633,140.136
92.256721,1705,-2103,632,140.131
92.260978,1705,-2102,632,140.131
92.265415,1705,-2102,634,140.131
92.271169,1707,-2103,635,140.131
92.275743,1708,-2104,638,140.125
92.281260,1706,-2105,637,140.125
92.285756,1703,-2107,635,140.125
92.291465,1702,-2108,628,140.125
92.295818,1701,-2110,624,140.125
92.301539,1700,-2112,624,140.131
92.306059,1701,-2113,628,140.131
92.310438,1701,-2113,632,140.131
92.316119,1700,-2114,634,140.131
92.320510,1701,-2113,635,140.131
92.326371,1701,-2110,631,140.136
92.330694,1701,-2108,625,140.136
92.336369,1701,-2107,619,140.136
92.340802,1700,-2106,614,140.142
92.345272,1700,-2106,611,140.142
92.350943,1702,-2107,609,140.142
92.355415,1704,-2107,611,140.147
92.361056,1705,-2108,616,140.147
92.365516,1707,-2108,620,140.147
92.371199,1708,-2108,625,140.147
92.375741,1709,-2108,628,140.153
92.381350,1710,-2106,631,140.153
92.385827,1711,-2105,632,140.153
92.390158,1711,-2105,630,140.153
92.395807,1710,-2104,628,140.153
92.400329,1710,-2105,625,140.147
92.406013,1710,-2106,621,140.147
92.410428,1710,-2108,618,140.147
92.416197,1708,-2111,616,140.147
92.420553,1707,-2112,614,140.142
92.425042,1706,-2113,612,140.142
92.430825,1705,-2113,610,140.142
92.435135,1704,-2112,610,140.142
92.440830,1706,-2112,613,140.142
92.445270,1706,-2112,619,140.142
92.451015,1707,-2114,625,140.142
92.455387,1708,-2114,631,140.142
92.461153,1708,-2112,633,140.147
92.465508,1708,-2111,633,140.147
92.469954,1709,-2109,632,140.147
92.475646,1709,-2106,632,140.147
92.480074,1708,-2106,631,140.147
92.485752,1709,-2107,632,140.147
92.490213,1710,-2107,633,140.147
92.495946,1711,-2108,635,140.147
92.500101,1710,-2109,636,140.142
92.504483,1708,-2108,637,140.142
92.510225,1706,-2106,639,140.142
92.514893,1705,-2106,641,140.142
92.520578,1706,-2105,644,140.142
92.525070,1709,-2106,645,140.142
92.530514,1711,-2104,646,140.147
92.535224,1713,-2102,644,140.147
92.540961,1713,-2101,643,140.147
92.545347,1713,-2101,641,140.147
92.549758,1712,-2103,637,140.147
92.555453,1711,-2106,636,140.147
92.559877,1711,-2107,632,140.153
92.565574,1711,-2108,629,140.153
92.570055,1710,-2108,629,140.153
92.575703,1713,-2108,630,140.153
92.580323,1714,-2109,628,140.153
92.584594,1717,-2111,624,140.147
92.590370,1720,-2114,619,140.147
92.594695,1720,-2119,615,140.147
92.600442,1720,-2122,615,140.142
92.604854,1720,-2124,615,140.142
92.610546,1722,-2125,612,140.142
92.614952,1723,-2123,611,140.142
92.620652,1725,-2120,609,140.142
92.625332,1724,-2117,610,140.142
92.629503,1722,-2115,617,140.142
92.635247,1718,-2112,622,140.142
92.639654,1715,-2110,626,140.142
92.645395,1715,-2108,628,140.142
92.649772,1714,-2107,628,140.142
92.655648,1714,-2109,630,140.142
92.659947,1716,-2111,632,140.142
92.664503,1716,-2114,634,140.142
92.670118,1718,-2116,635,140.142
92.674516,1719,-2116,636,140.142
92.680196,1721,-2115,634,140.142
92.684673,1722,-2113,632,140.142
92.690295,1722,-2111,631,140.142
92.694726,1723,-2109,631,140.142
92.700522,1724,-2109,631,140.142
92.704874,1724,-2108,631,140.136
92.709367,1725,-2108,632,140.136
92.714987,1727,-2107,631,140.136
92.719522,1727,-2104,633,140.136
92.725180,1727,-2102,636,140.131
92.729617,1726,-2101,638,140.131
92.735341,1724,-2100,639,140.131
92.739708,1724,-2100,638,140.125
92.744119,1724,-2101,637,140.125
92.749843,1724,-2103,636,140.125
92.754248,1724,-2103,636,140.125
92.759970,1726,-2103,637,140.125
92.764471,1726,-2102,636,140.120
92.770030,1727,-2101,635,140.120
92.774550,1728,-2100,629,140.120
92.780278,1727,-2099,622,140.114
92.784694,1727,-2099,615,140.114
92.788921,1727,-2101,612,140.114
92.794801,1726,-2105,610,140.114
92.799279,1725,-2108,610,140.109
92.804960,1725,-2110,608,140.109
92.809388,1724,-2111,604,140.109
92.815069,1722,-2112,604,140.109
92.819499,1722,-2112,604,140.109
92.823894,1722,-2111,608,140.109
92.829686,1722,-2111,612,140.109
92.834070,1723,-2108,613,140.109
92.839753,1723,-2106,616,140.109
92.844222,1723,-2103,615,140.109
92.850053,1723,-2103,615,140.109
92.854304,1720,-2103,617,140.103
92.860063,1718,-2104,618,140.103
92.864521,1717,-2105,619,140.103
92.868889,1716,-2104,619,140.103
92.874651,1716,-2103,619,140.103
92.879038,1717,-2103,620,140.103
92.884732,1716,-2103,621,140.098
92.889126,1717,-2104,623,140.098
92.894877,1716,-2105,623,140.098
92.899298,1717,-2106,624,140.098
92.903703,1717,-2107,625,140.092
92.909488,1716,-2107,624,140.092
92.913809,1716,-2108,623,140.092
92.919661,1715,-2109,622,140.092
92.923929,1716,-2109,620,140.092
92.929698,1717,-2109,622,140.092
92.934078,1718,-2108,625,140.092
92.939787,1719,-2106,627,140.092
92.944217,1720,-2105,629,140.092
92.948660,1722,-2106,630,140.092
92.954342,1722,-2107,628,140.092
92.958949,1721,-2109,628,140.092
92.964548,1721,-2108,627,140.092
92.968913,1720,-2107,627,140.098
92.974569,1720,-2105,625,140.098
92.979063,1719,-2105,622,140.098
92.983551,1718,-2105,617,140.098
92.989224,1716,-2107,616,140.098
92.993773,1715,-2107,615,140.098
92.999344,1715,-2106,617,140.098
93.003781,1714,-2106,619,140.098
93.009219,1714,-2105,622,140.098
93.013641,1714,-2105,624,140.098
93.019609,1713,-2106,627,140.098
93.023796,1711,-2106,630,140.098
93.028436,1711,-2107,632,140.098
93.034139,1709,-2106,630,140.092
93.038511,1709,-2107,629,140.092
93.044186,1708,-2107,629,140.092
93.048687,1709,-2107,628,140.092
93.054422,1709,-2106,628,140.092
93.058661,1711,-2107,626,140.092
93.063291,1711,-2109,623,140.092
93.069010,1711,-2112,619,140.092
93.073431,1711,-2114,618,140.092
93.079087,1711,-2117,616,140.092
93.083575,1713,-2116,619,140.092
93.089184,1714,-2116,624,140.092
93.093669,1715,-2114,627,140.092
93.099479,1715,-2110,630,140.092
93.103850,1714,-2108,627,140.098
93.108479,1714,-2107,623,140.098
93.113977,1714,-2107,620,140.098
93.118343,1713,-2108,618,140.092
93.124038,1713,-2110,619,140.092
93.128542,1713,-2111,621,140.092
93.134209,1713,-2111,620,140.092
93.138580,1713,-2110,618,140.092
93.143061,1715,-2110,614,140.092
93.148817,1716,-2111,609,140.092
93.153222,1716,-2110,606,140.092
93.158901,1716,-2109,602,140.092
93.163503,1717,-2108,601,140.092
93.169096,1719,-2106,601,140.092
93.173445,1721,-2106,602,140.092
93.179166,1724,-2105,604,140.092
93.183600,1725,-2104,606,140.092
93.188086,1726,-2105,608,140.092
93.193749,1725,-2107,612,140.092
93.198131,1723,-2108,615,140.092
93.203899,1721,-2109,615,140.092
93.208340,1721,-2108,615,140.092
93.214023,1722,-2108,613,140.092
93.218393,1721,-2108,614,140.087
93.222832,1721,-2107,613,140.087
93.228561,1720,-2106,616,140.087
93.232950,1719,-2105,618,140.087
93.238615,1719,-2103,619,140.087
93.242996,1718,-2102,619,140.087
93.248874,1716,-2101,617,140.087
93.253254,1714,-2102,618,140.087
93.259015,1713,-2102,618,140.087
93.263417,1711,-2104,621,140.081
93.267833,1709,-2106,622,140.081
93.273591,1707,-2109,623,140.081
93.277986,1704,-2112,621,140.081
93.283657,1703,-2113,618,140.081
93.288084,1704,-2115,617,140.081
93.293947,1705,-2115,616,140.081
93.298270,1706,-2113,616,140.081
93.302654,1707,-2112,616,140.081
93.308519,1707,-2111,616,140.087
93.312748,1708,-2110,617,140.087
93.318558,1709,-2110,619,140.087
93.322920,1710,-2109,622,140.087
93.328625,1713,-2108,625,140.087
93.333103,1714,-2107,627,140.087
93.338778,1716,-2107,631,140.092
93.343177,1719,-2108,633,140.092
93.347366,1719,-2111,635,140.092
93.353315,1719,-2114,639,140.092
93.357754,1719,-2117,641,140.092
93.363570,1718,-2121,641,140.092
93.367899,1717,-2122,642,140.092
93.373597,1717,-2120,643,140.092
93.378028,1716,-2118,641,140.092
93.382470,1714,-2113,640,140.092
93.388146,1712,-2111,638,140.092
93.392417,1711,-2110,636,140.087
93.398281,1712,-2112,635,140.087
93.402892,1714,-2113,633,140.087
93.408379,1715,-2113,634,140.087
93.412847,1715,-2115,633,140.087
93.418568,1715,-2114,631,140.087
93.423059,1714,-2112,631,140.087
93.427347,1713,-2111,630,140.087
93.433065,1713,-2110,632,140.087
93.437551,1713,-2110,633,140.087
93.443225,1714,-2111,631,140.087
93.447650,1715,-2113,632,140.087
93.453454,1714,-2113,632,140.087
93.457824,1715,-2113,633,140.087
93.462198,1716,-2112,633,140.087
93.468008,1717,-2113,633,140.087
93.472338,1719,-2114,630,140.087
93.478083,1722,-2115,627,140.087
93.482631,1724,-2115,624,140.087
93.488371,1725,-2115,623,140.087
93.492695,1727,-2115,622,140.087
93.498322,1727,-2116,624,140.087
93.502842,1727,-2118,627,140.087
93.507223,1726,-2120,631,140.081
93.512926,1724,-2122,635,140.081
93.517329,1723,-2124,636,140.081
93.523192,1721,-2125,638,140.081
93.527380,1719,-2125,637,140.081
93.533173,1718,-2123,634,140.081
93.537702,1718,-2121,632,140.081
93.541943,1718,-2120,630,140.081
93.547796,1717,-2118,627,140.081
93.552150,1716,-2117,626,140.081
93.557901,1715,-2117,628,140.081
93.562311,1712,-2116,629,140.081
93.568147,1711,-2116,627,140.081
93.572401,1711,-2116,626,140.081
93.578137,1709,-2115,624,140.081
93.582558,1708,-2115,620,140.081
93.587030,1706,-2117,618,140.087
93.592691,1704,-2119,617,140.087
93.597144,1705,-2120,614,140.087
93.602768,1706,-2121,612,140.087
93.607295,1707,-2122,611,140.087
93.613017,1708,-2121,610,140.092
93.617396,1707,-2120,606,140.092
93.621797,1707,-2120,605,140.092
93.627598,1708,-2119,603,140.092
93.631944,1709,-2120,603,140.092
93.637618,1710,-2120,605,140.098
93.642101,1712,-2119,608,140.098
93.647773,1713,-2118,610,140.098
93.652162,1713,-2115,611,140.098
93.657868,1714,-2113,611,140.098
93.662391,1714,-2110,611,140.098
93.666778,1714,-2109,611,140.098
93.672553,1713,-2110,613,140.098
93.676853,1711,-2110,618,140.098
93.682627,1710,-2109,620,140.098
93.687050,1708,-2108,621,140.098
93.692752,1707,-2106,621,140.092
93.697146,1706,-2106,617,140.092
93.701541,1707,-2107,616,140.092
93.707324,1709,-2109,616,140.092
93.711822,1710,-2110,618,140.092
93.717424,1713,-2111,616,140.092
93.722015,1716,-2111,613,140.092
93.727720,1718,-2111,611,140.092
93.732015,1722,-2111,607,140.092
93.737773,1724,-2110,605,140.092
93.742106,1725,-2110,604,140.092
93.746552,1725,-2110,603,140.092
93.752281,1725,-2110,603,140.092
93.756934,1724,-2110,602,140.092
93.762524,1722,-2110,600,140.092
93.766878,1722,-2109,599,140.092
93.772545,1721,-2107,599,140.092
93.776783,1722,-2106,602,140.092
93.781397,1722,-2106,607,140.092
93.787123,1721,-2106,611,140.092
93.791478,1720,-2106,615,140.087
93.797239,1719,-2105,618,140.087
93.801618,1718,-2104,618,140.087
93.807333,1720,-2104,618,140.087
93.811769,1721,-2104,618,140.087
93.817544,1722,-2106,617,140.087
93.821935,1722,-2108,617,140.087
93.826409,1721,-2110,621,140.087
93.832123,1719,-2110,622,140.087
93.836675,1718,-2110,622,140.087
93.842171,1719,-2110,617,140.087
93.846778,1719,-2111,615,140.087
93.852325,1721,-2113,612,140.087
93.856744,1722,-2115,612,140.087
93.860964,1723,-2115,614,140.087
93.866838,1724,-2114,616,140.087
93.871487,1724,-2113,616,140.087
93.876964,1723,-2113,617,140.087
93.881625,1721,-2113,620,140.087
93.887292,1719,-2112,623,140.087
93.891566,1717,-2111,627,140.087
93.897452,1715,-2108,631,140.081
93.901768,1712,-2105,629,140.081
93.906300,1710,-2102,629,140.081
93.911546,1709,-2101,632,140.081
93.916325,1710,-2103,635,140.081
93.921996,1713,-2106,640,140.081
93.926383,1714,-2109,646,140.076
93.932092,1714,-2113,647,140.076
93.936522,1715,-2115,648,140.076
93.940939,1713,-2115,644,140.076
93.946692,1714,-2115,639,140.076
93.951106,1715,-2114,632,140.076
93.956716,1717,-2114,629,140.076
93.961247,1716,-2115,628,140.076
93.966954,1715,-2117,630,140.076
93.971179,1717,-2119,632,140.076
93.977070,1716,-2120,632,140.076
93.981538,1715,-2118,630,140.076
93.985934,1714,-2117,625,140.076
93.991650,1712,-2116,622,140.076
93.996029,1710,-2115,620,140.076
94.001440,1709,-2116,619,140.076
94.005836,1710,-2116,622,140.076
94.012035,1712,-2115,628,140.076
94.016326,1714,-2114,631,140.076
94.020917,1717,-2114,632,140.076
94.026464,1720,-2113,633,140.076
94.030877,1720,-2111,633,140.076
94.036541,1719,-2112,633,140.076
94.040788,1718,-2112,637,140.076
94.046732,1715,-2112,639,140.076
94.051187,1713,-2114,640,140.076
94.056903,1712,-2114,640,140.076
94.061283,1711,-2115,638,140.076
94.065531,1711,-2116,636,140.076
94.071424,1710,-2115,633,140.076
94.075953,1709,-2114,632,140.076
94.081671,1708,-2115,632,140.076
94.086097,1707,-2115,632,140.076
94.091699,1709,-2117,632,140.076
94.096158,1710,-2119,631,140.076
94.100497,1711,-2120,630,140.081
94.106288,1712,-2121,629,140.081
94.110705,1713,-2123,629,140.081
94.116534,1713,-2124,629,140.081
94.120811,1714,-2125,629,140.081
94.126505,1715,-2126,629,140.081
94.131062,1717,-2123,625,140.081
94.136634,1717,-2120,623,140.081
94.141035,1717,-2117,620,140.081
94.145462,1715,-2116,620,140.081
94.151229,1715,-2117,619,140.081
94.155626,1715,-2120,619,140.081
94.161320,1715,-2121,617,140.081
94.165734,1716,-2122,615,140.081
94.171497,1716,-2123,614,140.081
94.175655,1716,-2124,614,140.081
94.180367,1716,-2125,612,140.081
94.186008,1718,-2127,610,140.081
94.190604,1721,-2126,611,140.081
94.195988,1723,-2126,611,140.081
94.200768,1724,-2125,616,140.081
94.206330,1723,-2125,621,140.081
94.210685,1722,-2124,624,140.081
94.216445,1719,-2124,624,140.081
94.220805,1716,-2123,621,140.081
94.225291,1715,-2122,618,140.081
94.230998,1713,-2123,614,140.081
94.235358,1714,-2124,609,140.081
94.241056,1713,-2124,605,140.081
94.245537,1712,-2124,604,140.087
94.251250,1712,-2123,604,140.087
94.255703,1711,-2120,606,140.087
94.260234,1710,-2119,608,140.087
94.265901,1712,-2119,609,140.087
94.270463,1712,-2118,609,140.087
94.275937,1711,-2121,606,140.087
94.280375,1710,-2124,607,140.087
94.286029,1710,-2127,608,140.087
94.290491,1709,-2129,610,140.087
94.296246,1709,-2131,615,140.092
94.300705,1709,-2131,618,140.092
94.305044,1708,-2129,622,140.092
94.310777,1708,-2128,627,140.092
94.315243,1708,-2126,631,140.092
94.320836,1709,-2125,637,140.092
94.325348,1709,-2124,641,140.092
94.331165,1710,-2125,643,140.092
94.335471,1711,-2124,644,140.092
94.339904,1711,-2122,643,140.098
94.345748,1711,-2120,639,140.098
94.350046,1712,-2118,637,140.098
94.355678,1712,-2119,636,140.098
94.360173,1711,-2121,633,140.098
94.365848,1710,-2123,636,140.098
94.370420,1708,-2124,636,140.098
94.376003,1709,-2125,634,140.098
94.380474,1711,-2124,631,140.098
94.384859,1714,-2125,626,140.098
94.390411,1715,-2123,622,140.098
94.394990,1716,-2122,619,140.098
94.400673,1715,-2120,620,140.098
94.405052,1715,-2119,624,140.098
94.410787,1715,-2119,627,140.098
94.415290,1714,-2118,630,140.098
94.419744,1714,-2120,630,140.098
94.425363,1714,-2122,628,140.098
94.429770,1714,-2122,626,140.098
94.435496,1714,-2124,625,140.098
94.439948,1715,-2124,627,140.098
94.445618,1718,-2125,629,140.098
94.450071,1718,-2124,631,140.098
94.455788,1721,-2124,632,140.098
94.460223,1721,-2124,631,140.098
94.464664,1719,-2123,629,140.098
94.470361,1719,-2123,629,140.103
94.474746,1718,-2123,633,140.103
94.480472,1716,-2122,634,140.103
94.484911,1714,-2121,637,140.103
94.490606,1712,-2120,640,140.103
94.495163,1711,-2118,639,140.103
94.499446,1711,-2119,638,140.103
94.505333,1711,-2120,639,140.103
94.509728,1711,-2121,639,140.109
94.515211,1710,-2124,639,140.109
94.519896,1709,-2125,642,140.109
94.525570,1708,-2125,644,140.109
94.529901,1708,-2125,644,140.109
94.535534,1708,-2124,640,140.109
94.540017,1709,-2122,635,140.103
94.544373,1708,-2120,632,140.103
94.550203,1708,-2120,630,140.103
94.554591,1708,-2119,631,140.103
94.560414,1710,-2121,632,140.103
94.564672,1712,-2123,632,140.103
94.570426,1714,-2125,631,140.103
94.574804,1715,-2126,632,140.103
94.579227,1716,-2125,633,140.098
94.584934,1716,-2123,635,140.098
94.589339,1717,-2122,637,140.098
94.595027,1717,-2120,636,140.103
94.599530,1717,-2120,632,140.103
94.605250,1717,-2122,629,140.103
94.609782,1716,-2123,626,140.103
94.615342,1715,-2124,624,140.109
94.619846,1714,-2125,622,140.109
94.624161,1712,-2128,621,140.114
94.629896,1711,-2130,623,140.114
94.634510,1710,-2131,626,140.114
94.640030,1709,-2134,628,140.114
94.644471,1709,-2135,628,140.120
94.650209,1710,-2136,629,140.120
94.654644,1710,-2138,627,140.120
94.659133,1710,-2139,626,140.120
94.664886,1708,-2140,625,140.120
94.669146,1707,-2140,622,140.120
94.674999,1705,-2139,618,140.120
94.679301,1702,-2138,614,140.120
94.684995,1700,-2135,612,140.120
94.689410,1700,-2133,612,140.120
94.695274,1698,-2131,609,140.120
94.699594,1696,-2129,606,140.125
94.703970,1697,-2125,604,140.125
94.709711,1697,-2123,602,140.125
94.714117,1698,-2120,600,140.131
94.719860,1700,-2117,600,140.131
94.724280,1702,-2116,597,140.131
94.730112,1703,-2115,592,140.131
94.734463,1706,-2114,587,140.131
94.738782,1711,-2114,585,140.131
94.744492,1713,-2114,586,140.136
94.748920,1716,-2113,591,140.136
94.754675,1716,-2114,594,140.136
94.759085,1716,-2114,597,140.136
94.764714,1718,-2114,598,140.136
94.769276,1720,-2114,599,140.136
94.774962,1720,-2113,602,140.136
94.779507,1720,-2113,607,140.136
94.783707,1717,-2112,613,140.131
94.789518,1715,-2111,615,140.131
94.793917,1713,-2111,617,140.131
94.799621,1713,-2111,617,140.136
94.804066,1713,-2110,615,140.131
94.809774,1713,-2109,616,140.131
94.814146,1711,-2108,615,140.131
94.818719,1708,-2108,614,140.131
94.824315,1705,-2109,615,140.131
94.828726,1704,-2111,615,140.131
94.834441,1703,-2113,616,140.131
94.838983,1704,-2114,615,140.131
94.844584,1707,-2115,613,140.131
94.849166,1711,-2116,611,140.131
94.854757,1714,-2115,610,140.131
94.859090,1716,-2115,609,140.131
94.863605,1718,-2114,605,140.131
94.869251,1717,-2112,601,140.131
94.873680,1716,-2112,600,140.131
94.879375,1715,-2114,597,140.131
94.883799,1715,-2115,597,140.131
94.889527,1717,-2116,598,140.131
94.893949,1717,-2117,597,140.131
94.898353,1717,-2117,600,140.136
94.904075,1718,-2117,601,140.136
94.908547,1717,-2117,600,140.136
94.914230,1715,-2118,601,140.136
94.918652,1712,-2119,602,140.136
94.924315,1711,-2119,606,140.136
94.928823,1710,-2120,609,140.142
94.934461,1709,-2119,610,140.142
94.938905,1710,-2116,608,140.142
94.943288,1712,-2114,605,140.142
94.949018,1716,-2113,602,140.142
94.953478,1719,-2114,604,140.142
94.959274,1721,-2117,606,140.142
94.963614,1720,-2121,610,140.142
94.969264,1718,-2124,613,140.142
94.973722,1717,-2125,614,140.142
94.977862,1716,-2125,611,140.142
94.983854,1718,-2125,607,140.142
94.988310,1721,-2125,605,140.142
94.993993,1723,-2125,602,140.142
94.998393,1724,-2126,602,140.142
95.004243,1724,-2128,605,140.142
95.008237,1723,-2129,608,140.142
95.016333,1722,-2129,610,140.142
95.019285,1722,-2128,613,140.142
95.024987,1722,-2126,617,140.142
95.028595,1721,-2125,622,140.142
95.033504,1721,-2126,627,140.142
95.038664,1719,-2128,630,140.142
95.043060,1719,-2130,631,140.142
95.048805,1719,-2132,632,140.142
95.053515,1719,-2131,634,140.142
95.057693,1719,-2130,636,140.142
95.063632,1718,-2128,639,140.142
95.068159,1717,-2126,641,140.142
95.073779,1717,-2125,639,140.142
95.078245,1716,-2124,637,140.147
95.083901,1715,-2124,631,140.147
95.088350,1714,-2124,624,140.147
95.094083,1713,-2123,620,140.147
95.098630,1713,-2121,617,140.147
95.102872,1713,-2120,616,140.153
95.108747,1714,-2120,616,140.153
95.113067,1716,-2120,614,140.153
95.118870,1717,-2120,612,140.153
95.123128,1718,-2119,607,140.153
95.128911,1718,-2118,603,140.153
95.133270,1720,-2117,599,140.153
95.137672,1723,-2116,597,140.153
95.143419,1725,-2115,598,140.147
95.147817,1727,-2115,602,140.147
95.153694,1726,-2114,605,140.147
95.158008,1724,-2114,608,140.147
95.163689,1722,-2113,610,140.147
95.168078,1723,-2112,612,140.142
95.173834,1723,-2110,614,140.142
95.178253,1722,-2107,616,140.142
95.182640,1722,-2104,617,140.142
95.188373,1721,-2104,615,140.136
95.192805,1719,-2105,612,140.142
95.198487,1716,-2106,609,140.136
95.202918,1713,-2107,608,140.136
95.208456,1711,-2108,608,140.136
95.213040,1709,-2110,607,140.136
95.217504,1708,-2112,606,140.136
95.223194,1709,-2115,609,140.142
95.227449,1710,-2118,613,140.142
95.233328,1713,-2119,618,140.142
95.237767,1715,-2120,627,140.142
95.243528,1717,-2122,634,140.142
95.247885,1718,-2124,640,140.142
95.253628,1717,-2123,641,140.142
95.258067,1718,-2122,641,140.142
95.262503,1719,-2122,640,140.142
95.268167,1719,-2120,639,140.142
95.272557,1719,-2119,639,140.142
95.278260,1718,-2117,640,140.142
95.282769,1717,-2117,642,140.142
95.288420,1715,-2117,643,140.142
95.292846,1713,-2119,641,140.142
95.297276,1714,-2120,638,140.142
95.303074,1713,-2120,634,140.142
95.307367,1714,-2118,630,140.142
95.313169,1715,-2117,626,140.142
95.317578,1715,-2116,628,140.142
95.323268,1717,-2115,630,140.142
95.327726,1718,-2113,631,140.142
95.333501,1721,-2111,632,140.142
95.337839,1724,-2110,630,140.142
95.342212,1725,-2110,626,140.142
95.347893,1727,-2111,624,140.136
95.352380,1730,-2112,622,140.136
95.358112,1730,-2111,616,140.136
95.362543,1730,-2111,614,140.136
95.368304,1728,-2110,612,140.136
95.372691,1726,-2107,610,140.136
95.377089,1724,-2107,611,140.136
95.382873,1723,-2108,613,140.136
95.387200,1719,-2107,613,140.136
95.392893,1718,-2108,614,140.136
95.397379,1719,-2109,619,140.136
95.403064,1718,-2109,621,140.136
95.407465,1719,-2110,625,140.136
95.413240,1719,-2110,628,140.136
95.417674,1719,-2112,629,140.136
95.422077,1719,-2113,630,140.136
95.427754,1720,-2114,631,140.136
95.432198,1720,-2114,629,140.136
95.437888,1719,-2115,631,140.136
95.442292,1718,-2114,636,140.131
95.447972,1719,-2114,641,140.131
95.452473,1721,-2115,646,140.125
95.456939,1722,-2115,649,140.125
95.462565,1724,-2116,648,140.125
95.467133,1724,-2116,645,140.125
95.472650,1722,-2115,641,140.120
95.477222,1720,-2116,637,140.120
95.482849,1718,-2114,633,140.125
95.487258,1716,-2112,632,140.125
95.492973,1715,-2112,631,140.125
95.497362,1713,-2112,632,140.125
95.501770,1711,-2113,632,140.131
95.507490,1709,-2113,631,140.131
95.511997,1708,-2113,627,140.131
95.517650,1706,-2113,622,140.136
95.522077,1705,-2112,620,140.136
95.527810,1703,-2111,618,140.136
95.532319,1701,-2110,619,140.136
95.536652,1700,-2109,619,140.136
95.542343,1700,-2107,618,140.136
95.546681,1702,-2106,617,140.136
95.552422,1703,-2106,614,140.136
95.556876,1703,-2106,613,140.136
95.562598,1703,-2106,614,140.136
95.567006,1704,-2107,615,140.136
95.572729,1706,-2107,618,140.136
95.577192,1709,-2107,621,140.136
95.581578,1709,-2109,625,140.136
95.587198,1708,-2111,628,140.136
95.591875,1708,-2113,630,140.136
95.597465,1708,-2116,632,140.136
95.601811,1709,-2115,629,140.136
95.607704,1708,-2114,628,140.136
95.612024,1709,-2113,630,140.136
95.616441,1709,-2113,630,140.136
95.622144,1710,-2114,632,140.136
95.626565,1711,-2114,633,140.136
95.632251,1711,-2115,631,140.136
95.636687,1711,-2114,628,140.142
95.642400,1710,-2114,625,140.142
95.646993,1711,-2115,622,140.142
95.652555,1711,-2116,620,140.142
95.657016,1712,-2117,620,140.142
95.661421,1712,-2119,622,140.142
95.667166,1711,-2117,620,140.142
95.671592,1710,-2115,617,140.142
95.677247,1708,-2113,613,140.142
95.681677,1706,-2112,611,140.142
95.687350,1704,-2111,611,140.142
95.691819,1704,-2114,613,140.142
95.696225,1705,-2116,617,140.142
95.701945,1707,-2119,622,140.142
95.706406,1708,-2123,625,140.142
95.712022,1708,-2124,628,140.142
95.716560,1709,-2125,631,140.142
95.722313,1710,-2126,632,140.142
95.726588,1710,-2125,629,140.147
95.732396,1709,-2125,624,140.147
95.736790,1708,-2126,619,140.147
95.741202,1708,-2128,613,140.147
95.746927,1709,-2129,608,140.147
95.751286,1709,-2129,603,140.153
95.757064,1710,-2127,600,140.153
95.761406,1710,-2125,598,140.153
95.767329,1708,-2125,598,140.153
95.771592,1705,-2125,601,140.158
95.776036,1704,-2126,605,140.158
95.781712,1702,-2126,613,140.158
95.786275,1701,-2124,620,140.158
95.791710,1701,-2123,628,140.158
95.796273,1702,-2122,635,140.158
95.801984,1701,-2120,638,140.158
95.806393,1700,-2120,638,140.164
95.812192,1699,-2119,638,140.164
95.816574,1698,-2119,636,140.164
95.820925,1698,-2119,637,140.164
95.826655,1698,-2118,637,140.164
95.831097,1698,-2117,636,140.164
95.836841,1700,-2115,635,140.164
95.841194,1703,-2113,635,140.164
95.847009,1708,-2113,636,140.164
95.851412,1712,-2112,637,140.164
95.855919,1714,-2113,638,140.158
95.861562,1717,-2113,638,140.158
95.865979,1716,-2112,638,140.158
95.871579,1716,-2112,638,140.158
95.876043,1714,-2113,639,140.158
95.881780,1713,-2115,638,140.158
95.886210,1711,-2116,638,140.158
95.891903,1710,-2115,636,140.158
95.896285,1709,-2115,637,140.158
95.900913,1709,-2113,637,140.158
95.906442,1711,-2112,637,140.158
95.910933,1713,-2113,636,140.158
95.916572,1714,-2114,638,140.164
95.921007,1713,-2116,637,140.164
95.926795,1711,-2117,636,140.164
95.931139,1707,-2117,638,140.164
95.935587,1703,-2117,639,140.169
95.941510,1700,-2117,640,140.169
95.945723,1697,-2117,641,140.169
95.951355,1695,-2117,641,140.169
95.955797,1694,-2117,638,140.169
95.961518,1695,-2116,634,140.169
95.966019,1698,-2115,632,140.169
95.971569,1701,-2115,629,140.169
95.976137,1704,-2115,626,140.169
95.980222,1706,-2114,626,140.169
95.986232,1707,-2114,627,140.169
95.990678,1707,-2114,629,140.169
95.996330,1704,-2115,633,140.169
96.000766,1700,-2117,633,140.169
96.006175,1699,-2118,632,140.169
96.010644,1697,-2118,631,140.169
96.015092,1697,-2116,629,140.169
96.020757,1699,-2114,626,140.169
96.025182,1699,-2113,625,140.169
96.030879,1701,-2112,624,140.175
96.035336,1702,-2112,622,140.175
96.041072,1702,-2113,621,140.175
96.045450,1703,-2114,619,140.175
96.051221,1704,-2115,618,140.180
96.055784,1703,-2115,619,140.180
96.060318,1703,-2115,618,140.180
96.066012,1702,-2114,618,140.180
96.070423,1701,-2115,618,140.180
96.076105,1702,-2117,615,140.180
96.080567,1703,-2119,612,140.180
96.086259,1705,-2122,608,140.180
96.090681,1706,-2124,608,140.180
96.095123,1708,-2124,609,140.180
96.100822,1709,-2124,613,140.180
96.105335,1709,-2122,619,140.180
96.111035,1711,-2121,621,140.180
96.115381,1712,-2120,622,140.175
96.121175,1712,-2121,622,140.175
96.125529,1712,-2122,620,140.175
96.131419,1712,-2123,618,140.175
96.135698,1711,-2123,618,140.180
96.140104,1711,-2124,616,140.180
96.145793,1711,-2125,616,140.180
96.150282,1710,-2126,618,140.180
96.156118,1711,-2127,620,140.186
96.160357,1710,-2128,622,140.186
96.166214,1711,-2127,625,140.186
96.170576,1710,-2123,627,140.191
96.174971,1709,-2120,629,140.191
96.180690,1706,-2117,630,140.191
96.185126,1703,-2115,628,140.197
96.190714,1701,-2115,626,140.197
96.195133,1701,-2115,623,140.197
96.201055,1700,-2114,622,140.197
96.205369,1701,-2111,623,140.191
96.211003,1700,-2107,627,140.191
96.215468,1699,-2104,630,140.191
96.219885,1699,-2103,631,140.191
96.225644,1698,-2104,634,140.186
96.230016,1698,-2106,634,140.186
96.235754,1697,-2109,631,140.186
96.240108,1696,-2113,629,140.186
96.245914,1697,-2116,628,140.186
96.250251,1697,-2119,628,140.186
96.254694,1699,-2120,628,140.186
96.260446,1702,-2121,628,140.186
96.264831,1703,-2119,626,140.191
96.270570,1703,-2118,624,140.191
96.275000,1703,-2117,621,140.191
96.280699,1703,-2117,620,140.191
96.285095,1703,-2118,620,140.191
96.290804,1704,-2119,620,140.191
96.295274,1707,-2122,621,140.191
96.299722,1709,-2122,621,140.191
96.305422,1712,-2123,620,140.191
96.309806,1715,-2124,619,140.191
96.315549,1717,-2124,618,140.191
96.319940,1719,-2124,617,140.191
96.325647,1720,-2124,615,140.191
96.330033,1721,-2124,614,140.186
96.334490,1721,-2124,614,140.191
96.340224,1721,-2124,612,140.191
96.344668,1719,-2124,613,140.191
96.350348,1719,-2123,615,140.191
96.354812,1719,-2121,616,140.191
96.360448,1718,-2119,620,140.191
96.364869,1718,-2120,621,140.191
96.370611,1717,-2120,624,140.191
96.375104,1717,-2120,627,140.191
96.379496,1716,-2118,626,140.191
96.385152,1715,-2116,627,140.191
96.389605,1714,-2115,625,140.191
96.395214,1711,-2114,623,140.191
96.399675,1709,-2115,621,140.191
96.405250,1707,-2117,622,140.191
96.409817,1705,-2119,624,140.191
96.414210,1705,-2120,625,140.191
96.419977,1705,-2121,626,140.191
96.424381,1706,-2122,629,140.191
96.430079,1705,-2123,631,140.191
96.434547,1705,-2123,634,140.191
96.440276,1705,-2122,640,140.191
96.444684,1707,-2120,642,140.191
96.450400,1709,-2118,643,140.197
96.454830,1710,-2117,644,140.197
96.459224,1713,-2117,647,140.197
96.464947,1715,-2115,650,140.197
96.469467,1715,-2115,653,140.197
96.475075,1716,-2113,655,140.197
96.479529,1715,-2114,657,140.197
96.485267,1715,-2113,657,140.197
96.489625,1716,-2116,655,140.191
96.494062,1717,-2119,655,140.191
96.499804,1719,-2120,654,140.191
96.504244,1721,-2122,655,140.191
96.509879,1720,-2121,655,140.186
96.514358,1721,-2121,656,140.186
96.519990,1722,-2122,657,140.186
96.524410,1723,-2123,657,140.180
96.530167,1723,-2124,657,140.180
96.534625,1723,-2124,654,140.186
96.539046,1722,-2123,651,140.186
96.544752,1723,-2121,648,140.186
96.549174,1722,-2120,646,140.186
96.554850,1722,-2119,647,140.186
96.559273,1722,-2116,646,140.186
96.565001,1720,-2114,645,140.186
96.569475,1718,-2113,641,140.186
96.573996,1716,-2112,639,140.186
96.579650,1714,-2112,639,140.186
96.583952,1713,-2110,637,140.186
96.589698,1714,-2111,636,140.186
96.594087,1715,-2111,636,140.186
96.599820,1717,-2113,631,140.186
96.604223,1719,-2116,626,140.180
96.609963,1720,-2117,622,140.180
96.614360,1722,-2118,619,140.180
96.618954,1723,-2117,618,140.175
96.624495,1723,-2118,617,140.175
96.628948,1721,-2118,620,140.175
96.634609,1718,-2118,623,140.175
96.639008,1718,-2120,624,140.175
96.644715,1719,-2120,625,140.175
96.649202,1721,-2118,626,140.175
96.653622,1723,-2118,624,140.169
96.659341,1724,-2117,623,140.169
96.663750,1724,-2116,621,140.169
96.669385,1723,-2115,621,140.169
96.673873,1720,-2114,619,140.169
96.679653,1718,-2113,619,140.169
96.684040,1716,-2112,617,140.169
96.689712,1714,-2111,615,140.169
96.694327,1712,-2110,611,140.169
96.698658,1711,-2110,607,140.169
96.704261,1711,-2109,604,140.169
96.708716,1711,-2107,601,140.169
96.714385,1711,-2107,600,140.169
96.719038,1713,-2107,602,140.169
96.724534,1714,-2109,604,140.169
96.728979,1717,-2112,605,140.169
96.733439,1720,-2114,608,140.169
96.739132,1721,-2114,609,140.169
96.743661,1723,-2113,610,140.169
96.749267,1724,-2112,611,140.169
96.753875,1727,-2111,613,140.169
96.759375,1728,-2112,616,140.169
96.763860,1728,-2113,621,140.164
96.769551,1727,-2113,625,140.164
96.774175,1724,-2113,627,140.164
96.778400,1723,-2112,630,140.164
96.784244,1722,-2112,630,140.158
96.788461,1722,-2113,626,140.158
96.794205,1722,-2113,623,140.158
96.798605,1722,-2113,621,140.158
96.804425,1720,-2115,619,140.158
96.808770,1719,-2117,622,140.158
96.813168,1717,-2120,625,140.158
96.818965,1715,-2123,627,140.164
96.823352,1712,-2125,630,140.164
96.829084,1710,-2124,633,140.164
96.833504,1711,-2123,633,140.169
96.839200,1710,-2122,635,140.169
96.843625,1712,-2120,634,140.169
96.849369,1712,-2118,632,140.169
96.853755,1713,-2117,630,140.169
96.858165,1713,-2115,630,140.169
96.863889,1715,-2112,630,140.169
96.868386,1715,-2111,632,140.169
96.874000,1715,-2109,634,140.169
96.878451,1715,-2110,634,140.164
96.884137,1714,-2112,633,140.164
96.888583,1714,-2113,634,140.164
96.892944,1715,-2113,631,140.164
96.898876,1716,-2112,628,140.164
96.903149,1715,-2111,622,140.164
96.908819,1716,-2108,621,140.164
96.913260,1717,-2106,622,140.164
96.919038,1719,-2106,623,140.158
96.923397,1722,-2106,624,140.158
96.929119,1726,-2107,629,140.158
96.933550,1729,-2108,628,140.158
96.937978,1730,-2110,629,140.153
96.943675,1730,-2110,629,140.153
96.948268,1729,-2109,630,140.153
96.953802,1728,-2108,629,140.147
96.958270,1727,-2107,628,140.147
96.963974,1727,-2106,627,140.147
96.968400,1727,-2104,626,140.147
96.972938,1729,-2103,625,140.142
96.978575,1730,-2104,627,140.142
96.982867,1731,-2105,631,140.142
96.988631,1731,-2104,635,140.142
96.993076,1729,-2104,639,140.142
96.998787,1726,-2102,644,140.142
97.003154,1723,-2099,646,140.142
97.008715,1719,-2098,647,140.142
97.013256,1717,-2098,649,140.142
97.017918,1716,-2098,649,140.142
97.023513,1714,-2099,650,140.142
97.027874,1712,-2098,650,140.142
97.033578,1711,-2098,649,140.142
97.038002,1710,-2098,648,140.136
97.043653,1711,-2099,644,140.136
97.048173,1711,-2101,636,140.136
97.052724,1714,-2102,628,140.136
97.058278,1716,-2104,624,140.131
97.062729,1719,-2105,624,140.131
97.068397,1720,-2106,627,140.131
97.073022,1720,-2109,630,140.125
97.078606,1719,-2111,631,140.125
97.083017,1716,-2112,628,140.125
97.088682,1714,-2112,625,140.125
97.093105,1711,-2111,620,140.125
97.097557,1711,-2110,617,140.120
97.103264,1712,-2109,614,140.120
97.107817,1712,-2109,613,140.120
97.113309,1712,-2108,613,140.120
97.117772,1712,-2109,613,140.120
97.123642,1712,-2109,615,140.120
97.127941,1712,-2110,615,140.120
97.132583,1711,-2111,617,140.120
97.138055,1711,-2113,621,140.120
97.142494,1710,-2115,624,140.120
97.148186,1709,-2116,627,140.125
97.152676,1710,-2117,629,140.125
97.158328,1710,-2118,629,140.125
97.162843,1712,-2118,630,140.125
97.168567,1713,-2119,632,140.125
97.172969,1714,-2118,635,140.125
97.177308,1715,-2118,638,140.125
97.183065,1716,-2118,638,140.125
97.187468,1717,-2119,635,140.125
97.193229,1717,-2118,633,140.125
97.197442,1718,-2116,630,140.125
97.203389,1720,-2114,629,140.125
97.207812,1721,-2112,630,140.125
97.212150,1723,-2112,630,140.125
97.217874,1722,-2112,630,140.125
97.222376,1721,-2113,628,140.125
97.228025,1719,-2113,627,140.125
97.232473,1719,-2112,629,140.125
97.238174,1722,-2114,630,140.125
97.242532,1725,-2116,633,140.125
97.248275,1728,-2119,638,140.125
97.252767,1731,-2120,641,140.125
97.257114,1732,-2119,644,140.120
97.262822,1732,-2117,646,140.120
97.267207,1731,-2116,647,140.120
97.272949,1732,-2115,647,140.120
97.277396,1731,-2116,646,140.114
97.283143,1730,-2116,644,140.114
97.287522,1729,-2117,642,140.114
97.291929,1728,-2118,642,140.114
97.297699,1728,-2118,640,140.114
97.302094,1729,-2119,638,140.109
97.307803,1730,-2120,638,140.109
97.312252,1732,-2121,637,140.109
97.317904,1735,-2123,634,140.109
97.322349,1736,-2125,632,140.109
97.328070,1736,-2126,629,140.109
97.332529,1735,-2127,627,140.109
97.336928,1733,-2127,629,140.109
97.342671,1731,-2126,629,140.109
97.347119,1728,-2123,632,140.109
97.352765,1726,-2119,631,140.109
97.357166,1724,-2115,629,140.109
97.362974,1722,-2112,627,140.109
97.367349,1722,-2108,623,140.103
97.371726,1722,-2108,620,140.103
97.377627,1721,-2107,618,140.103
97.381879,1721,-2107,617,140.103
97.387613,1721,-2107,616,140.103
97.392089,1718,-2108,615,140.103
97.397700,1717,-2109,613,140.103
97.402173,1716,-2110,611,140.103
97.407862,1714,-2110,611,140.103
97.412279,1712,-2109,608,140.103
97.416691,1712,-2108,606,140.103
97.422427,1711,-2107,606,140.103
97.426825,1710,-2105,607,140.103
97.432669,1708,-2104,611,140.103
97.437031,1707,-2105,614,140.103
97.442660,1705,-2107,618,140.103
97.447120,1704,-2108,621,140.103
97.451589,1705,-2110,622,140.103
97.457267,1706,-2113,621,140.103
97.461751,1709,-2113,621,140.103
97.467399,1712,-2114,621,140.103
97.471877,1713,-2115,620,140.103
97.477586,1713,-2113,625,140.109
97.481923,1714,-2113,627,140.109
97.487629,1714,-2113,627,140.109
97.492082,1715,-2113,628,140.109
97.496475,1718,-2114,624,140.109
97.502245,1719,-2115,623,140.109
97.506727,1720,-2115,624,140.103
97.512452,1719,-2117,623,140.103
97.516751,1719,-2118,627,140.103
97.522474,1718,-2119,634,140.103
97.526969,1717,-2118,639,140.103
97.531171,1715,-2117,645,140.103
97.537029,1712,-2117,646,140.103
97.541525,1710,-2118,641,140.103
97.547259,1710,-2119,637,140.103
97.551656,1711,-2119,633,140.103
97.557295,1713,-2120,628,140.103
97.561715,1715,-2121,626,140.103
97.567453,1718,-2121,625,140.103
97.571872,1720,-2121,626,140.103
97.576315,1721,-2121,627,140.103
97.581977,1723,-2121,628,140.103
97.586440,1723,-2119,630,140.103
97.592167,1722,-2118,632,140.103
97.596520,1721,-2117,631,140.103
97.602420,1720,-2117,632,140.103
97.606719,1719,-2119,630,140.103
97.611118,1720,-2119,627,140.103
97.616830,1722,-2119,624,140.103
97.621101,1723,-2119,621,140.103
97.626967,1724,-2119,621,140.103
97.631464,1724,-2118,621,140.103
97.637106,1723,-2118,623,140.103
97.641508,1720,-2117,626,140.103
97.647276,1719,-2116,626,140.098
97.651693,1717,-2114,627,140.098
97.656045,1715,-2112,628,140.098
97.661830,1715,-2111,630,140.098
97.666211,1716,-2110,631,140.098
97.671939,1718,-2109,632,140.098
97.676322,1721,-2111,633,140.098
97.682116,1722,-2112,631,140.098
97.686442,1724,-2115,630,140.098
97.690928,1726,-2117,629,140.098
97.696624,1726,-2118,626,140.098
97.701186,1726,-2119,623,140.098
97.706726,1726,-2119,619,140.092
97.711169,1723,-2120,616,140.092
97.716884,1721,-2120,614,140.092
97.721329,1718,-2119,615,140.092
97.727073,1715,-2118,617,140.092
97.731453,1713,-2117,620,140.092
97.735859,1713,-2116,625,140.092
97.741606,1710,-2114,628,140.092
97.746156,1708,-2113,629,140.092
97.751686,1707,-2113,626,140.098
97.756206,1705,-2113,621,140.098
97.761750,1705,-2113,617,140.098
97.766277,1703,-2114,613,140.098
97.770675,1703,-2113,613,140.098
97.776479,1702,-2114,615,140.098
97.780804,1702,-2114,620,140.098
97.786502,1704,-2114,624,140.098
97.790983,1705,-2114,628,140.098
97.796686,1706,-2114,631,140.098
97.801100,1706,-2115,634,140.098
97.806757,1706,-2114,636,140.098
97.811233,1704,-2116,636,140.098
97.815646,1702,-2118,636,140.098
97.821349,1701,-2120,636,140.103
97.825914,1700,-2122,636,140.103
97.831493,1700,-2121,636,140.103
97.836002,1700,-2121,638,140.103
97.841631,1700,-2121,640,140.103
97.846041,1699,-2120,638,140.103
97.850431,1700,-2120,636,140.103
97.856281,1700,-2118,635,140.109
97.860651,1702,-2117,633,140.109
97.866377,1702,-2116,632,140.109
97.870775,1700,-2114,629,140.109
97.876425,1698,-2113,624,140.109
97.880885,1697,-2111,621,140.109
97.886602,1697,-2108,620,140.109
97.891088,1698,-2107,620,140.109
97.895434,1698,-2106,619,140.109
97.901074,1698,-2107,618,140.109
97.905555,1696,-2109,614,140.109
97.911234,1695,-2110,612,140.109
97.915667,1695,-2111,611,140.114
97.921425,1694,-2112,609,140.114
97.925837,1693,-2112,609,140.114
97.930297,1692,-2112,609,140.114
97.935995,1692,-2110,610,140.114
97.940400,1693,-2110,611,140.114
97.946121,1695,-2110,610,140.114
97.950549,1697,-2109,610,140.114
97.956224,1700,-2111,613,140.114
97.960698,1703,-2110,611,140.114
97.966420,1706,-2109,608,140.114
97.970831,1707,-2108,606,140.114
97.975220,1707,-2107,604,140.114
97.980679,1707,-2108,606,140.114
97.985318,1707,-2109,609,140.114
97.991048,1708,-2109,613,140.114
97.995493,1709,-2108,617,140.114
98.001202,1711,-2108,621,140.114
98.005300,1713,-2108,624,140.114
98.010035,1716,-2109,626,140.114
98.015736,1719,-2111,626,140.114
98.020173,1722,-2112,624,140.114
98.025559,1723,-2113,622,140.114
98.030310,1722,-2114,618,140.114
98.035978,1719,-2114,617,140.114
98.040449,1716,-2114,616,140.114
98.046118,1714,-2114,615,140.114
98.050623,1714,-2114,616,140.114
98.055026,1715,-2113,614,140.114
98.060673,1718,-2111,614,140.114
98.065121,1719,-2110,613,140.114
98.070984,1719,-2109,612,140.114
98.075278,1719,-2108,609,140.114
98.080995,1717,-2110,606,140.114
98.085443,1715,-2111,605,140.114
98.089853,1715,-2112,605,140.114
98.095540,1716,-2113,605,140.114
98.099954,1717,-2115,607,140.114
98.105627,1718,-2116,608,140.114
98.110079,1719,-2117,610,140.114
98.115826,1721,-2117,615,140.114
98.120137,1722,-2117,618,140.114
98.126051,1722,-2116,619,140.114
98.130372,1722,-2117,621,140.114
98.134754,1721,-2117,620,140.114
98.140497,1721,-2116,619,140.114
98.144981,1720,-2119,619,140.114
98.150672,1720,-2120,618,140.109
98.155094,1721,-2121,620,140.109
98.160823,1722,-2121,622,140.109
98.165185,1722,-2119,625,140.109
98.169578,1722,-2116,627,140.109
98.175325,1721,-2116,632,140.109
98.179714,1719,-2115,630,140.109
98.185486,1721,-2115,632,140.109
98.189880,1721,-2116,631,140.109
98.195564,1722,-2117,628,140.109
98.199987,1723,-2120,628,140.109
98.205808,1723,-2122,629,140.109
98.210107,1724,-2122,628,140.109
98.214538,1724,-2124,628,140.109
98.220336,1725,-2125,628,140.109
98.224743,1724,-2125,627,140.109
98.230176,1723,-2125,628,140.109
98.234784,1722,-2123,630,140.109
98.240567,1722,-2121,630,140.109
98.245021,1721,-2118,631,140.109
98.249392,1720,-2117,632,140.109
98.255286,1719,-2115,628,140.109
98.259589,1719,-2114,624,140.109
98.265277,1719,-2114,619,140.109
98.269667,1720,-2112,615,140.109
98.275445,1721,-2112,613,140.109
98.279828,1722,-2112,613,140.109
98.285573,1722,-2111,612,140.109
98.289951,1723,-2112,611,140.109
98.294423,1722,-2113,609,140.109
98.300068,1723,-2115,606,140.109
98.304478,1722,-2117,603,140.109
98.310168,1720,-2119,601,140.109
98.314693,1718,-2120,600,140.109
98.320352,1716,-2121,599,140.109
98.324800,1712,-2120,600,140.109
98.329243,1710,-2120,598,140.109
98.334902,1711,-2120,598,140.114
98.339492,1713,-2119,597,140.114
98.345070,1714,-2118,598,140.114
98.349530,1714,-2117,599,140.114
98.355151,1715,-2114,599,140.114
98.359729,1715,-2114,601,140.114
98.365300,1715,-2113,603,140.114
98.369865,1717,-2115,605,140.114
98.374196,1720,-2118,606,140.109
98.379883,1722,-2120,605,140.114
98.384382,1723,-2122,603,140.114
98.390004,1724,-2122,603,140.114
98.394404,1723,-2121,604,140.114
98.400209,1719,-2121,606,140.114
98.404589,1717,-2120,612,140.114
98.409008,1715,-2119,616,140.114
98.414708,1715,-2120,618,140.114
98.419146,1715,-2121,621,140.114
98.424889,1715,-2120,621,140.114
98.429304,1714,-2120,620,140.114
98.435019,1715,-2121,620,140.114
98.439470,1716,-2121,621,140.114
98.445087,1716,-2121,622,140.114
98.449594,1718,-2121,623,140.114
98.453953,1716,-2118,623,140.114
98.459698,1715,-2116,625,140.114
98.464103,1714,-2113,626,140.114
98.469807,1712,-2110,626,140.120
98.474187,1713,-2108,626,140.114
98.479960,1715,-2108,626,140.114
98.484346,1716,-2109,624,140.114
98.488829,1718,-2111,625,140.114
98.494530,1718,-2113,627,140.114
98.498878,1717,-2115,626,140.114
98.504672,1717,-2116,627,140.114
98.509034,1715,-2117,627,140.114
98.514787,1717,-2117,625,140.114
98.519206,1718,-2117,625,140.114
98.524865,1719,-2117,623,140.114
98.529371,1720,-2117,622,140.114
98.533785,1718,-2118,624,140.114
98.539524,1716,-2117,625,140.114
98.543926,1714,-2116,628,140.114
98.549578,1713,-2116,632,140.114
98.554178,1714,-2115,637,140.114
98.559741,1714,-2115,637,140.114
98.564114,1713,-2116,635,140.114
98.568694,1712,-2117,632,140.114
98.574303,1711,-2117,628,140.114
98.578751,1710,-2117,622,140.120
98.584427,1710,-2116,622,140.120
98.588859,1712,-2114,621,140.120
98.594591,1713,-2113,623,140.114
98.599069,1716,-2110,626,140.114
98.604741,1717,-2111,631,140.114
98.609150,1720,-2112,633,140.114
98.613547,1722,-2113,636,140.109
98.619315,1723,-2115,636,140.109
98.623729,1724,-2117,635,140.109
98.629520,1727,-2119,634,140.109
98.633951,1727,-2119,630,140.109
98.639497,1728,-2118,625,140.109
98.644016,1727,-2118,621,140.109
98.648370,1726,-2116,618,140.109
98.654113,1725,-2115,616,140.109
98.658515,1725,-2115,616,140.109
98.664203,1725,-2115,615,140.109
98.668831,1723,-2114,613,140.109
98.674359,1722,-2113,612,140.109
98.678925,1721,-2112,611,140.114
98.684553,1718,-2111,610,140.114
98.688944,1717,-2112,609,140.114
98.693334,1717,-2114,609,140.114
98.699032,1717,-2115,611,140.114
98.703468,1718,-2118,614,140.114
98.709205,1718,-2118,617,140.114
98.713622,1718,-2118,618,140.114
98.719307,1719,-2119,615,140.114
98.723723,1719,-2119,612,140.114
98.728103,1721,-2120,611,140.114
98.733729,1722,-2121,611,140.114
98.738342,1722,-2122,610,140.114
98.744023,1723,-2122,611,140.114
98.748526,1722,-2119,610,140.114
98.754226,1723,-2117,608,140.109
98.758658,1724,-2114,611,140.109
98.764290,1724,-2111,612,140.109
98.768716,1723,-2110,613,140.109
98.773176,1721,-2109,614,140.103
98.778865,1718,-2112,611,140.103
98.783252,1716,-2116,609,140.103
98.788973,1714,-2118,609,140.103
98.793398,1713,-2121,608,140.109
98.799136,1712,-2122,608,140.109
98.803591,1710,-2123,609,140.109
98.808029,1709,-2122,612,140.109
98.813701,1708,-2120,613,140.114
98.818105,1707,-2118,617,140.114
98.823783,1708,-2115,619,140.114
98.828401,1709,-2114,619,140.120
98.834011,1709,-2113,620,140.120
98.838549,1708,-2112,619,140.120
98.844073,1707,-2111,622,140.120
98.848514,1706,-2110,621,140.120
98.852948,1706,-2111,619,140.120
98.858696,1707,-2111,615,140.120
98.863248,1709,-2112,611,140.120
98.868712,1710,-2111,609,140.120
98.873184,1711,-2111,607,140.114
98.878879,1713,-2112,609,140.114
98.883336,1714,-2113,609,140.114
98.887754,1716,-2112,610,140.120
98.893516,1718,-2108,611,140.120
98.897857,1717,-2105,610,140.120
98.903574,1718,-2103,609,140.120
98.908086,1720,-2103,609,140.120
98.913800,1721,-2103,608,140.120
98.918173,1722,-2103,606,140.120
98.923884,1722,-2104,607,140.120
98.928344,1721,-2103,608,140.120
98.932725,1722,-2103,609,140.120
98.938445,1723,-2103,608,140.120
98.942866,1723,-2104,606,140.114
98.948477,1724,-2106,602,140.114
98.953080,1724,-2107,601,140.114
98.958846,1724,-2108,601,140.114
98.963088,1723,-2110,605,140.114
98.967501,1722,-2111,610,140.114
98.973197,1722,-2112,615,140.109
98.977670,1720,-2114,617,140.114
98.983377,1719,-2114,617,140.114
98.987997,1718,-2114,617,140.114
98.993496,1716,-2114,614,140.114
98.997942,1717,-2114,611,140.114
99.003649,1718,-2113,611,140.114
99.007794,1720,-2111,612,140.114
99.012284,1721,-2108,612,140.114
99.018180,1721,-2108,614,140.114
99.022587,1720,-2107,615,140.114
99.028321,1718,-2108,616,140.114
99.032586,1716,-2111,617,140.114
99.038461,1714,-2113,618,140.109
99.042612,1715,-2114,618,140.109
99.047371,1717,-2113,618,140.109
99.053098,1719,-2110,616,140.109
99.057459,1720,-2108,615,140.109
99.063143,1722,-2106,617,140.109
99.067645,1722,-2104,620,140.103
99.073262,1722,-2104,623,140.103
99.077703,1722,-2104,622,140.103
99.083403,1723,-2104,621,140.103
99.087852,1725,-2105,618,140.103
99.092263,1725,-2107,616,140.103
99.098174,1727,-2109,619,140.103
99.102457,1728,-2112,622,140.103
99.108272,1729,-2113,625,140.103
99.112559,1731,-2115,631,140.103
99.118315,1730,-2116,636,140.103
99.122754,1729,-2118,640,140.103
99.127061,1729,-2119,643,140.103
99.132893,1729,-2119,645,140.109
99.137046,1730,-2120,646,140.103
99.142989,1730,-2120,644,140.109
99.147436,1730,-2118,642,140.103
99.153119,1730,-2117,640,140.103
99.157611,1729,-2116,636,140.103
99.163246,1729,-2115,630,140.103
99.167725,1729,-2115,623,140.103
99.172039,1729,-2115,620,140.103
99.177864,1729,-2114,617,140.098
99.182242,1730,-2113,619,140.098
99.187923,1730,-2111,622,140.098
99.192306,1729,-2111,621,140.098
99.198090,1727,-2112,623,140.092
99.202465,1725,-2112,624,140.092
99.206960,1723,-2112,623,140.092
99.212488,1723,-2111,624,140.092
99.217193,1723,-2109,627,140.092
99.222730,1723,-2106,627,140.087
99.227212,1723,-2103,628,140.087
99.232816,1722,-2103,629,140.087
99.237382,1721,-2102,627,140.087
99.243038,1720,-2102,628,140.087
99.247454,1718,-2102,629,140.087
99.251821,1716,-2101,629,140.087
99.257573,1715,-2100,629,140.087
99.262089,1715,-2099,630,140.087
99.267690,1714,-2099,632,140.087
99.272187,1713,-2099,631,140.087
99.277888,1710,-2099,630,140.087
99.282298,1707,-2099,627,140.087
99.286775,1706,-2100,623,140.087
99.292454,1705,-2101,622,140.092
99.296816,1706,-2103,621,140.092
99.302555,1707,-2105,620,140.092
99.306997,1706,-2107,620,140.092
99.312659,1706,-2109,620,140.092
99.317268,1705,-2109,619,140.092
99.322871,1705,-2108,620,140.092
99.327296,1707,-2109,622,140.092
99.331490,1710,-2109,627,140.092
99.337333,1713,-2111,632,140.092
99.341762,1714,-2113,636,140.092
99.347553,1715,-2113,638,140.092
99.351988,1717,-2112,636,140.092
99.357677,1719,-2111,632,140.092
99.362203,1719,-2110,626,140.092
99.366410,1719,-2109,621,140.087
99.372201,1720,-2108,619,140.087
99.376635,1719,-2107,619,140.087
99.382323,1717,-2109,620,140.087
99.386820,1716,-2110,619,140.087
99.392499,1714,-2112,619,140.081
99.396873,1715,-2113,616,140.081
99.402614,1715,-2113,616,140.076
99.407024,1716,-2112,614,140.076
99.411457,1715,-2112,611,140.076
99.417274,1713,-2112,612,140.076
99.421681,1710,-2113,612,140.076
99.427367,1708,-2114,614,140.076
99.431732,1705,-2114,617,140.081
99.437458,1704,-2115,622,140.081
99.441921,1702,-2114,624,140.087
99.446318,1701,-2114,623,140.087
99.451970,1702,-2114,622,140.087
99.456492,1702,-2114,621,140.092
99.462125,1702,-2116,620,140.092
99.466547,1701,-2115,623,140.092
99.472273,1702,-2114,626,140.092
99.476722,1702,-2112,625,140.092
99.482468,1704,-2112,624,140.092
99.486909,1706,-2111,621,140.092
99.491243,1708,-2112,618,140.092
99.497142,1710,-2112,620,140.092
99.501388,1711,-2112,622,140.092
99.507103,1711,-2111,625,140.087
99.511658,1712,-2111,627,140.087
99.517190,1714,-2112,631,140.087
99.521689,1715,-2113,630,140.092
99.526272,1717,-2115,627,140.092
99.531869,1717,-2117,627,140.092
99.536256,1717,-2116,623,140.092
99.541965,1715,-2115,620,140.092
99.546371,1714,-2112,619,140.098
99.552065,1713,-2110,617,140.098
99.556543,1713,-2108,616,140.098
99.562281,1714,-2107,616,140.098
99.566701,1715,-2106,615,140.098
99.571223,1716,-2106,616,140.098
99.576820,1716,-2103,617,140.098
99.581197,1715,-2103,621,140.098
99.586905,1714,-2104,626,140.098
99.591292,1715,-2107,633,140.092
99.597023,1716,-2110,639,140.092
99.601431,1719,-2112,638,140.092
99.606054,1721,-2113,635,140.092
99.611566,1721,-2114,633,140.092
99.616045,1720,-2115,629,140.092
99.621798,1721,-2116,626,140.092
99.626315,1721,-2114,625,140.092
99.631838,1722,-2114,622,140.092
99.636302,1722,-2113,618,140.092
99.641872,1721,-2112,615,140.087
99.646473,1720,-2113,614,140.092
99.650879,1720,-2112,612,140.092
99.656631,1720,-2110,613,140.092
99.661100,1721,-2109,613,140.092
99.666734,1723,-2107,613,140.092
99.671241,1722,-2106,613,140.092
99.676910,1721,-2104,611,140.092
99.681309,1718,-2104,611,140.092
99.685706,1716,-2103,612,140.092
99.691481,1715,-2104,612,140.087
99.695874,1714,-2105,614,140.087
99.701486,1714,-2108,616,140.092
99.706015,1714,-2109,615,140.092
99.711640,1713,-2110,612,140.092
99.716052,1712,-2111,610,140.092
99.721799,1711,-2110,608,140.092
99.726389,1710,-2110,608,140.092
99.730638,1709,-2112,606,140.092
99.736344,1710,-2112,607,140.092
99.740748,1711,-2113,609,140.092
99.746462,1712,-2113,610,140.092
99.750896,1714,-2113,612,140.092
99.756633,1715,-2113,615,140.092
99.761094,1715,-2115,616,140.092
99.765448,1716,-2116,615,140.092
99.771009,1716,-2116,614,140.092
99.775650,1716,-2114,611,140.092
99.781309,1716,-2113,610,140.092
99.785736,1715,-2111,610,140.092
99.791415,1716,-2109,611,140.092
99.796020,1717,-2108,612,140.092
99.801641,1717,-2108,613,140.092
99.805993,1717,-2107,615,140.092
99.810449,1717,-2106,616,140.092
99.816127,1716,-2106,616,140.092
99.820600,1716,-2106,618,140.092
99.826244,1716,-2108,620,140.092
99.830717,1716,-2110,622,140.092
99.836261,1716,-2112,630,140.092
99.840853,1715,-2115,636,140.092
99.845430,1714,-2117,637,140.092
99.851168,1714,-2119,641,140.092
99.855385,1714,-2120,640,140.092
99.861125,1714,-2121,644,140.092
99.865564,1715,-2119,646,140.092
99.871253,1717,-2118,647,140.092
99.875670,1719,-2118,648,140.092
99.881405,1721,-2117,648,140.092
99.885869,1722,-2119,646,140.092
99.890249,1722,-2120,645,140.087
99.895994,1722,-2119,641,140.087
99.900403,1721,-2118,636,140.087
99.906058,1720,-2118,634,140.087
99.910504,1718,-2117,632,140.087
99.916152,1719,-2117,629,140.087
99.920621,1719,-2117,627,140.087
99.925068,1718,-2117,625,140.087
99.930892,1720,-2117,624,140.087
99.935193,1721,-2115,626,140.087
99.940844,1720,-2114,627,140.087
99.945398,1720,-2113,628,140.087
99.951109,1720,-2115,628,140.087
99.955478,1718,-2116,629,140.087
99.961215,1716,-2116,634,140.087
99.965611,1714,-2116,639,140.087
99.970015,1713,-2115,644,140.087
99.975797,1712,-2115,642,140.087
99.980133,1714,-2116,638,140.092
99.985919,1715,-2114,631,140.092
99.990290,1716,-2115,625,140.092
99.996167,1718,-2115,620,140.092
100.000378,1719,-2116,618,140.092
100.004568,1721,-2118,618,140.092
100.010452,1723,-2117,615,140.092
100.014998,1721,-2118,615,140.092
100.020619,1720,-2120,613,140.092
100.024882,1717,-2123,616,140.092
100.030808,1713,-2126,621,140.092
100.035218,1709,-2127,624,140.087
100.041011,1705,-2127,629,140.087
100.045387,1703,-2126,631,140.087
100.049779,1701,-2125,632,140.092
100.055467,1699,-2124,633,140.092
100.059937,1699,-2122,633,140.092
100.065691,1699,-2119,632,140.092
100.070097,1697,-2116,628,140.098
100.075802,1697,-2114,626,140.098
100.080198,1696,-2114,622,140.098
100.084666,1698,-2114,617,140.098
100.090380,1701,-2113,615,140.098
100.094773,1704,-2113,614,140.103
100.100518,1706,-2114,614,140.103
100.104889,1706,-2114,618,140.103
100.110671,1706,-2115,618,140.103
100.115083,1707,-2116,621,140.103
100.120736,1710,-2117,622,140.103
100.125150,1714,-2117,623,140.103
100.129646,1717,-2117,625,140.103
100.135276,1719,-2116,624,140.103
100.139740,1720,-2118,623,140.103
100.145473,1722,-2118,622,140.103
100.149835,1721,-2118,619,140.103
100.155576,1722,-2119,617,140.103
100.160006,1724,-2118,614,140.103
100.164469,1725,-2119,610,140.103
100.170160,1725,-2119,611,140.103
100.174698,1725,-2119,612,140.103
100.180267,1724,-2119,613,140.103
100.184723,1721,-2119,616,140.103
100.190383,1720,-2119,615,140.103
100.194872,1721,-2120,616,140.103
100.200603,1722,-2120,615,140.098
100.205060,1724,-2120,617,140.098
100.209369,1724,-2121,620,140.098
100.215054,1726,-2120,621,140.098
100.219552,1725,-2118,620,140.098
100.225187,1725,-2117,623,140.098
100.229628,1723,-2116,626,140.098
100.235193,1720,-2118,628,140.098
100.239771,1718,-2119,630,140.098
100.244273,1717,-2121,632,140.098
100.249924,1717,-2123,633,140.098
100.254500,1717,-2124,633,140.098
100.260045,1716,-2123,633,140.098
100.264468,1718,-2123,633,140.098
100.270133,1720,-2122,631,140.098
100.274665,1721,-2122,631,140.098
100.280346,1722,-2121,632,140.098
100.284684,1721,-2122,632,140.098
100.289148,1721,-2121,631,140.098
100.294848,1721,-2118,631,140.098
100.299292,1720,-2117,631,140.098
100.305035,1719,-2115,632,140.098
100.309545,1717,-2114,637,140.098
100.315274,1715,-2114,640,140.098
100.319577,1713,-2113,644,140.098
100.323983,1712,-2110,647,140.098
100.329800,1712,-2108,648,140.098
100.334203,1712,-2106,646,140.098
100.339841,1713,-2106,643,140.098
100.344324,1714,-2105,640,140.098
100.349998,1716,-2104,637,140.098
100.354276,1718,-2104,633,140.098
100.360115,1720,-2104,630,140.098
100.364733,1721,-2103,626,140.098
100.368909,1722,-2103,626,140.092
100.374705,1724,-2103,628,140.092
100.379142,1725,-2102,628,140.092
100.384948,1727,-2102,629,140.092
100.389270,1728,-2102,628,140.092
100.394972,1728,-2103,626,140.087
100.399403,1726,-2105,625,140.087
100.403806,1725,-2107,623,140.087
100.409515,1725,-2107,621,140.087
100.413949,1725,-2108,619,140.081
100.419661,1727,-2110,618,140.081
100.424076,1728,-2111,618,140.081
100.429754,1728,-2113,620,140.081
100.434211,1728,-2113,618,140.081
100.439952,1730,-2114,616,140.087
100.444321,1730,-2113,612,140.081
100.448794,1731,-2114,609,140.087
100.454486,1731,-2114,610,140.081
100.458881,1731,-2115,612,140.081
100.464539,1729,-2115,614,140.081
100.469009,1728,-2115,616,140.081
100.474692,1725,-2115,621,140.081
100.479196,1723,-2116,623,140.081
100.483575,1722,-2117,624,140.081
100.489326,1721,-2119,624,140.081
100.493733,1722,-2120,623,140.081
100.499444,1724,-2120,621,140.081
100.503812,1728,-2120,621,140.076
100.509509,1731,-2118,622,140.076
100.514159,1732,-2116,623,140.076
100.519557,1732,-2113,624,140.076
100.524097,1733,-2111,624,140.076
100.528551,1732,-2109,625,140.070
100.534220,1731,-2109,626,140.070
100.538726,1732,-2108,627,140.070
100.544369,1732,-2109,628,140.070
100.548843,1732,-2110,628,140.070
100.554484,1731,-2112,627,140.070
100.559026,1731,-2114,629,140.070
100.563307,1732,-2115,629,140.070
100.569115,1734,-2117,630,140.070
100.573496,1734,-2117,633,140.065
100.579216,1734,-2118,635,140.065
100.583693,1732,-2119,636,140.065
100.589347,1729,-2119,636,140.059
100.593796,1727,-2120,636,140.059
100.599505,1726,-2119,637,140.059
100.603885,1725,-2119,638,140.059
100.608324,1724,-2118,637,140.059
100.614035,1723,-2117,634,140.059
100.618645,1721,-2118,630,140.065
100.624044,1719,-2119,627,140.065
100.628555,1719,-2119,627,140.065
100.634293,1722,-2120,626,140.070
100.638751,1724,-2118,625,140.070
100.643156,1727,-2117,625,140.070
100.649046,1728,-2117,624,140.070
100.653302,1726,-2115,623,140.070
100.658981,1723,-2113,622,140.070
100.663453,1720,-2111,621,140.070
100.669295,1719,-2110,619,140.065
100.673594,1719,-2111,617,140.065
100.679270,1721,-2111,618,140.059
100.683706,1722,-2112,619,140.059
100.688122,1722,-2113,619,140.054
100.693829,1720,-2113,621,140.054
100.698309,1719,-2114,619,140.054
100.703929,1716,-2116,622,140.054
100.708449,1715,-2117,624,140.054
100.714270,1713,-2118,623,140.054
100.718591,1711,-2119,623,140.059
100.722915,1711,-2121,623,140.065
100.728723,1710,-2122,622,140.065
100.732915,1710,-2125,622,140.070
100.738826,1710,-2127,623,140.070
100.743258,1708,-2128,625,140.076
100.748959,1705,-2129,627,140.076
100.753385,1703,-2129,629,140.076
100.759196,1702,-2128,632,140.076
100.763479,1701,-2130,634,140.081
100.767976,1701,-2131,636,140.081
100.773775,1702,-2132,637,140.081
100.778051,1703,-2131,637,140.081
100.783774,1706,-2128,637,140.081
100.788143,1708,-2125,636,140.081
100.793960,1711,-2125,637,140.081
100.798315,1712,-2125,638,140.081
100.802703,1712,-2127,635,140.081
100.808534,1713,-2127,633,140.081
100.812889,1714,-2127,629,140.081
100.818604,1716,-2127,625,140.081
100.823195,1717,-2127,624,140.081
100.828713,1719,-2125,625,140.081
100.833160,1720,-2124,624,140.081
100.838918,1720,-2123,625,140.081
100.843272,1718,-2121,622,140.081
100.847751,1716,-2122,620,140.087
100.853455,1717,-2123,617,140.087
100.858011,1719,-2123,616,140.087
100.863632,1721,-2122,617,140.087
100.867975,1723,-2120,619,140.087
100.873705,1726,-2119,621,140.087
100.878117,1728,-2117,625,140.087
100.882653,1730,-2117,625,140.087
100.888312,1732,-2116,622,140.087
100.892796,1731,-2116,619,140.087
100.898368,1730,-2115,617,140.087
100.902777,1728,-2115,614,140.087
100.908505,1726,-2117,614,140.081
100.912960,1725,-2118,618,140.081
100.918630,1726,-2120,622,140.081
100.923131,1726,-2121,628,140.076
100.927576,1725,-2121,635,140.076
100.933214,1723,-2122,639,140.076
100.937648,1722,-2123,642,140.076
100.943392,1720,-2124,643,140.076
100.947736,1718,-2124,643,140.076
100.953435,1718,-2122,640,140.076
100.957861,1717,-2122,637,140.076
100.962379,1715,-2120,634,140.076
100.967985,1715,-2120,633,140.076
100.972455,1715,-2121,632,140.076
100.978182,1714,-2122,633,140.076
100.982360,1715,-2121,634,140.076
100.988337,1714,-2120,633,140.076
100.992743,1714,-2121,632,140.076
100.998462,1714,-2121,630,140.081
101.002880,1713,-2122,630,140.081
101.006994,1714,-2123,629,140.081
101.012655,1714,-2124,633,140.081
101.017109,1715,-2125,635,140.081
101.022824,1715,-2124,635,140.087
101.027317,1715,-2122,634,140.087
101.032910,1713,-2119,631,140.087
101.037423,1710,-2116,629,140.087
101.041944,1707,-2114,628,140.087
101.047553,1705,-2114,629,140.087
101.052181,1705,-2114,632,140.087
101.057745,1706,-2113,630,140.087
101.062346,1706,-2114,628,140.087
101.068045,1706,-2115,623,140.087
101.072521,1705,-2116,619,140.087
101.078192,1704,-2117,619,140.087
101.082678,1703,-2118,620,140.087
101.087040,1703,-2118,623,140.087
101.092719,1701,-2119,625,140.092
101.097170,1700,-2118,624,140.092
101.102897,1701,-2119,624,140.092
101.107323,1703,-2119,624,140.092
101.113008,1706,-2120,625,140.092
101.117467,1709,-2120,626,140.092
101.121845,1711,-2120,628,140.092
101.127618,1712,-2118,626,140.092
101.132087,1712,-2117,624,140.092
101.137741,1713,-2117,621,140.092
101.142173,1713,-2116,617,140.092
101.148003,1711,-2115,612,140.098
101.152324,1709,-2114,606,140.098
101.158043,1709,-2113,603,140.098
101.162431,1708,-2111,600,140.098
101.166831,1707,-2109,598,140.098
101.172564,1705,-2109,598,140.098
101.176966,1703,-2110,598,140.103
101.182656,1702,-2110,598,140.103
101.187113,1702,-2110,599,140.103
101.192895,1704,-2109,600,140.103
101.197271,1705,-2108,604,140.103
101.201667,1707,-2108,604,140.098
101.207384,1708,-2109,607,140.098
101.211811,1707,-2111,610,140.098
101.217520,1707,-2113,609,140.098
101.222003,1707,-2114,613,140.098
101.227698,1706,-2115,615,140.098
101.232073,1707,-2116,616,140.098
101.237740,1708,-2116,617,140.098
101.242158,1708,-2116,619,140.098
101.246602,1710,-2117,620,140.098
101.252378,1710,-2118,620,140.098
101.256751,1710,-2118,621,140.103
101.262453,1710,-2119,624,140.103
101.266862,1710,-2119,625,140.103
101.272645,1709,-2119,626,140.103
101.277172,1709,-2119,629,140.103
101.281466,1710,-2117,631,140.103
101.287326,1710,-2115,633,140.103
101.291601,1709,-2115,631,140.103
101.297345,1708,-2115,629,140.103
101.301741,1709,-2114,622,140.103
101.307449,1708,-2113,618,140.109
101.311896,1708,-2111,617,140.109
101.317547,1710,-2109,617,140.109
101.322024,1710,-2109,618,140.109
101.326421,1710,-2110,617,140.109
101.332111,1711,-2112,615,140.109
101.336405,1711,-2113,612,140.109
101.342265,1712,-2114,611,140.109
101.346746,1714,-2111,613,140.114
101.352424,1717,-2109,615,140.114
101.357000,1720,-2106,619,140.114
101.361226,1722,-2104,624,140.120
101.367162,1723,-2103,628,140.120
101.371372,1724,-2102,632,140.125
101.377058,1723,-2101,635,140.125
101.381520,1722,-2102,636,140.131
101.387271,1720,-2102,636,140.136
101.391737,1719,-2102,635,140.142
101.397353,1717,-2102,632,140.142
101.401798,1716,-2103,631,140.147
101.406182,1714,-2102,631,140.147
101.411934,1713,-2103,632,140.147
101.416402,1711,-2104,631,140.153
101.422042,1709,-2104,629,140.153
101.426463,1707,-2105,627,140.153
101.432201,1707,-2106,629,140.153
101.436595,1706,-2108,632,140.153
101.441098,1706,-2111,637,140.147
101.446800,1706,-2114,641,140.147
101.451126,1705,-2116,643,140.147
101.456873,1706,-2118,642,140.147
101.461299,1707,-2119,638,140.142
101.467007,1706,-2120,635,140.142
101.471593,1705,-2120,633,140.142
101.477142,1705,-2119,631,140.136
101.481576,1705,-2117,631,140.136
101.486043,1705,-2115,631,140.131
101.491591,1707,-2113,631,140.125
101.496143,1706,-2112,631,140.125
101.501696,1705,-2112,629,140.120
101.506246,1701,-2112,628,140.114
101.511974,1699,-2114,625,140.109
101.516433,1696,-2116,622,140.103
101.520771,1695,-2119,623,140.098
101.526552,1695,-2120,623,140.098
101.531129,1695,-2120,627,140.092
101.536697,1695,-2118,630,140.092
101.541149,1695,-2117,632,140.087
101.546763,1694,-2114,632,140.087
101.551187,1693,-2112,631,140.092
101.557065,1692,-2110,631,140.092
101.561368,1692,-2108,629,140.098
101.565764,1694,-2106,625,140.098
101.571544,1696,-2107,623,140.103
101.576095,1699,-2107,621,140.109
101.581643,1702,-2108,622,140.120
101.586010,1701,-2108,625,140.125
101.591753,1702,-2109,627,140.131
101.596193,1702,-2110,627,140.142
101.600726,1703,-2111,628,140.153
101.606321,1707,-2112,631,140.158
101.610793,1710,-2112,634,140.164
101.616410,1711,-2112,638,140.175
101.620929,1710,-2111,639,140.180
101.626620,1711,-2111,641,140.186
101.631028,1708,-2108,642,140.191
101.636711,1707,-2106,642,140.197
101.641155,1706,-2102,642,140.202
101.645554,1703,-2100,644,140.208
101.651342,1703,-2099,645,140.208
101.655703,1701,-2098,645,140.213
101.661398,1699,-2099,647,140.213
101.665782,1700,-2100,648,140.213
101.671571,1699,-2102,651,140.219
101.675989,1699,-2102,655,140.219
101.680422,1700,-2102,659,140.219
101.686072,1699,-2101,659,140.219
101.690677,1699,-2099,655,140.219
101.696177,1698,-2097,649,140.219
101.700678,1697,-2097,645,140.213
101.706507,1697,-2096,642,140.213
101.710743,1698,-2098,643,140.213
101.716556,1696,-2100,644,140.213
101.720968,1695,-2102,646,140.208
101.725325,1694,-2102,648,140.208
101.731093,1692,-2101,648,140.208
101.735520,1693,-2100,647,140.202
101.741231,1693,-2100,645,140.202
101.745548,1693,-2100,643,140.202
101.751319,1694,-2098,643,140.202
101.755790,1696,-2099,643,140.202
101.760157,1697,-2097,646,140.202
101.765902,1698,-2099,649,140.202
101.770309,1699,-2101,651,140.202
101.776000,1700,-2103,651,140.208
101.780421,1701,-2104,650,140.208
101.786153,1701,-2105,652,140.208
101.790739,1700,-2106,651,140.208
101.796334,1699,-2103,651,140.208
101.800706,1699,-2103,652,140.208
101.805119,1700,-2102,652,140.208
101.810827,1700,-2103,653,140.208
101.815292,1702,-2102,654,140.208
101.821017,1702,-2100,658,140.208
101.825439,1703,-2097,662,140.208
101.831271,1705,-2095,665,140.208
101.835679,1704,-2092,668,140.208
101.840003,1706,-2092,667,140.208
101.845759,1706,-2093,666,140.208
101.850143,1705,-2093,665,140.208
101.855781,1703,-2092,662,140.213
101.860267,1701,-2092,659,140.213
101.865975,1700,-2091,654,140.213
101.870560,1699,-2090,648,140.219
101.876070,1699,-2089,645,140.219
101.880504,1701,-2088,643,140.224
101.884957,1702,-2088,643,140.224
101.890596,1702,-2089,645,140.229
101.895077,1701,-2091,646,140.229
101.900795,1700,-2092,650,140.235
101.905200,1699,-2094,654,140.235
101.910895,1698,-2096,655,140.235
101.915325,1698,-2097,654,140.235
101.919733,1696,-2096,652,140.235
101.925340,1696,-2096,651,140.229
101.929920,1696,-2096,652,140.229
101.935569,1696,-2095,652,140.224
101.940036,1699,-2096,653,140.224
101.945738,1701,-2096,652,140.219
101.950147,1704,-2097,654,140.213
101.955839,1708,-2098,657,140.213
101.960280,1710,-2099,659,140.208
101.964701,1711,-2099,662,140.202
101.970398,1711,-2097,662,140.197
101.975022,1710,-2094,660,140.197
101.980598,1709,-2092,655,140.191
101.984743,1709,-2091,653,140.186
101.990635,1710,-2090,650,140.186
101.995119,1711,-2088,646,140.180
101.999557,1713,-2087,643,140.175
102.005434,1717,-2086,640,140.175
102.009387,1719,-2086,638,140.169
102.015362,1720,-2088,637,140.169
102.019841,1721,-2091,635,140.169
102.025247,1720,-2094,634,140.164
102.029958,1719,-2098,632,140.164
102.035616,1716,-2099,633,140.164
102.040099,1713,-2100,634,140.158
102.044530,1708,-2100,639,140.158
102.050186,1703,-2100,644,140.158
102.054607,1701,-2099,647,140.153
102.060301,1699,-2098,648,140.153
102.064733,1699,-2097,650,140.153
102.070472,1699,-2095,645,140.147
102.074940,1698,-2092,642,140.147
102.079298,1699,-2091,642,140.147
102.085119,1700,-2090,642,140.142
102.089537,1701,-2089,644,140.142
102.095106,1705,-2089,645,140.136
102.099575,1708,-2090,644,140.136
102.105323,1711,-2091,642,140.131
102.109763,1713,-2093,641,140.131
102.115473,1714,-2094,642,140.131
102.119877,1715,-2095,642,140.131
102.124268,1716,-2095,642,140.131
102.130035,1716,-2096,644,140.136
102.134572,1715,-2099,644,140.136
102.140137,1715,-2103,644,140.136
102.144570,1715,-2106,645,140.142
102.150274,1715,-2110,644,140.142
102.154673,1716,-2112,642,140.142
102.159061,1715,-2115,642,140.147
102.165007,1715,-2117,643,140.147
102.169284,1714,-2118,642,140.147
102.174973,1713,-2119,642,140.147
102.179394,1713,-2119,641,140.147
102.185045,1714,-2117,640,140.147
102.189575,1715,-2115,640,140.147
102.195210,1717,-2113,641,140.147
102.199813,1719,-2113,644,140.147
102.204064,1720,-2112,647,140.147
102.209805,1720,-2112,649,140.147
102.214209,1720,-2112,650,140.142
102.219908,1718,-2109,654,140.142
102.224507,1715,-2105,654,140.142
102.230117,1713,-2103,655,140.142
102.234544,1713,-2099,656,140.142
102.238901,1713,-2097,655,140.147
102.244664,1714,-2094,657,140.147
102.248903,1714,-2091,659,140.147
102.254740,1715,-2089,659,140.153
102.259116,1713,-2089,658,140.153
102.264910,1713,-2088,657,140.153
102.269393,1713,-2088,656,140.158
102.275018,1711,-2088,655,140.158
102.279620,1709,-2087,656,140.164
102.283853,1706,-2086,654,140.164
102.289616,1704,-2086,651,140.169
102.294047,1704,-2087,650,140.175
102.299751,1704,-2087,649,140.175
102.304119,1703,-2086,649,140.175
102.309900,1703,-2086,649,140.180
102.314421,1703,-2085,648,140.180
102.318815,1702,-2085,647,140.180
102.324466,1703,-2084,646,140.186
102.328870,1704,-2085,649,140.186
102.334627,1705,-2086,649,140.186
102.339166,1706,-2087,653,140.186
102.344547,1707,-2089,659,140.186
102.349240,1707,-2089,662,140.191
102.354820,1706,-2088,666,140.191
102.359288,1704,-2087,669,140.191
102.363800,1704,-2085,668,140.191
102.369420,1704,-2084,667,140.191
102.373795,1705,-2082,664,140.191
102.379502,1705,-2081,661,140.191
102.383738,1706,-2081,659,140.191
102.389649,1707,-2082,661,140.191
102.394122,1705,-2082,663,140.191
102.398526,1704,-2081,665,140.191
102.404190,1701,-2080,669,140.191
102.408770,1696,-2081,671,140.191
102.414303,1691,-2081,673,140.191
102.418920,1689,-2083,675,140.191
102.424453,1690,-2085,677,140.197
102.428900,1693,-2086,679,140.197
102.434604,1696,-2088,680,140.197
102.439033,1699,-2089,684,140.197
102.443451,1701,-2092,685,140.202
102.449165,1703,-2093,687,140.202
102.453577,1702,-2093,686,140.202
102.459327,1703,-2093,682,140.202
102.463673,1703,-2090,677,140.202
102.469491,1703,-2088,671,140.208
102.473850,1703,-2086,666,140.208
102.478244,1701,-2085,658,140.202
102.484011,1701,-2083,653,140.202
102.488540,1702,-2083,650,140.202
102.494087,1701,-2083,649,140.202
102.498552,1702,-2083,650,140.202
102.504245,1702,-2081,653,140.197
102.508677,1703,-2080,655,140.197
102.514362,1705,-2079,656,140.197
102.518852,1707,-2077,656,140.191
102.523210,1708,-2076,656,140.191
102.528927,1710,-2077,655,140.191
102.533379,1709,-2078,656,140.191
102.539215,1708,-2080,658,140.191
102.543654,1707,-2083,659,140.186
102.549306,1704,-2083,663,140.186
102.553646,1702,-2082,666,140.186
102.558060,1701,-2082,669,140.186
102.563944,1699,-2079,673,140.186
102.568357,1697,-2078,674,140.186
102.573900,1696,-2076,671,140.180
102.578512,1694,-2074,666,140.180
102.584100,1694,-2074,665,140.180
102.588447,1694,-2076,665,140.175
102.594177,1694,-2077,665,140.175
102.598649,1694,-2079,665,140.169
102.603039,1695,-2079,664,140.169
102.608770,1696,-2079,665,140.164
102.613170,1697,-2080,666,140.164
102.618872,1700,-2082,669,140.164
102.623141,1702,-2084,672,140.158
102.629045,1705,-2086,672,140.158
102.633457,1706,-2088,668,140.158
102.637811,1706,-2088,666,140.158
102.643625,1705,-2088,661,140.158
102.647959,1704,-2089,656,140.153
102.653723,1703,-2089,654,140.153
102.658174,1702,-2089,650,140.153
102.663829,1703,-2090,647,140.147
102.668245,1704,-2091,644,140.147
102.673857,1705,-2091,642,140.147
102.678396,1705,-2091,642,140.142
102.682808,1703,-2090,644,140.142
102.688578,1702,-2089,647,140.136
102.692979,1701,-2089,652,140.136
102.698592,1700,-2090,659,140.131
102.703220,1701,-2092,662,140.131
102.708630,1700,-2094,664,140.131
102.713195,1700,-2095,666,140.131
102.717647,1701,-2098,663,140.131
102.723373,1701,-2098,661,140.131
102.727929,1702,-2098,661,140.131
102.733475,1702,-2098,662,140.136
102.737936,1702,-2097,666,140.136
102.743606,1701,-2098,670,140.136
102.748049,1700,-2098,673,140.136
102.753729,1699,-2099,671,140.136
102.758173,1696,-2099,666,140.142
102.762428,1693,-2099,661,140.142
102.768323,1690,-2099,654,140.147
102.772760,1690,-2097,649,140.147
102.778573,1689,-2097,647,140.153
102.782939,1689,-2097,645,140.158
102.788611,1689,-2099,644,140.164
102.793055,1689,-2101,644,140.169
102.797428,1690,-2102,644,140.175
102.803326,1690,-2102,642,140.180
102.807577,1691,-2100,641,140.186
102.813297,1692,-2098,641,140.186
102.817674,1693,-2096,640,140.191
102.823439,1694,-2096,641,140.191
102.827836,1697,-2096,640,140.191
102.833554,1701,-2097,636,140.191
102.838057,1705,-2096,633,140.191
102.842396,1708,-2095,631,140.186
102.848083,1711,-2094,629,140.180
102.852586,1710,-2091,628,140.175
102.858256,1709,-2090,624,140.169
102.862609,1708,-2090,623,140.164
102.868363,1708,-2089,622,140.158
102.872759,1706,-2089,622,140.153
102.877371,1704,-2090,625,140.147
102.882922,1702,-2091,627,140.142
102.887391,1698,-2091,631,140.136
102.893022,1694,-2092,638,140.136
102.897643,1691,-2092,642,140.136
102.903217,1689,-2091,646,140.136
102.907676,1688,-2091,649,140.136
102.913504,1687,-2091,648,140.136
102.917801,1686,-2090,646,140.136
102.922199,1687,-2090,645,140.136
102.927878,1689,-2093,647,140.136
102.932327,1692,-2093,649,140.131
102.938071,1695,-2093,648,140.125
102.942470,1698,-2091,647,140.125
102.948226,1700,-2088,647,140.114
102.952641,1699,-2085,648,140.109
102.957089,1698,-2085,653,140.103
102.962766,1697,-2086,657,140.092
102.967122,1696,-2087,662,140.087
102.972855,1696,-2087,666,140.076
102.977373,1695,-2086,665,140.065
102.982726,1695,-2086,663,140.054
102.987393,1695,-2086,661,140.048
102.993172,1697,-2086,654,140.037
102.997577,1700,-2086,649,140.032
103.001988,1702,-2087,647,140.026
103.007391,1705,-2087,645,140.026
103.011820,1707,-2088,645,140.021
103.017974,1708,-2088,645,140.021
103.022214,1709,-2088,643,140.026
103.027968,1709,-2088,643,140.032
103.032261,1708,-2086,642,140.037
103.036759,1709,-2086,641,140.043
103.042385,1709,-2087,643,140.054
103.046906,1709,-2087,643,140.065
103.052677,1708,-2088,643,140.076
103.057053,1706,-2088,645,140.087
103.062780,1703,-2088,647,140.098
103.067231,1702,-2089,646,140.114
103.072989,1702,-2090,647,140.120
103.077313,1702,-2089,646,140.131
103.081899,1702,-2090,646,140.136
103.087514,1702,-2091,648,140.142
103.091899,1702,-2093,649,140.147
103.097644,1703,-2094,650,140.153
103.102018,1703,-2097,651,140.153
103.107707,1703,-2099,652,140.153
103.112102,1703,-2099,651,140.153
103.116582,1702,-2100,652,140.147
103.122510,1702,-2100,655,140.147
103.126756,1701,-2099,660,140.147
103.132390,1702,-2099,664,140.147
103.136881,1702,-2098,668,140.147
103.142723,1704,-2096,670,140.147
103.147021,1705,-2096,670,140.147
103.152701,1705,-2094,670,140.147
103.157143,1704,-2093,671,140.142
103.161522,1704,-2093,670,140.142
103.167319,1703,-2092,671,140.136
103.171661,1703,-2091,672,140.136
103.177355,1701,-2089,672,140.131
103.181988,1699,-2088,672,140.125
103.187513,1699,-2086,669,140.114
103.192010,1699,-2086,668,140.109
103.196378,1698,-2086,669,140.103
103.202112,1698,-2086,672,140.092
103.206548,1697,-2085,676,140.087
103.212268,1697,-2085,675,140.076
103.216652,1696,-2085,675,140.065
103.222400,1694,-2085,673,140.059
103.226854,1693,-2085,674,140.048
103.232503,1692,-2087,678,140.043
103.237019,1693,-2086,681,140.037
103.241313,1692,-2085,683,140.032
103.247121,1692,-2083,685,140.032
103.251414,1695,-2081,684,140.032
103.257146,1697,-2081,683,140.032
103.261666,1700,-2080,683,140.037
103.267327,1704,-2080,681,140.037
103.271728,1706,-2081,681,140.043
103.276320,1709,-2081,680,140.043
103.281818,1711,-2081,680,140.048
103.286299,1712,-2083,675,140.048
103.292053,1711,-2085,672,140.048
103.296625,1710,-2085,669,140.054
103.302182,1709,-2085,667,140.054
103.306573,1711,-2082,666,140.059
103.312326,1711,-2081,664,140.059
103.316756,1712,-2079,663,140.065
103.321124,1711,-2078,664,140.065
103.326816,1709,-2079,663,140.070
103.331278,1706,-2079,662,140.076
103.336974,1704,-2080,660,140.076
103.341437,1705,-2080,657,140.081
103.346949,1706,-2082,655,140.087
103.351549,1707,-2084,656,140.087
103.355949,1708,-2085,657,140.092
103.361709,1709,-2086,657,140.098
103.366245,1709,-2086,658,140.103
103.371774,1711,-2087,659,140.109
103.376248,1713,-2088,658,140.109
103.381970,1713,-2090,657,140.114
103.386342,1714,-2093,654,140.120
103.392110,1713,-2095,650,140.125
103.396500,1713,-2096,645,140.125
103.400984,1713,-2096,641,140.131
103.406626,1715,-2096,639,140.136
103.411297,1717,-2097,639,140.142
103.416763,1718,-2098,640,140.142
103.421179,1719,-2098,642,140.147
103.426949,1718,-2100,644,140.147
103.431320,1717,-2101,646,140.147
103.435733,1716,-2101,648,140.147
103.441479,1714,-2104,650,140.147
103.445928,1712,-2106,654,140.147
103.451584,1711,-2107,657,140.147
103.456109,1711,-2109,658,140.142
103.461731,1711,-2111,660,140.136
103.466158,1711,-2113,664,140.131
103.471850,1711,-2115,666,140.120
103.476339,1710,-2115,667,140.114
103.480716,1709,-2113,670,140.103
103.486496,1709,-2111,672,140.098
103.490844,1707,-2108,675,140.087
103.496687,1706,-2106,679,140.081
103.500961,1706,-2104,683,140.070
103.506676,1706,-2101,681,140.065
103.511087,1708,-2100,680,140.059
103.515525,1709,-2098,675,140.054
103.521250,1709,-2097,667,140.048
103.525725,1709,-2097,661,140.043
103.531314,1707,-2098,655,140.037
103.535821,1707,-2100,649,140.037
103.541509,1706,-2100,647,140.037
103.545862,1706,-2100,646,140.037
103.551658,1707,-2098,648,140.037
103.556093,1707,-2095,652,140.037
103.560540,1708,-2093,653,140.037
103.566249,1708,-2091,656,140.043
103.570617,1707,-2091,658,140.043
103.576292,1706,-2090,657,140.048
103.580747,1704,-2090,657,140.048
103.586625,1705,-2091,658,140.054
103.590909,1705,-2091,657,140.054
103.595320,1705,-2091,657,140.054
103.601062,1705,-2090,655,140.059
103.605596,1704,-2090,653,140.059
103.611281,1703,-2090,650,140.059
103.615784,1703,-2090,648,140.065
103.621295,1704,-2091,647,140.065
103.625711,1703,-2091,646,140.065
103.631481,1702,-2090,646,140.065
103.635882,1700,-2091,647,140.065
103.640417,1700,-2090,647,140.065
103.645980,1700,-2089,648,140.065
103.650571,1700,-2090,653,140.065
103.656135,1700,-2090,651,140.065
103.660522,1701,-2090,651,140.065
103.666252,1701,-2090,651,140.059
103.670667,1701,-2090,646,140.059
103.675073,1701,-2090,648,140.059
103.680878,1700,-2090,648,140.059
103.685220,1698,-2090,648,140.054
103.690940,1697,-2089,646,140.054
103.695387,1697,-2088,643,140.054
103.701213,1697,-2086,640,140.048
103.705501,1697,-2088,639,140.048
103.711230,1698,-2091,639,140.048
103.715633,1698,-2092,638,140.043
103.719813,1698,-2094,637,140.043
103.725771,1697,-2093,634,140.043
103.730243,1695,-2092,633,140.043
103.735879,1693,-2092,633,140.037
103.740348,1691,-2096,632,140.037
103.746049,1691,-2099,633,140.037
103.750473,1691,-2104,634,140.037
103.754867,1692,-2107,634,140.032
103.760620,1695,-2109,634,140.032
103.765047,1697,-2108,633,140.032
103.770741,1698,-2107,630,140.026
103.775134,1698,-2106,632,140.026
103.780902,1698,-2105,636,140.021
103.785274,1698,-2106,640,140.021
103.791022,1699,-2106,642,140.021
103.795395,1700,-2106,646,140.021
103.799844,1702,-2103,649,140.021
103.805592,1703,-2100,648,140.021
103.810024,1703,-2096,646,140.026
103.815722,1705,-2094,642,140.026
103.820094,1705,-2094,637,140.026
103.825971,1703,-2094,635,140.026
103.830248,1703,-2096,637,140.026
103.834650,1702,-2098,636,140.032
103.840401,1701,-2098,635,140.032
103.844808,1701,-2098,633,140.037
103.850492,1699,-2098,629,140.037
103.854956,1701,-2098,627,140.037
103.860636,1700,-2098,624,140.037
103.865042,1699,-2098,624,140.043
103.870927,1697,-2097,625,140.043
103.875272,1696,-2098,626,140.043
103.879768,1694,-2101,629,140.048
103.885399,1694,-2104,631,140.048
103.889776,1692,-2107,633,140.048
103.895415,1692,-2109,635,140.048
103.899727,1692,-2110,636,140.048
103.905602,1692,-2111,638,140.048
103.910049,1694,-2111,641,140.048
103.914452,1697,-2111,644,140.048
103.920187,1698,-2111,649,140.043
103.924768,1697,-2110,651,140.043
103.930235,1697,-2110,655,140.043
103.934884,1698,-2108,656,140.043
103.940422,1698,-2106,655,140.037
103.944858,1699,-2103,654,140.037
103.950576,1700,-2102,655,140.032
103.954978,1700,-2100,657,140.026
103.959275,1703,-2099,658,140.026
103.965178,1703,-2098,658,140.021
103.969533,1704,-2096,656,140.015
103.975240,1705,-2096,652,140.015
103.979665,1705,-2096,648,140.015
103.985411,1703,-2097,644,140.015
103.989884,1701,-2099,640,140.010
103.994272,1699,-2101,638,140.010
103.999995,1699,-2105,636,140.010
104.004438,1699,-2109,637,140.010
104.009779,1699,-2111,639,140.010
104.014537,1698,-2113,640,140.010
104.020209,1697,-2113,639,140.010
104.024656,1694,-2110,638,140.010
104.030337,1693,-2107,634,140.010
104.034759,1693,-2104,634,140.010
104.039213,1694,-2101,635,140.010
104.044746,1695,-2100,637,140.010
104.049312,1695,-2099,642,140.010
104.055039,1694,-2097,645,140.010
104.059379,1693,-2097,645,140.015
104.065202,1693,-2097,644,140.015
104.069777,1692,-2097,644,140.015
104.074005,1691,-2098,644,140.015
104.079796,1690,-2098,645,140.015
104.084170,1689,-2096,646,140.015
104.089903,1688,-2096,647,140.021
104.094328,1687,-2097,647,140.021
104.100168,1686,-2095,648,140.021
104.104481,1685,-2096,647,140.026
104.110126,1687,-2095,645,140.026
104.114606,1689,-2094,645,140.032
104.119173,1692,-2094,643,140.032
104.124706,1694,-2094,645,140.037
104.129195,1694,-2094,651,140.037
104.134968,1695,-2093,653,140.043
104.139274,1695,-2092,659,140.043
104.145046,1695,-2091,660,140.043
104.149425,1695,-2092,658,140.043
104.153994,1694,-2094,658,140.048
104.159609,1692,-2095,656,140.048
104.163993,1691,-2095,653,140.048
104.169576,1689,-2095,651,140.048
104.174098,1687,-2094,648,140.048
104.179851,1685,-2094,645,140.048
104.184138,1684,-2095,642,140.048
104.189983,1682,-2094,641,140.048
104.194333,1679,-2093,640,140.048
104.198807,1678,-2093,642,140.048
104.204496,1678,-2092,644,140.048
104.208952,1679,-2091,645,140.048
104.214587,1682,-2090,646,140.048
104.219096,1684,-2088,641,140.048
104.224792,1687,-2089,636,140.048
104.229333,1689,-2091,632,140.048
104.233582,1690,-2091,628,140.048
104.239126,1689,-2091,627,140.048
104.243766,1688,-2091,627,140.048
104.249475,1686,-2089,627,140.048
104.254125,1685,-2089,627,140.054
104.259645,1685,-2091,626,140.054
104.264039,1685,-2093,629,140.054
104.269899,1685,-2096,631,140.054
104.274328,1686,-2100,632,140.054
104.278598,1686,-2102,632,140.054
104.284451,1687,-2103,629,140.054
104.288733,1689,-2103,627,140.054
104.294427,1689,-2104,628,140.054
104.298813,1692,-2105,629,140.048
104.304623,1694,-2106,631,140.048
104.309021,1696,-2107,632,140.048
104.313543,1696,-2108,634,140.048
104.319161,1694,-2108,633,140.048
104.323539,1693,-2108,632,140.048
104.329225,1692,-2108,632,140.048
104.333708,1693,-2107,630,140.054
104.339395,1693,-2106,628,140.054
104.343817,1693,-2104,625,140.054
104.349552,1693,-2103,621,140.054
104.354052,1694,-2101,619,140.059
104.358519,1695,-2100,619,140.059
104.364054,1693,-2101,622,140.059
104.368581,1693,-2101,626,140.065
104.374225,1693,-2100,630,140.065
104.378650,1692,-2097,634,140.065
104.384312,1693,-2095,639,140.065
104.388815,1696,-2094,641,140.070
104.393201,1697,-2094,643,140.070
104.398997,1700,-2095,643,140.070
104.403404,1700,-2096,640,140.070
104.409028,1700,-2097,638,140.070
104.413456,1699,-2097,637,140.070
104.419137,1697,-2096,633,140.070
104.423751,1696,-2097,630,140.076
104.429311,1694,-2099,628,140.076
104.433754,1693,-2101,626,140.076
104.438143,1694,-2103,627,140.081
104.443900,1695,-2104,629,140.081
104.448265,1696,-2106,631,140.087
104.454045,1699,-2108,632,140.087
104.458382,1700,-2109,634,140.092
104.464149,1700,-2111,635,140.092
104.468611,1700,-2112,635,140.092
104.473013,1699,-2112,635,140.098
104.478858,1697,-2112,632,140.098
104.483173,1697,-2112,630,140.098
104.488847,1696,-2111,627,140.092
104.493355,1695,-2111,625,140.092
104.498988,1694,-2113,624,140.092
104.503359,1694,-2113,621,140.092
104.509241,1694,-2112,620,140.087
104.513487,1694,-2109,622,140.081
104.517884,1694,-2107,622,140.081
104.523617,1695,-2106,622,140.081
104.528143,1696,-2106,623,140.076
104.533776,1696,-2106,623,140.076
104.538353,1695,-2108,622,140.076
104.543859,1694,-2109,622,140.076
104.548347,1692,-2110,622,140.081
104.552751,1691,-2110,622,140.081
104.558496,1691,-2110,621,140.081
104.562899,1692,-2110,621,140.087
104.568656,1695,-2111,624,140.087
104.573211,1695,-2112,624,140.092
104.578801,1695,-2113,627,140.092
104.583223,1695,-2113,629,140.098
104.588910,1694,-2112,625,140.098
104.593259,1696,-2111,624,140.098
104.597666,1698,-2110,620,140.098
104.603423,1699,-2109,617,140.098
104.607883,1701,-2107,614,140.098
104.613570,1702,-2105,614,140.098
104.618056,1703,-2103,613,140.098
104.623697,1704,-2102,612,140.098
104.628148,1704,-2103,612,140.098
104.632512,1704,-2103,612,140.098
104.638391,1705,-2104,614,140.098
104.642623,1705,-2104,618,140.098
104.648336,1707,-2105,623,140.098
104.652807,1709,-2106,626,140.098
104.658676,1708,-2106,630,140.098
104.662802,1705,-2106,631,140.098
104.668724,1702,-2105,631,140.098
104.673129,1699,-2105,633,140.103
104.677535,1697,-2105,632,140.103
104.683237,1696,-2107,632,140.109
104.687795,1697,-2109,632,140.109
104.693354,1698,-2110,631,140.114
104.697742,1699,-2110,632,140.114
104.703653,1700,-2108,629,140.120
104.707899,1703,-2106,626,140.120
104.712353,1705,-2105,622,140.120
104.718079,1704,-2103,620,140.120
104.722413,1703,-2101,618,140.120
104.728134,1700,-2100,619,140.120
104.732442,1698,-2098,622,140.120
104.738470,1699,-2097,625,140.120
104.742829,1701,-2098,629,140.120
104.748485,1703,-2099,632,140.114
104.752897,1706,-2098,632,140.114
104.757452,1705,-2098,635,140.109
104.762986,1705,-2096,634,140.109
104.767442,1702,-2094,635,140.103
104.773113,1700,-2094,635,140.103
104.777575,1701,-2097,634,140.103
104.783280,1701,-2100,635,140.103
104.787705,1705,-2103,634,140.103
104.792132,1708,-2105,637,140.103
104.797980,1710,-2105,642,140.103
104.802241,1710,-2104,649,140.103
104.808013,1708,-2104,655,140.103
104.812244,1707,-2103,656,140.103
104.818096,1708,-2103,657,140.103
104.822573,1710,-2105,654,140.109
104.828268,1711,-2105,650,140.109
104.832675,1710,-2104,647,140.109
104.837264,1708,-2104,641,140.109
104.842797,1706,-2103,638,140.114
104.847265,1707,-2102,634,140.114
104.852906,1708,-2103,632,140.114
104.857343,1709,-2103,630,140.114
104.863115,1711,-2102,631,140.114
104.867436,1710,-2101,633,140.109
104.871946,1710,-2101,635,140.109
104.877663,1709,-2101,633,140.109
104.882043,1710,-2102,633,140.103
104.887427,1712,-2104,634,140.103
104.891935,1714,-2107,634,140.103
104.897927,1714,-2107,637,140.098
104.902362,1713,-2108,643,140.098
104.908030,1712,-2107,646,140.098
104.912514,1711,-2106,649,140.098
104.916899,1709,-2106,650,140.092
104.922579,1707,-2103,647,140.092
104.927046,1706,-2102,644,140.092
104.932669,1705,-2100,639,140.092
104.937113,1703,-2098,635,140.092
104.942856,1704,-2096,631,140.092
104.947166,1703,-2098,631,140.092
104.951678,1704,-2100,631,140.092
104.957425,1705,-2101,632,140.092
104.961862,1705,-2101,632,140.092
104.967562,1706,-2101,634,140.092
104.972022,1707,-2102,636,140.092
104.977699,1708,-2102,637,140.098
104.982110,1711,-2102,636,140.098
104.987535,1713,-2102,633,140.098
104.991970,1714,-2102,629,140.098
104.996431,1714,-2102,628,140.092
105.002122,1712,-2102,630,140.092
105.006451,1711,-2103,629,140.092
105.012210,1711,-2103,628,140.092
105.016610,1712,-2104,628,140.092
105.022284,1713,-2103,624,140.092
105.026778,1714,-2105,623,140.092
105.031178,1714,-2106,624,140.087
105.036923,1714,-2107,625,140.087
105.041331,1714,-2105,628,140.087
105.047052,1713,-2104,632,140.087
105.051521,1713,-2103,635,140.087
105.057146,1713,-2102,636,140.087
105.061572,1713,-2099,635,140.087
105.067311,1714,-2098,633,140.087
105.071727,1715,-2097,630,140.087
105.076155,1715,-2096,628,140.081
105.081866,1713,-2096,628,140.087
105.086305,1711,-2096,628,140.087
105.091969,1708,-2095,627,140.087
105.096437,1706,-2095,627,140.092
105.102131,1705,-2095,628,140.092
105.106551,1704,-2095,629,140.098
105.110956,1703,-2096,629,140.098
105.116710,1702,-2096,628,140.098
105.121122,1701,-2094,627,140.098
105.126799,1702,-2095,624,140.098
105.131291,1704,-2094,622,140.103
105.136946,1705,-2093,624,140.103
105.141636,1707,-2094,624,140.103
105.147396,1708,-2096,628,140.098
105.151778,1708,-2098,632,140.098
105.156244,1707,-2100,635,140.098
105.161886,1708,-2101,635,140.098
105.166318,1709,-2103,635,140.092
105.172065,1710,-2103,632,140.092
105.176502,1711,-2103,632,140.087
105.182212,1709,-2103,634,140.087
105.186613,1708,-2104,635,140.087
105.191076,1707,-2105,637,140.081
105.196496,1705,-2107,640,140.081
105.201139,1706,-2108,639,140.081
105.206823,1707,-2110,639,140.081
105.211294,1707,-2111,638,140.081
105.217016,1707,-2113,639,140.081
105.221448,1707,-2114,641,140.081
105.227127,1706,-2116,642,140.081
105.231547,1704,-2117,641,140.081
105.235956,1703,-2118,640,140.087
105.241658,1702,-2118,643,140.087
105.246128,1702,-2116,644,140.087
105.251681,1703,-2116,646,140.087
105.256249,1705,-2115,647,140.087
105.261965,1708,-2114,645,140.087
105.266333,1710,-2112,642,140.087
105.270824,1711,-2111,642,140.087
105.276691,1711,-2110,641,140.087
105.280990,1711,-2109,641,140.087
105.286656,1711,-2107,642,140.087
105.291297,1710,-2106,641,140.087
105.296804,1709,-2106,643,140.087
105.301243,1710,-2105,645,140.087
105.307118,1711,-2105,646,140.092
105.311553,1712,-2106,650,140.092
105.315740,1715,-2107,654,140.092
105.321505,1715,-2109,656,140.092
105.325979,1715,-2110,655,140.098
105.331629,1715,-2112,656,140.098
105.336091,1715,-2113,652,140.098
105.341637,1715,-2115,646,140.098
105.346369,1716,-2115,643,140.103
105.350628,1716,-2115,639,140.103
105.356332,1715,-2114,635,140.098
105.360774,1715,-2112,632,140.098
105.366458,1715,-2112,630,140.098
105.370609,1715,-2111,630,140.098
105.376282,1717,-2111,630,140.098
105.380657,1720,-2112,634,140.098
105.386786,1721,-2112,637,140.098
105.391173,1722,-2111,640,140.098
105.395527,1722,-2111,643,140.098
105.401451,1723,-2111,644,140.098
105.405769,1725,-2110,644,140.098
105.411298,1727,-2111,645,140.098
105.415779,1728,-2111,645,140.092
105.421720,1728,-2110,647,140.092
105.426109,1727,-2106,647,140.092
105.430374,1724,-2102,648,140.092
105.436144,1722,-2100,648,140.092
105.440522,1720,-2100,647,140.087
105.446397,1719,-2100,645,140.087
105.450664,1718,-2102,644,140.087
105.456444,1718,-2104,641,140.087
105.460793,1718,-2105,638,140.087
105.466531,1716,-2107,633,140.087
105.470994,1715,-2107,632,140.081
105.475521,1713,-2105,636,140.081
105.481038,1710,-2103,638,140.081
105.485504,1708,-2101,641,140.081
105.491185,1706,-2101,646,140.081
105.495378,1705,-2102,648,140.081
105.501083,1705,-2103,647,140.081
105.505739,1705,-2103,646,140.087
105.510196,1704,-2103,642,140.087
105.515894,1703,-2102,639,140.087
105.520390,1703,-2102,637,140.092
105.526010,1704,-2104,639,140.092
105.530480,1705,-2106,640,140.092
105.536243,1704,-2109,643,140.092
105.540600,1704,-2110,645,140.092
105.546481,1703,-2109,646,140.092
105.550799,1703,-2108,648,140.092
105.555116,1703,-2107,649,140.092
105.560881,1704,-2106,653,140.087
105.565304,1703,-2104,655,140.087
105.570962,1704,-2101,653,140.087
105.575428,1704,-2099,651,140.081
105.581113,1705,-2098,647,140.076
105.585578,1706,-2099,645,140.076
105.589950,1707,-2100,646,140.076
105.595718,1708,-2101,648,140.076
105.600213,1709,-2102,649,140.076
105.605974,1710,-2103,649,140.076
105.610278,1709,-2105,647,140.076
105.615972,1708,-2105,645,140.076
105.620414,1706,-2105,644,140.076
105.626028,1705,-2105,640,140.081
105.630518,1705,-2105,636,140.081
105.634895,1705,-2105,633,140.081
105.640672,1706,-2104,630,140.087
105.645073,1708,-2105,630,140.087
105.650752,1709,-2104,631,140.087
105.655276,1710,-2102,628,140.087
105.661011,1711,-2100,626,140.081
105.665341,1711,-2098,624,140.081
105.669895,1711,-2095,624,140.081
105.675500,1711,-2093,627,140.076
105.680051,1711,-2094,632,140.076
105.685592,1711,-2095,636,140.076
105.690045,1712,-2095,638,140.076
105.695646,1712,-2096,638,140.076
105.699844,1711,-2098,639,140.076
105.705864,1711,-2099,639,140.076
105.710312,1710,-2099,639,140.076
105.714705,1709,-2100,641,140.076
105.720512,1708,-2099,645,140.081
105.724879,1708,-2100,647,140.081
105.730534,1708,-2102,648,140.081
105.735019,1709,-2103,648,140.087
105.740755,1711,-2104,647,140.087
105.745150,1713,-2105,646,140.087
105.749551,1714,-2107,647,140.087
105.755295,1716,-2106,647,140.087
105.759868,1715,-2104,646,140.092
105.765351,1715,-2103,645,140.092
105.769853,1715,-2102,643,140.092
105.775598,1715,-2102,641,140.092
105.780059,1715,-2105,640,140.092
105.785699,1714,-2108,641,140.092
105.790158,1713,-2110,639,140.092
105.794604,1712,-2110,640,140.098
105.800286,1710,-2108,640,140.098
105.804681,1709,-2106,638,140.103
105.810519,1709,-2104,639,140.109
105.814788,1709,-2102,640,140.109
105.820500,1710,-2101,645,140.114
105.824927,1711,-2101,648,140.114
105.829355,1711,-2100,649,140.120
105.835139,1709,-2099,651,140.120
105.839516,1708,-2098,649,140.125
105.845320,1706,-2097,648,140.125
105.849629,1703,-2098,646,140.125
105.855338,1700,-2098,647,140.125
105.859797,1697,-2099,648,140.125
105.865452,1695,-2099,649,140.131
105.869857,1695,-2099,649,140.131
105.874363,1695,-2098,648,140.125
105.880081,1697,-2098,646,140.125
105.884505,1699,-2098,647,140.125
105.890144,1701,-2099,649,140.120
105.894529,1705,-2099,653,140.114
105.900297,1707,-2099,655,140.114
105.904725,1707,-2098,656,140.109
105.908803,1706,-2098,658,140.103
105.914606,1705,-2099,659,140.103
105.918941,1704,-2098,660,140.103
105.924753,1703,-2098,661,140.098
105.929130,1704,-2098,660,140.098
105.935145,1704,-2097,657,140.098
105.939533,1705,-2097,657,140.092
105.945271,1706,-2098,655,140.092
105.949736,1707,-2098,654,140.087
105.954046,1708,-2100,652,140.081
105.959838,1709,-2101,648,140.081
105.964260,1711,-2102,645,140.076
105.969967,1711,-2103,640,140.076
105.974412,1709,-2103,638,140.070
105.980050,1708,-2104,638,140.070
105.984314,1705,-2105,641,140.070
105.988929,1704,-2104,641,140.070
105.994665,1704,-2103,640,140.070
105.999143,1703,-2103,638,140.070
106.004751,1702,-2102,635,140.070
106.008963,1701,-2103,636,140.070
106.014652,1700,-2104,638,140.070
106.018961,1701,-2103,642,140.070
106.024765,1703,-2103,645,140.076
106.029187,1705,-2102,644,140.076
106.033504,1708,-2101,643,140.070
106.039265,1709,-2102,639,140.070
106.043702,1711,-2103,636,140.070
106.049435,1713,-2104,637,140.070
106.054147,1711,-2102,638,140.065
106.059846,1710,-2101,641,140.065
106.064310,1710,-2101,645,140.059
106.068748,1710,-2101,649,140.059
106.074433,1711,-2102,652,140.054
106.078852,1711,-2104,653,140.054
106.084546,1712,-2105,655,140.054
106.088976,1711,-2104,654,140.054
106.094718,1710,-2104,650,140.054
106.099144,1710,-2103,650,140.054
106.104853,1708,-2102,647,140.059
106.109250,1707,-2102,645,140.059
106.113693,1704,-2104,642,140.065
106.119404,1701,-2106,639,140.065
106.123903,1698,-2108,632,140.070
106.129524,1697,-2110,628,140.076
106.133955,1698,-2110,624,140.081
106.139614,1701,-2111,623,140.087
106.144138,1704,-2111,622,140.092
106.148498,1706,-2110,623,140.092
106.154289,1706,-2109,623,140.098
106.158590,1704,-2107,624,140.098
106.164348,1701,-2106,625,140.098
106.168708,1700,-2105,625,140.098
106.174436,1700,-2103,627,140.092
106.178960,1701,-2102,629,140.092
106.184586,1703,-2103,631,140.092
106.189222,1704,-2103,634,140.092
106.193423,1703,-2105,637,140.092
106.199132,1702,-2105,642,140.092
106.203576,1699,-2105,648,140.092
106.209320,1697,-2105,653,140.092
106.213591,1696,-2105,656,140.092
106.219457,1695,-2105,660,140.092
106.223859,1697,-2104,662,140.092
106.228278,1699,-2103,664,140.092
106.233994,1701,-2101,664,140.092
106.238400,1702,-2099,661,140.092
106.244073,1702,-2096,657,140.092
106.248595,1703,-2095,653,140.092
106.254322,1702,-2094,649,140.092
106.258663,1701,-2094,644,140.092
106.264420,1701,-2095,641,140.092
106.268886,1701,-2095,637,140.092
106.273327,1702,-2095,636,140.092
106.279041,1703,-2096,636,140.098
106.283406,1704,-2097,635,140.098
106.289095,1704,-2098,637,140.098
106.293528,1704,-2098,639,140.098
106.299307,1702,-2096,639,140.098
106.303638,1700,-2095,642,140.098
106.308239,1698,-2094,646,140.098
106.313829,1695,-2094,647,140.098
106.318200,1693,-2094,650,140.098
106.323975,1693,-2094,651,140.098
106.328375,1694,-2095,650,140.098
106.334037,1694,-2095,649,140.098
106.338542,1695,-2098,647,140.098
106.344185,1695,-2101,648,140.098
106.348784,1695,-2102,644,140.092
106.353057,1696,-2104,641,140.092
106.358898,1696,-2105,640,140.092
106.363287,1696,-2105,638,140.087
106.368867,1696,-2105,635,140.087
106.373319,1696,-2105,634,140.087
106.379049,1698,-2107,631,140.087
106.383490,1699,-2109,630,140.087
106.387983,1698,-2110,630,140.087
106.393648,1697,-2111,630,140.087
106.398041,1696,-2112,631,140.087
106.403875,1696,-2113,632,140.092
106.408133,1697,-2113,634,140.092
106.413808,1698,-2114,635,140.092
106.418265,1699,-2113,634,140.092
106.423982,1700,-2112,635,140.092
106.428406,1703,-2113,633,140.092
106.432870,1706,-2112,633,140.092
106.438709,1709,-2112,635,140.092
106.442949,1710,-2112,634,140.092
106.448608,1711,-2110,633,140.092
106.453056,1710,-2109,634,140.092
106.458826,1709,-2108,634,140.092
106.463244,1707,-2108,636,140.092
106.467657,1706,-2109,638,140.092
106.473313,1705,-2111,639,140.092
106.477948,1704,-2112,639,140.092
106.483431,1706,-2112,638,140.092
106.487995,1709,-2111,640,140.092
106.493632,1712,-2111,640,140.092
106.498083,1716,-2110,641,140.092
106.503815,1716,-2109,643,140.092
106.508228,1715,-2109,643,140.092
106.512627,1714,-2108,643,140.098
106.518347,1714,-2109,642,140.098
106.522776,1713,-2111,642,140.098
106.528464,1711,-2114,642,140.103
106.532863,1712,-2117,639,140.103
106.538601,1712,-2118,637,140.109
106.543011,1712,-2118,636,140.109
106.547498,1711,-2115,636,140.114
106.553211,1711,-2113,638,140.114
106.557596,1709,-2110,638,140.120
106.563300,1710,-2107,636,140.120
106.567750,1709,-2105,633,140.120
106.573495,1708,-2103,634,140.120
106.578019,1708,-2102,635,140.120
106.583595,1708,-2102,636,140.120
106.588066,1708,-2102,636,140.120
106.592418,1708,-2102,635,140.120
106.598278,1708,-2103,637,140.120
106.602577,1707,-2103,642,140.114
106.608252,1705,-2104,647,140.114
106.612548,1704,-2104,653,140.114
106.618456,1703,-2105,657,140.114
106.622973,1704,-2106,658,140.109
106.627252,1703,-2106,661,140.109
106.633162,1703,-2106,660,140.109
106.637536,1704,-2106,658,140.109
106.643120,1703,-2105,653,140.109
106.647520,1703,-2104,648,140.109
106.653224,1703,-2102,646,140.109
106.657656,1704,-2101,645,140.109
106.663519,1704,-2099,645,140.109
106.667811,1705,-2099,644,140.109
106.672219,1705,-2099,645,140.103
106.677887,1704,-2101,647,140.103
106.682419,1703,-2101,650,140.103
106.688037,1704,-2103,650,140.103
106.692457,1704,-2103,650,140.103
106.698172,1705,-2104,648,140.103
106.702620,1706,-2105,644,140.103
106.707039,1706,-2105,641,140.109
106.712792,1704,-2105,638,140.109
106.717318,1703,-2106,633,140.109
106.722866,1701,-2107,630,140.109
106.727366,1700,-2107,628,140.109
106.732981,1700,-2107,627,140.114
106.737472,1699,-2106,628,140.114
106.743160,1698,-2105,629,140.114
106.747548,1694,-2103,631,140.114
106.752033,1693,-2102,635,140.114
106.757843,1692,-2101,637,140.109
106.762296,1690,-2100,639,140.109
106.767855,1689,-2100,639,140.109
106.772319,1689,-2100,639,140.109
106.777973,1691,-2099,639,140.109
106.782389,1693,-2099,639,140.109
106.786878,1695,-2099,638,140.109
106.792572,1697,-2099,637,140.109
106.796965,1698,-2099,642,140.109
106.802654,1699,-2097,644,140.109
106.807070,1700,-2096,648,140.114
106.812946,1700,-2095,651,140.114
106.817203,1700,-2094,652,140.114
106.823058,1702,-2093,652,140.114
106.827377,1703,-2094,650,140.114
106.831753,1702,-2094,648,140.120
106.837496,1702,-2096,649,140.120
106.841979,1702,-2098,650,140.120
106.847650,1702,-2098,650,140.120
106.852054,1703,-2097,650,140.120
106.857751,1704,-2098,653,140.120
106.862194,1706,-2098,653,140.120
106.866594,1705,-2099,654,140.120
106.872362,1707,-2100,656,140.120
106.876928,1708,-2100,652,140.120
106.882454,1708,-2101,650,140.120
106.886685,1710,-2101,646,140.120
106.892624,1712,-2101,646,140.120
106.897008,1712,-2100,649,140.120
106.902841,1711,-2099,651,140.120
106.907142,1711,-2099,652,140.114
106.911571,1711,-2099,647,140.114
106.917301,1712,-2100,641,140.114
106.921760,1713,-2101,636,140.114
106.927372,1713,-2103,633,140.114
106.931801,1714,-2103,631,140.114
106.937549,1715,-2103,630,140.109
106.942065,1715,-2102,632,140.109
106.946421,1715,-2103,634,140.109
106.952098,1715,-2104,637,140.109
106.956475,1714,-2105,640,140.109
106.962155,1712,-2107,643,140.109
106.966652,1712,-2107,643,140.109
106.972197,1710,-2106,644,140.109
106.976834,1708,-2105,645,140.109
106.982568,1708,-2104,645,140.109
106.986731,1707,-2103,643,140.103
106.991372,1707,-2102,641,140.103
106.997226,1707,-2103,641,140.103
107.001525,1707,-2103,642,140.103
107.006912,1706,-2103,643,140.103
107.011444,1702,-2102,646,140.103
107.017290,1700,-2101,644,140.103
107.021792,1699,-2097,643,140.103
107.025965,1699,-2094,642,140.103
107.031871,1700,-2092,643,140.103
107.036262,1700,-2090,644,140.103
107.041893,1698,-2089,647,140.103
107.046441,1695,-2087,650,140.103
107.052143,1695,-2086,652,140.103
107.056538,1696,-2085,651,140.103
107.062264,1699,-2083,651,140.103
107.066666,1703,-2084,653,140.103
107.071117,1705,-2084,652,140.103
107.076916,1707,-2085,652,140.103
107.081348,1709,-2086,654,140.103
107.086843,1710,-2088,652,140.098
107.091381,1710,-2086,649,140.098
107.097159,1711,-2085,647,140.098
107.101566,1712,-2083,643,140.098
107.106108,1713,-2080,640,140.098
107.111663,1713,-2079,638,140.092
107.116237,1714,-2079,641,140.092
107.121791,1711,-2080,642,140.092
107.126227,1709,-2083,643,140.092
107.131975,1708,-2085,643,140.087
107.136532,1707,-2087,642,140.087
107.141931,1709,-2089,639,140.081
107.146687,1711,-2093,639,140.081
107.150973,1712,-2096,639,140.076
107.156702,1712,-2099,639,140.076
107.161061,1712,-2102,641,140.076
107.166929,1711,-2103,641,140.076
107.171162,1709,-2103,640,140.076
107.176837,1708,-2101,640,140.070
107.181343,1706,-2101,637,140.076
107.185758,1705,-2101,634,140.076
107.191455,1705,-2101,633,140.076
107.195890,1705,-2103,632,140.076
107.201558,1703,-2106,630,140.076
107.206070,1701,-2106,631,140.081
107.211580,1699,-2106,632,140.081
107.216182,1697,-2104,634,140.081
107.221931,1697,-2101,638,140.081
107.226458,1698,-2098,641,140.081
107.230677,1699,-2095,646,140.081
107.236384,1701,-2095,652,140.081
107.240843,1702,-2095,654,140.081
107.246537,1704,-2096,653,140.081
107.251011,1705,-2098,651,140.076
107.256673,1704,-2100,647,140.076
107.261150,1703,-2101,644,140.076
107.265553,1702,-2102,644,140.076
107.271358,1699,-2101,646,140.076
107.275710,1699,-2098,645,140.076
107.281284,1699,-2095,645,140.076
107.285810,1699,-2094,645,140.076
107.291500,1699,-2095,643,140.076
107.296006,1699,-2098,644,140.076
107.301720,1698,-2101,643,140.081
107.306145,1699,-2102,644,140.081
107.310508,1701,-2103,644,140.087
107.316222,1702,-2103,642,140.087
107.320825,1702,-2101,639,140.092
107.326468,1703,-2099,635,140.092
107.330829,1701,-2097,630,140.092
107.336511,1700,-2095,628,140.098
107.340916,1700,-2094,630,140.098
107.345333,1699,-2095,633,140.098
107.351045,1698,-2097,636,140.103
107.355486,1697,-2099,637,140.103
107.361172,1697,-2100,636,140.103
107.365626,1697,-2100,637,140.103
107.371366,1696,-2100,635,140.109
107.375721,1697,-2099,632,140.103
107.381506,1697,-2097,631,140.103
107.385894,1698,-2096,629,140.103
107.390275,1701,-2097,627,140.103
107.396047,1702,-2098,627,140.103
107.400425,1701,-2101,626,140.098
107.406173,1698,-2102,623,140.098
107.410556,1696,-2103,622,140.098
107.416261,1696,-2102,621,140.098
107.420677,1697,-2100,620,140.098
107.425059,1699,-2097,619,140.098
107.430849,1701,-2095,619,140.098
107.435278,1702,-2093,619,140.103
107.440958,1704,-2093,618,140.103
107.445408,1705,-2092,617,140.103
107.451084,1706,-2092,616,140.103
107.455498,1708,-2092,616,140.103
107.461373,1710,-2090,618,140.098
107.465667,1711,-2090,619,140.098
107.470094,1712,-2090,623,140.098
107.475744,1713,-2091,624,140.098
107.480047,1712,-2092,625,140.098
107.485917,1713,-2094,628,140.098
107.490367,1714,-2096,629,140.098
107.496094,1715,-2101,631,140.092
107.500491,1716,-2104,636,140.092
107.505048,1717,-2107,639,140.092
107.510587,1716,-2109,645,140.092
107.515006,1714,-2108,651,140.092
107.520775,1710,-2108,655,140.092
107.525170,1707,-2105,660,140.087
107.530911,1703,-2103,664,140.087
107.535270,1700,-2101,661,140.087
107.541002,1701,-2098,656,140.087
107.545434,1702,-2097,652,140.087
107.550010,1705,-2096,648,140.087
107.555578,1708,-2095,647,140.081
107.560140,1710,-2098,647,140.081
107.565669,1712,-2101,648,140.081
107.570166,1712,-2101,648,140.081
107.575802,1709,-2103,648,140.081
107.580247,1708,-2101,648,140.081
107.584732,1708,-2100,648,140.076
107.590331,1709,-2099,648,140.076
107.594830,1710,-2098,650,140.076
107.600542,1711,-2099,648,140.076
107.604937,1710,-2100,644,140.076
107.610611,1710,-2100,638,140.076
107.615116,1710,-2102,632,140.076
107.620804,1710,-2102,627,140.076
107.625221,1710,-2103,626,140.076
107.629615,1711,-2105,628,140.081
107.635346,1712,-2106,630,140.081
107.639750,1713,-2107,634,140.081
107.645435,1714,-2108,636,140.081
107.649920,1715,-2105,639,140.081
107.655600,1717,-2102,641,140.081
107.659872,1718,-2101,641,140.081
107.664453,1720,-2099,639,140.081
107.670191,1722,-2098,640,140.081
107.674608,1722,-2099,639,140.081
107.680230,1721,-2099,639,140.076
107.684695,1719,-2099,639,140.076
107.690409,1716,-2098,639,140.076
107.694838,1713,-2096,637,140.076
107.700720,1713,-2096,635,140.070
107.705014,1712,-2097,633,140.070
107.709159,1712,-2096,631,140.070
107.715095,1713,-2097,626,140.070
107.719546,1713,-2097,624,140.070
107.725204,1714,-2097,624,140.070
107.729653,1714,-2098,623,140.070
107.735343,1714,-2098,624,140.070
107.739757,1715,-2098,626,140.070
107.744275,1712,-2099,628,140.070
107.749931,1711,-2101,629,140.070
107.754373,1710,-2102,628,140.070
107.760048,1708,-2105,625,140.070
107.764507,1707,-2108,621,140.070
107.770176,1706,-2110,619,140.070
107.774669,1705,-2110,618,140.070
107.780357,1706,-2111,619,140.070
107.784765,1706,-2110,619,140.070
107.789216,1706,-2110,620,140.070
107.794890,1707,-2110,621,140.070
107.799330,1707,-2109,622,140.070
107.805047,1705,-2106,626,140.070
107.809288,1704,-2105,628,140.070
107.815185,1702,-2103,629,140.070
107.819587,1699,-2103,630,140.070
107.823989,1698,-2104,630,140.070
107.829725,1698,-2104,630,140.070
107.834118,1697,-2105,630,140.070
107.839846,1698,-2106,630,140.070
107.844265,1699,-2106,631,140.070
107.849982,1701,-2106,632,140.070
107.854412,1705,-2106,631,140.070
107.860149,1708,-2104,630,140.070
107.864537,1710,-2101,631,140.070
107.868988,1711,-2098,630,140.070
107.874672,1713,-2094,632,140.070
107.879259,1713,-2094,635,140.070
107.884786,1713,-2095,636,140.070
107.889271,1713,-2096,638,140.070
107.894958,1711,-2098,638,140.070
107.899365,1710,-2100,638,140.065
107.903741,1709,-2100,638,140.065
107.909524,1709,-2101,641,140.065
107.913926,1708,-2103,642,140.065
107.919626,1707,-2102,646,140.065
107.924037,1706,-2104,646,140.065
107.929877,1705,-2106,649,140.065
107.934245,1705,-2107,650,140.065
107.939908,1706,-2107,649,140.065
107.944283,1707,-2108,650,140.065
107.948712,1710,-2110,649,140.065
107.954444,1711,-2112,650,140.070
107.958954,1713,-2114,650,140.070
107.964592,1714,-2113,652,140.070
107.969003,1716,-2111,652,140.070
107.974799,1718,-2109,650,140.070
107.979314,1721,-2106,648,140.070
107.983551,1723,-2105,645,140.070
107.989374,1724,-2103,644,140.070
107.993684,1725,-2102,641,140.065
107.999426,1724,-2100,639,140.065
108.003819,1724,-2101,637,140.065
108.009272,1722,-2102,637,140.065
108.013915,1719,-2105,639,140.065
108.019748,1717,-2108,640,140.065
108.024188,1716,-2110,644,140.065
108.028479,1715,-2111,646,140.065
108.034045,1715,-2111,642,140.065
108.038641,1716,-2113,638,140.065
108.044072,1717,-2113,631,140.070
108.048765,1716,-2111,628,140.070
108.054572,1712,-2108,628,140.070
108.058955,1710,-2106,632,140.070
108.063499,1707,-2104,637,140.070
108.069099,1706,-2103,636,140.065
108.073501,1705,-2104,634,140.065
108.079156,1704,-2105,632,140.065
108.083695,1703,-2105,628,140.065
108.089394,1702,-2105,628,140.059
108.093746,1703,-2104,629,140.059
108.099471,1706,-2102,633,140.059
108.103951,1707,-2101,635,140.059
108.108370,1707,-2100,639,140.059
108.113952,1706,-2101,644,140.059
108.118631,1705,-2101,644,140.059
108.124144,1706,-2103,644,140.059
108.128611,1707,-2103,642,140.059
108.134258,1707,-2104,641,140.059
108.138728,1707,-2105,639,140.059
108.143227,1707,-2104,640,140.059
108.148864,1705,-2103,643,140.065
108.153328,1704,-2102,645,140.065
108.158965,1703,-2101,648,140.065
108.163467,1704,-2101,652,140.065
108.169171,1704,-2102,652,140.065
108.173592,1706,-2102,654,140.065
108.179285,1708,-2101,653,140.065
108.183724,1709,-2100,651,140.065
108.188156,1711,-2098,649,140.065
108.193829,1712,-2095,645,140.065
108.198269,1711,-2093,643,140.059
108.203974,1709,-2091,642,140.059
108.208163,1705,-2090,645,140.059
108.213839,1703,-2090,650,140.059
108.218254,1701,-2089,653,140.054
108.222963,1700,-2090,656,140.054
108.228760,1699,-2090,656,140.054
108.233044,1698,-2090,655,140.054
108.238755,1698,-2089,653,140.054
108.243008,1700,-2089,651,140.054
108.249056,1702,-2089,648,140.048
108.253397,1704,-2090,645,140.048
108.259007,1703,-2092,641,140.048
108.263534,1703,-2092,635,140.048
108.267922,1701,-2092,632,140.048
108.273579,1699,-2092,631,140.048
108.278191,1698,-2090,630,140.048
108.283771,1697,-2089,632,140.048
108.288144,1697,-2089,633,140.048
108.293859,1698,-2087,634,140.048
108.298298,1699,-2086,634,140.048
108.302703,1701,-2086,633,140.054
108.308606,1702,-2085,632,140.054
108.312846,1702,-2086,632,140.054
108.318510,1703,-2086,632,140.054
108.323262,1704,-2087,632,140.054
108.328653,1705,-2087,632,140.054
108.333055,1708,-2087,634,140.054
108.338819,1709,-2087,637,140.048
108.343247,1709,-2087,639,140.048
108.347685,1707,-2087,638,140.048
108.353531,1704,-2088,638,140.048
108.357825,1700,-2088,639,140.048
108.363664,1699,-2089,640,140.048
108.367997,1699,-2090,642,140.048
108.373677,1700,-2092,646,140.048
108.378149,1703,-2093,649,140.043
108.382536,1704,-2093,650,140.043
108.388298,1704,-2093,649,140.043
108.392444,1703,-2092,650,140.043
108.398364,1701,-2092,651,140.037
108.402809,1700,-2093,652,140.037
108.408452,1699,-2094,652,140.037
108.412938,1699,-2095,652,140.037
108.418601,1700,-2094,650,140.037
108.423124,1702,-2094,650,140.037
108.427421,1703,-2093,651,140.037
108.433295,1704,-2092,651,140.037
108.437566,1702,-2094,650,140.037
108.443253,1698,-2096,649,140.037
108.447729,1695,-2099,648,140.037
108.453407,1693,-2101,643,140.037
108.457852,1692,-2100,639,140.043
108.462321,1692,-2101,636,140.043
108.468061,1692,-2101,633,140.043
108.472475,1690,-2100,630,140.043
108.478171,1688,-2100,631,140.043
108.482593,1686,-2100,631,140.043
108.488242,1686,-2100,632,140.043
108.492689,1687,-2099,632,140.043
108.498402,1687,-2099,632,140.043
108.502913,1687,-2098,630,140.048
108.507210,1689,-2097,631,140.048
108.513050,1690,-2097,632,140.048
108.517394,1692,-2096,634,140.048
108.523077,1697,-2096,635,140.048
108.527458,1699,-2096,632,140.048
108.533235,1701,-2097,630,140.048
108.537646,1701,-2099,624,140.048
108.542034,1702,-2100,620,140.048
108.547735,1702,-2101,618,140.048
108.552173,1703,-2101,616,140.048
108.557734,1706,-2100,614,140.048
108.562358,1708,-2099,614,140.048
108.568046,1712,-2098,615,140.048
108.572622,1715,-2099,616,140.048
108.578213,1717,-2100,617,140.048
108.582594,1718,-2101,620,140.048
108.587048,1717,-2102,622,140.048
108.592874,1715,-2102,623,140.048
108.597134,1711,-2100,626,140.048
108.602818,1707,-2098,630,140.048
108.607283,1706,-2098,631,140.048
108.612991,1707,-2095,628,140.048
108.617444,1708,-2092,626,140.043
108.621564,1711,-2091,626,140.043
108.627566,1714,-2090,625,140.043
108.632080,1714,-2091,624,140.043
108.637717,1713,-2093,625,140.043
108.642146,1710,-2094,623,140.043
108.647840,1707,-2095,621,140.043
108.652401,1705,-2096,618,140.043
108.658025,1704,-2096,616,140.043
108.662411,1703,-2095,615,140.043
108.666776,1704,-2095,618,140.043
108.672549,1704,-2095,624,140.043
108.677077,1704,-2094,632,140.043
108.682626,1705,-2094,641,140.037
108.687201,1707,-2093,649,140.037
108.692803,1708,-2093,649,140.037
108.697354,1711,-2094,647,140.037
108.701635,1712,-2094,646,140.037
108.707370,1712,-2094,641,140.037
108.711738,1710,-2095,640,140.037
108.717459,1709,-2095,643,140.037
108.721906,1707,-2097,647,140.032
108.727585,1706,-2099,650,140.032
108.732007,1704,-2099,649,140.032
108.737720,1702,-2099,643,140.032
108.742092,1700,-2099,631,140.032
108.746575,1699,-2098,623,140.032
108.752343,1698,-2100,622,140.032
108.756715,1698,-2101,622,140.037
108.762468,1700,-2103,623,140.037
108.766901,1701,-2104,625,140.037
108.772533,1703,-2104,627,140.037
108.777056,1704,-2102,628,140.037
108.781419,1703,-2099,628,140.037
108.787157,1703,-2096,626,140.037
108.791643,1702,-2094,626,140.037
108.797251,1702,-2094,628,140.037
108.801676,1702,-2094,632,140.037
108.807189,1701,-2096,635,140.037
108.811618,1701,-2097,636,140.037
108.817576,1701,-2097,636,140.037
108.821956,1702,-2100,634,140.037
108.826308,1703,-2101,636,140.037
108.832215,1703,-2102,637,140.037
108.836646,1705,-2104,638,140.037
108.842215,1705,-2104,637,140.037
108.846642,1706,-2105,636,140.037
108.852403,1707,-2106,635,140.037
108.856832,1706,-2107,632,140.037
108.861175,1705,-2106,630,140.037
108.866928,1704,-2104,627,140.037
108.871320,1704,-2102,625,140.037
108.876993,1703,-2100,623,140.043
108.881495,1703,-2096,623,140.043
108.887151,1703,-2094,626,140.037
108.891593,1702,-2093,628,140.037
108.897301,1701,-2094,627,140.037
108.901756,1701,-2094,628,140.037
108.906128,1702,-2094,627,140.037
108.911849,1702,-2094,626,140.037
108.916281,1702,-2094,628,140.037
108.921969,1702,-2096,630,140.037
108.926383,1702,-2098,632,140.037
108.932127,1703,-2100,634,140.037
108.936573,1702,-2100,632,140.037
108.940961,1704,-2099,630,140.037
108.946670,1705,-2096,629,140.037
108.951137,1706,-2094,627,140.037
108.956765,1708,-2092,625,140.037
108.961416,1710,-2090,626,140.037
108.967016,1711,-2091,628,140.037
108.971356,1710,-2092,628,140.037
108.977090,1709,-2094,628,140.037
108.981461,1708,-2095,631,140.037
108.986073,1706,-2095,628,140.037
108.991670,1706,-2096,624,140.032
108.996127,1705,-2096,622,140.032
109.001747,1705,-2098,619,140.032
109.005933,1705,-2099,618,140.032
109.011817,1704,-2100,616,140.032
109.016151,1704,-2101,617,140.032
109.020746,1703,-2101,619,140.032
109.026260,1702,-2101,616,140.037
109.030864,1701,-2100,616,140.037
109.036509,1700,-2099,614,140.037
109.040986,1698,-2098,612,140.037
109.046690,1697,-2095,610,140.037
109.051271,1697,-2093,608,140.037
109.056819,1696,-2091,606,140.037
109.061446,1698,-2088,605,140.037
109.065726,1701,-2086,606,140.037
109.071469,1703,-2086,609,140.037
109.075888,1704,-2086,613,140.037
109.081683,1704,-2087,617,140.032
109.086077,1703,-2085,620,140.032
109.091635,1701,-2082,621,140.032
109.096085,1699,-2080,621,140.032
109.100525,1700,-2079,622,140.032
109.106307,1700,-2079,624,140.032
109.110643,1701,-2080,625,140.032
109.116421,1703,-2082,627,140.032
109.120790,1703,-2082,628,140.032
109.126526,1704,-2082,627,140.032
109.130994,1705,-2083,626,140.032
109.136658,1703,-2082,625,140.032
109.141106,1701,-2083,623,140.032
109.145473,1700,-2082,623,140.032
109.151243,1700,-2081,624,140.032
109.155620,1700,-2081,628,140.032
109.161364,1701,-2082,630,140.032
109.165751,1700,-2085,630,140.032
109.171462,1699,-2088,630,140.037
109.175901,1698,-2090,631,140.037
109.180348,1696,-2090,629,140.037
109.186017,1697,-2091,631,140.037
109.190495,1697,-2090,632,140.037
109.196148,1698,-2091,630,140.032
109.200606,1701,-2092,629,140.032
109.206240,1705,-2094,628,140.032
109.210669,1708,-2096,625,140.032
109.216488,1709,-2098,623,140.032
109.220851,1709,-2100,622,140.026
109.225263,1708,-2102,621,140.026
109.230959,1707,-2102,622,140.026
109.235401,1706,-2103,623,140.026
109.240952,1705,-2103,624,140.026
109.245477,1706,-2104,625,140.026
109.251228,1707,-2105,623,140.026
109.255693,1707,-2107,625,140.026
109.260079,1708,-2109,623,140.026
109.265803,1707,-2108,620,140.026
109.270416,1707,-2106,618,140.026
109.275933,1707,-2104,616,140.026
109.280441,1707,-2102,615,140.026
109.286069,1706,-2101,614,140.032
109.290465,1704,-2101,614,140.032
109.296188,1701,-2101,616,140.032
109.300670,1700,-2101,619,140.032
109.305115,1699,-2101,622,140.032
109.310787,1701,-2100,627,140.032
109.315368,1701,-2099,630,140.032
109.320904,1702,-2098,632,140.032
109.325325,1702,-2097,632,140.032
109.331184,1703,-2098,634,140.032
109.335505,1704,-2098,634,140.026
109.339852,1706,-2099,632,140.026
109.345598,1706,-2099,633,140.026
109.349988,1706,-2101,629,140.026
109.355696,1706,-2101,624,140.026
109.360171,1705,-2102,619,140.026
109.365836,1703,-2102,616,140.026
109.370277,1701,-2100,614,140.026
109.376146,1703,-2098,614,140.026
109.380458,1703,-2096,619,140.026
109.384830,1704,-2094,620,140.026
109.390577,1705,-2092,621,140.026
109.395004,1705,-2091,622,140.026
109.400700,1705,-2090,623,140.032
109.405055,1704,-2090,621,140.032
109.410924,1704,-2090,620,140.032
109.415254,1703,-2091,620,140.032
109.419665,1701,-2092,623,140.032
109.425358,1700,-2091,626,140.032
109.429917,1700,-2091,628,140.032
109.435494,1700,-2091,629,140.032
109.439867,1701,-2092,630,140.032
109.445610,1702,-2093,630,140.032
109.450018,1701,-2092,634,140.026
109.455749,1700,-2092,637,140.026
109.460193,1698,-2091,639,140.026
109.464613,1698,-2093,643,140.032
109.470297,1697,-2096,645,140.032
109.474717,1698,-2097,643,140.032
109.480426,1699,-2099,641,140.037
109.485008,1699,-2099,635,140.037
109.490594,1701,-2099,631,140.043
109.495019,1702,-2101,627,140.043
109.499544,1702,-2102,624,140.048
109.505120,1703,-2104,621,140.054
109.509546,1704,-2106,620,140.059
109.515251,1704,-2107,621,140.065
109.519686,1703,-2107,623,140.076
109.525357,1701,-2106,628,140.081
109.529794,1701,-2105,627,140.087
109.535526,1700,-2104,626,140.092
109.540117,1700,-2105,623,140.098
109.544351,1701,-2107,621,140.103
109.550117,1700,-2108,621,140.109
109.554497,1701,-2108,625,140.114
109.560170,1702,-2106,629,140.120
109.564659,1704,-2104,632,140.120
109.570495,1704,-2101,633,140.125
109.574843,1705,-2098,633,140.125
109.579259,1705,-2098,632,140.131
109.584969,1705,-2098,631,140.131
109.589369,1705,-2097,629,140.131
109.595008,1704,-2096,628,140.131
109.599411,1702,-2094,629,140.131
109.605184,1700,-2092,630,140.131
109.609511,1699,-2091,633,140.131
109.615309,1696,-2092,637,140.131
109.619743,1694,-2094,642,140.131
109.624119,1694,-2096,645,140.131
109.629837,1695,-2098,647,140.131
109.634327,1697,-2098,648,140.131
109.640006,1700,-2098,648,140.131
109.644366,1699,-2101,647,140.131
109.650093,1700,-2102,650,140.131
109.654736,1699,-2104,651,140.125
109.658985,1699,-2104,654,140.125
109.664857,1699,-2102,654,140.125
109.669156,1699,-2100,651,140.125
109.674852,1697,-2097,646,140.120
109.679214,1696,-2096,642,140.120
109.684972,1695,-2095,637,140.120
109.689336,1693,-2094,637,140.114
109.695145,1691,-2091,638,140.114
109.699517,1688,-2089,641,140.114
109.703977,1687,-2087,646,140.114
109.709654,1685,-2087,651,140.109
109.714243,1685,-2090,654,140.109
109.719616,1686,-2093,657,140.109
109.724349,1686,-2095,660,140.103
109.729943,1686,-2097,659,140.103
109.734392,1686,-2098,659,140.103
109.738795,1686,-2099,658,140.103
109.744433,1688,-2099,654,140.103
109.748856,1690,-2098,656,140.103
109.754586,1692,-2096,656,140.103
109.759092,1694,-2094,654,140.103
109.764791,1695,-2093,652,140.109
109.769148,1696,-2093,649,140.109
109.774865,1698,-2093,645,140.114
109.779291,1699,-2093,643,140.114
109.783699,1698,-2091,641,140.120
109.789473,1696,-2090,643,140.120
109.793854,1694,-2090,644,140.125
109.799523,1691,-2089,647,140.131
109.803977,1688,-2088,648,140.136
109.809704,1687,-2087,651,140.136
109.814269,1685,-2086,654,140.142
109.818416,1683,-2084,656,140.147
109.824246,1682,-2084,660,140.147
109.828719,1682,-2083,662,140.147
109.834395,1684,-2083,663,140.147
109.838889,1685,-2084,660,140.147
109.844648,1687,-2083,660,140.147
109.848924,1690,-2082,660,140.147
109.854681,1692,-2083,658,140.147
109.859105,1694,-2083,660,140.142
109.863502,1696,-2083,662,140.142
109.869203,1697,-2083,665,140.142
109.873629,1697,-2084,667,140.136
109.879302,1696,-2084,666,140.136
109.883791,1693,-2085,666,140.136
109.889476,1689,-2085,661,140.136
109.893959,1687,-2084,657,140.136
109.898341,1685,-2083,655,140.136
109.904150,1684,-2083,656,140.136
109.908519,1683,-2084,657,140.136
109.914286,1684,-2085,659,140.131
109.918646,1684,-2086,657,140.131
109.924302,1685,-2087,655,140.131
109.928724,1686,-2088,654,140.131
109.934427,1685,-2087,653,140.131
109.938848,1685,-2087,655,140.131
109.943254,1686,-2086,657,140.131
109.949002,1686,-2086,658,140.125
109.953410,1688,-2087,656,140.125
109.959053,1693,-2088,654,140.125
109.963543,1694,-2090,654,140.125
109.969251,1696,-2092,652,140.120
109.973680,1699,-2094,651,140.120
109.978126,1700,-2095,652,140.120
109.983806,1700,-2096,651,140.120
109.988161,1700,-2096,649,140.120
109.993943,1699,-2094,649,140.120
109.998411,1699,-2094,651,140.120
110.004020,1699,-2094,651,140.120
110.008210,1699,-2094,652,140.120
110.014041,1699,-2094,652,140.120
110.018588,1699,-2094,651,140.120
110.023093,1697,-2095,652,140.120
110.028459,1697,-2098,655,140.120
110.033165,1698,-2100,655,140.120
110.038879,1698,-2104,657,140.120
110.043044,1697,-2104,659,140.120
110.049008,1695,-2104,662,140.125
110.053474,1694,-2103,664,140.125
110.057767,1692,-2102,668,140.125
110.063566,1692,-2101,670,140.131
110.068074,1692,-2101,672,140.131
110.073746,1693,-2100,675,140.136
110.078376,1695,-2099,676,140.136
110.083861,1697,-2097,675,140.142
110.088320,1699,-2094,675,140.142
110.094142,1700,-2093,674,140.142
110.098424,1701,-2092,672,140.142
110.102882,1702,-2091,671,140.142
110.108574,1702,-2091,667,140.142
110.112951,1703,-2090,663,140.142
110.118712,1702,-2089,659,140.142
110.123103,1702,-2089,654,140.142
110.128939,1702,-2088,652,140.142
110.133280,1702,-2086,651,140.136
110.137652,1703,-2085,651,140.136
110.143302,1705,-2082,651,140.136
110.147848,1704,-2079,652,140.136
110.153499,1704,-2078,652,140.131
110.157947,1701,-2076,651,140.131
110.163615,1699,-2074,650,140.131
110.168066,1697,-2075,648,140.131
110.173916,1695,-2076,646,140.131
110.178196,1693,-2078,644,140.131
110.182569,1691,-2081,645,140.131
110.188338,1689,-2082,646,140.131
110.192745,1689,-2082,645,140.136
110.198462,1689,-2081,644,140.136
110.202874,1690,-2078,643,140.136
110.208429,1691,-2076,642,140.136
110.212948,1691,-2074,643,140.136
110.217593,1692,-2072,644,140.131
110.223222,1692,-2071,646,140.131
110.227622,1692,-2073,649,140.125
110.233277,1692,-2074,649,140.125
110.237900,1693,-2076,650,140.120
110.243414,1695,-2080,652,140.114
110.247814,1694,-2083,652,140.114
110.253595,1693,-2084,652,140.109
110.258068,1691,-2086,652,140.109
110.262443,1690,-2085,650,140.109
110.268111,1691,-2083,649,140.103
110.272587,1692,-2083,646,140.103
110.278370,1693,-2083,645,140.103
110.282726,1695,-2083,643,140.103
110.288376,1695,-2082,641,140.103
110.292795,1695,-2082,641,140.109
110.297225,1695,-2083,640,140.109
110.303109,1695,-2081,639,140.109
110.307379,1695,-2080,640,140.109
110.313071,1694,-2077,638,140.103
110.317497,1692,-2074,635,140.103
110.323177,1689,-2073,635,140.103
110.327669,1687,-2072,634,140.103
110.333321,1686,-2074,634,140.103
110.337844,1687,-2075,634,140.103
110.342137,1687,-2077,632,140.098
110.347792,1686,-2080,631,140.098
110.352286,1688,-2082,632,140.098
110.357987,1689,-2082,632,140.098
110.362422,1689,-2083,631,140.092
110.368198,1690,-2084,630,140.092
110.372592,1687,-2083,632,140.092
110.376985,1684,-2084,636,140.092
110.382737,1681,-2084,638,140.092
110.387254,1678,-2084,643,140.092
110.392871,1675,-2084,645,140.092
110.397271,1675,-2084,647,140.098
110.402937,1676,-2084,651,140.098
110.407362,1677,-2083,655,140.098
110.413124,1678,-2083,658,140.103
110.417611,1679,-2084,659,140.103
110.422038,1681,-2086,658,140.103
110.427653,1684,-2086,657,140.109
110.432101,1687,-2088,656,140.109
110.437735,1690,-2089,656,140.109
110.442188,1689,-2089,655,140.109
110.448022,1688,-2089,653,140.114
110.452331,1686,-2088,653,140.114
110.456763,1687,-2088,651,140.114
110.462526,1689,-2086,651,140.114
110.467059,1692,-2084,652,140.109
110.472599,1693,-2082,650,140.109
110.477089,1693,-2078,647,140.109
110.482780,1694,-2076,645,140.103
110.487173,1694,-2076,643,140.103
110.492888,1694,-2077,644,140.098
110.497278,1695,-2079,647,140.098
110.501745,1697,-2082,651,140.098
110.507450,1698,-2083,654,140.092
110.512033,1700,-2084,656,140.092
110.517571,1702,-2084,657,140.092
110.522169,1703,-2083,657,140.092
110.527751,1703,-2081,655,140.092
110.532146,1704,-2080,652,140.098
110.536525,1704,-2079,647,140.098
110.542256,1705,-2077,642,140.098
110.546692,1705,-2078,639,140.098
110.552312,1705,-2080,639,140.098
110.556879,1704,-2082,637,140.098
110.562526,1704,-2084,634,140.098
110.567145,1705,-2086,632,140.098
110.572724,1706,-2089,631,140.098
110.577119,1707,-2091,632,140.098
110.581461,1708,-2093,633,140.098
110.587194,1708,-2093,633,140.098
110.591702,1708,-2093,629,140.098
110.597409,1707,-2093,622,140.092
110.601758,1708,-2092,616,140.092
110.607503,1707,-2093,613,140.092
110.611926,1705,-2095,611,140.087
110.616352,1703,-2097,613,140.087
110.622084,1702,-2099,614,140.087
110.626526,1699,-2099,615,140.092
110.632187,1698,-2100,617,140.092
110.636587,1697,-2098,619,140.092
110.642328,1695,-2096,620,140.092
110.646751,1695,-2095,623,140.092
110.652419,1694,-2093,623,140.092
110.656878,1693,-2092,622,140.098
110.661289,1693,-2092,625,140.098
110.667069,1692,-2090,627,140.098
110.671485,1690,-2089,630,140.098
110.677085,1689,-2087,636,140.098
110.681576,1690,-2086,639,140.098
110.687194,1690,-2084,642,140.098
110.691690,1691,-2083,642,140.098
110.696244,1691,-2081,642,140.103
110.701827,1690,-2080,642,140.103
110.706355,1690,-2080,638,140.098
110.712041,1690,-2080,633,140.098
110.716398,1691,-2080,627,140.098
110.722140,1692,-2079,619,140.098
110.726277,1694,-2079,614,140.098
110.732217,1696,-2079,611,140.098
110.736707,1699,-2079,609,140.092
110.740923,1700,-2080,608,140.092
110.746716,1700,-2080,606,140.092
110.751259,1700,-2080,607,140.092
110.756912,1701,-2081,610,140.092
110.761375,1700,-2083,613,140.092
110.767049,1701,-2085,619,140.098
110.771537,1701,-2087,622,140.098
110.775928,1700,-2088,625,140.098
110.781673,1699,-2088,628,140.098
110.786097,1698,-2089,633,140.098
110.791715,1698,-2091,637,140.098
110.796188,1696,-2090,638,140.098
110.801929,1693,-2092,637,140.098
110.806304,1689,-2092,635,140.098
110.812031,1685,-2093,636,140.103
110.816442,1682,-2095,638,140.098
110.820828,1680,-2097,640,140.103
110.826436,1679,-2098,642,140.098
110.830944,1679,-2099,645,140.098
110.836707,1680,-2099,646,140.098
110.841108,1681,-2099,644,140.103
110.846800,1684,-2099,642,140.103
110.851272,1686,-2098,641,140.103
110.855630,1689,-2099,639,140.103
110.861390,1690,-2098,639,140.103
110.865794,1692,-2096,638,140.103
110.871501,1695,-2094,634,140.103
110.875951,1696,-2091,633,140.103
110.881461,1697,-2088,632,140.103
110.886147,1697,-2088,632,140.103
110.891841,1697,-2088,631,140.103
110.896188,1696,-2089,631,140.103
110.900646,1696,-2090,634,140.103
110.906382,1698,-2092,634,140.103
110.910752,1696,-2093,636,140.103
110.916462,1695,-2094,639,140.103
110.920854,1693,-2094,639,140.103
110.926534,1691,-2093,641,140.103
110.931102,1689,-2094,642,140.103
110.935458,1687,-2095,641,140.103
110.941141,1685,-2094,643,140.109
110.945575,1682,-2095,645,140.109
110.951213,1679,-2095,647,140.109
110.955691,1679,-2094,652,140.109
110.961442,1679,-2093,653,140.109
110.965890,1679,-2092,654,140.109
110.971558,1679,-2090,653,140.114
110.976014,1679,-2089,653,140.114
110.980424,1680,-2088,655,140.114
110.986136,1682,-2088,655,140.114
110.990266,1683,-2090,657,140.114
110.996285,1683,-2091,658,140.114
111.000681,1684,-2092,655,140.114
111.006106,1684,-2092,654,140.114
111.010602,1683,-2093,654,140.114
111.014917,1682,-2094,652,140.114
111.020656,1681,-2093,652,140.114
111.025065,1680,-2094,649,140.114
111.030745,1681,-2094,649,140.114
111.035172,1682,-2095,648,140.114
111.040866,1683,-2095,647,140.120
111.045356,1684,-2096,647,140.120
111.051095,1685,-2096,645,140.120
111.055484,1687,-2097,645,140.125
111.060077,1689,-2096,647,140.125
111.065864,1692,-2096,647,140.125
111.070322,1693,-2095,647,140.125
111.076032,1693,-2093,647,140.131
111.080441,1691,-2090,643,140.131
111.086167,1689,-2088,638,140.131
111.090635,1689,-2087,635,140.131
111.095021,1690,-2086,628,140.131
111.100874,1689,-2085,625,140.131
111.105107,1688,-2084,623,140.131
111.110978,1688,-2082,622,140.131
111.115276,1687,-2080,619,140.131
111.120939,1686,-2081,619,140.125
111.125434,1686,-2082,619,140.125
111.131128,1686,-2083,622,140.120
111.135549,1686,-2085,627,140.120
111.139993,1686,-2086,633,140.120
111.145677,1685,-2087,636,140.120
111.150269,1685,-2090,637,140.120
111.155850,1687,-2090,638,140.120
111.160271,1687,-2092,637,140.120
111.166131,1687,-2091,638,140.125
111.170403,1687,-2090,641,140.125
111.174778,1686,-2089,644,140.125
111.180614,1685,-2087,645,140.125
111.184844,1686,-2088,645,140.125
111.190644,1686,-2089,646,140.125
111.195243,1686,-2089,646,140.125
111.200752,1686,-2090,648,140.125
111.205145,1686,-2090,650,140.125
111.210868,1686,-2089,654,140.125
111.215342,1685,-2088,655,140.131
111.219730,1685,-2087,655,140.131
111.225447,1684,-2086,656,140.131
111.229880,1683,-2088,656,140.131
111.235531,1683,-2089,655,140.136
111.240015,1683,-2092,654,140.136
111.245692,1682,-2094,653,140.136
111.250124,1682,-2094,653,140.136
111.254614,1681,-2093,652,140.142
111.260257,1681,-2093,652,140.142
111.264670,1682,-2093,652,140.142
111.270290,1684,-2094,651,140.142
111.274973,1687,-2095,651,140.142
111.280547,1692,-2095,651,140.142
111.284956,1696,-2095,651,140.142
111.290650,1700,-2094,651,140.142
111.295145,1704,-2093,650,140.142
111.299677,1706,-2094,648,140.142
111.305245,1705,-2095,647,140.142
111.309660,1704,-2094,645,140.142
111.315326,1701,-2095,645,140.136
111.319768,1701,-2097,647,140.136
111.325591,1701,-2098,647,140.136
111.329906,1702,-2099,646,140.136
111.334277,1703,-2100,646,140.136
111.340067,1702,-2101,645,140.136
111.344341,1701,-2101,645,140.136
111.350297,1699,-2100,645,140.136
111.354651,1697,-2102,647,140.136
111.360299,1696,-2102,646,140.136
111.364724,1695,-2102,646,140.136
111.370442,1694,-2102,646,140.136
111.374947,1693,-2100,643,140.136
111.379258,1694,-2099,641,140.136
111.385008,1697,-2098,640,140.136
111.389423,1699,-2098,640,140.136
111.395121,1702,-2099,641,140.136
111.399534,1703,-2098,642,140.136
111.405320,1704,-2098,642,140.136
111.409706,1703,-2097,641,140.136
111.414092,1701,-2094,640,140.136
111.419799,1700,-2093,636,140.136
111.424245,1700,-2091,635,140.136
111.429925,1700,-2090,634,140.142
111.434393,1698,-2091,634,140.142
111.440132,1697,-2093,635,140.142
111.444472,1695,-2094,638,140.142
111.450216,1696,-2096,640,140.136
111.454725,1696,-2097,642,140.136
111.459041,1697,-2095,641,140.136
111.464754,1697,-2094,640,140.136
111.469234,1697,-2092,636,140.136
111.474904,1697,-2091,634,140.136
111.479347,1697,-2090,634,140.136
111.485029,1696,-2090,634,140.136
111.489476,1695,-2089,638,140.136
111.493843,1693,-2090,642,140.136
111.499644,1692,-2092,644,140.136
111.504210,1692,-2093,645,140.136
111.509882,1692,-2095,645,140.136
111.514131,1692,-2098,642,140.136
111.519860,1693,-2097,637,140.142
111.524275,1691,-2096,632,140.142
111.530001,1689,-2094,630,140.142
111.534425,1687,-2092,628,140.142
111.538829,1686,-2090,627,140.142
111.544562,1687,-2090,622,140.142
111.549135,1688,-2091,618,140.142
111.554793,1689,-2090,613,140.142
111.559104,1691,-2088,608,140.142
111.564957,1692,-2089,608,140.142
111.569259,1692,-2088,610,140.142
111.573678,1693,-2087,613,140.142
111.579361,1692,-2088,616,140.142
111.583781,1692,-2087,619,140.142
111.589491,1692,-2084,621,140.142
111.594094,1692,-2084,621,140.142
111.599676,1691,-2083,624,140.142
111.604019,1690,-2083,626,140.142
111.609824,1689,-2083,630,140.142
111.614224,1689,-2083,634,140.142
111.618796,1688,-2083,640,140.142
111.624391,1688,-2082,644,140.136
111.628827,1688,-2081,648,140.136
111.634466,1687,-2080,649,140.136
111.638887,1685,-2080,647,140.136
111.644367,1683,-2079,643,140.136
111.649059,1682,-2079,641,140.136
111.653403,1680,-2081,640,140.136
111.659140,1679,-2082,640,140.136
111.663577,1680,-2084,641,140.136
111.669250,1682,-2084,643,140.136
111.673704,1685,-2084,643,140.136
111.679399,1686,-2083,642,140.136
111.683789,1685,-2082,644,140.136
111.689597,1684,-2081,643,140.136
111.694000,1682,-2080,641,140.136
111.698325,1681,-2077,640,140.136
111.704069,1679,-2075,638,140.136
111.708353,1679,-2073,634,140.136
111.714394,1679,-2073,633,140.136
111.718664,1680,-2074,632,140.136
111.724392,1680,-2076,632,140.136
111.728850,1680,-2079,631,140.136
111.733173,1682,-2081,630,140.136
111.738919,1681,-2082,627,140.136
111.743278,1681,-2083,625,140.136
111.749019,1681,-2085,621,140.136
111.753463,1681,-2088,620,140.142
111.759164,1684,-2090,620,140.142
111.763625,1687,-2090,624,140.142
111.769347,1689,-2090,629,140.142
111.773777,1692,-2090,634,140.142
111.778221,1694,-2091,638,140.142
111.783900,1693,-2092,641,140.142
111.788338,1692,-2092,642,140.142
111.794000,1691,-2092,643,140.142
111.798400,1690,-2092,646,140.142
111.804205,1691,-2091,648,140.142
111.808545,1693,-2092,651,140.142
111.813023,1696,-2093,653,140.142
111.818712,1698,-2095,652,140.142
111.823195,1699,-2096,648,140.142
111.828829,1698,-2097,642,140.142
111.833448,1697,-2097,636,140.142
111.838953,1696,-2095,628,140.142
111.843549,1694,-2093,624,140.142
111.849163,1693,-2092,624,140.136
111.853550,1693,-2091,625,140.136
111.858117,1693,-2091,627,140.136
111.863653,1694,-2091,627,140.136
111.868153,1696,-2091,626,140.136
111.873781,1696,-2090,626,140.136
111.878322,1695,-2089,626,140.136
111.883958,1695,-2089,627,140.136
111.888361,1695,-2090,630,140.136
111.892778,1695,-2091,634,140.136
111.898499,1695,-2094,639,140.136
111.903054,1696,-2094,642,140.142
111.908637,1697,-2094,644,140.142
111.913088,1698,-2094,646,140.142
111.918728,1700,-2094,646,140.142
111.923175,1701,-2095,645,140.147
111.928837,1702,-2095,643,140.147
111.933322,1699,-2094,639,140.147
111.937784,1697,-2095,639,140.147
111.943374,1694,-2095,642,140.147
111.947826,1692,-2095,648,140.147
111.953505,1692,-2095,652,140.147
111.958015,1693,-2094,652,140.147
111.963697,1695,-2093,651,140.147
111.968043,1697,-2094,651,140.147
111.972579,1698,-2094,648,140.142
111.978284,1699,-2096,647,140.142
111.982649,1699,-2097,648,140.142
111.988400,1700,-2097,648,140.136
111.992525,1701,-2097,650,140.136
111.998508,1701,-2097,653,140.136
112.002900,1703,-2097,653,140.136
112.008396,1704,-2097,650,140.136
112.012772,1706,-2098,646,140.136
112.017451,1707,-2099,641,140.136
112.023188,1707,-2099,637,140.136
112.027378,1708,-2100,636,140.136
112.033326,1708,-2101,637,140.136
112.037705,1707,-2100,636,140.136
112.043145,1706,-2099,637,140.136
112.047632,1705,-2096,636,140.136
112.052008,1704,-2094,633,140.136
112.057985,1704,-2095,631,140.136
112.062414,1703,-2096,630,140.136
112.068116,1702,-2097,630,140.136
112.072665,1703,-2098,630,140.136
112.078245,1702,-2097,630,140.136
112.082712,1701,-2095,629,140.136
112.088361,1699,-2094,626,140.136
112.092768,1697,-2095,622,140.136
112.097131,1695,-2097,619,140.136
112.103016,1694,-2097,616,140.136
112.107425,1695,-2097,616,140.136
112.113029,1697,-2096,615,140.136
112.117711,1700,-2095,617,140.142
112.123399,1701,-2092,620,140.142
112.127677,1701,-2090,622,140.142
112.132071,1698,-2088,622,140.136
112.137831,1694,-2086,622,140.136
112.142208,1690,-2084,623,140.136
112.147938,1688,-2084,622,140.136
112.152525,1688,-2084,622,140.136
112.158065,1689,-2084,622,140.136
112.162532,1690,-2085,620,140.136
112.168367,1691,-2086,619,140.136
112.172566,1691,-2088,620,140.136
112.177216,1692,-2089,620,140.136
112.182914,1692,-2091,622,140.136
112.187164,1690,-2091,624,140.131
112.192897,1689,-2093,624,140.136
112.197334,1686,-2093,626,140.136
112.202981,1683,-2093,626,140.136
112.207477,1681,-2094,630,140.136
112.211841,1682,-2094,634,140.136
112.217537,1682,-2094,636,140.136
112.222039,1682,-2095,635,140.136
112.227668,1682,-2095,632,140.142
112.232133,1680,-2095,630,140.142
112.237808,1678,-2095,628,140.142
112.242316,1675,-2095,629,140.142
112.247993,1673,-2094,631,140.142
112.252404,1672,-2093,633,140.142
112.256812,1673,-2090,632,140.147
112.262542,1674,-2088,632,140.147
112.266951,1675,-2087,631,140.147
112.272615,1676,-2086,630,140.147
112.277091,1675,-2085,631,140.147
112.282832,1674,-2083,632,140.147
112.287264,1676,-2082,634,140.147
112.291443,1676,-2080,638,140.147
112.297451,1677,-2079,638,140.153
112.301900,1679,-2078,636,140.153
112.307493,1680,-2077,634,140.153
112.311945,1682,-2076,630,140.153
112.317785,1683,-2077,626,140.153
112.322042,1684,-2077,627,140.153
112.327826,1684,-2079,631,140.153
112.332174,1684,-2082,635,140.153
112.336671,1684,-2085,639,140.153
112.342195,1683,-2086,639,140.153
112.346933,1682,-2085,640,140.153
112.352495,1681,-2085,640,140.153
112.356865,1679,-2084,641,140.153
112.362595,1679,-2083,640,140.153
112.367076,1679,-2081,641,140.153
112.371387,1682,-2079,641,140.153
112.377172,1683,-2078,639,140.153
112.381518,1683,-2077,638,140.153
112.387252,1683,-2077,637,140.153
112.391725,1684,-2076,640,140.153
112.397435,1684,-2077,642,140.153
112.401791,1685,-2078,646,140.153
112.407595,1688,-2079,649,140.153
112.411980,1691,-2082,654,140.153
112.416518,1693,-2084,656,140.153
112.422165,1695,-2085,653,140.153
112.426544,1695,-2086,651,140.153
112.432250,1694,-2086,647,140.147
112.436826,1694,-2087,643,140.147
112.442380,1693,-2087,642,140.147
112.446832,1693,-2086,641,140.147
112.451239,1691,-2086,637,140.147
112.456930,1691,-2086,635,140.147
112.461429,1691,-2087,634,140.147
112.467194,1690,-2087,632,140.147
112.471496,1691,-2085,632,140.147
112.477231,1693,-2083,632,140.153
112.481634,1693,-2083,632,140.153
112.487356,1692,-2082,631,140.153
112.491826,1692,-2082,629,140.153
112.496101,1690,-2083,627,140.147
112.501853,1692,-2083,626,140.147
112.506341,1692,-2083,627,140.147
112.512002,1693,-2084,631,140.147
112.516572,1693,-2085,633,140.147
112.522174,1693,-2087,633,140.147
112.526734,1693,-2087,633,140.147
112.531084,1693,-2084,632,140.147
112.536797,1694,-2080,632,140.147
112.541163,1694,-2077,634,140.147
112.546802,1694,-2073,637,140.147
112.551277,1694,-2072,640,140.142
112.557122,1695,-2072,641,140.142
112.561403,1696,-2072,642,140.142
112.567198,1697,-2073,644,140.142
112.571578,1696,-2073,645,140.142
112.576027,1696,-2073,645,140.142
112.581717,1695,-2072,645,140.136
112.586118,1693,-2073,645,140.136
112.591799,1692,-2075,649,140.136
112.596199,1690,-2075,649,140.136
112.601962,1688,-2074,650,140.136
112.606369,1686,-2074,647,140.136
112.610754,1684,-2074,642,140.136
112.616495,1683,-2073,639,140.136
112.620922,1684,-2074,635,140.136
112.626649,1685,-2075,633,140.136
112.631052,1686,-2075,633,140.136
112.636799,1686,-2078,637,140.131
112.641222,1686,-2081,640,140.131
112.647011,1685,-2083,643,140.131
112.651307,1684,-2085,645,140.131
112.655747,1684,-2084,641,140.131
112.661485,1687,-2084,636,140.131
112.665904,1690,-2085,631,140.131
112.671652,1691,-2085,624,140.131
112.676020,1691,-2086,620,140.131
112.681801,1690,-2085,619,140.131
112.686170,1688,-2084,622,140.131
112.690579,1687,-2081,624,140.131
112.696370,1689,-2080,628,140.131
112.700720,1691,-2081,631,140.131
112.706334,1693,-2080,633,140.131
112.710856,1697,-2081,636,140.131
112.716591,1699,-2081,639,140.131
112.721012,1700,-2081,640,140.131
112.726749,1702,-2082,641,140.131
112.731128,1702,-2082,644,140.131
112.735604,1701,-2083,645,140.125
112.741312,1702,-2084,645,140.125
112.745703,1701,-2086,643,140.125
112.751338,1701,-2089,641,140.125
112.755736,1700,-2089,638,140.125
112.761670,1700,-2090,636,140.125
112.765928,1700,-2091,635,140.125
112.770343,1699,-2091,637,140.125
112.776057,1698,-2090,635,140.125
112.780478,1696,-2090,634,140.125
112.786222,1695,-2089,632,140.125
112.790672,1694,-2088,630,140.125
112.796482,1695,-2089,629,140.125
112.800828,1696,-2090,630,140.125
112.806471,1693,-2090,633,140.125
112.810920,1689,-2090,638,140.120
112.815286,1685,-2091,643,140.120
112.821026,1683,-2090,646,140.120
112.825489,1685,-2090,643,140.120
112.831172,1688,-2090,638,140.120
112.835597,1690,-2090,634,140.120
112.841337,1691,-2092,632,140.120
112.845786,1691,-2092,632,140.120
112.850121,1691,-2091,634,140.120
112.855952,1693,-2089,636,140.120
112.860322,1695,-2086,638,140.120
112.865964,1696,-2084,642,140.120
112.870633,1697,-2083,648,140.120
112.876222,1696,-2081,655,140.120
112.880563,1696,-2079,661,140.120
112.886317,1695,-2079,666,140.120
112.890694,1695,-2080,669,140.120
112.895156,1694,-2082,669,140.120
112.900806,1693,-2083,668,140.120
112.905267,1692,-2083,665,140.120
112.911042,1690,-2084,662,140.120
112.915359,1688,-2084,661,140.120
112.921082,1688,-2085,660,140.120
112.925356,1690,-2087,658,140.120
112.929979,1692,-2088,656,140.120
112.935666,1691,-2088,654,140.120
112.940119,1691,-2088,652,140.120
112.945744,1690,-2088,651,140.114
112.950200,1690,-2087,652,140.114
112.955929,1690,-2087,650,140.114
112.960353,1691,-2088,649,140.114
112.966175,1691,-2086,648,140.114
112.970488,1691,-2087,647,140.114
112.974888,1690,-2088,645,140.114
112.980647,1689,-2088,644,140.114
112.985082,1688,-2089,642,140.114
112.990581,1689,-2089,638,140.114
112.995141,1692,-2090,640,140.114
113.000916,1696,-2090,642,140.114
113.005025,1699,-2089,646,140.114
113.009503,1700,-2088,652,140.120
113.015490,1701,-2087,654,140.120
113.019824,1702,-2087,656,140.120
113.025329,1701,-2090,657,140.114
113.029819,1701,-2091,656,140.114
113.035669,1699,-2091,654,140.114
113.040046,1697,-2089,650,140.114
113.045810,1694,-2086,646,140.114
113.050314,1693,-2084,643,140.114
113.054683,1692,-2084,641,140.114
113.060443,1692,-2083,640,140.109
113.064836,1689,-2083,640,140.109
113.070522,1689,-2084,640,140.109
113.075176,1689,-2085,640,140.109
113.080664,1690,-2087,640,140.109
113.085059,1693,-2088,641,140.109
113.089519,1694,-2090,644,140.109
113.095243,1694,-2092,645,140.109
113.099699,1694,-2092,645,140.109
113.105379,1693,-2090,645,140.109
113.109766,1694,-2090,644,140.109
113.115523,1694,-2088,644,140.109
113.119670,1692,-2087,646,140.109
113.125363,1690,-2088,647,140.109
113.130053,1686,-2087,647,140.109
113.134438,1683,-2085,648,140.109
113.140177,1681,-2085,649,140.109
113.144285,1681,-2083,650,140.109
113.150058,1681,-2081,651,140.109
113.154414,1680,-2081,649,140.109
113.160439,1681,-2081,645,140.109
113.164812,1681,-2081,641,140.109
113.169226,1683,-2083,638,140.109
113.174780,1682,-2084,636,140.109
113.179471,1684,-2084,633,140.109
113.185277,1686,-2084,631,140.114
113.189662,1685,-2084,630,140.114
113.195445,1687,-2084,631,140.114
113.199460,1687,-2083,633,140.114
113.205383,1686,-2083,632,140.120
113.209915,1685,-2080,629,140.120
113.214247,1685,-2079,626,140.120
113.219985,1684,-2079,623,140.120
113.224189,1684,-2078,622,140.120
113.229764,1684,-2076,626,140.120
113.234590,1685,-2076,630,140.120
113.240289,1687,-2075,632,140.120
113.244656,1689,-2074,631,140.120
113.249100,1689,-2075,635,140.114
113.254532,1690,-2076,635,140.114
113.259269,1690,-2076,635,140.114
113.264979,1690,-2077,640,140.114
113.269377,1691,-2078,641,140.114
113.275072,1689,-2080,642,140.109
113.279478,1688,-2081,643,140.109
113.285215,1687,-2081,642,140.109
113.289628,1687,-2081,641,140.109
113.294212,1688,-2082,638,140.109
113.299835,1690,-2081,635,140.109
113.303893,1692,-2083,633,140.109
113.309853,1694,-2085,632,140.109
113.314339,1697,-2086,633,140.109
113.320053,1699,-2087,635,140.109
113.324457,1702,-2088,636,140.109
113.328600,1703,-2089,641,140.109
113.334239,1704,-2089,644,140.109
113.338730,1704,-2089,647,140.109
113.344441,1703,-2088,648,140.109
113.348903,1702,-2086,645,140.109
113.354811,1703,-2085,642,140.109
113.359289,1701,-2083,638,140.109
113.364982,1700,-2085,638,140.103
113.369444,1698,-2088,639,140.103
113.373789,1695,-2090,639,140.103
113.379517,1694,-2093,641,140.103
113.383989,1693,-2093,642,140.103
113.389719,1692,-2092,642,140.103
113.394051,1691,-2091,644,140.103
113.399825,1690,-2090,646,140.103
113.404265,1688,-2088,645,140.103
113.408680,1687,-2085,643,140.103
113.414118,1686,-2085,639,140.103
113.418737,1686,-2084,634,140.103
113.424546,1687,-2083,631,140.103
113.428896,1690,-2083,630,140.103
113.434622,1691,-2083,626,140.103
113.438763,1692,-2083,624,140.103
113.444801,1695,-2082,619,140.103
113.449205,1696,-2082,615,140.103
113.453670,1696,-2081,615,140.103
113.459365,1695,-2078,613,140.103
113.463516,1693,-2076,614,140.103
113.469450,1691,-2073,617,140.103
113.473900,1688,-2074,620,140.103
113.479641,1686,-2075,620,140.103
113.484047,1686,-2076,621,140.103
113.488493,1689,-2076,619,140.098
113.494171,1692,-2077,618,140.098
113.498568,1696,-2080,619,140.098
113.504251,1699,-2084,623,140.098
113.508693,1701,-2086,626,140.098
113.514439,1701,-2086,627,140.098
113.518618,1701,-2086,626,140.098
113.524507,1699,-2085,624,140.098
113.528997,1697,-2085,623,140.098
113.533285,1697,-2086,623,140.098
113.539080,1695,-2087,623,140.092
113.543231,1695,-2088,622,140.092
113.548900,1695,-2089,621,140.092
113.553342,1696,-2090,620,140.092
113.559113,1696,-2090,620,140.092
113.563826,1696,-2090,617,140.092
113.568263,1696,-2090,615,140.092
113.573773,1696,-2090,614,140.092
113.578363,1697,-2092,612,140.092
113.583738,1698,-2094,613,140.092
113.588527,1698,-2095,615,140.092
113.594089,1698,-2095,618,140.092
113.598595,1698,-2094,621,140.092
113.604349,1697,-2092,622,140.092
113.608733,1696,-2093,626,140.092
113.613164,1695,-2094,628,140.092
113.618895,1695,-2094,630,140.092
113.623209,1694,-2094,632,140.098
113.628799,1693,-2092,632,140.098
113.633342,1692,-2090,629,140.098
113.639155,1691,-2090,626,140.098
113.643551,1690,-2091,624,140.098
113.648005,1690,-2092,622,140.098
113.653589,1690,-2093,621,140.103
113.657843,1690,-2093,625,140.103
113.663976,1690,-2092,628,140.103
113.668298,1690,-2092,632,140.103
113.673973,1689,-2093,639,140.103
113.678120,1690,-2095,643,140.103
113.684121,1691,-2097,648,140.103
113.688575,1692,-2097,651,140.103
113.692826,1693,-2100,652,140.103
113.698680,1693,-2100,654,140.103
113.702884,1689,-2100,655,140.103
113.708809,1685,-2102,654,140.103
113.713272,1683,-2101,654,140.103
113.718963,1682,-2099,650,140.103
113.723372,1681,-2098,647,140.103
113.727793,1682,-2097,643,140.103
113.733479,1685,-2097,638,140.103
113.737904,1688,-2098,634,140.103
113.743596,1690,-2102,631,140.103
113.748052,1692,-2106,631,140.103
113.753440,1692,-2109,632,140.103
113.758171,1691,-2110,632,140.103
113.763925,1691,-2110,631,140.109
113.768322,1689,-2109,630,140.109
113.772754,1687,-2108,630,140.109
113.778270,1686,-2107,631,140.109
113.782661,1686,-2106,631,140.114
113.788249,1686,-2106,633,140.114
113.792700,1685,-2104,633,140.114
113.798440,1685,-2103,633,140.120
113.802866,1685,-2102,636,140.120
113.807251,1687,-2102,635,140.120
113.813019,1691,-2101,632,140.120
113.817433,1693,-2099,630,140.120
113.823150,1694,-2098,627,140.120
113.827900,1695,-2095,628,140.120
113.833556,1696,-2093,630,140.120
113.837954,1698,-2093,633,140.120
113.843659,1700,-2093,635,140.120
113.848115,1700,-2094,638,140.120
113.852516,1699,-2096,639,140.120
113.858237,1697,-2098,640,140.120
113.862676,1694,-2100,643,140.120
113.868334,1693,-2101,645,140.120
113.872761,1690,-2101,647,140.120
113.878442,1687,-2099,648,140.120
113.882888,1685,-2099,649,140.120
113.887344,1682,-2099,647,140.120
113.893114,1680,-2097,643,140.125
113.897476,1679,-2094,641,140.125
113.903135,1680,-2090,639,140.125
113.907619,1682,-2088,637,140.125
113.913307,1684,-2085,640,140.125
113.917743,1686,-2084,644,140.125
113.923470,1687,-2085,647,140.125
113.927917,1688,-2086,651,140.125
113.932076,1690,-2086,650,140.125
113.937994,1690,-2085,648,140.125
113.942471,1691,-2085,646,140.125
113.948057,1690,-2085,644,140.125
113.952567,1690,-2084,645,140.125
113.958280,1690,-2083,643,140.125
113.962711,1690,-2084,644,140.125
113.967096,1691,-2082,643,140.125
113.972861,1691,-2083,641,140.120
113.977285,1691,-2084,644,140.120
113.982958,1691,-2085,646,140.120
113.987542,1692,-2085,645,140.120
113.992841,1691,-2086,646,140.120
113.997554,1689,-2086,646,140.120
114.003242,1688,-2086,644,140.120
114.007383,1688,-2086,645,140.120
114.011782,1687,-2086,647,140.120
114.017792,1688,-2088,649,140.120
114.022176,1688,-2088,652,140.120
114.027629,1688,-2088,655,140.120
114.032106,1689,-2088,656,140.120
114.038025,1691,-2089,655,140.120
114.042467,1693,-2088,654,140.120
114.046549,1696,-2087,652,140.120
114.052776,1698,-2087,651,140.120
114.057044,1700,-2084,649,140.120
114.062682,1703,-2083,649,140.120
114.067166,1703,-2085,649,140.114
114.073018,1702,-2086,649,140.114
114.077307,1702,-2089,650,140.114
114.083054,1700,-2092,650,140.114
114.087475,1701,-2091,650,140.114
114.091827,1702,-2091,650,140.114
114.097577,1704,-2091,651,140.114
114.102008,1704,-2090,653,140.114
114.107653,1704,-2090,656,140.114
114.112078,1701,-2089,656,140.114
114.117815,1698,-2087,656,140.109
114.122178,1695,-2084,655,140.109
114.126665,1694,-2082,655,140.109
114.132423,1694,-2079,653,140.109
114.136691,1696,-2079,651,140.103
114.142548,1698,-2080,648,140.103
114.146929,1699,-2081,642,140.103
114.152629,1699,-2084,638,140.103
114.157235,1698,-2084,633,140.103
114.162827,1697,-2085,629,140.103
114.167294,1696,-2085,627,140.103
114.171697,1695,-2084,624,140.103
114.177390,1695,-2084,626,140.103
114.181810,1694,-2084,628,140.103
114.187635,1694,-2084,629,140.103
114.191962,1694,-2086,630,140.103
114.197785,1694,-2087,629,140.103
114.202093,1693,-2089,630,140.103
114.206516,1693,-2092,633,140.109
114.212129,1692,-2094,638,140.109
114.216617,1691,-2094,645,140.109
114.222422,1689,-2094,650,140.109
114.226732,1689,-2092,650,140.109
114.232537,1689,-2089,648,140.109
114.236866,1690,-2088,642,140.109
114.242709,1691,-2086,636,140.109
114.247016,1692,-2083,631,140.109
114.251470,1694,-2083,629,140.109
114.257199,1693,-2083,628,140.109
114.261610,1692,-2084,624,140.109
114.267244,1691,-2087,617,140.114
114.271830,1691,-2088,614,140.114
114.277453,1691,-2089,610,140.114
114.281819,1693,-2091,607,140.114
114.286245,1692,-2091,607,140.114
114.292022,1692,-2090,608,140.114
114.296377,1691,-2090,612,140.120
114.302050,1691,-2090,615,140.120
114.306510,1692,-2090,619,140.120
114.312240,1692,-2091,621,140.120
114.316630,1692,-2091,619,140.120
114.322397,1692,-2090,618,140.120
114.326750,1691,-2090,615,140.120
114.331105,1692,-2088,613,140.120
114.336870,1691,-2087,611,140.120
114.341294,1691,-2086,608,140.120
114.347049,1693,-2084,606,140.120
114.351479,1694,-2083,604,140.120
114.357164,1696,-2081,603,140.120
114.361640,1697,-2081,604,140.120
114.366071,1698,-2083,608,140.120
114.371773,1697,-2087,614,140.120
114.376114,1698,-2091,623,140.120
114.381826,1699,-2093,626,140.120
114.386220,1700,-2096,627,140.120
114.392002,1701,-2097,626,140.120
114.396369,1702,-2097,625,140.120
114.402128,1702,-2097,626,140.120
114.406560,1701,-2097,629,140.120
114.410918,1700,-2097,631,140.120
114.416726,1699,-2097,632,140.120
114.421117,1699,-2097,635,140.120
114.426780,1698,-2095,639,140.120
114.431191,1699,-2092,641,140.120
114.436962,1700,-2090,645,140.120
114.441389,1700,-2089,649,140.120
114.445821,1700,-2089,651,140.120
114.451515,1700,-2089,655,140.120
114.456083,1699,-2087,657,140.120
114.461617,1698,-2086,660,140.125
114.466065,1698,-2085,662,140.125
114.471797,1699,-2085,661,140.125
114.476085,1699,-2085,659,140.125
114.482095,1700,-2086,654,140.125
114.486400,1699,-2086,650,140.120
114.490799,1699,-2085,644,140.120
114.496504,1699,-2085,639,140.120
114.500910,1699,-2082,638,140.120
114.506710,1700,-2081,638,140.120
114.511062,1700,-2080,638,140.114
114.516667,1700,-2081,640,140.114
114.521115,1701,-2083,643,140.114
114.525745,1699,-2084,643,140.114
114.531314,1698,-2084,643,140.114
114.535683,1698,-2083,642,140.109
114.541435,1697,-2082,639,140.109
114.545777,1697,-2080,636,140.109
114.551590,1697,-2080,636,140.109
114.555942,1697,-2081,636,140.109
114.561694,1697,-2082,638,140.109
114.566241,1696,-2084,642,140.109
114.570549,1695,-2086,649,140.109
114.576187,1694,-2086,653,140.109
114.580679,1693,-2086,660,140.109
114.586454,1690,-2086,666,140.109
114.590831,1687,-2085,667,140.109
114.596559,1685,-2085,668,140.109
114.600970,1685,-2087,666,140.109
114.605373,1684,-2088,664,140.109
114.611045,1686,-2089,663,140.109
114.615558,1687,-2091,660,140.109
114.621228,1689,-2092,658,140.109
114.625672,1691,-2091,655,140.109
114.631298,1692,-2091,654,140.109
114.635711,1693,-2090,653,140.109
114.641471,1694,-2089,655,140.109
114.645905,1697,-2087,656,140.109
114.650301,1699,-2086,657,140.109
114.656026,1702,-2084,658,140.109
114.660494,1704,-2084,655,140.109
114.666147,1704,-2085,652,140.109
114.670400,1703,-2088,649,140.109
114.676299,1702,-2090,648,140.109
114.680745,1702,-2091,652,140.109
114.685101,1703,-2092,656,140.109
114.690826,1703,-2092,661,140.109
114.695262,1703,-2091,664,140.109
114.700996,1702,-2088,669,140.109
114.705429,1700,-2084,669,140.109
114.711171,1700,-2081,666,140.103
114.715509,1700,-2078,663,140.103
114.721250,1701,-2077,660,140.103
114.725645,1700,-2076,656,140.098
114.730076,1698,-2075,656,140.098
114.735783,1695,-2075,657,140.098
114.740225,1694,-2075,657,140.098
114.745734,1692,-2076,657,140.098
114.750357,1691,-2076,654,140.098
114.756106,1690,-2077,651,140.098
114.760570,1689,-2078,651,140.098
114.764912,1689,-2080,649,140.098
114.770642,1690,-2081,648,140.098
114.775207,1692,-2083,647,140.098
114.780732,1694,-2083,643,140.098
114.785157,1695,-2083,641,140.098
114.790851,1697,-2081,642,140.098
114.795300,1697,-2080,640,140.098
114.801042,1698,-2080,641,140.098
114.805469,1698,-2081,645,140.098
114.809896,1697,-2083,649,140.092
114.815571,1697,-2085,654,140.092
114.820045,1697,-2088,660,140.092
114.825711,1697,-2091,662,140.092
114.830111,1699,-2094,664,140.092
114.835831,1699,-2095,667,140.092
114.840251,1700,-2094,664,140.087
114.844654,1700,-2091,662,140.087
114.850430,1699,-2088,659,140.087
114.854799,1698,-2086,653,140.092
114.860524,1697,-2084,650,140.092
114.864982,1696,-2084,647,140.092
114.870697,1695,-2085,647,140.092
114.875151,1695,-2084,648,140.092
114.880948,1694,-2083,646,140.098
114.885269,1693,-2084,642,140.098
114.889637,1692,-2082,641,140.098
114.895508,1690,-2082,638,140.098
114.899784,1688,-2083,637,140.098
114.905481,1687,-2083,637,140.098
114.909884,1687,-2084,636,140.098
114.915556,1687,-2086,635,140.098
114.919981,1687,-2086,633,140.098
114.924501,1687,-2086,632,140.098
114.930158,1685,-2086,632,140.098
114.934558,1684,-2087,632,140.098
114.940240,1683,-2089,635,140.098
114.944933,1683,-2090,636,140.098
114.950476,1684,-2092,639,140.098
114.954847,1685,-2092,640,140.098
114.960543,1686,-2091,640,140.098
114.964994,1689,-2091,638,140.098
114.969416,1689,-2092,635,140.098
114.975081,1686,-2093,635,140.098
114.979520,1683,-2093,634,140.098
114.985240,1680,-2093,638,140.103
114.989721,1678,-2093,644,140.103
114.995374,1677,-2093,649,140.103
114.999850,1676,-2092,650,140.103
115.004221,1676,-2092,650,140.103
115.009776,1677,-2091,650,140.103
115.014362,1679,-2089,651,140.103
115.020030,1680,-2088,653,140.103
115.024497,1682,-2086,659,140.103
115.030192,1683,-2085,664,140.103
115.034782,1683,-2084,665,140.103
115.040310,1683,-2082,664,140.103
115.044565,1683,-2081,661,140.103
115.049024,1685,-2079,659,140.103
115.055047,1687,-2077,656,140.103
115.059381,1690,-2077,656,140.103
115.065039,1692,-2080,656,140.103
115.069498,1693,-2083,655,140.109
115.075249,1694,-2086,656,140.109
115.079600,1695,-2088,657,140.109
115.084219,1695,-2087,656,140.109
115.089816,1696,-2087,655,140.109
115.094131,1698,-2085,656,140.109
115.099922,1698,-2084,653,140.109
115.104311,1698,-2084,649,140.109
115.110185,1698,-2082,648,140.109
115.114469,1698,-2082,646,140.109
115.120128,1698,-2080,646,140.109
115.124526,1698,-2077,649,140.109
115.128980,1697,-2076,651,140.109
115.134667,1696,-2076,652,140.109
115.139147,1694,-2078,652,140.109
115.144796,1694,-2081,653,140.109
115.149311,1695,-2083,652,140.109
115.154975,1695,-2084,651,140.109
115.159562,1695,-2084,651,140.109
115.163859,1695,-2084,653,140.109
115.169502,1694,-2084,656,140.103
115.173952,1694,-2083,660,140.103
115.179693,1694,-2084,663,140.103
115.184163,1695,-2086,663,140.103
115.189795,1697,-2089,663,140.103
115.194210,1698,-2093,661,140.103
115.199974,1699,-2094,658,140.103
115.204322,1697,-2095,657,140.103
115.208823,1693,-2093,658,140.109
115.214432,1692,-2092,658,140.109
115.218933,1690,-2089,660,140.109
115.224576,1689,-2085,660,140.109
115.229011,1688,-2083,657,140.109
115.234820,1687,-2082,653,140.109
115.239157,1688,-2082,649,140.109
115.243770,1688,-2082,645,140.109
115.249329,1688,-2083,640,140.109
115.253559,1689,-2083,637,140.109
115.259386,1690,-2082,635,140.109
115.263920,1691,-2081,635,140.109
115.269567,1695,-2081,634,140.109
115.274010,1697,-2081,634,140.109
115.279721,1698,-2083,634,140.109
115.284148,1699,-2087,632,140.109
115.288602,1700,-2088,631,140.109
115.294251,1700,-2091,632,140.109
115.298777,1700,-2092,633,140.109
115.304466,1700,-2091,635,140.103
115.308993,1700,-2091,638,140.103
115.314553,1701,-2090,640,140.103
115.319179,1703,-2087,641,140.103
115.323603,1703,-2086,641,140.103
115.329150,1703,-2084,638,140.098
115.333520,1702,-2082,636,140.098
115.339160,1701,-2081,634,140.098
115.343847,1701,-2081,633,140.098
115.349406,1702,-2082,631,140.098
115.353806,1703,-2083,628,140.098
115.359498,1706,-2083,625,140.098
115.363954,1707,-2082,625,140.098
115.368236,1707,-2082,626,140.092
115.374221,1705,-2081,627,140.092
115.378503,1702,-2082,627,140.092
115.384213,1700,-2082,627,140.092
115.388599,1698,-2081,628,140.092
115.394447,1695,-2081,631,140.098
115.398620,1692,-2082,637,140.098
115.403213,1690,-2085,642,140.098
115.408907,1689,-2088,647,140.098
115.413362,1689,-2091,648,140.098
115.419006,1691,-2091,650,140.098
115.423426,1692,-2090,652,140.098
115.429132,1694,-2089,655,140.098
115.433571,1693,-2087,656,140.098
115.439298,1691,-2086,657,140.098
115.443769,1689,-2085,657,140.098
115.448099,1687,-2085,655,140.098
115.453859,1686,-2084,656,140.098
115.458261,1685,-2084,659,140.098
115.463974,1685,-2085,662,140.098
115.468373,1685,-2086,666,140.098
115.474099,1687,-2086,669,140.098
115.478561,1689,-2089,667,140.098
115.482954,1690,-2089,665,140.098
115.488695,1689,-2089,662,140.098
115.493272,1685,-2090,660,140.098
115.498801,1682,-2089,660,140.098
115.503201,1681,-2090,659,140.103
115.509118,1681,-2089,660,140.103
115.513374,1682,-2088,660,140.098
115.519127,1685,-2086,660,140.098
115.523461,1688,-2084,659,140.098
115.527868,1690,-2084,657,140.098
115.533596,1693,-2084,658,140.098
115.538218,1695,-2085,658,140.098
115.543748,1695,-2086,656,140.098
115.548172,1696,-2087,655,140.092
115.553909,1694,-2086,655,140.092
115.558325,1692,-2087,656,140.092
115.562792,1693,-2087,657,140.092
115.568616,1693,-2086,659,140.092
115.572926,1694,-2087,661,140.092
115.578559,1695,-2086,663,140.092
115.583041,1694,-2087,662,140.092
115.588694,1693,-2088,660,140.092
115.593164,1693,-2088,657,140.092
115.598824,1692,-2089,655,140.092
115.603297,1692,-2089,656,140.092
115.607641,1691,-2090,656,140.092
115.613507,1691,-2091,656,140.092
115.617843,1690,-2094,656,140.092
115.623554,1690,-2096,654,140.092
115.628131,1692,-2097,656,140.092
115.633617,1695,-2098,659,140.092
115.638149,1698,-2098,659,140.092
115.642554,1699,-2097,657,140.092
115.648208,1700,-2095,654,140.092
115.652650,1699,-2095,652,140.092
115.658349,1698,-2095,649,140.092
115.662485,1697,-2094,650,140.092
115.668496,1696,-2093,653,140.092
115.672752,1695,-2090,653,140.092
115.678628,1694,-2088,653,140.092
115.683122,1692,-2086,655,140.092
115.687445,1689,-2086,658,140.092
115.693222,1686,-2086,658,140.092
115.697624,1684,-2085,659,140.092
115.703325,1683,-2085,658,140.092
115.707665,1682,-2086,655,140.092
115.713592,1683,-2086,652,140.092
115.717877,1684,-2087,650,140.092
115.722441,1682,-2087,645,140.092
115.728148,1681,-2087,645,140.098
115.732381,1679,-2086,645,140.098
115.738115,1677,-2085,647,140.098
115.742575,1676,-2084,648,140.098
115.748343,1676,-2081,646,140.098
115.752716,1678,-2080,645,140.098
115.758398,1679,-2080,640,140.098
115.762523,1680,-2079,635,140.098
115.767265,1681,-2080,634,140.103
115.773007,1680,-2081,633,140.103
115.777389,1681,-2083,633,140.103
115.782992,1681,-2084,635,140.103
115.787524,1680,-2082,633,140.103
115.793290,1681,-2081,632,140.103
115.797678,1682,-2081,629,140.103
115.802076,1682,-2081,625,140.103
115.807831,1683,-2082,624,140.103
115.812202,1685,-2084,626,140.103
115.817938,1687,-2083,628,140.098
115.822529,1692,-2083,633,140.098
115.828021,1697,-2083,638,140.098
115.832492,1698,-2082,639,140.098
115.838235,1700,-2081,641,140.098
115.842743,1701,-2081,643,140.098
115.847049,1702,-2080,645,140.098
115.852756,1704,-2080,647,140.092
115.857192,1705,-2081,652,140.092
115.862920,1705,-2081,654,140.092
115.867344,1704,-2082,654,140.092
115.873019,1703,-2083,654,140.092
115.877439,1703,-2084,653,140.092
115.882022,1702,-2085,652,140.092
115.887641,1701,-2085,652,140.092
115.892102,1701,-2085,653,140.092
115.897733,1699,-2086,654,140.098
115.902124,1699,-2087,655,140.092
115.907581,1698,-2089,657,140.092
115.912204,1697,-2089,658,140.092
115.917971,1696,-2088,658,140.092
115.922455,1695,-2085,657,140.092
115.926841,1695,-2083,653,140.092
115.932644,1695,-2081,648,140.092
115.936979,1695,-2080,645,140.092
115.942626,1693,-2080,639,140.092
115.947053,1693,-2081,636,140.092
115.952802,1693,-2081,635,140.092
115.957220,1691,-2082,632,140.092
115.961615,1692,-2084,629,140.092
115.967336,1691,-2085,627,140.092
115.971718,1691,-2087,626,140.092
115.977453,1691,-2090,627,140.092
115.982087,1690,-2091,631,140.092
115.987642,1689,-2092,635,140.092
115.991771,1689,-2093,640,140.092
115.997818,1690,-2093,644,140.092
116.002201,1691,-2094,647,140.092
116.006313,1692,-2095,649,140.092
116.012037,1693,-2097,649,140.092
116.016443,1692,-2098,650,140.092
116.022149,1691,-2098,648,140.098
116.026609,1691,-2099,646,140.098
116.032252,1690,-2099,645,140.098
116.036709,1690,-2099,643,140.098
116.041114,1689,-2100,645,140.098
116.046872,1690,-2100,646,140.098
116.051420,1691,-2099,649,140.098
116.057251,1692,-2099,652,140.098
116.061656,1692,-2099,654,140.098
116.067397,1691,-2100,653,140.098
116.071838,1690,-2101,651,140.098
116.077496,1689,-2101,649,140.098
116.081949,1690,-2100,648,140.098
116.086394,1690,-2099,648,140.098
116.092092,1689,-2099,649,140.098
116.096483,1689,-2099,650,140.103
116.102221,1688,-2100,651,140.103
116.106609,1688,-2098,652,140.103
116.112335,1688,-2097,650,140.103
116.116759,1688,-2097,645,140.103
116.121224,1689,-2098,642,140.109
116.126754,1689,-2099,639,140.109
116.131327,1691,-2099,639,140.109
116.137035,1693,-2098,645,140.109
116.141532,1695,-2097,649,140.103
116.147345,1696,-2096,654,140.103
116.151625,1697,-2095,655,140.103
116.157308,1696,-2094,652,140.103
116.161715,1694,-2094,647,140.103
116.166180,1694,-2094,644,140.103
116.171819,1695,-2095,642,140.103
116.176366,1696,-2099,644,140.103
116.181970,1698,-2100,647,140.103
116.186397,1699,-2102,649,140.103
116.192150,1699,-2102,651,140.103
116.196554,1699,-2101,652,140.109
116.200979,1700,-2098,652,140.109
116.206751,1702,-2097,653,140.109
116.211267,1704,-2097,653,140.109
116.216789,1706,-2097,655,140.109
116.221293,1706,-2097,657,140.109
116.226972,1705,-2097,656,140.109
116.231267,1703,-2097,653,140.109
116.237125,1702,-2096,649,140.109
116.241542,1701,-2096,644,140.109
116.245978,1701,-2096,639,140.109
116.251642,1699,-2095,637,140.103
116.256065,1698,-2095,638,140.103
116.261781,1697,-2093,636,140.103
116.266214,1695,-2091,638,140.103
116.271975,1695,-2090,640,140.103
116.276314,1694,-2089,640,140.103
116.280712,1695,-2088,641,140.103
116.286462,1696,-2088,643,140.103
116.290887,1698,-2087,641,140.103
116.296602,1698,-2088,639,140.103
116.301046,1695,-2090,637,140.103
116.306762,1692,-2091,637,140.103
116.311172,1690,-2092,638,140.103
116.316876,1690,-2091,641,140.103
116.321377,1691,-2090,645,140.103
116.325712,1693,-2089,649,140.109
116.331425,1693,-2087,650,140.109
116.335829,1692,-2085,650,140.109
116.341583,1690,-2084,648,140.109
116.346010,1688,-2083,647,140.103
116.351826,1688,-2082,646,140.103
116.356138,1688,-2082,643,140.103
116.360679,1688,-2082,641,140.103
116.366277,1689,-2081,642,140.103
116.370666,1690,-2082,642,140.103
116.376346,1692,-2085,642,140.103
116.380951,1694,-2087,642,140.103
116.386553,1695,-2088,639,140.103
116.390886,1696,-2089,638,140.103
116.396703,1696,-2089,638,140.103
116.401072,1696,-2089,640,140.103
116.405544,1696,-2088,642,140.103
116.411231,1697,-2087,643,140.103
116.415659,1698,-2086,642,140.103
116.421321,1698,-2086,641,140.103
116.425822,1697,-2086,641,140.103
116.431521,1698,-2086,643,140.098
116.435905,1697,-2086,647,140.098
116.440299,1696,-2083,651,140.098
116.446013,1697,-2081,650,140.098
116.450442,1695,-2078,649,140.098
116.456152,1694,-2076,650,140.098
116.460605,1692,-2073,650,140.098
116.466297,1692,-2074,650,140.098
116.470763,1693,-2074,649,140.098
116.476523,1693,-2075,647,140.098
116.480868,1693,-2076,651,140.092
116.485450,1693,-2076,652,140.092
116.490982,1692,-2077,654,140.092
116.495570,1691,-2079,656,140.092
116.501124,1689,-2080,655,140.092
116.505548,1687,-2082,652,140.092
116.511235,1686,-2084,648,140.092
116.515748,1684,-2084,642,140.092
116.520078,1685,-2083,638,140.092
116.526026,1686,-2081,635,140.092
116.530229,1687,-2079,633,140.092
116.536013,1688,-2076,631,140.092
116.540519,1688,-2073,632,140.092
116.546101,1687,-2073,631,140.092
116.550490,1688,-2073,630,140.092
116.556292,1690,-2076,633,140.092
116.560731,1693,-2079,638,140.092
116.565072,1694,-2081,643,140.092
116.570835,1696,-2081,648,140.092
116.575201,1697,-2080,649,140.087
116.580941,1697,-2080,648,140.087
116.585509,1698,-2079,645,140.087
116.591095,1697,-2078,642,140.087
116.595358,1697,-2076,638,140.087
116.599892,1696,-2074,633,140.087
116.605616,1696,-2072,628,140.087
116.610047,1693,-2073,625,140.087
116.615730,1694,-2076,622,140.087
116.620169,1694,-2078,622,140.081
116.625836,1695,-2080,621,140.081
116.630328,1696,-2082,621,140.081
116.636007,1696,-2083,622,140.081
116.640401,1694,-2084,623,140.081
116.644877,1691,-2085,626,140.081
116.650569,1688,-2086,627,140.081
116.655037,1687,-2086,628,140.081
116.660687,1686,-2086,627,140.081
116.665105,1683,-2086,627,140.081
116.670872,1680,-2084,628,140.087
116.675298,1677,-2083,630,140.087
116.679681,1673,-2083,633,140.087
116.685424,1671,-2084,637,140.087
116.689880,1671,-2082,639,140.087
116.695493,1670,-2082,642,140.087
116.700033,1670,-2081,643,140.087
116.705624,1670,-2080,644,140.087
116.710253,1670,-2081,645,140.092
116.715706,1671,-2081,647,140.092
116.720237,1672,-2080,649,140.092
116.724822,1674,-2078,650,140.092
116.730421,1677,-2077,652,140.092
116.734781,1679,-2078,650,140.092
116.740497,1681,-2080,645,140.092
116.745093,1682,-2082,643,140.092
116.750648,1685,-2085,643,140.092
116.755239,1687,-2085,640,140.092
116.759466,1687,-2085,640,140.092
116.765382,1687,-2084,641,140.092
116.769691,1688,-2083,643,140.092
116.775318,1688,-2084,647,140.092
116.779756,1689,-2085,649,140.092
116.785441,1690,-2086,647,140.092
116.790068,1690,-2088,644,140.092
116.795597,1689,-2089,639,140.092
116.800109,1687,-2092,634,140.092
116.804505,1685,-2094,631,140.092
116.810174,1685,-2094,630,140.098
116.814673,1688,-2094,631,140.098
116.820296,1690,-2093,632,140.098
116.824670,1693,-2092,633,140.098
116.830571,1696,-2092,636,140.098
116.834874,1698,-2092,637,140.098
116.839247,1699,-2093,640,140.098
116.845061,1697,-2094,640,140.098
116.849477,1695,-2093,637,140.098
116.855147,1695,-2093,633,140.098
116.859547,1696,-2092,628,140.098
116.865272,1698,-2090,624,140.098
116.869643,1700,-2088,623,140.098
116.875379,1701,-2087,625,140.098
116.879803,1701,-2087,625,140.092
116.884226,1701,-2087,622,140.092
116.889883,1700,-2085,621,140.092
116.894553,1701,-2085,620,140.092
116.900047,1701,-2083,621,140.092
116.904475,1702,-2082,627,140.092
116.910202,1702,-2081,630,140.092
116.914614,1701,-2081,631,140.092
116.919246,1698,-2080,631,140.092
116.924823,1696,-2080,632,140.087
116.929219,1693,-2081,634,140.087
116.934931,1690,-2082,639,140.087
116.939352,1689,-2083,644,140.087
116.945021,1689,-2084,648,140.087
116.949458,1689,-2084,651,140.087
116.955156,1690,-2082,653,140.087
116.959594,1690,-2081,651,140.087
116.964049,1690,-2080,651,140.087
116.969769,1691,-2081,651,140.087
116.974175,1692,-2080,649,140.087
116.979831,1693,-2081,650,140.087
116.984287,1694,-2082,647,140.087
116.990039,1696,-2083,644,140.087
116.994142,1697,-2086,642,140.092
116.998797,1700,-2087,641,140.092
117.004550,1703,-2087,643,140.092
117.008695,1705,-2087,644,140.098
117.014635,1709,-2086,642,140.098
117.019142,1712,-2086,641,140.098
117.024684,1714,-2087,639,140.098
117.028889,1714,-2089,637,140.098
117.035040,1714,-2092,636,140.092
117.039331,1712,-2094,631,140.092
117.043651,1708,-2095,625,140.092
117.049487,1704,-2094,620,140.092
117.053930,1701,-2092,619,140.092
117.059632,1698,-2091,622,140.092
117.064007,1698,-2090,627,140.092
117.069746,1698,-2091,631,140.092
117.074379,1696,-2092,633,140.092
117.078653,1695,-2093,634,140.092
117.084295,1693,-2095,636,140.092
117.088784,1694,-2095,639,140.092
117.094221,1695,-2095,642,140.092
117.098979,1695,-2095,644,140.092
117.104550,1695,-2094,645,140.092
117.109098,1694,-2093,645,140.092
117.114714,1693,-2093,645,140.092
117.119195,1692,-2091,646,140.092
117.123597,1693,-2091,645,140.092
117.129300,1693,-2091,645,140.092
117.133937,1693,-2092,644,140.087
117.139423,1693,-2093,640,140.087
117.143853,1694,-2093,639,140.087
117.149626,1693,-2093,636,140.087
117.154084,1692,-2094,633,140.087
117.158389,1691,-2094,628,140.081
117.164146,1689,-2093,624,140.081
117.168580,1688,-2092,622,140.081
117.174301,1688,-2091,620,140.081
117.178678,1688,-2093,621,140.081
117.184387,1687,-2094,624,140.087
117.188842,1687,-2096,629,140.087
117.194553,1686,-2098,632,140.087
117.199036,1686,-2098,633,140.087
117.203431,1687,-2098,632,140.092
117.209145,1687,-2097,631,140.092
117.213560,1689,-2097,631,140.098
117.219231,1690,-2097,630,140.098
117.223574,1692,-2097,630,140.103
117.229346,1694,-2097,632,140.103
117.233816,1694,-2098,632,140.103
117.238142,1692,-2100,634,140.103
117.243929,1689,-2101,635,140.103
117.248326,1687,-2102,637,140.109
117.254055,1687,-2102,637,140.109
117.258441,1686,-2101,637,140.109
117.264176,1687,-2101,639,140.109
117.268745,1688,-2101,639,140.109
117.274326,1688,-2100,640,140.109
117.278702,1688,-2100,640,140.114
117.283193,1688,-2100,640,140.114
117.289037,1688,-2099,640,140.114
117.293307,1687,-2100,639,140.114
117.299148,1686,-2100,638,140.114
117.303418,1683,-2100,635,140.114
117.309119,1681,-2098,634,140.114
117.313484,1682,-2098,632,140.120
117.317985,1683,-2097,632,140.120
117.323682,1684,-2096,632,140.120
117.328265,1684,-2096,631,140.120
117.333804,1684,-2096,630,140.114
117.338253,1684,-2096,630,140.114
117.343967,1685,-2095,629,140.114
117.348371,1686,-2094,628,140.109
117.354092,1687,-2093,624,140.109
117.358584,1688,-2092,623,140.109
117.362926,1687,-2091,622,140.109
117.368723,1687,-2090,621,140.103
117.373078,1686,-2088,620,140.103
117.378739,1687,-2087,621,140.103
117.383329,1689,-2086,621,140.103
117.389116,1691,-2086,621,140.109
117.393345,1693,-2084,621,140.109
117.397751,1694,-2083,619,140.109
117.403511,1694,-2084,618,140.109
117.407870,1694,-2085,618,140.109
117.413502,1695,-2087,620,140.109
117.418011,1697,-2089,622,140.109
117.423754,1697,-2090,626,140.109
117.428171,1697,-2093,627,140.109
117.433886,1696,-2094,628,140.109
117.438247,1694,-2096,628,140.109
117.442759,1692,-2096,628,140.109
117.448446,1691,-2097,630,140.109
117.452852,1692,-2098,631,140.103
117.458552,1692,-2099,631,140.103
117.463062,1693,-2099,632,140.103
117.468690,1693,-2100,631,140.103
117.473122,1692,-2100,632,140.103
117.477585,1692,-2100,635,140.109
117.483342,1693,-2099,638,140.109
117.487709,1695,-2098,641,140.109
117.493399,1696,-2098,642,140.109
117.497833,1697,-2096,642,140.109
117.503515,1698,-2096,640,140.109
117.507955,1697,-2096,640,140.114
117.513688,1696,-2097,639,140.114
117.518094,1694,-2099,638,140.114
117.522502,1691,-2100,636,140.114
117.528379,1690,-2100,635,140.120
117.532705,1690,-2100,638,140.120
117.538487,1691,-2100,642,140.120
117.542743,1692,-2099,645,140.120
117.548502,1693,-2099,647,140.125
117.552916,1694,-2099,645,140.125
117.557371,1695,-2099,641,140.125
117.563081,1697,-2100,636,140.125
117.567471,1696,-2097,629,140.125
117.573245,1692,-2094,626,140.131
117.577632,1686,-2092,623,140.131
117.583397,1681,-2088,622,140.131
117.587707,1679,-2087,624,140.131
117.593461,1677,-2086,627,140.131
117.597901,1676,-2085,626,140.136
117.602343,1676,-2084,629,140.136
117.608067,1674,-2084,631,140.136
117.612388,1673,-2086,634,140.136
117.618035,1674,-2087,639,140.136
117.622541,1674,-2087,641,140.136
117.628246,1674,-2086,643,140.136
117.632759,1676,-2085,642,140.136
117.637130,1677,-2084,639,140.136
117.642888,1677,-2083,635,140.136
117.647315,1679,-2083,631,140.136
117.652971,1679,-2083,626,140.136
117.657503,1679,-2084,627,140.136
117.663176,1679,-2085,628,140.136
117.667514,1681,-2086,630,140.136
117.673256,1684,-2086,633,140.136
117.677646,1689,-2085,632,140.136
117.682058,1692,-2084,630,140.136
117.687736,1693,-2082,627,140.136
117.692227,1694,-2081,624,140.136
117.698027,1692,-2080,622,140.136
117.702338,1691,-2080,621,140.131
117.708133,1691,-2079,620,140.131
117.712470,1690,-2080,621,140.131
117.716905,1688,-2082,625,140.125
117.722674,1688,-2083,628,140.125
117.727048,1687,-2085,630,140.125
117.732707,1686,-2086,630,140.125
117.737256,1686,-2087,628,140.125
117.742835,1688,-2088,625,140.125
117.747373,1688,-2089,620,140.125
117.753095,1688,-2089,616,140.125
117.757443,1687,-2088,617,140.125
117.761932,1685,-2086,617,140.131
117.767604,1683,-2085,618,140.131
117.772219,1681,-2085,618,140.136
117.777697,1681,-2084,615,140.136
117.782295,1683,-2084,611,140.136
117.787817,1686,-2085,610,140.142
117.792298,1689,-2084,606,140.142
117.796681,1692,-2085,606,140.142
117.802598,1693,-2086,606,140.142
117.806866,1694,-2087,607,140.142
117.812533,1694,-2089,610,140.142
117.817020,1694,-2090,614,140.142
117.822596,1694,-2093,619,140.142
117.827097,1692,-2097,624,140.142
117.832972,1689,-2100,626,140.142
117.837315,1687,-2103,626,140.142
117.841656,1686,-2104,625,140.142
117.847350,1685,-2104,623,140.142
117.851886,1686,-2103,623,140.142
117.857523,1685,-2103,627,140.142
117.861996,1685,-2104,630,140.142
117.867656,1684,-2104,634,140.147
117.872241,1683,-2103,637,140.147
117.876447,1682,-2103,638,140.147
117.882280,1680,-2102,636,140.153
117.886624,1679,-2101,634,140.153
117.892465,1679,-2099,632,140.158
117.896818,1680,-2095,628,140.158
117.902486,1681,-2089,625,140.164
117.906835,1683,-2084,624,140.164
117.912747,1684,-2082,625,140.169
117.917007,1684,-2081,630,140.169
117.921450,1684,-2081,635,140.175
117.927217,1684,-2083,638,140.175
117.931693,1685,-2085,643,140.180
117.937331,1686,-2087,644,140.180
117.941559,1688,-2088,643,140.180
117.947453,1690,-2089,642,140.186
117.951912,1693,-2090,639,140.186
117.956241,1696,-2090,636,140.186
117.962025,1697,-2089,631,140.180
117.966555,1700,-2090,632,140.180
117.972100,1699,-2090,630,140.180
117.976743,1698,-2092,630,140.175
117.982249,1697,-2093,631,140.175
117.986716,1696,-2093,631,140.175
117.992442,1698,-2094,630,140.169
117.996791,1698,-2095,627,140.169
118.001281,1699,-2094,625,140.164
118.006727,1699,-2092,623,140.164
118.011099,1698,-2091,622,140.164
118.017027,1697,-2090,622,140.158
118.021456,1698,-2090,623,140.158
118.027127,1699,-2091,623,140.158
118.031606,1700,-2092,624,140.158
118.036094,1703,-2092,624,140.158
118.041943,1705,-2092,625,140.153
118.046159,1707,-2091,626,140.153
118.051891,1711,-2090,629,140.153
118.056347,1713,-2090,630,140.153
118.062042,1715,-2090,632,140.147
118.066526,1717,-2089,634,140.147
118.072343,1717,-2090,632,140.142
118.076566,1715,-2091,628,140.142
118.081048,1714,-2091,626,140.136
118.086717,1713,-2090,626,140.136
118.091089,1712,-2088,627,140.136
118.096849,1711,-2085,627,140.136
118.101321,1710,-2084,626,140.131
118.107000,1710,-2084,624,140.131
118.111379,1709,-2086,622,140.131
118.115867,1710,-2088,622,140.136
118.121540,1710,-2088,626,140.136
118.125975,1710,-2089,631,140.136
118.131673,1708,-2086,635,140.136
118.136124,1705,-2083,640,140.142
118.141631,1703,-2082,644,140.142
118.146219,1700,-2080,646,140.142
118.152017,1694,-2080,647,140.147
118.156409,1691,-2082,648,140.147
118.160955,1688,-2083,645,140.147
118.166654,1686,-2085,644,140.153
118.170995,1685,-2088,644,140.153
118.176626,1685,-2090,641,140.153
118.181096,1686,-2092,640,140.153
118.186763,1687,-2091,636,140.153
118.191217,1688,-2089,633,140.153
118.195601,1688,-2089,633,140.153
118.201347,1686,-2087,632,140.158
118.205606,1685,-2085,633,140.158
118.211429,1684,-2085,633,140.158
118.215883,1684,-2084,632,140.158
118.221571,1684,-2083,633,140.158
118.226012,1686,-2085,635,140.158
118.231853,1688,-2085,637,140.158
118.236120,1688,-2085,641,140.158
118.240513,1687,-2084,645,140.158
118.246264,1686,-2083,645,140.158
118.250699,1685,-2081,643,140.158
118.256224,1686,-2080,640,140.158
118.260790,1686,-2081,639,140.158
118.266523,1687,-2081,635,140.158
118.270755,1689,-2082,635,140.158
118.275525,1691,-2084,633,140.153
118.281155,1692,-2087,629,140.153
118.285497,1693,-2089,627,140.153
118.291210,1692,-2090,628,140.153
118.295638,1693,-2091,628,140.147
118.301401,1694,-2091,628,140.147
118.305762,1695,-2091,627,140.147
118.311547,1697,-2090,628,140.142
118.315934,1698,-2090,631,140.142
118.320288,1700,-2090,634,140.142
118.326010,1700,-2090,636,140.136
118.330620,1700,-2091,636,140.136
118.335841,1698,-2093,633,140.136
118.340744,1697,-2094,629,140.131
118.346297,1697,-2095,627,140.131
118.350751,1695,-2095,626,140.131
118.355141,1696,-2095,626,140.131
118.360883,1697,-2096,625,140.131
118.365474,1698,-2095,623,140.131
118.370997,1699,-2095,619,140.131
118.375468,1699,-2097,618,140.131
118.381093,1699,-2098,617,140.131
118.385572,1697,-2098,616,140.131
118.391412,1696,-2098,616,140.131
118.395709,1695,-2098,617,140.131
118.400164,1694,-2099,617,140.136
118.405825,1694,-2099,621,140.136
118.410318,1696,-2097,625,140.136
118.416135,1697,-2095,628,140.136
118.420440,1697,-2093,629,140.142
118.426101,1695,-2090,626,140.142
118.430533,1693,-2089,624,140.142
118.434953,1691,-2088,623,140.142
118.440825,1690,-2088,625,140.142
118.445053,1691,-2088,623,140.142
118.450746,1693,-2087,621,140.142
118.455288,1696,-2089,615,140.142
118.460969,1700,-2092,612,140.142
118.465312,1704,-2094,613,140.142
118.471193,1706,-2098,614,140.142
118.475550,1708,-2100,615,140.142
118.479900,1707,-2100,617,140.142
118.485783,1706,-2100,620,140.142
118.490076,1704,-2100,623,140.142
118.495749,1703,-2100,627,140.142
118.500145,1703,-2099,627,140.142
118.506025,1701,-2098,626,140.142
118.510317,1700,-2097,625,140.147
118.514874,1699,-2095,625,140.147
118.520399,1699,-2094,625,140.147
118.525002,1697,-2095,625,140.153
118.530690,1696,-2097,626,140.153
118.535050,1696,-2100,627,140.153
118.540703,1695,-2102,630,140.158
118.545115,1694,-2103,633,140.158
118.550951,1693,-2102,636,140.158
118.555283,1691,-2102,638,140.164
118.559700,1688,-2100,640,140.164
118.565402,1685,-2099,640,140.164
118.569832,1684,-2098,638,140.164
118.575539,1683,-2097,636,140.164
118.579954,1684,-2096,636,140.164
118.585668,1684,-2097,637,140.164
118.590163,1685,-2097,640,140.164
118.594486,1684,-2098,643,140.164
118.600289,1683,-2100,644,140.164
118.604652,1681,-2100,645,140.164
118.610391,1680,-2100,643,140.169
118.614952,1679,-2099,643,140.169
118.620455,1679,-2097,645,140.169
118.625064,1680,-2096,645,140.169
118.630608,1682,-2095,647,140.169
118.635063,1685,-2094,649,140.169
118.639486,1687,-2092,651,140.169
118.645330,1687,-2090,651,140.164
118.649591,1686,-2088,650,140.164
118.655320,1685,-2087,650,140.164
118.659713,1684,-2088,649,140.164
118.665426,1683,-2088,647,140.164
118.669866,1684,-2089,645,140.164
118.674248,1684,-2089,639,140.164
118.680022,1684,-2090,633,140.169
118.684473,1685,-2090,630,140.169
118.690126,1683,-2090,629,140.169
118.694568,1682,-2090,631,140.169
118.700283,1679,-2089,638,140.169
118.704710,1679,-2088,643,140.175
118.710421,1679,-2089,648,140.175
118.714846,1679,-2089,651,140.175
118.719252,1680,-2090,653,140.175
118.724995,1680,-2090,655,140.180
118.729363,1679,-2090,657,140.180
118.735069,1680,-2090,657,140.180
118.739570,1682,-2090,657,140.180
118.745233,1684,-2088,655,140.180
118.749647,1685,-2088,653,140.180
118.754113,1685,-2088,652,140.180
118.759803,1684,-2087,652,140.180
118.764229,1683,-2087,652,140.180
118.769906,1683,-2089,651,140.180
118.774387,1682,-2089,650,140.180
118.780043,1683,-2089,647,140.175
118.784499,1685,-2087,645,140.175
118.790221,1686,-2084,643,140.175
118.794603,1687,-2081,642,140.175
118.799092,1688,-2078,642,140.175
118.804924,1687,-2077,643,140.175
118.809216,1686,-2077,644,140.169
118.814855,1686,-2077,647,140.169
118.819278,1686,-2077,651,140.169
118.825022,1687,-2076,650,140.169
118.829423,1686,-2076,649,140.169
118.833854,1687,-2077,644,140.169
118.839642,1689,-2078,638,140.169
118.844072,1689,-2078,635,140.169
118.849681,1690,-2079,632,140.169
118.854223,1689,-2080,629,140.169
118.859834,1689,-2081,632,140.169
118.864439,1689,-2084,633,140.169
118.869994,1690,-2085,635,140.169
118.874398,1694,-2087,635,140.169
118.878648,1696,-2087,634,140.169
118.884673,1697,-2086,632,140.169
118.888979,1698,-2086,633,140.169
118.894678,1697,-2087,634,140.169
118.899151,1697,-2089,633,140.169
118.904779,1696,-2091,634,140.164
118.909226,1696,-2092,634,140.164
118.913612,1695,-2093,634,140.164
118.919428,1695,-2090,637,140.164
118.923837,1694,-2090,635,140.164
118.929515,1693,-2090,632,140.164
118.933907,1693,-2092,631,140.158
118.939682,1693,-2094,627,140.158
118.944040,1693,-2094,627,140.158
118.949623,1694,-2094,627,140.158
118.954331,1693,-2095,627,140.158
118.958622,1693,-2095,628,140.158
118.964373,1691,-2097,629,140.164
118.968768,1689,-2100,633,140.164
118.974433,1688,-2101,637,140.164
118.978876,1686,-2102,639,140.164
118.984745,1685,-2102,643,140.169
118.989016,1685,-2102,646,140.169
118.993492,1686,-2103,646,140.169
118.999230,1689,-2102,646,140.169
119.003577,1691,-2100,646,140.175
119.008974,1690,-2098,647,140.175
119.013719,1688,-2096,649,140.175
119.019358,1684,-2095,653,140.175
119.023873,1682,-2094,657,140.175
119.029257,1682,-2094,660,140.175
119.033932,1681,-2094,663,140.175
119.038314,1679,-2097,668,140.175
119.043803,1676,-2095,671,140.175
119.048533,1673,-2094,671,140.180
119.054235,1671,-2094,669,140.180
119.058694,1671,-2091,662,140.180
119.064538,1672,-2091,656,140.180
119.068814,1674,-2092,652,140.186
119.073226,1676,-2092,649,140.186
119.078992,1680,-2093,646,140.186
119.083367,1683,-2093,645,140.186
119.089276,1686,-2092,645,140.186
119.093530,1689,-2092,646,140.191
119.099319,1691,-2092,646,140.191
119.103617,1693,-2092,645,140.191
119.109324,1697,-2092,643,140.191
119.113762,1700,-2094,639,140.191
119.118242,1703,-2094,637,140.186
119.123934,1703,-2094,638,140.186
119.128299,1702,-2092,639,140.186
119.133981,1700,-2088,641,140.186
119.138490,1699,-2085,641,140.186
119.144301,1697,-2082,641,140.180
119.148565,1695,-2079,640,140.180
119.153116,1692,-2076,639,140.180
119.158756,1688,-2076,641,140.180
119.163190,1684,-2079,644,140.180
119.168826,1680,-2082,646,140.175
119.173263,1677,-2085,649,140.175
119.178967,1677,-2085,650,140.175
119.183447,1679,-2084,650,140.175
119.188884,1682,-2083,648,140.175
119.193549,1686,-2083,646,140.175
119.197978,1689,-2085,644,140.175
119.203680,1692,-2088,643,140.169
119.208131,1695,-2089,644,140.169
119.213748,1696,-2090,647,140.169
119.218156,1697,-2089,648,140.169
119.223938,1696,-2088,648,140.169
119.228317,1695,-2087,644,140.169
119.232799,1694,-2088,643,140.169
119.238521,1694,-2087,642,140.169
119.243051,1697,-2087,643,140.169
119.248608,1701,-2087,646,140.169
119.253246,1703,-2086,649,140.169
119.258715,1705,-2085,648,140.169
119.263195,1706,-2085,647,140.169
119.268886,1706,-2085,645,140.164
119.273313,1705,-2087,642,140.164
119.277714,1704,-2089,638,140.164
119.283451,1702,-2091,634,140.169
119.287863,1701,-2093,629,140.169
119.293544,1700,-2092,625,140.169
119.297874,1700,-2092,622,140.169
119.303773,1701,-2090,622,140.169
119.308240,1700,-2090,622,140.169
119.312522,1699,-2090,622,140.169
119.318444,1700,-2089,624,140.169
119.322661,1700,-2088,625,140.169
119.328373,1699,-2088,628,140.169
119.332948,1697,-2087,632,140.169
119.338566,1695,-2087,635,140.169
119.342988,1693,-2087,635,140.169
119.348654,1692,-2089,635,140.169
119.353057,1693,-2089,633,140.169
119.357578,1693,-2090,630,140.169
119.363203,1693,-2091,628,140.169
119.367666,1692,-2091,625,140.169
119.373393,1691,-2091,624,140.169
119.377749,1691,-2090,623,140.169
119.383309,1693,-2089,624,140.169
119.388067,1695,-2087,625,140.169
119.392308,1697,-2085,626,140.169
119.398096,1698,-2083,627,140.164
119.402533,1698,-2083,627,140.164
119.408318,1700,-2084,628,140.164
119.412698,1704,-2085,627,140.164
119.418346,1707,-2086,628,140.164
119.422798,1709,-2087,629,140.158
119.428449,1711,-2089,630,140.158
119.432898,1712,-2089,631,140.158
119.437305,1712,-2090,632,140.153
119.443022,1713,-2093,633,140.153
119.447514,1712,-2095,633,140.147
119.453151,1710,-2096,633,140.147
119.457732,1707,-2093,630,140.147
119.463311,1704,-2088,626,140.147
119.467699,1701,-2085,622,140.142
119.472096,1699,-2082,620,140.142
119.477841,1696,-2080,619,140.142
119.482181,1694,-2082,623,140.142
119.488116,1691,-2086,629,140.142
119.492388,1691,-2088,631,140.142
119.498140,1690,-2089,633,140.142
119.502522,1691,-2088,631,140.142
119.508218,1692,-2087,627,140.142
119.512677,1693,-2083,623,140.142
119.517099,1693,-2083,619,140.142
119.522759,1692,-2085,616,140.142
119.527223,1693,-2085,613,140.142
119.533020,1693,-2088,613,140.142
119.537353,1693,-2089,613,140.142
119.543008,1692,-2090,615,140.142
119.547434,1693,-2092,620,140.142
119.551861,1692,-2094,624,140.147
119.557591,1692,-2096,623,140.147
119.562220,1692,-2095,620,140.147
119.567767,1692,-2093,615,140.147
119.572351,1693,-2091,610,140.142
119.577899,1695,-2092,611,140.142
119.582295,1696,-2093,611,140.142
119.588034,1697,-2094,612,140.142
119.592414,1697,-2095,610,140.142
119.596862,1696,-2095,608,140.142
119.602521,1696,-2093,607,140.142
119.607091,1697,-2093,610,140.142
119.612638,1698,-2093,617,140.142
119.617117,1699,-2093,623,140.142
119.622671,1701,-2094,629,140.142
119.627342,1701,-2093,631,140.142
119.631702,1700,-2093,635,140.142
119.637445,1700,-2093,639,140.142
119.641828,1699,-2093,640,140.142
119.647528,1699,-2093,642,140.142
119.652031,1700,-2093,643,140.136
119.657618,1702,-2095,643,140.136
119.662102,1705,-2096,643,140.136
119.667800,1706,-2097,646,140.136
119.672195,1707,-2097,645,140.136
119.676662,1706,-2096,643,140.131
119.682343,1706,-2096,642,140.131
119.686780,1706,-2096,638,140.131
119.692476,1704,-2096,636,140.131
119.696899,1702,-2095,636,140.131
119.702615,1700,-2096,637,140.136
119.707142,1699,-2098,638,140.136
119.711207,1699,-2096,639,140.136
119.716918,1700,-2095,637,140.136
119.721375,1701,-2092,639,140.136
119.727011,1700,-2090,640,140.136
119.731708,1697,-2089,642,140.136
119.737212,1697,-2090,643,140.136
119.741548,1697,-2090,643,140.136
119.747467,1698,-2092,639,140.136
119.751698,1699,-2092,635,140.136
119.756050,1697,-2093,631,140.136
119.761851,1695,-2093,628,140.136
119.766250,1694,-2092,626,140.136
119.771966,1692,-2090,623,140.136
119.776662,1690,-2088,622,140.136
119.782216,1688,-2087,621,140.136
119.786975,1684,-2087,620,140.136
119.791243,1681,-2087,618,140.136
119.796982,1678,-2088,617,140.136
119.801438,1676,-2088,616,140.136
119.807047,1676,-2089,615,140.136
119.811421,1677,-2091,619,140.136
119.817234,1677,-2091,620,140.136
119.821691,1679,-2093,623,140.136
119.827323,1680,-2094,625,140.136
119.831773,1682,-2095,624,140.136
119.836209,1684,-2096,625,140.136
119.842071,1686,-2096,630,140.136
119.846186,1688,-2096,633,140.136
119.852171,1688,-2098,635,140.136
119.856468,1689,-2097,635,140.136
119.862179,1691,-2096,632,140.136
119.866669,1692,-2095,627,140.142
119.870932,1693,-2094,626,140.142
119.876897,1694,-2092,625,140.142
119.881190,1695,-2090,626,140.142
119.886876,1694,-2090,629,140.142
119.891492,1693,-2091,633,140.142
119.897170,1691,-2094,636,140.142
119.901590,1688,-2097,636,140.142
119.907295,1686,-2100,635,140.142
119.911599,1685,-2100,635,140.142
119.916150,1685,-2101,636,140.147
119.921699,1686,-2102,637,140.147
119.926150,1687,-2103,643,140.147
119.931644,1688,-2104,647,140.147
119.936321,1689,-2105,649,140.147
119.941885,1690,-2104,649,140.153
119.946414,1690,-2102,647,140.153
119.950801,1689,-2100,645,140.153
119.956573,1689,-2097,641,140.153
119.960948,1689,-2094,641,140.158
119.966623,1688,-2093,639,140.158
119.971074,1689,-2091,636,140.158
119.976793,1689,-2088,635,140.158
119.981204,1689,-2086,634,140.158
119.986975,1690,-2083,632,140.158
119.991366,1691,-2082,630,140.153
119.995487,1690,-2082,628,140.153
120.001457,1690,-2083,624,140.153