t_s,mx,my,mz,yaw_deg
0.000676,7194,-181,5262,65.435
0.004555,7205,-180,5256,65.330
0.009022,7215,-179,5253,65.231
0.013528,7226,-179,5249,65.132
0.019229,7235,-180,5247,65.039
0.023527,7245,-181,5248,64.946
0.029293,7254,-184,5248,64.852
0.033652,7262,-186,5248,64.764
0.039379,7271,-187,5245,64.677
0.043769,7280,-185,5241,64.589
0.048169,7288,-183,5237,64.495
0.053971,7296,-180,5235,64.402
0.058360,7304,-176,5232,64.308
0.064061,7312,-173,5235,64.210
0.068512,7319,-170,5238,64.105
0.074216,7327,-168,5241,64.001
0.078884,7334,-165,5243,63.891
0.084635,7342,-161,5242,63.781
0.089044,7350,-157,5240,63.671
0.093467,7358,-153,5238,63.556
0.099208,7366,-148,5236,63.441
0.103649,7375,-144,5232,63.325
0.109308,7385,-140,5230,63.204
0.113795,7395,-138,5227,63.083
0.119176,7406,-135,5225,62.957
0.123576,7414,-130,5223,62.831
0.128004,7423,-125,5224,62.699
0.133767,7431,-118,5224,62.562
0.138184,7437,-111,5223,62.419
0.143830,7443,-105,5224,62.271
0.148316,7450,-99,5223,62.122
0.154288,7460,-95,5225,61.963
0.158689,7471,-92,5227,61.798
0.164405,7482,-89,5227,61.633
0.168820,7493,-88,5228,61.469
0.173229,7503,-85,5226,61.298
0.178976,7511,-83,5224,61.128
0.183392,7520,-80,5221,60.963
0.189064,7530,-76,5220,60.793
0.193555,7540,-72,5216,60.628
0.199213,7549,-68,5215,60.469
0.203641,7559,-63,5212,60.320
0.208088,7570,-58,5209,60.172
0.213819,7579,-53,5208,60.035
0.218207,7590,-48,5204,59.903
0.223890,7603,-42,5203,59.782
0.228404,7614,-37,5203,59.661
0.234030,7626,-31,5204,59.546
0.238474,7640,-25,5206,59.436
0.244179,7654,-18,5207,59.321
0.248639,7667,-11,5207,59.211
0.253028,7681,-3,5205,59.095
0.258775,7694,4,5204,58.980
0.263156,7708,12,5197,58.859
0.268838,7721,21,5193,58.733
0.273257,7735,31,5190,58.601
0.278979,7748,40,5189,58.464
0.283410,7759,49,5189,58.321
0.287836,7771,58,5193,58.167
0.293566,7785,65,5198,58.013
0.297998,7798,75,5200,57.859
0.303669,7814,83,5200,57.700
0.308109,7830,91,5195,57.535
0.313820,7844,99,5186,57.371
0.318262,7855,107,5177,57.206
0.323952,7868,114,5170,57.036
0.328423,7878,123,5162,56.871
0.332811,7888,132,5158,56.706
0.338562,7900,141,5157,56.536
0.342977,7908,149,5153,56.371
0.348634,7916,156,5154,56.201
0.353070,7924,162,5153,56.030
0.358809,7931,166,5152,55.860
0.363204,7939,172,5150,55.690
0.367607,7949,177,5148,55.514
0.373343,7958,183,5148,55.338
0.377794,7967,192,5151,55.162
0.383417,7977,202,5154,54.981
0.387875,7985,213,5159,54.800
0.393565,7992,223,5162,54.619
0.397987,8001,234,5168,54.437
0.403705,8008,245,5176,54.256
0.408150,8015,258,5182,54.075
0.412557,8022,271,5188,53.899
0.418281,8027,284,5192,53.718
0.422744,8032,298,5198,53.542
0.428401,8038,313,5205,53.366
0.432863,8044,327,5214,53.185
0.438574,8050,343,5221,53.015
0.443135,8056,359,5221,52.839
0.447387,8061,373,5221,52.663
0.453135,8067,387,5220,52.493
0.457511,8074,401,5218,52.317
0.463196,8083,415,5219,52.147
0.467650,8093,430,5220,51.971
0.473335,8101,444,5223,51.795
0.477772,8108,458,5224,51.619
0.483504,8113,473,5227,51.443
0.487935,8118,487,5231,51.273
0.492397,8123,503,5234,51.097
0.498057,8130,518,5239,50.927
0.502458,8136,531,5241,50.751
0.508157,8142,544,5242,50.587
0.512603,8148,557,5239,50.416
0.518308,8153,571,5237,50.257
0.522775,8159,585,5237,50.098
0.527166,8165,599,5241,49.938
0.532865,8172,615,5249,49.790
0.537320,8179,631,5256,49.636
0.542989,8187,646,5260,49.488
0.547461,8192,663,5259,49.340
0.553088,8198,681,5256,49.197
0.557546,8202,698,5253,49.048
0.563308,8206,715,5253,48.900
0.567474,8209,731,5256,48.752
0.572091,8215,746,5262,48.604
0.577834,8222,760,5267,48.455
0.582239,8229,775,5270,48.307
0.587919,8237,789,5271,48.159
0.592374,8246,805,5271,48.005
0.598086,8255,820,5269,47.856
0.602510,8263,836,5271,47.703
0.606899,8272,850,5273,47.549
0.612643,8279,865,5277,47.395
0.617072,8285,879,5281,47.241
0.622742,8291,892,5284,47.087
0.627237,8296,907,5285,46.939
0.632925,8302,921,5287,46.785
0.637356,8307,934,5285,46.637
0.643092,8312,946,5287,46.494
0.647494,8317,958,5290,46.351
0.651584,8321,970,5293,46.208
0.657297,8327,983,5295,46.071
0.661781,8332,995,5293,45.939
0.667439,8337,1007,5291,45.813
0.671862,8343,1017,5286,45.692
0.677591,8350,1028,5285,45.571
0.682030,8356,1039,5285,45.461
0.686382,8362,1049,5287,45.357
0.692420,8367,1061,5287,45.258
0.696828,8372,1073,5287,45.159
0.702304,8377,1086,5289,45.060
0.706705,8383,1101,5291,44.967
0.712429,8389,1118,5294,44.874
0.716950,8395,1133,5300,44.786
0.722536,8400,1148,5305,44.692
0.727188,8406,1163,5309,44.604
0.731671,8412,1175,5313,44.511
0.737136,8417,1188,5317,44.418
0.741511,8421,1200,5319,44.313
0.747500,8426,1210,5321,44.214
0.751686,8430,1220,5324,44.105
0.757293,8434,1232,5324,43.995
0.762054,8438,1242,5324,43.885
0.766648,8443,1254,5325,43.770
0.771909,8450,1264,5326,43.654
0.776620,8457,1274,5328,43.539
0.782310,8463,1283,5327,43.423
0.786493,8468,1291,5327,43.308
0.792109,8470,1300,5327,43.198
0.796529,8472,1308,5328,43.083
0.802310,8475,1315,5330,42.979
0.806760,8476,1323,5332,42.874
0.811135,8478,1332,5329,42.775
0.816877,8483,1340,5327,42.687
0.821227,8488,1352,5324,42.599
0.827349,8493,1362,5323,42.517
0.831716,8499,1373,5323,42.440
0.837099,8504,1384,5323,42.369
0.841806,8508,1394,5321,42.303
0.846249,8514,1405,5317,42.231
0.851828,8521,1417,5315,42.171
0.856228,8528,1430,5313,42.105
0.862079,8536,1444,5312,42.039
0.866576,8542,1459,5313,41.968
0.872206,8550,1473,5314,41.902
0.876626,8558,1488,5312,41.830
0.882363,8566,1504,5312,41.759
0.886780,8573,1521,5309,41.688
0.891188,8578,1536,5304,41.611
0.896918,8583,1552,5300,41.534
0.901418,8588,1567,5295,41.462
0.907023,8594,1580,5292,41.385
0.911502,8600,1591,5290,41.309
0.917161,8608,1600,5289,41.237
0.921605,8615,1610,5292,41.166
0.926028,8622,1619,5295,41.094
0.931804,8630,1628,5296,41.028
0.936151,8637,1637,5295,40.968
0.941854,8646,1645,5291,40.908
0.946297,8652,1652,5287,40.858
0.952039,8658,1661,5284,40.809
0.956409,8665,1670,5281,40.765
0.962145,8672,1682,5277,40.726
0.966533,8680,1694,5278,40.688
0.970942,8688,1706,5280,40.644
0.976684,8693,1718,5280,40.605
0.981112,8699,1729,5282,40.567
0.986863,8705,1739,5283,40.523
0.991209,8712,1748,5284,40.479
0.996663,8720,1757,5285,40.430
1.001071,8727,1765,5285,40.380
1.005588,8734,1772,5281,40.331
1.011229,8740,1778,5277,40.276
1.015619,8747,1785,5271,40.226
1.021328,8754,1791,5267,40.172
1.025766,8762,1798,5265,40.122
1.031545,8769,1805,5265,40.073
1.035919,8776,1811,5266,40.029
1.041605,8782,1817,5266,39.985
1.046346,8789,1822,5262,39.946
1.050585,8795,1828,5258,39.913
1.056460,8802,1835,5254,39.886
1.060873,8808,1841,5250,39.864
1.066564,8813,1848,5248,39.847
1.070964,8818,1853,5245,39.836
1.076690,8823,1859,5243,39.825
1.081130,8828,1866,5239,39.825
1.085538,8835,1873,5233,39.825
1.091304,8841,1880,5227,39.831
1.095685,8849,1886,5221,39.836
1.101392,8856,1895,5213,39.842
1.105828,8863,1903,5205,39.853
1.111513,8870,1911,5202,39.864
1.115983,8876,1920,5201,39.880
1.121667,8883,1928,5203,39.891
1.126125,8891,1937,5207,39.908
1.130500,8900,1946,5208,39.924
1.136253,8908,1956,5210,39.935
1.140637,8916,1964,5210,39.946
1.146360,8922,1972,5209,39.957
1.150814,8928,1980,5207,39.968
1.156502,8932,1987,5202,39.974
1.160934,8935,1994,5200,39.979
1.165078,8939,2001,5197,39.985
1.171097,8941,2006,5194,39.985
1.175434,8944,2013,5191,39.990
1.180869,8948,2019,5192,39.996
1.185299,8952,2025,5192,40.007
1.191010,8955,2032,5192,40.018
1.195389,8957,2040,5190,40.034
1.201096,8959,2047,5189,40.051
1.205835,8960,2053,5188,40.078
1.210006,8962,2058,5188,40.106
1.215709,8965,2063,5188,40.133
1.220084,8967,2066,5190,40.166
1.225801,8969,2071,5189,40.204
1.230239,8968,2073,5189,40.243
1.235939,8966,2075,5189,40.281
1.240373,8963,2076,5191,40.320
1.244794,8960,2076,5195,40.364
1.250595,8957,2077,5197,40.402
1.254942,8954,2078,5199,40.446
1.260620,8950,2081,5199,40.496
1.265101,8946,2084,5199,40.545
1.270839,8943,2086,5202,40.594
1.275469,8938,2088,5205,40.649
1.281170,8934,2090,5208,40.710
1.285377,8929,2092,5214,40.770
1.290028,8924,2093,5219,40.836
1.295760,8921,2094,5222,40.913
1.300180,8916,2095,5227,40.990
1.305711,8911,2096,5230,41.072
1.310338,8904,2098,5233,41.155
1.315994,8900,2100,5235,41.243
1.320415,8894,2102,5237,41.331
1.324849,8890,2104,5241,41.424
1.330623,8886,2107,5247,41.517
1.334746,8882,2109,5253,41.605
1.340692,8877,2112,5255,41.699
1.345154,8871,2115,5257,41.792
1.350707,8865,2117,5258,41.880
1.355240,8860,2121,5259,41.968
1.360989,8856,2123,5262,42.056
1.365507,8851,2125,5267,42.138
1.369539,8847,2125,5270,42.220
1.375550,8843,2124,5276,42.297
1.379950,8839,2123,5281,42.374
1.385354,8837,2121,5284,42.451
1.390083,8836,2122,5285,42.528
1.395760,8835,2121,5287,42.610
1.400203,8834,2121,5286,42.687
1.404615,8833,2119,5288,42.764
1.410351,8832,2117,5291,42.847
1.414807,8830,2116,5293,42.929
1.420418,8829,2112,5296,43.017
1.424939,8826,2110,5297,43.105
1.430589,8825,2108,5297,43.193
1.434796,8822,2106,5297,43.286
1.440777,8819,2104,5294,43.380
1.445240,8817,2102,5293,43.473
1.449601,8816,2100,5291,43.566
1.455343,8814,2097,5290,43.660
1.459718,8814,2096,5293,43.759
1.465485,8813,2095,5296,43.857
1.469578,8812,2095,5299,43.951
1.475546,8808,2096,5299,44.050
1.479968,8806,2097,5301,44.149
1.484142,8802,2100,5300,44.247
1.490113,8799,2102,5299,44.346
1.494537,8796,2103,5303,44.451
1.500222,8793,2104,5306,44.561
1.504656,8793,2104,5310,44.670
1.510360,8792,2105,5313,44.780
1.514826,8791,2107,5316,44.890
1.520499,8788,2110,5316,45.005
1.524967,8784,2112,5317,45.121
1.529404,8780,2115,5319,45.231
1.534836,8777,2117,5319,45.341
1.539539,8773,2119,5322,45.445
1.545211,8772,2122,5325,45.549
1.549627,8770,2123,5326,45.648
1.555057,8770,2124,5328,45.742
1.559743,8769,2123,5330,45.829
1.564157,8767,2120,5330,45.912
1.569644,8765,2115,5330,45.989
1.574293,8763,2110,5328,46.066
1.579989,8759,2106,5327,46.137
1.584230,8757,2102,5323,46.214
1.590132,8756,2098,5322,46.285
1.594574,8753,2095,5320,46.357
1.600236,8749,2092,5320,46.434
1.604700,8746,2088,5321,46.511
1.609150,8742,2084,5322,46.593
1.614849,8741,2080,5324,46.675
1.618989,8741,2076,5327,46.769
1.624960,8741,2072,5329,46.862
1.629425,8743,2067,5330,46.967
1.634870,8743,2064,5328,47.076
1.639511,8745,2061,5326,47.186
1.643964,8748,2059,5324,47.302
1.649688,8749,2058,5323,47.422
1.653781,8751,2057,5324,47.538
1.659788,8755,2056,5321,47.659
1.664209,8759,2054,5321,47.780
1.669650,8764,2053,5321,47.895
1.674359,8769,2052,5321,48.010
1.680047,8772,2051,5324,48.120
1.684260,8777,2050,5324,48.230
1.688883,8782,2047,5323,48.329
1.694637,8788,2043,5321,48.428
1.699034,8794,2039,5316,48.527
1.704701,8798,2035,5312,48.620
1.709200,8801,2031,5309,48.713
1.714870,8804,2027,5305,48.801
1.719094,8808,2023,5302,48.889
1.723743,8810,2019,5302,48.983
1.729411,8813,2014,5302,49.070
1.733723,8815,2009,5297,49.164
1.739568,8817,2005,5293,49.252
1.744037,8818,2003,5288,49.345
1.749667,8819,2003,5283,49.438
1.754116,8818,2006,5280,49.537
1.759952,8816,2010,5277,49.631
1.764256,8816,2013,5275,49.730
1.768375,8817,2014,5274,49.823
1.774382,8816,2013,5272,49.922
1.778800,8816,2011,5270,50.021
1.784302,8815,2009,5270,50.125
1.788920,8815,2008,5272,50.224
1.794643,8816,2008,5275,50.323
1.799050,8818,2009,5277,50.422
1.803455,8817,2012,5281,50.521
1.809190,8817,2017,5286,50.614
1.813644,8815,2021,5289,50.707
1.819062,8813,2024,5294,50.801
1.823800,8809,2025,5298,50.883
1.829496,8807,2025,5299,50.966
1.833716,8805,2025,5300,51.042
1.839630,8802,2026,5299,51.119
1.844064,8803,2026,5295,51.185
1.848435,8806,2026,5292,51.251
1.854170,8809,2026,5288,51.317
1.858570,8813,2026,5283,51.378
1.864328,8816,2026,5278,51.432
1.868458,8819,2027,5276,51.493
1.874423,8821,2028,5273,51.548
1.878827,8825,2028,5270,51.608
1.883299,8829,2028,5267,51.663
1.888964,8833,2028,5263,51.724
1.893387,8838,2026,5258,51.784
1.899078,8842,2027,5253,51.850
1.903535,8844,2026,5249,51.916
1.909234,8848,2024,5244,51.987
1.913600,8853,2022,5241,52.059
1.919117,8858,2023,5238,52.136
1.923807,8863,2023,5237,52.213
1.928244,8866,2024,5235,52.289
1.933962,8868,2025,5232,52.372
1.938374,8871,2027,5228,52.449
1.944027,8874,2030,5225,52.531
1.948509,8876,2032,5223,52.608
1.953984,8880,2037,5219,52.690
1.958614,8883,2041,5213,52.767
1.963002,8885,2045,5209,52.844
1.968524,8888,2051,5209,52.921
1.972936,8892,2056,5210,52.993
1.978887,8895,2061,5211,53.069
1.983350,8898,2067,5213,53.141
1.988955,8900,2073,5217,53.218
1.993407,8904,2079,5218,53.295
1.999133,8908,2085,5221,53.366
2.003533,8911,2089,5222,53.443
2.007697,8917,2091,5223,53.520
2.013546,8922,2094,5223,53.602
2.017966,8928,2096,5221,53.685
2.023810,8933,2099,5220,53.767
2.028099,8935,2101,5216,53.855
2.033953,8936,2102,5211,53.943
2.038095,8937,2102,5208,54.036
2.042822,8939,2102,5204,54.124
2.048557,8945,2103,5201,54.218
2.052920,8951,2106,5199,54.305
2.058643,8957,2110,5199,54.399
2.063094,8963,2114,5199,54.487
2.068724,8969,2117,5203,54.580
2.073209,8974,2121,5204,54.673
2.078940,8981,2124,5204,54.767
2.083356,8988,2128,5203,54.855
2.087748,8996,2135,5197,54.948
2.093483,9005,2139,5191,55.036
2.097907,9016,2144,5186,55.124
2.103581,9028,2148,5181,55.212
2.108010,9041,2151,5178,55.294
2.113714,9054,2155,5174,55.371
2.118180,9067,2159,5167,55.448
2.122565,9079,2166,5157,55.525
2.128394,9091,2172,5147,55.596
2.132735,9107,2180,5134,55.668
2.138430,9124,2189,5120,55.734
2.142725,9143,2198,5105,55.805
2.148663,9163,2206,5089,55.876
2.153010,9183,2215,5077,55.953
2.158722,9202,2224,5067,56.025
2.163123,9222,2231,5057,56.102
2.167554,9239,2238,5048,56.179
2.173243,9257,2246,5037,56.255
2.177676,9275,2253,5025,56.327
2.183360,9293,2262,5013,56.404
2.187874,9312,2271,5003,56.475
2.193514,9331,2280,4993,56.536
2.197917,9347,2288,4983,56.596
2.202319,9363,2297,4973,56.651
2.208066,9378,2303,4963,56.700
2.212497,9392,2309,4951,56.744
2.218186,9407,2315,4940,56.783
2.222636,9421,2323,4928,56.821
2.228305,9434,2331,4919,56.854
2.232766,9448,2339,4910,56.887
2.238455,9461,2349,4899,56.915
2.242958,9472,2359,4889,56.948
2.247332,9483,2370,4878,56.975
2.253080,9493,2383,4870,57.008
2.257437,9503,2396,4862,57.047
2.263139,9513,2408,4858,57.085
2.267575,9523,2420,4854,57.129
2.273301,9530,2430,4846,57.173
2.277717,9537,2439,4840,57.217
2.282123,9540,2450,4831,57.266
2.287849,9545,2462,4823,57.316
2.292259,9550,2473,4819,57.365
2.297940,9556,2486,4818,57.415
2.302404,9564,2496,4816,57.458
2.308081,9570,2505,4816,57.508
2.312562,9575,2513,4815,57.552
2.318234,9580,2521,4815,57.601
2.322712,9584,2527,4815,57.651
2.327113,9587,2534,4818,57.706
2.332847,9588,2541,4821,57.761
2.337260,9588,2546,4822,57.810
2.342970,9585,2553,4825,57.865
2.347394,9583,2556,4827,57.920
2.353052,9578,2559,4827,57.975
2.357523,9573,2563,4830,58.035
2.361894,9567,2563,4832,58.090
2.367639,9561,2563,4835,58.151
2.372057,9555,2561,4843,58.211
2.377720,9548,2557,4851,58.271
2.382180,9538,2553,4863,58.332
2.387923,9529,2548,4873,58.392
2.392416,9518,2544,4880,58.447
2.398023,9507,2541,4887,58.502
2.402462,9495,2536,4894,58.557
2.406876,9484,2530,4901,58.612
2.412578,9470,2524,4911,58.667
2.417037,9454,2517,4922,58.722
2.422688,9437,2509,4934,58.777
2.427143,9421,2501,4944,58.832
2.432856,9404,2494,4953,58.887
2.437304,9388,2486,4964,58.947
2.441672,9371,2478,4975,59.008
2.447401,9353,2471,4987,59.073
2.451846,9333,2464,4997,59.139
2.457536,9314,2455,5007,59.216
2.461977,9296,2448,5016,59.293
2.467685,9280,2439,5026,59.370
2.472062,9263,2428,5035,59.453
2.477793,9245,2418,5044,59.540
2.482230,9227,2408,5052,59.634
2.486648,9210,2399,5058,59.722
2.492375,9192,2389,5068,59.815
2.496787,9175,2378,5080,59.908
2.502452,9159,2368,5093,60.002
2.506916,9144,2356,5104,60.090
2.512612,9131,2347,5114,60.183
2.517083,9118,2338,5121,60.276
2.521499,9104,2330,5127,60.370
2.527174,9093,2322,5135,60.458
2.531623,9081,2313,5144,60.546
2.537340,9070,2304,5150,60.634
2.541748,9059,2296,5157,60.721
2.547459,9047,2287,5163,60.804
2.551884,9038,2280,5166,60.881
2.557572,9028,2273,5169,60.952
2.562043,9019,2266,5173,61.018
2.566411,9012,2260,5179,61.073
2.572157,9005,2255,5184,61.122
2.576605,8999,2252,5190,61.166
2.582237,8991,2250,5195,61.199
2.586659,8984,2249,5198,61.221
2.592387,8977,2246,5200,61.243
2.596819,8968,2244,5203,61.249
2.601273,8961,2243,5205,61.254
2.606976,8953,2242,5208,61.249
2.611453,8945,2240,5210,61.243
2.617042,8937,2239,5215,61.232
2.621538,8928,2239,5217,61.216
2.627219,8920,2238,5220,61.199
2.631503,8913,2238,5225,61.177
2.637418,8907,2239,5227,61.155
2.641802,8902,2242,5230,61.133
2.646184,8897,2245,5231,61.106
2.651943,8894,2249,5232,61.078
2.656388,8891,2252,5235,61.051
2.662035,8886,2257,5239,61.018
2.666468,8880,2260,5246,60.980
2.672183,8875,2264,5254,60.936
2.676583,8869,2265,5263,60.892
2.681005,8864,2264,5271,60.831
2.686744,8861,2264,5277,60.771
2.691183,8857,2263,5282,60.699
2.696816,8853,2263,5287,60.623
2.701282,8849,2264,5291,60.535
2.706975,8845,2266,5293,60.447
2.711410,8840,2270,5294,60.353
2.717099,8835,2274,5294,60.266
2.721574,8830,2277,5293,60.167
2.726001,8827,2282,5292,60.073
2.731683,8821,2285,5294,59.974
2.736116,8818,2290,5295,59.886
2.741811,8815,2296,5294,59.799
2.746221,8810,2301,5292,59.716
2.751948,8808,2305,5290,59.645
2.756289,8804,2309,5291,59.579
2.760812,8800,2312,5295,59.524
2.766534,8799,2311,5301,59.474
2.770966,8798,2309,5307,59.431
2.776592,8795,2307,5313,59.392
2.781060,8793,2301,5317,59.365
2.786696,8790,2297,5318,59.337
2.791160,8785,2291,5319,59.310
2.796888,8781,2285,5321,59.282
2.801359,8775,2281,5324,59.260
2.805762,8766,2276,5323,59.238
2.811465,8758,2272,5324,59.216
2.815874,8749,2267,5325,59.194
2.821565,8742,2263,5326,59.178
2.826012,8737,2260,5331,59.156
2.831698,8732,2259,5338,59.139
2.836156,8728,2258,5343,59.128
2.840558,8723,2257,5348,59.112
2.846289,8717,2255,5354,59.101
2.850695,8710,2253,5360,59.095
2.856349,8702,2251,5368,59.090
2.860883,8693,2251,5376,59.090
2.866502,8685,2252,5382,59.095
2.870948,8677,2252,5385,59.101
2.876666,8669,2255,5388,59.106
2.881107,8661,2258,5391,59.112
2.885489,8653,2261,5393,59.117
2.891232,8644,2263,5398,59.117
2.895658,8635,2265,5402,59.117
2.901237,8624,2267,5408,59.117
2.905781,8614,2268,5416,59.106
2.911494,8603,2268,5424,59.095
2.915895,8592,2269,5428,59.084
2.920338,8582,2270,5428,59.062
2.926119,8573,2273,5426,59.041
2.930503,8563,2275,5422,59.019
2.936151,8554,2277,5420,58.991
2.940603,8546,2278,5422,58.969
2.946307,8537,2276,5426,58.947
2.950737,8529,2272,5432,58.931
2.956267,8522,2269,5438,58.914
2.960843,8515,2268,5443,58.909
2.965259,8510,2268,5449,58.903
2.971045,8503,2271,5454,58.909
2.975407,8495,2272,5460,58.920
2.981071,8487,2275,5467,58.936
2.985512,8480,2278,5474,58.964
2.991241,8472,2280,5480,58.997
2.995668,8467,2284,5485,59.041
2.999993,8462,2287,5489,59.090
3.005793,8454,2289,5489,59.145
3.009977,8448,2293,5493,59.205
3.015927,8442,2298,5496,59.266
3.020091,8438,2302,5499,59.332
3.026051,8436,2308,5502,59.398
3.030449,8435,2313,5506,59.458
3.035933,8435,2319,5507,59.518
3.040602,8434,2325,5514,59.568
3.045094,8435,2330,5519,59.623
3.050801,8436,2335,5523,59.667
3.055144,8437,2340,5526,59.711
3.060870,8438,2344,5531,59.744
3.065302,8439,2348,5532,59.777
3.070991,8440,2352,5536,59.804
3.075469,8440,2357,5541,59.826
3.079835,8441,2360,5544,59.843
3.085578,8443,2363,5546,59.859
3.089975,8446,2366,5547,59.870
3.095607,8448,2368,5547,59.886
3.100129,8450,2369,5547,59.897
3.105819,8450,2370,5550,59.908
3.110287,8450,2372,5551,59.919
3.115945,8448,2378,5554,59.936
3.120381,8446,2384,5556,59.952
3.124821,8445,2389,5557,59.974
3.130545,8443,2393,5557,59.996
3.135002,8442,2396,5554,60.024
3.140624,8439,2399,5550,60.057
3.145070,8436,2401,5545,60.090
3.150799,8433,2404,5543,60.128
3.155173,8430,2409,5545,60.167
3.159595,8426,2413,5548,60.211
3.165354,8424,2417,5550,60.255
3.169746,8422,2420,5550,60.304
3.175434,8419,2425,5549,60.353
3.179899,8417,2429,5548,60.403
3.185567,8416,2430,5550,60.452
3.189984,8416,2432,5552,60.507
3.195716,8416,2430,5555,60.557
3.200161,8417,2429,5556,60.606
3.204522,8418,2430,5558,60.650
3.210353,8418,2428,5559,60.694
3.214693,8417,2428,5561,60.738
3.220372,8417,2428,5563,60.771
3.224888,8414,2425,5565,60.804
3.230537,8412,2424,5566,60.831
3.234971,8410,2422,5567,60.853
3.239388,8406,2420,5568,60.875
3.245164,8404,2419,5569,60.892
3.249564,8401,2417,5571,60.908
3.255206,8398,2415,5571,60.919
3.259706,8395,2413,5570,60.925
3.265364,8390,2409,5570,60.936
3.269762,8387,2407,5571,60.947
3.275488,8383,2405,5572,60.963
3.279917,8380,2404,5576,60.974
3.284315,8380,2408,5578,60.996
3.290049,8380,2412,5576,61.018
3.294465,8381,2415,5576,61.040
3.300129,8383,2415,5578,61.068
3.304577,8383,2414,5581,61.100
3.310302,8383,2413,5582,61.128
3.314711,8384,2413,5583,61.166
3.319146,8383,2414,5583,61.210
3.324893,8382,2416,5581,61.260
3.329297,8381,2419,5578,61.320
3.334975,8380,2422,5578,61.375
3.339433,8379,2425,5580,61.441
3.345122,8377,2430,5581,61.507
3.349554,8375,2435,5583,61.573
3.355258,8374,2441,5585,61.639
3.359650,8373,2445,5585,61.710
3.364116,8371,2446,5587,61.776
3.369856,8369,2445,5587,61.842
3.374217,8366,2442,5586,61.908
3.379895,8365,2440,5587,61.968
3.384365,8365,2438,5591,62.023
3.390066,8365,2437,5593,62.078
3.394486,8365,2436,5600,62.133
3.398891,8365,2437,5609,62.183
3.404615,8362,2439,5615,62.232
3.409048,8359,2443,5621,62.276
3.414716,8353,2446,5627,62.314
3.419214,8348,2449,5631,62.358
3.424856,8342,2451,5632,62.397
3.429306,8336,2453,5634,62.441
3.434989,8330,2457,5634,62.485
3.439492,8322,2460,5634,62.529
3.443862,8316,2464,5635,62.573
3.449580,8309,2468,5632,62.622
3.454017,8302,2473,5633,62.672
3.459704,8297,2480,5635,62.715
3.464142,8294,2486,5638,62.759
3.469858,8291,2493,5641,62.809
3.474239,8287,2500,5642,62.847
3.478643,8284,2507,5640,62.891
3.484382,8281,2514,5641,62.941
3.488795,8280,2521,5645,62.990
3.494473,8280,2528,5647,63.045
3.498953,8280,2535,5650,63.100
3.504617,8280,2543,5649,63.155
3.509054,8279,2551,5647,63.215
3.514764,8279,2560,5646,63.276
3.519201,8280,2568,5643,63.325
3.523652,8281,2577,5642,63.386
3.529382,8282,2587,5639,63.441
3.533787,8285,2595,5638,63.484
3.539419,8287,2603,5636,63.534
3.543911,8289,2611,5637,63.572
3.549610,8290,2619,5638,63.605
3.553738,8291,2627,5640,63.638
3.558415,8293,2638,5644,63.655
3.564191,8297,2649,5648,63.671
3.568598,8299,2660,5652,63.682
3.574181,8301,2671,5654,63.682
3.578719,8301,2681,5654,63.677
3.584421,8300,2691,5655,63.666
3.588863,8301,2699,5652,63.649
3.594578,8302,2708,5649,63.627
3.598973,8304,2717,5645,63.605
3.603391,8306,2725,5642,63.578
3.609106,8308,2733,5638,63.545
3.613541,8310,2742,5638,63.517
3.619206,8310,2750,5637,63.484
3.623647,8310,2757,5636,63.446
3.629351,8309,2763,5637,63.402
3.633830,8310,2765,5638,63.353
3.638210,8312,2768,5640,63.303
3.643949,8314,2770,5640,63.248
3.648389,8318,2771,5641,63.199
3.654059,8324,2773,5643,63.138
3.658524,8329,2775,5642,63.078
3.664193,8334,2779,5642,63.023
3.668591,8337,2782,5639,62.974
3.674375,8340,2783,5635,62.924
3.678742,8343,2784,5632,62.875
3.683162,8347,2784,5631,62.831
3.688891,8351,2783,5629,62.792
3.693287,8355,2782,5628,62.754
3.698977,8358,2780,5630,62.726
3.703429,8361,2778,5631,62.699
3.709134,8363,2777,5632,62.672
3.713551,8365,2777,5634,62.655
3.717992,8366,2777,5636,62.639
3.723685,8367,2777,5637,62.622
3.728139,8367,2779,5640,62.611
3.733791,8366,2781,5640,62.611
3.738262,8366,2783,5640,62.617
3.743955,8361,2784,5640,62.622
3.748357,8358,2786,5642,62.633
3.754101,8353,2789,5643,62.650
3.758549,8349,2791,5645,62.666
3.762920,8344,2795,5646,62.682
3.768689,8339,2797,5646,62.699
3.773055,8334,2800,5646,62.721
3.778765,8325,2803,5649,62.743
3.783195,8316,2803,5656,62.765
3.788979,8309,2803,5663,62.798
3.793356,8302,2804,5671,62.831
3.797719,8295,2804,5680,62.864
3.803460,8287,2804,5684,62.902
3.807895,8277,2808,5686,62.946
3.813566,8267,2811,5688,62.985
3.818030,8256,2814,5692,63.029
3.823717,8245,2817,5697,63.078
3.828131,8235,2821,5702,63.122
3.833844,8226,2825,5706,63.177
3.838302,8215,2831,5710,63.259
3.842716,8204,2837,5712,63.309
3.848453,8193,2844,5717,63.358
3.852815,8181,2850,5721,63.435
3.858557,8168,2856,5723,63.501
3.862995,8158,2863,5725,63.545
3.868690,8145,2871,5732,63.594
3.873074,8134,2879,5739,63.649
3.877490,8120,2888,5745,63.682
3.883220,8106,2897,5751,63.699
3.887643,8094,2907,5754,63.737
3.893333,8079,2917,5758,63.765
3.897801,8066,2926,5760,63.770
3.903464,8053,2936,5763,63.765
3.907893,8041,2946,5770,63.781
3.913595,8031,2955,5776,63.765
3.918052,8022,2964,5783,63.732
3.922488,8013,2973,5792,63.721
3.928219,8004,2981,5802,63.666
3.932677,7995,2989,5812,63.611
3.938344,7987,2997,5822,63.578
3.942752,7981,3008,5831,63.539
3.948457,7976,3019,5838,63.512
3.952906,7974,3032,5842,63.468
3.957261,7972,3046,5844,63.441
3.963040,7969,3060,5845,63.413
3.967183,7965,3073,5847,63.386
3.973134,7961,3088,5849,63.369
3.977566,7953,3102,5853,63.358
3.983266,7945,3115,5859,63.314
3.987684,7935,3128,5864,63.276
3.993367,7923,3139,5868,63.254
3.997873,7910,3150,5875,63.270
4.002229,7894,3161,5880,63.303
4.007731,7874,3169,5887,63.331
4.012184,7853,3177,5896,63.331
4.017929,7833,3183,5903,63.347
4.022506,7811,3187,5911,63.386
4.028249,7792,3189,5916,63.413
4.032645,7773,3190,5921,63.419
4.036785,7757,3189,5930,63.441
4.042804,7743,3188,5934,63.463
4.047207,7729,3187,5939,63.474
4.052842,7718,3185,5944,63.468
4.057389,7706,3186,5946,63.474
4.063028,7698,3189,5946,63.479
4.067507,7689,3194,5948,63.479
4.073195,7680,3199,5950,63.463
4.077591,7672,3203,5956,63.452
4.082006,7664,3206,5961,63.452
4.087741,7658,3207,5966,63.457
4.092151,7651,3206,5970,63.463
4.097842,7645,3206,5974,63.479
4.102300,7639,3205,5978,63.490
4.108023,7634,3206,5983,63.501
4.112396,7630,3208,5986,63.517
4.116855,7627,3210,5991,63.534
4.122533,7625,3212,5994,63.550
4.126954,7621,3213,5995,63.567
4.132661,7619,3214,5997,63.589
4.137150,7618,3216,5997,63.605
4.142798,7619,3219,5995,63.627
4.147254,7619,3220,5993,63.644
4.152932,7619,3221,5991,63.660
4.157383,7618,3221,5988,63.671
4.161766,7616,3219,5985,63.682
4.167546,7613,3219,5983,63.693
4.171927,7613,3219,5981,63.693
4.177653,7612,3217,5979,63.693
4.182043,7612,3215,5979,63.693
4.187766,7612,3211,5979,63.693
4.192189,7611,3209,5981,63.688
4.196592,7609,3209,5982,63.682
4.202361,7608,3211,5983,63.688
4.206707,7605,3214,5982,63.688
4.212392,7604,3216,5984,63.688
4.216871,7601,3218,5984,63.693
4.222566,7597,3218,5984,63.710
4.227004,7595,3218,5987,63.721
4.232723,7591,3218,5989,63.732
4.237129,7587,3217,5990,63.754
4.241539,7585,3216,5992,63.770
4.247303,7582,3216,5993,63.787
4.251712,7578,3217,5996,63.809
4.257365,7576,3217,6001,63.831
4.261858,7573,3218,6007,63.847
4.267537,7570,3218,6010,63.869
4.271966,7569,3217,6014,63.885
4.276377,7566,3217,6016,63.896
4.282075,7564,3217,6018,63.907
4.286496,7563,3217,6023,63.929
4.292182,7561,3218,6025,63.946
4.296645,7560,3217,6024,63.962
4.302331,7557,3214,6023,63.984
4.306768,7554,3213,6021,64.006
4.312487,7549,3211,6023,64.034
4.316888,7544,3209,6025,64.061
4.321310,7541,3208,6027,64.089
4.327048,7536,3206,6028,64.111
4.331526,7533,3205,6025,64.138
4.337168,7529,3206,6019,64.166
4.341640,7527,3206,6013,64.193
4.347344,7525,3207,6008,64.221
4.351753,7522,3208,6007,64.243
4.356211,7520,3209,6007,64.265
4.361854,7516,3209,6010,64.286
4.366257,7514,3210,6010,64.303
4.371981,7513,3211,6010,64.308
4.376416,7512,3211,6012,64.314
4.382137,7512,3211,6013,64.319
4.386513,7513,3211,6013,64.325
4.392228,7512,3211,6015,64.319
4.396660,7513,3211,6015,64.319
4.401062,7512,3211,6016,64.314
4.406809,7513,3210,6017,64.303
4.411224,7515,3207,6014,64.297
4.416896,7517,3205,6013,64.281
4.421355,7518,3205,6014,64.254
4.427052,7517,3206,6014,64.215
4.431488,7514,3209,6016,64.182
4.435929,7512,3214,6019,64.144
4.441418,7510,3217,6021,64.089
4.445776,7511,3221,6025,64.028
4.451489,7512,3225,6027,63.935
4.455899,7516,3230,6030,63.869
4.461613,7520,3234,6032,63.765
4.466279,7526,3239,6034,63.638
4.472027,7531,3244,6033,63.468
4.476434,7536,3248,6029,63.347
4.480803,7542,3253,6024,63.237
4.486589,7547,3257,6020,63.133
4.490994,7550,3262,6016,63.062
4.496688,7551,3268,6014,62.941
4.501101,7550,3274,6010,62.776
4.506822,7550,3283,6007,62.688
4.511286,7550,3291,6004,62.606
4.515671,7552,3301,6004,62.496
4.521168,7557,3309,6003,62.336
4.525549,7560,3315,6004,62.100
4.531233,7565,3322,6002,61.842
4.535965,7570,3330,5998,61.573
4.541379,7575,3338,5993,61.408
4.546098,7579,3347,5990,61.359
4.551838,7579,3355,5990,61.320
4.556187,7575,3363,5992,61.210
4.560643,7570,3370,5995,61.117
4.566405,7561,3374,5997,61.084
4.570779,7552,3379,6002,61.133
4.576494,7544,3381,6006,61.161
4.580908,7537,3384,6011,61.205
4.586637,7530,3387,6017,61.249
4.591016,7525,3391,6019,61.315
4.595438,7521,3395,6026,61.392
4.601180,7518,3400,6032,61.479
4.605581,7516,3405,6037,61.578
4.611292,7514,3410,6038,61.677
4.615758,7513,3414,6039,61.776
4.621406,7510,3416,6039,61.886
4.625906,7507,3418,6036,62.012
4.631545,7505,3419,6036,62.117
4.635971,7503,3419,6034,62.232
4.640424,7501,3418,6035,62.424
4.646166,7499,3417,6037,62.628
4.650585,7496,3414,6038,62.842
4.656233,7492,3412,6041,63.083
4.660646,7486,3409,6040,63.298
4.666358,7479,3405,6043,63.523
4.670861,7472,3400,6046,63.770
4.675238,7463,3395,6049,64.001
4.681000,7451,3390,6053,64.210
4.685388,7437,3385,6055,64.413
4.691025,7421,3379,6060,64.638
4.695489,7407,3372,6066,64.896
4.701180,7393,3365,6071,65.138
4.705604,7380,3355,6077,65.347
4.711309,7366,3347,6080,65.566
4.715736,7354,3338,6083,65.885
4.720193,7343,3329,6084,66.242
4.725904,7333,3322,6087,66.495
4.730314,7327,3314,6089,66.671
4.736010,7321,3307,6088,66.758
4.740447,7316,3297,6088,66.819
4.746152,7311,3288,6088,66.846
4.750603,7305,3277,6089,66.857
4.754956,7297,3268,6093,66.857
4.760704,7290,3257,6098,66.852
4.765153,7283,3248,6102,66.841
4.770837,7278,3241,6106,66.813
4.775260,7273,3235,6109,66.786
4.780977,7268,3231,6112,66.742
4.785360,7262,3227,6115,66.693
4.791083,7257,3225,6118,66.632
4.795510,7253,3222,6122,66.561
4.799925,7247,3220,6123,66.473
4.805663,7244,3218,6124,66.379
4.810046,7239,3218,6124,66.275
4.815788,7235,3218,6124,66.165
4.820186,7232,3219,6125,66.050
4.825902,7229,3221,6127,65.918
4.830369,7224,3227,6130,65.786
4.834750,7218,3233,6136,65.649
4.840496,7210,3239,6141,65.506
4.845039,7202,3245,6143,65.363
4.850567,7195,3249,6146,65.226
4.855040,7187,3253,6147,65.083
4.860754,7181,3258,6148,64.913
4.865123,7176,3261,6150,64.748
4.870888,7173,3268,6150,64.556
4.875315,7170,3275,6148,64.363
4.879724,7165,3281,6147,64.199
4.885498,7160,3288,6145,63.990
4.889808,7155,3294,6145,63.792
4.895514,7152,3299,6151,63.622
4.899953,7149,3303,6157,63.512
4.905671,7149,3309,6165,63.408
4.910104,7149,3315,6169,63.353
4.914488,7148,3323,6169,63.325
4.920233,7147,3329,6169,63.309
4.924702,7146,3336,6168,63.309
4.930331,7145,3343,6169,63.320
4.934806,7145,3350,6166,63.336
4.940492,7144,3356,6162,63.380
4.944912,7143,3360,6161,63.419
4.950641,7140,3362,6161,63.463
4.955090,7138,3363,6160,63.506
4.959497,7137,3364,6162,63.550
4.965228,7137,3365,6162,63.611
4.969575,7138,3367,6163,63.666
4.975350,7140,3367,6169,63.721
4.979790,7139,3367,6170,63.781
4.985459,7139,3369,6172,63.836
4.989908,7137,3368,6173,63.902
4.994257,7134,3367,6175,63.968
5.000013,7131,3365,6178,64.028
5.004137,7131,3362,6181,64.083
5.010081,7131,3361,6183,64.144
5.014569,7131,3361,6180,64.199
5.019964,7132,3361,6178,64.243
5.024663,7132,3362,6173,64.281
5.030359,7132,3363,6167,64.308
5.034684,7133,3363,6165,64.330
5.039195,7134,3362,6163,64.341
5.045020,7135,3363,6161,64.352
5.049398,7136,3363,6161,64.374
5.055040,7137,3363,6158,64.391
5.059502,7139,3365,6153,64.418
5.065231,7141,3366,6149,64.451
5.069601,7142,3368,6146,64.495
5.074022,7143,3368,6143,64.545
5.079767,7143,3366,6145,64.600
5.084184,7141,3363,6150,64.660
5.089867,7140,3359,6153,64.726
5.094315,7138,3357,6159,64.797
5.100008,7136,3357,6163,64.880
5.104424,7134,3356,6166,64.968
5.110139,7134,3355,6169,65.056
5.114586,7133,3353,6173,65.138
5.119032,7133,3351,6172,65.215
5.124710,7134,3348,6171,65.308
5.129130,7135,3346,6169,65.391
5.134818,7134,3344,6164,65.473
5.139294,7131,3341,6163,65.550
5.144979,7128,3339,6159,65.632
5.149418,7126,3337,6155,65.720
5.153845,7123,3336,6154,65.803
5.159581,7121,3334,6157,65.880
5.164020,7121,3333,6159,65.951
5.169639,7120,3330,6163,66.011
5.174082,7119,3329,6165,66.066
5.179776,7118,3327,6162,66.110
5.184206,7117,3326,6161,66.143
5.190037,7116,3324,6162,66.165
5.194357,7116,3320,6164,66.176
5.198773,7118,3317,6166,66.182
5.204560,7119,3315,6171,66.187
5.208900,7119,3312,6172,66.193
5.214628,7118,3310,6173,66.198
5.218992,7116,3307,6173,66.215
5.224733,7113,3303,6175,66.226
5.229191,7111,3300,6177,66.237
5.233594,7109,3299,6182,66.248
5.239420,7108,3299,6187,66.259
5.243754,7107,3300,6189,66.264
5.249432,7106,3302,6189,66.270
5.253913,7105,3304,6186,66.275
5.259567,7106,3305,6182,66.281
5.263984,7105,3305,6179,66.286
5.269719,7106,3306,6176,66.286
5.274150,7107,3306,6174,66.286
5.278527,7106,3307,6176,66.281
5.284276,7106,3308,6178,66.264
5.288677,7104,3307,6179,66.242
5.294359,7102,3307,6179,66.198
5.298811,7100,3305,6181,66.143
5.304516,7100,3302,6181,66.077
5.308942,7099,3302,6180,66.011
5.313387,7098,3302,6181,65.923
5.319078,7097,3304,6180,65.819
5.323512,7096,3307,6178,65.726
5.329169,7097,3311,6176,65.643
5.333658,7099,3315,6173,65.555
5.339309,7102,3319,6172,65.479
5.343772,7105,3324,6172,65.418
5.349484,7108,3327,6176,65.347
5.353923,7109,3331,6181,65.259
5.358311,7110,3335,6183,65.154
5.364052,7110,3336,6186,65.072
5.368453,7109,3339,6187,65.023
5.374135,7107,3343,6185,64.979
5.378620,7105,3347,6182,64.951
5.384341,7105,3350,6183,64.951
5.388679,7106,3352,6185,64.973
5.393110,7107,3353,6186,64.984
5.398849,7107,3355,6188,65.006
5.403223,7106,3357,6189,65.034
5.408918,7106,3359,6187,65.045
5.413382,7109,3358,6185,65.083
5.419080,7114,3358,6181,65.121
5.423511,7118,3355,6177,65.143
5.429224,7122,3355,6176,65.154
5.433666,7124,3356,6173,65.171
5.438088,7126,3357,6175,65.193
5.443836,7128,3358,6178,65.215
5.448235,7132,3359,6180,65.220
5.453882,7137,3360,6179,65.237
5.458365,7140,3364,6177,65.242
5.464055,7145,3368,6171,65.248
5.468491,7148,3373,6166,65.248
5.472875,7150,3377,6163,65.248
5.478603,7155,3380,6158,65.253
5.483009,7162,3383,6153,65.248
5.488730,7170,3387,6146,65.248
5.493160,7178,3391,6140,65.248
5.498848,7185,3396,6134,65.242
5.503247,7190,3401,6129,65.242
5.508970,7194,3404,6126,65.248
5.513402,7198,3407,6122,65.259
5.517824,7201,3410,6120,65.275
5.523561,7203,3413,6121,65.292
5.527982,7206,3415,6120,65.308
5.533639,7209,3415,6119,65.330
5.538085,7211,3416,6115,65.352
5.543794,7215,3415,6115,65.369
5.548255,7219,3415,6115,65.385
5.552679,7221,3414,6116,65.407
5.558359,7226,3413,6117,65.424
5.562833,7228,3413,6117,65.440
5.568492,7230,3413,6115,65.457
5.572924,7232,3414,6116,65.468
5.578675,7231,3417,6120,65.484
5.583030,7232,3419,6124,65.495
5.588747,7234,3421,6126,65.506
5.593178,7234,3425,6127,65.511
5.597607,7235,3429,6125,65.522
5.603351,7236,3433,6120,65.533
5.607722,7237,3437,6116,65.544
5.613412,7238,3440,6110,65.550
5.617812,7238,3443,6102,65.566
5.623564,7240,3445,6096,65.577
5.628002,7242,3447,6091,65.588
5.632390,7245,3449,6089,65.605
5.638137,7248,3449,6090,65.616
5.642569,7250,3449,6094,65.632
5.648260,7252,3447,6099,65.643
5.652660,7254,3445,6102,65.654
5.658418,7256,3444,6104,65.671
5.662676,7258,3444,6105,65.682
5.668541,7258,3444,6109,65.693
5.672943,7259,3443,6111,65.704
5.677380,7259,3442,6113,65.715
5.683149,7259,3441,6115,65.726
5.687499,7259,3439,6115,65.737
5.693180,7257,3438,6115,65.748
5.697599,7254,3439,6115,65.764
5.703335,7253,3437,6116,65.775
5.707743,7252,3435,6117,65.786
5.712160,7252,3435,6118,65.797
5.717897,7252,3435,6120,65.808
5.722292,7253,3438,6121,65.825
5.727966,7255,3441,6121,65.836
5.732428,7257,3444,6124,65.847
5.738148,7258,3445,6125,65.858
5.742566,7258,3446,6124,65.869
5.748306,7256,3447,6127,65.880
5.752713,7252,3446,6125,65.891
5.757136,7249,3447,6124,65.901
5.762888,7246,3447,6122,65.918
5.767284,7244,3447,6117,65.929
5.772973,7242,3448,6113,65.940
5.777430,7242,3448,6111,65.951
5.783051,7241,3449,6109,65.967
5.787534,7241,3449,6108,65.978
5.791915,7243,3449,6111,65.989
5.797665,7243,3451,6112,66.000
5.802075,7245,3453,6113,66.017
5.807770,7246,3454,6113,66.028
5.812213,7247,3454,6115,66.039
5.817926,7247,3453,6115,66.050
5.822358,7247,3452,6117,66.061
5.828054,7248,3451,6118,66.077
5.832487,7249,3450,6117,66.088
5.836917,7253,3449,6118,66.099
5.842590,7256,3446,6117,66.110
5.847083,7258,3443,6116,66.121
5.852750,7258,3442,6114,66.127
5.857208,7258,3441,6113,66.138
5.862862,7256,3442,6111,66.149
5.867365,7254,3443,6108,66.160
5.871726,7255,3444,6108,66.171
5.877455,7256,3446,6108,66.182
5.881873,7257,3447,6109,66.193
5.887547,7260,3449,6110,66.204
5.891999,7261,3452,6109,66.215
5.897710,7261,3452,6110,66.226
5.902084,7263,3452,6113,66.237
5.907821,7264,3453,6117,66.248
5.912239,7265,3453,6122,66.259
5.916642,7267,3453,6126,66.270
5.922410,7267,3455,6128,66.281
5.926823,7267,3456,6131,66.292
5.932459,7267,3457,6134,66.302
5.936942,7266,3460,6133,66.313
5.942580,7265,3462,6131,66.319
5.947108,7266,3462,6126,66.330
5.951446,7266,3461,6122,66.341
5.957205,7266,3460,6119,66.352
5.961617,7267,3461,6116,66.363
5.967348,7267,3463,6114,66.374
5.971787,7267,3467,6115,66.385
5.977461,7265,3469,6115,66.396
5.981868,7265,3468,6116,66.401
5.987583,7265,3466,6118,66.412
5.992013,7265,3464,6119,66.423
5.996171,7265,3462,6120,66.434
6.001880,7262,3462,6122,66.445
6.006302,7258,3463,6126,66.451
6.011963,7255,3463,6129,66.462
6.016390,7254,3460,6133,66.473
6.022148,7253,3460,6136,66.484
6.026534,7253,3460,6138,66.489
6.030954,7254,3462,6142,66.500
6.036679,7255,3465,6143,66.511
6.041186,7256,3467,6142,66.517
6.047083,7257,3469,6140,66.528
6.051350,7258,3470,6134,66.539
6.057222,7259,3471,6132,66.550
6.061637,7260,3470,6129,66.555
6.067386,7262,3468,6127,66.566
6.071722,7263,3465,6125,66.577
6.076191,7266,3462,6124,66.588
6.081920,7268,3461,6123,66.594
6.086303,7271,3461,6122,66.605
6.092026,7274,3463,6118,66.616
6.096447,7278,3464,6114,66.627
6.102156,7280,3466,6111,66.632
6.106736,7281,3468,6108,66.643
6.110997,7281,3469,6106,66.649
6.116755,7280,3469,6106,66.660
6.121157,7279,3468,6101,66.671
6.126795,7280,3467,6099,66.676
6.131287,7279,3466,6096,66.687
6.136973,7279,3466,6094,66.693
6.141178,7278,3466,6095,66.703
6.147078,7277,3468,6098,66.714
6.151556,7277,3470,6098,66.725
6.155996,7277,3472,6099,66.731
6.161665,7278,3474,6099,66.742
6.166095,7277,3473,6098,66.753
6.171829,7275,3474,6096,66.758
6.176274,7273,3473,6094,66.769
6.181918,7272,3475,6093,66.775
6.186359,7272,3476,6093,66.786
6.190790,7272,3477,6096,66.797
6.196485,7271,3479,6100,66.802
6.200925,7270,3478,6102,66.813
6.206652,7268,3477,6102,66.824
6.211055,7268,3475,6103,66.830
6.216714,7270,3473,6104,66.841
6.221151,7272,3472,6107,66.852
6.226870,7274,3472,6111,66.857
6.231359,7275,3472,6114,66.868
6.235726,7275,3472,6118,66.874
6.241478,7274,3471,6121,66.885
6.245828,7272,3470,6125,66.890
6.251560,7270,3469,6128,66.901
6.256049,7269,3468,6130,66.907
6.261669,7270,3468,6129,66.918
6.266116,7270,3468,6128,66.929
6.270575,7270,3468,6127,66.934
6.276293,7268,3468,6123,66.945
6.280646,7267,3467,6121,66.951
6.286355,7266,3468,6118,66.962
6.290825,7265,3471,6113,66.967
6.296544,7264,3473,6109,66.978
6.300949,7265,3475,6108,66.989
6.306635,7265,3475,6108,66.995
6.311135,7265,3475,6110,67.006
6.315491,7265,3475,6112,67.011
6.321230,7266,3475,6116,67.022
6.325608,7267,3475,6121,67.028
6.331309,7270,3474,6121,67.039
6.335792,7271,3473,6120,67.044
6.341432,7271,3472,6119,67.055
6.345899,7271,3473,6114,67.061
6.350337,7271,3474,6114,67.072
6.356060,7271,3477,6113,67.077
6.360518,7272,3480,6112,67.088
6.366103,7273,3481,6116,67.094
6.370619,7274,3482,6118,67.104
6.376324,7274,3483,6120,67.110
6.380689,7273,3483,6123,67.121
6.386446,7273,3484,6125,67.126
6.390900,7274,3484,6126,67.132
6.395248,7274,3484,6125,67.143
6.400974,7275,3484,6126,67.148
6.405413,7275,3484,6125,67.159
6.410860,7276,3482,6125,67.165
6.415596,7274,3480,6130,67.176
6.421235,7273,3477,6133,67.181
6.425664,7272,3475,6133,67.187
6.430062,7272,3473,6131,67.198
6.435795,7271,3472,6125,67.203
6.440208,7271,3472,6119,67.214
6.445887,7273,3473,6112,67.220
6.450407,7273,3475,6111,67.231
6.456055,7274,3479,6112,67.236
6.460607,7274,3482,6114,67.242
6.466242,7273,3485,6114,67.253
6.470644,7273,3487,6114,67.258
6.475010,7273,3488,6114,67.264
6.480786,7273,3487,6113,67.275
6.485127,7274,3486,6112,67.280
6.490867,7274,3486,6111,67.286
6.495310,7276,3485,6112,67.297
6.500973,7278,3487,6112,67.302
6.505427,7281,3489,6115,67.313
6.509870,7281,3491,6119,67.319
6.515539,7281,3492,6119,67.324
6.519952,7278,3491,6122,67.330
6.525633,7275,3489,6122,67.341
6.530106,7272,3487,6121,67.346
6.535850,7269,3485,6123,67.352
6.540218,7267,3485,6125,67.363
6.545930,7266,3485,6126,67.368
6.550422,7265,3486,6125,67.374
6.554794,7265,3487,6121,67.385
6.560532,7266,3487,6117,67.390
6.564917,7267,3486,6116,67.396
6.570614,7269,3485,6118,67.401
6.575074,7270,3484,6119,67.412
6.580744,7269,3483,6118,67.418
6.585234,7269,3483,6115,67.423
6.589569,7268,3481,6111,67.429
6.595352,7269,3480,6111,67.440
6.599720,7272,3478,6109,67.445
6.605408,7272,3477,6112,67.451
6.609853,7271,3479,6116,67.462
6.615537,7272,3481,6121,67.467
6.619955,7272,3482,6126,67.473
6.625711,7272,3484,6129,67.478
6.630132,7274,3483,6130,67.484
6.634529,7275,3481,6129,67.495
6.640280,7277,3479,6126,67.500
6.644711,7278,3478,6123,67.505
6.650383,7279,3478,6118,67.511
6.654815,7278,3477,6113,67.522
6.660517,7277,3476,6110,67.527
6.664986,7275,3475,6107,67.533
6.669386,7275,3476,6106,67.538
6.675068,7274,3476,6105,67.549
6.679464,7272,3477,6103,67.555
6.685187,7273,3476,6101,67.560
6.689641,7273,3475,6096,67.566
6.695331,7273,3475,6090,67.571
6.699744,7274,3475,6084,67.582
6.705462,7277,3476,6080,67.588
6.709876,7280,3476,6080,67.593
6.714288,7281,3477,6081,67.599
6.719990,7282,3478,6081,67.604
6.724414,7281,3480,6081,67.615
6.730137,7280,3482,6081,67.621
6.734578,7280,3484,6079,67.626
6.740286,7283,3485,6081,67.632
6.744711,7284,3486,6082,67.637
6.749124,7285,3487,6086,67.643
6.754881,7286,3488,6093,67.648
6.759304,7284,3488,6096,67.659
6.764933,7284,3489,6099,67.665
6.769414,7282,3488,6100,67.670
6.775079,7282,3486,6104,67.676
6.779506,7282,3484,6108,67.681
6.785207,7282,3481,6112,67.687
6.789640,7283,3480,6114,67.698
6.794042,7283,3480,6114,67.703
6.799820,7283,3481,6111,67.709
6.804164,7283,3480,6109,67.714
6.809908,7284,3480,6105,67.720
6.814359,7285,3480,6103,67.725
6.820002,7286,3479,6104,67.731
6.824434,7288,3479,6104,67.736
6.828886,7289,3478,6106,67.747
6.834588,7288,3478,6109,67.753
6.839003,7286,3478,6110,67.758
6.844680,7283,3479,6112,67.764
6.849154,7279,3481,6114,67.769
6.854829,7277,3482,6111,67.775
6.859282,7277,3485,6109,67.780
6.864978,7276,3488,6109,67.786
6.869440,7276,3491,6109,67.791
6.873832,7276,3493,6111,67.797
6.879538,7275,3494,6114,67.802
6.883946,7273,3493,6115,67.808
6.889593,7273,3493,6113,67.813
6.894071,7273,3490,6112,67.819
6.899857,7273,3490,6110,67.830
6.904067,7272,3491,6110,67.830
6.908603,7271,3492,6111,67.841
6.914335,7269,3494,6109,67.846
6.918769,7268,3493,6111,67.846
6.924437,7267,3490,6115,67.857
6.928879,7267,3488,6115,67.863
6.934595,7268,3487,6115,67.868
6.938989,7269,3487,6114,67.874
6.944720,7271,3487,6112,67.879
6.949153,7275,3487,6112,67.885
6.953607,7277,3485,6113,67.890
6.959283,7277,3485,6115,67.896
6.963668,7277,3484,6115,67.901
6.969381,7276,3485,6115,67.906
6.973626,7276,3486,6114,67.912
6.979549,7277,3487,6112,67.917
6.983909,7278,3487,6111,67.923
6.988388,7279,3487,6109,67.928
6.994096,7278,3487,6110,67.934
6.998517,7277,3487,6108,67.939
7.004206,7275,3487,6109,67.945
7.008377,7273,3489,6109,67.950
7.014346,7272,3489,6107,67.956
7.018704,7272,3490,6105,67.961
7.024471,7273,3492,6103,67.961
7.028966,7273,3493,6099,67.967
7.033312,7275,3493,6098,67.972
7.038987,7276,3493,6098,67.978
7.043447,7278,3491,6101,67.983
7.049123,7280,3490,6104,67.989
7.053427,7282,3489,6107,67.994
7.059306,7282,3488,6107,68.000
7.063731,7282,3488,6107,68.005
7.068127,7283,3488,6109,68.011
7.073847,7284,3488,6107,68.016
7.078326,7287,3486,6110,68.022
7.084016,7290,3485,6110,68.027
7.088390,7293,3483,6111,68.033
7.094146,7296,3482,6114,68.038
7.098510,7299,3482,6118,68.044
7.104231,7302,3484,6122,68.049
7.108665,7303,3485,6122,68.055
7.113078,7304,3487,6122,68.060
7.118834,7303,3487,6119,68.066
7.123205,7302,3485,6113,68.071
7.128897,7301,3482,6109,68.077
7.133361,7301,3481,6102,68.082
7.139073,7301,3480,6097,68.088
7.143483,7300,3481,6096,68.088
7.147947,7300,3484,6095,68.093
7.153680,7300,3483,6097,68.099
7.158058,7299,3484,6097,68.104
7.163718,7300,3484,6098,68.110
7.168187,7299,3484,6097,68.115
7.173894,7299,3484,6097,68.121
7.178340,7299,3484,6098,68.126
7.184047,7297,3481,6096,68.132
7.188545,7298,3478,6096,68.137
7.192828,7296,3478,6095,68.143
7.198584,7295,3480,6094,68.148
7.202998,7293,3483,6092,68.154
7.208735,7290,3486,6089,68.154
7.213133,7288,3488,6088,68.159
7.218835,7285,3489,6089,68.165
7.223225,7283,3489,6088,68.170
7.227642,7282,3489,6089,68.176
7.233405,7283,3489,6088,68.181
7.237823,7283,3490,6086,68.187
7.243480,7284,3493,6088,68.187
7.247965,7282,3494,6091,68.192
7.253634,7282,3496,6092,68.198
7.258083,7282,3496,6094,68.203
7.263873,7284,3494,6094,68.209
7.268276,7286,3491,6093,68.214
7.272643,7288,3489,6092,68.214
7.278364,7288,3488,6090,68.220
7.282832,7289,3488,6088,68.225
7.288474,7291,3487,6087,68.231
7.292857,7292,3486,6086,68.236
7.298606,7293,3486,6086,68.242
7.303005,7292,3487,6087,68.242
7.307418,7290,3489,6086,68.247
7.313140,7288,3490,6092,68.253
7.317568,7287,3490,6098,68.258
7.323233,7287,3489,6104,68.264
7.327722,7288,3487,6110,68.264
7.333385,7289,3488,6113,68.269
7.337843,7290,3488,6112,68.275
7.343539,7290,3488,6113,68.280
7.347897,7289,3489,6110,68.286
7.352420,7288,3489,6110,68.291
7.358168,7287,3490,6109,68.291
7.362523,7287,3490,6106,68.297
7.368265,7290,3490,6103,68.302
7.372653,7293,3492,6100,68.307
7.378386,7296,3493,6097,68.307
7.382790,7299,3494,6097,68.313
7.387208,7303,3495,6096,68.318
7.392938,7306,3495,6096,68.324
7.397390,7309,3494,6098,68.329
7.403064,7311,3493,6101,68.329
7.407491,7313,3494,6104,68.335
7.413158,7315,3495,6105,68.340
7.417591,7315,3495,6103,68.346
7.423201,7315,3495,6100,68.351
7.427745,7314,3496,6096,68.351
7.432131,7313,3497,6093,68.357
7.437896,7311,3499,6093,68.362
7.442316,7308,3502,6094,68.368
7.447950,7307,3503,6095,68.368
7.452398,7307,3503,6097,68.373
7.458100,7308,3503,6097,68.379
7.462554,7309,3504,6095,68.384
7.466953,7309,3504,6094,68.384
7.472688,7307,3504,6090,68.390
7.477144,7304,3501,6088,68.395
7.482781,7301,3500,6086,68.401
7.487263,7299,3497,6085,68.401
7.492948,7299,3496,6088,68.406
7.497374,7299,3495,6090,68.412
7.503058,7299,3494,6095,68.417
7.507482,7301,3492,6099,68.417
7.511911,7302,3490,6102,68.423
7.517626,7302,3490,6105,68.428
7.522079,7303,3491,6104,68.434
7.527743,7302,3492,6101,68.434
7.532166,7302,3493,6098,68.439
7.537873,7304,3493,6094,68.445
7.542356,7304,3493,6093,68.445
7.546751,7303,3493,6090,68.450
7.552498,7303,3493,6089,68.456
7.556582,7303,3493,6089,68.461
7.562564,7304,3492,6089,68.461
7.566972,7306,3491,6093,68.467
7.572733,7307,3492,6096,68.472
7.577151,7307,3495,6096,68.472
7.582888,7306,3496,6096,68.478
7.587247,7307,3496,6092,68.483
7.591748,7310,3497,6086,68.489
7.597443,7315,3496,6083,68.489
7.601797,7318,3496,6080,68.494
7.607547,7319,3498,6080,68.500
7.611957,7319,3498,6081,68.500
7.617625,7318,3498,6086,68.505
7.622079,7315,3498,6087,68.511
7.626491,7312,3496,6091,68.511
7.632268,7311,3496,6095,68.516
7.636687,7308,3496,6097,68.522
7.642325,7306,3497,6101,68.522
7.646771,7304,3500,6103,68.527
7.652434,7300,3502,6100,68.533
7.656897,7298,3503,6100,68.533
7.662590,7294,3503,6100,68.538
7.667067,7292,3502,6101,68.544
7.671478,7290,3503,6102,68.544
7.677182,7288,3502,6101,68.549
7.681564,7288,3503,6099,68.549
7.687308,7288,3504,6098,68.555
7.691704,7288,3503,6098,68.560
7.697432,7289,3502,6097,68.560
7.701840,7291,3500,6096,68.566
7.706260,7293,3498,6094,68.571
7.711974,7295,3495,6091,68.571
7.716431,7297,3492,6091,68.577
7.722088,7299,3489,6090,68.577
7.726569,7302,3487,6090,68.582
7.732196,7304,3487,6091,68.588
7.736664,7305,3487,6092,68.588
7.742380,7305,3487,6095,68.593
7.746817,7305,3489,6102,68.599
7.751267,7305,3491,6107,68.599
7.756965,7308,3492,6113,68.604
7.761439,7307,3492,6116,68.610
7.767073,7308,3493,6116,68.610
7.771519,7307,3492,6114,68.615
7.777207,7306,3491,6113,68.621
7.781642,7306,3491,6112,68.621
7.786025,7304,3491,6110,68.626
7.791819,7303,3492,6110,68.632
7.796170,7302,3492,6108,68.632
7.801868,7301,3493,6107,68.637
7.806311,7303,3493,6106,68.643
7.812000,7305,3491,6108,68.643
7.816430,7307,3488,6106,68.648
7.822126,7308,3487,6103,68.648
7.826563,7309,3486,6101,68.654
7.830943,7308,3485,6099,68.659
7.836692,7309,3488,6097,68.659
7.841108,7310,3490,6098,68.665
7.846790,7310,3492,6098,68.670
7.851297,7310,3496,6097,68.670
7.856920,7309,3497,6095,68.676
7.861442,7310,3497,6094,68.676
7.865774,7311,3497,6092,68.681
7.871511,7311,3496,6089,68.687
7.875987,7313,3494,6086,68.687
7.881573,7314,3494,6082,68.692
7.886090,7315,3493,6077,68.692
7.891762,7317,3494,6076,68.698
7.896221,7317,3497,6077,68.698
7.901889,7317,3498,6080,68.703
7.906357,7318,3500,6082,68.703
7.910796,7318,3503,6085,68.708
7.916460,7317,3504,6087,68.708
7.920847,7317,3504,6088,68.714
7.926549,7317,3504,6090,68.714
7.930987,7317,3504,6092,68.719
7.936717,7316,3503,6092,68.725
7.941151,7314,3502,6093,68.725
7.945580,7313,3503,6092,68.730
7.951350,7313,3503,6093,68.730
7.955721,7313,3504,6093,68.736
7.961446,7312,3506,6093,68.736
7.965826,7310,3506,6096,68.741
7.971583,7309,3506,6099,68.741
7.976008,7310,3505,6104,68.747
7.981709,7310,3503,6110,68.747
7.986099,7313,3501,6112,68.752
7.990491,7317,3499,6111,68.752
7.996213,7319,3500,6111,68.758
8.000641,7321,3501,6107,68.758
8.006100,7322,3500,6104,68.763
8.010784,7323,3500,6099,68.769
8.016462,7322,3501,6095,68.769
8.020658,7322,3500,6093,68.774
8.025310,7321,3501,6093,68.774
8.031031,7319,3501,6093,68.780
8.035201,7319,3499,6095,68.780
8.041141,7320,3498,6096,68.785
8.045620,7320,3496,6097,68.785
8.051219,7320,3494,6096,68.791
8.055718,7319,3494,6097,68.791
8.061458,7318,3494,6099,68.796
8.065866,7316,3494,6100,68.802
8.070288,7316,3495,6101,68.802
8.076027,7318,3494,6101,68.807
8.080436,7320,3493,6098,68.807
8.086165,7321,3493,6096,68.813
8.090572,7321,3493,6094,68.813
8.096327,7320,3493,6092,68.818
8.100685,7317,3494,6090,68.818
8.105112,7315,3493,6087,68.818
8.110840,7315,3492,6083,68.824
8.115265,7316,3492,6081,68.824
8.120888,7318,3491,6080,68.829
8.125393,7320,3492,6080,68.829
8.131064,7323,3493,6082,68.835
8.135486,7325,3496,6086,68.840
8.141176,7324,3498,6092,68.840
8.145628,7321,3501,6096,68.846
8.150175,7318,3506,6098,68.846
8.155793,7316,3506,6099,68.851
8.160240,7315,3508,6099,68.851
8.165930,7317,3508,6096,68.857
8.170333,7319,3507,6096,68.857
8.176058,7319,3507,6095,68.862
8.180489,7319,3509,6091,68.862
8.184870,7319,3510,6088,68.868
8.190613,7320,3510,6083,68.868
8.195040,7321,3510,6082,68.873
8.200752,7322,3509,6081,68.873
8.205204,7324,3509,6080,68.879
8.210863,7324,3509,6081,68.879
8.215280,7324,3511,6082,68.879
8.220978,7323,3510,6081,68.884
8.225416,7323,3508,6084,68.884
8.229789,7324,3506,6086,68.890
8.235539,7326,3503,6087,68.890
8.239951,7328,3500,6089,68.895
8.245495,7326,3499,6092,68.895
8.250092,7325,3497,6096,68.901
8.255799,7322,3496,6096,68.901
8.260210,7318,3494,6097,68.906
8.264650,7316,3493,6097,68.906
8.270373,7314,3492,6097,68.912
8.274781,7311,3493,6097,68.912
8.280472,7310,3493,6100,68.917
8.284917,7309,3494,6101,68.917
8.290612,7309,3493,6100,68.923
8.295065,7309,3493,6097,68.923
8.300763,7310,3492,6096,68.928
8.305184,7311,3492,6095,68.928
8.309567,7313,3493,6095,68.934
8.315267,7316,3494,6095,68.934
8.319724,7319,3494,6096,68.939
8.325435,7322,3492,6095,68.939
8.329842,7323,3491,6094,68.945
8.335573,7322,3492,6095,68.945
8.339961,7321,3494,6095,68.950
8.344436,7320,3497,6094,68.950
8.350159,7321,3499,6095,68.956
8.354573,7323,3500,6092,68.956
8.360284,7325,3499,6093,68.961
8.364431,7327,3499,6094,68.961
8.370445,7328,3500,6093,68.961
8.374784,7327,3501,6093,68.967
8.380559,7326,3504,6091,68.967
8.384947,7324,3504,6091,68.972
8.389387,7321,3504,6093,68.972
8.395090,7320,3503,6091,68.978
8.399472,7318,3501,6086,68.978
8.405251,7317,3502,6081,68.978
8.409606,7316,3503,6077,68.983
8.415355,7316,3503,6076,68.983
8.419726,7315,3504,6076,68.989
8.424138,7315,3503,6078,68.989
8.429862,7315,3501,6079,68.989
8.434288,7315,3498,6079,68.994
8.440000,7316,3497,6079,68.994
8.444467,7315,3495,6077,69.000
8.450125,7317,3493,6077,69.000
8.454588,7319,3492,6076,69.005
8.460304,7321,3492,6078,69.005
8.464714,7323,3493,6079,69.005
8.469127,7323,3495,6081,69.011
8.474874,7323,3497,6080,69.011
8.479247,7323,3499,6081,69.016
8.484945,7322,3501,6082,69.016
8.489434,7324,3504,6079,69.022
8.495149,7326,3505,6075,69.022
8.499574,7328,3506,6073,69.022
8.503950,7329,3508,6068,69.027
8.509679,7329,3510,6062,69.027
8.514085,7329,3510,6062,69.033
8.519849,7329,3507,6064,69.033
8.524199,7330,3506,6066,69.038
8.529884,7331,3504,6069,69.038
8.534360,7330,3503,6074,69.038
8.540034,7329,3504,6078,69.044
8.544487,7326,3504,6084,69.044
8.548893,7324,3503,6087,69.049
8.554402,7323,3503,6088,69.049
8.559029,7321,3501,6089,69.049
8.564781,7319,3501,6088,69.055
8.569171,7319,3501,6087,69.055
8.574890,7319,3501,6090,69.060
8.579319,7320,3503,6091,69.060
8.583730,7321,3504,6093,69.066
8.589454,7323,3503,6097,69.066
8.593872,7325,3503,6100,69.071
8.599394,7325,3503,6099,69.071
8.604020,7325,3503,6098,69.071
8.609718,7324,3503,6096,69.077
8.614102,7325,3502,6093,69.077
8.619819,7325,3501,6090,69.077
8.624260,7324,3503,6090,69.082
8.628691,7323,3505,6089,69.082
8.634384,7321,3504,6088,69.088
8.638791,7319,3503,6090,69.088
8.644461,7316,3500,6091,69.088
8.648918,7316,3497,6091,69.093
8.654624,7317,3496,6092,69.093
8.659056,7317,3496,6093,69.099
8.663492,7320,3495,6094,69.099
8.669256,7321,3493,6095,69.099
8.673637,7323,3492,6097,69.104
8.679332,7324,3491,6098,69.104
8.683748,7324,3492,6097,69.109
8.689422,7322,3495,6097,69.109
8.693886,7321,3497,6095,69.109
8.699572,7320,3499,6094,69.115
8.704024,7320,3501,6096,69.115
8.708417,7321,3499,6098,69.115
8.714162,7322,3496,6101,69.120
8.718567,7324,3494,6103,69.120
8.724235,7324,3492,6103,69.126
8.728690,7325,3492,6102,69.126
8.734234,7328,3491,6102,69.131
8.738812,7331,3493,6105,69.131
8.743201,7333,3497,6107,69.131
8.748953,7334,3500,6108,69.137
8.753390,7335,3503,6111,69.137
8.759106,7335,3505,6109,69.137
8.763541,7333,3505,6104,69.142
8.769194,7332,3506,6102,69.142
8.773607,7332,3506,6098,69.148
8.779356,7331,3508,6095,69.148
8.783802,7333,3508,6095,69.148
8.788239,7333,3508,6095,69.153
8.793923,7333,3508,6096,69.153
8.798336,7333,3508,6097,69.153
8.804038,7331,3508,6099,69.159
8.808471,7330,3508,6099,69.159
8.814150,7329,3510,6098,69.159
8.818613,7327,3509,6098,69.164
8.822983,7325,3510,6097,69.164
8.828741,7323,3510,6095,69.164
8.833163,7324,3510,6091,69.164
8.838837,7323,3509,6088,69.170
8.843293,7322,3508,6085,69.170
8.848977,7322,3505,6084,69.170
8.853388,7319,3502,6084,69.175
8.859106,7317,3500,6083,69.175
8.863570,7316,3499,6085,69.175
8.867970,7316,3497,6086,69.181
8.873712,7317,3499,6087,69.181
8.878198,7317,3500,6090,69.181
8.883826,7317,3501,6088,69.186
8.888231,7316,3501,6088,69.186
8.893985,7315,3499,6088,69.186
8.898356,7314,3498,6085,69.192
8.902798,7313,3498,6084,69.192
8.908485,7313,3497,6082,69.192
8.912921,7312,3497,6083,69.192
8.918370,7313,3495,6083,69.197
8.923084,7314,3494,6081,69.197
8.928772,7316,3494,6081,69.197
8.933181,7317,3493,6080,69.203
8.938930,7320,3492,6082,69.203
8.943350,7322,3492,6085,69.203
8.947739,7324,3493,6088,69.208
8.953484,7325,3493,6088,69.208
8.957916,7325,3496,6087,69.208
8.963573,7326,3497,6086,69.214
8.967998,7328,3498,6086,69.214
8.973728,7330,3498,6087,69.214
8.978186,7333,3498,6086,69.219
8.982601,7335,3498,6086,69.219
8.988258,7336,3500,6082,69.219
8.992761,7336,3504,6077,69.225
8.998388,7334,3507,6072,69.225
9.002821,7334,3509,6068,69.225
9.008254,7334,3510,6063,69.230
9.012909,7333,3510,6062,69.230
9.018609,7334,3510,6061,69.230
9.022791,7334,3511,6059,69.230
9.027491,7335,3512,6061,69.236
9.033242,7333,3513,6060,69.236
9.037419,7333,3513,6058,69.236
9.043354,7332,3514,6056,69.236
9.047783,7331,3515,6057,69.241
9.053440,7330,3515,6060,69.241
9.057923,7331,3516,6065,69.241
9.062362,7331,3514,6070,69.241
9.068067,7332,3513,6073,69.247
9.072425,7334,3512,6069,69.247
9.078146,7337,3510,6069,69.247
9.082613,7339,3509,6070,69.247
9.088305,7341,3508,6070,69.252
9.092740,7345,3508,6073,69.252
9.098504,7347,3508,6075,69.252
9.102899,7347,3507,6075,69.258
9.107271,7349,3508,6075,69.258
9.113026,7350,3510,6077,69.258
9.117413,7349,3512,6080,69.258
9.123071,7348,3514,6084,69.263
9.127514,7345,3515,6086,69.263
9.133231,7341,3514,6087,69.263
9.137681,7338,3514,6082,69.263
9.142063,7336,3511,6081,69.269
9.147894,7336,3509,6081,69.269
9.152257,7336,3506,6080,69.269
9.157814,7336,3505,6081,69.274
9.162408,7336,3505,6082,69.274
9.167853,7338,3505,6080,69.274
9.172461,7338,3504,6078,69.274
9.178236,7339,3504,6079,69.280
9.182646,7338,3505,6080,69.280
9.187069,7335,3505,6083,69.280
9.192822,7333,3505,6084,69.280
9.197217,7330,3506,6086,69.285
9.202929,7329,3506,6088,69.285
9.207439,7327,3504,6089,69.285
9.212982,7327,3504,6091,69.285
9.217438,7327,3503,6092,69.291
9.221844,7327,3504,6093,69.291
9.227616,7328,3506,6094,69.291
9.232007,7329,3507,6094,69.291
9.237667,7331,3507,6093,69.296
9.242158,7334,3506,6089,69.296
9.247854,7337,3506,6083,69.296
9.252315,7340,3505,6081,69.302
9.257974,7340,3505,6079,69.302
9.262382,7341,3503,6080,69.302
9.266822,7343,3502,6084,69.302
9.272599,7342,3501,6086,69.307
9.276980,7341,3500,6084,69.307
9.282666,7340,3500,6081,69.307
9.287087,7339,3501,6078,69.307
9.292769,7338,3502,6078,69.313
9.297150,7337,3504,6079,69.313
9.301618,7336,3505,6079,69.313
9.307389,7335,3506,6080,69.313
9.311791,7335,3509,6082,69.318
9.317461,7336,3509,6082,69.318
9.321923,7337,3509,6084,69.318
9.327614,7337,3508,6083,69.318
9.331993,7337,3506,6080,69.324
9.337708,7337,3506,6080,69.324
9.342154,7337,3505,6079,69.324
9.346600,7338,3505,6082,69.324
9.352359,7337,3507,6081,69.329
9.356758,7338,3508,6084,69.329
9.362409,7340,3508,6086,69.329
9.366832,7342,3510,6087,69.329
9.372543,7344,3509,6089,69.335
9.376980,7346,3509,6088,69.335
9.381426,7346,3509,6088,69.335
9.387164,7346,3511,6089,69.335
9.391564,7346,3512,6088,69.340
9.397324,7345,3513,6088,69.340
9.401669,7347,3514,6088,69.340
9.407412,7348,3514,6086,69.340
9.411766,7350,3513,6084,69.346
9.417527,7351,3513,6083,69.346
9.421944,7351,3511,6085,69.346
9.426398,7351,3509,6085,69.346
9.432091,7351,3508,6088,69.351
9.436515,7351,3507,6089,69.351
9.442181,7350,3508,6088,69.351
9.446629,7350,3510,6088,69.351
9.452310,7350,3512,6088,69.357
9.456740,7348,3513,6089,69.357
9.461172,7347,3514,6089,69.357
9.466915,7345,3514,6087,69.357
9.471332,7344,3513,6087,69.357
9.477038,7341,3513,6087,69.362
9.481467,7341,3511,6089,69.362
9.487198,7340,3511,6091,69.362
9.491603,7340,3509,6091,69.362
9.497297,7341,3508,6093,69.368
9.501735,7341,3507,6095,69.368
9.506107,7341,3505,6098,69.368
9.511873,7340,3504,6100,69.368
9.516286,7339,3504,6102,69.373
9.521922,7339,3504,6103,69.373
9.526363,7339,3504,6103,69.373
9.532078,7340,3503,6101,69.373
9.536293,7341,3502,6102,69.379
9.540952,7343,3501,6104,69.379
9.546659,7344,3501,6106,69.379
9.551108,7346,3501,6110,69.379
9.556520,7346,3502,6108,69.384
9.561230,7346,3502,6106,69.384
9.566902,7345,3501,6105,69.384
9.571366,7346,3501,6105,69.384
9.577144,7345,3499,6106,69.390
9.581531,7345,3499,6105,69.390
9.585931,7345,3501,6102,69.390
9.591671,7343,3502,6098,69.390
9.596050,7343,3503,6094,69.395
9.601715,7342,3503,6089,69.395
9.606150,7343,3503,6086,69.395
9.611868,7345,3501,6085,69.395
9.616287,7346,3500,6086,69.401
9.620696,7345,3499,6090,69.401
9.626463,7343,3498,6093,69.401
9.630873,7342,3498,6096,69.401
9.636505,7341,3497,6097,69.406
9.641007,7342,3497,6096,69.406
9.646689,7343,3495,6096,69.406
9.651170,7345,3493,6098,69.406
9.656814,7347,3493,6099,69.412
9.661260,7350,3492,6098,69.412
9.665708,7351,3492,6097,69.412
9.671358,7351,3493,6095,69.417
9.675826,7350,3495,6094,69.417
9.681495,7350,3498,6093,69.417
9.685965,7349,3501,6090,69.417
9.691636,7347,3504,6086,69.417
9.696089,7344,3507,6080,69.423
9.700466,7342,3509,6075,69.423
9.706273,7339,3510,6070,69.423
9.710615,7339,3512,6068,69.423
9.716308,7340,3511,6069,69.423
9.720736,7342,3510,6075,69.428
9.726437,7342,3509,6081,69.428
9.730870,7343,3506,6085,69.428
9.736571,7342,3504,6089,69.428
9.741002,7341,3503,6091,69.428
9.745440,7342,3503,6093,69.434
9.751181,7342,3505,6096,69.434
9.755626,7342,3507,6096,69.434
9.761224,7342,3510,6093,69.434
9.765730,7340,3512,6090,69.434
9.771411,7340,3511,6087,69.439
9.775817,7340,3511,6084,69.439
9.780205,7339,3512,6080,69.439
9.785963,7339,3512,6078,69.439
9.790425,7339,3513,6074,69.439
9.796032,7341,3514,6073,69.439
9.800489,7341,3513,6072,69.439
9.806244,7342,3514,6071,69.445
9.810613,7344,3513,6071,69.445
9.816347,7344,3513,6071,69.445
9.820761,7344,3511,6074,69.445
9.825167,7345,3513,6074,69.445
9.830917,7345,3514,6072,69.445
9.835315,7344,3515,6069,69.450
9.841003,7342,3515,6064,69.450
9.845436,7341,3512,6063,69.450
9.851150,7339,3508,6064,69.450
9.855587,7337,3506,6067,69.450
9.860046,7339,3505,6073,69.450
9.865742,7341,3506,6076,69.456
9.870145,7342,3507,6078,69.456
9.875855,7344,3507,6077,69.456
9.880296,7347,3508,6076,69.456
9.885988,7347,3508,6074,69.456
9.890438,7348,3508,6072,69.461
9.896095,7347,3507,6070,69.461
9.900559,7345,3506,6067,69.461
9.904948,7345,3502,6066,69.461
9.910738,7345,3501,6065,69.461
9.915071,7345,3501,6066,69.467
9.920796,7346,3502,6067,69.467
9.925197,7347,3503,6069,69.467
9.930922,7347,3503,6069,69.467
9.935343,7346,3502,6068,69.467
9.939736,7346,3503,6065,69.467
9.945512,7348,3504,6061,69.472
9.949931,7348,3506,6061,69.472
9.955591,7348,3509,6062,69.472
9.960052,7347,3510,6063,69.472
9.965743,7345,3509,6064,69.472
9.970179,7343,3509,6064,69.478
9.975926,7342,3508,6064,69.478
9.980357,7341,3508,6064,69.478
9.984742,7341,3509,6065,69.478
9.990482,7340,3511,6066,69.478
9.994835,7340,3513,6067,69.478
10.000581,7341,3514,6067,69.478
10.004738,7341,3515,6068,69.483
10.010681,7344,3515,6067,69.483
10.015087,7344,3514,6065,69.483
10.019380,7345,3514,6064,69.483
10.025239,7346,3513,6065,69.483
10.029418,7347,3512,6069,69.483
10.035425,7349,3511,6074,69.483
10.039542,7350,3510,6076,69.489
10.045486,7351,3510,6080,69.489
10.049920,7354,3510,6081,69.489
10.055626,7355,3511,6080,69.489
10.060083,7357,3510,6079,69.489
10.064489,7358,3510,6079,69.489
10.070187,7357,3509,6076,69.494
10.074684,7358,3509,6073,69.494
10.080346,7358,3510,6068,69.494
10.084762,7357,3512,6066,69.494
10.090465,7357,3514,6067,69.494
10.094907,7356,3515,6069,69.494
10.099286,7356,3514,6074,69.500
10.105071,7357,3514,6074,69.500
10.109438,7358,3513,6074,69.500
10.115101,7358,3510,6073,69.500
10.119559,7357,3508,6069,69.500
10.125309,7355,3507,6066,69.500
10.129688,7354,3505,6067,69.505
10.135437,7353,3506,6070,69.505
10.139841,7355,3507,6074,69.505
10.144105,7357,3507,6077,69.505
10.149981,7358,3506,6079,69.505
10.154401,7358,3505,6078,69.505
10.160056,7357,3506,6076,69.505
10.164545,7356,3507,6074,69.510
10.170198,7356,3509,6072,69.510
10.174675,7357,3510,6071,69.510
10.179058,7358,3508,6072,69.510
10.184791,7360,3507,6072,69.510
10.189203,7360,3505,6073,69.510
10.194940,7360,3504,6076,69.510
10.199336,7360,3504,6076,69.510
10.205109,7359,3503,6076,69.510
10.209487,7357,3505,6077,69.516
10.215228,7355,3505,6075,69.516
10.219605,7354,3504,6070,69.516
10.224008,7354,3504,6065,69.516
10.229766,7354,3502,6062,69.516
10.234159,7356,3500,6058,69.516
10.239849,7356,3498,6059,69.516
10.244299,7355,3496,6063,69.516
10.250001,7354,3496,6067,69.521
10.254412,7353,3493,6072,69.521
10.258878,7352,3491,6074,69.521
10.264561,7354,3491,6076,69.521
10.268996,7354,3491,6077,69.521
10.274680,7355,3494,6076,69.521
10.279147,7358,3496,6075,69.527
10.284822,7358,3499,6074,69.527
10.289240,7360,3501,6071,69.527
10.294942,7361,3505,6066,69.527
10.299389,7363,3507,6062,69.527
10.303773,7364,3509,6061,69.527
10.309505,7365,3510,6060,69.527
10.313918,7366,3507,6067,69.527
10.319606,7365,3506,6072,69.532
10.324024,7363,3506,6075,69.532
10.329744,7360,3505,6078,69.532
10.334177,7359,3504,6078,69.532
10.338593,7358,3504,6076,69.532
10.344358,7355,3505,6071,69.532
10.348720,7355,3504,6067,69.538
10.354414,7351,3505,6062,69.538
10.358895,7346,3505,6060,69.538
10.364565,7343,3507,6059,69.538
10.368982,7339,3509,6060,69.538
10.374719,7338,3511,6058,69.538
10.379144,7336,3514,6057,69.538
10.383587,7337,3516,6059,69.538
10.389313,7336,3516,6060,69.538
10.393791,7334,3515,6062,69.543
10.399420,7333,3515,6065,69.543
10.403834,7334,3515,6068,69.543
10.409581,7334,3515,6071,69.543
10.413971,7336,3514,6077,69.543
10.418386,7338,3514,6083,69.543
10.424080,7338,3513,6085,69.543
10.428495,7338,3513,6086,69.543
10.434219,7337,3515,6087,69.543
10.438644,7338,3518,6085,69.543
10.444330,7339,3520,6087,69.549
10.448763,7341,3521,6088,69.549
10.454487,7345,3521,6090,69.549
10.458894,7349,3520,6090,69.549
10.463424,7353,3518,6083,69.549
10.469042,7355,3518,6078,69.549
10.473522,7356,3516,6073,69.549
10.479156,7356,3515,6066,69.549
10.483647,7354,3513,6065,69.549
10.489327,7352,3510,6066,69.549
10.493708,7351,3508,6068,69.554
10.498138,7351,3506,6065,69.554
10.503873,7351,3506,6062,69.554
10.508266,7353,3507,6059,69.554
10.513929,7353,3507,6057,69.554
10.518415,7352,3506,6059,69.554
10.524060,7352,3506,6060,69.554
10.528532,7350,3505,6061,69.560
10.534307,7349,3504,6062,69.560
10.538646,7349,3504,6064,69.560
10.543056,7348,3504,6068,69.560
10.548821,7348,3505,6074,69.560
10.553219,7347,3505,6079,69.560
10.558918,7344,3506,6081,69.560
10.563430,7343,3507,6081,69.560
10.569082,7343,3507,6077,69.565
10.573519,7344,3506,6074,69.565
10.577889,7345,3506,6073,69.565
10.583694,7347,3506,6072,69.565
10.588064,7348,3507,6072,69.565
10.593845,7350,3506,6074,69.565
10.598183,7354,3507,6074,69.565
10.603885,7359,3507,6073,69.565
10.608316,7363,3507,6072,69.565
10.614064,7367,3507,6070,69.571
10.618412,7368,3509,6067,69.571
10.622853,7368,3509,6064,69.571
10.628578,7368,3511,6063,69.571
10.633001,7368,3512,6065,69.571
10.638694,7369,3514,6066,69.571
10.643128,7371,3516,6068,69.571
10.648830,7371,3518,6070,69.571
10.653244,7372,3520,6070,69.576
10.657716,7372,3520,6069,69.576
10.663357,7372,3519,6065,69.576
10.667818,7373,3518,6060,69.576
10.673511,7372,3517,6057,69.576
10.677940,7372,3518,6059,69.576
10.683639,7372,3519,6066,69.576
10.688085,7371,3522,6075,69.576
10.693827,7370,3523,6087,69.576
10.698204,7370,3524,6097,69.576
10.702694,7368,3525,6104,69.582
10.708371,7367,3525,6107,69.582
10.712804,7367,3525,6105,69.582
10.718465,7367,3523,6103,69.582
10.723105,7367,3521,6099,69.582
10.728589,7368,3520,6098,69.582
10.733057,7368,3520,6098,69.582
10.737400,7367,3522,6101,69.582
10.743187,7365,3524,6101,69.582
10.747571,7363,3526,6099,69.582
10.753355,7360,3526,6095,69.582
10.757698,7357,3525,6090,69.587
10.763393,7354,3525,6085,69.587
10.767836,7355,3525,6083,69.587
10.773538,7356,3526,6084,69.587
10.777983,7359,3526,6085,69.587
10.782340,7362,3525,6088,69.587
10.788169,7365,3525,6090,69.587
10.792580,7366,3524,6094,69.587
10.798230,7363,3524,6094,69.587
10.802645,7361,3525,6092,69.587
10.808374,7359,3525,6089,69.587
10.812798,7359,3525,6086,69.587
10.817185,7361,3524,6081,69.593
10.822901,7363,3524,6081,69.593
10.827307,7363,3523,6083,69.593
10.832997,7361,3522,6087,69.593
10.837477,7358,3522,6089,69.593
10.843163,7355,3523,6090,69.593
10.847586,7355,3522,6090,69.593
10.853307,7355,3522,6089,69.593
10.857700,7356,3523,6087,69.593
10.862155,7358,3523,6084,69.593
10.867875,7360,3523,6084,69.593
10.872354,7362,3523,6085,69.593
10.877992,7362,3523,6086,69.593
10.882416,7362,3522,6088,69.593
10.888126,7363,3521,6089,69.598
10.892609,7364,3520,6089,69.598
10.896979,7364,3520,6092,69.598
10.902702,7363,3519,6095,69.598
10.907119,7362,3520,6098,69.598
10.912832,7362,3519,6098,69.598
10.917248,7363,3519,6099,69.598
10.922920,7365,3519,6096,69.598
10.927345,7368,3519,6090,69.598
10.933081,7370,3519,6085,69.598
10.937483,7371,3518,6081,69.598
10.941918,7370,3517,6078,69.598
10.947399,7368,3517,6074,69.604
10.951774,7366,3517,6070,69.604
10.957458,7365,3517,6067,69.604
10.961880,7365,3517,6065,69.604
10.967596,7366,3517,6061,69.604
10.972067,7367,3516,6060,69.604
10.976421,7369,3515,6056,69.604
10.982437,7369,3514,6052,69.604
10.986675,7371,3514,6053,69.604
10.992336,7373,3514,6056,69.604
10.996710,7374,3514,6058,69.604
11.002354,7375,3515,6062,69.609
11.006859,7375,3515,6063,69.609
11.012583,7375,3516,6062,69.609
11.016977,7375,3517,6060,69.609
11.021456,7376,3518,6060,69.609
11.027094,7378,3519,6060,69.609
11.031526,7378,3520,6061,69.609
11.037295,7378,3519,6066,69.609
11.041683,7379,3518,6069,69.609
11.047406,7379,3516,6073,69.609
11.051814,7379,3515,6075,69.609
11.056229,7377,3515,6077,69.615
11.062189,7375,3515,6081,69.615
11.066654,7374,3516,6082,69.615
11.072320,7374,3517,6084,69.615
11.076787,7372,3518,6085,69.615
11.082222,7372,3518,6084,69.615
11.086609,7370,3518,6086,69.615
11.092342,7368,3519,6085,69.615
11.096828,7369,3520,6083,69.615
11.101199,7372,3519,6082,69.615
11.106941,7375,3520,6081,69.615
11.111331,7377,3518,6077,69.615
11.117057,7379,3516,6076,69.620
11.121448,7381,3515,6078,69.620
11.127150,7383,3515,6079,69.620
11.131543,7385,3517,6080,69.620
11.135961,7386,3520,6078,69.620
11.141961,7387,3523,6076,69.620
11.146386,7386,3525,6077,69.620
11.151841,7384,3526,6075,69.620
11.156355,7383,3528,6075,69.620
11.161964,7381,3528,6077,69.620
11.166420,7382,3529,6077,69.620
11.172107,7381,3530,6081,69.620
11.176535,7380,3530,6085,69.620
11.180917,7377,3530,6090,69.626
11.187102,7373,3529,6093,69.626
11.191141,7370,3529,6094,69.626
11.196771,7368,3528,6094,69.626
11.201150,7368,3528,6092,69.626
11.206941,7371,3528,6088,69.626
11.211351,7374,3527,6088,69.626
11.215767,7375,3524,6091,69.626
11.221501,7377,3522,6093,69.626
11.225919,7378,3521,6097,69.626
11.231606,7377,3520,6097,69.626
11.236025,7377,3520,6097,69.626
11.241744,7377,3519,6095,69.631
11.246199,7377,3519,6090,69.631
11.251841,7375,3519,6085,69.631
11.256245,7375,3520,6083,69.631
11.260625,7373,3521,6082,69.631
11.266643,7373,3521,6082,69.631
11.270990,7374,3521,6082,69.631
11.276763,7376,3523,6080,69.631
11.281044,7380,3524,6078,69.631
11.286675,7382,3526,6073,69.637
11.291112,7383,3526,6069,69.637
11.295452,7383,3528,6067,69.637
11.301216,7382,3529,6065,69.637
11.305893,7381,3530,6064,69.637
11.311357,7380,3530,6063,69.637
11.315743,7378,3528,6062,69.637
11.321486,7377,3524,6062,69.637
11.326003,7375,3522,6061,69.637
11.331627,7373,3521,6062,69.637
11.336044,7373,3520,6068,69.637
11.340415,7374,3518,6075,69.642
11.346401,7375,3517,6081,69.642
11.350828,7374,3515,6088,69.642
11.356538,7371,3514,6091,69.642
11.361008,7369,3514,6093,69.642
11.366670,7366,3514,6093,69.642
11.371073,7366,3515,6090,69.642
11.375559,7367,3515,6088,69.642
11.381257,7368,3514,6085,69.642
11.385736,7369,3512,6085,69.648
11.391367,7370,3510,6086,69.648
11.395798,7371,3510,6086,69.648
11.401490,7371,3509,6084,69.648
11.405922,7370,3508,6080,69.648
11.411658,7370,3510,6078,69.648
11.416051,7369,3511,6078,69.648
11.420466,7369,3512,6078,69.653
11.426232,7371,3513,6079,69.653
11.430590,7373,3513,6080,69.653
11.436307,7375,3512,6081,69.653
11.440725,7377,3511,6084,69.653
11.446432,7379,3512,6085,69.653
11.450843,7380,3512,6082,69.653
11.455247,7379,3513,6080,69.653
11.461018,7379,3514,6073,69.653
11.465410,7377,3515,6067,69.659
11.471076,7375,3515,6064,69.659
11.475576,7375,3514,6061,69.659
11.481306,7374,3515,6060,69.659
11.485802,7374,3515,6060,69.659
11.491407,7373,3517,6058,69.659
11.495816,7372,3519,6056,69.659
11.500208,7372,3521,6053,69.659
11.505981,7371,3520,6055,69.659
11.510407,7373,3520,6057,69.659
11.516089,7375,3519,6058,69.659
11.520477,7377,3517,6059,69.664
11.526337,7379,3516,6061,69.664
11.530689,7381,3515,6063,69.664
11.535185,7381,3511,6067,69.664
11.540800,7381,3511,6071,69.664
11.545249,7382,3512,6073,69.664
11.550897,7382,3514,6072,69.664
11.555398,7383,3517,6069,69.670
11.560804,7383,3520,6067,69.670
11.565514,7384,3519,6069,69.670
11.571171,7384,3520,6069,69.670
11.575613,7383,3519,6068,69.670
11.580094,7382,3518,6064,69.670
11.585828,7380,3516,6057,69.670
11.590229,7379,3516,6051,69.670
11.595845,7379,3515,6051,69.670
11.600334,7378,3515,6052,69.670
11.605905,7377,3516,6054,69.675
11.610430,7376,3515,6055,69.675
11.614821,7375,3514,6053,69.675
11.620591,7373,3513,6053,69.675
11.624973,7373,3509,6054,69.675
11.630613,7372,3507,6056,69.675
11.635172,7372,3507,6060,69.675
11.640860,7373,3509,6064,69.675
11.645147,7374,3512,6066,69.675
11.650931,7376,3515,6068,69.675
11.655406,7377,3518,6071,69.681
11.659811,7379,3519,6075,69.681
11.665502,7379,3519,6076,69.681
11.669935,7380,3519,6080,69.681
11.675585,7380,3517,6083,69.681
11.680069,7379,3515,6082,69.681
11.685723,7379,3513,6080,69.681
11.690217,7379,3510,6076,69.681
11.694647,7377,3510,6075,69.681
11.700269,7374,3509,6074,69.681
11.704760,7372,3508,6072,69.686
11.710470,7370,3509,6070,69.686
11.714923,7370,3509,6070,69.686
11.720543,7370,3509,6068,69.686
11.725023,7372,3510,6070,69.686
11.730781,7373,3510,6071,69.686
11.735101,7375,3510,6072,69.686
11.739561,7377,3511,6072,69.686
11.745284,7378,3512,6075,69.686
11.749755,7378,3511,6078,69.686
11.755396,7376,3512,6081,69.692
11.759888,7375,3513,6085,69.692
11.765541,7375,3516,6085,69.692
11.769968,7374,3519,6085,69.692
11.774409,7373,3521,6084,69.692
11.780160,7373,3523,6081,69.692
11.784537,7374,3526,6078,69.692
11.790205,7376,3527,6074,69.692
11.794717,7378,3529,6073,69.692
11.800379,7378,3529,6073,69.692
11.804815,7378,3527,6074,69.692
11.810545,7376,3525,6077,69.692
11.814952,7376,3523,6080,69.692
11.819386,7377,3519,6083,69.692
11.825033,7377,3515,6084,69.692
11.829413,7378,3511,6085,69.697
11.835159,7381,3508,6085,69.697
11.839603,7381,3507,6084,69.697
11.845270,7382,3509,6084,69.697
11.849764,7382,3511,6083,69.697
11.854128,7380,3513,6081,69.697
11.859818,7378,3516,6079,69.697
11.864288,7377,3519,6076,69.697
11.869924,7376,3520,6074,69.697
11.874386,7377,3521,6076,69.697
11.880105,7377,3521,6078,69.697
11.884563,7377,3521,6080,69.703
11.890310,7376,3520,6081,69.703
11.894733,7375,3520,6079,69.703
11.899130,7374,3521,6080,69.703
11.904904,7375,3520,6082,69.703
11.909252,7375,3521,6083,69.703
11.914698,7375,3521,6087,69.703
11.919370,7375,3521,6087,69.703
11.925140,7377,3520,6086,69.703
11.929510,7380,3519,6086,69.703
11.933929,7381,3518,6089,69.703
11.939621,7383,3516,6089,69.703
11.944054,7383,3515,6088,69.703
11.949768,7382,3515,6087,69.708
11.954162,7383,3516,6083,69.708
11.959910,7384,3516,6082,69.708
11.964262,7384,3517,6083,69.708
11.970038,7385,3518,6084,69.708
11.974462,7384,3518,6086,69.708
11.978926,7382,3517,6087,69.708
11.984703,7383,3516,6087,69.708
11.989050,7383,3515,6088,69.708
11.994775,7384,3514,6088,69.708
11.999170,7386,3512,6087,69.708
12.004886,7388,3511,6084,69.714
12.009028,7387,3511,6078,69.714
12.013744,7384,3511,6071,69.714
12.019343,7382,3512,6066,69.714
12.023616,7380,3511,6065,69.714
12.029386,7378,3511,6067,69.714
12.033990,7378,3510,6069,69.714
12.039650,7376,3510,6070,69.714
12.044089,7375,3509,6071,69.714
12.049821,7375,3509,6071,69.714
12.054207,7374,3509,6069,69.714
12.058689,7375,3510,6068,69.719
12.064409,7377,3509,6067,69.719
12.068837,7378,3508,6066,69.719
12.074465,7380,3508,6064,69.719
12.078966,7381,3508,6067,69.719
12.084681,7381,3508,6068,69.719
12.089057,7381,3509,6069,69.719
12.093497,7378,3512,6069,69.719
12.099216,7374,3513,6069,69.719
12.103627,7372,3514,6068,69.719
12.109345,7370,3514,6070,69.719
12.113673,7370,3513,6072,69.719
12.119459,7372,3513,6072,69.725
12.123815,7375,3513,6074,69.725
12.129614,7378,3513,6074,69.725
12.134028,7379,3515,6072,69.725
12.138388,7381,3515,6072,69.725
12.143995,7382,3514,6071,69.725
12.148531,7383,3514,6069,69.725
12.154308,7384,3512,6068,69.725
12.158677,7386,3511,6069,69.725
12.164374,7387,3510,6071,69.725
12.168886,7388,3509,6075,69.725
12.173256,7389,3509,6079,69.725
12.179070,7389,3509,6082,69.730
12.183438,7390,3510,6083,69.730
12.189048,7392,3510,6086,69.730
12.193468,7394,3511,6089,69.730
12.199235,7396,3513,6088,69.730
12.203695,7397,3516,6089,69.730
12.209387,7395,3518,6088,69.730
12.213742,7395,3519,6087,69.730
12.218141,7394,3520,6087,69.730
12.223944,7392,3522,6086,69.730
12.228389,7392,3523,6085,69.730
12.234024,7390,3524,6085,69.730
12.238478,7388,3524,6084,69.736
12.244157,7386,3523,6084,69.736
12.248615,7386,3522,6085,69.736
12.253005,7387,3521,6087,69.736
12.258739,7388,3521,6086,69.736
12.263157,7389,3519,6085,69.736
12.268843,7390,3518,6080,69.736
12.273235,7391,3516,6075,69.736
12.279002,7392,3513,6070,69.736
12.283445,7394,3511,6067,69.736
12.289125,7394,3511,6066,69.736
12.293540,7394,3510,6066,69.736
12.297941,7394,3511,6066,69.736
12.303724,7392,3511,6069,69.736
12.308132,7391,3511,6071,69.741
12.313889,7391,3512,6072,69.741
12.318227,7392,3512,6072,69.741
12.323988,7392,3513,6071,69.741
12.328362,7393,3514,6071,69.741
12.332773,7393,3513,6071,69.741
12.338505,7394,3511,6072,69.741
12.342873,7394,3510,6074,69.741
12.348616,7395,3509,6076,69.741
12.353024,7397,3510,6082,69.741
12.358747,7398,3511,6087,69.741
12.363183,7400,3511,6091,69.741
12.368830,7401,3511,6097,69.747
12.373359,7402,3509,6098,69.747
12.377785,7402,3508,6093,69.747
12.383459,7404,3506,6093,69.747
12.387908,7404,3506,6091,69.747
12.393566,7404,3509,6089,69.747
12.398031,7402,3509,6090,69.747
12.403659,7400,3511,6087,69.747
12.408079,7397,3511,6085,69.747
12.412632,7395,3511,6083,69.752
12.418259,7394,3512,6081,69.752
12.422653,7393,3512,6081,69.752
12.428419,7393,3512,6079,69.752
12.432844,7394,3511,6077,69.752
12.438539,7396,3509,6079,69.752
12.442895,7399,3507,6081,69.752
12.448689,7401,3509,6084,69.752
12.453105,7403,3511,6089,69.752
12.457540,7403,3514,6091,69.752
12.463264,7403,3516,6088,69.752
12.467645,7403,3518,6090,69.758
12.473334,7402,3520,6087,69.758
12.477843,7402,3520,6086,69.758
12.483506,7401,3521,6087,69.758
12.487922,7401,3522,6085,69.758
12.492404,7402,3521,6082,69.758
12.498075,7402,3523,6081,69.758
12.502510,7402,3525,6080,69.758
12.508181,7401,3525,6079,69.758
12.512572,7401,3525,6077,69.758
12.518247,7401,3525,6075,69.758
12.522724,7402,3526,6072,69.758
12.528459,7404,3525,6069,69.758
12.532890,7405,3523,6070,69.758
12.537004,7407,3523,6070,69.758
12.543051,7408,3521,6070,69.758
12.547384,7408,3522,6072,69.758
12.553159,7407,3522,6073,69.758
12.557461,7405,3522,6074,69.758
12.563232,7404,3520,6076,69.763
12.567639,7404,3519,6076,69.763
12.572053,7404,3517,6079,69.763
12.577795,7406,3515,6081,69.763
12.582223,7408,3514,6082,69.763
12.587910,7410,3513,6083,69.763
12.592409,7412,3511,6082,69.763
12.598055,7414,3511,6077,69.763
12.602533,7415,3512,6074,69.763
12.608175,7416,3512,6074,69.763
12.612589,7417,3512,6075,69.763
12.617008,7419,3510,6081,69.769
12.622736,7419,3509,6082,69.769
12.627172,7419,3509,6082,69.769
12.632895,7418,3508,6083,69.769
12.637298,7416,3509,6082,69.769
12.642994,7414,3509,6080,69.769
12.647409,7413,3509,6080,69.769
12.651823,7412,3510,6080,69.769
12.657560,7411,3510,6080,69.769
12.661963,7412,3510,6083,69.774
12.667635,7413,3509,6084,69.774
12.672131,7414,3508,6085,69.774
12.677821,7415,3509,6086,69.774
12.682258,7415,3509,6084,69.774
12.687949,7415,3510,6084,69.774
12.692409,7416,3513,6084,69.774
12.696800,7416,3515,6081,69.774
12.702559,7416,3517,6078,69.774
12.706957,7416,3519,6076,69.774
12.712674,7416,3520,6070,69.780
12.717102,7413,3521,6066,69.780
12.722795,7411,3520,6063,69.780
12.727184,7408,3518,6062,69.780
12.731632,7404,3517,6062,69.780
12.737351,7402,3515,6061,69.780
12.741748,7400,3515,6056,69.780
12.747434,7399,3515,6051,69.780
12.751874,7398,3514,6047,69.780
12.757607,7398,3514,6044,69.780
12.762000,7400,3514,6042,69.780
12.767745,7402,3515,6042,69.780
12.772157,7403,3519,6041,69.780
12.776554,7402,3521,6039,69.780
12.782417,7402,3523,6038,69.780
12.786729,7400,3523,6038,69.780
12.792476,7400,3525,6037,69.780
12.796863,7401,3526,6039,69.780
12.802587,7403,3527,6040,69.780
12.807003,7404,3528,6040,69.780
12.811423,7404,3530,6038,69.780
12.817105,7404,3531,6036,69.780
12.821511,7405,3533,6035,69.780
12.827195,7403,3534,6032,69.780
12.831698,7404,3535,6033,69.780
12.837364,7404,3534,6034,69.780
12.841850,7403,3532,6034,69.780
12.847488,7402,3531,6036,69.780
12.851912,7401,3529,6041,69.780
12.856390,7402,3528,6047,69.780
12.862146,7402,3526,6052,69.780
12.866453,7401,3524,6058,69.780
12.872149,7402,3522,6061,69.780
12.876600,7401,3521,6065,69.780
12.882306,7401,3522,6067,69.780
12.886798,7401,3522,6067,69.785
12.891207,7400,3523,6069,69.785
12.896935,7398,3524,6068,69.785
12.901330,7396,3523,6069,69.785
12.907033,7395,3523,6069,69.785
12.911467,7395,3523,6068,69.785
12.917152,7394,3522,6068,69.785
12.921380,7394,3521,6069,69.785
12.927337,7394,3520,6069,69.785
12.931711,7394,3519,6068,69.785
12.936134,7394,3520,6068,69.785
12.941843,7395,3522,6066,69.785
12.946250,7395,3525,6062,69.785
12.951922,7397,3526,6062,69.785
12.956372,7399,3528,6060,69.785
12.962076,7400,3529,6062,69.785
12.966510,7402,3531,6060,69.785
12.970952,7402,3531,6056,69.785
12.976662,7402,3532,6049,69.785
12.981100,7403,3533,6042,69.785
12.986745,7401,3532,6040,69.785
12.991279,7400,3532,6040,69.785
12.996923,7399,3531,6040,69.785
13.001372,7398,3530,6038,69.785
13.006879,7398,3531,6036,69.785
13.011494,7400,3531,6039,69.785
13.015872,7403,3531,6040,69.785
13.021343,7404,3530,6041,69.785
13.026064,7404,3528,6041,69.785
13.031699,7403,3525,6040,69.785
13.035924,7402,3524,6041,69.785
13.041878,7403,3523,6042,69.785
13.046278,7403,3521,6042,69.785
13.050712,7404,3520,6042,69.785
13.056443,7403,3520,6043,69.785
13.060850,7402,3520,6042,69.785
13.066563,7403,3519,6042,69.785
13.070980,7403,3518,6043,69.785
13.076696,7405,3517,6044,69.785
13.081104,7405,3516,6047,69.785
13.086782,7405,3516,6051,69.785
13.091288,7406,3518,6055,69.785
13.095698,7406,3517,6055,69.785
13.101444,7406,3516,6053,69.785
13.105836,7406,3514,6052,69.785
13.111550,7405,3513,6054,69.785
13.115963,7405,3512,6055,69.785
13.121663,7407,3513,6057,69.785
13.126076,7407,3513,6057,69.791
13.130284,7407,3514,6055,69.791
13.136241,7403,3514,6055,69.791
13.140621,7397,3514,6053,69.791
13.146305,7391,3515,6052,69.791
13.150804,7388,3516,6052,69.791
13.156453,7386,3516,6054,69.791
13.160891,7385,3517,6056,69.791
13.166617,7386,3517,6055,69.791
13.171047,7389,3516,6058,69.791
13.175490,7390,3514,6058,69.791
13.181174,7390,3514,6059,69.791
13.185557,7391,3512,6060,69.791
13.191304,7392,3511,6063,69.791
13.195817,7392,3511,6067,69.791
13.201437,7394,3512,6069,69.791
13.205910,7396,3513,6073,69.791
13.210263,7395,3515,6074,69.791
13.216014,7395,3517,6073,69.791
13.220413,7396,3518,6072,69.791
13.226068,7397,3518,6070,69.791
13.230560,7398,3518,6068,69.791
13.236233,7400,3518,6070,69.791
13.240666,7401,3519,6070,69.791
13.246412,7401,3517,6073,69.796
13.250796,7400,3516,6074,69.796
13.255267,7399,3516,6074,69.796
13.260944,7397,3517,6074,69.796
13.265380,7397,3518,6073,69.796
13.271029,7398,3521,6070,69.796
13.275496,7400,3522,6068,69.796
13.281176,7404,3524,6066,69.796
13.285676,7407,3525,6063,69.796
13.290064,7408,3525,6062,69.796
13.295824,7410,3525,6062,69.796
13.300180,7412,3525,6061,69.796
13.305871,7411,3525,6062,69.796
13.310410,7409,3524,6064,69.796
13.316044,7406,3524,6066,69.796
13.320438,7403,3523,6068,69.796
13.326184,7402,3524,6068,69.796
13.330557,7403,3525,6066,69.796
13.334975,7404,3526,6066,69.796
13.340718,7404,3525,6066,69.796
13.345131,7405,3523,6064,69.796
13.350846,7406,3520,6065,69.796
13.355253,7410,3519,6065,69.796
13.360955,7414,3519,6064,69.796
13.365384,7418,3520,6063,69.796
13.369823,7421,3523,6065,69.796
13.375534,7421,3525,6063,69.796
13.379971,7420,3525,6064,69.796
13.385623,7420,3523,6066,69.796
13.390141,7419,3522,6065,69.796
13.395826,7417,3521,6065,69.796
13.400239,7415,3521,6062,69.802
13.405954,7413,3521,6060,69.802
13.410378,7410,3523,6061,69.802
13.414733,7409,3524,6065,69.802
13.420542,7409,3524,6070,69.802
13.424972,7409,3523,6074,69.802
13.430643,7408,3523,6076,69.802
13.435055,7406,3523,6077,69.802
13.440791,7405,3524,6078,69.802
13.445093,7405,3524,6077,69.802
13.449591,7405,3523,6075,69.802
13.455339,7405,3522,6071,69.802
13.459750,7403,3520,6068,69.802
13.465397,7402,3517,6065,69.802
13.469849,7401,3516,6064,69.802
13.475553,7400,3515,6063,69.802
13.480061,7400,3512,6062,69.802
13.485692,7400,3512,6060,69.802
13.490134,7400,3513,6058,69.802
13.494571,7398,3514,6058,69.802
13.500284,7397,3516,6061,69.802
13.504690,7396,3517,6066,69.802
13.510385,7396,3518,6071,69.802
13.514823,7396,3519,6075,69.802
13.520543,7397,3522,6076,69.802
13.524973,7399,3525,6079,69.802
13.529386,7403,3528,6079,69.802
13.535108,7405,3530,6077,69.802
13.539472,7409,3532,6074,69.802
13.545183,7411,3533,6072,69.802
13.549645,7413,3534,6069,69.802
13.555332,7414,3533,6066,69.802
13.559520,7414,3532,6066,69.802
13.565462,7414,3531,6067,69.802
13.569939,7414,3529,6070,69.802
13.574359,7414,3527,6071,69.802
13.580057,7415,3525,6070,69.802
13.584478,7415,3523,6071,69.807
13.590166,7415,3523,6070,69.807
13.594636,7415,3523,6071,69.807
13.600128,7413,3524,6073,69.807
13.604718,7413,3525,6071,69.807
13.609132,7411,3525,6070,69.807
13.614843,7410,3525,6069,69.807
13.619259,7410,3524,6069,69.807
13.624952,7410,3524,6072,69.807
13.629415,7409,3523,6072,69.807
13.635114,7410,3520,6072,69.807
13.639529,7411,3518,6073,69.807
13.645117,7412,3515,6071,69.807
13.649605,7413,3513,6069,69.807
13.654089,7413,3511,6070,69.807
13.659939,7412,3509,6069,69.807
13.664229,7410,3509,6068,69.807
13.669925,7408,3508,6066,69.807
13.674390,7407,3507,6066,69.813
13.680052,7406,3508,6069,69.813
13.684505,7406,3507,6074,69.813
13.688915,7406,3508,6078,69.813
13.694635,7408,3509,6078,69.813
13.699046,7409,3510,6077,69.813
13.704764,7409,3512,6076,69.813
13.709199,7411,3514,6073,69.813
13.714909,7411,3515,6073,69.813
13.719304,7412,3515,6076,69.813
13.725047,7412,3516,6077,69.813
13.729444,7413,3517,6076,69.813
13.733874,7412,3519,6075,69.813
13.739777,7413,3521,6068,69.813
13.744000,7412,3522,6065,69.813
13.749669,7411,3523,6063,69.813
13.754147,7411,3521,6062,69.813
13.759886,7411,3521,6066,69.818
13.764267,7413,3521,6067,69.818
13.768656,7414,3521,6065,69.818
13.774383,7415,3520,6065,69.818
13.778825,7415,3521,6062,69.818
13.784550,7415,3521,6059,69.818
13.788980,7416,3521,6057,69.818
13.794637,7418,3521,6058,69.818
13.799060,7420,3520,6060,69.818
13.804789,7421,3518,6062,69.818
13.809261,7423,3516,6063,69.818
13.813674,7423,3516,6063,69.818
13.819354,7422,3516,6062,69.818
13.823746,7423,3517,6058,69.818
13.829500,7423,3517,6055,69.818
13.833886,7422,3518,6054,69.818
13.839644,7423,3519,6055,69.818
13.844028,7424,3520,6057,69.818
13.848397,7423,3520,6059,69.818
13.854310,7423,3521,6060,69.818
13.858566,7422,3521,6059,69.818
13.864307,7421,3521,6058,69.818
13.868726,7418,3522,6056,69.824
13.874402,7415,3521,6052,69.824
13.878835,7414,3521,6047,69.824
13.884539,7412,3519,6046,69.824
13.888991,7410,3515,6044,69.824
13.893421,7411,3512,6041,69.824
13.899140,7411,3510,6043,69.824
13.903524,7410,3509,6041,69.824
13.909255,7412,3510,6042,69.824
13.913642,7413,3512,6042,69.824
13.919359,7414,3512,6042,69.824
13.923788,7415,3514,6041,69.824
13.928204,7416,3516,6043,69.824
13.933908,7418,3518,6046,69.824
13.938387,7418,3519,6047,69.824
13.944026,7417,3519,6049,69.824
13.948516,7416,3518,6052,69.824
13.954159,7417,3518,6052,69.824
13.958601,7417,3519,6054,69.824
13.964332,7417,3519,6057,69.824
13.968761,7418,3521,6056,69.824
13.973188,7417,3521,6053,69.824
13.978896,7415,3520,6049,69.824
13.983343,7415,3521,6043,69.824
13.988978,7413,3521,6039,69.824
13.993458,7412,3521,6040,69.824
13.999134,7412,3519,6043,69.824
14.003602,7412,3519,6044,69.824
14.007687,7411,3518,6045,69.824
14.013706,7411,3519,6043,69.824
14.018130,7411,3520,6040,69.829
14.023784,7411,3521,6043,69.829
14.028265,7412,3521,6047,69.829
14.033950,7413,3521,6053,69.829
14.038095,7415,3522,6057,69.829
14.044127,7418,3524,6061,69.829
14.048585,7420,3524,6062,69.829
14.052768,7421,3525,6064,69.829
14.058695,7423,3525,6066,69.829
14.063049,7424,3525,6067,69.829
14.068759,7425,3526,6068,69.829
14.073195,7426,3528,6068,69.829
14.078897,7428,3530,6065,69.829
14.083379,7429,3531,6064,69.829
14.087741,7429,3532,6060,69.829
14.093488,7427,3531,6059,69.829
14.097907,7425,3529,6058,69.829
14.103603,7423,3528,6057,69.829
14.108072,7424,3528,6056,69.829
14.113720,7426,3528,6055,69.829
14.118193,7428,3529,6052,69.829
14.123862,7430,3529,6052,69.829
14.128377,7430,3528,6053,69.829
14.132693,7431,3528,6055,69.829
14.138461,7430,3528,6056,69.829
14.142824,7430,3528,6059,69.829
14.148538,7431,3527,6060,69.829
14.152961,7430,3527,6062,69.829
14.158688,7430,3528,6065,69.829
14.163095,7432,3529,6063,69.829
14.167527,7433,3528,6060,69.829
14.173226,7435,3528,6056,69.829
14.177668,7435,3527,6055,69.829
14.183334,7436,3527,6054,69.829
14.187826,7436,3526,6055,69.829
14.193521,7436,3525,6059,69.829
14.197929,7434,3521,6062,69.829
14.203638,7429,3516,6067,69.829
14.208118,7425,3512,6072,69.829
14.212520,7422,3510,6074,69.835
14.218231,7419,3509,6078,69.835
14.222616,7420,3510,6078,69.835
14.228334,7422,3512,6078,69.835
14.232731,7424,3512,6076,69.835
14.238473,7426,3512,6072,69.835
14.242876,7426,3511,6067,69.835
14.247264,7425,3510,6065,69.835
14.253024,7427,3510,6061,69.835
14.257428,7429,3509,6056,69.835
14.263103,7433,3509,6052,69.835
14.267587,7434,3510,6049,69.835
14.273310,7434,3513,6049,69.835
14.277667,7432,3517,6051,69.835
14.283379,7430,3521,6053,69.835
14.287820,7429,3524,6054,69.835
14.292334,7430,3525,6055,69.835
14.298011,7430,3525,6052,69.835
14.302448,7432,3525,6051,69.840
14.308077,7432,3526,6051,69.840
14.312521,7432,3526,6052,69.840
14.317987,7433,3524,6054,69.840
14.322690,7433,3522,6056,69.840
14.327050,7432,3520,6060,69.840
14.332793,7431,3518,6058,69.840
14.337233,7430,3518,6059,69.840
14.342895,7427,3519,6059,69.840
14.347324,7423,3520,6058,69.840
14.353037,7420,3519,6059,69.840
14.357477,7418,3519,6061,69.840
14.363155,7418,3519,6061,69.840
14.367592,7420,3517,6065,69.840
14.372009,7423,3516,6067,69.840
14.377747,7424,3515,6068,69.840
14.382160,7424,3513,6070,69.840
14.387845,7423,3513,6068,69.840
14.392354,7421,3514,6069,69.840
14.397965,7420,3515,6070,69.840
14.402431,7419,3518,6069,69.840
14.406828,7418,3519,6068,69.840
14.412592,7417,3517,6071,69.840
14.416902,7416,3514,6070,69.840
14.422677,7414,3512,6069,69.840
14.427139,7412,3510,6069,69.840
14.432780,7412,3509,6067,69.846
14.437238,7413,3510,6070,69.846
14.442971,7414,3511,6073,69.846
14.447374,7415,3513,6074,69.846
14.451749,7418,3514,6075,69.846
14.457487,7421,3516,6073,69.846
14.461902,7422,3518,6070,69.846
14.467616,7422,3521,6065,69.846
14.472043,7422,3524,6063,69.846
14.477741,7421,3528,6061,69.846
14.482198,7419,3528,6059,69.846
14.486629,7419,3526,6060,69.846
14.492303,7419,3523,6060,69.846
14.496721,7419,3519,6062,69.846
14.502417,7420,3518,6062,69.846
14.506889,7422,3518,6062,69.846
14.512554,7422,3518,6062,69.846
14.516958,7421,3520,6064,69.846
14.522731,7420,3520,6067,69.846
14.527118,7419,3520,6066,69.846
14.531514,7418,3521,6067,69.846
14.537027,7419,3523,6068,69.846
14.541683,7420,3525,6071,69.846
14.547361,7423,3528,6073,69.846
14.551783,7424,3531,6074,69.846
14.557587,7424,3533,6071,69.846
14.561990,7424,3533,6069,69.846
14.566387,7421,3533,6070,69.846
14.572064,7420,3533,6069,69.846
14.576492,7419,3533,6068,69.846
14.582181,7419,3530,6069,69.846
14.586642,7421,3529,6067,69.846
14.592333,7424,3527,6064,69.846
14.596835,7427,3524,6063,69.846
14.602460,7428,3523,6061,69.846
14.606907,7428,3523,6058,69.846
14.611314,7427,3523,6056,69.846
14.617124,7425,3525,6053,69.846
14.621472,7424,3525,6054,69.846
14.627160,7422,3524,6056,69.846
14.631557,7422,3523,6059,69.846
14.637314,7422,3522,6063,69.846
14.641737,7420,3521,6066,69.846
14.646104,7420,3521,6070,69.846
14.651844,7421,3522,6072,69.846
14.656267,7423,3523,6073,69.846
14.661953,7425,3525,6073,69.846
14.666375,7427,3528,6071,69.846
14.672078,7428,3530,6074,69.846
14.676521,7430,3532,6078,69.846
14.682293,7429,3533,6083,69.846
14.686711,7428,3535,6087,69.846
14.691117,7427,3535,6087,69.846
14.696845,7426,3534,6086,69.846
14.701205,7426,3532,6085,69.846
14.706918,7427,3530,6084,69.846
14.711364,7429,3529,6086,69.846
14.717051,7429,3529,6085,69.846
14.721532,7429,3529,6085,69.846
14.725895,7428,3528,6084,69.846
14.731621,7428,3528,6080,69.846
14.736078,7427,3528,6078,69.846
14.741719,7425,3526,6078,69.851
14.746158,7422,3525,6076,69.851
14.751843,7421,3524,6077,69.851
14.756282,7421,3525,6081,69.851
14.762020,7422,3526,6082,69.851
14.766431,7423,3528,6077,69.851
14.770851,7424,3529,6074,69.851
14.776590,7424,3530,6071,69.851
14.780980,7424,3529,6069,69.851
14.786697,7426,3529,6069,69.851
14.791132,7428,3529,6068,69.851
14.796856,7429,3530,6065,69.851
14.801281,7429,3531,6061,69.851
14.805664,7426,3533,6056,69.851
14.811408,7424,3535,6050,69.851
14.815810,7421,3537,6047,69.851
14.821484,7422,3537,6044,69.846
14.825969,7422,3535,6040,69.846
14.831665,7422,3534,6035,69.846
14.836072,7422,3532,6031,69.846
14.841803,7422,3530,6030,69.846
14.846200,7420,3530,6033,69.846
14.850620,7421,3531,6036,69.846
14.856356,7421,3534,6038,69.846
14.860796,7420,3538,6038,69.846
14.866437,7422,3541,6034,69.846
14.870866,7423,3543,6032,69.846
14.876586,7424,3544,6032,69.846
14.880995,7423,3544,6033,69.846
14.885444,7423,3544,6035,69.846
14.891162,7422,3543,6039,69.846
14.895612,7421,3543,6041,69.846
14.901327,7423,3542,6042,69.846
14.905779,7424,3541,6042,69.846
14.911431,7424,3540,6042,69.846
14.915872,7424,3541,6041,69.846
14.921532,7423,3541,6041,69.846
14.926004,7421,3541,6043,69.846
14.930447,7420,3539,6046,69.846
14.936068,7422,3536,6050,69.840
14.940498,7423,3533,6054,69.840
14.946208,7423,3530,6057,69.840
14.950687,7424,3528,6063,69.840
14.956358,7423,3528,6064,69.840
14.960799,7421,3527,6064,69.840
14.965182,7420,3528,6063,69.840
14.971035,7419,3527,6056,69.840
14.975380,7420,3525,6051,69.840
14.981021,7421,3523,6047,69.840
14.985499,7422,3522,6044,69.840
14.991153,7423,3522,6043,69.846
14.995647,7422,3523,6046,69.846
15.001332,7420,3523,6046,69.846
15.005529,7418,3523,6047,69.846
15.010124,7416,3520,6050,69.846
15.015928,7414,3519,6051,69.846
15.020132,7410,3518,6055,69.846
15.026006,7408,3518,6056,69.846
15.030313,7406,3518,6057,69.846
15.036069,7404,3518,6058,69.846
15.040521,7404,3520,6058,69.846
15.045002,7404,3520,6058,69.846
15.050687,7405,3520,6058,69.846
15.055093,7406,3521,6057,69.846
15.060819,7406,3522,6058,69.846
15.065263,7408,3522,6061,69.846
15.070952,7409,3525,6059,69.846
15.075384,7411,3529,6058,69.846
15.081085,7413,3529,6054,69.846
15.085512,7415,3529,6049,69.846
15.089926,7418,3528,6048,69.846
15.095673,7421,3527,6048,69.846
15.100092,7425,3525,6047,69.846
15.105768,7426,3525,6048,69.846
15.110221,7428,3526,6050,69.846
15.115942,7429,3525,6052,69.846
15.120418,7430,3526,6053,69.846
15.124702,7432,3526,6056,69.846
15.130516,7433,3526,6057,69.846
15.134873,7433,3527,6056,69.846
15.140580,7432,3529,6054,69.846
15.145004,7430,3531,6052,69.846
15.150724,7427,3533,6050,69.846
15.155121,7424,3534,6048,69.846
15.160871,7422,3536,6049,69.846
15.165358,7420,3536,6049,69.846
15.169671,7420,3536,6050,69.846
15.175428,7419,3534,6049,69.840
15.179822,7417,3532,6046,69.840
15.185486,7415,3530,6045,69.840
15.189952,7414,3530,6043,69.840
15.195647,7417,3531,6046,69.840
15.200063,7419,3530,6047,69.840
15.204535,7421,3530,6050,69.840
15.210232,7424,3529,6050,69.840
15.214656,7422,3529,6050,69.840
15.220329,7421,3528,6051,69.840
15.224765,7419,3529,6052,69.840
15.230487,7417,3528,6054,69.840
15.234882,7418,3526,6052,69.840
15.240614,7417,3524,6050,69.840
15.245080,7419,3525,6046,69.840
15.249442,7418,3525,6042,69.840
15.255177,7418,3526,6040,69.840
15.259567,7417,3527,6036,69.840
15.265225,7414,3527,6033,69.840
15.269680,7413,3525,6033,69.840
15.275408,7413,3524,6034,69.840
15.279817,7413,3524,6037,69.840
15.284260,7414,3522,6041,69.840
15.289973,7415,3521,6044,69.840
15.294443,7414,3520,6044,69.840
15.300074,7413,3519,6046,69.840
15.304575,7412,3518,6047,69.840
15.310195,7413,3519,6046,69.840
15.314660,7415,3519,6045,69.840
15.320336,7415,3519,6045,69.840
15.324772,7416,3518,6046,69.840
15.328979,7415,3517,6046,69.835
15.334699,7414,3518,6046,69.835
15.339045,7414,3519,6046,69.835
15.344748,7415,3520,6046,69.835
15.349198,7416,3520,6047,69.835
15.354920,7417,3520,6047,69.835
15.359335,7419,3520,6049,69.835
15.363738,7419,3519,6049,69.835
15.369477,7418,3518,6050,69.835
15.373844,7419,3518,6053,69.835
15.379853,7418,3520,6056,69.835
15.384336,7418,3521,6058,69.835
15.389977,7419,3524,6059,69.835
15.394366,7420,3524,6058,69.835
15.400116,7421,3524,6058,69.835
15.404547,7422,3523,6059,69.835
15.408970,7423,3522,6060,69.835
15.414736,7423,3522,6062,69.835
15.419108,7423,3522,6066,69.835
15.424529,7423,3523,6066,69.835
15.428975,7423,3525,6066,69.835
15.434976,7422,3527,6067,69.835
15.439423,7421,3529,6066,69.835
15.443762,7421,3530,6066,69.835
15.449485,7422,3531,6066,69.835
15.453908,7423,3529,6061,69.835
15.459588,7424,3526,6060,69.835
15.464020,7425,3524,6062,69.835
15.469726,7424,3523,6060,69.835
15.474156,7421,3522,6058,69.835
15.479889,7421,3522,6058,69.835
15.484355,7423,3522,6053,69.835
15.488754,7426,3522,6049,69.835
15.494427,7429,3523,6047,69.835
15.498884,7431,3522,6044,69.829
15.504561,7431,3522,6042,69.829
15.508974,7432,3519,6040,69.829
15.514728,7430,3517,6038,69.829
15.519138,7429,3515,6035,69.829
15.523505,7427,3514,6033,69.829
15.529252,7424,3514,6031,69.829
15.533693,7423,3514,6030,69.829
15.539354,7421,3516,6029,69.829
15.543823,7419,3518,6030,69.829
15.549551,7417,3519,6030,69.829
15.553801,7417,3519,6031,69.829
15.559631,7417,3520,6032,69.829
15.564089,7419,3519,6034,69.829
15.568481,7422,3518,6038,69.829
15.574233,7425,3517,6041,69.829
15.578653,7426,3517,6049,69.829
15.584307,7426,3517,6056,69.829
15.588780,7425,3518,6061,69.829
15.594461,7423,3519,6064,69.829
15.598965,7420,3519,6065,69.829
15.603312,7418,3519,6068,69.829
15.609088,7415,3518,6071,69.829
15.613461,7413,3518,6076,69.829
15.619190,7415,3520,6081,69.829
15.623591,7418,3522,6086,69.829
15.629302,7422,3524,6089,69.829
15.633689,7425,3525,6092,69.829
15.639463,7425,3528,6092,69.829
15.643900,7424,3528,6090,69.829
15.648303,7422,3528,6088,69.829
15.653986,7422,3528,6088,69.829
15.658416,7421,3526,6087,69.829
15.664062,7421,3524,6086,69.829
15.668556,7423,3525,6085,69.829
15.674232,7423,3525,6083,69.829
15.678665,7425,3526,6078,69.829
15.683079,7427,3526,6071,69.829
15.688788,7429,3526,6066,69.824
15.693242,7430,3526,6061,69.824
15.698926,7431,3528,6056,69.824
15.703412,7430,3530,6056,69.824
15.709141,7428,3530,6056,69.824
15.713516,7427,3527,6057,69.824
15.719213,7427,3524,6057,69.824
15.723639,7426,3521,6058,69.824
15.728052,7426,3519,6059,69.824
15.733753,7427,3516,6062,69.824
15.738164,7426,3514,6066,69.824
15.743834,7425,3514,6071,69.824
15.748304,7424,3514,6075,69.824
15.754060,7423,3514,6076,69.824
15.758437,7422,3514,6075,69.824
15.762851,7424,3513,6071,69.824
15.768556,7426,3511,6067,69.824
15.772996,7429,3509,6064,69.824
15.778690,7433,3510,6059,69.824
15.783160,7435,3513,6055,69.824
15.788818,7436,3516,6057,69.824
15.793280,7436,3519,6058,69.824
15.798924,7436,3520,6061,69.824
15.803406,7434,3521,6064,69.824
15.807822,7433,3521,6066,69.824
15.813541,7431,3521,6067,69.824
15.817941,7429,3522,6070,69.824
15.823666,7427,3523,6072,69.824
15.828099,7424,3524,6075,69.824
15.833811,7422,3525,6074,69.824
15.838252,7422,3525,6073,69.824
15.842692,7420,3525,6069,69.824
15.848363,7420,3526,6065,69.824
15.852747,7421,3527,6062,69.824
15.858437,7423,3527,6061,69.824
15.862891,7426,3526,6060,69.824
15.868616,7430,3526,6058,69.824
15.873027,7433,3528,6057,69.824
15.878712,7435,3530,6055,69.824
15.883151,7437,3531,6055,69.824
15.887619,7439,3531,6053,69.824
15.893357,7439,3530,6049,69.824
15.897740,7440,3529,6045,69.824
15.903420,7438,3528,6041,69.824
15.907910,7436,3527,6038,69.818
15.913538,7432,3527,6037,69.818
15.917972,7429,3527,6039,69.818
15.922418,7426,3528,6041,69.818
15.928127,7425,3528,6042,69.818
15.932514,7424,3529,6041,69.818
15.938204,7424,3529,6040,69.818
15.942674,7424,3528,6038,69.818
15.948395,7425,3528,6038,69.818
15.952806,7425,3526,6039,69.818
15.958505,7428,3524,6041,69.818
15.962918,7430,3523,6043,69.818
15.967382,7431,3523,6044,69.818
15.973077,7432,3520,6047,69.818
15.977491,7432,3518,6049,69.818
15.983170,7432,3516,6051,69.818
15.987602,7431,3514,6053,69.818
15.993304,7432,3513,6053,69.818
15.997506,7431,3514,6056,69.818
16.001878,7427,3516,6057,69.818
16.007676,7424,3520,6055,69.818
16.012029,7423,3523,6054,69.818
16.017720,7422,3525,6052,69.818
16.022219,7423,3527,6049,69.818
16.027858,7425,3526,6048,69.818
16.032300,7427,3524,6049,69.818
16.038043,7427,3526,6050,69.818
16.042417,7429,3527,6050,69.818
16.047093,7430,3528,6050,69.818
16.052702,7431,3528,6048,69.818
16.057256,7432,3529,6044,69.818
16.063016,7431,3528,6041,69.818
16.067368,7430,3526,6039,69.818
16.073064,7429,3527,6040,69.818
16.077536,7430,3526,6042,69.818
16.081928,7430,3525,6044,69.818
16.087661,7430,3523,6045,69.818
16.092117,7430,3521,6048,69.818
16.097766,7429,3520,6050,69.818
16.102250,7427,3520,6053,69.818
16.107880,7427,3522,6056,69.818
16.112398,7428,3522,6056,69.818
16.118063,7428,3523,6057,69.818
16.122494,7428,3522,6058,69.818
16.126877,7426,3523,6059,69.818
16.132645,7423,3523,6061,69.818
16.137034,7420,3523,6065,69.818
16.142710,7417,3522,6067,69.818
16.147138,7416,3523,6066,69.818
16.152887,7416,3524,6064,69.818
16.157359,7416,3525,6062,69.813
16.161726,7416,3527,6061,69.813
16.167408,7416,3528,6060,69.813
16.171929,7419,3528,6060,69.813
16.177538,7421,3528,6061,69.813
16.181970,7425,3528,6062,69.813
16.187670,7427,3529,6061,69.813
16.192105,7426,3530,6059,69.813
16.197841,7426,3531,6058,69.813
16.202236,7426,3532,6057,69.813
16.206687,7427,3533,6058,69.813
16.212420,7430,3533,6060,69.813
16.216821,7431,3533,6061,69.813
16.222510,7431,3534,6060,69.813
16.226907,7430,3535,6057,69.813
16.232660,7428,3536,6057,69.813
16.237078,7427,3536,6057,69.813
16.241463,7426,3535,6061,69.813
16.247186,7425,3533,6066,69.813
16.251599,7426,3531,6067,69.813
16.257335,7427,3530,6067,69.813
16.261765,7427,3528,6066,69.813
16.267461,7427,3528,6063,69.813
16.271867,7428,3526,6062,69.813
16.277564,7429,3524,6064,69.813
16.282024,7431,3521,6060,69.813
16.286409,7432,3520,6056,69.813
16.292148,7434,3518,6050,69.813
16.296559,7434,3518,6045,69.813
16.302308,7435,3519,6043,69.813
16.306739,7435,3519,6044,69.813
16.312415,7436,3520,6046,69.813
16.316840,7438,3523,6046,69.813
16.321209,7441,3523,6047,69.813
16.326961,7443,3523,6048,69.813
16.331411,7445,3523,6051,69.813
16.337096,7445,3521,6052,69.813
16.341512,7446,3521,6051,69.813
16.347181,7447,3519,6050,69.813
16.351610,7446,3520,6047,69.813
16.357363,7446,3519,6045,69.813
16.361787,7445,3518,6049,69.813
16.366180,7444,3518,6050,69.813
16.371895,7445,3516,6050,69.813
16.376316,7446,3517,6049,69.813
16.382026,7446,3518,6047,69.813
16.386444,7445,3519,6046,69.813
16.392181,7443,3520,6049,69.813
16.396591,7442,3521,6050,69.813
16.400994,7441,3521,6051,69.813
16.406750,7441,3520,6049,69.813
16.411132,7440,3520,6045,69.813
16.416839,7440,3519,6044,69.813
16.421289,7441,3519,6044,69.813
16.426975,7441,3519,6048,69.813
16.431428,7441,3521,6052,69.813
16.437139,7441,3523,6055,69.813
16.441597,7440,3525,6056,69.813
16.445921,7439,3527,6052,69.807
16.451662,7439,3529,6050,69.807
16.456104,7439,3530,6050,69.807
16.461775,7440,3532,6048,69.807
16.466222,7439,3533,6046,69.807
16.471904,7438,3533,6046,69.807
16.476361,7437,3534,6046,69.807
16.480741,7436,3535,6047,69.807
16.486512,7436,3536,6048,69.807
16.490924,7436,3539,6049,69.807
16.496587,7435,3539,6048,69.807
16.501031,7434,3538,6046,69.807
16.506714,7433,3539,6043,69.807
16.511180,7432,3537,6045,69.807
16.516825,7430,3537,6047,69.807
16.521382,7431,3536,6050,69.807
16.525749,7431,3534,6054,69.807
16.531462,7431,3532,6056,69.807
16.535918,7433,3531,6058,69.807
16.541600,7434,3530,6058,69.807
16.545992,7434,3531,6061,69.807
16.551694,7434,3532,6062,69.807
16.556111,7435,3533,6061,69.807
16.560278,7436,3533,6061,69.807
16.566250,7437,3534,6058,69.807
16.570694,7439,3535,6053,69.807
16.576359,7438,3535,6049,69.807
16.580819,7438,3537,6046,69.807
16.586486,7436,3538,6042,69.807
16.590919,7435,3539,6043,69.807
16.596636,7437,3540,6042,69.807
16.601049,7436,3541,6043,69.807
16.605489,7436,3542,6043,69.807
16.611256,7436,3544,6045,69.807
16.615654,7436,3544,6048,69.807
16.621344,7437,3543,6050,69.807
16.625752,7437,3540,6052,69.807
16.631485,7439,3538,6050,69.807
16.635869,7440,3535,6051,69.807
16.640289,7441,3532,6052,69.807
16.646047,7441,3532,6052,69.807
16.650464,7441,3531,6054,69.807
16.656096,7441,3532,6052,69.807
16.660591,7443,3533,6052,69.807
16.666290,7444,3531,6051,69.807
16.670726,7445,3528,6051,69.807
16.676408,7446,3527,6050,69.807
16.680813,7448,3527,6051,69.807
16.685259,7450,3527,6049,69.807
16.690967,7453,3529,6047,69.807
16.695385,7453,3530,6047,69.807
16.701112,7451,3531,6049,69.807
16.705558,7449,3530,6054,69.807
16.711224,7445,3529,6058,69.807
16.715675,7441,3527,6063,69.807
16.720087,7440,3524,6064,69.807
16.725804,7439,3522,6066,69.807
16.730224,7439,3521,6070,69.807
16.735894,7438,3521,6071,69.807
16.740381,7436,3523,6073,69.807
16.746062,7434,3523,6070,69.807
16.750466,7433,3523,6066,69.807
16.756226,7431,3522,6063,69.807
16.760598,7430,3521,6060,69.807
16.765022,7429,3522,6061,69.807
16.770742,7428,3524,6062,69.807
16.775164,7428,3529,6064,69.807
16.780840,7429,3531,6065,69.807
16.785301,7431,3533,6065,69.807
16.790975,7434,3534,6062,69.807
16.795435,7437,3533,6064,69.802
16.799827,7439,3531,6062,69.802
16.805559,7442,3530,6059,69.802
16.810021,7443,3528,6059,69.802
16.815681,7442,3529,6059,69.802
16.820131,7441,3529,6060,69.802
16.825847,7439,3529,6061,69.802
16.830246,7436,3529,6062,69.802
16.835970,7433,3529,6063,69.802
16.840444,7431,3529,6063,69.802
16.844920,7431,3530,6062,69.802
16.850578,7430,3530,6059,69.802
16.854923,7430,3530,6054,69.802
16.860608,7430,3530,6051,69.802
16.865070,7430,3530,6046,69.802
16.870742,7431,3529,6045,69.802
16.875181,7433,3529,6046,69.802
16.879592,7434,3530,6045,69.802
16.885350,7436,3529,6046,69.802
16.889770,7438,3530,6046,69.802
16.895407,7438,3531,6044,69.802
16.899904,7439,3531,6041,69.802
16.905579,7440,3531,6037,69.802
16.910063,7439,3532,6032,69.802
16.915761,7438,3533,6026,69.802
16.920103,7438,3535,6022,69.802
16.924541,7437,3536,6021,69.802
16.930287,7436,3536,6024,69.802
16.934705,7433,3536,6028,69.802
16.940386,7430,3535,6034,69.802
16.944836,7425,3533,6039,69.802
16.950542,7424,3531,6041,69.802
16.954986,7422,3530,6044,69.802
16.959400,7422,3529,6045,69.802
16.965103,7423,3528,6044,69.802
16.969516,7422,3528,6042,69.802
16.975188,7421,3529,6041,69.802
16.979654,7421,3529,6045,69.802
16.985357,7420,3529,6052,69.802
16.989767,7420,3530,6057,69.802
16.995484,7421,3529,6062,69.802
16.999896,7423,3529,6061,69.802
17.004374,7424,3528,6061,69.802
17.009950,7426,3526,6061,69.802
17.014447,7429,3526,6059,69.802
17.020119,7429,3526,6060,69.802
17.024284,7429,3527,6059,69.802
17.030311,7430,3529,6058,69.802
17.034732,7430,3531,6056,69.802
17.038853,7430,3532,6050,69.802
17.045056,7432,3533,6047,69.802
17.049262,7434,3534,6045,69.802
17.054952,7434,3532,6045,69.802
17.059439,7433,3530,6048,69.802
17.065095,7433,3530,6050,69.802
17.069565,7431,3529,6049,69.802
17.075242,7429,3529,6047,69.802
17.079673,7427,3529,6044,69.802
17.084110,7425,3529,6040,69.802
17.089843,7423,3528,6041,69.802
17.094282,7424,3526,6041,69.802
17.099954,7423,3523,6045,69.802
17.104395,7424,3520,6050,69.802
17.110113,7425,3518,6054,69.802
17.114518,7426,3517,6059,69.802
17.118926,7429,3516,6061,69.802
17.124666,7429,3517,6060,69.802
17.129079,7430,3518,6060,69.802
17.134750,7431,3520,6060,69.802
17.139211,7431,3522,6059,69.802
17.144816,7434,3523,6063,69.802
17.149359,7435,3523,6067,69.802
17.155042,7436,3523,6069,69.802
17.159463,7435,3523,6071,69.802
17.163835,7433,3523,6073,69.802
17.169590,7432,3524,6071,69.802
17.174019,7430,3525,6068,69.802
17.179714,7429,3525,6067,69.802
17.184143,7427,3524,6064,69.802
17.189852,7426,3523,6062,69.802
17.194257,7425,3523,6059,69.802
17.198711,7425,3523,6058,69.802
17.204459,7425,3523,6056,69.802
17.208908,7426,3524,6056,69.802
17.214513,7427,3525,6058,69.802
17.218981,7427,3525,6057,69.802
17.224659,7427,3526,6059,69.802
17.229141,7426,3527,6061,69.802
17.234818,7425,3527,6063,69.802
17.239236,7424,3526,6064,69.802
17.243621,7423,3526,6065,69.796
17.249419,7423,3524,6066,69.796
17.253784,7425,3523,6067,69.796
17.259468,7429,3523,6069,69.796
17.263911,7433,3524,6071,69.796
17.269631,7436,3524,6073,69.796
17.274023,7439,3524,6073,69.796
17.278466,7442,3526,6069,69.796
17.284196,7444,3527,6063,69.796
17.288616,7445,3528,6058,69.796
17.294286,7443,3529,6054,69.796
17.298753,7442,3528,6054,69.796
17.304415,7440,3527,6054,69.796
17.308884,7437,3526,6052,69.796
17.314545,7436,3526,6050,69.796
17.319010,7436,3525,6047,69.796
17.323411,7437,3525,6044,69.796
17.329194,7439,3525,6043,69.796
17.333566,7441,3525,6040,69.796
17.339256,7441,3526,6039,69.796
17.343702,7441,3526,6040,69.796
17.349423,7439,3525,6041,69.796
17.353779,7438,3524,6039,69.796
17.358188,7437,3523,6037,69.796
17.363960,7437,3523,6034,69.796
17.368390,7439,3522,6033,69.796
17.374042,7440,3521,6032,69.796
17.378491,7441,3520,6032,69.796
17.384185,7442,3520,6031,69.796
17.388641,7441,3521,6031,69.796
17.394311,7442,3523,6033,69.796
17.398801,7443,3525,6036,69.796
17.403233,7442,3527,6038,69.796
17.408949,7443,3527,6040,69.796
17.413420,7443,3527,6038,69.796
17.419046,7445,3526,6037,69.796
17.423494,7448,3526,6036,69.796
17.429114,7450,3526,6035,69.796
17.433590,7452,3526,6035,69.796
17.437976,7452,3526,6033,69.796
17.443753,7452,3528,6031,69.796
17.448113,7452,3528,6028,69.796
17.453838,7450,3528,6024,69.796
17.458282,7451,3528,6021,69.796
17.463945,7451,3528,6019,69.796
17.468372,7452,3528,6021,69.796
17.474104,7453,3527,6025,69.796
17.478510,7451,3527,6029,69.796
17.482927,7450,3526,6036,69.796
17.488696,7448,3524,6040,69.796
17.493082,7446,3521,6043,69.796
17.498744,7447,3521,6049,69.796
17.503235,7448,3519,6054,69.796
17.508907,7450,3520,6056,69.796
17.513390,7451,3520,6059,69.796
17.517768,7450,3521,6058,69.796
17.523514,7449,3524,6057,69.796
17.527926,7448,3524,6055,69.796
17.533597,7447,3526,6052,69.796
17.538017,7447,3527,6048,69.796
17.543718,7446,3529,6045,69.796
17.548128,7446,3531,6042,69.796
17.553812,7447,3532,6041,69.796
17.558272,7448,3534,6040,69.796
17.562398,7449,3537,6040,69.796
17.568422,7450,3538,6042,69.796
17.572808,7449,3538,6045,69.796
17.578538,7447,3538,6048,69.796
17.582959,7444,3537,6046,69.796
17.588692,7440,3536,6047,69.796
17.593103,7440,3534,6047,69.796
17.597552,7439,3533,6046,69.796
17.603235,7439,3533,6047,69.796
17.607674,7440,3532,6047,69.796
17.613373,7440,3533,6047,69.796
17.617793,7439,3532,6048,69.796
17.623463,7439,3530,6047,69.796
17.627947,7438,3528,6046,69.796
17.633644,7437,3525,6044,69.796
17.638053,7436,3524,6045,69.796
17.642463,7436,3526,6044,69.796
17.648208,7435,3526,6043,69.796
17.652618,7435,3528,6044,69.796
17.658331,7435,3529,6045,69.796
17.662737,7436,3530,6048,69.796
17.668434,7437,3532,6051,69.796
17.672822,7438,3535,6052,69.796
17.677283,7438,3537,6053,69.796
17.682995,7441,3540,6052,69.796
17.687418,7441,3542,6049,69.796
17.693105,7443,3541,6047,69.796
17.697568,7445,3539,6045,69.796
17.703224,7446,3537,6041,69.796
17.707678,7446,3535,6040,69.796
17.713389,7447,3532,6040,69.796
17.717825,7447,3531,6038,69.796
17.722289,7445,3529,6035,69.796
17.727978,7444,3528,6032,69.796
17.732405,7442,3528,6027,69.796
17.738100,7440,3530,6025,69.796
17.742488,7439,3532,6025,69.796
17.748179,7439,3533,6027,69.796
17.752613,7441,3534,6031,69.796
17.757052,7440,3535,6035,69.796
17.762779,7438,3539,6038,69.796
17.767160,7435,3542,6037,69.796
17.772893,7432,3545,6036,69.796
17.777374,7430,3547,6035,69.796
17.783019,7429,3549,6033,69.796
17.787436,7429,3549,6035,69.796
17.793162,7432,3548,6037,69.796
17.797591,7434,3548,6041,69.796
17.801965,7437,3547,6044,69.796
17.807750,7437,3546,6045,69.796
17.812167,7437,3546,6048,69.796
17.817845,7437,3545,6052,69.796
17.822268,7436,3543,6055,69.796
17.828037,7435,3541,6055,69.796
17.832403,7435,3540,6053,69.796
17.836846,7435,3539,6050,69.796
17.842547,7434,3539,6045,69.796
17.846924,7434,3539,6043,69.796
17.852653,7434,3540,6041,69.796
17.857109,7433,3540,6039,69.796
17.862842,7433,3540,6038,69.791
17.867191,7431,3541,6035,69.791
17.872896,7431,3541,6033,69.791
17.877351,7431,3539,6032,69.791
17.881742,7433,3538,6034,69.791
17.887479,7432,3537,6037,69.791
17.891819,7432,3536,6040,69.791
17.897563,7431,3536,6043,69.791
17.902072,7428,3537,6044,69.791
17.907746,7428,3537,6047,69.791
17.912153,7428,3537,6049,69.791
17.916561,7428,3538,6050,69.791
17.922283,7431,3538,6050,69.791
17.926737,7433,3538,6051,69.791
17.932418,7435,3539,6051,69.791
17.936911,7439,3538,6050,69.791
17.942571,7442,3536,6051,69.791
17.946974,7446,3534,6049,69.791
17.952727,7447,3533,6048,69.791
17.957108,7446,3533,6048,69.791
17.961542,7444,3533,6049,69.791
17.967256,7444,3531,6050,69.791
17.971671,7443,3531,6053,69.791
17.977337,7443,3531,6054,69.791
17.981801,7444,3532,6055,69.791
17.987483,7443,3533,6057,69.791
17.991938,7443,3533,6055,69.791
17.996409,7444,3532,6056,69.791
18.002041,7445,3530,6056,69.791
18.006194,7447,3529,6053,69.791
18.012147,7449,3527,6054,69.791
18.016616,7451,3527,6056,69.791
18.022044,7452,3526,6056,69.791
18.026717,7454,3523,6059,69.791
18.032419,7453,3522,6060,69.791
18.036657,7453,3520,6059,69.791
18.041265,7451,3518,6060,69.791
18.047020,7448,3517,6058,69.791
18.051415,7446,3515,6056,69.791
18.057091,7446,3516,6052,69.791
18.061553,7447,3517,6049,69.791
18.067339,7450,3518,6049,69.791
18.071646,7452,3520,6051,69.791
18.076081,7454,3519,6052,69.791
18.081823,7454,3521,6054,69.791
18.086239,7453,3524,6057,69.791
18.091897,7452,3528,6058,69.791
18.096388,7452,3533,6059,69.791
18.102050,7450,3535,6060,69.791
18.106589,7448,3534,6060,69.791
18.112205,7446,3533,6061,69.791
18.116683,7444,3530,6062,69.791
18.121075,7442,3528,6061,69.791
18.126810,7443,3527,6059,69.791
18.131228,7443,3527,6058,69.791
18.136935,7444,3529,6056,69.791
18.141394,7446,3530,6057,69.791
18.147022,7446,3531,6058,69.791
18.151456,7446,3532,6060,69.791
18.155868,7447,3532,6061,69.791
18.161587,7447,3533,6059,69.791
18.166004,7447,3535,6053,69.791
18.171685,7447,3537,6048,69.791
18.176129,7447,3539,6048,69.791
18.181817,7447,3540,6048,69.791
18.186244,7447,3543,6047,69.791
18.192016,7447,3544,6045,69.791
18.196381,7448,3544,6044,69.791
18.200798,7449,3543,6043,69.791
18.206585,7450,3541,6047,69.791
18.210974,7449,3539,6049,69.791
18.216646,7449,3536,6050,69.791
18.221086,7450,3534,6049,69.791
18.226794,7450,3533,6044,69.791
18.231252,7449,3534,6039,69.791
18.235641,7448,3534,6035,69.791
18.241384,7447,3534,6032,69.791
18.245678,7446,3533,6032,69.791
18.251458,7444,3534,6031,69.791
18.255956,7442,3537,6030,69.791
18.261573,7441,3541,6028,69.791
18.265999,7441,3542,6029,69.791
18.271723,7441,3543,6031,69.791
18.276189,7441,3542,6032,69.791
18.280592,7441,3541,6036,69.791
18.286080,7442,3541,6039,69.791
18.290710,7443,3541,6041,69.791
18.296607,7445,3541,6046,69.791
18.300574,7446,3541,6048,69.791
18.306294,7445,3542,6049,69.791
18.310711,7445,3540,6051,69.791
18.315103,7443,3539,6052,69.791
18.320892,7440,3538,6051,69.791
18.325499,7439,3535,6051,69.791
18.331265,7437,3535,6051,69.791
18.335669,7438,3535,6049,69.791
18.341368,7439,3536,6047,69.791
18.345850,7443,3537,6046,69.791
18.351521,7445,3539,6044,69.791
18.355968,7448,3541,6044,69.791
18.360436,7451,3542,6042,69.791
18.366102,7452,3543,6043,69.791
18.370486,7453,3543,6046,69.791
18.376179,7454,3543,6050,69.791
18.380602,7454,3543,6054,69.791
18.386303,7453,3542,6055,69.791
18.390724,7453,3541,6057,69.791
18.395162,7451,3539,6058,69.791
18.400891,7450,3539,6062,69.791
18.405335,7449,3538,6067,69.791
18.410981,7447,3538,6072,69.791
18.415502,7448,3539,6075,69.791
18.421196,7448,3538,6077,69.791
18.425569,7447,3537,6074,69.791
18.431331,7446,3538,6069,69.791
18.435743,7446,3539,6062,69.791
18.440163,7448,3539,6054,69.791
18.445866,7450,3541,6047,69.791
18.450271,7453,3540,6041,69.791
18.455904,7454,3539,6038,69.791
18.460373,7454,3538,6036,69.791
18.466064,7453,3538,6035,69.791
18.470509,7452,3539,6034,69.791
18.474924,7452,3541,6038,69.791
18.480667,7453,3543,6041,69.791
18.485053,7454,3543,6042,69.791
18.490730,7453,3542,6046,69.791
18.495250,7454,3541,6050,69.791
18.500920,7451,3540,6054,69.791
18.505390,7448,3539,6056,69.791
18.511035,7446,3539,6056,69.791
18.515498,7445,3538,6055,69.791
18.519926,7445,3535,6054,69.791
18.525640,7445,3532,6052,69.791
18.530027,7445,3529,6051,69.791
18.535774,7444,3528,6053,69.791
18.540166,7445,3530,6055,69.791
18.545884,7445,3532,6057,69.791
18.550324,7445,3535,6059,69.791
18.554528,7445,3537,6062,69.791
18.560483,7443,3539,6062,69.791
18.564860,7440,3539,6058,69.791
18.570560,7438,3538,6054,69.791
18.574993,7435,3539,6050,69.791
18.580663,7433,3539,6047,69.791
18.585102,7433,3540,6050,69.791
18.590810,7433,3542,6051,69.791
18.595207,7432,3545,6052,69.791
18.599715,7433,3547,6055,69.791
18.605377,7433,3550,6057,69.791
18.609823,7433,3551,6060,69.791
18.615483,7431,3551,6063,69.791
18.619930,7429,3552,6064,69.791
18.625619,7428,3552,6065,69.791
18.630053,7427,3551,6063,69.791
18.634401,7426,3552,6063,69.791
18.640181,7427,3553,6063,69.791
18.644624,7427,3551,6064,69.791
18.650339,7428,3549,6068,69.791
18.654773,7430,3546,6070,69.791
18.660460,7432,3543,6070,69.791
18.664852,7434,3541,6069,69.791
18.670610,7435,3538,6068,69.791
18.675004,7438,3534,6065,69.791
18.679415,7439,3531,6061,69.791
18.685137,7440,3530,6057,69.791
18.689546,7440,3530,6055,69.791
18.695227,7439,3531,6053,69.791
18.699712,7439,3533,6052,69.791
18.705410,7440,3535,6053,69.791
18.709807,7441,3537,6051,69.791
18.714235,7441,3540,6049,69.791
18.720009,7442,3542,6050,69.791
18.724427,7444,3543,6049,69.791
18.730083,7445,3544,6048,69.791
18.734588,7447,3544,6048,69.791
18.740233,7448,3543,6050,69.791
18.744670,7449,3539,6051,69.791
18.750379,7451,3537,6052,69.791
18.754787,7455,3534,6055,69.791
18.759259,7457,3531,6054,69.791
18.764922,7459,3531,6053,69.791
18.769513,7459,3530,6055,69.791
18.775006,7457,3530,6056,69.791
18.779449,7456,3529,6058,69.791
18.785079,7455,3528,6062,69.791
18.789563,7455,3527,6063,69.791
18.793999,7458,3525,6065,69.791
18.799780,7460,3526,6064,69.791
18.804152,7461,3529,6062,69.791
18.809801,7461,3531,6060,69.791
18.814291,7458,3533,6057,69.791
18.819982,7455,3536,6057,69.791
18.824416,7452,3538,6056,69.791
18.830150,7450,3540,6058,69.791
18.834595,7452,3543,6058,69.791
18.839005,7451,3545,6058,69.791
18.844672,7450,3547,6057,69.791
18.849086,7449,3548,6056,69.785
18.854659,7448,3550,6058,69.785
18.859186,7446,3549,6059,69.785
18.864987,7445,3548,6058,69.785
18.869422,7446,3548,6056,69.785
18.873724,7446,3547,6054,69.785
18.879485,7446,3545,6052,69.785
18.883902,7448,3544,6049,69.785
18.889586,7451,3543,6047,69.785
18.894062,7454,3540,6047,69.785
18.899717,7458,3539,6047,69.785
18.904156,7461,3537,6050,69.785
18.909892,7460,3535,6053,69.785
18.914340,7459,3533,6056,69.785
18.918766,7457,3531,6058,69.785
18.924493,7456,3528,6059,69.785
18.928687,7456,3527,6057,69.785
18.934558,7458,3527,6057,69.785
18.938977,7460,3530,6054,69.785
18.944692,7459,3535,6051,69.785
18.949112,7457,3538,6051,69.785
18.953553,7456,3540,6050,69.785
18.959314,7454,3539,6051,69.785
18.963694,7452,3538,6054,69.785
18.969366,7451,3537,6056,69.785
18.973816,7451,3538,6056,69.785
18.979525,7454,3539,6055,69.785
18.983921,7457,3539,6054,69.785
18.989667,7460,3539,6052,69.785
18.994063,7461,3538,6051,69.785
18.998527,7461,3538,6049,69.785
19.004232,7460,3535,6050,69.785
19.008355,7459,3535,6050,69.785
19.014301,7459,3535,6050,69.785
19.018777,7458,3534,6051,69.785
19.024448,7456,3534,6048,69.785
19.028964,7452,3533,6043,69.785
19.033298,7449,3533,6037,69.785
19.038785,7446,3533,6032,69.785
19.043450,7445,3531,6028,69.785
19.049148,7447,3530,6031,69.785
19.053489,7450,3528,6036,69.785
19.059308,7452,3528,6037,69.785
19.063719,7452,3530,6037,69.785
19.069407,7452,3533,6036,69.785
19.073836,7453,3535,6034,69.785
19.078278,7451,3536,6035,69.785
19.083999,7450,3536,6038,69.785
19.088392,7449,3534,6042,69.785
19.094085,7447,3532,6046,69.785
19.098527,7448,3530,6047,69.785
19.104214,7449,3530,6047,69.785
19.108665,7451,3527,6045,69.785
19.113115,7452,3526,6045,69.785
19.118846,7451,3526,6046,69.785
19.123240,7450,3527,6048,69.785
19.128920,7450,3530,6050,69.785
19.133408,7449,3531,6053,69.785
19.139104,7451,3531,6057,69.785
19.143532,7452,3531,6061,69.785
19.149310,7453,3532,6062,69.785
19.153692,7454,3532,6062,69.785
19.158084,7456,3533,6061,69.785
19.163846,7457,3534,6057,69.785
19.168225,7458,3534,6055,69.785
19.173986,7458,3535,6055,69.785
19.178374,7458,3535,6056,69.785
19.184080,7456,3535,6057,69.785
19.188479,7453,3535,6058,69.785
19.192959,7450,3536,6058,69.785
19.198612,7449,3537,6059,69.785
19.203009,7452,3537,6062,69.785
19.208779,7455,3537,6061,69.785
19.213111,7457,3535,6060,69.785
19.218900,7457,3532,6058,69.785
19.223307,7455,3529,6054,69.785
19.229035,7454,3526,6049,69.785
19.233481,7453,3525,6045,69.785
19.237773,7453,3524,6043,69.785
19.243605,7456,3524,6043,69.785
19.248038,7456,3522,6042,69.785
19.253705,7456,3522,6040,69.785
19.258085,7455,3521,6040,69.785
19.263829,7454,3521,6037,69.785
19.268286,7455,3520,6038,69.785
19.272669,7455,3520,6040,69.785
19.278358,7455,3521,6042,69.785
19.282738,7453,3521,6046,69.785
19.288486,7451,3521,6049,69.785
19.292954,7448,3522,6051,69.785
19.298634,7447,3524,6053,69.785
19.303099,7448,3525,6055,69.785
19.308770,7449,3526,6053,69.785
19.313201,7451,3528,6051,69.785
19.317644,7450,3527,6050,69.785
19.323359,7450,3528,6049,69.785
19.327794,7449,3529,6046,69.785
19.333433,7449,3530,6045,69.785
19.337919,7451,3532,6042,69.785
19.343639,7453,3533,6039,69.785
19.348049,7455,3532,6038,69.785
19.352436,7457,3531,6036,69.785
19.358220,7457,3528,6036,69.785
19.362566,7454,3525,6036,69.785
19.368214,7452,3524,6039,69.785
19.372719,7451,3524,6040,69.785
19.378324,7450,3523,6040,69.785
19.382823,7451,3525,6039,69.785
19.388485,7450,3525,6037,69.785
19.392952,7448,3525,6034,69.785
19.397393,7446,3528,6031,69.785
19.403101,7445,3528,6029,69.785
19.407542,7447,3528,6027,69.785
19.413226,7448,3529,6023,69.785
19.417692,7451,3532,6022,69.785
19.423360,7452,3535,6019,69.785
19.427771,7451,3537,6018,69.785
19.432128,7450,3539,6020,69.785
19.437939,7450,3539,6020,69.785
19.442282,7450,3541,6020,69.785
19.448016,7452,3542,6018,69.785
19.452437,7454,3542,6014,69.785
19.458157,7456,3543,6014,69.785
19.462638,7457,3544,6018,69.785
19.468324,7457,3544,6023,69.785
19.472742,7458,3544,6030,69.785
19.477082,7458,3544,6035,69.785
19.482819,7458,3545,6038,69.785
19.487281,7459,3544,6039,69.785
19.493000,7460,3546,6036,69.785
19.497424,7461,3545,6034,69.785
19.503121,7461,3546,6029,69.785
19.507557,7460,3547,6026,69.785
19.511985,7460,3547,6026,69.785
19.517693,7459,3546,6025,69.785
19.522142,7459,3545,6025,69.785
19.527776,7458,3543,6026,69.785
19.532260,7458,3543,6026,69.785
19.537939,7457,3542,6028,69.785
19.542341,7457,3540,6032,69.785
19.548108,7456,3540,6035,69.785
19.552501,7455,3539,6034,69.785
19.556722,7453,3537,6036,69.785
19.562521,7451,3537,6035,69.785
19.566959,7451,3537,6035,69.785
19.572765,7451,3538,6034,69.785
19.577168,7452,3541,6031,69.785
19.582904,7453,3543,6032,69.785
19.587390,7454,3544,6032,69.785
19.591642,7455,3544,6036,69.785
19.597410,7457,3544,6042,69.785
19.601876,7460,3540,6046,69.785
19.607498,7461,3538,6050,69.785
19.612033,7463,3537,6054,69.785
19.617698,7465,3537,6056,69.785
19.622080,7468,3537,6058,69.785
19.627849,7470,3537,6059,69.785
19.632318,7472,3537,6061,69.785
19.636696,7472,3534,6060,69.785
19.642334,7471,3532,6060,69.785
19.646846,7470,3533,6057,69.785
19.652505,7471,3533,6055,69.785
19.656944,7472,3532,6054,69.785
19.662584,7472,3532,6051,69.785
19.667072,7472,3533,6049,69.785
19.671491,7474,3534,6047,69.785
19.677206,7473,3535,6044,69.785
19.681607,7473,3537,6043,69.785
19.687307,7472,3539,6044,69.785
19.691769,7470,3539,6046,69.785
19.697466,7467,3540,6049,69.785
19.701896,7466,3542,6051,69.785
19.707532,7464,3544,6051,69.785
19.711958,7462,3545,6052,69.785
19.716466,7460,3544,6052,69.785
19.722106,7456,3542,6052,69.785
19.726604,7455,3541,6052,69.785
19.732332,7455,3540,6049,69.785
19.736703,7455,3540,6046,69.785
19.742328,7457,3540,6043,69.785
19.746870,7456,3542,6042,69.785
19.751239,7456,3544,6039,69.785
19.757019,7454,3546,6037,69.785
19.761373,7453,3548,6035,69.785
19.767139,7454,3549,6034,69.785
19.771540,7457,3551,6037,69.785
19.777189,7458,3550,6041,69.785
19.781631,7461,3547,6046,69.785
19.787361,7462,3544,6051,69.785
19.791846,7459,3541,6049,69.780
19.796215,7457,3540,6046,69.780
19.801948,7454,3540,6041,69.780
19.806386,7452,3539,6036,69.780
19.812064,7449,3540,6032,69.780
19.816542,7449,3539,6033,69.780
19.822211,7448,3537,6033,69.780
19.826658,7448,3535,6035,69.780
19.831077,7450,3533,6037,69.780
19.836802,7450,3533,6037,69.780
19.841209,7450,3534,6037,69.780
19.846882,7451,3534,6039,69.780
19.851339,7452,3534,6042,69.780
19.857024,7453,3534,6042,69.780
19.861479,7454,3534,6040,69.780
19.867137,7454,3533,6040,69.785
19.871610,7453,3532,6040,69.780
19.876014,7452,3531,6044,69.780
19.881733,7450,3530,6048,69.785
19.886132,7449,3527,6050,69.785
19.891818,7449,3526,6053,69.785
19.896263,7449,3523,6053,69.785
19.901966,7447,3520,6053,69.785
19.906386,7447,3519,6053,69.785
19.910852,7447,3519,6052,69.785
19.916539,7448,3520,6050,69.785
19.920981,7450,3521,6049,69.785
19.926689,7452,3523,6049,69.785
19.931148,7455,3525,6048,69.791
19.936878,7456,3525,6048,69.791
19.941219,7456,3527,6048,69.791
19.946961,7456,3527,6048,69.791
19.951382,7455,3526,6049,69.791
19.955792,7454,3527,6049,69.791
19.961544,7453,3528,6047,69.791
19.965945,7450,3531,6046,69.791
19.971434,7448,3536,6045,69.791
19.976040,7448,3539,6046,69.791
19.981779,7449,3542,6048,69.791
19.986214,7452,3543,6050,69.791
19.990560,7455,3543,6052,69.791
19.996368,7458,3543,6053,69.791
20.000697,7459,3542,6053,69.791
20.006172,7462,3541,6052,69.791
20.010793,7461,3541,6051,69.791
20.016542,7461,3541,6050,69.791
20.020799,7462,3539,6052,69.791
20.026749,7463,3536,6053,69.791
20.031099,7465,3534,6054,69.791
20.035533,7466,3533,6053,69.791
20.041009,7468,3531,6053,69.791
20.045703,7471,3530,6050,69.796
20.051390,7472,3528,6048,69.796
20.055791,7473,3526,6046,69.796
20.061571,7473,3526,6040,69.796
20.065962,7474,3526,6035,69.796
20.070408,7472,3527,6030,69.796
20.076078,7469,3527,6025,69.796
20.080433,7468,3529,6021,69.796
20.086181,7468,3533,6018,69.796
20.090715,7468,3536,6018,69.796
20.096354,7468,3538,6020,69.796
20.100862,7468,3538,6022,69.796
20.106493,7466,3536,6023,69.796
20.110921,7466,3532,6024,69.796
20.115282,7467,3530,6026,69.796
20.121103,7466,3527,6028,69.796
20.125532,7467,3525,6032,69.796
20.131138,7467,3524,6036,69.796
20.135611,7466,3523,6038,69.796
20.141381,7464,3521,6039,69.796
20.145678,7461,3520,6038,69.796
20.150130,7459,3518,6037,69.796
20.155923,7457,3518,6038,69.802
20.160299,7456,3518,6037,69.802
20.165866,7457,3519,6039,69.802
20.170415,7459,3520,6039,69.802
20.176086,7461,3521,6036,69.802
20.180511,7462,3521,6035,69.802
20.186310,7463,3521,6036,69.802
20.190615,7464,3521,6037,69.802
20.195108,7465,3521,6037,69.802
20.200847,7464,3521,6038,69.802
20.205212,7461,3522,6039,69.802
20.210901,7458,3523,6041,69.807
20.215325,7456,3525,6041,69.807
20.221061,7455,3526,6045,69.807
20.225529,7454,3526,6046,69.807
20.229917,7454,3526,6047,69.807
20.235652,7453,3525,6047,69.807
20.240065,7452,3525,6046,69.807
20.245718,7453,3524,6045,69.807
20.250203,7456,3523,6046,69.807
20.255850,7458,3523,6046,69.807
20.260282,7460,3524,6046,69.807
20.266018,7461,3524,6047,69.807
20.270437,7461,3525,6047,69.807
20.274848,7461,3527,6047,69.807
20.280524,7460,3528,6048,69.807
20.284920,7460,3531,6046,69.807
20.290711,7461,3532,6046,69.807
20.295115,7463,3535,6044,69.807
20.300819,7464,3535,6039,69.807
20.305203,7465,3537,6033,69.807
20.309666,7466,3539,6030,69.813
20.315411,7466,3541,6029,69.813
20.319875,7468,3543,6032,69.813
20.325549,7469,3545,6035,69.813
20.330016,7470,3545,6038,69.813
20.335660,7470,3546,6040,69.813
20.340094,7467,3545,6043,69.813
20.345805,7465,3545,6043,69.813
20.350261,7464,3545,6042,69.813
20.354620,7465,3545,6043,69.813
20.360388,7468,3546,6041,69.813
20.364711,7471,3547,6042,69.813
20.370416,7474,3547,6042,69.813
20.374838,7474,3546,6041,69.813
20.380599,7473,3545,6038,69.813
20.385026,7471,3544,6036,69.813
20.389437,7469,3545,6034,69.813
20.395207,7468,3546,6035,69.813
20.399534,7467,3548,6037,69.813
20.405208,7464,3548,6037,69.813
20.409747,7460,3548,6034,69.813
20.415405,7459,3547,6031,69.813
20.419911,7457,3545,6031,69.813
20.425557,7456,3545,6034,69.813
20.430002,7456,3542,6040,69.813
20.434400,7454,3541,6046,69.813
20.440168,7454,3541,6049,69.813
20.444573,7456,3541,6048,69.813
20.450330,7457,3540,6049,69.813
20.454640,7456,3540,6048,69.813
20.460407,7455,3539,6047,69.813
20.464823,7455,3539,6046,69.813
20.469203,7455,3539,6043,69.813
20.474956,7454,3539,6041,69.813
20.479391,7453,3540,6038,69.813
20.485033,7451,3541,6032,69.813
20.489479,7449,3542,6030,69.813
20.495207,7449,3544,6030,69.813
20.499614,7449,3544,6030,69.813
20.505308,7450,3543,6031,69.813
20.509716,7452,3542,6031,69.813
20.514207,7453,3540,6029,69.813
20.519897,7455,3539,6027,69.813
20.524341,7457,3538,6026,69.813
20.529942,7460,3539,6025,69.813
20.534454,7463,3540,6025,69.813
20.540020,7467,3539,6027,69.813
20.544545,7469,3538,6026,69.813
20.549006,7471,3538,6025,69.813
20.554558,7471,3535,6024,69.813
20.559057,7471,3533,6027,69.813
20.564589,7471,3533,6029,69.813
20.569261,7471,3531,6030,69.813
20.574951,7472,3532,6032,69.813
20.579385,7471,3533,6032,69.813
20.585049,7470,3533,6032,69.813
20.589504,7471,3534,6033,69.813
20.593971,7471,3536,6035,69.813
20.599666,7470,3536,6036,69.813
20.603982,7470,3537,6037,69.813
20.609743,7469,3537,6037,69.813
20.614192,7467,3539,6037,69.813
20.619884,7467,3540,6036,69.813
20.624390,7466,3542,6035,69.813
20.628750,7465,3544,6033,69.813
20.634503,7465,3544,6031,69.813
20.638937,7465,3544,6034,69.813
20.644567,7464,3545,6035,69.813
20.649049,7463,3545,6041,69.813
20.654746,7462,3545,6046,69.813
20.659169,7461,3544,6046,69.813
20.664926,7461,3542,6048,69.813
20.669284,7462,3542,6047,69.813
20.673697,7461,3543,6043,69.813
20.679441,7460,3543,6043,69.813
20.683809,7460,3544,6044,69.813
20.689513,7460,3542,6047,69.813
20.693963,7460,3540,6048,69.813
20.699669,7460,3539,6048,69.813
20.704030,7460,3538,6045,69.813
20.708514,7461,3538,6043,69.813
20.714231,7462,3538,6044,69.813
20.718684,7464,3538,6047,69.813
20.724333,7466,3539,6054,69.813
20.728839,7468,3539,6058,69.813
20.734485,7471,3538,6057,69.813
20.738872,7471,3538,6054,69.813
20.744641,7471,3537,6050,69.813
20.749077,7471,3537,6046,69.813
20.753441,7470,3538,6044,69.813
20.759317,7470,3537,6044,69.813
20.763572,7471,3537,6045,69.813
20.769269,7472,3537,6044,69.813
20.773732,7473,3537,6044,69.813
20.779433,7473,3535,6045,69.818
20.783853,7474,3534,6046,69.818
20.788261,7475,3534,6047,69.818
20.793958,7477,3533,6047,69.818
20.798388,7478,3533,6048,69.818
20.804055,7476,3534,6048,69.818
20.808480,7475,3536,6049,69.818
20.814234,7473,3537,6049,69.818
20.818609,7471,3539,6047,69.818
20.824370,7472,3541,6045,69.818
20.828851,7476,3543,6044,69.818
20.833213,7478,3546,6044,69.818
20.838882,7483,3548,6044,69.818
20.843324,7486,3550,6046,69.818
20.849008,7486,3550,6044,69.818
20.853500,7486,3549,6042,69.818
20.859228,7484,3549,6039,69.818
20.863631,7483,3549,6036,69.818
20.868033,7482,3550,6034,69.818
20.873743,7482,3551,6034,69.818
20.878151,7484,3552,6039,69.818
20.883827,7485,3552,6043,69.818
20.888311,7484,3549,6051,69.818
20.894000,7483,3547,6055,69.818
20.898413,7481,3545,6056,69.818
20.904158,7480,3543,6057,69.818
20.908485,7478,3542,6057,69.818
20.913013,7476,3541,6059,69.818
20.918722,7475,3539,6061,69.818
20.923080,7474,3538,6061,69.818
20.928820,7474,3536,6057,69.818
20.932980,7473,3535,6053,69.818
20.938991,7472,3535,6048,69.818
20.943385,7469,3535,6042,69.818
20.947794,7466,3536,6040,69.818
20.953594,7463,3536,6040,69.818
20.957916,7461,3536,6041,69.818
20.963616,7461,3535,6043,69.818
20.968040,7461,3535,6047,69.818
20.973763,7462,3534,6048,69.818
20.978128,7465,3534,6048,69.818
20.983875,7464,3535,6048,69.818
20.988359,7464,3535,6049,69.818
20.992713,7464,3535,6052,69.818
20.998160,7464,3534,6055,69.818
21.002547,7465,3534,6055,69.818
21.008321,7468,3533,6053,69.818
21.012733,7469,3533,6048,69.818
21.018411,7471,3533,6042,69.818
21.022882,7472,3534,6037,69.824
21.027308,7472,3535,6035,69.824
21.032999,7471,3537,6037,69.824
21.037420,7470,3537,6038,69.824
21.043096,7469,3536,6042,69.824
21.047849,7469,3535,6045,69.824
21.053344,7468,3532,6049,69.824
21.057906,7467,3531,6053,69.824
21.063585,7466,3532,6055,69.824
21.068082,7465,3533,6057,69.824
21.072456,7466,3535,6054,69.824
21.078178,7467,3537,6050,69.824
21.082612,7467,3539,6046,69.824
21.088236,7467,3538,6040,69.824
21.092720,7466,3536,6039,69.824
21.098494,7466,3534,6041,69.824
21.102904,7465,3532,6041,69.824
21.107281,7465,3532,6043,69.824
21.112981,7467,3531,6046,69.824
21.117456,7470,3531,6047,69.824
21.123108,7473,3532,6047,69.824
21.127584,7475,3532,6048,69.824
21.133305,7476,3533,6047,69.824
21.137789,7476,3534,6047,69.824
21.143470,7475,3536,6047,69.824
21.147808,7475,3536,6047,69.824
21.152234,7472,3537,6047,69.824
21.157965,7471,3537,6047,69.824
21.162421,7470,3538,6048,69.824
21.168060,7468,3540,6050,69.824
21.172501,7469,3542,6049,69.824
21.178157,7470,3544,6047,69.824
21.182617,7472,3547,6044,69.824
21.186990,7473,3549,6044,69.824
21.192766,7473,3551,6042,69.824
21.197151,7472,3553,6043,69.824
21.202848,7472,3552,6045,69.824
21.207325,7470,3550,6045,69.824
21.213003,7470,3547,6046,69.824
21.217430,7470,3543,6047,69.824
21.223108,7469,3541,6045,69.824
21.227370,7469,3540,6043,69.824
21.232014,7467,3539,6042,69.824
21.237740,7466,3539,6041,69.824
21.242171,7467,3540,6037,69.824
21.247800,7467,3542,6036,69.824
21.252223,7469,3543,6037,69.824
21.257960,7471,3544,6038,69.824
21.262381,7472,3546,6037,69.824
21.266772,7472,3546,6035,69.824
21.272507,7471,3548,6032,69.824
21.276925,7471,3548,6027,69.824
21.282605,7471,3547,6024,69.824
21.287056,7474,3546,6021,69.824
21.292738,7477,3545,6017,69.824
21.297155,7480,3545,6015,69.824
21.302900,7481,3544,6015,69.824
21.307360,7480,3545,6014,69.824
21.311752,7476,3544,6012,69.824
21.317464,7471,3543,6010,69.824
21.321846,7467,3541,6007,69.824
21.327540,7466,3540,6005,69.824
21.332055,7465,3539,6004,69.824
21.337691,7467,3539,6003,69.824
21.342169,7470,3539,6004,69.824
21.346515,7471,3537,6008,69.824
21.352315,7472,3536,6011,69.824
21.356723,7473,3535,6014,69.824
21.362398,7474,3533,6017,69.824
21.366831,7475,3532,6018,69.824
21.372547,7475,3531,6020,69.824
21.376955,7474,3531,6022,69.824
21.382691,7474,3532,6020,69.824
21.387079,7473,3532,6020,69.824
21.391465,7473,3533,6019,69.824
21.397216,7474,3533,6018,69.824
21.401720,7475,3531,6018,69.824
21.407343,7475,3530,6017,69.824
21.411813,7476,3529,6018,69.824
21.417507,7476,3529,6019,69.824
21.421953,7476,3529,6019,69.824
21.426339,7476,3528,6022,69.824
21.432144,7475,3529,6023,69.824
21.436483,7476,3530,6024,69.824
21.442168,7476,3527,6026,69.829
21.446631,7477,3525,6027,69.829
21.452367,7478,3523,6027,69.829
21.456755,7478,3521,6027,69.829
21.462524,7479,3521,6024,69.829
21.466937,7479,3523,6020,69.829
21.471291,7478,3525,6017,69.829
21.477036,7477,3526,6013,69.829
21.481410,7478,3526,6013,69.829
21.487129,7477,3528,6012,69.829
21.491557,7478,3529,6011,69.829
21.497328,7480,3530,6011,69.829
21.501676,7482,3533,6011,69.829
21.506082,7485,3536,6014,69.829
21.511820,7488,3538,6019,69.829
21.516270,7489,3540,6022,69.829
21.521920,7489,3540,6025,69.829
21.526409,7488,3539,6023,69.829
21.532082,7487,3535,6023,69.829
21.536280,7486,3531,6024,69.829
21.542130,7486,3528,6027,69.829
21.546638,7485,3525,6031,69.829
21.551017,7483,3524,6034,69.835
21.556694,7481,3525,6036,69.835
21.561238,7479,3526,6036,69.835
21.566656,7476,3528,6033,69.835
21.571237,7475,3529,6030,69.835
21.577082,7475,3531,6028,69.835
21.581459,7475,3532,6027,69.835
21.585872,7475,3533,6027,69.835
21.591536,7475,3534,6026,69.835
21.596000,7474,3535,6024,69.835
21.601600,7472,3535,6023,69.835
21.606102,7471,3535,6022,69.835
21.611847,7470,3535,6021,69.835
21.616207,7470,3537,6022,69.835
21.621968,7471,3538,6022,69.835
21.626436,7474,3539,6023,69.835
21.630793,7476,3540,6024,69.835
21.636486,7479,3538,6027,69.835
21.640953,7481,3536,6031,69.835
21.646658,7482,3536,6034,69.835
21.651047,7484,3537,6035,69.835
21.656784,7485,3539,6035,69.835
21.661271,7487,3540,6035,69.835
21.665701,7487,3540,6035,69.835
21.671422,7486,3538,6036,69.835
21.675738,7484,3537,6035,69.835
21.681485,7482,3536,6035,69.835
21.685893,7480,3535,6035,69.835
21.691613,7479,3535,6033,69.835
21.696027,7478,3535,6031,69.835
21.701740,7477,3537,6027,69.835
21.706180,7475,3539,6022,69.835
21.710568,7473,3540,6021,69.835
21.716356,7471,3540,6019,69.835
21.720777,7471,3539,6020,69.835
21.726425,7471,3538,6021,69.835
21.730863,7471,3536,6023,69.835
21.736562,7471,3535,6027,69.835
21.740981,7473,3533,6032,69.840
21.745423,7475,3532,6038,69.840
21.751112,7477,3531,6043,69.840
21.755533,7478,3530,6042,69.840
21.761254,7480,3529,6041,69.840
21.765692,7482,3527,6039,69.840
21.771388,7482,3527,6039,69.840
21.775791,7482,3527,6042,69.840
21.781545,7480,3528,6045,69.840
21.785869,7477,3530,6046,69.840
21.790390,7476,3531,6044,69.840
21.796026,7477,3532,6039,69.840
21.800513,7479,3532,6036,69.840
21.806166,7480,3533,6034,69.840
21.810641,7481,3534,6035,69.840
21.816334,7481,3534,6035,69.840
21.820791,7479,3536,6035,69.840
21.825204,7478,3537,6034,69.840
21.830927,7476,3539,6031,69.840
21.835333,7474,3539,6027,69.840
21.841054,7473,3539,6023,69.840
21.845489,7474,3537,6022,69.840
21.851129,7474,3536,6022,69.840
21.855589,7476,3536,6024,69.840
21.861330,7477,3536,6029,69.840
21.865756,7478,3534,6032,69.840
21.870133,7480,3533,6035,69.840
21.875905,7481,3530,6036,69.840
21.880286,7480,3528,6038,69.840
21.885980,7480,3528,6039,69.840
21.890389,7480,3526,6041,69.840
21.896105,7481,3527,6040,69.846
21.900538,7483,3528,6039,69.846
21.904909,7485,3527,6041,69.846
21.910719,7487,3525,6043,69.846
21.915086,7488,3526,6048,69.846
21.920733,7489,3525,6050,69.846
21.925232,7488,3526,6050,69.846
21.930923,7486,3528,6047,69.846
21.935229,7484,3528,6044,69.846
21.941003,7481,3530,6042,69.846
21.945453,7478,3532,6040,69.846
21.949879,7476,3535,6037,69.846
21.955631,7475,3539,6031,69.846
21.960055,7473,3543,6028,69.846
21.965741,7472,3544,6025,69.846
21.970201,7471,3546,6025,69.846
21.975895,7471,3543,6027,69.846
21.980340,7471,3542,6031,69.846
21.984721,7471,3541,6033,69.846
21.990462,7471,3539,6033,69.846
21.994775,7473,3537,6035,69.846
22.000535,7474,3535,6035,69.846
22.004728,7477,3535,6036,69.846
22.010683,7479,3535,6038,69.846
22.015098,7480,3537,6041,69.846
22.020633,7480,3538,6042,69.846
22.025246,7479,3538,6046,69.846
22.029538,7478,3537,6051,69.846
22.035378,7477,3536,6053,69.846
22.039533,7477,3535,6057,69.846
22.045476,7477,3535,6057,69.846
22.049921,7477,3535,6057,69.846
22.055622,7478,3534,6057,69.846
22.060121,7481,3533,6055,69.851
22.064510,7483,3533,6052,69.851
22.070209,7486,3532,6048,69.851
22.074601,7486,3533,6045,69.851
22.080330,7485,3533,6041,69.851
22.084742,7483,3534,6042,69.851
22.090434,7482,3534,6043,69.851
22.094843,7483,3535,6044,69.851
22.100563,7484,3536,6043,69.851
22.105087,7487,3536,6042,69.851
22.109394,7489,3534,6044,69.851
22.115186,7489,3534,6044,69.851
22.119547,7488,3532,6046,69.851
22.125226,7488,3532,6048,69.851
22.129741,7488,3532,6049,69.857
22.135385,7489,3532,6051,69.857
22.139866,7490,3533,6049,69.857
22.144257,7489,3535,6045,69.857
22.150005,7489,3536,6042,69.857
22.154409,7490,3537,6041,69.857
22.160052,7492,3537,6041,69.857
22.164556,7496,3537,6039,69.857
22.170223,7498,3536,6038,69.857
22.174679,7498,3536,6041,69.857
22.180341,7498,3535,6041,69.857
22.184822,7497,3535,6041,69.857
22.189182,7496,3536,6040,69.857
22.194855,7495,3537,6035,69.857
22.199317,7493,3537,6029,69.857
22.205010,7492,3537,6024,69.857
22.209437,7493,3537,6021,69.862
22.215171,7494,3537,6023,69.862
22.219615,7494,3538,6027,69.862
22.224053,7492,3540,6032,69.862
22.229683,7490,3542,6038,69.862
22.234136,7487,3542,6039,69.862
22.239854,7486,3540,6041,69.862
22.244233,7486,3538,6043,69.862
22.249976,7487,3537,6043,69.862
22.254235,7489,3535,6042,69.862
22.260084,7489,3534,6042,69.862
22.264604,7487,3534,6044,69.862
22.268972,7485,3533,6046,69.862
22.274711,7482,3533,6046,69.862
22.279137,7481,3534,6047,69.862
22.284804,7480,3533,6048,69.862
22.289220,7479,3531,6049,69.862
22.294925,7477,3529,6052,69.862
22.299360,7476,3528,6054,69.862
22.303785,7476,3526,6054,69.862
22.309535,7476,3525,6054,69.862
22.313976,7477,3523,6055,69.868
22.319587,7479,3522,6053,69.868
22.324060,7478,3524,6050,69.868
22.329712,7479,3526,6051,69.868
22.334188,7478,3528,6048,69.868
22.339895,7477,3529,6046,69.868
22.344372,7478,3530,6043,69.868
22.348769,7477,3530,6038,69.868
22.354458,7477,3531,6033,69.868
22.358849,7477,3533,6028,69.868
22.364563,7478,3534,6026,69.868
22.369011,7478,3534,6023,69.868
22.374754,7479,3533,6023,69.868
22.379072,7478,3532,6027,69.868
22.383564,7478,3531,6032,69.873
22.389256,7478,3532,6039,69.873
22.393670,7477,3532,6046,69.873
22.399357,7478,3532,6050,69.873
22.403854,7479,3533,6052,69.873
22.409435,7481,3533,6052,69.873
22.413909,7485,3533,6051,69.873
22.419645,7486,3535,6051,69.873
22.424106,7488,3537,6049,69.873
22.428539,7488,3539,6046,69.873
22.434158,7487,3539,6046,69.873
22.438662,7485,3539,6046,69.873
22.444338,7483,3540,6047,69.873
22.448801,7482,3541,6050,69.873
22.454492,7483,3542,6048,69.873
22.458821,7483,3542,6046,69.873
22.463316,7485,3542,6047,69.873
22.469049,7487,3543,6044,69.873
22.473508,7488,3545,6043,69.873
22.479180,7488,3545,6045,69.873
22.483616,7487,3547,6045,69.873
22.489332,7486,3548,6047,69.873
22.493639,7485,3549,6046,69.873
22.499470,7486,3550,6042,69.873
22.503842,7486,3551,6040,69.873
22.508236,7485,3550,6037,69.873
22.513962,7484,3548,6037,69.873
22.518419,7482,3546,6035,69.873
22.524110,7481,3545,6034,69.873
22.528576,7479,3544,6033,69.873
22.534199,7480,3544,6031,69.873
22.538648,7481,3543,6029,69.873
22.543060,7482,3543,6027,69.873
22.548822,7483,3543,6023,69.873
22.553265,7483,3543,6020,69.873
22.558918,7481,3542,6016,69.873
22.563458,7479,3541,6015,69.873
22.568979,7479,3540,6014,69.873
22.573408,7479,3539,6014,69.873
22.579133,7481,3537,6012,69.873
22.583607,7481,3537,6011,69.873
22.588021,7480,3536,6011,69.873
22.593742,7479,3538,6010,69.873
22.598185,7477,3542,6014,69.873
22.603853,7476,3545,6017,69.873
22.608308,7478,3547,6020,69.873
22.614024,7480,3549,6021,69.873
22.618377,7483,3551,6023,69.873
22.622851,7483,3551,6022,69.873
22.628477,7482,3552,6023,69.873
22.632942,7480,3552,6023,69.873
22.638665,7476,3550,6022,69.873
22.643056,7474,3548,6020,69.873
22.648751,7472,3547,6018,69.873
22.653155,7470,3545,6017,69.873
22.658971,7470,3543,6019,69.873
22.663386,7468,3542,6022,69.873
22.667620,7468,3540,6026,69.873
22.673558,7468,3540,6028,69.873
22.677949,7468,3540,6031,69.873
22.683649,7469,3540,6036,69.873
22.688024,7470,3540,6040,69.873
22.693782,7470,3538,6042,69.873
22.698178,7471,3538,6042,69.873
22.702595,7471,3539,6043,69.873
22.708261,7470,3541,6043,69.873
22.712746,7471,3542,6045,69.873
22.718429,7470,3543,6048,69.873
22.722902,7470,3542,6050,69.873
22.728592,7470,3541,6049,69.873
22.733024,7471,3540,6049,69.873
22.738746,7471,3538,6049,69.873
22.743148,7471,3539,6048,69.873
22.747583,7471,3540,6049,69.873
22.753290,7470,3544,6051,69.873
22.757754,7470,3547,6053,69.868
22.763386,7470,3549,6054,69.868
22.767831,7469,3550,6054,69.868
22.773539,7469,3548,6055,69.868
22.777929,7471,3545,6055,69.868
22.782381,7471,3542,6060,69.868
22.788102,7472,3540,6063,69.868
22.792516,7473,3540,6065,69.868
22.798198,7473,3540,6067,69.868
22.802736,7475,3540,6064,69.868
22.808340,7478,3540,6061,69.868
22.812769,7480,3541,6057,69.868
22.818489,7481,3542,6052,69.868
22.822943,7479,3542,6050,69.868
22.827340,7477,3543,6047,69.868
22.833054,7476,3544,6046,69.868
22.837498,7477,3544,6046,69.868
22.843121,7478,3544,6043,69.868
22.847602,7478,3543,6041,69.868
22.853333,7478,3543,6037,69.868
22.857783,7478,3543,6032,69.868
22.862122,7478,3544,6028,69.868
22.867899,7477,3546,6026,69.868
22.872261,7475,3548,6027,69.868
22.877973,7475,3549,6027,69.868
22.882411,7474,3552,6028,69.868
22.888112,7475,3554,6028,69.868
22.892514,7476,3554,6029,69.868
22.898339,7478,3554,6032,69.868
22.902665,7477,3553,6036,69.868
22.907078,7476,3552,6039,69.868
22.912851,7475,3550,6038,69.868
22.917248,7473,3550,6036,69.868
22.922892,7471,3549,6033,69.868
22.927374,7469,3548,6032,69.868
22.932970,7464,3547,6032,69.868
22.937281,7462,3546,6032,69.868
22.941938,7462,3546,6034,69.868
22.947654,7464,3544,6035,69.868
22.952093,7467,3544,6033,69.868
22.957763,7470,3545,6030,69.868
22.962217,7471,3546,6029,69.862
22.967902,7472,3548,6027,69.862
22.972284,7474,3549,6030,69.862
22.978048,7476,3550,6033,69.862
22.982484,7479,3550,6035,69.862
22.986834,7483,3550,6037,69.862
22.992588,7484,3551,6040,69.862
22.996973,7484,3551,6041,69.862
23.002750,7484,3551,6043,69.862
23.006869,7484,3550,6045,69.862
23.012825,7484,3550,6044,69.862
23.017236,7486,3549,6042,69.862
23.021493,7486,3550,6041,69.862
23.027369,7485,3550,6040,69.862
23.031532,7483,3550,6041,69.862
23.037251,7483,3549,6047,69.862
23.041938,7483,3546,6052,69.862
23.047616,7483,3545,6057,69.862
23.052078,7483,3543,6060,69.862
23.057749,7484,3542,6059,69.862
23.062158,7483,3541,6058,69.862
23.066617,7480,3541,6055,69.862
23.072248,7480,3542,6052,69.862
23.076774,7479,3542,6048,69.862
23.082440,7479,3543,6046,69.862
23.086883,7481,3543,6042,69.862
23.092630,7481,3543,6035,69.862
23.096979,7483,3542,6031,69.862
23.101390,7483,3542,6027,69.862
23.107104,7484,3542,6026,69.862
23.111542,7484,3542,6027,69.862
23.117215,7484,3541,6031,69.862
23.121644,7482,3540,6034,69.862
23.127358,7480,3540,6038,69.862
23.131769,7477,3539,6042,69.862
23.137486,7475,3539,6045,69.862
23.141922,7476,3541,6045,69.862
23.146311,7479,3543,6044,69.862
23.152099,7482,3546,6044,69.862
23.156486,7484,3546,6044,69.862
23.162187,7485,3546,6044,69.862
23.166654,7485,3546,6046,69.862
23.172344,7484,3546,6045,69.862
23.176775,7484,3547,6044,69.862
23.181135,7483,3547,6042,69.862
23.186902,7482,3548,6038,69.862
23.191262,7482,3547,6038,69.862
23.196950,7481,3546,6038,69.862
23.201442,7481,3544,6036,69.862
23.207176,7481,3541,6036,69.862
23.211571,7482,3539,6034,69.862
23.217309,7481,3538,6032,69.862
23.221692,7481,3538,6033,69.862
23.226102,7479,3539,6031,69.862
23.231816,7478,3538,6030,69.862
23.236306,7482,3538,6029,69.862
23.241947,7483,3538,6028,69.862
23.246428,7485,3539,6027,69.862
23.252054,7485,3539,6027,69.862
23.256470,7484,3541,6026,69.862
23.260973,7485,3540,6024,69.862
23.266674,7486,3542,6025,69.862
23.271072,7485,3544,6023,69.862
23.276772,7485,3545,6022,69.862
23.281248,7484,3547,6020,69.862
23.286900,7484,3546,6018,69.862
23.291390,7484,3545,6021,69.862
23.297043,7484,3542,6021,69.862
23.301452,7485,3541,6024,69.862
23.305850,7484,3540,6024,69.862
23.311590,7485,3541,6021,69.862
23.316005,7487,3542,6021,69.862
23.321712,7490,3543,6020,69.862
23.326140,7492,3543,6015,69.862
23.331805,7496,3542,6014,69.862
23.336280,7499,3541,6015,69.862
23.340680,7501,3542,6017,69.862
23.346430,7502,3544,6019,69.862
23.350863,7503,3547,6022,69.862
23.356512,7503,3549,6022,69.862
23.361008,7503,3553,6022,69.862
23.366693,7503,3554,6022,69.862
23.371108,7502,3554,6025,69.862
23.376819,7501,3554,6028,69.862
23.381192,7500,3552,6030,69.862
23.385647,7500,3551,6033,69.862
23.391384,7501,3551,6033,69.862
23.395794,7502,3552,6035,69.862
23.401499,7502,3554,6034,69.862
23.405911,7504,3554,6034,69.862
23.411588,7505,3555,6034,69.857
23.416021,7505,3556,6032,69.857
23.420463,7505,3557,6033,69.857
23.426183,7503,3558,6033,69.857
23.430612,7499,3558,6036,69.857
23.436336,7494,3558,6041,69.857
23.440799,7491,3558,6045,69.857
23.446414,7488,3559,6047,69.857
23.450893,7487,3560,6046,69.857
23.456583,7486,3561,6045,69.857
23.460991,7486,3561,6043,69.857
23.465405,7485,3559,6041,69.857
23.471171,7485,3556,6044,69.857
23.475592,7483,3555,6046,69.857
23.481317,7482,3553,6046,69.857
23.485678,7481,3554,6045,69.857
23.491385,7480,3555,6043,69.857
23.495813,7480,3555,6043,69.857
23.500213,7479,3556,6043,69.857
23.505949,7478,3556,6046,69.857
23.510395,7476,3557,6045,69.857
23.516053,7476,3558,6042,69.857
23.520486,7476,3560,6038,69.857
23.526183,7477,3561,6036,69.857
23.530617,7478,3561,6035,69.851
23.536117,7479,3561,6036,69.851
23.540752,7480,3560,6037,69.851
23.545189,7481,3558,6035,69.851
23.550920,7481,3556,6034,69.851
23.555259,7481,3554,6033,69.851
23.560881,7482,3552,6034,69.851
23.565143,7483,3552,6037,69.851
23.571129,7485,3552,6041,69.851
23.575577,7487,3551,6043,69.851
23.580010,7488,3551,6044,69.851
23.585736,7488,3552,6045,69.851
23.590110,7486,3554,6045,69.851
23.595783,7485,3554,6046,69.851
23.600305,7485,3554,6046,69.851
23.605955,7486,3553,6046,69.851
23.610377,7487,3553,6045,69.851
23.616120,7488,3552,6043,69.851
23.620496,7489,3552,6043,69.851
23.624952,7488,3552,6045,69.851
23.630693,7489,3552,6046,69.851
23.635060,7488,3551,6048,69.851
23.640807,7487,3551,6050,69.851
23.645117,7485,3550,6052,69.851
23.650915,7484,3550,6051,69.851
23.655318,7483,3548,6049,69.851
23.659796,7480,3545,6048,69.851
23.665505,7480,3542,6045,69.851
23.669931,7480,3541,6043,69.851
23.675593,7479,3541,6043,69.851
23.680087,7477,3543,6042,69.851
23.685741,7477,3546,6043,69.851
23.690152,7476,3548,6043,69.851
23.695909,7476,3547,6041,69.851
23.700279,7478,3546,6040,69.851
23.704688,7478,3545,6039,69.851
23.710434,7479,3544,6038,69.851
23.714842,7480,3544,6037,69.851
23.720532,7480,3544,6036,69.851
23.724967,7480,3544,6033,69.851
23.730693,7481,3544,6031,69.851
23.735117,7480,3543,6029,69.851
23.739549,7480,3544,6026,69.851
23.745253,7481,3543,6029,69.851
23.749706,7481,3541,6030,69.851
23.755413,7483,3540,6031,69.851
23.759876,7483,3539,6034,69.851
23.765522,7484,3539,6035,69.851
23.769969,7485,3541,6031,69.851
23.775673,7485,3544,6029,69.851
23.780093,7486,3545,6027,69.851
23.784465,7486,3547,6026,69.851
23.790246,7486,3547,6027,69.851
23.794613,7487,3546,6027,69.851
23.800339,7488,3545,6027,69.851
23.804721,7488,3545,6025,69.851
23.810474,7488,3544,6023,69.851
23.814890,7487,3543,6022,69.851
23.819309,7485,3543,6020,69.851
23.825021,7484,3544,6018,69.851
23.829440,7483,3544,6019,69.851
23.835131,7483,3545,6021,69.851
23.839590,7484,3547,6024,69.851
23.845302,7485,3547,6031,69.851
23.849710,7484,3548,6038,69.851
23.855420,7484,3548,6042,69.851
23.859876,7484,3546,6044,69.851
23.864256,7485,3545,6044,69.851
23.870033,7486,3544,6042,69.851
23.874453,7488,3544,6042,69.851
23.880119,7487,3544,6043,69.851
23.884525,7485,3545,6046,69.851
23.890227,7484,3545,6049,69.851
23.894639,7483,3544,6050,69.851
23.899056,7482,3543,6049,69.851
23.904818,7482,3543,6049,69.851
23.909212,7482,3542,6051,69.851
23.914884,7482,3540,6055,69.851
23.919396,7483,3540,6057,69.851
23.925033,7485,3540,6057,69.851
23.929486,7485,3540,6055,69.851
23.935206,7485,3539,6051,69.851
23.939590,7484,3540,6050,69.851
23.944074,7483,3539,6049,69.851
23.949765,7483,3537,6050,69.851
23.954206,7482,3536,6051,69.851
23.959898,7479,3537,6049,69.851
23.964376,7476,3537,6046,69.851
23.970011,7474,3539,6041,69.857
23.974446,7475,3541,6034,69.857
23.978854,7476,3542,6030,69.857
23.984603,7476,3543,6027,69.857
23.988973,7478,3543,6024,69.857
23.994689,7478,3543,6023,69.857
23.999129,7478,3543,6025,69.851
24.004835,7480,3541,6027,69.851
24.008981,7481,3540,6027,69.857
24.014933,7483,3540,6026,69.857
24.019375,7484,3538,6025,69.857
24.023578,7484,3538,6024,69.857
24.029530,7482,3539,6024,69.857
24.033915,7479,3541,6026,69.857
24.039403,7477,3544,6028,69.857
24.044051,7476,3547,6031,69.857
24.049763,7476,3548,6032,69.857
24.054084,7476,3549,6033,69.857
24.058641,7475,3548,6034,69.857
24.064359,7474,3548,6032,69.851
24.068769,7472,3547,6031,69.851
24.074465,7472,3546,6031,69.851
24.078934,7472,3544,6030,69.851
24.084614,7474,3543,6030,69.851
24.088873,7475,3541,6031,69.851
24.094649,7478,3542,6032,69.851
24.099148,7482,3545,6034,69.851
24.103568,7486,3548,6035,69.851
24.109296,7488,3548,6037,69.851
24.113690,7489,3547,6044,69.851
24.119385,7489,3546,6046,69.851
24.123834,7488,3544,6047,69.851
24.129532,7486,3544,6047,69.851
24.133953,7485,3546,6044,69.851
24.138420,7485,3549,6043,69.851
24.144108,7483,3551,6040,69.851
24.148521,7481,3551,6041,69.851
24.154258,7480,3549,6043,69.851
24.158699,7480,3547,6044,69.851
24.164351,7481,3544,6044,69.851
24.168787,7483,3544,6046,69.851
24.174550,7484,3546,6047,69.851
24.178922,7484,3548,6046,69.851
24.183386,7485,3551,6045,69.851
24.189037,7487,3553,6042,69.851
24.193487,7491,3554,6038,69.851
24.199144,7495,3555,6034,69.851
24.203649,7497,3556,6030,69.851
24.209333,7499,3555,6030,69.851
24.213727,7500,3555,6028,69.851
24.218159,7500,3555,6027,69.851
24.223876,7501,3554,6027,69.851
24.228282,7502,3553,6023,69.851
24.233979,7501,3552,6021,69.851
24.238416,7502,3552,6021,69.851
24.244111,7502,3552,6018,69.851
24.248571,7503,3554,6017,69.851
24.254247,7502,3552,6016,69.851
24.258725,7499,3552,6015,69.851
24.263110,7498,3551,6017,69.851
24.268845,7496,3550,6019,69.851
24.273247,7493,3550,6021,69.851
24.278982,7491,3551,6023,69.851
24.283400,7489,3550,6025,69.851
24.289104,7487,3550,6028,69.851
24.293500,7486,3550,6029,69.851
24.297884,7487,3550,6030,69.851
24.303641,7488,3550,6029,69.851
24.308060,7489,3550,6029,69.851
24.313742,7488,3552,6027,69.851
24.318212,7489,3554,6026,69.851
24.323876,7488,3555,6026,69.851
24.328349,7488,3553,6029,69.851
24.334036,7487,3550,6031,69.851
24.338461,7487,3547,6032,69.851
24.342884,7487,3544,6033,69.851
24.348609,7487,3543,6034,69.851
24.353042,7487,3544,6037,69.851
24.358746,7485,3544,6041,69.851
24.363172,7483,3545,6043,69.851
24.368850,7481,3543,6042,69.851
24.373277,7481,3541,6039,69.851
24.377708,7482,3540,6037,69.851
24.383468,7483,3538,6037,69.851
24.387847,7484,3539,6038,69.851
24.393518,7485,3540,6041,69.851
24.397960,7485,3542,6045,69.851
24.403723,7486,3542,6049,69.851
24.408073,7487,3541,6050,69.851
24.413765,7489,3540,6049,69.851
24.418207,7490,3538,6046,69.851
24.422607,7491,3536,6044,69.851
24.428357,7491,3534,6038,69.851
24.432773,7489,3535,6033,69.851
24.438457,7489,3536,6029,69.851
24.442881,7488,3539,6026,69.851
24.448653,7489,3540,6025,69.851
24.453143,7488,3540,6026,69.851
24.457522,7487,3540,6027,69.851
24.463234,7486,3540,6029,69.851
24.467645,7486,3541,6029,69.851
24.473331,7486,3542,6030,69.851
24.477804,7487,3543,6033,69.851
24.483419,7487,3542,6034,69.851
24.487926,7488,3542,6035,69.851
24.493357,7488,3543,6035,69.851
24.498009,7489,3544,6030,69.851
24.502380,7489,3546,6027,69.851
24.508182,7486,3548,6024,69.851
24.512550,7484,3549,6021,69.851
24.518300,7484,3550,6019,69.851
24.522713,7484,3550,6014,69.851
24.528407,7485,3549,6011,69.851
24.532817,7484,3549,6008,69.851
24.537067,7482,3549,6004,69.851
24.542964,7481,3550,6003,69.851
24.547442,7481,3552,6003,69.851
24.553107,7483,3554,6002,69.851
24.557494,7483,3554,6006,69.851
24.563229,7484,3554,6009,69.851
24.567574,7484,3552,6010,69.851
24.573361,7483,3550,6012,69.851
24.577750,7482,3548,6013,69.851
24.582204,7483,3546,6014,69.851
24.588059,7484,3545,6014,69.851
24.592312,7485,3545,6014,69.851
24.598009,7487,3546,6013,69.851
24.602626,7487,3547,6010,69.851
24.608130,7488,3546,6011,69.851
24.612537,7491,3544,6013,69.851
24.617028,7492,3541,6015,69.851
24.622731,7494,3538,6017,69.851
24.627078,7494,3536,6019,69.851
24.632834,7492,3536,6022,69.851
24.637290,7492,3538,6021,69.851
24.642926,7491,3541,6021,69.851
24.647452,7491,3545,6022,69.851
24.653091,7491,3548,6022,69.851
24.657618,7492,3549,6021,69.851
24.662001,7494,3549,6025,69.851
24.667714,7495,3550,6025,69.851
24.672130,7496,3551,6027,69.851
24.677815,7497,3553,6029,69.851
24.682195,7494,3551,6035,69.851
24.687874,7492,3551,6036,69.851
24.692320,7492,3550,6037,69.851
24.696772,7494,3548,6039,69.851
24.702447,7497,3548,6036,69.851
24.706895,7497,3548,6034,69.857
24.712591,7496,3548,6031,69.857
24.717074,7494,3548,6027,69.857
24.722668,7492,3548,6025,69.857
24.727155,7492,3549,6024,69.857
24.732866,7493,3549,6028,69.857
24.737283,7494,3549,6031,69.857
24.741738,7495,3550,6034,69.857
24.747462,7496,3549,6037,69.857
24.751850,7498,3547,6038,69.857
24.757630,7499,3546,6040,69.857
24.761985,7498,3543,6040,69.857
24.767668,7498,3540,6038,69.857
24.772125,7496,3540,6036,69.857
24.776493,7495,3540,6032,69.857
24.782299,7495,3543,6029,69.857
24.786671,7494,3546,6028,69.857
24.792396,7494,3546,6028,69.857
24.796825,7495,3547,6032,69.857
24.802486,7496,3546,6031,69.857
24.806913,7495,3544,6029,69.857
24.812648,7495,3544,6028,69.857
24.817292,7495,3544,6026,69.857
24.821489,7495,3544,6025,69.857
24.827252,7496,3543,6027,69.857
24.831672,7496,3542,6028,69.857
24.837353,7495,3541,6028,69.857
24.841751,7494,3541,6025,69.857
24.847446,7494,3541,6026,69.857
24.851890,7494,3539,6026,69.857
24.856335,7494,3538,6027,69.857
24.862088,7495,3536,6029,69.857
24.866465,7495,3535,6027,69.857
24.872163,7496,3535,6030,69.857
24.876595,7496,3535,6035,69.857
24.882268,7496,3537,6041,69.857
24.886746,7496,3535,6044,69.857
24.892437,7495,3532,6044,69.857
24.896911,7495,3528,6045,69.857
24.901273,7494,3526,6046,69.857
24.906994,7493,3524,6048,69.857
24.911483,7493,3526,6051,69.862
24.917045,7492,3528,6051,69.862
24.921525,7491,3531,6048,69.862
24.927054,7488,3533,6044,69.862
24.931619,7485,3535,6043,69.862
24.936111,7481,3538,6042,69.862
24.941820,7480,3539,6042,69.862
24.946272,7481,3540,6045,69.862
24.951923,7482,3540,6046,69.862
24.956315,7485,3539,6048,69.862
24.962017,7486,3537,6053,69.862
24.966531,7487,3536,6053,69.862
24.972206,7488,3536,6053,69.862
24.976604,7490,3536,6052,69.862
24.981082,7489,3535,6049,69.862
24.986801,7492,3534,6049,69.862
24.991162,7494,3534,6050,69.862
24.996852,7495,3535,6053,69.862
25.001298,7496,3535,6057,69.862
25.006739,7496,3535,6061,69.862
25.011408,7495,3536,6063,69.862
25.015793,7492,3538,6063,69.862
25.021365,7491,3539,6062,69.862
25.025966,7491,3540,6058,69.862
25.031432,7490,3541,6055,69.862
25.036154,7492,3541,6054,69.868
25.041722,7491,3542,6052,69.868
25.046244,7491,3541,6051,69.868
25.051965,7490,3540,6053,69.868
25.056388,7488,3537,6052,69.868
25.060770,7488,3536,6053,69.868
25.066498,7489,3534,6054,69.868
25.071117,7490,3533,6055,69.868
25.076640,7492,3534,6055,69.868
25.081037,7494,3535,6055,69.868
25.086772,7494,3536,6056,69.868
25.091211,7493,3539,6056,69.868
25.095538,7492,3541,6053,69.868
25.101409,7490,3542,6052,69.868
25.105652,7489,3543,6050,69.868
25.111412,7488,3544,6047,69.868
25.115905,7488,3546,6045,69.868
25.121565,7490,3548,6044,69.868
25.125921,7491,3549,6043,69.868
25.131687,7491,3550,6041,69.868
25.136128,7492,3551,6040,69.868
25.140588,7492,3551,6040,69.868
25.146173,7491,3552,6037,69.868
25.150747,7491,3551,6034,69.868
25.156353,7491,3552,6030,69.868
25.160859,7489,3552,6026,69.868
25.166507,7489,3551,6022,69.868
25.170895,7487,3551,6017,69.868
25.175448,7486,3551,6016,69.868
25.181088,7485,3551,6018,69.868
25.185522,7482,3550,6021,69.868
25.191213,7481,3548,6024,69.868
25.195646,7482,3547,6027,69.868
25.201395,7484,3545,6028,69.868
25.205738,7485,3544,6029,69.868
25.211409,7487,3544,6029,69.868
25.215923,7489,3543,6030,69.868
25.220411,7490,3541,6032,69.868
25.226036,7490,3539,6032,69.868
25.230442,7491,3537,6032,69.868
25.236108,7490,3537,6033,69.868
25.240576,7490,3538,6031,69.868
25.246327,7489,3540,6029,69.868
25.250726,7489,3540,6029,69.868
25.255171,7490,3539,6032,69.868
25.260867,7490,3536,6036,69.868
25.265203,7491,3534,6041,69.868
25.271019,7492,3533,6044,69.868
25.275435,7493,3532,6044,69.868
25.281105,7493,3531,6043,69.868
25.285463,7490,3533,6041,69.868
25.291238,7488,3534,6037,69.868
25.295688,7486,3536,6035,69.868
25.300031,7485,3538,6034,69.868
25.305830,7486,3539,6031,69.868
25.310367,7486,3541,6031,69.873
25.315924,7486,3541,6032,69.873
25.320299,7485,3542,6036,69.873
25.325974,7482,3542,6037,69.873
25.330606,7481,3542,6037,69.873
25.334898,7481,3541,6035,69.873
25.340634,7481,3540,6032,69.873
25.345045,7482,3539,6031,69.873
25.350690,7482,3538,6030,69.873
25.355190,7484,3537,6027,69.873
25.360895,7484,3536,6029,69.873
25.365357,7486,3534,6031,69.873
25.371001,7489,3534,6036,69.873
25.375358,7490,3533,6042,69.873
25.379888,7494,3533,6044,69.873
25.385585,7496,3533,6045,69.873
25.390004,7496,3533,6042,69.873
25.395620,7497,3535,6038,69.873
25.400063,7496,3536,6032,69.873
25.405836,7495,3536,6029,69.873
25.410170,7496,3536,6027,69.873
25.414593,7496,3536,6027,69.873
25.420391,7496,3535,6029,69.873
25.424799,7496,3536,6030,69.873
25.430463,7496,3538,6031,69.873
25.434928,7495,3539,6029,69.873
25.440622,7493,3540,6026,69.873
25.444975,7491,3542,6025,69.873
25.450718,7489,3543,6021,69.873
25.455224,7490,3543,6019,69.873
25.459567,7492,3542,6018,69.873
25.465267,7493,3542,6017,69.873
25.469725,7496,3542,6019,69.873
25.475418,7498,3543,6024,69.873
25.479807,7497,3546,6026,69.873
25.485560,7496,3550,6030,69.873
25.489972,7495,3551,6032,69.873
25.494388,7493,3550,6033,69.873
25.500076,7491,3548,6035,69.873
25.504517,7490,3545,6040,69.873
25.510209,7490,3543,6042,69.873
25.514672,7491,3543,6042,69.873
25.520357,7493,3543,6041,69.873
25.524750,7494,3545,6039,69.873
25.530487,7496,3547,6037,69.873
25.534957,7497,3548,6036,69.873
25.539376,7497,3549,6035,69.873
25.545052,7497,3550,6034,69.873
25.549443,7499,3551,6037,69.873
25.555097,7500,3552,6037,69.873
25.559599,7502,3554,6037,69.873
25.565187,7503,3555,6035,69.873
25.569716,7503,3556,6033,69.873
25.574124,7504,3555,6030,69.873
25.579888,7505,3556,6027,69.873
25.584300,7505,3555,6027,69.873
25.589993,7504,3555,6025,69.873
25.594465,7503,3554,6025,69.873
25.600129,7502,3552,6025,69.873
25.604548,7501,3550,6023,69.873
25.610261,7501,3549,6023,69.873
25.614692,7499,3548,6024,69.873
25.619075,7498,3547,6027,69.873
25.624801,7496,3546,6032,69.873
25.629214,7494,3546,6038,69.873
25.634925,7492,3546,6043,69.873
25.639373,7492,3545,6046,69.873
25.644950,7493,3545,6048,69.873
25.649486,7495,3545,6048,69.873
25.653905,7496,3545,6046,69.873
25.659638,7496,3544,6045,69.873
25.664159,7495,3546,6046,69.873
25.669780,7493,3548,6045,69.873
25.674202,7492,3550,6044,69.873
25.679928,7493,3551,6045,69.873
25.684296,7495,3553,6045,69.873
25.690027,7496,3552,6044,69.873
25.694459,7496,3551,6046,69.873
25.698864,7494,3551,6045,69.873
25.704587,7493,3550,6042,69.873
25.708982,7491,3550,6040,69.873
25.714694,7491,3549,6037,69.873
25.719133,7490,3548,6034,69.873
25.724848,7490,3547,6033,69.873
25.729259,7491,3548,6034,69.873
25.733585,7492,3547,6036,69.873
25.739415,7492,3546,6037,69.873
25.743871,7491,3545,6039,69.873
25.749468,7490,3544,6041,69.873
25.753949,7490,3544,6042,69.873
25.759748,7489,3544,6045,69.873
25.764087,7488,3545,6049,69.873
25.769788,7486,3546,6051,69.873
25.774234,7483,3547,6050,69.873
25.778637,7482,3547,6050,69.873
25.784359,7483,3548,6049,69.873
25.788769,7485,3549,6046,69.873
25.794484,7489,3549,6041,69.873
25.798887,7492,3549,6038,69.873
25.804684,7494,3549,6033,69.873
25.809024,7495,3547,6028,69.873
25.813418,7495,3545,6029,69.873
25.819142,7495,3543,6030,69.873
25.823578,7494,3544,6029,69.873
25.829135,7494,3545,6030,69.873
25.833684,7493,3546,6031,69.873
25.839406,7490,3546,6031,69.873
25.843850,7490,3545,6033,69.873
25.849564,7490,3543,6036,69.873
25.853975,7489,3542,6039,69.873
25.858389,7489,3542,6038,69.873
25.864121,7488,3542,6032,69.873
25.868546,7488,3541,6025,69.873
25.874221,7487,3541,6018,69.873
25.878653,7486,3541,6013,69.873
25.884392,7486,3540,6009,69.873
25.888761,7482,3540,6011,69.873
25.893210,7480,3539,6013,69.873
25.898976,7479,3538,6014,69.873
25.903315,7478,3536,6012,69.873
25.909054,7478,3537,6011,69.873
25.913449,7480,3538,6010,69.873
25.919191,7482,3540,6013,69.873
25.923595,7483,3541,6017,69.873
25.929306,7483,3543,6021,69.873
25.933738,7483,3543,6022,69.873
25.938073,7482,3544,6022,69.873
25.943624,7483,3545,6021,69.873
25.948015,7483,3545,6018,69.873
25.954059,7483,3546,6016,69.873
25.958415,7483,3547,6017,69.873
25.964151,7483,3548,6018,69.873
25.968554,7483,3549,6021,69.873
25.972985,7484,3550,6025,69.873
25.978679,7483,3551,6028,69.873
25.983154,7482,3551,6032,69.873
25.988788,7481,3552,6035,69.873
25.993280,7481,3552,6040,69.873
25.998721,7480,3552,6043,69.873
26.003118,7481,3552,6046,69.873
26.008795,7484,3552,6049,69.873
26.013290,7486,3552,6049,69.873
26.017607,7490,3551,6049,69.873
26.023387,7493,3550,6050,69.873
26.027750,7495,3550,6050,69.873
26.033471,7496,3549,6052,69.873
26.037860,7497,3549,6054,69.873
26.043615,7497,3551,6053,69.873
26.048341,7496,3551,6052,69.873
26.052716,7496,3552,6047,69.873
26.058422,7496,3552,6043,69.873
26.062866,7495,3549,6040,69.873
26.068562,7496,3546,6038,69.873
26.073018,7497,3544,6035,69.873
26.078703,7498,3541,6035,69.873
26.083090,7500,3542,6035,69.873
26.088874,7503,3543,6033,69.873
26.093303,7504,3546,6032,69.873
26.097653,7505,3549,6028,69.873
26.103424,7508,3550,6022,69.873
26.107834,7508,3550,6019,69.873
26.113540,7509,3549,6017,69.873
26.117939,7510,3548,6017,69.873
26.123643,7509,3547,6023,69.873
26.128078,7509,3545,6028,69.873
26.132450,7508,3544,6034,69.873
26.138277,7507,3542,6038,69.873
26.142676,7507,3542,6043,69.873
26.148304,7506,3542,6047,69.873
26.152751,7506,3543,6049,69.873
26.158434,7506,3544,6048,69.873
26.162889,7505,3544,6047,69.873
26.168599,7506,3543,6045,69.873
26.173020,7506,3543,6047,69.873
26.177429,7506,3542,6048,69.879
26.183201,7505,3542,6050,69.879
26.187593,7504,3543,6049,69.879
26.193337,7504,3545,6049,69.879
26.197731,7502,3546,6047,69.879
26.203405,7502,3548,6043,69.879
26.207886,7502,3548,6037,69.879
26.212223,7502,3547,6029,69.879
26.217974,7503,3547,6023,69.879
26.222413,7502,3547,6019,69.879
26.228079,7500,3548,6018,69.879
26.232578,7497,3548,6018,69.879
26.238205,7495,3549,6020,69.879
26.242669,7494,3548,6022,69.879
26.248386,7495,3547,6023,69.879
26.252749,7497,3546,6026,69.879
26.257250,7498,3547,6028,69.879
26.262949,7497,3549,6029,69.879
26.267288,7497,3550,6026,69.879
26.273062,7497,3550,6024,69.879
26.277519,7497,3549,6023,69.879
26.283194,7498,3547,6022,69.879
26.287624,7498,3546,6027,69.879
26.292069,7497,3544,6031,69.879
26.297782,7496,3543,6031,69.879
26.302155,7495,3540,6036,69.879
26.307853,7494,3540,6037,69.879
26.312313,7494,3540,6035,69.879
26.318031,7494,3541,6034,69.879
26.322422,7493,3542,6031,69.879
26.328126,7493,3543,6029,69.879
26.332534,7493,3544,6027,69.879
26.336930,7493,3545,6026,69.879
26.342700,7495,3545,6025,69.879
26.347150,7496,3546,6025,69.879
26.352804,7497,3546,6027,69.879
26.357280,7498,3547,6027,69.879
26.362957,7497,3547,6028,69.879
26.367467,7495,3545,6029,69.879
26.371825,7494,3544,6030,69.879
26.377560,7495,3544,6030,69.879
26.381958,7494,3544,6030,69.879
26.387602,7493,3544,6030,69.879
26.392106,7492,3544,6030,69.879
26.397791,7491,3542,6031,69.879
26.402179,7490,3540,6036,69.879
26.407906,7488,3540,6036,69.879
26.412358,7485,3541,6038,69.879
26.416746,7484,3543,6041,69.879
26.422492,7483,3545,6045,69.879
26.426904,7484,3545,6049,69.879
26.432537,7485,3547,6052,69.879
26.436995,7486,3548,6054,69.879
26.442714,7489,3551,6054,69.879
26.447126,7490,3553,6055,69.879
26.451580,7491,3554,6057,69.879
26.457281,7493,3552,6060,69.879
26.461694,7495,3549,6062,69.879
26.467374,7497,3547,6065,69.879
26.471882,7499,3544,6063,69.879
26.477539,7500,3542,6062,69.879
26.481993,7499,3542,6062,69.879
26.487693,7499,3541,6060,69.879
26.492100,7500,3542,6056,69.879
26.496527,7501,3543,6054,69.879
26.502248,7503,3544,6050,69.884
26.506613,7502,3545,6049,69.884
26.512341,7501,3547,6047,69.884
26.516760,7500,3547,6044,69.884
26.522509,7499,3546,6045,69.884
26.526896,7498,3545,6042,69.884
26.531286,7496,3546,6043,69.884
26.536788,7494,3547,6043,69.884
26.541421,7493,3547,6040,69.884
26.547124,7492,3547,6039,69.884
26.551594,7493,3547,6039,69.884
26.557284,7493,3546,6034,69.884
26.561742,7496,3545,6034,69.884
26.567157,7497,3546,6029,69.884
26.572027,7498,3547,6026,69.884
26.576313,7500,3548,6027,69.884
26.582027,7499,3549,6025,69.884
26.586463,7500,3549,6024,69.884
26.592194,7500,3549,6024,69.884
26.596377,7499,3548,6023,69.884
26.602322,7499,3546,6025,69.884
26.606703,7499,3543,6027,69.884
26.611117,7499,3542,6030,69.884
26.616872,7501,3542,6033,69.884
26.621284,7501,3542,6034,69.884
26.626967,7500,3542,6034,69.884
26.631360,7498,3544,6036,69.884
26.637105,7496,3547,6036,69.884
26.641567,7495,3550,6035,69.884
26.647209,7493,3552,6034,69.884
26.651639,7490,3553,6029,69.884
26.656132,7486,3552,6022,69.884
26.661817,7483,3552,6018,69.884
26.666273,7481,3553,6017,69.884
26.671925,7481,3554,6018,69.884
26.676421,7481,3555,6021,69.884
26.682025,7482,3555,6018,69.884
26.686531,7484,3556,6015,69.884
26.690902,7486,3556,6010,69.884
26.696667,7488,3556,6008,69.884
26.701056,7489,3557,6008,69.884
26.706724,7488,3555,6010,69.884
26.711182,7486,3555,6012,69.884
26.716910,7485,3554,6015,69.879
26.721359,7483,3554,6015,69.879
26.726997,7482,3554,6015,69.879
26.731458,7480,3553,6017,69.879
26.735844,7481,3552,6020,69.879
26.741585,7484,3550,6024,69.879
26.745963,7485,3547,6025,69.879
26.751703,7486,3544,6025,69.873
26.756088,7486,3541,6023,69.879
26.761791,7484,3541,6022,69.873
26.766276,7482,3542,6022,69.879
26.770681,7480,3544,6024,69.879
26.776407,7479,3545,6026,69.873
26.780789,7478,3546,6026,69.873
26.786510,7478,3547,6028,69.873
26.790944,7478,3548,6027,69.873
26.796687,7479,3548,6026,69.873
26.801075,7479,3549,6026,69.873
26.806796,7478,3549,6026,69.873
26.811204,7477,3550,6026,69.873
26.815606,7477,3550,6027,69.873
26.821381,7478,3549,6028,69.873
26.825778,7480,3549,6031,69.873
26.831442,7482,3549,6033,69.873
26.835885,7482,3550,6035,69.873
26.841572,7481,3551,6039,69.873
26.846035,7479,3551,6039,69.873
26.850438,7476,3550,6041,69.873
26.856155,7475,3549,6044,69.873
26.860570,7475,3548,6045,69.873
26.866231,7479,3548,6049,69.873
26.870744,7482,3549,6049,69.873
26.876403,7483,3549,6048,69.879
26.880821,7483,3549,6046,69.879
26.886540,7482,3550,6043,69.879
26.890996,7481,3550,6039,69.879
26.895428,7479,3552,6036,69.873
26.901122,7479,3554,6037,69.873
26.905424,7479,3554,6038,69.873
26.911199,7480,3555,6038,69.873
26.915629,7480,3552,6038,69.873
26.921379,7481,3551,6037,69.873
26.925744,7482,3550,6034,69.873
26.930186,7483,3548,6030,69.879
26.935902,7485,3548,6029,69.879
26.940432,7486,3547,6030,69.879
26.946002,7487,3544,6031,69.879
26.950443,7487,3542,6035,69.879
26.956152,7485,3542,6037,69.879
26.960561,7485,3541,6036,69.879
26.966305,7485,3540,6031,69.879
26.970696,7485,3540,6027,69.879
26.975024,7487,3539,6023,69.879
26.980923,7488,3540,6020,69.879
26.985315,7489,3542,6016,69.879
26.991002,7490,3544,6012,69.879
26.995448,7490,3546,6010,69.879
27.001093,7489,3548,6009,69.879
27.005292,7490,3548,6010,69.879
27.009970,7491,3549,6013,69.879
27.015661,7493,3550,6015,69.879
27.020031,7494,3551,6018,69.879
27.025767,7495,3551,6022,69.879
27.030015,7495,3550,6026,69.879
27.035876,7496,3550,6029,69.879
27.040096,7495,3548,6031,69.879
27.045997,7494,3548,6031,69.879
27.050422,7493,3547,6033,69.879
27.054732,7493,3546,6034,69.879
27.060615,7494,3547,6033,69.879
27.064799,7496,3546,6032,69.879
27.070768,7498,3547,6030,69.879
27.075144,7500,3548,6028,69.879
27.080842,7499,3550,6028,69.879
27.085258,7498,3553,6029,69.879
27.089671,7497,3556,6030,69.879
27.095417,7497,3557,6029,69.879
27.099892,7498,3558,6030,69.879
27.105488,7498,3559,6029,69.879
27.109861,7499,3558,6029,69.879
27.115665,7497,3558,6030,69.879
27.120087,7496,3557,6032,69.879
27.125813,7495,3556,6033,69.879
27.130263,7493,3555,6033,69.879
27.134616,7494,3553,6034,69.879
27.140382,7495,3553,6035,69.879
27.144794,7496,3551,6038,69.879
27.150432,7497,3550,6043,69.879
27.154815,7499,3549,6047,69.879
27.160606,7500,3549,6050,69.879
27.165006,7501,3549,6046,69.879
27.169503,7500,3548,6043,69.879
27.175178,7499,3547,6041,69.879
27.179651,7498,3545,6039,69.879
27.185346,7496,3542,6035,69.879
27.189783,7495,3541,6036,69.879
27.195439,7495,3542,6038,69.879
27.199836,7494,3542,6038,69.879
27.205637,7493,3543,6040,69.879
27.209933,7491,3545,6041,69.879
27.214307,7489,3547,6039,69.879
27.220165,7487,3550,6036,69.879
27.224517,7486,3554,6034,69.879
27.230272,7485,3557,6033,69.879
27.234650,7485,3560,6033,69.879
27.240364,7488,3560,6037,69.879
27.244816,7491,3561,6039,69.879
27.249154,7494,3561,6041,69.879
27.254903,7496,3562,6041,69.879
27.259428,7495,3563,6041,69.879
27.264994,7495,3564,6039,69.879
27.269486,7493,3564,6036,69.879
27.275152,7492,3564,6032,69.879
27.279624,7492,3564,6027,69.879
27.285301,7492,3561,6023,69.879
27.289702,7492,3560,6020,69.879
27.294096,7492,3557,6019,69.879
27.299902,7492,3554,6019,69.879
27.304253,7490,3552,6021,69.879
27.309941,7490,3550,6024,69.879
27.314395,7489,3551,6030,69.879
27.320107,7488,3551,6034,69.879
27.324517,7487,3551,6038,69.879
27.328953,7486,3551,6042,69.879
27.334688,7485,3553,6044,69.879
27.339057,7486,3554,6043,69.879
27.344747,7486,3556,6037,69.879
27.349233,7487,3556,6031,69.879
27.354898,7487,3556,6025,69.879
27.359357,7487,3554,6020,69.879
27.365074,7486,3552,6023,69.879
27.369457,7487,3549,6029,69.879
27.373875,7487,3548,6033,69.879
27.379753,7489,3547,6037,69.879
27.384056,7490,3546,6040,69.879
27.389738,7490,3546,6041,69.879
27.394181,7491,3547,6044,69.879
27.399883,7491,3547,6046,69.879
27.404300,7492,3547,6047,69.879
27.408720,7494,3547,6048,69.879
27.414435,7496,3548,6046,69.879
27.418771,7499,3547,6044,69.879
27.424482,7501,3547,6043,69.879
27.428975,7502,3546,6043,69.879
27.434592,7503,3546,6041,69.879
27.439055,7504,3546,6038,69.879
27.444909,7505,3547,6035,69.879
27.449231,7506,3547,6030,69.879
27.453626,7505,3547,6030,69.879
27.459372,7504,3547,6030,69.879
27.463767,7503,3548,6031,69.879
27.469444,7503,3550,6033,69.879
27.473922,7503,3552,6035,69.879
27.479540,7503,3555,6035,69.879
27.484119,7500,3556,6038,69.879
27.488496,7498,3556,6037,69.879
27.494204,7496,3555,6035,69.879
27.498637,7494,3554,6032,69.879
27.504340,7493,3551,6029,69.879
27.508727,7492,3549,6027,69.879
27.514350,7492,3548,6027,69.879
27.518867,7494,3547,6028,69.879
27.524611,7497,3548,6029,69.879
27.529027,7500,3549,6030,69.879
27.533412,7503,3550,6027,69.879
27.539124,7504,3550,6026,69.879
27.543491,7504,3550,6026,69.879
27.549215,7502,3552,6025,69.879
27.553647,7500,3551,6025,69.879
27.559289,7499,3550,6027,69.879
27.563792,7499,3549,6028,69.879
27.567957,7500,3547,6028,69.879
27.573876,7501,3548,6029,69.879
27.578439,7501,3550,6029,69.879
27.584063,7500,3553,6031,69.879
27.588564,7500,3555,6033,69.879
27.594226,7500,3555,6035,69.879
27.598564,7501,3556,6036,69.879
27.604348,7502,3557,6038,69.879
27.608735,7502,3558,6039,69.879
27.613077,7502,3559,6038,69.879
27.618930,7502,3560,6039,69.879
27.623269,7504,3559,6042,69.879
27.629040,7504,3560,6045,69.879
27.633370,7506,3558,6051,69.879
27.639189,7505,3557,6054,69.879
27.643535,7503,3557,6057,69.879
27.647951,7501,3558,6059,69.879
27.653690,7499,3557,6057,69.879
27.658245,7498,3556,6057,69.879
27.663780,7499,3555,6057,69.879
27.668264,7500,3553,6056,69.879
27.673947,7502,3553,6057,69.879
27.678419,7500,3555,6058,69.879
27.684017,7500,3554,6059,69.879
27.688569,7497,3554,6058,69.879
27.692915,7494,3552,6056,69.879
27.698692,7492,3550,6056,69.879
27.703095,7490,3548,6052,69.879
27.708771,7489,3548,6053,69.879
27.713185,7488,3549,6052,69.879
27.718915,7488,3550,6047,69.879
27.723358,7488,3550,6045,69.879
27.727745,7488,3551,6043,69.879
27.733376,7490,3552,6037,69.879
27.737849,7492,3551,6036,69.879
27.743568,7492,3551,6033,69.879
27.748007,7492,3550,6029,69.879
27.753682,7493,3549,6023,69.879
27.758055,7492,3548,6019,69.879
27.763768,7492,3549,6019,69.879
27.768218,7492,3550,6019,69.879
27.772716,7491,3551,6023,69.879
27.778407,7491,3553,6028,69.879
27.782861,7492,3556,6029,69.879
27.788543,7491,3557,6030,69.879
27.792920,7492,3557,6028,69.879
27.798559,7492,3557,6027,69.879
27.803034,7492,3557,6026,69.879
27.807432,7491,3556,6026,69.879
27.813225,7489,3554,6028,69.879
27.817553,7485,3553,6028,69.879
27.823265,7482,3551,6027,69.879
27.827696,7481,3551,6027,69.879
27.833159,7480,3550,6027,69.879
27.837807,7482,3548,6026,69.879
27.843507,7483,3548,6025,69.879
27.847953,7484,3548,6023,69.879
27.852400,7486,3547,6020,69.879
27.858101,7487,3549,6019,69.879
27.862508,7489,3550,6018,69.879
27.868183,7490,3550,6014,69.879
27.872630,7490,3551,6012,69.879
27.878340,7489,3551,6009,69.879
27.882774,7488,3552,6008,69.879
27.887211,7486,3552,6009,69.879
27.892921,7485,3551,6011,69.879
27.897416,7483,3548,6017,69.879
27.903026,7482,3548,6019,69.879
27.907522,7483,3548,6018,69.879
27.913208,7484,3549,6020,69.879
27.917562,7485,3550,6022,69.879
27.923304,7486,3551,6023,69.879
27.927737,7487,3551,6024,69.879
27.932135,7487,3552,6025,69.879
27.937870,7488,3550,6026,69.879
27.942054,7488,3551,6026,69.879
27.947954,7489,3550,6027,69.879
27.952387,7492,3549,6029,69.879
27.958098,7495,3548,6029,69.879
27.962521,7495,3546,6030,69.879
27.966945,7498,3542,6032,69.879
27.972693,7499,3541,6034,69.879
27.977091,7499,3539,6037,69.879
27.982824,7499,3540,6037,69.879
27.987276,7500,3542,6036,69.879
27.992915,7500,3545,6033,69.879
27.997381,7499,3548,6032,69.879
28.003054,7502,3551,6034,69.879
28.007232,7501,3553,6037,69.879
28.011886,7502,3555,6042,69.879
28.017671,7503,3557,6044,69.879
28.021960,7503,3559,6044,69.879
28.027708,7502,3560,6043,69.879
28.031973,7503,3558,6043,69.879
28.037725,7502,3558,6043,69.879
28.042151,7500,3558,6045,69.879
28.046698,7500,3557,6047,69.879
28.052458,7500,3559,6046,69.879
28.056839,7499,3559,6045,69.879
28.062558,7497,3558,6043,69.879
28.067009,7496,3558,6038,69.879
28.072541,7494,3557,6035,69.879
28.077138,7492,3558,6031,69.879
28.082818,7489,3558,6029,69.879
28.087266,7488,3559,6031,69.879
28.091671,7489,3557,6030,69.879
28.097432,7490,3555,6031,69.879
28.101830,7490,3554,6034,69.879
28.107495,7489,3552,6037,69.879
28.111935,7488,3551,6041,69.879
28.117610,7486,3549,6045,69.879
28.122054,7487,3546,6043,69.879
28.126466,7489,3544,6043,69.879
28.132289,7490,3541,6041,69.879
28.136618,7492,3539,6039,69.879
28.142305,7493,3539,6035,69.879
28.146638,7491,3542,6033,69.879
28.152447,7491,3547,6032,69.879
28.156877,7491,3552,6032,69.879
28.162565,7493,3556,6032,69.879
28.167002,7496,3558,6032,69.879
28.171411,7499,3560,6033,69.879
28.177173,7500,3562,6032,69.879
28.181581,7500,3562,6035,69.879
28.187233,7497,3563,6038,69.879
28.191704,7493,3564,6041,69.879
28.197408,7490,3565,6044,69.879
28.201821,7488,3564,6044,69.879
28.206305,7487,3563,6045,69.879
28.211971,7487,3562,6043,69.879
28.216419,7487,3560,6042,69.879
28.222096,7487,3559,6039,69.879
28.226512,7487,3559,6036,69.879
28.232235,7489,3561,6034,69.879
28.236604,7490,3563,6033,69.879
28.242353,7490,3565,6032,69.879
28.246795,7490,3567,6032,69.879
28.251186,7489,3568,6033,69.879
28.256948,7490,3567,6033,69.879
28.261316,7490,3565,6033,69.879
28.267003,7491,3562,6033,69.879
28.271435,7492,3562,6029,69.879
28.277161,7492,3561,6028,69.879
28.281615,7494,3560,6029,69.879
28.286027,7497,3562,6028,69.879
28.291773,7500,3561,6029,69.879
28.296175,7502,3560,6030,69.879
28.301872,7504,3558,6031,69.879
28.306287,7503,3556,6030,69.879
28.312009,7501,3554,6029,69.879
28.316383,7500,3552,6029,69.879
28.322109,7498,3552,6028,69.879
28.326558,7498,3553,6029,69.879
28.330918,7498,3552,6031,69.879
28.336664,7498,3553,6031,69.879
28.341083,7499,3555,6031,69.879
28.346763,7499,3556,6031,69.879
28.351221,7497,3557,6031,69.879
28.356906,7496,3558,6030,69.879
28.361425,7495,3558,6032,69.879
28.365735,7493,3557,6031,69.879
28.371503,7492,3558,6029,69.879
28.375924,7492,3559,6027,69.879
28.381586,7491,3560,6021,69.879
28.386050,7492,3561,6014,69.879
28.391720,7492,3560,6010,69.879
28.396042,7492,3557,6007,69.879
28.401905,7491,3554,6007,69.879
28.406306,7491,3552,6006,69.879
28.410736,7488,3552,6006,69.879
28.416507,7486,3553,6007,69.879
28.420894,7484,3555,6009,69.879
28.426576,7484,3557,6012,69.879
28.430993,7485,3560,6014,69.879
28.436597,7488,3563,6016,69.879
28.441134,7491,3563,6016,69.879
28.445505,7494,3563,6013,69.879
28.451264,7495,3564,6013,69.879
28.455638,7497,3563,6013,69.879
28.461333,7499,3563,6014,69.879
28.465801,7501,3563,6015,69.879
28.471483,7501,3563,6016,69.879
28.475905,7500,3563,6017,69.879
28.481618,7499,3563,6018,69.879
28.486053,7498,3562,6019,69.879
28.490526,7498,3560,6018,69.879
28.496212,7499,3558,6018,69.879
28.500619,7498,3557,6014,69.879
28.506346,7498,3556,6012,69.879
28.510827,7498,3557,6012,69.879
28.516483,7498,3558,6016,69.879
28.520901,7497,3559,6022,69.879
28.525266,7494,3557,6028,69.879
28.531003,7493,3552,6032,69.879
28.535418,7492,3549,6033,69.879
28.540889,7492,3546,6031,69.879
28.545598,7493,3543,6026,69.879
28.551366,7493,3543,6022,69.879
28.555529,7493,3543,6016,69.879
28.561385,7494,3543,6013,69.879
28.565824,7496,3543,6015,69.879
28.570226,7499,3543,6017,69.879
28.575960,7500,3544,6020,69.879
28.580393,7501,3545,6027,69.879
28.586058,7501,3548,6033,69.879
28.590563,7502,3551,6038,69.879
28.596076,7504,3552,6043,69.879
28.600383,7506,3553,6047,69.879
28.604728,7509,3554,6047,69.879
28.610485,7512,3553,6048,69.879
28.614886,7514,3554,6045,69.879
28.620620,7514,3555,6040,69.879
28.625143,7513,3555,6034,69.879
28.630731,7511,3556,6027,69.879
28.635423,7509,3558,6022,69.879
28.641187,7508,3559,6020,69.879
28.645535,7506,3561,6019,69.879
28.649977,7504,3561,6018,69.879
28.655758,7504,3562,6019,69.879
28.660136,7502,3563,6020,69.879
28.665814,7500,3564,6022,69.879
28.670270,7497,3565,6023,69.879
28.675970,7496,3564,6021,69.879
28.680519,7495,3563,6021,69.879
28.684795,7496,3562,6019,69.879
28.690519,7497,3561,6018,69.879
28.694961,7497,3561,6019,69.879
28.700638,7497,3561,6019,69.879
28.705169,7495,3562,6018,69.879
28.710800,7494,3564,6017,69.879
28.715182,7492,3564,6014,69.879
28.720960,7491,3566,6011,69.879
28.725414,7489,3566,6010,69.879
28.729748,7488,3566,6007,69.879
28.735557,7487,3565,6007,69.879
28.739887,7488,3564,6008,69.879
28.745618,7489,3565,6007,69.879
28.750055,7489,3566,6007,69.879
28.755714,7489,3567,6008,69.879
28.760143,7489,3567,6009,69.879
28.764535,7488,3567,6011,69.879
28.770280,7488,3566,6013,69.879
28.774723,7487,3566,6013,69.879
28.780363,7486,3566,6014,69.879
28.784820,7485,3564,6015,69.879
28.790515,7485,3561,6015,69.879
28.794967,7485,3559,6013,69.879
28.800698,7487,3558,6012,69.879
28.805148,7488,3558,6010,69.879
28.809504,7487,3558,6007,69.879
28.815280,7488,3559,6005,69.879
28.819667,7489,3558,6007,69.879
28.825394,7490,3557,6010,69.879
28.829793,7492,3556,6018,69.879
28.835480,7494,3555,6026,69.879
28.839888,7493,3554,6032,69.879
28.844386,7492,3555,6037,69.879
28.850028,7490,3557,6044,69.879
28.854444,7489,3558,6045,69.879
28.860151,7488,3560,6044,69.879
28.864621,7489,3560,6041,69.879
28.870305,7490,3559,6035,69.879
28.874715,7490,3560,6031,69.879
28.880427,7491,3560,6030,69.879
28.884822,7491,3562,6028,69.879
28.889335,7490,3563,6029,69.879
28.895041,7489,3563,6029,69.879
28.899458,7488,3563,6028,69.879
28.905076,7488,3561,6026,69.879
28.909587,7487,3559,6026,69.879
28.915340,7487,3557,6026,69.879
28.919659,7486,3555,6029,69.879
28.924071,7485,3553,6032,69.879
28.929835,7484,3550,6031,69.879
28.934388,7484,3549,6032,69.879
28.939952,7487,3547,6034,69.879
28.944389,7488,3545,6038,69.879
28.950053,7489,3544,6041,69.879
28.954452,7491,3544,6047,69.879
28.960205,7493,3545,6049,69.879
28.964613,7496,3546,6048,69.879
28.969007,7499,3547,6047,69.879
28.974767,7502,3550,6046,69.879
28.979225,7505,3550,6046,69.879
28.984867,7506,3551,6049,69.879
28.989304,7507,3551,6049,69.879
28.994990,7506,3550,6051,69.879
28.999452,7504,3549,6051,69.879
29.003830,7503,3548,6047,69.879
29.009341,7503,3547,6043,69.879
29.013941,7502,3548,6039,69.879
29.019665,7502,3549,6035,69.879
29.023899,7501,3550,6032,69.879
29.029847,7499,3553,6030,69.879
29.034227,7498,3553,6029,69.879
29.039736,7496,3553,6026,69.879
29.044369,7496,3551,6025,69.879
29.048797,7496,3551,6027,69.879
29.054482,7497,3550,6027,69.879
29.058915,7496,3550,6028,69.879
29.064617,7496,3553,6031,69.879
29.069068,7495,3556,6034,69.879
29.074725,7494,3557,6035,69.879
29.079209,7492,3559,6035,69.879
29.083620,7491,3560,6035,69.879
29.089407,7490,3560,6034,69.879
29.093753,7488,3559,6033,69.879
29.099450,7488,3560,6032,69.879
29.103867,7488,3559,6033,69.879
29.109582,7489,3559,6032,69.879
29.114001,7488,3558,6033,69.879
29.119714,7487,3556,6034,69.879
29.124155,7485,3557,6034,69.879
29.128540,7484,3557,6032,69.879
29.134287,7483,3557,6031,69.879
29.138698,7483,3559,6034,69.879
29.144357,7485,3559,6035,69.879
29.148799,7486,3560,6033,69.879
29.154539,7489,3561,6030,69.879
29.158971,7491,3561,6025,69.879
29.163385,7494,3561,6022,69.879
29.169103,7495,3560,6018,69.879
29.173514,7494,3559,6013,69.879
29.179188,7494,3558,6008,69.879
29.183619,7493,3561,6003,69.879
29.189335,7494,3563,6003,69.879
29.193770,7494,3565,6006,69.879
29.199479,7495,3565,6008,69.879
29.203960,7496,3564,6011,69.879
29.208326,7497,3564,6012,69.879
29.214054,7496,3564,6013,69.879
29.218456,7496,3565,6012,69.879
29.224176,7495,3564,6013,69.879
29.228627,7494,3563,6013,69.879
29.234304,7493,3563,6014,69.879
29.238714,7491,3564,6015,69.879
29.243111,7488,3564,6018,69.879
29.248841,7486,3567,6022,69.879
29.253280,7486,3568,6026,69.879
29.258960,7487,3569,6032,69.879
29.263393,7488,3569,6037,69.879
29.269081,7489,3569,6040,69.879
29.273511,7489,3570,6043,69.879
29.279387,7489,3570,6043,69.879
29.283648,7491,3569,6043,69.879
29.288056,7493,3568,6043,69.879
29.293823,7497,3566,6041,69.879
29.298205,7499,3564,6038,69.879
29.303951,7500,3563,6034,69.879
29.308396,7500,3562,6029,69.879
29.314053,7498,3563,6029,69.879
29.318477,7499,3563,6026,69.879
29.322916,7499,3563,6021,69.879
29.328600,7500,3564,6019,69.879
29.333005,7500,3563,6016,69.879
29.338723,7500,3563,6016,69.879
29.343185,7500,3565,6016,69.879
29.348856,7501,3566,6017,69.879
29.353252,7500,3569,6017,69.879
29.358977,7501,3571,6017,69.879
29.363433,7501,3572,6016,69.879
29.367813,7500,3573,6017,69.879
29.373558,7501,3573,6019,69.879
29.377948,7500,3573,6022,69.879
29.383709,7500,3573,6026,69.879
29.388094,7499,3573,6027,69.879
29.393813,7498,3573,6025,69.879
29.398232,7495,3573,6021,69.879
29.402643,7496,3572,6015,69.879
29.408448,7495,3571,6013,69.879
29.412801,7495,3570,6014,69.879
29.418491,7495,3570,6016,69.879
29.422929,7495,3571,6020,69.879
29.428340,7495,3572,6023,69.879
29.433047,7495,3573,6026,69.879
29.438636,7496,3575,6028,69.879
29.442938,7498,3576,6028,69.879
29.447224,7498,3576,6028,69.879
29.453053,7499,3576,6028,69.879
29.457438,7500,3577,6029,69.879
29.463176,7500,3576,6032,69.879
29.467529,7501,3577,6037,69.879
29.473293,7501,3577,6042,69.879
29.477684,7502,3576,6043,69.879
29.484017,7501,3574,6045,69.879
29.488670,7500,3571,6041,69.879
29.492353,7500,3569,6038,69.879
29.499737,7499,3566,6038,69.879
29.502580,7502,3565,6037,69.879
29.511796,7503,3563,6037,69.879
29.512831,7505,3562,6036,69.879
29.518230,7506,3564,6036,69.879
29.522715,7504,3565,6039,69.879
29.527143,7503,3566,6039,69.879
29.533073,7502,3567,6040,69.879
29.537254,7500,3566,6042,69.879
29.543179,7497,3563,6042,69.879
29.547604,7496,3561,6043,69.879
29.553330,7494,3562,6042,69.879
29.557743,7492,3563,6042,69.879
29.562153,7492,3565,6041,69.879
29.567871,7491,3566,6040,69.879
29.572305,7489,3566,6039,69.879
29.577985,7488,3564,6038,69.879
29.582465,7487,3565,6034,69.879
29.588106,7486,3567,6031,69.879
29.592540,7485,3569,6030,69.879
29.598308,7484,3569,6029,69.879
29.602706,7483,3570,6027,69.879
29.607135,7482,3568,6028,69.879
29.612873,7483,3566,6025,69.879
29.617266,7485,3565,6023,69.879
29.622970,7486,3564,6022,69.879
29.627408,7488,3563,6022,69.879
29.633106,7488,3562,6025,69.879
29.637475,7488,3560,6029,69.879
29.641923,7487,3558,6032,69.879
29.647638,7485,3555,6035,69.879
29.652083,7482,3553,6037,69.879
29.657736,7480,3550,6038,69.879
29.662206,7480,3549,6041,69.879
29.667902,7481,3550,6040,69.879
29.672365,7483,3550,6036,69.879
29.678026,7484,3549,6031,69.879
29.682485,7484,3547,6028,69.879
29.686870,7485,3546,6026,69.879
29.692607,7486,3546,6027,69.879
29.697076,7487,3546,6034,69.879
29.702690,7489,3546,6040,69.879
29.707182,7489,3545,6045,69.879
29.712908,7490,3545,6046,69.879
29.717350,7490,3547,6046,69.879
29.721681,7492,3545,6046,69.879
29.727442,7493,3544,6043,69.879
29.731849,7495,3544,6043,69.879
29.737514,7497,3544,6042,69.879
29.741955,7498,3545,6040,69.879
29.747645,7497,3547,6040,69.879
29.752127,7497,3548,6038,69.879
29.757812,7496,3551,6037,69.879
29.762218,7497,3552,6033,69.879
29.766619,7497,3553,6029,69.879
29.772401,7496,3554,6028,69.879
29.776769,7493,3554,6025,69.879
29.782325,7491,3554,6024,69.879
29.786911,7490,3555,6021,69.879
29.792603,7489,3556,6021,69.879
29.797078,7490,3558,6022,69.879
29.801455,7489,3559,6023,69.879
29.807243,7489,3560,6026,69.879
29.811584,7489,3562,6028,69.879
29.817290,7490,3563,6033,69.879
29.821761,7490,3563,6036,69.879
29.827426,7492,3564,6038,69.879
29.831837,7492,3564,6037,69.879
29.837538,7493,3564,6035,69.879
29.842019,7492,3565,6033,69.879
29.846388,7493,3566,6033,69.879
29.852124,7494,3566,6034,69.879
29.856517,7495,3567,6036,69.879
29.862209,7498,3567,6038,69.879
29.866683,7498,3567,6042,69.879
29.872383,7498,3567,6047,69.879
29.876809,7498,3566,6051,69.879
29.881181,7498,3565,6055,69.879
29.886921,7500,3564,6052,69.879
29.891414,7502,3562,6048,69.879
29.897018,7503,3561,6044,69.879
29.901531,7505,3560,6042,69.879
29.907203,7506,3560,6038,69.879
29.911611,7507,3561,6033,69.879
29.917322,7508,3561,6030,69.879
29.921762,7507,3563,6024,69.879
29.926178,7505,3563,6023,69.879
29.931934,7502,3563,6021,69.879
29.936318,7499,3563,6019,69.879
29.941989,7496,3562,6014,69.879
29.946444,7495,3560,6012,69.879
29.952143,7495,3559,6008,69.879
29.956559,7496,3558,6007,69.879
29.960931,7498,3556,6008,69.879
29.966717,7500,3557,6005,69.879
29.971107,7501,3557,6002,69.879
29.976800,7503,3557,6000,69.879
29.981264,7504,3557,6000,69.879
29.986920,7503,3556,6002,69.879
29.991357,7501,3555,6005,69.879
29.997103,7500,3555,6008,69.879
30.001562,7498,3555,6011,69.879
30.005649,7498,3556,6013,69.879
30.011378,7496,3558,6015,69.879
30.016055,7495,3557,6017,69.879
30.021668,7493,3556,6018,69.879
30.026182,7492,3554,6021,69.879
30.031949,7492,3552,6025,69.879
30.036355,7491,3552,6029,69.879
30.040455,7492,3554,6034,69.879
30.046496,7493,3556,6037,69.879
30.050866,7494,3557,6037,69.879
30.056543,7495,3559,6038,69.879
30.061050,7494,3560,6040,69.879
30.066687,7494,3561,6042,69.879
30.071132,7493,3564,6044,69.879
30.076830,7492,3566,6046,69.879
30.081357,7493,3568,6045,69.879
30.085698,7492,3569,6044,69.879
30.091429,7491,3568,6042,69.879
30.095845,7491,3567,6037,69.879
30.101504,7492,3566,6038,69.879
30.105986,7493,3565,6036,69.879
30.111688,7493,3564,6032,69.879
30.116096,7495,3562,6029,69.879
30.120527,7494,3561,6027,69.879
30.126260,7494,3561,6028,69.879
30.130665,7495,3561,6029,69.879
30.136370,7495,3560,6033,69.879
30.140821,7495,3558,6034,69.879
30.146511,7495,3556,6035,69.879
30.150924,7493,3555,6034,69.879
30.156694,7491,3555,6035,69.879
30.161076,7490,3554,6042,69.879
30.165490,7488,3554,6049,69.879
30.171205,7488,3556,6055,69.879
30.175587,7487,3556,6060,69.879
30.181375,7487,3555,6062,69.879
30.185730,7488,3555,6060,69.879
30.191425,7488,3555,6059,69.879
30.195844,7489,3555,6053,69.879
30.200322,7489,3555,6047,69.879
30.206043,7488,3558,6040,69.879
30.210424,7487,3560,6033,69.879
30.216099,7487,3562,6031,69.879
30.220566,7487,3563,6032,69.879
30.226253,7487,3563,6033,69.879
30.230724,7487,3562,6034,69.879
30.236399,7486,3560,6034,69.879
30.240960,7486,3558,6030,69.879
30.245139,7487,3557,6024,69.879
30.250983,7488,3557,6020,69.879
30.255379,7489,3557,6012,69.879
30.261089,7488,3560,6011,69.879
30.265514,7488,3562,6010,69.879
30.271180,7486,3565,6007,69.879
30.275634,7485,3567,6006,69.879
30.280032,7484,3569,6006,69.879
30.285844,7484,3569,6004,69.879
30.290198,7485,3568,6004,69.879
30.295900,7485,3566,6003,69.879
30.300346,7486,3563,6001,69.879
30.306017,7484,3563,6002,69.879
30.310463,7484,3562,6001,69.879
30.316152,7484,3560,6004,69.879
30.320587,7484,3561,6005,69.879
30.325006,7486,3561,6007,69.879
30.330760,7486,3560,6012,69.879
30.335191,7487,3561,6014,69.879
30.340848,7487,3560,6016,69.879
30.345240,7487,3560,6017,69.879
30.350958,7487,3560,6016,69.879
30.355409,7487,3559,6018,69.879
30.359820,7488,3559,6020,69.879
30.365557,7490,3559,6024,69.879
30.369936,7492,3559,6026,69.879
30.375641,7494,3560,6025,69.879
30.380081,7495,3561,6021,69.879
30.385799,7496,3561,6015,69.879
30.390201,7496,3562,6010,69.879
30.395952,7497,3562,6007,69.879
30.400358,7497,3563,6006,69.879
30.404809,7498,3563,6005,69.879
30.410487,7499,3562,6006,69.879
30.414954,7499,3561,6005,69.879
30.420679,7499,3561,6004,69.879
30.425095,7499,3561,6002,69.879
30.430785,7499,3561,6001,69.879
30.435209,7498,3562,5999,69.879
30.439617,7499,3562,6000,69.879
30.445381,7498,3564,6004,69.879
30.449727,7498,3566,6007,69.879
30.455447,7498,3567,6013,69.879
30.459875,7498,3567,6018,69.879
30.465561,7500,3567,6021,69.879
30.470014,7503,3567,6019,69.879
30.475693,7506,3567,6016,69.879
30.480120,7508,3567,6015,69.879
30.484498,7510,3565,6011,69.879
30.490283,7510,3564,6010,69.879
30.494716,7509,3563,6010,69.879
30.500388,7509,3562,6011,69.879
30.504822,7510,3564,6011,69.879
30.510512,7510,3566,6010,69.879
30.514932,7511,3567,6009,69.879
30.519413,7510,3568,6008,69.879
30.525135,7510,3569,6009,69.879
30.529542,7509,3568,6011,69.879
30.535217,7508,3565,6013,69.879
30.539630,7506,3565,6015,69.879
30.545361,7505,3563,6018,69.879
30.549740,7504,3561,6017,69.879
30.555529,7504,3560,6013,69.879
30.559916,7504,3559,6011,69.879
30.564278,7504,3557,6009,69.879
30.569801,7504,3557,6011,69.879
30.574438,7502,3556,6018,69.879
30.580129,7500,3555,6023,69.879
30.584602,7498,3555,6028,69.879
30.590303,7496,3555,6029,69.879
30.594689,7495,3556,6028,69.879
30.599163,7495,3555,6025,69.879
30.604845,7494,3555,6022,69.879
30.609263,7493,3555,6023,69.879
30.615002,7491,3556,6027,69.879
30.619420,7489,3560,6027,69.879
30.625081,7489,3564,6028,69.879
30.629655,7488,3567,6028,69.879
30.635242,7486,3569,6028,69.879
30.639693,7484,3569,6028,69.879
30.644080,7483,3567,6029,69.879
30.649808,7481,3566,6030,69.879
30.654208,7481,3565,6031,69.879
30.659976,7481,3565,6033,69.879
30.664371,7480,3566,6036,69.879
30.670079,7480,3565,6038,69.879
30.674474,7480,3564,6037,69.879
30.678860,7479,3563,6034,69.879
30.684638,7480,3562,6031,69.879
30.689002,7480,3562,6028,69.879
30.694710,7481,3564,6028,69.879
30.699159,7482,3566,6028,69.879
30.704844,7484,3569,6025,69.879
30.709281,7486,3572,6021,69.879
30.715001,7488,3574,6022,69.879
30.719445,7490,3575,6023,69.879
30.723843,7491,3577,6025,69.879
30.729612,7490,3579,6030,69.879
30.733997,7489,3579,6031,69.879
30.739683,7488,3577,6036,69.879
30.744141,7486,3575,6040,69.879
30.749799,7486,3571,6044,69.879
30.754260,7485,3567,6045,69.879
30.758668,7485,3565,6045,69.879
30.764389,7485,3565,6044,69.879
30.768827,7485,3566,6043,69.879
30.774462,7484,3569,6043,69.879
30.778937,7484,3572,6042,69.879
30.784614,7483,3573,6038,69.879
30.789031,7482,3573,6037,69.879
30.794752,7481,3571,6038,69.879
30.799201,7480,3571,6037,69.879
30.803604,7479,3570,6041,69.879
30.809357,7478,3570,6039,69.879
30.813812,7477,3571,6036,69.879
30.819480,7477,3572,6032,69.879
30.823928,7477,3571,6029,69.879
30.829566,7478,3571,6027,69.879
30.834015,7479,3569,6025,69.879
30.838410,7479,3566,6021,69.879
30.844153,7479,3566,6019,69.879
30.848568,7479,3564,6018,69.879
30.854238,7478,3565,6019,69.879
30.858693,7477,3566,6021,69.879
30.864405,7477,3566,6021,69.879
30.868843,7478,3568,6020,69.879
30.874536,7481,3568,6019,69.879
30.878950,7484,3567,6017,69.879
30.883390,7487,3565,6017,69.879
30.889129,7491,3563,6018,69.879
30.893519,7493,3561,6020,69.879
30.899210,7494,3559,6021,69.879
30.903654,7494,3558,6021,69.879
30.909362,7493,3557,6025,69.879
30.913780,7492,3556,6030,69.879
30.918229,7493,3554,6033,69.879
30.923974,7494,3555,6035,69.879
30.928444,7495,3557,6035,69.879
30.934061,7497,3559,6032,69.879
30.938507,7499,3561,6030,69.879
30.944207,7501,3560,6031,69.879
30.948589,7502,3560,6034,69.879
30.954387,7504,3559,6036,69.879
30.958765,7505,3558,6037,69.879
30.963137,7507,3556,6035,69.879
30.968894,7506,3556,6034,69.879
30.973308,7503,3558,6032,69.879
30.979001,7500,3559,6032,69.879
30.983448,7497,3561,6032,69.879
30.989111,7496,3560,6032,69.879
30.993541,7495,3559,6032,69.879
30.997805,7494,3557,6034,69.879
31.003429,7494,3557,6034,69.879
31.007869,7494,3556,6035,69.879
31.013532,7494,3557,6035,69.879
31.017948,7496,3559,6033,69.879
31.023710,7495,3561,6032,69.879
31.028149,7495,3563,6033,69.879
31.033809,7493,3566,6033,69.879
31.038253,7492,3567,6033,69.879
31.042652,7492,3568,6033,69.879
31.048664,7490,3570,6031,69.879
31.053081,7490,3570,6032,69.879
31.058724,7489,3570,6035,69.879
31.063222,7489,3570,6038,69.879
31.068897,7491,3569,6042,69.879
31.073350,7490,3567,6045,69.879
31.077718,7490,3563,6047,69.879
31.083487,7489,3560,6045,69.879
31.087873,7488,3557,6040,69.879
31.093589,7486,3554,6037,69.879
31.098035,7483,3554,6032,69.879
31.103709,7480,3554,6026,69.879
31.108203,7478,3555,6019,69.879
31.113876,7480,3555,6016,69.879
31.118350,7484,3558,6012,69.879
31.122716,7486,3558,6011,69.879
31.128526,7487,3561,6012,69.879
31.132819,7485,3564,6013,69.879
31.138559,7482,3564,6016,69.879
31.142991,7479,3564,6017,69.879
31.148734,7477,3562,6018,69.879
31.153125,7477,3560,6019,69.879
31.157489,7478,3559,6021,69.879
31.163229,7480,3559,6022,69.879
31.167684,7483,3560,6025,69.879
31.173332,7485,3561,6029,69.879
31.177821,7487,3561,6030,69.879
31.183505,7489,3559,6032,69.879
31.187920,7490,3558,6031,69.879
31.193635,7489,3556,6033,69.879
31.198051,7489,3555,6037,69.879
31.202467,7489,3553,6037,69.879
31.208323,7489,3550,6041,69.879
31.212643,7490,3549,6041,69.879
31.218338,7490,3548,6041,69.879
31.222791,7490,3548,6039,69.879
31.228465,7490,3549,6039,69.879
31.232891,7488,3551,6037,69.879
31.237263,7487,3551,6036,69.879
31.243027,7487,3551,6036,69.879
31.247439,7488,3553,6034,69.879
31.253128,7488,3552,6034,69.879
31.257572,7488,3550,6034,69.879
31.263326,7488,3549,6033,69.879
31.267692,7489,3546,6029,69.879
31.273385,7491,3544,6023,69.879
31.277848,7492,3542,6016,69.879
31.282259,7495,3541,6013,69.879
31.288051,7497,3542,6014,69.879
31.292387,7498,3543,6016,69.879
31.298101,7500,3546,6018,69.879
31.302549,7501,3550,6021,69.879
31.308231,7500,3553,6024,69.879
31.312696,7499,3556,6025,69.879
31.317091,7496,3558,6026,69.879
31.322789,7495,3559,6028,69.879
31.327208,7495,3561,6029,69.879
31.332944,7494,3563,6028,69.879
31.337384,7495,3564,6032,69.879
31.343080,7495,3565,6035,69.879
31.347497,7493,3565,6042,69.879
31.353222,7492,3565,6048,69.879
31.357590,7490,3564,6049,69.879
31.361997,7488,3564,6050,69.879
31.367746,7487,3563,6046,69.879
31.372156,7488,3564,6044,69.879
31.377844,7491,3565,6042,69.879
31.382301,7494,3565,6043,69.879
31.387976,7494,3566,6046,69.884
31.392418,7494,3565,6049,69.884
31.396878,7492,3563,6050,69.884
31.402609,7490,3561,6051,69.884
31.407045,7490,3560,6051,69.879
31.412670,7489,3561,6048,69.884
31.417276,7490,3563,6046,69.884
31.422821,7490,3564,6046,69.884
31.427234,7489,3564,6043,69.884
31.433006,7490,3563,6040,69.884
31.437433,7490,3563,6037,69.884
31.441785,7491,3562,6030,69.884
31.447532,7493,3563,6027,69.884
31.451948,7493,3563,6026,69.884
31.457671,7492,3562,6026,69.884
31.462089,7490,3561,6026,69.884
31.467680,7488,3560,6027,69.884
31.472059,7488,3559,6028,69.884
31.476595,7489,3559,6028,69.884
31.482358,7491,3559,6029,69.884
31.486773,7494,3558,6028,69.884
31.492437,7497,3558,6026,69.884
31.496877,7498,3558,6029,69.884
31.502588,7498,3557,6031,69.884
31.507032,7498,3556,6036,69.884
31.512742,7498,3555,6037,69.884
31.517204,7497,3555,6037,69.884
31.521591,7496,3556,6036,69.884
31.527381,7496,3559,6036,69.884
31.531743,7495,3562,6036,69.884
31.537198,7495,3564,6039,69.884
31.541837,7494,3565,6043,69.884
31.547563,7494,3564,6046,69.884
31.552013,7493,3564,6048,69.884
31.556352,7492,3560,6051,69.884
31.562107,7492,3557,6050,69.884
31.566536,7489,3557,6052,69.884
31.572232,7488,3557,6053,69.884
31.576670,7487,3557,6052,69.884
31.582386,7487,3556,6052,69.884
31.586795,7487,3556,6049,69.884
31.592507,7487,3554,6045,69.884
31.596952,7486,3552,6044,69.884
31.601415,7484,3553,6045,69.884
31.607104,7483,3554,6044,69.884
31.611515,7481,3556,6042,69.884
31.617206,7483,3559,6041,69.884
31.621657,7483,3562,6040,69.884
31.627326,7484,3563,6038,69.884
31.631774,7485,3563,6035,69.884
31.636172,7485,3563,6034,69.884
31.641912,7485,3562,6029,69.884
31.646331,7485,3562,6026,69.884
31.652030,7486,3564,6027,69.884
31.656443,7487,3565,6027,69.884
31.662213,7488,3564,6027,69.884
31.666587,7488,3564,6028,69.884
31.672330,7489,3563,6029,69.884
31.676713,7489,3563,6030,69.884
31.681148,7489,3561,6033,69.884
31.686874,7489,3560,6034,69.884
31.691301,7487,3559,6034,69.884
31.696967,7487,3558,6035,69.884
31.701427,7487,3558,6035,69.884
31.707135,7486,3559,6033,69.884
31.711545,7487,3560,6034,69.884
31.715968,7488,3563,6036,69.884
31.721691,7489,3564,6035,69.884
31.725948,7489,3564,6034,69.884
31.731777,7489,3564,6031,69.884
31.736264,7488,3562,6024,69.884
31.741904,7486,3561,6019,69.884
31.746420,7486,3559,6017,69.884
31.752056,7486,3557,6016,69.884
31.756496,7486,3557,6019,69.884
31.760924,7486,3555,6026,69.884
31.766637,7484,3556,6030,69.884
31.771055,7482,3556,6033,69.884
31.776720,7480,3558,6036,69.884
31.781162,7479,3560,6036,69.884
31.786870,7479,3563,6035,69.884
31.791341,7479,3563,6035,69.884
31.795705,7480,3563,6035,69.884
31.801459,7481,3563,6033,69.884
31.805870,7483,3562,6033,69.884
31.811525,7485,3560,6033,69.884
31.816039,7485,3558,6035,69.884
31.821716,7485,3557,6036,69.884
31.826130,7484,3556,6036,69.884
31.831856,7484,3559,6034,69.884
31.836253,7484,3561,6029,69.884
31.840708,7485,3562,6026,69.884
31.846415,7486,3564,6024,69.884
31.850795,7486,3566,6024,69.884
31.856517,7488,3565,6022,69.884
31.860932,7488,3564,6022,69.884
31.866639,7489,3562,6022,69.884
31.871048,7492,3560,6022,69.884
31.875465,7491,3562,6022,69.884
31.881205,7491,3563,6023,69.884
31.885640,7490,3564,6025,69.884
31.891331,7490,3565,6024,69.884
31.895795,7489,3564,6024,69.884
31.901462,7487,3563,6023,69.884
31.905869,7484,3565,6022,69.884
31.911601,7482,3565,6019,69.884
31.916058,7480,3566,6017,69.884
31.920455,7479,3566,6014,69.884
31.926217,7479,3564,6011,69.884
31.930622,7479,3562,6011,69.884
31.936331,7480,3560,6012,69.884
31.940694,7480,3559,6012,69.884
31.946458,7479,3559,6014,69.884
31.950877,7480,3558,6013,69.884
31.955258,7480,3558,6011,69.884
31.960987,7479,3557,6012,69.884
31.965389,7479,3557,6013,69.884
31.971075,7479,3557,6011,69.884
31.975556,7479,3557,6014,69.884
31.981234,7479,3557,6017,69.884
31.985655,7478,3558,6021,69.884
31.991386,7477,3558,6023,69.884
31.995819,7478,3558,6024,69.884
32.000230,7479,3558,6019,69.884
32.005713,7483,3557,6015,69.884
32.010381,7485,3557,6012,69.884
32.016076,7486,3557,6012,69.884
32.020511,7487,3557,6015,69.884
32.026194,7485,3555,6019,69.884
32.030674,7483,3554,6023,69.884
32.035021,7482,3555,6028,69.884
32.040512,7480,3555,6032,69.884
32.045042,7480,3556,6033,69.884
32.050879,7481,3557,6037,69.884
32.055098,7481,3556,6043,69.884
32.061053,7482,3554,6046,69.884
32.065452,7483,3552,6048,69.884
32.071131,7483,3549,6049,69.884
32.075576,7483,3547,6045,69.884
32.080005,7482,3546,6043,69.884
32.085711,7482,3545,6043,69.884
32.090117,7482,3544,6042,69.884
32.095820,7483,3544,6042,69.884
32.100300,7485,3544,6041,69.884
32.105964,7487,3545,6040,69.884
32.110389,7486,3546,6039,69.884
32.114855,7487,3547,6037,69.884
32.120586,7489,3547,6035,69.884
32.124964,7490,3548,6034,69.884
32.130677,7492,3549,6035,69.884
32.135121,7492,3550,6036,69.884
32.140817,7494,3550,6038,69.884
32.145234,7496,3553,6039,69.884
32.150936,7500,3555,6038,69.884
32.155379,7504,3558,6039,69.884
32.159746,7509,3560,6041,69.884
32.165505,7512,3560,6042,69.884
32.169934,7515,3561,6043,69.884
32.175587,7516,3561,6044,69.884
32.180039,7517,3562,6044,69.884
32.185742,7517,3562,6045,69.884
32.190158,7517,3562,6045,69.884
32.194629,7516,3561,6046,69.884
32.200358,7515,3560,6043,69.884
32.204720,7514,3559,6038,69.884
32.210369,7512,3559,6036,69.884
32.214919,7510,3561,6032,69.884
32.220582,7509,3562,6030,69.884
32.225032,7508,3562,6031,69.884
32.230753,7507,3562,6034,69.884
32.235135,7503,3561,6036,69.884
32.239568,7501,3560,6039,69.884
32.245229,7499,3559,6042,69.884
32.249693,7497,3559,6043,69.884
32.255468,7497,3559,6042,69.884
32.259809,7496,3559,6045,69.884
32.265542,7496,3559,6050,69.884
32.269930,7497,3559,6051,69.884
32.274389,7497,3560,6052,69.884
32.280079,7498,3561,6049,69.884
32.284484,7500,3563,6043,69.884
32.290156,7501,3565,6037,69.884
32.294607,7501,3565,6033,69.884
32.300307,7502,3564,6030,69.884
32.304760,7501,3562,6031,69.884
32.310475,7502,3560,6029,69.884
32.314919,7501,3558,6024,69.884
32.319320,7500,3558,6021,69.884
32.325098,7499,3556,6016,69.884
32.329448,7498,3554,6012,69.884
32.335143,7497,3554,6011,69.884
32.339594,7496,3555,6007,69.884
32.345331,7495,3557,6004,69.884
32.349707,7495,3556,6004,69.884
32.354136,7495,3556,6006,69.884
32.359868,7496,3556,6009,69.884
32.364249,7497,3554,6011,69.884
32.369923,7496,3555,6012,69.884
32.374415,7497,3557,6012,69.884
32.380107,7497,3558,6012,69.884
32.384544,7497,3560,6016,69.884
32.390206,7498,3562,6020,69.884
32.394653,7496,3563,6022,69.884
32.399123,7494,3563,6026,69.884
32.404821,7492,3564,6027,69.884
32.409240,7491,3565,6025,69.884
32.414890,7490,3565,6022,69.884
32.419396,7488,3567,6021,69.884
32.425082,7489,3568,6020,69.884
32.429502,7490,3566,6023,69.884
32.433906,7492,3566,6026,69.884
32.439613,7493,3567,6028,69.884
32.444055,7493,3567,6028,69.884
32.449730,7492,3567,6031,69.884
32.454156,7489,3567,6034,69.884
32.459895,7487,3568,6036,69.884
32.464274,7485,3568,6035,69.884
32.470039,7484,3568,6031,69.884
32.474394,7485,3568,6028,69.884
32.478815,7487,3567,6025,69.884
32.484563,7487,3565,6023,69.884
32.488949,7487,3563,6022,69.884
32.494530,7487,3562,6023,69.884
32.499076,7487,3560,6024,69.884
32.504819,7489,3559,6025,69.884
32.509257,7492,3560,6028,69.884
32.513655,7494,3561,6031,69.884
32.519406,7495,3563,6029,69.884
32.523825,7496,3564,6027,69.884
32.529480,7496,3565,6023,69.884
32.533999,7495,3564,6019,69.884
32.539583,7494,3564,6016,69.884
32.544073,7491,3563,6015,69.884
32.549563,7488,3562,6012,69.884
32.554174,7488,3561,6011,69.884
32.558574,7488,3560,6010,69.884
32.564357,7491,3560,6008,69.884
32.568780,7493,3560,6004,69.884
32.574435,7495,3561,6000,69.884
32.578886,7497,3562,5996,69.884
32.584563,7500,3563,5994,69.884
32.588995,7503,3563,5993,69.884
32.593437,7507,3564,5994,69.884
32.599131,7510,3564,5995,69.884
32.603546,7513,3563,5997,69.884
32.609352,7514,3561,5998,69.884
32.613708,7512,3560,6000,69.884
32.619363,7510,3560,6002,69.884
32.623820,7506,3559,6005,69.884
32.629566,7502,3560,6006,69.884
32.633964,7498,3561,6004,69.884
32.638386,7498,3562,6001,69.884
32.644183,7500,3562,5998,69.884
32.648496,7501,3561,5997,69.884
32.654229,7503,3558,5999,69.884
32.658653,7502,3556,6004,69.884
32.664304,7501,3555,6010,69.884
32.668748,7501,3552,6016,69.884
32.673152,7502,3550,6021,69.884
32.678894,7503,3550,6023,69.884
32.683313,7503,3549,6024,69.884
32.689008,7502,3552,6024,69.884
32.693431,7499,3554,6022,69.884
32.699138,7497,3555,6019,69.884
32.703559,7493,3556,6016,69.884
32.709308,7489,3555,6012,69.884
32.713705,7486,3554,6013,69.884
32.718105,7485,3554,6016,69.884
32.723878,7485,3555,6020,69.884
32.728277,7485,3557,6026,69.884
32.733953,7485,3557,6032,69.884
32.738372,7486,3559,6039,69.884
32.744093,7486,3559,6044,69.884
32.748564,7489,3559,6047,69.884
32.752924,7492,3558,6048,69.884
32.758637,7494,3556,6044,69.884
32.763049,7494,3555,6041,69.884
32.768727,7494,3554,6040,69.884
32.773203,7494,3553,6041,69.884
32.778900,7494,3551,6040,69.884
32.783354,7493,3550,6039,69.884
32.789039,7492,3549,6040,69.884
32.793486,7491,3547,6042,69.884
32.797861,7489,3544,6043,69.884
32.803631,7488,3543,6042,69.884
32.808038,7488,3542,6039,69.884
32.813675,7486,3541,6035,69.884
32.818171,7486,3541,6033,69.884
32.823844,7486,3543,6028,69.884
32.828330,7486,3547,6024,69.884
32.832712,7487,3550,6019,69.884
32.838454,7488,3554,6013,69.884
32.842851,7487,3559,6009,69.884
32.848515,7486,3562,6007,69.884
32.852978,7483,3565,6007,69.884
32.858700,7482,3567,6011,69.884
32.863077,7482,3567,6014,69.884
32.868798,7483,3566,6015,69.884
32.873232,7488,3565,6017,69.884
32.877644,7493,3565,6016,69.884
32.883348,7496,3563,6013,69.884
32.887799,7499,3562,6010,69.884
32.893488,7501,3559,6008,69.884
32.897912,7502,3556,6007,69.884
32.903613,7501,3556,6008,69.884
32.908023,7499,3557,6008,69.884
32.912480,7497,3559,6009,69.884
32.918219,7495,3561,6012,69.884
32.922666,7493,3563,6015,69.884
32.928324,7490,3562,6019,69.884
32.932777,7487,3560,6022,69.884
32.938441,7482,3558,6023,69.884
32.942863,7480,3555,6023,69.884
32.948564,7482,3553,6024,69.884
32.953006,7485,3553,6023,69.884
32.957399,7490,3552,6024,69.884
32.963136,7494,3551,6025,69.884
32.967566,7498,3552,6026,69.884
32.973290,7500,3554,6024,69.884
32.977655,7500,3557,6024,69.884
32.983361,7501,3559,6022,69.884
32.987813,7499,3559,6021,69.884
32.992236,7498,3560,6020,69.884
32.997946,7497,3562,6019,69.884
33.002387,7496,3563,6020,69.884
33.007770,7494,3564,6019,69.884
33.012303,7494,3565,6016,69.884
33.018207,7494,3565,6014,69.884
33.022540,7495,3564,6012,69.884
33.028316,7497,3564,6010,69.884
33.032746,7499,3562,6011,69.884
33.037196,7501,3560,6014,69.884
33.042748,7500,3561,6017,69.884
33.047311,7498,3561,6021,69.884
33.052998,7495,3561,6023,69.884
33.057430,7492,3560,6025,69.884
33.063152,7492,3558,6029,69.884
33.067587,7490,3556,6032,69.884
33.072013,7488,3554,6034,69.884
33.077717,7487,3552,6037,69.884
33.082100,7486,3552,6039,69.884
33.087817,7484,3554,6038,69.884
33.092260,7484,3555,6039,69.884
33.097951,7484,3554,6036,69.884
33.102394,7483,3553,6036,69.884
33.108134,7484,3551,6035,69.884
33.112516,7485,3550,6034,69.884
33.116961,7486,3548,6036,69.884
33.122714,7485,3548,6035,69.884
33.127136,7483,3548,6035,69.884
33.132776,7481,3547,6035,69.884
33.137242,7478,3549,6031,69.884
33.142930,7478,3549,6033,69.884
33.147350,7478,3550,6035,69.884
33.151741,7479,3549,6037,69.884
33.157464,7479,3547,6043,69.884
33.161925,7479,3544,6048,69.884
33.167589,7478,3542,6050,69.884
33.172035,7476,3542,6051,69.884
33.177745,7476,3542,6051,69.884
33.182155,7477,3544,6053,69.884
33.187846,7476,3545,6053,69.884
33.192284,7478,3547,6053,69.884
33.196774,7480,3548,6054,69.884
33.202480,7481,3548,6056,69.884
33.206857,7480,3550,6057,69.884
33.212540,7478,3550,6055,69.884
33.217019,7475,3549,6051,69.884
33.222693,7473,3550,6048,69.884
33.227142,7472,3551,6047,69.884
33.231481,7470,3551,6047,69.884
33.237267,7470,3550,6046,69.884
33.241666,7472,3550,6045,69.884
33.247318,7473,3550,6042,69.884
33.251816,7476,3553,6037,69.884
33.257494,7476,3556,6035,69.884
33.261895,7476,3560,6032,69.884
33.267652,7477,3562,6031,69.884
33.272053,7477,3563,6033,69.884
33.276486,7478,3563,6034,69.884
33.282188,7479,3561,6033,69.884
33.286592,7480,3559,6031,69.884
33.292310,7482,3559,6031,69.884
33.296770,7484,3558,6030,69.884
33.302472,7488,3559,6029,69.884
33.306853,7490,3559,6030,69.884
33.311278,7490,3559,6030,69.884
33.317006,7489,3558,6029,69.884
33.321486,7488,3556,6032,69.884
33.327117,7487,3554,6030,69.884
33.331558,7487,3552,6025,69.884
33.337368,7487,3551,6022,69.884
33.341707,7488,3549,6017,69.884
33.347407,7490,3548,6014,69.884
33.351851,7493,3546,6014,69.884
33.356260,7493,3545,6015,69.884
33.362005,7494,3544,6016,69.884
33.366389,7494,3544,6016,69.884
33.372065,7494,3545,6016,69.884
33.376497,7494,3547,6017,69.884
33.382218,7495,3550,6021,69.884
33.386612,7494,3554,6026,69.884
33.391031,7494,3557,6031,69.884
33.396770,7494,3560,6036,69.884
33.401181,7493,3561,6035,69.884
33.406896,7494,3562,6034,69.884
33.411382,7494,3564,6036,69.884
33.417018,7495,3568,6035,69.884
33.421466,7494,3571,6036,69.884
33.427187,7492,3574,6036,69.884
33.431619,7490,3575,6033,69.884
33.436004,7489,3575,6031,69.884
33.441761,7490,3573,6028,69.884
33.446149,7491,3569,6025,69.884
33.451852,7492,3569,6023,69.884
33.456295,7492,3569,6024,69.884
33.461999,7492,3570,6023,69.884
33.466416,7490,3571,6024,69.884
33.470796,7488,3570,6026,69.884
33.476564,7485,3568,6028,69.884
33.481005,7482,3567,6029,69.884
33.486640,7480,3563,6030,69.884
33.491104,7479,3562,6032,69.884
33.496768,7477,3561,6032,69.884
33.501213,7476,3560,6032,69.884
33.506883,7476,3558,6030,69.884
33.511361,7474,3557,6026,69.884
33.515665,7474,3555,6020,69.884
33.521375,7475,3554,6018,69.884
33.525936,7476,3556,6017,69.884
33.531592,7478,3558,6018,69.884
33.536046,7481,3558,6022,69.884
33.541770,7481,3557,6026,69.884
33.546174,7482,3555,6029,69.884
33.550589,7481,3554,6033,69.884
33.556322,7480,3553,6033,69.884
33.560723,7479,3553,6034,69.884
33.566400,7479,3554,6035,69.884
33.570872,7479,3555,6035,69.884
33.576541,7480,3557,6035,69.884
33.580976,7479,3559,6036,69.884
33.586715,7479,3561,6035,69.884
33.591107,7478,3563,6036,69.884
33.595543,7477,3565,6036,69.884
33.601267,7477,3565,6035,69.884
33.605692,7477,3565,6035,69.884
33.611387,7477,3564,6035,69.884
33.615807,7479,3562,6035,69.884
33.621516,7479,3561,6035,69.884
33.625953,7480,3558,6036,69.884
33.630410,7482,3557,6038,69.884
33.636059,7484,3555,6042,69.884
33.640569,7488,3555,6046,69.884
33.646235,7490,3556,6049,69.884
33.650703,7493,3557,6049,69.884
33.656391,7493,3559,6049,69.884
33.660821,7492,3561,6046,69.884
33.666507,7491,3562,6042,69.884
33.670945,7489,3562,6038,69.884
33.675381,7489,3562,6035,69.884
33.681096,7488,3561,6033,69.884
33.685514,7486,3561,6029,69.884
33.691184,7485,3560,6026,69.884
33.695629,7483,3558,6022,69.884
33.701337,7480,3557,6016,69.884
33.705709,7479,3555,6012,69.884
33.710196,7478,3553,6010,69.884
33.715899,7479,3553,6010,69.884
33.720443,7481,3554,6012,69.884
33.725943,7484,3556,6012,69.884
33.730518,7487,3559,6012,69.884
33.736046,7491,3561,6011,69.884
33.740527,7494,3562,6008,69.884
33.746332,7497,3562,6008,69.884
33.750710,7500,3563,6007,69.884
33.755101,7501,3564,6004,69.884
33.760848,7500,3566,6003,69.884
33.765246,7499,3567,6001,69.884
33.770973,7498,3568,6001,69.884
33.775365,7497,3570,6003,69.884
33.781105,7497,3570,6003,69.884
33.785471,7497,3572,6004,69.884
33.789862,7496,3573,6005,69.884
33.795660,7494,3573,6007,69.884
33.799852,7492,3573,6011,69.884
33.805691,7491,3573,6017,69.884
33.810242,7492,3572,6021,69.884
33.815876,7492,3570,6023,69.884
33.820277,7492,3568,6026,69.884
33.826052,7490,3565,6025,69.884
33.830523,7485,3562,6022,69.884
33.834835,7482,3560,6018,69.884
33.840614,7479,3559,6017,69.884
33.844996,7479,3559,6017,69.884
33.850720,7480,3558,6018,69.884
33.855169,7481,3558,6021,69.884
33.860894,7482,3556,6023,69.884
33.865203,7481,3555,6022,69.884
33.869617,7481,3555,6022,69.884
33.875380,7481,3556,6022,69.884
33.879861,7482,3557,6020,69.884
33.885516,7484,3556,6021,69.884
33.889942,7486,3554,6020,69.884
33.895636,7487,3551,6021,69.884
33.900174,7488,3549,6022,69.884
33.905784,7487,3548,6025,69.884
33.910224,7486,3547,6027,69.884
33.914605,7485,3547,6028,69.884
33.920385,7486,3547,6028,69.884
33.924809,7487,3548,6028,69.884
33.930497,7487,3552,6028,69.884
33.934919,7485,3555,6027,69.884
33.940590,7484,3556,6030,69.884
33.945059,7481,3556,6033,69.884
33.949409,7481,3556,6038,69.884
33.955211,7480,3554,6043,69.884
33.959619,7480,3554,6044,69.884
33.965294,7480,3554,6047,69.884
33.969735,7481,3554,6046,69.884
33.975406,7482,3554,6045,69.884
33.979842,7484,3555,6045,69.884
33.985562,7484,3556,6045,69.884
33.990002,7485,3556,6047,69.884
33.994379,7485,3557,6050,69.884
34.000151,7484,3556,6052,69.884
34.004305,7484,3556,6051,69.884
34.010347,7483,3556,6048,69.884
34.014631,7482,3556,6042,69.884
34.020371,7482,3555,6034,69.884
34.024495,7483,3554,6026,69.884
34.029215,7485,3553,6020,69.884
34.034949,7488,3552,6014,69.884
34.039064,7491,3552,6011,69.884
34.044934,7493,3552,6010,69.884
34.049510,7493,3552,6009,69.884
34.055215,7493,3553,6010,69.884
34.059599,7492,3555,6013,69.884
34.065390,7492,3557,6014,69.884
34.069690,7491,3559,6016,69.884
34.074081,7492,3560,6017,69.884
34.079917,7491,3559,6016,69.884
34.084290,7491,3558,6018,69.884
34.090100,7491,3556,6019,69.884
34.094357,7492,3554,6020,69.884
34.100132,7492,3555,6022,69.884
34.104565,7493,3556,6024,69.884
34.108924,7492,3557,6024,69.884
34.114740,7492,3559,6022,69.884
34.119132,7491,3562,6020,69.884
34.124857,7489,3562,6020,69.884
34.129293,7485,3564,6021,69.884
34.134919,7483,3563,6024,69.884
34.139377,7483,3562,6026,69.884
34.145104,7484,3561,6025,69.884
34.149490,7486,3558,6028,69.884
34.153949,7487,3556,6032,69.884
34.159659,7487,3556,6036,69.884
34.164082,7487,3555,6040,69.884
34.169802,7483,3556,6040,69.884
34.174220,7481,3558,6036,69.884
34.179844,7481,3558,6032,69.884
34.184322,7482,3559,6029,69.884
34.188745,7482,3559,6028,69.884
34.194420,7484,3561,6027,69.884
34.198899,7484,3562,6031,69.884
34.204568,7485,3562,6033,69.884
34.209031,7485,3560,6037,69.884
34.214718,7485,3557,6041,69.884
34.219172,7483,3555,6043,69.884
34.224870,7482,3552,6045,69.884
34.229288,7480,3550,6048,69.884
34.233708,7479,3550,6051,69.884
34.239490,7478,3551,6053,69.884
34.243895,7476,3550,6053,69.884
34.249562,7475,3549,6054,69.884
34.253981,7475,3548,6055,69.884
34.259714,7476,3548,6054,69.884
34.264101,7480,3548,6053,69.884
34.268527,7483,3550,6051,69.884
34.274245,7487,3552,6048,69.884
34.278629,7488,3553,6048,69.884
34.284331,7489,3556,6046,69.884
34.288820,7488,3557,6046,69.884
34.294497,7488,3559,6045,69.884
34.298853,7489,3561,6041,69.884
34.304658,7491,3561,6041,69.884
34.309012,7491,3560,6038,69.884
34.313496,7494,3559,6037,69.884
34.319202,7494,3559,6037,69.884
34.323564,7493,3558,6036,69.884
34.329341,7493,3559,6035,69.884
34.333731,7491,3559,6031,69.884
34.339417,7491,3559,6032,69.884
34.343909,7491,3560,6032,69.884
34.348210,7493,3560,6032,69.884
34.354014,7492,3562,6035,69.884
34.358436,7494,3562,6037,69.884
34.364117,7494,3561,6040,69.884
34.368586,7495,3561,6044,69.884
34.374345,7497,3559,6048,69.884
34.378714,7498,3557,6052,69.884
34.384407,7500,3554,6057,69.884
34.388821,7500,3551,6061,69.884
34.393254,7499,3548,6064,69.884
34.398970,7498,3547,6063,69.884
34.403413,7498,3547,6062,69.884
34.409286,7498,3549,6059,69.884
34.413520,7498,3551,6055,69.884
34.419212,7498,3553,6053,69.884
34.423644,7498,3556,6050,69.884
34.428020,7497,3558,6046,69.884
34.433792,7496,3561,6043,69.884
34.438227,7495,3560,6038,69.884
34.443953,7494,3558,6033,69.884
34.448388,7494,3556,6027,69.884
34.454052,7492,3556,6024,69.884
34.458441,7492,3556,6021,69.884
34.464198,7493,3557,6019,69.884
34.468555,7494,3558,6017,69.884
34.472994,7495,3557,6017,69.884
34.478771,7495,3557,6021,69.884
34.483157,7494,3557,6024,69.884
34.488792,7493,3556,6028,69.884
34.493269,7493,3555,6032,69.884
34.498908,7493,3552,6034,69.884
34.503366,7493,3551,6035,69.884
34.507819,7495,3550,6030,69.884
34.513527,7495,3551,6025,69.884
34.517995,7495,3552,6017,69.884
34.523671,7495,3554,6010,69.884
34.528064,7492,3556,6006,69.884
34.533820,7490,3556,6005,69.884
34.537893,7489,3556,6006,69.884
34.543976,7488,3556,6009,69.884
34.548382,7487,3556,6013,69.884
34.552825,7487,3556,6017,69.884
34.558511,7486,3556,6020,69.884
34.562926,7485,3555,6022,69.884
34.568615,7485,3555,6023,69.884
34.572787,7483,3555,6024,69.884
34.578802,7482,3556,6022,69.884
34.583173,7481,3555,6023,69.884
34.587513,7480,3553,6025,69.884
34.593358,7480,3552,6028,69.884
34.597697,7480,3551,6032,69.884
34.603515,7479,3551,6036,69.884
34.607876,7479,3550,6039,69.884
34.613557,7480,3551,6042,69.884
34.618041,7481,3552,6044,69.884
34.623668,7482,3552,6044,69.884
34.628133,7484,3553,6044,69.884
34.632544,7485,3551,6044,69.884
34.638314,7486,3550,6044,69.884
34.642636,7484,3551,6044,69.884
34.648377,7483,3552,6044,69.884
34.652794,7482,3553,6042,69.884
34.658492,7482,3555,6040,69.884
34.662986,7485,3554,6038,69.884
34.667389,7486,3554,6036,69.884
34.673079,7487,3555,6033,69.884
34.677491,7489,3555,6035,69.884
34.683152,7490,3554,6037,69.884
34.687650,7493,3555,6037,69.884
34.693331,7496,3553,6038,69.884
34.697763,7499,3553,6038,69.884
34.703449,7500,3554,6038,69.884
34.707890,7500,3555,6039,69.884
34.712261,7497,3558,6040,69.884
34.718053,7495,3559,6041,69.884
34.722470,7495,3561,6043,69.884
34.728121,7496,3562,6043,69.884
34.732562,7497,3563,6044,69.884
34.738272,7496,3565,6047,69.884
34.742744,7491,3567,6046,69.884
34.747154,7488,3570,6045,69.884
34.752829,7486,3569,6046,69.884
34.757286,7487,3568,6044,69.884
34.762933,7488,3566,6045,69.884
34.767414,7491,3564,6043,69.884
34.773119,7492,3563,6042,69.884
34.777539,7491,3562,6041,69.884
34.783237,7490,3562,6037,69.884
34.787667,7489,3561,6033,69.884
34.792029,7488,3561,6029,69.884
34.797794,7489,3562,6026,69.884
34.802234,7489,3561,6025,69.884
34.807939,7488,3560,6024,69.884
34.812266,7489,3560,6023,69.884
34.818080,7490,3561,6024,69.884
34.822543,7492,3562,6022,69.884
34.826917,7494,3563,6023,69.884
34.832616,7494,3562,6026,69.884
34.837049,7493,3562,6027,69.884
34.842742,7492,3561,6028,69.884
34.847181,7491,3560,6029,69.884
34.852829,7491,3561,6028,69.884
34.857287,7491,3563,6027,69.884
34.863007,7490,3564,6029,69.884
34.867473,7490,3565,6029,69.884
34.871824,7490,3565,6030,69.884
34.877601,7491,3565,6032,69.884
34.881950,7492,3564,6032,69.884
34.887720,7492,3561,6031,69.884
34.892112,7493,3561,6030,69.884
34.897844,7493,3561,6032,69.884
34.902502,7494,3562,6034,69.884
34.906640,7493,3564,6035,69.884
34.912361,7491,3565,6036,69.884
34.916830,7489,3564,6036,69.884
34.922512,7487,3563,6035,69.884
34.926961,7486,3564,6033,69.884
34.932616,7486,3563,6032,69.884
34.937067,7487,3562,6032,69.884
34.942775,7488,3561,6033,69.884
34.947246,7490,3559,6035,69.884
34.951631,7489,3558,6036,69.884
34.957385,7486,3558,6035,69.884
34.961769,7486,3557,6033,69.884
34.967436,7486,3555,6032,69.884
34.971890,7486,3554,6031,69.884
34.977613,7488,3551,6030,69.884
34.982000,7489,3548,6030,69.884
34.986413,7489,3546,6030,69.884
34.992149,7488,3544,6032,69.884
34.996563,7487,3545,6036,69.884
35.002231,7488,3546,6038,69.884
35.006409,7488,3548,6040,69.884
35.012266,7490,3552,6039,69.884
35.016803,7494,3553,6036,69.884
35.022534,7495,3554,6031,69.884
35.026674,7496,3553,6026,69.884
35.031420,7494,3551,6024,69.884
35.037121,7492,3552,6022,69.884
35.041245,7489,3553,6022,69.884
35.047181,7487,3554,6024,69.884
35.051667,7486,3555,6029,69.884
35.057326,7486,3555,6033,69.884
35.061796,7485,3555,6034,69.884
35.066160,7484,3554,6036,69.884
35.071877,7484,3554,6036,69.884
35.076315,7485,3556,6036,69.884
35.082038,7487,3559,6039,69.884
35.086485,7489,3560,6040,69.884
35.092131,7490,3560,6041,69.884
35.096590,7489,3562,6040,69.884
35.102238,7487,3560,6040,69.884
35.106742,7486,3557,6039,69.884
35.111127,7484,3555,6039,69.884
35.116897,7483,3553,6038,69.884
35.121293,7483,3552,6037,69.884
35.126947,7485,3551,6036,69.884
35.131424,7486,3550,6032,69.884
35.137057,7487,3550,6027,69.884
35.141564,7488,3550,6023,69.884
35.145948,7490,3549,6023,69.884
35.151661,7490,3548,6023,69.884
35.156137,7490,3547,6024,69.884
35.161771,7489,3548,6023,69.884
35.166232,7488,3548,6023,69.884
35.171932,7487,3548,6024,69.884
35.176351,7487,3550,6027,69.884
35.182097,7486,3550,6028,69.884
35.186437,7487,3549,6026,69.884
35.190904,7488,3549,6022,69.884
35.196570,7489,3549,6018,69.884
35.201049,7491,3550,6017,69.884
35.206673,7492,3552,6017,69.884
35.211238,7492,3556,6013,69.884
35.216807,7492,3558,6010,69.884
35.221362,7491,3560,6009,69.884
35.225743,7490,3562,6008,69.884
35.231488,7490,3563,6009,69.884
35.235907,7488,3561,6014,69.884
35.241559,7487,3560,6016,69.884
35.246041,7486,3559,6018,69.884
35.251642,7487,3558,6020,69.884
35.256096,7488,3560,6020,69.884
35.261804,7489,3561,6022,69.884
35.266290,7489,3562,6023,69.884
35.270681,7490,3564,6021,69.884
35.276430,7492,3564,6020,69.884
35.280837,7494,3563,6021,69.884
35.286443,7495,3563,6025,69.884
35.290886,7496,3562,6029,69.884
35.296587,7496,3562,6031,69.884
35.301104,7496,3562,6032,69.884
35.305410,7495,3562,6033,69.884
35.311158,7494,3558,6036,69.884
35.315669,7493,3555,6037,69.884
35.321362,7492,3552,6036,69.884
35.325810,7490,3552,6032,69.884
35.331466,7489,3554,6024,69.884
35.335959,7489,3555,6017,69.884
35.341539,7488,3556,6012,69.884
35.346043,7487,3558,6009,69.884
35.350496,7487,3559,6011,69.884
35.356161,7487,3559,6014,69.884
35.360673,7488,3559,6018,69.884
35.366270,7487,3557,6021,69.884
35.370669,7488,3556,6023,69.884
35.376373,7490,3556,6023,69.884
35.380799,7490,3557,6023,69.884
35.385222,7491,3557,6023,69.884
35.390949,7490,3557,6022,69.884
35.395388,7488,3556,6023,69.884
35.401022,7488,3555,6024,69.884
35.405517,7487,3554,6028,69.884
35.411216,7487,3551,6031,69.884
35.415639,7487,3550,6033,69.884
35.421334,7486,3550,6035,69.884
35.425766,7485,3549,6037,69.884
35.430178,7486,3550,6038,69.884
35.435920,7487,3551,6038,69.884
35.440351,7488,3551,6038,69.884
35.446058,7488,3554,6037,69.884
35.450449,7488,3557,6035,69.884
35.456126,7488,3560,6034,69.884
35.460625,7489,3562,6034,69.884
35.464999,7488,3563,6034,69.884
35.470698,7487,3563,6033,69.884
35.475141,7486,3562,6034,69.884
35.480875,7487,3561,6034,69.884
35.485261,7488,3562,6031,69.884
35.490953,7489,3562,6029,69.884
35.495412,7490,3562,6032,69.884
35.501127,7489,3565,6037,69.884
35.505520,7487,3566,6040,69.884
35.509919,7484,3567,6045,69.884
35.515669,7480,3568,6047,69.884
35.520094,7477,3566,6043,69.884
35.525756,7474,3565,6041,69.884
35.530251,7472,3564,6038,69.884
35.535709,7474,3563,6030,69.884
35.540215,7477,3562,6023,69.884
35.544769,7480,3561,6018,69.884
35.550537,7484,3559,6016,69.884
35.554851,7485,3559,6014,69.884
35.560586,7486,3560,6012,69.884
35.565060,7486,3559,6012,69.884
35.570809,7483,3559,6009,69.884
35.575165,7482,3559,6006,69.884
35.580930,7480,3557,6007,69.884
35.585358,7480,3558,6008,69.884
35.589701,7483,3558,6014,69.884
35.595434,7485,3558,6020,69.884
35.599874,7487,3560,6021,69.884
35.605566,7489,3561,6025,69.884
35.609990,7489,3559,6027,69.884
35.615696,7488,3557,6029,69.884
35.620102,7487,3557,6033,69.884
35.624562,7486,3554,6037,69.884
35.630279,7486,3554,6040,69.884
35.634709,7487,3554,6044,69.884
35.640392,7488,3555,6046,69.884
35.644921,7492,3554,6044,69.884
35.650549,7494,3557,6043,69.884
35.654955,7496,3559,6039,69.884
35.660692,7499,3559,6037,69.884
35.665110,7500,3560,6037,69.884
35.669489,7498,3560,6036,69.884
35.675219,7497,3560,6035,69.884
35.679630,7497,3561,6035,69.884
35.685367,7497,3561,6035,69.884
35.689783,7498,3560,6036,69.884
35.695453,7500,3558,6037,69.884
35.699864,7501,3556,6039,69.884
35.704288,7501,3554,6041,69.884
35.710142,7500,3554,6042,69.884
35.714440,7500,3553,6043,69.884
35.720128,7498,3554,6044,69.884
35.724634,7497,3555,6043,69.884
35.730293,7496,3555,6043,69.884
35.734716,7494,3555,6040,69.884
35.740438,7491,3556,6038,69.884
35.744886,7490,3555,6037,69.884
35.749287,7488,3556,6038,69.884
35.755031,7487,3556,6039,69.884
35.759451,7486,3557,6039,69.884
35.765117,7486,3557,6038,69.884
35.769528,7487,3556,6035,69.884
35.775256,7490,3556,6034,69.884
35.779663,7494,3555,6034,69.884
35.784067,7496,3553,6034,69.884
35.789821,7499,3553,6031,69.884
35.794224,7499,3553,6028,69.884
35.799934,7499,3554,6024,69.884
35.804387,7499,3556,6023,69.884
35.809912,7498,3558,6024,69.884
35.814472,7498,3560,6024,69.884
35.820177,7497,3562,6023,69.884
35.824616,7497,3562,6024,69.884
35.829075,7497,3561,6024,69.884
35.834791,7499,3559,6022,69.884
35.839238,7499,3558,6020,69.884
35.844954,7498,3557,6017,69.884
35.849335,7498,3557,6016,69.884
35.855071,7497,3557,6017,69.884
35.859438,7496,3556,6017,69.884
35.863850,7497,3556,6016,69.884
35.869647,7498,3556,6015,69.884
35.874006,7498,3557,6012,69.884
35.879702,7498,3559,6012,69.884
35.884136,7498,3560,6012,69.884
35.889852,7498,3561,6013,69.884
35.894257,7498,3561,6016,69.884
35.899976,7499,3562,6020,69.884
35.904403,7498,3562,6024,69.884
35.908827,7497,3564,6026,69.884
35.914550,7496,3566,6027,69.884
35.918940,7497,3566,6025,69.884
35.924646,7496,3565,6024,69.884
35.929114,7495,3563,6027,69.884
35.934751,7494,3561,6030,69.884
35.939243,7490,3558,6032,69.884
35.943654,7490,3556,6034,69.884
35.949396,7492,3556,6032,69.884
35.953789,7494,3555,6030,69.884
35.959460,7495,3554,6029,69.884
35.963951,7497,3553,6028,69.884
35.969635,7496,3553,6026,69.884
35.973997,7495,3554,6028,69.884
35.979771,7496,3557,6031,69.884
35.984153,7494,3560,6031,69.884
35.988593,7493,3561,6032,69.884
35.994359,7493,3561,6033,69.884
35.998483,7491,3561,6030,69.884
36.004193,7491,3562,6027,69.884
36.008635,7491,3564,6027,69.884
36.014269,7491,3565,6027,69.884
36.018715,7492,3564,6025,69.884
36.023148,7491,3563,6024,69.884
36.028855,7488,3561,6021,69.884
36.033199,7485,3560,6019,69.884
36.038956,7483,3558,6020,69.884
36.043406,7480,3559,6019,69.884
36.049452,7478,3558,6018,69.884
36.053853,7477,3557,6019,69.884
36.059497,7476,3557,6018,69.884
36.063917,7476,3557,6016,69.884
36.068383,7477,3558,6014,69.884
36.074093,7478,3561,6013,69.884
36.078491,7480,3563,6011,69.884
36.084153,7481,3564,6012,69.884
36.088604,7481,3565,6014,69.884
36.094335,7482,3565,6016,69.884
36.098735,7481,3565,6019,69.884
36.103159,7481,3565,6024,69.884
36.108883,7481,3565,6030,69.884
36.113320,7483,3565,6035,69.884
36.118994,7484,3564,6040,69.884
36.123446,7485,3564,6046,69.884
36.129153,7485,3564,6047,69.884
36.133607,7483,3564,6049,69.884
36.139309,7483,3564,6046,69.884
36.143739,7484,3564,6045,69.884
36.148067,7486,3564,6045,69.884
36.153903,7487,3563,6045,69.884
36.158305,7489,3563,6045,69.884
36.163994,7490,3563,6045,69.884
36.168422,7490,3560,6044,69.884
36.174127,7490,3558,6041,69.884
36.178534,7490,3555,6039,69.884
36.182929,7491,3555,6036,69.884
36.188678,7491,3555,6035,69.884
36.193058,7492,3556,6035,69.884
36.198743,7494,3557,6032,69.884
36.203236,7495,3559,6032,69.884
36.208940,7497,3561,6032,69.884
36.213352,7501,3563,6034,69.884
36.219054,7503,3564,6034,69.884
36.223457,7504,3565,6034,69.884
36.227911,7505,3566,6033,69.884
36.233644,7504,3566,6033,69.884
36.238068,7503,3570,6031,69.884
36.243739,7502,3571,6030,69.884
36.248204,7501,3572,6030,69.884
36.253862,7499,3573,6030,69.884
36.258280,7498,3572,6029,69.884
36.262728,7496,3572,6031,69.884
36.268482,7495,3573,6029,69.884
36.272815,7493,3574,6026,69.884
36.278539,7491,3574,6023,69.884
36.283006,7490,3573,6021,69.884
36.288667,7489,3571,6020,69.884
36.293099,7488,3568,6019,69.884
36.298859,7487,3566,6018,69.884
36.303230,7487,3563,6018,69.884
36.307644,7488,3561,6015,69.884
36.313401,7487,3559,6015,69.884
36.317791,7486,3556,6017,69.884
36.323488,7487,3556,6015,69.884
36.327967,7487,3554,6015,69.884
36.333631,7490,3551,6016,69.884
36.338078,7493,3550,6017,69.884
36.342492,7495,3549,6016,69.884
36.348252,7495,3550,6016,69.884
36.352655,7495,3552,6015,69.884
36.358316,7494,3553,6014,69.884
36.362781,7493,3554,6014,69.884
36.368438,7494,3554,6017,69.884
36.372906,7493,3553,6017,69.884
36.378614,7494,3554,6014,69.884
36.382947,7496,3554,6011,69.884
36.387427,7495,3553,6010,69.884
36.393141,7497,3554,6006,69.884
36.397591,7499,3553,6009,69.884
36.403309,7500,3551,6011,69.884
36.407731,7503,3550,6012,69.884
36.413352,7504,3550,6012,69.884
36.417842,7503,3548,6012,69.884
36.422299,7502,3548,6013,69.884
36.428000,7499,3550,6014,69.884
36.432443,7498,3551,6017,69.884
36.438053,7496,3552,6023,69.884
36.442569,7495,3552,6025,69.884
36.448250,7495,3552,6026,69.884
36.452666,7495,3550,6028,69.884
36.458391,7496,3550,6027,69.884
36.462819,7496,3548,6027,69.884
36.467221,7498,3546,6026,69.884
36.472945,7498,3546,6024,69.884
36.477393,7500,3545,6021,69.884
36.483036,7501,3545,6019,69.884
36.487503,7503,3544,6020,69.884
36.493140,7505,3542,6024,69.884
36.497588,7506,3540,6029,69.884
36.502023,7506,3541,6032,69.884
36.507773,7505,3545,6033,69.884
36.512161,7502,3550,6032,69.884
36.517846,7501,3553,6029,69.884
36.522327,7500,3556,6026,69.884
36.527979,7498,3557,6026,69.884
36.532431,7496,3556,6025,69.884
36.537912,7495,3556,6024,69.884
36.542555,7493,3556,6023,69.884
36.547005,7492,3555,6022,69.884
36.552717,7490,3556,6022,69.884
36.557073,7488,3557,6023,69.884
36.562858,7485,3558,6026,69.884
36.567223,7484,3559,6030,69.884
36.572740,7484,3558,6035,69.884
36.577384,7484,3558,6040,69.884
36.581771,7485,3558,6043,69.884
36.587588,7484,3558,6045,69.884
36.591902,7483,3560,6043,69.884
36.597613,7483,3562,6041,69.884
36.602083,7484,3562,6040,69.884
36.607770,7485,3563,6041,69.884
36.612383,7487,3562,6042,69.884
36.617915,7488,3562,6045,69.884
36.622359,7489,3561,6048,69.884
36.626751,7491,3563,6048,69.884
36.632461,7492,3565,6049,69.884
36.636928,7491,3567,6050,69.884
36.642587,7490,3569,6050,69.884
36.646995,7489,3569,6046,69.884
36.652723,7487,3567,6043,69.884
36.657187,7487,3565,6038,69.884
36.661567,7488,3561,6032,69.884
36.667416,7489,3558,6026,69.884
36.671698,7490,3555,6020,69.884
36.677384,7491,3555,6015,69.884
36.681862,7492,3555,6014,69.884
36.687617,7494,3556,6014,69.884
36.691934,7494,3557,6016,69.884
36.697671,7495,3556,6017,69.884
36.702075,7495,3555,6016,69.884
36.706508,7494,3555,6016,69.884
36.712240,7492,3554,6016,69.884
36.716644,7490,3554,6015,69.884
36.722309,7489,3554,6014,69.884
36.726756,7488,3554,6014,69.884
36.732464,7487,3554,6014,69.884
36.736924,7488,3553,6015,69.884
36.741338,7488,3553,6016,69.884
36.747047,7488,3552,6017,69.884
36.751519,7487,3550,6016,69.884
36.757130,7486,3548,6018,69.884
36.761598,7486,3547,6018,69.884
36.767309,7486,3545,6018,69.884
36.771732,7486,3546,6017,69.884
36.777438,7486,3546,6018,69.884
36.781894,7487,3545,6019,69.884
36.786260,7488,3544,6022,69.884
36.792029,7490,3544,6025,69.884
36.796389,7492,3544,6028,69.884
36.802099,7492,3547,6032,69.884
36.806579,7492,3550,6035,69.884
36.812305,7491,3553,6037,69.884
36.816692,7492,3555,6039,69.884
36.821114,7494,3555,6042,69.884
36.826816,7495,3553,6044,69.884
36.831255,7496,3551,6044,69.884
36.836900,7497,3549,6047,69.884
36.841423,7495,3549,6045,69.884
36.847048,7494,3550,6044,69.884
36.851520,7493,3551,6050,69.884
36.857213,7490,3549,6056,69.884
36.861690,7490,3550,6061,69.884
36.866071,7488,3548,6068,69.884
36.871764,7486,3548,6071,69.884
36.876187,7486,3550,6068,69.884
36.881905,7486,3549,6065,69.884
36.886374,7488,3549,6058,69.884
36.892031,7490,3551,6054,69.884
36.896434,7492,3552,6052,69.884
36.900824,7493,3552,6053,69.884
36.906548,7493,3553,6054,69.884
36.911015,7492,3553,6054,69.884
36.916665,7491,3553,6054,69.884
36.921108,7491,3553,6051,69.884
36.926790,7491,3554,6050,69.884
36.931235,7491,3554,6048,69.884
36.936944,7491,3553,6049,69.884
36.941415,7490,3553,6050,69.884
36.945799,7489,3551,6049,69.884
36.951532,7488,3549,6051,69.884
36.955962,7486,3548,6049,69.884
36.961653,7487,3546,6051,69.884
36.966041,7488,3545,6053,69.884
36.971769,7488,3544,6053,69.884
36.976220,7489,3544,6053,69.884
36.980610,7490,3543,6052,69.884
36.986360,7490,3544,6048,69.884
36.990766,7492,3545,6045,69.884
36.996434,7493,3544,6042,69.884
37.000878,7496,3543,6039,69.884
37.006333,7498,3544,6037,69.884
37.010988,7499,3544,6037,69.884
37.016743,7501,3545,6037,69.884
37.021162,7501,3546,6040,69.884
37.025347,7502,3546,6043,69.884
37.031358,7503,3548,6044,69.884
37.035740,7502,3549,6045,69.884
37.041106,7502,3550,6043,69.884
37.045859,7501,3551,6044,69.884
37.051574,7500,3552,6044,69.884
37.055780,7500,3552,6043,69.884
37.060382,7500,3552,6045,69.884
37.066182,7499,3553,6043,69.884
37.070505,7498,3554,6039,69.884
37.076183,7496,3557,6036,69.884
37.080647,7496,3558,6034,69.884
37.086394,7497,3559,6032,69.884
37.090747,7497,3560,6034,69.884
37.096523,7499,3561,6035,69.884
37.100915,7497,3563,6036,69.884
37.105361,7494,3565,6036,69.884
37.111052,7491,3566,6036,69.884
37.115561,7486,3566,6034,69.884
37.121160,7484,3566,6033,69.884
37.125568,7484,3567,6034,69.884
37.131307,7485,3568,6033,69.884
37.135740,7488,3570,6033,69.884
37.140148,7491,3571,6034,69.884
37.145892,7494,3572,6035,69.884
37.150323,7495,3573,6036,69.884
37.155969,7494,3572,6035,69.884
37.160419,7494,3571,6034,69.884
37.166143,7491,3569,6034,69.884
37.170586,7489,3567,6034,69.884
37.176239,7490,3566,6034,69.884
37.180725,7489,3565,6032,69.884
37.185083,7490,3564,6031,69.884
37.190902,7493,3562,6030,69.884
37.195218,7495,3562,6029,69.884
37.200896,7497,3562,6028,69.884
37.205447,7498,3562,6028,69.884
37.211054,7496,3563,6027,69.884
37.215489,7495,3565,6023,69.884
37.219897,7492,3567,6018,69.884
37.225612,7492,3569,6016,69.884
37.230068,7492,3568,6018,69.884
37.235741,7494,3568,6023,69.884
37.240231,7495,3567,6029,69.884
37.245882,7497,3566,6029,69.884
37.250301,7500,3565,6031,69.884
37.256009,7503,3564,6033,69.884
37.260466,7504,3562,6034,69.884
37.264903,7505,3561,6036,69.884
37.270588,7507,3561,6039,69.884
37.275040,7507,3563,6037,69.884
37.280718,7507,3564,6036,69.884
37.285122,7507,3565,6035,69.884
37.290839,7506,3565,6032,69.884
37.295279,7503,3564,6030,69.884
37.299686,7503,3565,6029,69.884
37.305411,7502,3567,6026,69.884
37.309798,7500,3569,6022,69.884
37.315497,7500,3569,6021,69.884
37.319952,7499,3568,6020,69.884
37.325644,7499,3564,6024,69.884
37.330100,7500,3561,6029,69.884
37.335765,7501,3559,6035,69.884
37.340239,7501,3559,6039,69.884
37.344644,7498,3562,6038,69.884
37.350384,7495,3564,6036,69.884
37.354789,7492,3565,6035,69.884
37.360493,7490,3566,6032,69.884
37.364904,7491,3567,6030,69.884
37.370622,7492,3568,6027,69.884
37.375045,7493,3572,6023,69.884
37.379442,7493,3575,6023,69.884
37.385155,7493,3578,6021,69.884
37.389564,7494,3579,6020,69.884
37.395304,7494,3579,6019,69.884
37.399749,7497,3578,6017,69.884
37.405439,7499,3578,6015,69.884
37.409826,7499,3576,6018,69.884
37.415548,7497,3574,6020,69.884
37.419936,7494,3573,6021,69.884
37.424412,7488,3571,6023,69.884
37.430130,7483,3569,6025,69.884
37.434605,7478,3569,6026,69.884
37.440231,7474,3567,6029,69.884
37.444754,7474,3566,6031,69.884
37.450378,7475,3564,6030,69.884
37.454812,7476,3562,6029,69.884
37.459201,7479,3560,6028,69.884
37.464987,7481,3559,6031,69.884
37.469419,7483,3559,6033,69.884
37.475062,7486,3560,6034,69.884
37.479527,7488,3560,6032,69.884
37.485264,7489,3562,6031,69.884
37.489615,7490,3561,6027,69.884
37.495357,7490,3562,6026,69.884
37.499684,7490,3564,6026,69.884
37.504152,7490,3565,6025,69.884
37.509891,7491,3565,6032,69.884
37.514392,7493,3566,6035,69.884
37.519973,7493,3565,6038,69.884
37.524448,7494,3565,6037,69.884
37.530156,7495,3565,6037,69.884
37.534581,7494,3566,6035,69.884
37.538961,7495,3569,6034,69.884
37.544718,7494,3569,6033,69.884
37.549163,7493,3571,6032,69.884
37.554852,7491,3571,6030,69.884
37.559266,7490,3569,6032,69.884
37.565001,7491,3568,6034,69.884
37.569129,7492,3566,6036,69.884
37.574808,7495,3565,6039,69.884
37.579373,7497,3564,6040,69.884
37.583966,7500,3563,6038,69.884
37.589664,7501,3562,6033,69.884
37.594111,7501,3561,6030,69.884
37.599747,7501,3560,6027,69.884
37.604224,7500,3558,6027,69.884
37.609927,7499,3556,6030,69.884
37.614338,7500,3556,6036,69.884
37.618781,7498,3557,6042,69.884
37.624482,7497,3558,6045,69.884
37.628884,7496,3560,6050,69.884
37.634551,7495,3562,6052,69.884
37.639054,7495,3564,6051,69.884
37.644808,7493,3563,6053,69.884
37.649187,7491,3563,6054,69.884
37.654850,7491,3562,6053,69.884
37.659380,7490,3560,6051,69.884
37.663720,7490,3560,6050,69.884
37.669479,7490,3558,6048,69.884
37.673889,7491,3558,6045,69.884
37.679566,7493,3557,6041,69.884
37.683964,7493,3556,6035,69.884
37.689687,7494,3554,6030,69.884
37.694115,7493,3553,6026,69.884
37.698515,7492,3550,6022,69.884
37.704261,7492,3549,6019,69.884
37.708668,7492,3551,6017,69.884
37.714341,7491,3552,6016,69.884
37.718781,7490,3554,6017,69.884
37.724494,7489,3556,6022,69.884
37.728936,7489,3556,6028,69.884
37.734620,7488,3556,6031,69.884
37.739053,7488,3555,6036,69.884
37.743514,7488,3554,6038,69.884
37.749229,7488,3553,6037,69.884
37.753676,7488,3554,6036,69.884
37.759381,7488,3556,6034,69.884
37.763749,7487,3560,6031,69.884
37.769453,7487,3562,6031,69.884
37.773895,7487,3560,6030,69.884
37.778283,7488,3557,6031,69.884
37.784032,7490,3555,6031,69.884
37.788412,7490,3554,6034,69.884
37.794095,7490,3555,6035,69.884
37.798566,7489,3558,6036,69.884
37.804308,7490,3558,6037,69.884
37.808675,7491,3558,6035,69.884
37.814368,7491,3557,6034,69.884
37.818935,7493,3557,6035,69.884
37.823261,7494,3556,6036,69.884
37.828970,7494,3555,6036,69.884
37.833406,7498,3554,6036,69.884
37.839074,7503,3551,6034,69.884
37.843567,7508,3549,6032,69.884
37.849210,7512,3549,6031,69.884
37.853704,7515,3550,6029,69.884
37.858108,7515,3551,6028,69.884
37.863762,7514,3552,6029,69.884
37.868261,7512,3551,6027,69.884
37.873911,7510,3551,6029,69.884
37.878408,7510,3553,6026,69.884
37.884026,7509,3556,6019,69.884
37.888437,7509,3558,6015,69.884
37.894223,7511,3561,6013,69.884
37.898589,7513,3565,6011,69.884
37.903047,7512,3568,6013,69.884
37.908737,7512,3571,6016,69.884
37.913142,7510,3572,6016,69.884
37.918861,7507,3573,6016,69.884
37.923290,7507,3574,6018,69.884
37.928976,7504,3574,6020,69.884
37.933401,7501,3575,6021,69.884
37.937816,7500,3576,6018,69.884
37.943550,7498,3577,6018,69.884
37.947994,7498,3578,6017,69.884
37.953665,7497,3578,6017,69.884
37.958145,7496,3577,6016,69.884
37.963772,7494,3575,6017,69.884
37.968233,7493,3572,6016,69.884
37.973915,7492,3570,6019,69.884
37.978381,7492,3569,6019,69.884
37.982773,7491,3568,6020,69.884
37.988535,7490,3567,6019,69.884
37.992902,7490,3566,6019,69.884
37.998603,7490,3565,6019,69.884
38.003042,7490,3565,6022,69.884
38.008488,7490,3564,6025,69.884
38.013219,7489,3564,6027,69.884
38.017568,7487,3565,6030,69.884
38.023204,7486,3565,6031,69.884
38.027710,7484,3566,6035,69.884
38.033324,7484,3568,6035,69.884
38.037883,7484,3569,6032,69.884
38.043380,7482,3571,6030,69.884
38.048007,7481,3571,6028,69.884
38.053692,7478,3570,6029,69.884
38.058163,7476,3568,6030,69.884
38.062534,7477,3566,6030,69.884
38.068327,7476,3563,6029,69.884
38.072672,7476,3563,6025,69.884
38.078366,7479,3563,6022,69.884
38.082869,7482,3564,6021,69.884
38.088532,7487,3564,6018,69.884
38.092969,7490,3564,6018,69.884
38.097372,7492,3563,6018,69.884
38.103103,7494,3563,6017,69.884
38.107493,7496,3563,6017,69.884
38.113160,7497,3563,6015,69.884
38.117623,7500,3563,6017,69.884
38.123335,7501,3565,6022,69.884
38.127752,7502,3566,6024,69.884
38.133491,7503,3566,6028,69.884
38.137902,7503,3567,6031,69.884
38.142325,7503,3568,6035,69.884
38.148098,7503,3567,6038,69.884
38.152487,7502,3566,6040,69.884
38.158178,7501,3565,6042,69.884
38.162608,7499,3565,6042,69.884
38.168361,7499,3566,6039,69.884
38.172751,7499,3566,6035,69.884
38.177125,7498,3566,6031,69.884
38.182844,7498,3566,6027,69.884
38.187305,7498,3562,6026,69.884
38.192975,7497,3560,6024,69.884
38.197415,7497,3557,6024,69.884
38.203077,7496,3557,6027,69.884
38.207536,7494,3557,6027,69.884
38.213388,7492,3558,6027,69.884
38.217641,7489,3560,6026,69.884
38.222057,7487,3561,6027,69.884
38.227865,7487,3560,6026,69.884
38.232202,7487,3559,6024,69.884
38.237881,7487,3557,6022,69.884
38.242394,7486,3555,6023,69.884
38.248031,7487,3554,6024,69.884
38.252459,7487,3554,6025,69.884
38.256828,7488,3554,6026,69.884
38.262637,7489,3555,6027,69.884
38.267058,7490,3557,6026,69.884
38.272718,7491,3556,6028,69.884
38.277196,7491,3557,6028,69.884
38.282879,7490,3557,6026,69.884
38.287294,7489,3558,6024,69.884
38.293009,7488,3560,6024,69.884
38.297410,7488,3561,6021,69.884
38.301826,7488,3560,6017,69.884
38.307543,7488,3560,6012,69.884
38.311967,7489,3559,6005,69.884
38.317665,7491,3558,6002,69.884
38.322111,7493,3558,6000,69.884
38.327800,7495,3558,5999,69.884
38.332234,7494,3557,5999,69.884
38.336708,7492,3557,5997,69.884
38.342383,7488,3556,5997,69.884
38.346815,7484,3557,5998,69.884
38.352475,7482,3557,5999,69.884
38.356954,7481,3556,5999,69.884
38.362606,7480,3555,6002,69.884
38.367091,7479,3555,6004,69.884
38.372780,7478,3554,6002,69.884
38.377222,7476,3554,6000,69.884
38.381594,7475,3556,5999,69.884
38.387379,7477,3557,5997,69.884
38.391748,7479,3557,5996,69.884
38.397433,7481,3557,5997,69.884
38.401828,7483,3555,6001,69.884
38.407551,7482,3554,6002,69.884
38.411975,7482,3553,6005,69.884
38.416387,7482,3553,6008,69.884
38.422130,7483,3554,6006,69.884
38.426546,7484,3554,6007,69.884
38.432223,7484,3555,6008,69.884
38.436660,7484,3556,6010,69.884
38.442356,7484,3556,6011,69.884
38.446780,7485,3555,6012,69.884
38.452481,7486,3554,6011,69.884
38.456960,7486,3554,6011,69.884
38.461439,7485,3553,6011,69.884
38.467099,7484,3552,6012,69.884
38.471528,7484,3551,6012,69.884
38.477185,7484,3549,6011,69.884
38.481649,7486,3548,6011,69.884
38.487317,7486,3547,6010,69.884
38.491744,7484,3545,6008,69.884
38.496139,7484,3547,6009,69.884
38.501867,7485,3546,6009,69.884
38.506290,7486,3546,6009,69.884
38.512015,7489,3547,6012,69.884
38.516432,7490,3547,6018,69.884
38.522192,7491,3548,6022,69.884
38.526567,7490,3550,6024,69.884
38.532302,7489,3552,6027,69.884
38.536454,7487,3554,6029,69.884
38.541122,7484,3554,6031,69.884
38.546848,7482,3555,6033,69.884
38.551297,7479,3555,6032,69.884
38.556965,7479,3556,6031,69.884
38.561436,7480,3558,6031,69.884
38.567109,7481,3561,6030,69.884
38.571547,7480,3565,6031,69.884
38.575602,7478,3568,6034,69.884
38.581665,7475,3570,6035,69.884
38.586078,7472,3569,6035,69.884
38.591769,7469,3569,6037,69.884
38.596182,7470,3567,6036,69.884
38.601917,7470,3566,6031,69.884
38.606356,7472,3566,6027,69.884
38.612028,7474,3565,6022,69.884
38.616461,7478,3565,6018,69.884
38.620848,7480,3565,6015,69.884
38.626591,7483,3565,6014,69.884
38.631035,7485,3566,6009,69.884
38.636699,7487,3567,6006,69.884
38.641112,7486,3566,6004,69.884
38.646862,7484,3567,6000,69.884
38.651274,7481,3566,6001,69.884
38.655699,7477,3565,6004,69.884
38.661459,7474,3564,6005,69.884
38.665782,7473,3563,6006,69.884
38.671528,7471,3563,6009,69.884
38.676012,7471,3564,6010,69.884
38.681678,7470,3567,6010,69.884
38.686055,7471,3569,6011,69.884
38.691792,7473,3570,6011,69.884
38.696261,7475,3571,6011,69.884
38.700616,7477,3571,6013,69.884
38.706380,7479,3571,6014,69.884
38.710799,7480,3573,6013,69.884
38.716457,7480,3574,6014,69.884
38.720906,7480,3574,6011,69.884
38.726620,7480,3573,6009,69.884
38.731116,7482,3570,6009,69.884
38.735425,7483,3568,6011,69.884
38.741146,7486,3565,6011,69.884
38.745590,7488,3564,6012,69.884
38.751308,7490,3561,6010,69.884
38.755785,7492,3560,6008,69.884
38.761193,7495,3557,6005,69.884
38.765827,7498,3556,6005,69.884
38.771564,7499,3558,6004,69.884
38.775985,7499,3560,6006,69.884
38.780435,7501,3562,6006,69.884
38.786168,7500,3564,6007,69.884
38.790526,7499,3566,6008,69.884
38.796251,7496,3567,6013,69.884
38.800651,7491,3567,6019,69.884
38.806401,7489,3569,6022,69.884
38.810771,7486,3570,6027,69.884
38.815191,7484,3572,6028,69.884
38.820916,7482,3576,6027,69.884
38.825388,7480,3579,6028,69.884
38.831050,7480,3581,6027,69.884
38.835494,7479,3580,6028,69.884
38.841162,7478,3581,6028,69.884
38.845605,7479,3580,6031,69.884
38.851307,7481,3577,6032,69.884
38.855786,7482,3575,6033,69.884
38.860207,7483,3574,6032,69.884
38.865875,7483,3574,6029,69.884
38.870311,7484,3575,6027,69.884
38.875999,7485,3575,6027,69.884
38.880413,7486,3575,6028,69.884
38.886157,7488,3575,6027,69.884
38.890582,7488,3574,6023,69.884
38.894938,7488,3573,6018,69.884
38.900688,7488,3573,6010,69.884
38.905103,7486,3571,6003,69.884
38.910823,7485,3569,5999,69.884
38.915249,7484,3568,5996,69.884
38.920936,7484,3564,5995,69.884
38.925355,7484,3562,5996,69.884
38.931086,7486,3560,5998,69.884
38.935512,7487,3558,6001,69.884
38.939891,7487,3557,6005,69.884
38.945631,7484,3558,6007,69.884
38.950100,7484,3559,6008,69.884
38.955776,7484,3560,6010,69.884
38.960218,7485,3560,6010,69.884
38.965901,7488,3560,6011,69.884
38.970393,7492,3558,6011,69.884
38.974750,7492,3557,6012,69.884
38.980549,7492,3556,6013,69.884
38.984882,7492,3554,6014,69.884
38.990574,7492,3554,6017,69.884
38.995024,7493,3555,6018,69.884
39.000747,7495,3554,6021,69.884
39.004874,7497,3554,6024,69.884
39.010828,7498,3553,6026,69.884
39.015296,7498,3552,6027,69.884
39.019695,7500,3552,6026,69.884
39.025174,7502,3552,6026,69.884
39.029814,7503,3552,6026,69.884
39.035611,7503,3553,6028,69.884
39.039823,7501,3555,6030,69.884
39.045457,7497,3557,6034,69.884
39.050127,7494,3559,6038,69.884
39.054548,7491,3559,6041,69.884
39.060291,7489,3561,6043,69.884
39.064698,7489,3562,6043,69.884
39.070333,7488,3562,6042,69.884
39.074783,7488,3564,6038,69.884
39.080471,7488,3564,6034,69.884
39.084917,7487,3563,6031,69.884
39.090644,7485,3562,6029,69.884
39.095057,7483,3559,6028,69.884
39.099470,7481,3559,6027,69.884
39.105213,7479,3558,6028,69.884
39.109596,7479,3558,6027,69.884
39.115307,7479,3558,6026,69.884
39.119755,7481,3556,6023,69.884
39.125383,7483,3554,6021,69.884
39.129868,7484,3553,6021,69.884
39.134262,7486,3554,6022,69.884
39.139996,7488,3556,6022,69.884
39.144459,7490,3556,6026,69.884
39.150105,7493,3556,6028,69.884
39.154564,7495,3555,6033,69.884
39.160240,7495,3553,6037,69.884
39.164715,7494,3553,6037,69.884
39.170466,7494,3553,6038,69.884
39.174855,7495,3553,6039,69.884
39.179232,7495,3556,6041,69.884
39.185113,7495,3559,6043,69.884
39.189369,7494,3562,6044,69.884
39.195099,7493,3565,6046,69.884
39.199542,7492,3566,6047,69.884
39.205281,7491,3566,6048,69.884
39.209613,7489,3566,6048,69.884
39.214080,7487,3565,6048,69.884
39.219777,7486,3564,6043,69.884
39.224171,7485,3561,6040,69.884
39.229898,7486,3559,6039,69.884
39.234314,7487,3558,6038,69.884
39.239987,7488,3558,6041,69.884
39.244464,7488,3559,6043,69.884
39.250075,7488,3561,6044,69.884
39.254596,7488,3562,6043,69.884
39.259024,7490,3560,6041,69.884
39.264775,7493,3558,6042,69.884
39.269151,7495,3556,6044,69.884
39.274822,7496,3556,6047,69.884
39.279291,7495,3556,6053,69.884
39.285023,7494,3558,6057,69.884
39.289432,7493,3559,6059,69.884
39.293820,7492,3559,6060,69.884
39.299538,7492,3559,6058,69.884
39.303949,7492,3559,6054,69.884
39.309644,7490,3559,6051,69.884
39.314068,7488,3559,6048,69.884
39.319768,7485,3560,6044,69.884
39.324224,7483,3561,6041,69.884
39.329942,7483,3562,6041,69.884
39.334406,7484,3564,6041,69.884
39.338749,7485,3564,6045,69.884
39.344485,7485,3564,6047,69.884
39.348887,7484,3564,6046,69.884
39.354619,7484,3563,6042,69.884
39.359065,7484,3563,6039,69.884
39.364778,7484,3561,6036,69.884
39.369216,7484,3559,6034,69.884
39.373558,7486,3559,6035,69.884
39.379390,7487,3558,6037,69.884
39.383750,7489,3558,6033,69.884
39.389457,7491,3559,6030,69.884
39.393849,7492,3559,6029,69.884
39.399551,7492,3559,6027,69.884
39.403979,7491,3560,6030,69.884
39.409749,7490,3560,6033,69.884
39.414210,7487,3558,6033,69.884
39.418513,7486,3558,6034,69.884
39.424258,7485,3558,6030,69.884
39.428673,7484,3559,6025,69.884
39.434376,7483,3560,6022,69.884
39.438807,7484,3561,6019,69.884
39.444570,7487,3562,6019,69.884
39.448945,7489,3562,6026,69.884
39.453458,7492,3562,6032,69.884
39.459092,7495,3562,6038,69.884
39.463532,7495,3562,6041,69.884
39.469119,7494,3561,6039,69.884
39.473649,7493,3561,6037,69.884
39.479330,7491,3560,6037,69.884
39.483808,7491,3560,6034,69.884
39.489456,7493,3561,6036,69.884
39.493929,7495,3562,6037,69.884
39.498279,7498,3563,6038,69.884
39.504056,7499,3563,6037,69.884
39.508439,7500,3562,6036,69.884
39.514144,7501,3561,6036,69.884
39.518576,7501,3561,6034,69.884
39.524307,7498,3561,6034,69.884
39.528714,7497,3560,6032,69.884
39.533139,7496,3560,6032,69.884
39.538823,7495,3559,6029,69.884
39.543275,7494,3558,6027,69.884
39.548950,7494,3559,6027,69.884
39.553415,7493,3560,6026,69.884
39.559112,7492,3560,6026,69.884
39.563559,7493,3562,6026,69.884
39.569225,7492,3563,6027,69.884
39.573800,7491,3563,6027,69.884
39.578110,7489,3564,6028,69.884
39.583874,7486,3566,6028,69.884
39.588261,7486,3567,6025,69.884
39.593906,7487,3567,6024,69.884
39.598359,7489,3567,6020,69.884
39.604034,7491,3569,6015,69.884
39.608513,7492,3569,6010,69.884
39.612880,7493,3570,6002,69.884
39.618615,7494,3570,5995,69.884
39.623038,7493,3570,5988,69.884
39.628716,7492,3570,5981,69.884
39.633207,7490,3570,5978,69.884
39.638878,7489,3571,5979,69.884
39.643358,7489,3571,5983,69.884
39.649003,7489,3571,5989,69.884
39.653453,7491,3570,5997,69.884
39.657873,7494,3568,6003,69.884
39.663639,7495,3567,6007,69.884
39.668044,7498,3564,6011,69.884
39.673724,7497,3563,6014,69.884
39.678149,7497,3562,6015,69.884
39.683839,7497,3563,6017,69.884
39.688270,7497,3565,6018,69.884
39.692691,7496,3566,6020,69.884
39.698450,7496,3565,6021,69.884
39.702887,7496,3564,6023,69.884
39.708513,7495,3563,6025,69.884
39.712943,7496,3562,6027,69.884
39.718667,7496,3562,6030,69.884
39.723108,7496,3564,6031,69.884
39.728769,7497,3565,6032,69.884
39.733203,7496,3567,6030,69.884
39.737621,7497,3568,6029,69.884
39.743355,7497,3569,6027,69.884
39.747804,7496,3569,6027,69.884
39.753489,7495,3570,6028,69.884
39.757914,7494,3570,6028,69.884
39.763604,7493,3570,6029,69.884
39.768054,7492,3569,6028,69.884
39.772457,7492,3570,6027,69.884
39.778236,7492,3570,6029,69.884
39.782630,7493,3570,6032,69.884
39.788330,7494,3569,6037,69.884
39.792719,7495,3566,6040,69.884
39.798459,7494,3564,6042,69.884
39.802849,7493,3562,6044,69.884
39.808576,7492,3561,6043,69.884
39.812973,7490,3561,6040,69.884
39.817394,7489,3560,6038,69.884
39.823129,7489,3560,6037,69.884
39.827521,7489,3562,6036,69.884
39.833259,7491,3562,6035,69.884
39.837654,7493,3562,6032,69.884
39.843360,7495,3563,6030,69.884
39.847814,7496,3564,6028,69.884
39.852218,7496,3564,6030,69.884
39.858019,7496,3566,6031,69.884
39.862409,7494,3566,6034,69.884
39.868108,7495,3564,6038,69.884
39.872488,7495,3563,6038,69.884
39.878216,7497,3563,6036,69.884
39.882614,7497,3561,6035,69.884
39.888322,7496,3561,6036,69.884
39.892755,7495,3560,6036,69.884
39.897174,7493,3558,6040,69.884
39.902924,7491,3558,6041,69.884
39.907291,7490,3557,6040,69.884
39.912846,7488,3557,6038,69.884
39.917423,7484,3560,6034,69.884
39.923149,7481,3561,6030,69.884
39.927584,7479,3562,6029,69.884
39.931958,7479,3562,6029,69.884
39.937722,7481,3562,6031,69.884
39.942109,7484,3562,6034,69.884
39.947815,7486,3563,6034,69.884
39.952307,7487,3563,6033,69.884
39.957950,7487,3566,6031,69.884
39.962413,7486,3568,6033,69.884
39.968107,7485,3572,6034,69.884
39.972605,7485,3572,6035,69.884
39.976954,7486,3571,6039,69.884
39.982698,7486,3571,6041,69.884
39.987109,7486,3570,6043,69.884
39.992774,7485,3570,6047,69.884
39.997250,7486,3571,6051,69.884
40.002938,7486,3571,6052,69.884
40.007057,7486,3570,6052,69.884
40.011709,7488,3569,6050,69.884
40.017461,7491,3566,6048,69.884
40.021895,7493,3563,6047,69.884
40.027536,7494,3560,6044,69.884
40.032029,7496,3558,6041,69.884
40.037725,7497,3557,6037,69.884
40.041922,7499,3559,6034,69.884
40.047850,7501,3561,6036,69.884
40.052285,7502,3562,6041,69.884
40.056612,7502,3563,6046,69.884
40.062471,7500,3565,6049,69.884
40.066894,7502,3565,6055,69.884
40.072558,7504,3566,6057,69.884
40.076970,7506,3568,6059,69.884
40.082701,7506,3567,6061,69.884
40.087125,7505,3567,6058,69.884
40.091511,7502,3567,6056,69.884
40.097266,7499,3567,6054,69.884
40.101644,7498,3568,6053,69.884
40.107415,7498,3567,6050,69.884
40.111780,7499,3567,6050,69.884
40.117495,7500,3567,6049,69.884
40.121935,7501,3567,6048,69.884
40.127657,7501,3569,6051,69.884
40.132052,7498,3571,6050,69.884
40.136470,7494,3573,6050,69.884
40.142202,7491,3574,6051,69.884
40.146619,7488,3577,6050,69.884
40.152308,7487,3577,6048,69.884
40.156769,7488,3575,6044,69.884
40.162436,7489,3572,6040,69.884
40.166920,7491,3567,6036,69.884
40.171350,7493,3563,6031,69.884
40.177061,7494,3561,6028,69.884
40.181470,7495,3560,6025,69.884
40.187112,7496,3559,6023,69.884
40.191591,7496,3560,6023,69.884
40.197328,7494,3562,6024,69.884
40.201687,7493,3563,6025,69.884
40.207448,7493,3565,6027,69.884
40.211863,7494,3565,6031,69.884
40.216284,7494,3567,6033,69.884
40.221970,7495,3567,6032,69.884
40.226406,7496,3566,6030,69.884
40.232059,7495,3565,6024,69.884
40.236527,7496,3562,6020,69.884
40.242208,7495,3562,6017,69.884
40.246640,7494,3561,6011,69.884
40.251115,7492,3561,6007,69.884
40.256855,7491,3562,6007,69.884
40.261206,7489,3563,6008,69.884
40.266878,7487,3566,6010,69.884
40.271434,7487,3567,6012,69.884
40.277029,7486,3566,6012,69.884
40.281455,7485,3565,6012,69.884
40.287208,7486,3564,6012,69.884
40.291621,7486,3564,6014,69.884
40.296003,7486,3564,6016,69.884
40.301796,7486,3566,6019,69.884
40.306174,7486,3566,6022,69.884
40.311890,7486,3567,6026,69.884
40.316269,7485,3568,6032,69.884
40.321990,7486,3568,6038,69.884
40.326409,7485,3569,6042,69.884
40.330869,7483,3568,6040,69.884
40.336587,7481,3568,6038,69.884
40.340951,7480,3568,6032,69.884
40.346640,7479,3567,6024,69.884
40.351162,7479,3567,6021,69.884
40.356823,7479,3567,6019,69.884
40.361275,7480,3567,6022,69.884
40.366941,7480,3569,6024,69.884
40.371341,7482,3571,6028,69.884
40.375826,7484,3571,6032,69.884
40.381535,7485,3569,6034,69.884
40.385951,7487,3565,6035,69.884
40.391643,7491,3563,6036,69.884
40.396057,7495,3561,6037,69.884
40.401792,7498,3559,6038,69.884
40.406211,7500,3559,6040,69.884
40.410591,7499,3560,6042,69.884
40.416353,7497,3559,6042,69.884
40.420705,7497,3559,6039,69.884
40.426411,7498,3559,6035,69.884
40.430876,7498,3559,6030,69.884
40.436563,7500,3560,6025,69.884
40.441028,7500,3560,6018,69.884
40.446713,7499,3561,6013,69.884
40.451127,7499,3562,6011,69.884
40.455558,7498,3560,6011,69.884
40.461281,7497,3558,6014,69.884
40.465764,7495,3556,6018,69.884
40.471408,7495,3554,6021,69.884
40.475832,7494,3554,6025,69.884
40.481517,7492,3556,6028,69.884
40.485994,7490,3558,6030,69.884
40.490397,7487,3560,6033,69.884
40.496131,7486,3561,6033,69.884
40.500515,7486,3561,6032,69.884
40.506214,7485,3561,6032,69.884
40.510658,7483,3560,6033,69.884
40.516356,7482,3559,6032,69.884
40.520757,7481,3559,6032,69.884
40.526493,7482,3559,6033,69.884
40.530906,7483,3561,6034,69.884
40.535421,7486,3563,6035,69.884
40.540991,7489,3565,6036,69.884
40.545465,7492,3566,6036,69.884
40.551150,7497,3565,6036,69.884
40.555602,7501,3564,6037,69.884
40.561295,7504,3561,6037,69.884
40.565763,7505,3560,6037,69.884
40.570209,7505,3560,6037,69.884
40.575714,7505,3560,6037,69.884
40.580290,7505,3561,6036,69.884
40.585972,7506,3562,6037,69.884
40.590445,7507,3563,6036,69.884
40.596153,7508,3564,6037,69.884
40.600568,7508,3563,6039,69.884
40.606331,7507,3562,6041,69.884
40.610692,7506,3561,6045,69.884
40.615114,7505,3561,6045,69.884
40.620827,7503,3559,6046,69.884
40.625313,7502,3559,6043,69.884
40.631052,7499,3558,6045,69.884
40.635384,7499,3556,6046,69.884
40.641068,7500,3556,6051,69.884
40.645516,7500,3555,6057,69.884
40.649937,7500,3555,6061,69.884
40.655671,7500,3557,6064,69.884
40.660082,7497,3558,6065,69.884
40.665777,7493,3559,6063,69.884
40.670218,7490,3558,6058,69.884
40.675877,7487,3556,6054,69.884
40.680332,7487,3554,6050,69.884
40.686027,7488,3551,6044,69.884
40.690490,7491,3548,6041,69.884
40.694881,7493,3546,6037,69.884
40.700609,7496,3545,6034,69.884
40.705052,7497,3545,6033,69.884
40.710748,7497,3546,6034,69.884
40.715142,7498,3547,6034,69.884
40.720818,7498,3548,6038,69.884
40.725257,7499,3548,6041,69.884
40.729669,7499,3550,6040,69.884
40.735394,7502,3550,6039,69.884
40.739531,7503,3551,6039,69.884
40.745235,7504,3551,6037,69.884
40.749707,7505,3550,6036,69.884
40.755402,7504,3551,6037,69.884
40.759811,7504,3551,6037,69.884
40.765539,7503,3550,6040,69.884
40.769917,7500,3549,6045,69.884
40.774523,7495,3551,6048,69.884
40.780342,7491,3551,6053,69.884
40.784809,7490,3550,6056,69.884
40.790507,7490,3549,6056,69.884
40.794923,7490,3550,6055,69.884
40.800643,7490,3549,6054,69.884
40.804900,7489,3551,6053,69.884
40.809451,7488,3553,6052,69.884
40.815271,7488,3553,6049,69.884
40.819558,7488,3556,6046,69.884
40.825304,7487,3558,6041,69.884
40.829716,7488,3560,6037,69.884
40.835409,7487,3562,6034,69.884
40.839840,7486,3563,6032,69.884
40.845576,7485,3562,6029,69.884
40.849974,7485,3561,6030,69.884
40.854423,7486,3561,6030,69.884
40.860129,7487,3561,6033,69.884
40.864600,7487,3562,6034,69.884
40.870258,7486,3563,6033,69.884
40.874660,7486,3563,6029,69.884
40.880395,7486,3564,6025,69.884
40.884818,7488,3565,6019,69.884
40.889217,7491,3564,6019,69.884
40.894996,7491,3564,6020,69.884
40.899092,7490,3564,6019,69.884
40.905025,7489,3564,6021,69.884
40.909486,7488,3565,6021,69.884
40.915186,7487,3567,6020,69.884
40.919615,7487,3568,6025,69.884
40.925325,7486,3569,6029,69.884
40.929769,7486,3568,6033,69.884
40.934178,7486,3565,6036,69.884
40.939893,7486,3561,6036,69.884
40.944387,7485,3557,6037,69.884
40.950000,7486,3555,6037,69.884
40.954455,7485,3554,6037,69.884
40.960153,7484,3554,6039,69.884
40.964543,7483,3554,6041,69.884
40.968756,7480,3556,6039,69.884
40.974663,7479,3558,6037,69.884
40.979163,7480,3560,6036,69.884
40.984781,7482,3562,6033,69.884
40.989267,7483,3564,6033,69.884
40.994966,7485,3565,6034,69.884
40.999211,7486,3565,6035,69.884
41.004851,7488,3566,6037,69.884
41.009236,7491,3567,6039,69.884
41.013675,7494,3568,6040,69.884
41.019412,7495,3570,6039,69.884
41.023808,7497,3570,6037,69.884
41.029512,7496,3571,6035,69.884
41.033884,7495,3571,6030,69.884
41.039646,7496,3571,6027,69.884
41.044082,7497,3571,6024,69.884
41.048779,7499,3569,6021,69.884
41.054484,7500,3567,6018,69.884
41.058871,7501,3564,6018,69.884
41.064561,7502,3561,6017,69.884
41.069080,7503,3559,6019,69.884
41.074719,7505,3559,6023,69.884
41.079136,7507,3560,6025,69.884
41.084878,7509,3562,6027,69.884
41.089392,7511,3564,6027,69.884
41.093592,7511,3564,6024,69.884
41.099437,7512,3564,6023,69.884
41.103855,7513,3562,6020,69.884
41.109560,7514,3561,6016,69.884
41.113960,7512,3562,6013,69.884
41.119692,7510,3563,6010,69.884
41.124128,7505,3563,6012,69.884
41.128517,7500,3562,6011,69.884
41.134350,7496,3563,6010,69.884
41.138636,7494,3563,6012,69.884
41.144361,7494,3562,6009,69.884
41.148758,7494,3561,6012,69.884
41.154482,7493,3560,6016,69.884
41.158937,7492,3558,6019,69.884
41.164650,7490,3558,6022,69.884
41.169069,7488,3558,6023,69.884
41.173482,7487,3558,6022,69.884
41.179265,7486,3560,6022,69.884
41.183649,7486,3561,6022,69.884
41.189350,7487,3560,6024,69.884
41.193759,7490,3560,6026,69.884
41.199482,7493,3559,6028,69.884
41.203931,7495,3558,6029,69.884
41.208290,7496,3559,6032,69.884
41.214013,7496,3560,6035,69.884
41.218428,7497,3561,6041,69.884
41.224133,7501,3561,6045,69.884
41.228605,7505,3561,6047,69.884
41.234310,7507,3559,6048,69.884
41.238689,7508,3559,6048,69.884
41.244378,7508,3559,6049,69.884
41.248821,7506,3559,6049,69.884
41.253262,7504,3560,6045,69.884
41.258971,7503,3561,6042,69.884
41.263415,7504,3560,6038,69.884
41.269105,7505,3560,6037,69.884
41.273561,7505,3560,6039,69.884
41.279206,7504,3561,6043,69.884
41.283680,7502,3560,6047,69.884
41.288087,7498,3559,6051,69.884
41.293784,7496,3559,6052,69.884
41.298257,7495,3559,6052,69.884
41.303855,7494,3561,6052,69.884
41.308388,7495,3562,6052,69.884
41.314030,7497,3563,6052,69.884
41.318435,7498,3565,6052,69.884
41.324148,7498,3565,6054,69.884
41.328610,7499,3566,6056,69.884
41.333031,7498,3569,6058,69.884
41.338770,7498,3570,6057,69.884
41.343122,7498,3572,6054,69.884
41.348888,7498,3574,6050,69.884
41.353268,7499,3572,6048,69.884
41.358977,7499,3571,6043,69.884
41.363472,7498,3570,6039,69.884
41.367856,7498,3568,6035,69.884
41.373558,7498,3567,6029,69.884
41.378000,7498,3565,6028,69.884
41.383702,7497,3565,6026,69.884
41.388167,7496,3565,6025,69.884
41.393800,7495,3564,6027,69.884
41.398262,7493,3564,6027,69.884
41.403936,7492,3565,6029,69.884
41.408379,7491,3565,6031,69.884
41.412750,7489,3565,6034,69.884
41.418487,7489,3565,6037,69.884
41.422890,7488,3566,6039,69.884
41.428590,7487,3566,6043,69.884
41.433061,7486,3565,6048,69.884
41.438766,7486,3564,6052,69.884
41.443179,7486,3562,6056,69.884
41.447574,7485,3561,6057,69.884
41.453352,7485,3560,6053,69.884
41.457771,7483,3561,6049,69.884
41.463436,7481,3563,6045,69.884
41.467938,7479,3565,6040,69.884
41.473599,7478,3568,6036,69.884
41.478057,7476,3571,6034,69.884
41.483749,7474,3572,6032,69.884
41.488182,7471,3572,6032,69.884
41.492528,7469,3571,6033,69.884
41.498327,7468,3569,6036,69.884
41.502702,7470,3570,6038,69.884
41.508390,7473,3568,6042,69.884
41.512832,7477,3564,6047,69.884
41.518529,7482,3562,6049,69.884
41.522954,7485,3561,6051,69.884
41.527391,7487,3560,6054,69.884
41.533078,7488,3561,6055,69.884
41.537491,7488,3561,6053,69.884
41.543188,7487,3560,6053,69.884
41.547607,7486,3559,6053,69.884
41.553308,7484,3561,6055,69.884
41.557825,7484,3560,6058,69.884
41.563487,7484,3559,6060,69.884
41.567959,7487,3559,6060,69.884
41.572324,7489,3559,6059,69.884
41.577791,7492,3560,6057,69.884
41.582106,7493,3561,6054,69.884
41.588158,7495,3561,6050,69.884
41.592614,7496,3562,6045,69.884
41.598358,7498,3563,6038,69.884
41.602713,7499,3564,6033,69.884
41.607110,7499,3566,6030,69.884
41.612841,7497,3566,6029,69.884
41.617297,7496,3565,6029,69.884
41.622953,7497,3565,6028,69.884
41.627412,7499,3565,6027,69.884
41.633077,7502,3565,6025,69.884
41.637498,7503,3566,6025,69.884
41.643229,7503,3566,6026,69.884
41.647667,7502,3567,6027,69.884
41.652089,7502,3568,6029,69.884
41.657794,7503,3567,6032,69.884
41.662253,7502,3566,6036,69.884
41.667937,7501,3565,6041,69.884
41.672395,7498,3564,6047,69.884
41.678065,7497,3566,6051,69.884
41.682475,7497,3566,6053,69.884
41.686928,7497,3568,6053,69.884
41.692636,7500,3567,6051,69.884
41.697072,7502,3565,6049,69.884
41.702750,7501,3563,6047,69.884
41.707188,7499,3561,6043,69.884
41.712856,7495,3558,6041,69.884
41.717282,7493,3557,6039,69.884
41.723032,7492,3556,6035,69.884
41.727435,7492,3556,6032,69.884
41.731845,7493,3556,6033,69.884
41.737552,7493,3556,6035,69.884
41.741969,7492,3558,6036,69.884
41.747705,7491,3559,6039,69.884
41.752091,7490,3561,6038,69.884
41.757825,7490,3563,6037,69.884
41.762259,7490,3565,6036,69.884
41.766738,7490,3566,6037,69.884
41.772214,7493,3566,6041,69.884
41.776572,7494,3565,6042,69.884
41.782282,7494,3564,6043,69.884
41.786756,7493,3563,6042,69.884
41.792440,7493,3563,6041,69.884
41.796860,7493,3565,6039,69.884
41.802573,7496,3568,6040,69.884
41.806975,7498,3571,6040,69.884
41.811350,7500,3572,6040,69.884
41.817154,7500,3571,6041,69.884
41.821522,7499,3569,6040,69.884
41.827233,7498,3568,6041,69.884
41.831645,7497,3568,6039,69.884
41.837397,7496,3568,6039,69.884
41.841818,7495,3569,6038,69.884
41.846176,7495,3569,6038,69.884
41.851948,7495,3569,6037,69.884
41.856348,7496,3569,6037,69.884
41.862079,7499,3568,6035,69.884
41.866479,7500,3568,6033,69.884
41.872236,7500,3567,6033,69.884
41.876587,7500,3566,6031,69.884
41.882361,7497,3566,6028,69.884
41.886770,7493,3566,6027,69.884
41.891160,7491,3567,6027,69.884
41.896941,7487,3568,6031,69.879
41.901341,7484,3568,6035,69.884
41.906990,7482,3567,6036,69.879
41.911734,7480,3566,6039,69.879
41.917472,7479,3564,6038,69.879
41.921904,7479,3563,6035,69.879
41.926315,7481,3564,6035,69.879
41.932030,7484,3564,6035,69.879
41.936442,7488,3564,6037,69.879
41.942111,7491,3564,6038,69.879
41.946597,7492,3563,6037,69.879
41.952309,7493,3562,6035,69.879
41.956729,7493,3563,6029,69.879
41.962368,7494,3563,6027,69.879
41.966866,7493,3565,6027,69.879
41.971134,7493,3565,6025,69.879
41.976948,7492,3566,6025,69.879
41.981394,7491,3566,6022,69.879
41.987078,7494,3565,6016,69.879
41.991563,7495,3565,6012,69.879
41.997242,7496,3564,6007,69.879
42.001688,7497,3565,6002,69.879
42.005834,7496,3565,6001,69.879
42.011783,7496,3565,5999,69.879
42.016144,7496,3565,5998,69.879
42.021870,7496,3566,6003,69.879
42.026126,7495,3566,6006,69.879
42.032029,7493,3565,6010,69.879
42.036501,7491,3565,6014,69.879
42.041910,7489,3564,6017,69.879
42.046573,7489,3563,6020,69.879
42.051060,7488,3563,6023,69.879
42.056577,7489,3564,6027,69.879
42.061086,7490,3565,6029,69.879
42.066823,7490,3568,6033,69.879
42.071298,7490,3571,6036,69.873
42.076960,7489,3571,6040,69.873
42.081341,7489,3570,6044,69.873
42.085835,7487,3569,6045,69.873
42.091587,7487,3569,6045,69.873
42.095969,7486,3569,6045,69.873
42.101589,7485,3571,6043,69.873
42.106116,7485,3572,6041,69.873
42.111819,7486,3574,6040,69.873
42.116157,7488,3576,6039,69.873
42.121895,7489,3578,6037,69.873
42.126285,7488,3580,6035,69.873
42.130750,7489,3581,6033,69.873
42.136544,7490,3581,6029,69.873
42.140940,7492,3581,6025,69.873
42.146614,7495,3579,6022,69.873
42.151041,7496,3577,6021,69.873
42.156767,7496,3574,6019,69.873
42.161204,7494,3571,6017,69.868
42.165618,7492,3569,6013,69.868
42.171380,7489,3569,6010,69.868
42.175742,7489,3567,6011,69.868
42.181459,7490,3566,6012,69.868
42.185897,7491,3565,6016,69.868
42.191563,7489,3566,6017,69.868
42.195983,7488,3567,6018,69.868
42.201739,7486,3568,6019,69.868
42.206193,7485,3568,6022,69.868
42.210502,7485,3569,6024,69.868
42.216516,7485,3568,6025,69.868
42.220736,7485,3566,6026,69.868
42.226359,7485,3563,6023,69.868
42.230831,7483,3560,6023,69.868
42.236506,7482,3558,6022,69.868
42.240940,7484,3555,6023,69.868
42.245387,7487,3556,6024,69.868
42.251071,7491,3557,6026,69.868
42.255541,7496,3557,6027,69.868
42.261177,7498,3558,6027,69.868
42.265669,7501,3558,6025,69.868
42.271307,7501,3559,6022,69.868
42.275742,7502,3561,6020,69.868
42.281455,7504,3562,6021,69.868
42.285957,7503,3564,6020,69.868
42.290312,7501,3565,6021,69.868
42.296018,7498,3566,6020,69.868
42.300472,7496,3568,6020,69.868
42.306144,7496,3569,6019,69.868
42.310552,7496,3571,6019,69.868
42.316329,7497,3571,6019,69.868
42.320689,7497,3569,6019,69.868
42.325118,7497,3571,6021,69.868
42.330861,7499,3572,6021,69.868
42.335248,7500,3571,6019,69.868
42.340970,7500,3571,6013,69.868
42.345391,7499,3570,6007,69.868
42.351112,7497,3569,6002,69.868
42.355535,7497,3567,6000,69.868
42.361201,7497,3566,6005,69.868
42.365690,7498,3564,6008,69.868
42.370113,7498,3562,6013,69.868
42.375798,7498,3562,6013,69.868
42.380241,7498,3564,6011,69.868
42.385910,7498,3566,6010,69.868
42.390402,7499,3569,6009,69.868
42.396080,7502,3571,6009,69.868
42.400481,7505,3573,6008,69.868
42.404823,7508,3575,6006,69.868
42.410556,7510,3576,6004,69.868
42.415000,7510,3575,6002,69.868
42.420727,7509,3575,5999,69.868
42.425180,7507,3575,5998,69.868
42.430877,7506,3573,5998,69.868
42.435263,7505,3572,5999,69.868
42.441024,7503,3571,6001,69.868
42.445308,7501,3570,6002,69.868
42.449825,7498,3570,6005,69.868
42.455588,7497,3569,6009,69.868
42.459961,7495,3569,6013,69.868
42.465667,7494,3568,6016,69.868
42.470108,7493,3566,6018,69.868
42.475820,7492,3565,6020,69.868
42.480256,7490,3565,6021,69.868
42.484693,7490,3565,6022,69.868
42.490437,7489,3566,6025,69.868
42.494788,7488,3566,6029,69.868
42.500518,7488,3565,6031,69.868
42.504928,7489,3562,6031,69.868
42.510633,7488,3558,6030,69.868
42.515055,7487,3556,6027,69.868
42.520793,7486,3555,6024,69.868
42.525207,7483,3555,6019,69.868
42.529626,7483,3557,6014,69.868
42.535316,7483,3559,6010,69.868
42.539690,7483,3557,6009,69.868
42.545420,7485,3558,6008,69.868
42.549883,7484,3559,6009,69.868
42.555603,7484,3560,6009,69.868
42.560090,7483,3564,6008,69.868
42.564454,7481,3565,6009,69.868
42.570071,7480,3566,6011,69.868
42.574514,7479,3566,6013,69.868
42.580307,7479,3566,6015,69.868
42.584751,7482,3567,6017,69.868
42.590448,7485,3567,6019,69.868
42.594834,7486,3567,6019,69.868
42.600564,7487,3566,6020,69.868
42.604997,7487,3564,6024,69.868
42.609389,7487,3562,6029,69.868
42.615112,7487,3560,6033,69.868
42.619571,7488,3558,6037,69.868
42.625206,7489,3556,6036,69.868
42.629650,7491,3555,6035,69.868
42.635358,7494,3553,6030,69.868
42.639783,7496,3552,6030,69.868
42.644162,7498,3551,6029,69.868
42.649896,7499,3551,6031,69.868
42.654314,7498,3553,6030,69.868
42.660029,7495,3555,6028,69.868
42.664492,7492,3556,6027,69.868
42.670170,7489,3557,6022,69.868
42.674651,7488,3555,6022,69.868
42.680336,7487,3554,6025,69.868
42.684667,7485,3553,6030,69.868
42.689156,7485,3553,6035,69.873
42.694902,7485,3553,6040,69.873
42.699294,7487,3553,6039,69.873
42.704976,7489,3552,6038,69.873
42.709406,7491,3552,6034,69.873
42.715115,7491,3551,6030,69.873
42.719563,7491,3550,6024,69.873
42.723955,7490,3550,6023,69.873
42.729634,7489,3551,6026,69.873
42.734104,7488,3551,6029,69.873
42.739820,7488,3552,6031,69.873
42.744221,7488,3552,6032,69.873
42.749944,7487,3553,6033,69.879
42.754354,7488,3555,6033,69.879
42.760061,7488,3557,6034,69.879
42.764478,7490,3560,6032,69.879
42.768965,7491,3562,6030,69.879
42.774674,7492,3562,6028,69.879
42.779089,7492,3561,6028,69.879
42.784695,7492,3560,6030,69.879
42.789192,7490,3559,6030,69.879
42.794908,7490,3559,6031,69.879
42.799327,7489,3561,6030,69.879
42.803719,7489,3564,6028,69.879
42.809486,7492,3565,6025,69.879
42.813885,7495,3566,6025,69.879
42.819545,7498,3564,6027,69.879
42.824029,7500,3562,6028,69.879
42.829692,7500,3561,6030,69.879
42.834128,7498,3560,6031,69.879
42.839806,7498,3560,6030,69.879
42.844280,7496,3561,6032,69.879
42.848620,7497,3561,6033,69.879
42.854406,7498,3561,6034,69.879
42.858746,7498,3560,6037,69.879
42.864514,7499,3557,6041,69.879
42.868943,7499,3555,6045,69.879
42.874592,7499,3553,6051,69.879
42.879088,7497,3553,6057,69.879
42.883462,7495,3555,6063,69.879
42.889251,7495,3557,6066,69.879
42.893675,7495,3558,6067,69.879
42.899343,7496,3559,6067,69.879
42.903801,7496,3560,6068,69.879
42.909510,7495,3562,6064,69.879
42.913818,7496,3564,6058,69.879
42.919585,7497,3565,6052,69.879
42.924052,7498,3565,6045,69.879
42.928437,7498,3565,6045,69.879
42.934181,7497,3564,6043,69.879
42.938593,7496,3566,6042,69.879
42.944291,7495,3567,6040,69.879
42.948633,7493,3568,6041,69.879
42.954397,7493,3567,6039,69.879
42.958622,7493,3567,6037,69.879
42.963283,7492,3565,6037,69.879
42.969030,7491,3564,6036,69.879
42.973464,7489,3566,6035,69.879
42.979086,7487,3567,6036,69.879
42.983601,7485,3568,6036,69.879
42.989252,7485,3568,6035,69.879
42.993674,7484,3568,6033,69.879
42.999382,7482,3566,6032,69.879
43.003812,7481,3565,6032,69.879
43.007951,7480,3566,6028,69.879
43.013998,7480,3566,6022,69.879
43.018398,7483,3568,6017,69.879
43.023872,7487,3570,6012,69.879
43.028382,7488,3572,6008,69.879
43.034117,7490,3573,6010,69.879
43.038575,7491,3574,6010,69.879
43.042661,7489,3575,6014,69.879
43.048726,7488,3575,6016,69.879
43.053159,7488,3575,6017,69.879
43.058717,7489,3574,6021,69.873
43.063330,7490,3576,6021,69.873
43.069004,7492,3578,6023,69.873
43.073440,7493,3579,6025,69.873
43.079105,7490,3578,6024,69.873
43.083552,7487,3574,6025,69.873
43.087925,7484,3571,6024,69.873
43.093757,7482,3567,6026,69.873
43.098159,7480,3564,6027,69.873
43.103805,7479,3562,6029,69.873
43.108236,7480,3560,6030,69.873
43.113982,7481,3557,6030,69.873
43.118394,7482,3555,6033,69.873
43.122768,7484,3553,6033,69.873
43.128513,7484,3550,6034,69.873
43.132887,7485,3550,6033,69.879
43.138588,7488,3550,6029,69.879
43.142939,7491,3550,6028,69.879
43.148746,7493,3551,6027,69.879
43.153176,7496,3552,6030,69.879
43.158895,7499,3554,6033,69.879
43.163354,7503,3556,6036,69.879
43.167665,7505,3558,6036,69.879
43.173465,7506,3559,6036,69.879
43.177837,7504,3559,6038,69.879
43.183587,7500,3557,6039,69.879
43.188018,7498,3558,6035,69.879
43.193686,7496,3558,6033,69.879
43.198129,7495,3559,6029,69.879
43.202535,7494,3560,6026,69.879
43.208390,7494,3562,6025,69.879
43.212686,7494,3563,6023,69.879
43.218404,7496,3565,6023,69.879
43.222824,7497,3568,6023,69.879
43.228562,7499,3569,6024,69.879
43.232949,7499,3571,6026,69.879
43.238693,7500,3572,6027,69.879
43.243135,7502,3572,6028,69.879
43.247441,7504,3575,6027,69.879
43.253262,7505,3576,6027,69.879
43.257565,7506,3577,6025,69.879
43.263309,7507,3578,6021,69.879
43.267805,7508,3579,6020,69.879
43.273412,7509,3580,6017,69.879
43.277852,7509,3581,6017,69.879
43.282328,7508,3581,6020,69.879
43.288001,7506,3581,6023,69.879
43.292483,7503,3579,6029,69.879
43.298201,7500,3578,6033,69.879
43.302584,7499,3575,6040,69.879
43.308343,7499,3574,6044,69.879
43.312720,7499,3572,6046,69.879
43.318453,7500,3572,6046,69.879
43.322866,7499,3570,6045,69.879
43.327249,7499,3568,6044,69.879
43.333027,7497,3565,6044,69.879
43.337424,7495,3562,6045,69.879
43.343076,7494,3562,6043,69.879
43.347526,7491,3563,6041,69.879
43.353342,7489,3564,6040,69.879
43.357668,7489,3565,6040,69.879
43.362066,7488,3567,6037,69.879
43.367841,7489,3569,6036,69.879
43.372221,7488,3571,6035,69.879
43.377887,7487,3573,6034,69.879
43.382415,7486,3574,6034,69.879
43.388089,7486,3573,6035,69.879
43.392494,7486,3571,6032,69.879
43.398206,7488,3569,6031,69.879
43.402676,7488,3567,6027,69.879
43.407076,7488,3565,6022,69.879
43.412794,7488,3566,6023,69.879
43.417197,7485,3566,6024,69.879
43.422878,7484,3566,6023,69.879
43.427359,7482,3567,6025,69.879
43.432977,7481,3569,6021,69.879
43.437459,7479,3572,6017,69.879
43.441849,7480,3574,6016,69.879
43.447562,7481,3575,6014,69.879
43.452006,7481,3574,6018,69.879
43.457678,7483,3574,6021,69.879
43.462109,7483,3572,6027,69.879
43.467814,7483,3570,6031,69.879
43.472261,7484,3568,6033,69.873
43.477956,7486,3566,6038,69.879
43.482370,7489,3565,6043,69.879
43.486797,7492,3565,6048,69.879
43.492597,7494,3565,6053,69.879
43.496951,7495,3565,6055,69.879
43.502651,7494,3565,6059,69.879
43.507098,7490,3564,6062,69.879
43.512730,7488,3564,6063,69.879
43.517210,7486,3565,6066,69.879
43.521567,7486,3566,6065,69.879
43.527359,7488,3567,6064,69.879
43.531751,7490,3568,6062,69.879
43.537120,7489,3570,6061,69.879
43.541869,7490,3572,6059,69.879
43.547588,7490,3573,6056,69.879
43.551999,7491,3575,6055,69.879
43.557767,7493,3576,6053,69.879
43.562143,7494,3576,6053,69.879
43.566542,7495,3576,6053,69.879
43.572362,7494,3575,6055,69.879
43.576596,7492,3575,6056,69.879
43.582418,7489,3575,6054,69.879
43.586863,7488,3575,6051,69.879
43.592544,7489,3575,6047,69.879
43.596975,7490,3573,6045,69.873
43.601409,7491,3571,6047,69.873
43.607110,7491,3569,6049,69.873
43.611488,7492,3568,6052,69.873
43.617271,7492,3567,6051,69.873
43.621591,7491,3568,6048,69.873
43.627366,7493,3569,6051,69.873
43.631744,7494,3569,6055,69.873
43.637413,7495,3568,6063,69.873
43.641904,7496,3568,6072,69.879
43.646305,7494,3569,6074,69.879
43.652043,7492,3570,6071,69.879
43.656389,7490,3572,6066,69.879
43.662153,7487,3573,6060,69.879
43.666575,7484,3573,6056,69.879
43.672235,7481,3570,6054,69.873
43.676696,7478,3568,6052,69.873
43.681120,7475,3565,6052,69.873
43.686843,7476,3565,6049,69.873
43.691226,7479,3565,6048,69.873
43.696931,7482,3565,6045,69.873
43.701413,7484,3567,6043,69.873
43.707092,7484,3569,6043,69.873
43.711514,7484,3570,6044,69.873
43.717198,7484,3570,6048,69.873
43.721630,7486,3569,6049,69.873
43.726031,7487,3567,6052,69.873
43.731774,7489,3566,6051,69.873
43.736077,7490,3564,6050,69.873
43.741852,7491,3562,6047,69.879
43.746324,7491,3561,6042,69.879
43.752035,7490,3559,6038,69.879
43.756451,7489,3558,6037,69.879
43.760808,7489,3560,6033,69.879
43.766589,7490,3562,6032,69.879
43.771009,7492,3564,6033,69.879
43.776641,7493,3565,6033,69.879
43.781156,7493,3564,6037,69.879
43.786844,7493,3563,6038,69.879
43.791296,7492,3562,6039,69.879
43.796994,7491,3561,6039,69.879
43.801468,7490,3561,6038,69.879
43.805779,7489,3562,6038,69.879
43.811542,7489,3562,6038,69.879
43.815951,7490,3562,6036,69.879
43.821644,7489,3561,6035,69.879
43.826069,7490,3560,6034,69.879
43.831794,7492,3559,6031,69.879
43.836215,7493,3558,6030,69.879
43.840605,7494,3558,6029,69.879
43.846358,7495,3557,6030,69.879
43.850745,7495,3557,6030,69.879
43.856464,7495,3557,6031,69.879
43.860879,7495,3558,6035,69.879
43.866580,7493,3558,6038,69.879
43.871001,7492,3558,6037,69.879
43.876741,7490,3557,6035,69.879
43.881187,7489,3557,6030,69.879
43.885600,7488,3557,6025,69.879
43.891284,7485,3558,6022,69.879
43.895739,7484,3560,6024,69.879
43.901424,7484,3562,6028,69.879
43.905869,7483,3563,6033,69.879
43.911542,7483,3564,6039,69.879
43.915974,7486,3562,6045,69.879
43.920390,7488,3561,6048,69.879
43.926153,7489,3561,6047,69.884
43.930535,7491,3559,6045,69.884
43.936211,7491,3557,6045,69.884
43.940676,7492,3556,6039,69.884
43.946338,7491,3554,6036,69.884
43.950794,7491,3552,6033,69.884
43.956505,7491,3552,6030,69.884
43.960807,7489,3553,6030,69.884
43.965315,7490,3555,6028,69.884
43.971079,7489,3556,6027,69.884
43.975462,7489,3557,6027,69.884
43.981156,7488,3557,6030,69.884
43.985606,7486,3557,6031,69.884
43.991304,7483,3556,6032,69.884
43.995755,7480,3555,6035,69.884
44.000157,7479,3556,6036,69.884
44.005656,7480,3555,6038,69.884
44.010020,7479,3553,6041,69.884
44.015990,7479,3551,6045,69.884
44.020431,7477,3550,6047,69.884
44.025893,7477,3549,6050,69.884
44.030534,7478,3548,6054,69.884
44.036036,7480,3548,6056,69.884
44.040550,7483,3547,6059,69.890
44.045001,7485,3546,6061,69.890
44.050821,7486,3547,6060,69.890
44.055234,7486,3550,6056,69.890
44.060909,7485,3550,6055,69.890
44.065372,7484,3552,6053,69.890
44.071073,7484,3553,6050,69.890
44.075488,7485,3553,6047,69.890
44.079913,7485,3554,6044,69.890
44.085663,7486,3556,6039,69.890
44.090083,7487,3558,6035,69.890
44.095737,7488,3562,6031,69.890
44.100234,7487,3564,6027,69.890
44.105894,7487,3565,6024,69.890
44.110353,7487,3567,6025,69.890
44.116040,7487,3567,6026,69.890
44.120494,7488,3568,6028,69.890
44.124902,7489,3569,6030,69.890
44.130615,7490,3570,6030,69.890
44.135000,7491,3571,6030,69.890
44.140691,7492,3572,6031,69.890
44.145172,7494,3573,6032,69.890
44.150849,7495,3573,6034,69.890
44.155280,7495,3573,6037,69.890
44.159666,7497,3574,6037,69.890
44.165636,7497,3574,6038,69.890
44.169868,7496,3575,6037,69.890
44.175511,7496,3575,6037,69.890
44.179999,7495,3575,6035,69.890
44.185638,7493,3575,6030,69.890
44.190111,7492,3573,6024,69.890
44.195820,7491,3571,6019,69.890
44.200223,7491,3571,6016,69.884
44.204664,7492,3571,6016,69.884
44.210387,7493,3572,6019,69.884
44.214817,7493,3573,6018,69.884
44.220485,7492,3573,6017,69.884
44.224909,7491,3572,6014,69.884
44.230615,7491,3571,6011,69.884
44.235104,7491,3571,6009,69.884
44.239447,7491,3572,6011,69.884
44.245171,7491,3572,6014,69.884
44.249608,7491,3573,6016,69.884
44.255307,7490,3572,6017,69.884
44.259720,7491,3569,6016,69.884
44.265405,7493,3568,6016,69.884
44.269862,7495,3565,6018,69.884
44.275616,7498,3566,6020,69.884
44.280011,7501,3568,6019,69.884
44.284457,7503,3569,6023,69.884
44.290120,7504,3571,6025,69.884
44.294530,7504,3571,6029,69.884
44.300368,7503,3572,6031,69.884
44.304698,7501,3572,6032,69.884
44.310385,7498,3573,6030,69.884
44.314784,7495,3575,6027,69.884
44.319212,7494,3575,6025,69.884
44.324983,7495,3575,6023,69.884
44.329384,7497,3575,6022,69.884
44.335037,7500,3573,6023,69.884
44.339508,7505,3572,6026,69.884
44.345208,7506,3572,6026,69.884
44.349629,7508,3571,6029,69.884
44.355359,7510,3571,6032,69.884
44.359737,7510,3572,6033,69.884
44.364181,7510,3573,6038,69.884
44.369898,7511,3573,6039,69.884
44.374342,7511,3572,6037,69.884
44.379980,7513,3571,6036,69.884
44.384446,7513,3571,6034,69.884
44.390158,7512,3569,6032,69.884
44.394585,7511,3569,6031,69.884
44.399006,7511,3567,6033,69.884
44.404756,7513,3564,6037,69.884
44.409143,7514,3562,6044,69.884
44.414836,7514,3562,6050,69.884
44.419251,7513,3562,6055,69.890
44.424990,7514,3563,6054,69.890
44.429382,7514,3565,6052,69.890
44.435101,7515,3565,6048,69.890
44.439510,7516,3566,6044,69.890
44.443930,7515,3566,6041,69.890
44.449664,7515,3567,6040,69.890
44.454049,7513,3568,6038,69.890
44.459746,7512,3569,6036,69.890
44.464197,7511,3568,6035,69.890
44.469889,7509,3567,6032,69.890
44.474365,7508,3566,6029,69.890
44.478737,7506,3563,6028,69.890
44.484478,7502,3562,6027,69.890
44.488883,7499,3563,6025,69.890
44.494589,7495,3562,6023,69.890
44.499069,7493,3564,6021,69.890
44.504746,7491,3565,6020,69.890
44.509194,7491,3565,6020,69.890
44.514869,7491,3566,6023,69.890
44.519301,7491,3567,6025,69.890
44.523695,7492,3566,6025,69.890
44.529462,7494,3565,6024,69.890
44.533873,7495,3564,6022,69.890
44.539525,7496,3563,6021,69.890
44.543991,7497,3564,6019,69.890
44.549669,7496,3566,6017,69.890
44.554128,7495,3568,6017,69.890
44.558504,7494,3570,6015,69.890
44.564230,7493,3572,6012,69.890
44.568643,7492,3575,6011,69.890
44.574346,7490,3577,6009,69.890
44.578586,7489,3579,6009,69.890
44.584485,7489,3578,6006,69.890
44.588933,7490,3576,6007,69.890
44.594653,7491,3574,6006,69.890
44.599086,7491,3571,6007,69.890
44.603543,7492,3572,6009,69.890
44.609218,7491,3573,6013,69.890
44.613591,7492,3575,6016,69.884
44.619329,7493,3577,6020,69.884
44.623730,7494,3577,6022,69.884
44.629455,7496,3577,6023,69.884
44.633849,7496,3577,6024,69.884
44.638265,7495,3577,6024,69.884
44.643983,7495,3578,6026,69.884
44.648472,7494,3579,6028,69.884
44.654113,7492,3578,6033,69.884
44.658526,7490,3579,6035,69.884
44.664224,7488,3579,6033,69.884
44.668671,7484,3578,6030,69.884
44.674385,7480,3579,6027,69.884
44.678848,7477,3577,6028,69.884
44.683245,7477,3575,6031,69.884
44.688972,7478,3573,6035,69.884
44.693412,7481,3570,6039,69.884
44.699100,7484,3570,6039,69.884
44.703519,7487,3569,6038,69.884
44.709219,7488,3567,6038,69.884
44.713635,7490,3567,6038,69.884
44.718061,7493,3566,6041,69.884
44.723830,7495,3566,6044,69.884
44.728208,7498,3566,6047,69.884
44.733849,7500,3568,6048,69.884
44.738374,7501,3570,6044,69.884
44.744029,7501,3571,6040,69.884
44.748426,7501,3572,6036,69.884
44.754152,7501,3572,6031,69.884
44.758653,7500,3571,6030,69.884
44.763043,7499,3569,6030,69.884
44.768741,7499,3570,6030,69.884
44.773129,7499,3571,6028,69.884
44.778585,7499,3571,6027,69.884
44.783248,7500,3569,6025,69.884
44.788896,7500,3568,6024,69.884
44.793360,7501,3566,6025,69.884
44.797819,7500,3564,6027,69.884
44.803616,7501,3563,6034,69.884
44.807988,7503,3563,6040,69.884
44.813622,7505,3564,6044,69.884
44.818122,7508,3565,6048,69.884
44.823795,7508,3567,6051,69.884
44.828187,7507,3569,6050,69.884
44.833955,7505,3572,6050,69.884
44.838379,7503,3573,6050,69.884
44.842745,7502,3572,6047,69.884
44.848484,7502,3571,6048,69.884
44.852897,7503,3570,6047,69.884
44.858618,7505,3568,6045,69.884
44.863040,7505,3567,6040,69.884
44.868779,7503,3565,6034,69.884
44.873157,7500,3564,6029,69.884
44.877585,7498,3565,6023,69.884
44.883360,7496,3566,6021,69.884
44.887716,7497,3566,6022,69.884
44.893418,7497,3566,6023,69.884
44.897907,7498,3565,6026,69.884
44.903571,7498,3565,6031,69.884
44.907969,7496,3567,6034,69.884
44.913647,7496,3567,6035,69.884
44.918141,7495,3569,6032,69.884
44.922515,7495,3569,6031,69.884
44.928286,7495,3567,6031,69.884
44.932645,7495,3566,6032,69.884
44.938357,7494,3566,6032,69.884
44.942779,7493,3566,6033,69.884
44.948495,7492,3568,6032,69.884
44.952905,7491,3569,6033,69.884
44.957311,7491,3569,6034,69.884
44.963070,7492,3570,6035,69.884
44.967490,7491,3570,6035,69.884
44.973179,7490,3570,6033,69.884
44.977617,7490,3572,6027,69.884
44.983305,7488,3573,6021,69.884
44.987715,7487,3577,6020,69.879
44.993428,7486,3581,6020,69.879
44.997921,7484,3585,6021,69.879
45.002304,7484,3588,6024,69.879
45.007812,7485,3589,6026,69.879
45.012209,7488,3589,6026,69.879
45.018281,7491,3588,6026,69.879
45.022555,7493,3586,6024,69.879
45.028295,7493,3584,6021,69.879
45.032698,7493,3582,6017,69.879
45.037092,7492,3581,6016,69.879
45.042546,7492,3582,6015,69.879
45.047216,7493,3582,6017,69.879
45.052923,7493,3581,6021,69.879
45.057207,7494,3581,6025,69.879
45.063080,7494,3580,6027,69.879
45.067487,7493,3577,6025,69.879
45.073199,7492,3575,6021,69.873
45.077623,7491,3573,6016,69.873
45.082063,7491,3571,6010,69.873
45.087801,7493,3571,6010,69.873
45.092224,7494,3573,6010,69.873
45.097900,7496,3572,6014,69.873
45.102390,7495,3571,6017,69.873
45.108113,7494,3569,6022,69.873
45.112459,7492,3567,6027,69.873
45.116874,7489,3565,6031,69.873
45.122609,7486,3565,6034,69.873
45.126993,7483,3565,6034,69.873
45.132716,7480,3566,6033,69.873
45.137132,7481,3564,6033,69.873
45.142823,7483,3563,6031,69.873
45.147281,7486,3563,6030,69.873
45.153008,7488,3563,6030,69.873
45.157436,7489,3565,6030,69.873
45.161816,7489,3568,6031,69.873
45.167536,7492,3569,6032,69.873
45.171946,7494,3572,6032,69.873
45.177645,7496,3573,6030,69.873
45.182115,7499,3572,6029,69.873
45.187799,7500,3570,6026,69.873
45.192234,7499,3567,6025,69.873
45.196773,7498,3564,6024,69.873
45.202381,7496,3563,6022,69.873
45.206845,7493,3564,6020,69.873
45.212435,7490,3565,6017,69.873
45.216875,7488,3566,6013,69.873
45.222632,7486,3565,6014,69.873
45.227051,7484,3563,6017,69.873
45.232792,7484,3559,6019,69.873
45.237157,7484,3556,6024,69.879
45.241613,7482,3555,6025,69.879
45.247358,7482,3555,6024,69.879
45.251681,7483,3557,6021,69.879
45.257408,7482,3559,6016,69.879
45.261909,7483,3561,6012,69.879
45.267528,7485,3562,6010,69.879
45.272002,7485,3563,6010,69.879
45.276404,7488,3565,6012,69.879
45.282155,7490,3567,6018,69.879
45.286621,7491,3569,6024,69.879
45.292201,7491,3570,6030,69.879
45.296738,7489,3571,6033,69.879
45.302383,7488,3571,6037,69.873
45.306870,7488,3571,6038,69.873
45.312591,7490,3570,6038,69.873
45.316936,7491,3568,6039,69.873
45.321388,7491,3568,6040,69.873
45.327098,7491,3569,6043,69.873
45.331492,7488,3570,6043,69.873
45.337212,7487,3571,6043,69.873
45.341627,7487,3572,6045,69.873
45.347307,7487,3572,6045,69.873
45.351814,7490,3572,6045,69.873
45.356176,7491,3572,6046,69.873
45.361886,7490,3573,6047,69.873
45.366301,7491,3574,6049,69.873
45.371963,7490,3575,6048,69.873
45.376438,7490,3576,6048,69.873
45.382150,7491,3578,6049,69.873
45.386587,7491,3579,6049,69.873
45.392309,7491,3580,6047,69.873
45.396845,7494,3580,6045,69.873
45.401138,7495,3580,6042,69.873
45.406896,7497,3579,6038,69.873
45.411296,7498,3577,6036,69.873
45.416960,7497,3574,6035,69.873
45.421371,7495,3573,6034,69.873
45.427086,7494,3572,6032,69.873
45.431511,7491,3572,6031,69.873
45.435928,7489,3573,6027,69.873
45.441679,7488,3573,6024,69.873
45.446051,7489,3573,6019,69.873
45.451745,7491,3574,6020,69.873
45.456235,7492,3575,6021,69.873
45.461895,7492,3575,6020,69.873
45.466356,7490,3576,6025,69.873
45.472059,7490,3575,6025,69.873
45.476488,7491,3575,6026,69.873
45.480932,7494,3574,6028,69.873
45.486642,7497,3575,6029,69.873
45.491079,7499,3574,6030,69.873
45.496716,7500,3574,6031,69.873
45.501200,7500,3574,6031,69.873
45.506880,7499,3573,6033,69.873
45.511301,7498,3574,6035,69.873
45.515717,7495,3575,6037,69.873
45.521448,7493,3577,6041,69.873
45.525883,7490,3579,6043,69.873
45.531537,7488,3581,6043,69.873
45.536007,7487,3580,6046,69.873
45.541501,7490,3578,6045,69.873
45.546146,7492,3576,6043,69.873
45.551846,7495,3574,6042,69.873
45.556234,7498,3573,6039,69.873
45.560656,7501,3571,6040,69.873
45.566408,7503,3571,6042,69.873
45.570826,7503,3570,6043,69.873
45.576514,7506,3569,6041,69.873
45.580703,7506,3569,6038,69.873
45.586637,7506,3567,6035,69.873
45.591109,7507,3566,6035,69.873
45.595494,7506,3565,6037,69.873
45.601226,7506,3566,6038,69.873
45.605648,7506,3567,6043,69.873
45.611345,7503,3569,6046,69.873
45.615768,7501,3572,6044,69.873
45.621462,7497,3574,6044,69.873
45.625865,7493,3574,6038,69.873
45.631619,7491,3572,6033,69.873
45.636005,7489,3570,6032,69.873
45.640442,7489,3567,6032,69.873
45.646177,7491,3565,6031,69.873
45.650564,7494,3562,6031,69.873
45.656308,7495,3562,6031,69.873
45.660714,7496,3562,6031,69.873
45.666413,7495,3562,6032,69.873
45.670824,7494,3563,6029,69.873
45.675257,7493,3562,6026,69.873
45.680968,7493,3563,6025,69.873
45.685415,7492,3565,6026,69.873
45.691049,7491,3567,6029,69.873
45.695570,7490,3569,6030,69.873
45.701246,7489,3571,6029,69.873
45.705664,7488,3572,6028,69.873
45.711394,7489,3572,6027,69.873
45.715829,7488,3573,6029,69.873
45.720185,7487,3573,6031,69.873
45.725955,7486,3574,6034,69.873
45.730390,7488,3574,6039,69.873
45.736100,7490,3574,6041,69.873
45.740494,7493,3574,6042,69.873
45.746179,7496,3574,6041,69.873
45.750577,7496,3574,6041,69.873
45.754998,7497,3572,6044,69.873
45.760766,7498,3572,6044,69.873
45.765128,7496,3572,6046,69.873
45.770813,7496,3571,6047,69.873
45.775312,7494,3570,6045,69.873
45.780957,7492,3569,6042,69.873
45.785442,7491,3569,6041,69.873
45.791096,7491,3569,6039,69.873
45.795589,7491,3569,6036,69.873
45.799953,7492,3569,6036,69.873
45.805748,7493,3568,6034,69.873
45.810123,7492,3568,6033,69.873
45.815815,7491,3568,6033,69.873
45.820280,7490,3569,6034,69.873
45.825954,7491,3568,6033,69.873
45.830416,7493,3569,6030,69.873
45.834759,7498,3570,6027,69.873
45.840513,7503,3572,6022,69.873
45.844846,7507,3574,6020,69.873
45.850609,7510,3575,6017,69.873
45.855079,7511,3576,6015,69.873
45.860743,7511,3576,6013,69.873
45.865176,7512,3573,6013,69.873
45.870953,7512,3571,6012,69.873
45.875349,7511,3571,6011,69.873
45.879766,7509,3573,6009,69.873
45.885485,7506,3576,6007,69.873
45.889952,7504,3579,6006,69.873
45.895603,7502,3581,6008,69.873
45.900013,7502,3580,6009,69.873
45.905691,7500,3579,6012,69.873
45.910160,7500,3577,6017,69.873
45.914540,7499,3575,6022,69.873
45.920320,7497,3572,6026,69.873
45.924672,7494,3571,6027,69.873
45.930386,7490,3570,6028,69.873
45.934847,7487,3569,6028,69.873
45.940562,7485,3570,6030,69.873
45.944946,7485,3570,6031,69.873
45.950667,7488,3570,6034,69.873
45.955102,7490,3569,6034,69.873
45.959490,7491,3569,6033,69.873
45.965227,7491,3570,6033,69.873
45.969683,7490,3571,6031,69.873
45.975305,7489,3573,6029,69.873
45.979772,7488,3573,6027,69.873
45.985478,7488,3573,6027,69.873
45.989929,7488,3573,6031,69.873
45.994346,7490,3572,6036,69.873
45.999760,7492,3570,6039,69.873
46.004115,7493,3571,6043,69.873
46.009969,7495,3573,6044,69.873
46.014322,7494,3575,6047,69.873
46.020034,7493,3576,6047,69.873
46.024435,7491,3575,6051,69.873
46.030150,7491,3572,6055,69.873
46.034563,7491,3568,6055,69.873
46.039024,7492,3566,6056,69.873
46.044727,7492,3565,6055,69.873
46.049388,7490,3567,6050,69.873
46.055077,7489,3568,6050,69.873
46.059533,7487,3567,6048,69.873
46.065239,7486,3566,6045,69.873
46.069662,7485,3563,6044,69.873
46.074113,7483,3561,6044,69.873
46.079782,7481,3561,6043,69.873
46.084273,7479,3562,6044,69.873
46.089919,7476,3562,6046,69.873
46.094376,7477,3561,6043,69.873
46.100050,7477,3561,6042,69.873
46.104496,7478,3560,6041,69.873
46.110355,7480,3560,6039,69.873
46.114674,7481,3561,6037,69.873
46.119064,7482,3563,6038,69.873
46.124786,7485,3564,6042,69.873
46.129162,7485,3566,6043,69.873
46.134879,7486,3568,6043,69.873
46.139298,7484,3569,6039,69.873
46.145049,7484,3570,6036,69.873
46.149433,7484,3571,6033,69.873
46.153837,7485,3571,6031,69.873
46.159574,7485,3572,6031,69.873
46.164009,7489,3572,6028,69.873
46.169695,7490,3570,6027,69.873
46.174073,7491,3569,6026,69.873
46.179793,7493,3567,6023,69.873
46.184230,7494,3566,6021,69.873
46.189963,7494,3567,6014,69.873
46.194384,7495,3569,6010,69.873
46.198825,7496,3571,6011,69.873
46.204562,7497,3572,6012,69.873
46.208961,7498,3571,6015,69.873
46.214621,7498,3570,6016,69.873
46.219122,7496,3570,6012,69.873
46.224817,7494,3570,6008,69.873
46.229230,7492,3570,6008,69.873
46.233617,7489,3570,6003,69.873
46.239378,7488,3571,6000,69.873
46.243794,7487,3572,6000,69.873
46.249499,7488,3573,5998,69.873
46.253898,7489,3572,6001,69.873
46.259586,7491,3572,6006,69.873
46.264000,7491,3571,6010,69.873
46.269742,7491,3567,6013,69.873
46.274155,7491,3565,6016,69.873
46.278553,7490,3563,6017,69.873
46.284286,7488,3564,6019,69.873
46.288742,7487,3566,6017,69.873
46.294395,7486,3566,6016,69.873
46.298878,7486,3566,6015,69.873
46.304609,7486,3565,6015,69.873
46.309003,7489,3563,6016,69.873
46.313390,7490,3563,6019,69.873
46.319127,7491,3563,6021,69.873
46.323574,7491,3563,6026,69.873
46.329235,7489,3567,6029,69.873
46.333669,7487,3570,6030,69.873
46.339355,7485,3571,6030,69.873
46.343795,7484,3573,6029,69.873
46.349486,7482,3572,6028,69.873
46.353953,7480,3571,6027,69.873
46.358388,7479,3572,6028,69.873
46.364093,7478,3573,6029,69.873
46.368465,7476,3574,6030,69.873
46.374153,7477,3574,6032,69.873
46.378603,7478,3573,6035,69.873
46.384307,7476,3571,6036,69.873
46.388798,7477,3570,6036,69.868
46.393158,7477,3569,6039,69.868
46.398875,7478,3570,6041,69.868
46.403343,7480,3570,6044,69.868
46.409028,7482,3571,6046,69.868
46.413439,7483,3571,6046,69.868
46.419204,7485,3570,6042,69.868
46.423593,7485,3569,6038,69.868
46.429334,7487,3567,6033,69.868
46.433716,7488,3566,6030,69.868
46.438135,7489,3564,6026,69.868
46.443850,7490,3562,6023,69.868
46.448254,7490,3562,6022,69.868
46.453924,7489,3560,6020,69.868
46.458374,7487,3559,6019,69.868
46.464077,7487,3560,6020,69.868
46.468535,7488,3560,6022,69.873
46.472976,7489,3562,6024,69.873
46.478714,7491,3565,6023,69.873
46.483130,7493,3568,6023,69.873
46.488792,7493,3571,6020,69.873
46.493286,7492,3575,6018,69.873
46.498936,7491,3575,6014,69.873
46.503382,7489,3578,6013,69.873
46.509110,7487,3581,6011,69.868
46.513543,7486,3582,6010,69.868
46.517971,7484,3583,6012,69.868
46.523699,7484,3584,6010,69.868
46.528062,7485,3583,6012,69.868
46.533720,7485,3583,6013,69.868
46.538211,7485,3582,6014,69.868
46.543768,7484,3581,6017,69.868
46.548363,7483,3582,6018,69.868
46.552745,7481,3584,6017,69.868
46.558436,7480,3585,6018,69.868
46.562860,7480,3587,6019,69.868
46.568564,7480,3586,6021,69.868
46.573055,7482,3583,6026,69.868
46.578688,7484,3582,6028,69.868
46.583167,7486,3580,6027,69.868
46.588825,7488,3580,6026,69.868
46.593237,7489,3580,6025,69.868
46.597725,7490,3583,6023,69.868
46.603460,7493,3585,6024,69.868
46.607865,7495,3585,6027,69.862
46.613603,7496,3584,6029,69.862
46.617957,7498,3580,6034,69.862
46.623656,7499,3576,6037,69.862
46.628124,7500,3572,6039,69.862
46.632516,7499,3569,6041,69.862
46.638255,7499,3568,6043,69.868
46.642691,7496,3568,6043,69.868
46.648361,7494,3569,6043,69.868
46.652774,7492,3570,6043,69.868
46.658515,7491,3568,6044,69.868
46.662876,7491,3566,6045,69.868
46.668638,7491,3565,6046,69.868
46.673054,7491,3563,6047,69.868
46.677495,7490,3561,6048,69.868
46.683205,7490,3559,6049,69.868
46.687649,7491,3558,6047,69.868
46.693297,7493,3558,6046,69.868
46.697797,7496,3558,6045,69.868
46.703423,7497,3558,6044,69.868
46.707842,7497,3558,6045,69.868
46.712319,7495,3559,6045,69.868
46.718021,7495,3561,6045,69.868
46.722444,7496,3562,6042,69.868
46.728119,7497,3564,6039,69.868
46.732567,7498,3565,6038,69.868
46.738345,7499,3566,6037,69.868
46.742715,7499,3566,6036,69.868
46.748452,7500,3566,6036,69.868
46.752856,7501,3565,6036,69.868
46.757230,7503,3567,6035,69.868
46.762981,7506,3567,6037,69.868
46.767399,7508,3568,6037,69.868
46.773071,7510,3570,6038,69.873
46.777476,7511,3570,6039,69.873
46.783211,7511,3571,6038,69.873
46.787539,7511,3571,6039,69.873
46.792052,7509,3573,6036,69.873
46.797791,7507,3573,6036,69.873
46.802210,7506,3573,6036,69.873
46.807864,7503,3573,6035,69.873
46.812311,7502,3573,6036,69.873
46.817956,7500,3572,6035,69.873
46.822343,7499,3572,6035,69.873
46.828043,7498,3572,6033,69.873
46.832536,7499,3570,6033,69.873
46.836895,7501,3568,6036,69.873
46.842743,7501,3568,6035,69.873
46.847127,7503,3566,6037,69.873
46.852825,7503,3566,6036,69.873
46.857361,7502,3566,6036,69.873
46.862876,7500,3566,6036,69.873
46.867404,7499,3567,6036,69.873
46.871782,7500,3568,6039,69.873
46.877567,7502,3568,6038,69.873
46.881878,7503,3568,6036,69.873
46.887642,7504,3568,6032,69.873
46.892129,7503,3570,6027,69.873
46.897795,7499,3570,6024,69.873
46.902245,7499,3570,6022,69.873
46.907850,7499,3570,6021,69.873
46.912380,7500,3570,6020,69.879
46.916735,7501,3570,6016,69.879
46.922469,7501,3570,6012,69.879
46.926932,7499,3572,6014,69.879
46.932616,7499,3571,6017,69.879
46.937012,7500,3572,6021,69.879
46.942700,7501,3573,6026,69.879
46.947152,7502,3573,6030,69.879
46.951576,7500,3572,6032,69.879
46.957367,7498,3571,6033,69.879
46.961726,7495,3570,6035,69.879
46.967383,7492,3569,6039,69.879
46.971854,7491,3567,6040,69.879
46.977447,7491,3565,6040,69.879
46.981944,7492,3563,6040,69.879
46.987694,7493,3563,6040,69.879
46.992099,7493,3563,6041,69.879
46.996571,7494,3564,6042,69.879
47.002206,7494,3565,6042,69.879
47.006420,7493,3564,6041,69.879
47.012323,7492,3564,6040,69.879
47.016803,7493,3564,6035,69.879
47.022486,7494,3567,6034,69.879
47.026716,7495,3568,6031,69.879
47.031410,7496,3569,6028,69.879
47.037048,7498,3569,6026,69.879
47.041218,7500,3570,6023,69.879
47.047106,7502,3570,6021,69.879
47.051618,7504,3571,6023,69.879
47.057158,7504,3572,6026,69.879
47.061647,7506,3574,6031,69.879
47.067445,7507,3575,6038,69.879
47.071901,7506,3576,6038,69.884
47.076202,7505,3577,6040,69.884
47.082048,7503,3577,6039,69.884
47.086439,7502,3575,6040,69.884
47.092072,7500,3574,6041,69.884
47.096524,7497,3573,6039,69.884
47.102304,7494,3572,6041,69.884
47.106619,7492,3572,6042,69.884
47.111078,7490,3571,6043,69.884
47.117006,7490,3570,6043,69.884
47.121257,7491,3568,6044,69.884
47.126865,7492,3568,6045,69.884
47.131387,7492,3569,6043,69.884
47.137111,7491,3568,6041,69.884
47.141486,7490,3568,6039,69.884
47.147231,7490,3566,6039,69.884
47.151611,7487,3565,6039,69.884
47.156058,7486,3565,6041,69.884
47.161780,7486,3567,6044,69.884
47.166155,7485,3569,6044,69.884
47.171895,7486,3570,6044,69.884
47.176366,7485,3573,6043,69.884
47.181951,7485,3574,6040,69.884
47.186490,7485,3575,6039,69.884
47.190844,7485,3577,6033,69.884
47.196588,7486,3578,6032,69.884
47.200986,7485,3577,6029,69.884
47.206712,7485,3576,6029,69.884
47.211111,7486,3575,6033,69.884
47.216918,7487,3573,6035,69.884
47.221296,7490,3572,6035,69.884
47.227002,7493,3572,6034,69.884
47.231464,7496,3572,6031,69.884
47.235820,7496,3574,6025,69.884
47.241550,7497,3577,6021,69.890
47.245899,7497,3580,6020,69.890
47.251667,7496,3584,6020,69.890
47.256096,7496,3585,6020,69.890
47.261849,7496,3586,6019,69.890
47.266268,7496,3585,6018,69.890
47.270642,7495,3583,6016,69.890
47.276376,7496,3582,6015,69.890
47.280797,7495,3582,6016,69.890
47.286410,7495,3581,6017,69.890
47.290852,7495,3581,6022,69.890
47.296618,7491,3582,6025,69.890
47.301063,7490,3583,6027,69.890
47.306780,7489,3583,6027,69.890
47.311214,7489,3585,6027,69.890
47.315622,7492,3585,6028,69.890
47.321404,7494,3582,6029,69.890
47.325711,7496,3580,6030,69.890
47.331461,7497,3579,6031,69.890
47.335898,7496,3577,6031,69.890
47.341520,7496,3577,6031,69.890
47.346025,7494,3579,6032,69.890
47.350415,7491,3579,6034,69.890
47.356143,7490,3580,6037,69.890
47.360541,7487,3579,6040,69.890
47.366292,7485,3578,6042,69.890
47.370643,7487,3577,6045,69.890
47.376389,7490,3576,6044,69.890
47.380812,7493,3575,6040,69.890
47.386543,7497,3576,6037,69.890
47.390952,7499,3576,6032,69.890
47.395420,7500,3576,6031,69.890
47.401075,7501,3576,6029,69.890
47.405565,7502,3575,6028,69.890
47.411237,7502,3575,6027,69.890
47.415710,7501,3575,6026,69.890
47.421368,7500,3574,6025,69.890
47.425816,7501,3574,6024,69.890
47.430161,7500,3573,6023,69.895
47.435960,7502,3573,6024,69.895
47.440320,7501,3575,6024,69.895
47.445888,7500,3573,6024,69.895
47.450377,7499,3572,6021,69.895
47.456218,7497,3572,6020,69.895
47.460529,7495,3571,6019,69.895
47.466252,7494,3573,6019,69.895
47.470715,7495,3574,6021,69.895
47.475069,7495,3573,6021,69.895
47.480837,7495,3573,6020,69.895
47.485236,7497,3571,6020,69.895
47.490918,7497,3570,6021,69.895
47.495426,7497,3571,6021,69.895
47.501052,7497,3570,6023,69.895
47.505567,7497,3570,6025,69.895
47.509914,7496,3569,6025,69.895
47.515663,7495,3566,6025,69.895
47.520093,7495,3564,6023,69.895
47.525780,7493,3562,6023,69.895
47.530182,7491,3561,6025,69.895
47.535915,7488,3561,6026,69.895
47.540345,7486,3560,6028,69.895
47.546080,7485,3559,6032,69.895
47.550482,7484,3559,6034,69.895
47.554875,7483,3558,6037,69.895
47.560569,7482,3558,6040,69.895
47.564996,7481,3557,6044,69.895
47.570692,7481,3557,6048,69.895
47.575193,7481,3557,6047,69.895
47.580828,7481,3559,6046,69.895
47.585360,7482,3562,6043,69.895
47.589707,7483,3565,6040,69.895
47.595403,7485,3568,6035,69.895
47.599872,7487,3571,6030,69.895
47.605512,7487,3573,6026,69.895
47.610015,7486,3576,6023,69.895
47.615693,7483,3578,6022,69.895
47.620178,7481,3579,6020,69.895
47.625810,7479,3580,6023,69.895
47.630275,7479,3577,6027,69.895
47.634668,7479,3576,6031,69.895
47.640416,7479,3575,6034,69.895
47.644875,7479,3576,6036,69.895
47.650464,7477,3578,6035,69.901
47.654901,7476,3581,6033,69.901
47.660616,7476,3582,6030,69.901
47.665082,7477,3581,6027,69.901
47.669467,7479,3578,6022,69.901
47.675181,7483,3576,6019,69.901
47.679581,7485,3574,6021,69.901
47.685301,7487,3573,6020,69.901
47.689747,7487,3572,6018,69.901
47.695438,7488,3572,6013,69.901
47.699889,7489,3572,6009,69.901
47.705578,7487,3574,6007,69.901
47.710015,7487,3573,6005,69.901
47.714445,7487,3573,6004,69.901
47.720190,7487,3572,6003,69.901
47.724584,7488,3571,6000,69.901
47.730221,7491,3571,5999,69.901
47.734703,7491,3571,6000,69.901
47.740438,7492,3572,6002,69.901
47.744841,7493,3573,6005,69.901
47.749285,7493,3573,6007,69.901
47.754968,7492,3574,6008,69.901
47.759379,7491,3575,6010,69.901
47.765106,7490,3575,6013,69.901
47.769545,7488,3576,6017,69.901
47.775194,7486,3577,6021,69.901
47.779654,7486,3577,6024,69.901
47.785359,7487,3575,6026,69.901
47.789778,7488,3576,6027,69.901
47.794233,7489,3576,6028,69.901
47.799942,7490,3576,6027,69.901
47.804461,7491,3577,6028,69.901
47.810052,7491,3578,6028,69.901
47.814518,7492,3577,6030,69.901
47.820257,7490,3576,6031,69.901
47.824586,7490,3574,6033,69.901
47.829096,7490,3573,6035,69.901
47.834843,7490,3572,6036,69.901
47.839235,7491,3570,6038,69.901
47.845031,7493,3569,6038,69.901
47.849372,7494,3569,6039,69.901
47.855025,7495,3569,6039,69.901
47.859486,7495,3570,6039,69.901
47.865215,7495,3572,6040,69.901
47.869640,7496,3574,6042,69.901
47.874023,7496,3577,6043,69.901
47.879767,7496,3579,6045,69.901
47.884163,7495,3581,6045,69.901
47.889849,7496,3582,6043,69.901
47.894370,7498,3581,6042,69.901
47.900023,7500,3579,6041,69.901
47.904457,7502,3576,6041,69.906
47.908777,7502,3574,6043,69.906
47.914577,7501,3572,6042,69.906
47.919009,7500,3571,6040,69.906
47.924635,7499,3569,6040,69.906
47.929130,7499,3567,6042,69.906
47.934785,7500,3564,6046,69.906
47.939241,7501,3562,6050,69.906
47.944974,7501,3561,6047,69.906
47.949358,7500,3561,6042,69.906
47.953744,7501,3560,6034,69.906
47.959522,7500,3561,6028,69.906
47.963876,7499,3561,6026,69.906
47.969614,7499,3562,6027,69.906
47.974059,7496,3561,6028,69.906
47.979464,7494,3559,6028,69.906
47.983921,7491,3559,6028,69.906
47.988319,7488,3562,6030,69.906
47.994085,7485,3563,6033,69.906
47.998502,7483,3566,6033,69.906
48.004186,7482,3568,6031,69.906
48.008697,7482,3568,6031,69.906
48.014328,7483,3569,6035,69.906
48.018705,7484,3569,6041,69.906
48.024607,7485,3570,6047,69.906
48.029158,7485,3571,6053,69.906
48.033574,7485,3571,6057,69.906
48.039281,7484,3572,6058,69.906
48.043429,7483,3571,6059,69.906
48.049253,7483,3570,6056,69.906
48.053762,7482,3568,6054,69.906
48.059522,7482,3566,6052,69.906
48.063954,7483,3563,6049,69.906
48.068398,7483,3562,6047,69.906
48.074127,7485,3562,6047,69.906
48.078498,7486,3563,6045,69.906
48.084179,7487,3565,6045,69.906
48.088590,7489,3567,6043,69.906
48.094357,7490,3569,6042,69.906
48.098769,7491,3571,6043,69.906
48.104509,7494,3574,6045,69.906
48.108964,7497,3575,6046,69.906
48.113418,7500,3574,6046,69.906
48.119089,7503,3574,6042,69.906
48.123451,7505,3574,6038,69.906
48.129193,7506,3573,6033,69.906
48.133600,7506,3573,6029,69.906
48.139316,7505,3574,6026,69.906
48.143641,7504,3574,6022,69.906
48.147839,7504,3574,6019,69.906
48.153555,7506,3577,6020,69.906
48.158313,7508,3578,6021,69.906
48.163916,7509,3580,6024,69.906
48.168438,7510,3582,6024,69.906
48.174077,7511,3581,6023,69.906
48.178493,7511,3579,6023,69.906
48.184191,7509,3578,6022,69.906
48.188703,7508,3576,6019,69.906
48.193142,7505,3574,6018,69.906
48.198833,7505,3573,6019,69.911
48.203294,7507,3570,6023,69.911
48.208931,7508,3566,6031,69.911
48.213368,7508,3562,6039,69.911
48.219097,7510,3560,6047,69.911
48.223535,7509,3558,6050,69.911
48.227875,7508,3559,6050,69.911
48.233668,7507,3561,6050,69.911
48.238128,7507,3562,6051,69.911
48.243730,7508,3562,6051,69.911
48.248158,7510,3561,6051,69.911
48.253840,7511,3560,6050,69.911
48.258552,7509,3558,6049,69.911
48.264132,7507,3557,6047,69.911
48.268487,7505,3559,6044,69.911
48.272866,7504,3561,6043,69.911
48.278323,7502,3560,6043,69.911
48.283057,7502,3560,6040,69.911
48.288653,7500,3561,6039,69.911
48.293048,7498,3561,6039,69.911
48.298875,7498,3564,6037,69.911
48.303329,7498,3565,6033,69.911
48.307447,7497,3565,6028,69.911
48.313457,7497,3566,6023,69.911
48.317862,7497,3567,6018,69.911
48.323496,7498,3567,6018,69.911
48.328003,7498,3568,6021,69.911
48.333682,7498,3568,6026,69.911
48.338147,7499,3568,6032,69.911
48.343728,7499,3569,6036,69.911
48.348236,7501,3569,6039,69.911
48.352459,7504,3569,6038,69.911
48.358091,7506,3569,6035,69.911
48.362504,7507,3569,6029,69.911
48.368277,7507,3570,6027,69.911
48.372637,7506,3570,6026,69.911
48.378547,7505,3570,6029,69.911
48.383053,7504,3570,6030,69.911
48.387465,7503,3571,6028,69.911
48.392914,7501,3572,6028,69.911
48.397604,7498,3577,6026,69.911
48.403368,7494,3580,6026,69.911
48.407719,7492,3581,6027,69.911
48.413397,7490,3581,6028,69.911
48.417908,7489,3579,6030,69.911
48.423589,7489,3578,6031,69.911
48.428005,7489,3578,6032,69.911
48.432438,7490,3578,6034,69.911
48.438212,7491,3577,6036,69.911
48.442519,7494,3575,6040,69.911
48.448197,7496,3572,6045,69.911
48.452730,7496,3571,6048,69.911
48.458474,7496,3570,6049,69.911
48.462793,7497,3569,6049,69.911
48.467259,7496,3570,6048,69.911
48.472969,7496,3568,6048,69.911
48.477414,7496,3566,6049,69.911
48.483103,7497,3567,6049,69.911
48.487562,7498,3567,6048,69.911
48.493230,7498,3568,6046,69.911
48.497661,7498,3569,6044,69.911
48.503366,7497,3570,6037,69.911
48.507803,7496,3571,6036,69.911
48.512210,7493,3569,6036,69.911
48.517969,7493,3570,6035,69.911
48.522417,7493,3571,6034,69.911
48.528067,7492,3572,6032,69.911
48.532440,7491,3571,6029,69.911
48.538187,7492,3569,6026,69.911
48.542606,7492,3568,6025,69.911
48.547041,7494,3566,6025,69.911
48.552767,7494,3564,6023,69.911
48.557161,7492,3564,6025,69.911
48.562860,7490,3562,6026,69.917
48.567383,7489,3561,6026,69.917
48.573019,7490,3562,6027,69.917
48.577372,7492,3565,6025,69.917
48.583153,7495,3567,6021,69.917
48.587592,7495,3570,6019,69.917
48.592036,7494,3572,6018,69.917
48.597724,7493,3573,6017,69.917
48.602218,7492,3575,6015,69.917
48.607825,7492,3576,6013,69.917
48.612307,7492,3578,6010,69.917
48.617985,7491,3577,6007,69.917
48.622406,7491,3577,6007,69.917
48.626846,7490,3576,6008,69.917
48.632593,7489,3575,6011,69.917
48.636943,7488,3573,6013,69.917
48.642603,7487,3572,6013,69.917
48.647085,7487,3571,6014,69.917
48.652764,7485,3570,6017,69.917
48.657182,7486,3570,6020,69.917
48.662897,7487,3570,6022,69.917
48.667353,7487,3570,6023,69.917
48.671643,7488,3570,6023,69.917
48.677514,7490,3570,6021,69.917
48.681873,7491,3570,6019,69.917
48.687590,7492,3569,6020,69.917
48.691967,7493,3569,6022,69.917
48.697753,7492,3569,6026,69.917
48.702154,7489,3569,6031,69.917
48.706624,7488,3568,6036,69.917
48.712393,7485,3568,6039,69.917
48.716723,7483,3568,6042,69.917
48.722410,7481,3569,6042,69.917
48.726903,7480,3570,6040,69.917
48.732535,7477,3573,6037,69.917
48.737040,7476,3575,6037,69.917
48.742734,7476,3577,6037,69.917
48.747127,7477,3577,6042,69.917
48.751532,7480,3578,6047,69.917
48.757294,7484,3579,6049,69.917
48.761667,7489,3579,6048,69.917
48.767305,7491,3578,6045,69.917
48.771836,7494,3578,6039,69.917
48.777512,7495,3578,6033,69.917
48.781942,7493,3578,6030,69.917
48.786390,7492,3580,6030,69.917
48.792075,7490,3581,6028,69.917
48.796512,7487,3584,6028,69.917
48.802176,7487,3585,6026,69.917
48.806739,7487,3587,6023,69.917
48.812332,7486,3587,6028,69.917
48.816789,7485,3585,6032,69.917
48.822490,7484,3583,6037,69.917
48.826965,7482,3581,6042,69.917
48.831305,7483,3580,6046,69.917
48.837097,7484,3579,6050,69.917
48.841465,7486,3579,6053,69.917
48.847128,7487,3579,6056,69.917
48.851605,7488,3578,6057,69.917
48.857309,7487,3579,6055,69.917
48.861720,7488,3580,6053,69.917
48.866143,7489,3580,6048,69.917
48.871794,7491,3580,6042,69.917
48.876185,7493,3580,6040,69.917
48.881981,7493,3578,6040,69.917
48.886386,7494,3577,6040,69.917
48.892080,7495,3574,6042,69.917
48.896592,7495,3573,6042,69.917
48.902368,7496,3571,6043,69.917
48.906698,7497,3569,6043,69.917
48.911190,7497,3568,6041,69.917
48.916783,7497,3568,6040,69.917
48.921194,7497,3567,6039,69.917
48.926947,7497,3565,6037,69.917
48.931329,7495,3565,6039,69.917
48.937049,7494,3566,6039,69.917
48.941535,7493,3567,6039,69.917
48.945902,7491,3569,6033,69.917
48.951636,7490,3570,6031,69.917
48.955982,7490,3570,6028,69.917
48.961764,7491,3570,6025,69.917
48.966177,7493,3570,6024,69.917
48.971880,7494,3570,6021,69.917
48.976278,7497,3571,6018,69.917
48.982001,7498,3572,6018,69.917
48.986437,7499,3574,6017,69.917
48.990874,7500,3576,6019,69.917
48.996566,7500,3576,6023,69.917
49.000998,7499,3576,6023,69.917
49.006334,7498,3575,6024,69.922
49.010916,7497,3574,6022,69.922
49.016847,7496,3572,6017,69.922
49.021379,7494,3572,6016,69.922
49.025403,7494,3574,6017,69.922
49.031407,7494,3574,6023,69.922
49.035579,7494,3575,6031,69.922
49.041292,7495,3575,6038,69.922
49.045958,7496,3576,6044,69.922
49.051642,7496,3575,6043,69.922
49.056098,7496,3576,6041,69.922
49.061753,7495,3575,6040,69.922
49.066232,7494,3574,6039,69.922
49.070645,7495,3573,6038,69.922
49.076357,7495,3571,6036,69.922
49.080779,7495,3569,6035,69.922
49.086461,7496,3567,6035,69.922
49.090940,7497,3566,6037,69.922
49.096614,7498,3566,6038,69.922
49.101068,7498,3565,6040,69.922
49.105500,7498,3566,6041,69.922
49.111178,7496,3569,6044,69.922
49.115612,7495,3572,6047,69.917
49.121344,7495,3575,6049,69.917
49.125732,7493,3578,6047,69.917
49.131425,7492,3579,6043,69.917
49.135864,7491,3578,6035,69.922
49.141564,7490,3576,6030,69.922
49.145992,7490,3575,6026,69.922
49.150408,7491,3575,6023,69.922
49.156128,7492,3575,6022,69.922
49.160566,7495,3574,6023,69.917
49.166210,7498,3574,6024,69.917
49.170686,7500,3573,6025,69.922
49.176370,7500,3572,6027,69.922
49.180519,7500,3573,6027,69.922
49.185220,7500,3574,6027,69.922
49.190838,7501,3575,6027,69.917
49.195522,7501,3575,6030,69.917
49.201022,7500,3574,6033,69.917
49.205508,7498,3571,6035,69.917
49.211251,7496,3569,6035,69.922
49.215638,7492,3567,6034,69.922
49.221330,7491,3567,6034,69.922
49.225759,7489,3568,6033,69.922
49.230180,7489,3569,6032,69.922
49.235901,7490,3572,6032,69.917
49.240287,7490,3573,6030,69.917
49.246002,7488,3574,6027,69.917
49.250448,7487,3575,6028,69.917
49.256130,7484,3575,6026,69.917
49.260591,7482,3575,6029,69.917
49.264976,7479,3575,6032,69.917
49.270707,7477,3577,6036,69.917
49.275103,7477,3578,6038,69.917
49.280796,7478,3578,6039,69.917
49.285239,7480,3579,6038,69.917
49.290952,7481,3578,6037,69.917
49.295406,7483,3578,6036,69.917
49.301110,7484,3579,6035,69.917
49.305566,7485,3579,6037,69.917
49.310009,7488,3579,6038,69.917
49.315726,7489,3578,6040,69.917
49.320113,7490,3576,6043,69.917
49.325770,7490,3574,6044,69.917
49.330161,7490,3575,6045,69.917
49.335952,7492,3575,6045,69.917
49.340375,7494,3576,6043,69.917
49.344727,7494,3578,6042,69.917
49.350496,7494,3579,6041,69.917
49.354902,7494,3581,6037,69.917
49.360487,7493,3582,6033,69.917
49.365010,7490,3581,6029,69.917
49.370719,7489,3580,6026,69.917
49.375156,7490,3578,6025,69.917
49.380846,7492,3575,6026,69.917
49.385270,7492,3573,6029,69.917
49.389670,7492,3571,6032,69.917
49.395414,7491,3569,6035,69.917
49.399857,7490,3567,6034,69.917
49.405509,7489,3567,6031,69.917
49.410021,7487,3568,6027,69.917
49.415723,7488,3568,6022,69.917
49.420116,7485,3568,6020,69.917
49.424516,7484,3568,6019,69.922
49.430263,7483,3567,6023,69.917
49.434589,7482,3566,6028,69.917
49.440139,7482,3565,6029,69.917
49.444849,7481,3565,6029,69.917
49.450531,7481,3564,6027,69.917
49.454571,7482,3565,6027,69.917
49.460366,7482,3568,6028,69.917
49.464755,7482,3570,6028,69.917
49.469191,7482,3571,6028,69.922
49.474850,7482,3570,6028,69.917
49.479325,7481,3571,6029,69.917
49.485030,7482,3571,6033,69.917
49.489370,7484,3573,6037,69.917
49.495133,7485,3572,6041,69.917
49.499553,7486,3571,6044,69.917
49.504011,7488,3569,6046,69.917
49.510007,7489,3566,6048,69.917
49.514488,7490,3565,6051,69.917
49.520109,7492,3564,6054,69.917
49.524554,7492,3565,6057,69.917
49.530231,7494,3566,6059,69.917
49.534689,7494,3567,6059,69.917
49.540444,7494,3568,6060,69.917
49.544729,7493,3570,6056,69.917
49.549239,7492,3570,6053,69.917
49.554944,7490,3570,6048,69.917
49.559279,7489,3570,6043,69.917
49.565074,7486,3568,6037,69.917
49.569455,7484,3567,6030,69.917
49.575204,7482,3569,6025,69.917
49.579616,7483,3569,6023,69.917
49.583744,7484,3571,6023,69.917
49.589769,7486,3571,6023,69.917
49.594201,7487,3571,6023,69.917
49.599849,7487,3572,6027,69.917
49.604339,7486,3572,6031,69.917
49.610088,7486,3572,6036,69.917
49.614491,7487,3573,6040,69.917
49.620186,7489,3574,6040,69.917
49.624616,7491,3576,6038,69.917
49.628890,7493,3578,6036,69.917
49.634749,7495,3579,6031,69.917
49.639131,7497,3582,6026,69.917
49.644761,7497,3583,6018,69.917
49.649273,7497,3584,6013,69.917
49.654836,7498,3584,6009,69.917
49.659343,7499,3584,6008,69.917
49.663800,7501,3582,6009,69.917
49.669494,7501,3580,6013,69.917
49.673871,7500,3579,6016,69.917
49.679641,7497,3577,6018,69.917
49.684076,7496,3575,6021,69.917
49.689743,7494,3573,6022,69.917
49.694209,7493,3571,6024,69.917
49.699843,7493,3571,6026,69.917
49.704305,7494,3570,6029,69.917
49.708725,7495,3572,6030,69.922
49.714519,7497,3573,6033,69.922
49.718914,7497,3573,6034,69.922
49.724543,7497,3572,6035,69.922
49.728951,7498,3570,6033,69.922
49.734740,7496,3568,6028,69.922
49.739151,7496,3566,6024,69.922
49.743535,7496,3565,6022,69.922
49.749304,7494,3567,6018,69.922
49.753720,7492,3568,6018,69.922
49.759435,7489,3569,6019,69.922
49.763895,7486,3568,6019,69.922
49.769488,7484,3566,6020,69.922
49.773891,7482,3565,6022,69.922
49.779695,7482,3563,6021,69.922
49.784075,7483,3563,6020,69.922
49.788521,7484,3564,6019,69.922
49.794178,7486,3566,6014,69.922
49.798563,7487,3568,6007,69.922
49.804334,7490,3571,6003,69.922
49.808816,7492,3573,5999,69.922
49.814518,7495,3574,5998,69.922
49.818943,7498,3574,6000,69.922
49.823299,7500,3572,6005,69.922
49.829070,7502,3570,6010,69.922
49.833503,7501,3570,6013,69.922
49.839081,7500,3569,6017,69.922
49.843542,7499,3569,6021,69.922
49.849310,7497,3569,6024,69.922
49.853692,7496,3570,6025,69.922
49.859397,7495,3572,6025,69.922
49.863875,7494,3573,6023,69.922
49.868264,7494,3574,6019,69.922
49.873919,7493,3574,6018,69.922
49.878388,7492,3573,6016,69.922
49.884092,7492,3573,6015,69.922
49.888487,7491,3573,6014,69.922
49.894233,7489,3574,6014,69.922
49.898648,7490,3576,6011,69.922
49.903108,7489,3577,6008,69.922
49.908793,7489,3578,6005,69.922
49.912980,7489,3579,6002,69.922
49.918917,7487,3578,6002,69.922
49.923416,7485,3579,6004,69.922
49.929056,7483,3578,6007,69.922
49.933485,7484,3576,6008,69.922
49.939249,7484,3575,6011,69.922
49.943670,7485,3576,6013,69.922
49.948034,7487,3577,6013,69.922
49.953769,7486,3579,6016,69.922
49.958188,7486,3581,6021,69.922
49.963817,7486,3582,6021,69.922
49.968378,7485,3581,6021,69.922
49.974003,7483,3580,6022,69.922
49.978384,7482,3578,6023,69.922
49.982849,7480,3576,6026,69.922
49.988557,7479,3575,6030,69.922
49.992927,7479,3574,6031,69.922
49.998694,7477,3574,6031,69.922
50.003155,7476,3573,6030,69.922
50.008519,7476,3573,6028,69.922
50.013233,7476,3573,6028,69.922
50.018972,7477,3573,6027,69.922
50.023396,7478,3574,6026,69.922
50.027766,7480,3575,6024,69.922
50.033523,7481,3576,6022,69.922
50.037945,7483,3573,6021,69.922
50.043359,7485,3571,6022,69.922
50.048076,7485,3569,6026,69.922
50.053796,7485,3568,6028,69.922
50.058126,7486,3569,6031,69.922
50.062538,7486,3571,6035,69.922
50.068281,7486,3572,6039,69.922
50.072798,7485,3574,6045,69.922
50.078459,7483,3575,6050,69.922
50.082979,7483,3576,6054,69.922
50.088586,7482,3578,6054,69.922
50.093012,7483,3579,6052,69.922
50.098741,7486,3580,6053,69.922
50.103149,7488,3579,6051,69.922
50.107659,7491,3578,6048,69.922
50.113389,7492,3576,6047,69.922
50.117779,7492,3573,6042,69.922
50.123441,7493,3573,6038,69.922
50.127895,7492,3571,6036,69.922
50.133491,7493,3569,6034,69.922
50.137997,7493,3568,6033,69.922
50.142386,7494,3566,6031,69.922
50.148132,7492,3565,6030,69.922
50.152540,7490,3565,6030,69.922
50.158223,7489,3566,6031,69.922
50.162666,7486,3567,6034,69.922
50.168385,7485,3567,6035,69.922
50.172761,7485,3566,6035,69.922
50.178513,7484,3567,6035,69.922
50.182946,7485,3567,6035,69.922
50.187371,7486,3569,6035,69.922
50.193083,7487,3569,6035,69.922
50.197474,7487,3568,6036,69.922
50.203107,7486,3571,6037,69.922
50.207686,7483,3574,6037,69.922
50.213299,7481,3577,6037,69.922
50.217792,7481,3579,6038,69.922
50.222267,7482,3579,6040,69.922
50.227950,7483,3578,6043,69.922
50.232260,7482,3579,6043,69.922
50.237910,7482,3581,6042,69.922
50.242407,7483,3583,6039,69.922
50.248116,7485,3585,6035,69.922
50.252508,7487,3586,6028,69.922
50.258241,7490,3586,6024,69.922
50.262670,7494,3587,6022,69.922
50.267058,7496,3587,6020,69.922
50.272911,7499,3588,6020,69.922
50.277235,7500,3588,6021,69.922
50.282925,7499,3588,6021,69.922
50.287370,7498,3588,6022,69.922
50.293019,7496,3589,6026,69.922
50.297459,7497,3590,6029,69.922
50.301877,7496,3589,6033,69.922
50.307650,7496,3586,6034,69.922
50.312053,7495,3584,6032,69.922
50.317534,7494,3579,6031,69.922
50.322164,7493,3576,6029,69.922
50.327824,7493,3575,6028,69.922
50.332300,7493,3573,6029,69.922
50.338024,7495,3572,6027,69.922
50.342457,7497,3572,6024,69.922
50.346851,7498,3570,6023,69.922
50.352603,7499,3568,6021,69.922
50.356975,7500,3566,6020,69.922
50.362661,7501,3565,6019,69.922
50.367119,7501,3565,6019,69.922
50.372801,7502,3566,6020,69.922
50.377234,7503,3568,6020,69.922
50.381642,7505,3570,6021,69.922
50.387378,7507,3572,6021,69.922
50.391768,7509,3574,6020,69.922
50.397459,7509,3576,6018,69.922
50.401933,7508,3578,6020,69.922
50.407591,7505,3577,6020,69.922
50.412050,7502,3576,6022,69.922
50.417744,7498,3577,6024,69.922
50.422271,7495,3578,6023,69.922
50.426613,7493,3579,6026,69.922
50.432389,7490,3580,6027,69.922
50.436712,7488,3580,6026,69.922
50.442437,7490,3579,6025,69.922
50.446866,7491,3578,6022,69.922
50.452600,7492,3578,6020,69.922
50.456990,7492,3578,6021,69.922
50.461377,7490,3577,6023,69.922
50.467153,7489,3577,6026,69.922
50.471533,7488,3576,6025,69.922
50.477239,7486,3576,6025,69.922
50.481695,7485,3576,6024,69.922
50.487387,7485,3576,6024,69.922
50.491820,7485,3576,6025,69.922
50.497532,7483,3576,6023,69.922
50.501927,7482,3576,6018,69.922
50.506418,7480,3578,6012,69.922
50.512106,7480,3578,6007,69.922
50.516458,7480,3578,6004,69.922
50.522236,7482,3577,6010,69.922
50.526728,7483,3575,6019,69.922
50.532381,7483,3574,6028,69.922
50.536576,7483,3573,6035,69.922
50.540885,7483,3573,6037,69.922
50.546940,7481,3573,6036,69.922
50.551387,7480,3574,6032,69.922
50.557114,7481,3575,6028,69.922
50.561478,7482,3573,6026,69.922
50.567120,7483,3572,6023,69.922
50.571605,7486,3572,6020,69.922
50.577335,7489,3574,6015,69.922
50.581849,7490,3575,6011,69.922
50.586118,7492,3577,6008,69.922
50.591846,7492,3581,6005,69.922
50.596383,7490,3583,6004,69.922
50.602000,7488,3585,6003,69.922
50.606480,7488,3587,6002,69.922
50.612067,7487,3588,6001,69.922
50.616607,7487,3589,5999,69.922
50.620961,7486,3589,5998,69.922
50.626748,7486,3590,6000,69.922
50.631138,7485,3591,6006,69.922
50.636822,7483,3592,6010,69.928
50.641318,7482,3592,6012,69.928
50.647008,7480,3591,6017,69.928
50.651407,7479,3590,6019,69.928
50.657083,7480,3588,6020,69.928
50.661482,7482,3585,6022,69.928
50.665952,7486,3585,6023,69.928
50.671691,7488,3585,6024,69.928
50.676028,7489,3585,6024,69.928
50.681769,7490,3585,6025,69.928
50.686219,7490,3585,6029,69.928
50.691903,7489,3584,6032,69.928
50.696355,7488,3585,6034,69.928
50.700779,7488,3586,6038,69.928
50.706439,7488,3587,6038,69.928
50.710904,7487,3588,6037,69.928
50.716676,7486,3589,6036,69.928
50.721083,7486,3587,6033,69.928
50.726730,7486,3585,6032,69.928
50.731163,7488,3583,6034,69.928
50.736897,7488,3582,6036,69.928
50.741288,7488,3580,6040,69.928
50.745745,7488,3579,6043,69.928
50.751228,7490,3579,6042,69.928
50.755851,7493,3576,6041,69.928
50.761463,7495,3574,6037,69.928
50.765954,7499,3573,6037,69.928
50.771784,7500,3572,6038,69.928
50.776066,7500,3572,6039,69.928
50.780517,7501,3573,6042,69.928
50.786258,7500,3574,6043,69.928
50.790664,7500,3575,6043,69.928
50.796357,7502,3576,6042,69.928
50.800799,7501,3577,6044,69.928
50.806451,7500,3578,6044,69.928
50.810908,7500,3578,6042,69.928
50.816613,7499,3577,6040,69.928
50.821123,7498,3575,6038,69.928
50.825452,7499,3574,6032,69.928
50.831240,7499,3572,6028,69.928
50.835620,7498,3571,6026,69.928
50.841318,7496,3570,6026,69.928
50.845706,7494,3569,6029,69.928
50.851418,7491,3569,6033,69.928
50.855901,7490,3568,6036,69.928
50.860258,7489,3569,6042,69.928
50.865988,7491,3570,6046,69.928
50.870389,7492,3573,6051,69.928
50.876110,7493,3576,6056,69.928
50.880563,7495,3579,6059,69.928
50.886233,7495,3582,6060,69.928
50.890639,7496,3582,6062,69.928
50.896389,7495,3582,6061,69.928
50.900805,7496,3581,6060,69.928
50.905179,7497,3579,6058,69.928
50.910950,7498,3579,6056,69.928
50.915427,7499,3580,6053,69.928
50.921055,7500,3580,6050,69.928
50.925478,7501,3581,6047,69.928
50.931153,7501,3582,6042,69.928
50.935619,7501,3583,6038,69.928
50.940027,7501,3583,6035,69.928
50.945679,7500,3585,6032,69.928
50.950109,7500,3586,6030,69.928
50.955874,7499,3587,6027,69.928
50.960311,7499,3588,6024,69.928
50.965995,7499,3588,6023,69.928
50.970369,7499,3587,6022,69.928
50.976095,7500,3586,6023,69.928
50.980512,7500,3584,6024,69.928
50.984946,7501,3583,6024,69.928
50.990708,7502,3582,6024,69.928
50.995076,7502,3579,6026,69.928
51.000502,7503,3579,6024,69.928
51.005043,7502,3578,6027,69.928
51.010675,7502,3576,6031,69.928
51.015089,7502,3575,6033,69.928
51.019512,7503,3573,6038,69.928
51.025231,7502,3572,6039,69.928
51.029691,7501,3571,6039,69.928
51.035355,7500,3572,6036,69.928
51.039703,7499,3571,6031,69.928
51.045369,7498,3570,6029,69.928
51.049959,7498,3570,6028,69.928
51.055864,7497,3571,6031,69.928
51.060340,7495,3572,6034,69.928
51.064719,7494,3574,6036,69.928
51.070361,7494,3575,6036,69.928
51.074871,7494,3576,6034,69.928
51.080567,7495,3578,6032,69.928
51.084917,7497,3578,6032,69.928
51.090722,7498,3579,6033,69.928
51.095154,7499,3578,6035,69.928
51.099603,7499,3579,6036,69.928
51.105256,7498,3580,6037,69.928
51.109706,7495,3581,6038,69.928
51.115343,7494,3582,6040,69.928
51.119837,7493,3581,6041,69.928
51.125468,7492,3580,6044,69.928
51.129923,7491,3580,6044,69.928
51.135615,7490,3580,6042,69.928
51.140077,7490,3580,6040,69.928
51.144512,7490,3580,6038,69.928
51.150244,7490,3580,6039,69.928
51.154643,7489,3580,6043,69.928
51.160373,7488,3579,6044,69.928
51.164767,7487,3578,6045,69.928
51.170488,7485,3577,6043,69.928
51.174839,7481,3577,6038,69.928
51.179233,7480,3577,6037,69.928
51.185027,7478,3578,6036,69.928
51.189442,7477,3577,6037,69.928
51.195149,7478,3577,6039,69.928
51.199594,7478,3576,6042,69.928
51.205316,7479,3574,6042,69.928
51.209724,7480,3572,6043,69.928
51.215409,7482,3572,6043,69.928
51.219886,7484,3571,6043,69.928
51.224301,7486,3570,6043,69.928
51.229974,7489,3570,6041,69.928
51.234447,7490,3570,6040,69.928
51.240145,7490,3569,6044,69.928
51.244572,7489,3569,6048,69.928
51.250246,7489,3569,6050,69.928
51.254654,7488,3570,6051,69.928
51.259103,7489,3573,6050,69.928
51.264866,7491,3575,6045,69.928
51.269250,7493,3578,6043,69.933
51.274925,7493,3579,6044,69.933
51.279414,7493,3579,6043,69.933
51.285078,7492,3578,6039,69.933
51.289511,7490,3578,6033,69.928
51.295227,7488,3579,6025,69.928
51.299640,7488,3581,6019,69.928
51.304073,7489,3583,6013,69.928
51.309782,7489,3585,6010,69.933
51.314242,7489,3585,6012,69.933
51.319868,7489,3584,6012,69.928
51.324405,7490,3582,6013,69.928
51.330056,7491,3580,6015,69.928
51.334483,7493,3579,6014,69.928
51.338885,7494,3578,6018,69.933
51.344611,7495,3577,6020,69.933
51.349044,7494,3577,6021,69.928
51.354734,7492,3577,6022,69.928
51.359153,7491,3576,6021,69.928
51.364877,7492,3575,6019,69.922
51.369252,7494,3574,6019,69.928
51.374988,7494,3572,6022,69.922
51.379411,7495,3571,6024,69.917
51.383816,7494,3572,6031,69.922
51.389533,7495,3574,6035,69.917
51.393952,7496,3574,6039,69.917
51.399634,7498,3575,6043,69.917
51.404118,7500,3574,6044,69.917
51.409793,7501,3575,6044,69.917
51.414256,7501,3576,6042,69.922
51.418667,7500,3577,6037,69.922
51.424386,7497,3579,6032,69.922
51.428766,7494,3581,6027,69.922
51.434456,7492,3580,6025,69.922
51.438939,7491,3580,6023,69.928
51.444680,7491,3581,6027,69.928
51.449010,7490,3581,6030,69.933
51.454770,7490,3583,6032,69.939
51.459179,7490,3585,6034,69.944
51.463562,7491,3585,6036,69.977
51.469359,7490,3585,6032,70.043
51.473723,7490,3585,6033,69.966
51.479379,7490,3585,6032,69.862
51.483834,7491,3587,6032,69.818
51.489540,7491,3590,6032,69.922
51.493967,7492,3592,6032,69.999
51.498386,7490,3596,6029,70.181
51.503908,7487,3600,6029,70.428
51.508503,7484,3603,6028,70.659
51.514188,7482,3604,6029,70.889
51.518692,7482,3603,6029,71.098
51.524440,7482,3600,6028,71.323
51.528790,7481,3594,6026,71.526
51.534515,7481,3586,6021,71.807
51.538900,7486,3577,6020,72.043
51.543301,7490,3566,6020,72.246
51.549064,7496,3554,6020,72.460
51.553490,7503,3542,6020,72.784
51.559150,7509,3529,6019,73.130
51.563600,7514,3516,6016,73.383
51.569340,7520,3504,6015,73.493
51.573739,7528,3492,6009,73.548
51.578051,7536,3483,6004,73.581
51.583653,7546,3473,5995,73.575
51.588270,7557,3464,5984,73.619
51.593946,7568,3455,5978,73.916
51.598412,7579,3444,5972,74.421
51.604107,7588,3435,5971,74.855
51.608516,7593,3424,5973,74.927
51.614308,7594,3413,5974,74.707
51.618688,7591,3403,5979,74.542
51.623117,7587,3392,5984,74.361
51.628852,7584,3384,5990,74.174
51.633251,7580,3379,5994,74.031
51.638921,7578,3375,5997,73.861
51.643363,7574,3373,5998,73.663
51.649059,7571,3374,5999,73.499
51.653486,7568,3376,6000,73.334
51.657880,7563,3380,6002,73.098
51.663634,7558,3386,6006,72.806
51.668029,7554,3392,6009,72.493
51.673720,7550,3399,6013,72.158
51.678252,7544,3407,6018,71.856
51.683857,7541,3416,6023,71.603
51.688274,7536,3425,6026,71.422
51.694004,7529,3434,6028,71.296
51.698439,7525,3443,6031,71.208
51.702851,7520,3452,6033,71.164
51.708612,7515,3459,6034,71.142
51.713045,7512,3468,6037,71.120
51.718670,7508,3475,6039,71.109
51.723157,7504,3484,6045,71.115
51.728855,7499,3494,6050,71.120
51.733222,7495,3504,6051,71.131
51.737655,7492,3513,6051,71.142
51.743329,7488,3522,6047,71.153
51.747808,7487,3529,6042,71.169
51.753476,7489,3535,6038,71.186
51.757926,7492,3537,6036,71.191
51.763645,7495,3538,6035,71.202
51.768067,7497,3538,6034,71.208
51.773772,7499,3538,6034,71.208
51.778201,7503,3539,6035,71.208
51.782621,7506,3541,6035,71.213
51.788356,7507,3545,6036,71.213
51.792747,7508,3548,6034,71.219
51.798436,7508,3549,6033,71.224
51.802863,7507,3549,6031,71.235
51.808573,7507,3549,6030,71.241
51.812987,7508,3548,6029,71.246
51.817473,7509,3546,6030,71.252
51.823202,7510,3545,6030,71.257
51.827589,7513,3544,6029,71.257
51.833255,7516,3543,6027,71.263
51.837741,7517,3544,6024,71.263
51.843424,7517,3546,6022,71.263
51.847817,7516,3546,6020,71.257
51.853550,7516,3545,6019,71.257
51.857912,7514,3544,6020,71.257
51.862390,7512,3540,6019,71.252
51.868093,7512,3536,6020,71.252
51.872484,7511,3535,6018,71.246
51.878187,7510,3537,6014,71.246
51.882592,7509,3539,6013,71.246
51.888306,7505,3540,6014,71.246
51.892742,7502,3541,6014,71.246
51.897153,7499,3539,6016,71.246
51.902903,7497,3536,6019,71.241
51.907310,7497,3535,6024,71.235
51.912874,7496,3533,6030,71.224
51.917456,7493,3532,6037,71.219
51.923129,7489,3532,6041,71.213
51.927554,7485,3531,6045,71.208
51.933309,7481,3531,6044,71.208
51.937709,7478,3530,6040,71.219
51.942131,7476,3530,6039,71.235
51.947886,7475,3530,6038,71.263
51.952281,7475,3528,6034,71.312
51.957943,7475,3525,6037,71.395
51.962404,7475,3523,6040,71.450
51.968087,7473,3519,6038,71.411
51.972480,7472,3515,6034,71.417
51.976903,7472,3509,6032,71.384
51.982642,7474,3504,6029,71.356
51.987059,7479,3496,6030,71.406
51.992734,7484,3487,6033,71.565
51.997185,7488,3476,6036,71.741
52.002869,7494,3464,6036,71.927
52.007108,7503,3451,6035,72.114
52.012895,7514,3438,6029,72.405
52.017434,7529,3423,6024,72.817
52.021837,7545,3407,6017,73.301
52.027347,7557,3389,6013,73.630
52.031996,7567,3367,6012,73.735
52.037671,7574,3346,6010,73.801
52.041886,7581,3325,6011,73.828
52.047823,7589,3305,6009,73.839
52.052261,7598,3287,6006,73.872
52.056674,7607,3271,6003,73.883
52.062408,7616,3256,5999,73.883
52.066827,7624,3245,5995,73.883
52.072485,7631,3235,5992,73.894
52.076950,7639,3227,5989,73.889
52.082643,7646,3220,5988,73.894
52.087073,7651,3215,5984,73.900
52.092799,7656,3210,5980,73.894
52.097206,7659,3204,5976,73.900
52.101618,7664,3198,5972,73.905
52.107356,7667,3192,5970,73.894
52.111733,7671,3186,5969,73.889
52.117435,7676,3181,5969,73.878
52.121896,7679,3177,5968,73.856
52.127559,7683,3173,5969,73.850
52.132037,7685,3170,5969,73.845
52.136397,7688,3167,5968,73.839
52.142187,7691,3164,5967,73.839
52.146589,7693,3161,5966,73.834
52.152308,7697,3158,5966,73.817
52.156707,7701,3152,5966,73.812
52.162433,7705,3146,5966,73.801
52.166838,7708,3139,5966,73.790
52.172528,7709,3134,5964,73.779
52.176948,7711,3130,5959,73.762
52.181481,7714,3127,5952,73.746
52.187100,7720,3123,5947,73.740
52.191512,7727,3119,5940,73.740
52.197242,7738,3113,5937,73.729
52.201630,7750,3107,5935,73.724
52.207360,7763,3100,5930,73.707
52.211744,7776,3095,5924,73.696
52.216181,7789,3089,5915,73.691
52.222019,7802,3081,5906,73.680
52.226316,7815,3073,5897,73.674
52.231999,7829,3064,5892,73.652
52.236476,7846,3055,5886,73.636
52.242170,7863,3046,5880,73.608
52.246582,7881,3036,5875,73.581
52.252343,7898,3025,5870,73.559
52.256752,7913,3014,5863,73.531
52.261105,7928,3002,5856,73.488
52.266868,7941,2991,5853,73.455
52.271262,7953,2980,5849,73.394
52.276977,7964,2966,5849,73.334
52.281472,7974,2954,5849,73.279
52.287097,7984,2942,5845,73.224
52.291509,7994,2929,5843,73.152
52.295924,8005,2918,5839,73.087
52.301661,8016,2909,5830,73.026
52.306064,8026,2899,5821,72.960
52.311721,8036,2888,5813,72.883
52.316212,8046,2877,5804,72.801
52.321904,8056,2863,5796,72.729
52.326403,8065,2849,5790,72.653
52.332057,8074,2835,5782,72.576
52.336486,8082,2821,5778,72.493
52.340892,8090,2806,5776,72.411
52.346637,8099,2792,5775,72.323
52.351053,8106,2776,5770,72.235
52.356694,8113,2760,5765,72.142
52.361165,8119,2744,5761,72.048
52.366869,8125,2729,5758,71.949
52.371309,8131,2714,5758,71.856
52.375656,8137,2699,5757,71.757
52.381437,8143,2686,5758,71.669
52.385820,8149,2674,5757,71.587
52.391542,8153,2663,5755,71.510
52.395977,8159,2655,5754,71.444
52.401642,8163,2646,5753,71.384
52.406079,8167,2640,5750,71.340
52.411788,8170,2634,5749,71.307
52.416229,8174,2629,5746,71.290
52.420645,8178,2625,5741,71.246
52.426338,8182,2620,5738,71.131
52.430813,8185,2616,5734,71.010
52.436494,8189,2616,5728,70.966
52.440949,8194,2617,5723,70.977
52.446626,8201,2621,5716,71.076
52.451065,8207,2627,5709,71.219
52.455469,8216,2632,5706,71.378
52.461205,8224,2637,5704,71.554
52.465598,8234,2642,5703,71.752
52.471261,8246,2646,5702,71.955
52.475753,8256,2650,5702,72.180
52.481394,8267,2654,5698,72.411
52.485825,8277,2657,5690,72.653
52.491565,8286,2660,5681,72.900
52.495982,8295,2661,5670,73.152
52.500380,8306,2662,5659,73.405
52.506134,8316,2663,5653,73.658
52.510542,8325,2663,5645,73.905
52.516224,8337,2664,5639,74.147
52.520656,8348,2665,5634,74.383
52.526377,8361,2665,5629,74.608
52.530781,8375,2665,5623,74.828
52.535247,8389,2662,5616,75.037
52.540952,8405,2656,5609,75.273
52.545289,8421,2650,5602,75.575
52.551026,8437,2644,5597,75.888
52.555513,8452,2637,5590,76.207
52.561138,8465,2631,5583,76.481
52.565588,8477,2622,5576,76.696
52.571325,8489,2611,5566,76.849
52.575783,8501,2599,5560,76.948
52.580158,8513,2583,5551,77.036
52.585888,8524,2568,5545,77.119
52.590292,8534,2554,5541,77.184
52.595976,8543,2540,5536,77.250
52.600423,8550,2526,5529,77.305
52.606126,8557,2511,5524,77.349
52.610530,8564,2495,5518,77.382
52.614972,8570,2480,5512,77.410
52.620691,8575,2464,5505,77.426
52.625134,8579,2447,5501,77.426
52.630750,8583,2429,5496,77.415
52.635261,8587,2412,5493,77.388
52.640954,8591,2394,5491,77.355
52.645341,8596,2375,5490,77.305
52.651071,8599,2355,5486,77.245
52.655527,8600,2333,5484,77.173
52.659947,8599,2314,5479,77.091
52.665529,8596,2295,5473,77.009
52.670053,8593,2277,5470,76.921
52.675762,8591,2262,5471,76.833
52.680167,8590,2248,5470,76.750
52.685860,8591,2237,5474,76.668
52.690357,8592,2228,5475,76.597
52.694722,8591,2221,5478,76.525
52.700459,8588,2215,5482,76.470
52.704877,8585,2212,5487,76.415
52.710533,8581,2211,5489,76.377
52.715053,8578,2213,5489,76.344
52.720688,8575,2217,5490,76.322
52.725144,8572,2219,5490,76.311
52.730843,8570,2223,5492,76.300
52.735292,8569,2225,5495,76.295
52.739703,8567,2228,5500,76.295
52.745443,8564,2231,5502,76.295
52.749855,8562,2234,5505,76.306
52.755490,8558,2239,5508,76.311
52.759983,8554,2246,5510,76.328
52.765678,8550,2254,5509,76.339
52.770115,8548,2261,5511,76.355
52.774487,8548,2268,5510,76.371
52.780272,8548,2274,5508,76.388
52.784614,8548,2279,5508,76.399
52.790307,8548,2285,5508,76.410
52.794773,8547,2295,5508,76.415
52.800459,8545,2307,5506,76.421
52.804894,8543,2316,5503,76.421
52.810592,8543,2327,5498,76.410
52.815028,8543,2337,5493,76.399
52.819446,8545,2347,5488,76.382
52.825164,8549,2355,5483,76.360
52.829616,8551,2364,5481,76.333
52.835278,8554,2373,5478,76.300
52.839734,8556,2381,5478,76.273
52.845361,8560,2391,5476,76.240
52.849868,8566,2403,5475,76.207
52.854289,8571,2414,5473,76.179
52.860014,8576,2425,5471,76.152
52.864415,8580,2433,5474,76.124
52.870088,8583,2442,5478,76.097
52.874544,8587,2450,5482,76.075
52.880245,8592,2459,5485,76.047
52.884682,8597,2470,5487,76.025
52.890381,8601,2482,5483,76.003
52.894778,8605,2493,5482,75.981
52.899203,8608,2503,5483,75.965
52.904732,8611,2511,5483,75.948
52.909373,8615,2518,5487,75.938
52.915052,8619,2526,5490,75.921
52.919471,8622,2534,5489,75.910
52.925155,8625,2543,5489,75.905
52.929613,8626,2553,5487,75.899
52.934037,8627,2561,5484,75.894
52.939748,8630,2571,5484,75.888
52.944177,8632,2581,5483,75.888
52.949879,8634,2591,5482,75.888
52.954341,8637,2602,5484,75.888
52.959999,8640,2613,5481,75.888
52.964430,8643,2624,5477,75.877
52.970157,8645,2634,5474,75.861
52.974599,8646,2644,5469,75.833
52.978976,8647,2653,5468,75.795
52.984740,8647,2663,5468,75.734
52.989108,8647,2672,5469,75.668
52.994799,8650,2683,5469,75.580
52.999262,8652,2696,5469,75.476
53.004947,8654,2712,5472,75.361
53.009081,8655,2729,5473,75.234
53.013764,8656,2747,5475,75.086
53.019513,8656,2766,5478,74.921
53.023966,8656,2783,5480,74.745
53.029335,8656,2799,5480,74.559
53.034068,8657,2813,5480,74.361
53.039730,8658,2827,5480,74.158
53.043922,8657,2845,5480,73.943
53.049921,8656,2866,5484,73.729
53.054358,8654,2890,5486,73.515
53.058568,8650,2913,5488,73.295
53.064477,8647,2936,5488,73.081
53.068715,8645,2959,5489,72.861
53.074600,8644,2980,5489,72.647
53.079000,8642,3005,5488,72.438
53.084678,8641,3030,5489,72.235
53.089113,8639,3056,5489,72.043
53.093543,8636,3083,5489,71.851
53.099281,8633,3110,5493,71.669
53.103688,8630,3136,5493,71.488
53.109436,8628,3163,5495,71.307
53.113849,8626,3188,5494,71.136
53.119506,8624,3215,5491,70.966
53.123947,8621,3241,5492,70.796
53.129669,8617,3268,5491,70.631
53.134099,8613,3295,5492,70.472
53.138566,8609,3321,5495,70.323
53.144259,8605,3347,5498,70.175
53.148695,8601,3373,5501,70.038
53.154355,8596,3397,5505,69.906
53.158799,8592,3422,5509,69.785
53.164514,8588,3446,5513,69.670
53.168913,8585,3469,5514,69.560
53.173313,8583,3490,5514,69.456
53.179043,8582,3510,5514,69.362
53.183475,8581,3528,5512,69.269
53.189132,8579,3545,5509,69.186
53.193585,8578,3562,5507,69.104
53.199308,8575,3577,5502,69.033
53.203716,8573,3591,5497,68.967
53.209458,8574,3602,5492,68.901
53.213835,8576,3612,5488,68.840
53.218255,8579,3619,5487,68.791
53.224063,8584,3627,5484,68.741
53.228423,8586,3634,5481,68.698
53.234076,8589,3642,5477,68.659
53.238567,8592,3647,5471,68.626
53.244250,8594,3651,5465,68.599
53.248677,8597,3654,5460,68.571
53.253121,8600,3657,5455,68.544
53.258855,8603,3660,5449,68.522
53.263221,8607,3664,5442,68.505
53.268929,8612,3666,5435,68.489
53.273369,8619,3668,5431,68.478
53.279074,8626,3672,5426,68.467
53.283464,8633,3675,5423,68.461
53.289222,8640,3678,5420,68.450
53.293599,8648,3677,5418,68.439
53.298044,8656,3675,5418,68.428
53.303767,8662,3670,5419,68.423
53.308175,8670,3666,5420,68.417
53.313844,8677,3663,5420,68.417
53.318314,8684,3662,5420,68.417
53.323999,8692,3660,5420,68.423
53.328435,8701,3659,5420,68.434
53.332876,8710,3658,5417,68.445
53.338569,8718,3659,5411,68.461
53.343046,8727,3661,5408,68.483
53.348699,8735,3664,5402,68.511
53.353169,8743,3668,5397,68.538
53.358838,8750,3673,5392,68.577
53.363255,8759,3677,5388,68.615
53.368976,8769,3681,5384,68.665
53.373420,8778,3683,5382,68.719
53.377797,8786,3682,5378,68.780
53.383532,8793,3680,5373,68.846
53.388067,8800,3678,5369,68.912
53.393636,8808,3676,5365,68.989
53.398071,8816,3676,5359,69.071
53.403794,8825,3676,5354,69.159
53.408179,8833,3676,5350,69.252
53.412597,8839,3675,5345,69.346
53.418358,8846,3673,5342,69.439
53.422743,8853,3670,5340,69.538
53.428437,8862,3666,5337,69.631
53.432909,8869,3661,5331,69.725
53.438566,8876,3655,5326,69.813
53.443024,8884,3646,5318,69.895
53.448699,8891,3636,5311,69.972
53.453182,8902,3622,5306,70.043
53.457564,8913,3607,5300,70.109
53.463312,8924,3593,5295,70.170
53.467720,8934,3579,5289,70.219
53.473407,8944,3565,5287,70.274
53.477833,8954,3550,5286,70.323
53.483542,8964,3535,5287,70.373
53.487916,8975,3521,5290,70.422
53.492388,8986,3505,5287,70.483
53.498089,8997,3490,5284,70.543
53.502509,9007,3474,5280,70.615
53.508183,9016,3456,5273,70.697
53.512639,9025,3438,5266,70.785
53.518326,9033,3417,5255,70.878
53.522773,9041,3397,5246,70.988
53.528482,9049,3376,5238,71.115
53.532965,9056,3355,5231,71.252
53.537067,9064,3332,5226,71.400
53.543055,9073,3307,5223,71.565
53.547533,9082,3281,5220,71.741
53.553176,9092,3254,5214,71.933
53.557647,9104,3227,5207,72.131
53.563337,9117,3198,5200,72.339
53.567741,9130,3168,5187,72.554
53.572135,9142,3139,5175,72.773
53.577902,9155,3109,5160,72.999
53.582298,9167,3077,5149,73.224
53.587863,9179,3046,5137,73.455
53.592409,9194,3015,5126,73.674
53.598110,9208,2982,5116,73.889
53.602544,9224,2950,5105,74.092
53.608330,9238,2919,5093,74.290
53.612674,9254,2887,5083,74.471
53.617079,9269,2857,5073,74.647
53.622813,9286,2829,5061,74.822
53.627231,9304,2802,5049,74.982
53.632928,9322,2775,5037,75.141
53.637408,9339,2749,5023,75.295
53.643064,9356,2723,5009,75.449
53.647519,9375,2697,4999,75.591
53.651909,9393,2674,4986,75.740
53.657666,9409,2652,4972,75.894
53.662060,9426,2632,4960,76.053
53.667761,9442,2615,4944,76.207
53.672210,9459,2596,4933,76.371
53.677881,9477,2576,4920,76.536
53.682354,9495,2557,4907,76.701
53.688016,9513,2537,4888,76.871
53.692456,9535,2519,4865,77.047
53.696853,9558,2501,4840,77.223
53.702571,9581,2485,4817,77.399
53.707004,9604,2470,4795,77.574
53.712694,9624,2456,4773,77.745
53.717113,9645,2442,4753,77.915
53.722816,9664,2428,4735,78.085
53.727253,9683,2412,4712,78.245
53.731691,9701,2392,4692,78.398
53.737412,9722,2373,4675,78.547
53.741877,9743,2353,4656,78.690
53.747541,9763,2333,4641,78.827
53.751984,9782,2315,4626,78.959
53.757693,9800,2297,4613,79.085
53.762079,9818,2277,4596,79.211
53.767789,9839,2260,4577,79.338
53.772232,9858,2242,4556,79.470
53.776592,9879,2229,4533,79.601
53.782341,9902,2218,4513,79.739
53.786748,9924,2206,4496,79.887
53.792469,9947,2194,4480,80.035
53.796885,9968,2182,4468,80.200
53.802565,9988,2169,4454,80.365
53.806992,10008,2156,4439,80.541
53.811402,10025,2145,4423,80.722
53.817133,10039,2131,4407,80.909
53.821544,10054,2117,4391,81.107
53.827222,10067,2105,4376,81.315
53.831701,10080,2094,4361,81.530
53.837383,10092,2083,4347,81.755
53.841824,10104,2073,4337,81.985
53.847510,10116,2059,4327,82.216
53.851987,10128,2046,4318,82.458
53.856389,10138,2033,4309,82.700
53.862128,10148,2022,4298,82.947
53.866524,10159,2011,4288,83.188
53.872212,10168,1999,4277,83.436
53.876651,10176,1986,4267,83.683
53.882355,10185,1971,4258,83.925
53.886793,10192,1958,4247,84.161
53.891151,10200,1944,4235,84.397
53.896898,10209,1932,4224,84.633
53.901282,10218,1920,4212,84.864
53.906976,10226,1907,4203,85.095
53.911443,10233,1894,4198,85.358
53.917131,10239,1881,4195,85.682
53.921564,10243,1869,4193,86.001
53.927307,10246,1856,4195,86.298
53.931692,10247,1845,4195,86.594
53.936106,10247,1834,4195,86.869
53.941852,10247,1824,4196,87.105
53.946287,10243,1815,4197,87.308
53.951919,10240,1805,4195,87.512
53.956411,10236,1797,4194,87.698
53.962096,10230,1789,4193,87.874
53.966542,10225,1782,4195,88.050
53.970956,10219,1776,4198,88.220
53.976654,10211,1770,4202,88.391
53.981084,10202,1767,4207,88.550
53.986747,10192,1766,4211,88.709
53.991210,10182,1766,4218,88.863
53.996928,10172,1770,4227,89.017
54.001356,10163,1774,4240,89.160
54.006801,10153,1779,4253,89.302
54.011207,10142,1785,4265,89.445
54.015868,10132,1791,4278,89.588
54.021608,10119,1796,4292,89.736
54.025822,10105,1803,4305,89.852
54.031729,10092,1809,4321,89.973
54.035961,10079,1816,4335,90.148
54.041844,10067,1824,4350,90.478
54.046358,10053,1831,4366,90.884
54.050757,10038,1839,4382,91.313
54.056460,10022,1847,4397,91.719
54.060911,10007,1852,4413,92.060
54.066562,9994,1856,4424,92.285
54.071014,9983,1856,4434,92.368
54.076615,9974,1854,4444,92.406
54.081165,9966,1850,4454,92.505
54.086844,9957,1848,4462,92.565
54.091237,9942,1843,4473,92.626
54.095673,9924,1839,4487,92.631
54.101393,9901,1833,4504,92.615
54.105800,9875,1822,4522,92.653
54.111470,9849,1813,4540,92.763
54.115938,9823,1803,4556,92.829
54.121618,9798,1795,4568,92.862
54.126049,9775,1790,4582,92.944
54.130492,9752,1786,4599,93.054
54.136196,9727,1781,4616,93.120
54.140638,9702,1776,4633,93.181
54.146306,9677,1769,4650,93.279
54.150819,9654,1763,4666,93.378
54.156470,9631,1757,4682,93.450
54.160852,9609,1753,4699,93.532
54.166608,9585,1752,4715,93.642
54.171061,9562,1754,4733,93.730
54.175449,9540,1757,4748,93.812
54.181177,9516,1760,4763,93.906
54.185566,9494,1764,4779,94.010
54.191261,9471,1767,4795,94.098
54.195679,9451,1770,4810,94.180
54.201382,9430,1773,4827,94.274
54.205822,9410,1776,4844,94.367
54.210196,9388,1778,4858,94.444
54.215976,9365,1779,4872,94.526
54.220391,9342,1777,4888,94.620
54.226046,9319,1773,4904,94.708
54.230528,9297,1770,4918,94.796
54.236186,9275,1767,4935,94.889
54.240611,9252,1762,4953,94.993
54.246330,9230,1759,4971,95.098
54.250782,9208,1756,4989,95.208
54.255199,9186,1751,5006,95.328
54.260995,9164,1746,5023,95.449
54.265323,9143,1739,5038,95.576
54.271045,9120,1731,5056,95.713
54.275451,9097,1722,5073,95.861
54.281151,9075,1712,5090,96.010
54.285567,9053,1703,5106,96.169
54.289978,9033,1696,5118,96.334
54.295715,9013,1688,5129,96.504
54.300094,8994,1681,5139,96.674
54.305799,8975,1674,5148,96.839
54.310301,8955,1667,5162,96.993
54.315946,8934,1660,5174,97.141
54.320392,8913,1654,5186,97.267
54.326096,8891,1648,5197,97.377
54.330522,8868,1642,5205,97.471
54.334961,8845,1634,5212,97.553
54.340668,8823,1626,5220,97.608
54.345121,8800,1617,5230,97.652
54.350803,8779,1609,5239,97.679
54.355226,8760,1600,5250,97.707
54.360918,8740,1590,5263,97.723
54.365393,8722,1580,5277,97.745
54.369736,8700,1569,5289,97.767
54.375493,8677,1558,5303,97.784
54.379932,8655,1547,5314,97.800
54.385589,8632,1538,5324,97.817
54.390033,8609,1528,5332,97.839
54.395730,8589,1518,5338,97.866
54.400127,8571,1509,5342,97.894
54.405862,8554,1498,5348,97.927
54.410280,8539,1487,5355,97.960
54.414733,8523,1477,5363,97.998
54.420442,8508,1469,5369,98.031
54.424840,8490,1459,5376,98.069
54.430522,8475,1450,5380,98.097
54.434969,8459,1442,5386,98.130
54.440667,8445,1434,5395,98.152
54.445137,8431,1427,5402,98.168
54.449513,8418,1422,5410,98.179
54.455252,8405,1419,5417,98.185
54.459683,8390,1416,5421,98.185
54.465333,8374,1413,5429,98.185
54.469802,8360,1410,5435,98.185
54.475472,8346,1406,5440,98.185
54.479887,8332,1400,5444,98.185
54.485658,8319,1394,5448,98.185
54.490063,8308,1388,5450,98.190
54.494544,8294,1383,5453,98.190
54.500167,8281,1376,5459,98.196
54.504595,8271,1368,5466,98.196
54.510309,8260,1359,5471,98.196
54.514727,8251,1349,5476,98.190
54.520434,8242,1340,5477,98.190
54.524868,8234,1332,5477,98.190
54.529266,8225,1325,5476,98.185
54.535061,8219,1318,5473,98.190
54.539401,8213,1311,5473,98.196
54.545085,8208,1303,5471,98.207
54.549566,8203,1295,5471,98.223
54.555234,8196,1287,5471,98.240
54.559710,8189,1280,5471,98.262
54.565383,8182,1273,5471,98.278
54.569860,8175,1268,5472,98.295
54.574233,8170,1263,5473,98.300
54.579944,8165,1257,5475,98.306
54.584425,8162,1250,5477,98.300
54.590061,8159,1245,5479,98.289
54.594499,8155,1239,5480,98.278
54.600223,8149,1234,5480,98.267
54.604616,8143,1230,5484,98.256
54.609031,8133,1227,5489,98.251
54.614774,8126,1224,5494,98.240
54.619185,8120,1220,5499,98.229
54.624897,8112,1216,5503,98.218
54.629311,8107,1212,5508,98.201
54.635004,8102,1208,5513,98.190
54.639433,8096,1205,5517,98.179
54.645095,8092,1202,5520,98.168
54.649562,8089,1198,5519,98.157
54.653989,8085,1194,5519,98.146
54.659739,8080,1188,5518,98.135
54.664152,8075,1183,5518,98.130
54.669821,8069,1178,5518,98.124
54.674276,8065,1174,5519,98.119
54.679990,8060,1169,5517,98.113
54.684421,8057,1164,5515,98.113
54.688811,8053,1159,5514,98.108
54.694538,8051,1156,5509,98.108
54.698926,8049,1154,5507,98.097
54.704642,8047,1151,5506,98.091
54.709075,8046,1149,5505,98.075
54.714771,8046,1147,5505,98.058
54.719203,8047,1144,5506,98.036
54.724896,8050,1142,5507,98.015
54.729359,8051,1139,5509,97.982
54.733749,8051,1137,5509,97.949
54.739484,8051,1137,5507,97.910
54.743895,8050,1137,5505,97.872
54.749565,8048,1138,5503,97.833
54.754032,8045,1139,5503,97.789
54.759771,8042,1140,5507,97.745
54.764119,8040,1141,5510,97.701
54.768536,8038,1142,5513,97.657
54.774347,8037,1145,5514,97.614
54.778719,8036,1148,5515,97.564
54.784375,8036,1151,5516,97.509
54.788825,8036,1153,5515,97.460
54.794509,8035,1156,5516,97.410
54.798950,8034,1157,5515,97.361
54.804705,8031,1155,5515,97.311
54.809100,8028,1155,5519,97.262
54.813492,8027,1153,5524,97.218
54.819224,8026,1150,5529,97.169
54.823643,8025,1148,5534,97.119
54.829314,8026,1146,5540,97.070
54.833781,8026,1144,5545,97.020
54.839454,8026,1145,5549,96.971
54.843905,8025,1145,5554,96.921
54.848316,8024,1147,5556,96.866
54.854059,8022,1151,5557,96.812
54.858517,8020,1155,5557,96.757
54.864167,8017,1160,5558,96.702
54.868643,8013,1165,5559,96.641
54.874308,8010,1169,5561,96.575
54.878737,8008,1175,5562,96.515
54.884462,8003,1182,5561,96.449
54.888888,8001,1189,5563,96.383
54.893303,7998,1196,5563,96.323
54.899017,7995,1202,5564,96.262
54.903413,7993,1206,5566,96.207
54.909108,7993,1210,5568,96.152
54.913535,7995,1214,5570,96.097
54.919211,7996,1217,5571,96.048
54.923672,7996,1220,5573,95.999
54.928090,7997,1225,5575,95.955
54.933822,7997,1229,5576,95.916
54.938236,7995,1232,5574,95.878
54.943904,7995,1235,5573,95.845
54.948419,7995,1236,5572,95.817
54.954055,7995,1237,5572,95.784
54.958488,7997,1240,5574,95.762
54.964193,7999,1243,5575,95.740
54.968652,8000,1246,5575,95.718
54.973062,8002,1248,5573,95.696
54.978804,8003,1248,5570,95.680
54.983248,8005,1247,5566,95.663
54.988893,8007,1246,5561,95.647
54.993294,8009,1245,5559,95.636
54.999001,8011,1244,5556,95.620
55.003431,8013,1244,5554,95.609
55.007553,8015,1245,5550,95.587
55.013545,8019,1246,5545,95.570
55.017983,8026,1249,5542,95.548
55.023665,8032,1252,5541,95.526
55.027894,8037,1254,5542,95.504
55.033852,8042,1258,5544,95.477
55.038239,8045,1263,5545,95.455
55.043675,8047,1267,5543,95.433
55.048378,8052,1271,5541,95.411
55.052853,8057,1276,5537,95.383
55.058401,8063,1280,5533,95.356
55.062915,8069,1283,5533,95.334
55.068651,8073,1286,5535,95.306
55.073080,8077,1289,5535,95.284
55.078746,8078,1291,5537,95.257
55.083197,8079,1293,5539,95.235
55.087588,8079,1295,5537,95.213
55.093401,8079,1296,5538,95.191
55.097746,8081,1296,5537,95.169
55.103455,8081,1295,5535,95.153
55.107917,8080,1292,5535,95.136
55.113546,8080,1289,5535,95.125
55.117996,8077,1284,5539,95.114
55.123711,8075,1280,5542,95.109
55.128136,8073,1274,5541,95.103
55.132571,8070,1269,5541,95.098
55.138283,8068,1265,5538,95.092
55.142696,8065,1261,5537,95.092
55.148389,8060,1259,5536,95.092
55.152870,8056,1259,5537,95.092
55.158538,8051,1256,5537,95.092
55.162984,8046,1254,5538,95.092
55.167411,8040,1252,5538,95.092
55.173140,8034,1249,5541,95.092
55.177534,8027,1247,5545,95.087
55.183251,8019,1244,5550,95.081
55.187672,8012,1241,5555,95.076
55.193358,8003,1240,5559,95.070
55.197774,7993,1239,5565,95.059
55.203510,7983,1240,5572,95.048
55.207923,7972,1242,5579,95.043
55.212308,7961,1242,5587,95.043
55.218053,7951,1244,5593,95.043
55.222482,7941,1247,5599,95.048
55.228156,7932,1252,5602,95.059
55.232604,7923,1257,5606,95.065
55.238308,7912,1264,5610,95.076
55.242720,7902,1270,5615,95.081
55.247132,7890,1274,5623,95.092
55.252900,7880,1275,5629,95.098
55.257332,7868,1274,5633,95.103
55.262999,7857,1272,5637,95.114
55.267450,7846,1268,5638,95.131
55.273136,7836,1266,5640,95.142
55.277560,7828,1266,5645,95.153
55.283346,7821,1267,5650,95.169
55.287714,7813,1269,5656,95.180
55.292093,7804,1270,5661,95.186
55.297832,7795,1272,5663,95.186
55.302231,7788,1273,5664,95.186
55.307956,7780,1272,5666,95.186
55.312375,7773,1272,5667,95.186
55.318064,7766,1272,5671,95.180
55.322512,7759,1272,5674,95.180
55.326932,7750,1273,5678,95.186
55.332644,7741,1274,5681,95.186
55.337068,7732,1276,5684,95.191
55.342753,7724,1278,5689,95.197
55.346930,7715,1281,5693,95.197
55.352897,7709,1284,5700,95.191
55.357371,7703,1285,5706,95.191
55.363025,7698,1285,5711,95.186
55.367487,7695,1285,5716,95.175
55.371902,7690,1284,5716,95.169
55.377690,7685,1282,5716,95.164
55.382031,7680,1281,5716,95.164
55.387716,7675,1280,5713,95.164
55.392173,7673,1278,5712,95.158
55.397846,7673,1275,5712,95.158
55.402260,7673,1271,5714,95.158
55.406666,7676,1265,5716,95.158
55.412412,7679,1258,5718,95.164
55.416830,7680,1250,5717,95.164
55.422514,7682,1243,5713,95.164
55.426971,7683,1237,5706,95.169
55.432626,7684,1231,5696,95.169
55.437084,7686,1227,5687,95.175
55.442790,7688,1224,5679,95.175
55.447229,7690,1221,5673,95.180
55.451642,7691,1218,5673,95.191
55.457380,7695,1215,5676,95.202
55.461800,7697,1209,5681,95.219
55.467528,7700,1203,5685,95.235
55.471923,7704,1197,5683,95.246
55.477622,7707,1190,5681,95.262
55.482014,7711,1183,5676,95.273
55.486436,7717,1175,5669,95.290
55.492202,7721,1166,5662,95.306
55.496594,7725,1157,5655,95.323
55.502324,7730,1149,5649,95.345
55.506747,7735,1140,5644,95.367
55.512410,7741,1131,5640,95.389
55.516845,7749,1121,5636,95.411
55.522565,7759,1112,5632,95.433
55.527002,7769,1104,5626,95.449
55.531415,7780,1098,5618,95.471
55.536896,7791,1092,5608,95.488
55.541540,7801,1084,5598,95.510
55.547222,7813,1078,5589,95.537
55.551699,7824,1071,5582,95.565
55.557387,7835,1063,5578,95.587
55.561818,7844,1056,5576,95.609
55.566248,7853,1048,5575,95.636
55.571947,7862,1040,5573,95.658
55.576395,7869,1031,5567,95.685
55.581899,7877,1019,5561,95.713
55.586318,7885,1008,5555,95.735
55.592233,7893,996,5548,95.762
55.596692,7902,984,5541,95.795
55.602360,7911,976,5532,95.817
55.606765,7921,968,5525,95.845
55.611200,7931,961,5518,95.867
55.616919,7941,955,5511,95.883
55.621318,7951,949,5504,95.894
55.626988,7959,943,5498,95.900
55.631453,7964,937,5492,95.905
55.637149,7969,932,5486,95.905
55.641597,7971,929,5479,95.905
55.646027,7974,928,5472,95.905
55.651722,7977,928,5468,95.900
55.656176,7980,929,5461,95.900
55.661860,7982,930,5457,95.894
55.666335,7985,930,5459,95.883
55.672007,7987,929,5459,95.878
55.676430,7991,928,5459,95.867
55.682158,7994,926,5461,95.856
55.686538,7999,922,5459,95.850
55.690947,8001,919,5459,95.845
55.696755,8003,915,5458,95.834
55.701134,8004,911,5456,95.828
55.706806,8006,907,5455,95.828
55.711231,8007,901,5454,95.823
55.716923,8009,895,5451,95.817
55.721368,8012,891,5448,95.812
55.725771,8012,888,5447,95.801
55.731515,8013,886,5447,95.790
55.735931,8014,884,5448,95.779
55.741587,8016,880,5448,95.762
55.746086,8020,875,5446,95.740
55.751742,8024,870,5443,95.718
55.755947,8027,867,5440,95.702
55.761903,8030,866,5438,95.680
55.766351,8032,866,5438,95.658
55.770721,8033,867,5437,95.636
55.776492,8033,869,5437,95.620
55.780920,8033,874,5438,95.598
55.786568,8034,877,5436,95.576
55.791031,8038,880,5429,95.554
55.796773,8042,882,5422,95.526
55.801129,8048,883,5414,95.493
55.805553,8053,882,5409,95.460
55.811357,8056,882,5406,95.433
55.815681,8058,880,5407,95.405
55.821384,8059,878,5406,95.372
55.825919,8060,875,5408,95.350
55.831525,8061,872,5409,95.323
55.835967,8062,868,5406,95.301
55.841666,8064,863,5405,95.273
55.846108,8067,859,5402,95.251
55.850555,8068,855,5398,95.224
55.856248,8068,852,5397,95.202
55.860668,8066,850,5399,95.180
55.866373,8063,849,5400,95.153
55.870814,8060,848,5404,95.131
55.876511,8058,845,5405,95.103
55.880960,8056,842,5409,95.081
55.885307,8054,838,5412,95.059
55.891074,8050,833,5415,95.037
55.895478,8046,828,5418,95.010
55.901155,8042,825,5417,94.982
55.905617,8037,824,5416,94.955
55.911299,8034,822,5414,94.922
55.915702,8032,820,5411,94.883
55.921431,8031,820,5407,94.850
55.925853,8030,819,5406,94.818
55.930283,8029,817,5402,94.785
55.936025,8028,815,5400,94.752
55.940439,8029,812,5400,94.719
55.946100,8029,806,5402,94.686
55.950575,8031,803,5403,94.653
55.956306,8032,801,5402,94.620
55.960709,8031,801,5401,94.587
55.965128,8030,801,5399,94.554
55.970834,8029,801,5394,94.515
55.975271,8027,800,5391,94.477
55.980950,8026,798,5388,94.444
55.985404,8024,797,5386,94.406
55.991065,8023,796,5385,94.373
55.995551,8023,794,5383,94.340
56.000987,8023,792,5380,94.307
56.005398,8023,790,5376,94.274
56.009819,8024,788,5372,94.241
56.015559,8025,786,5369,94.208
56.019877,8025,784,5371,94.175
56.025576,8025,782,5372,94.142
56.030102,8025,780,5374,94.109
56.035796,8026,779,5377,94.081
56.040211,8029,777,5379,94.054
56.044594,8035,776,5381,94.026
56.050625,8041,775,5383,93.999
56.055045,8046,774,5384,93.972
56.060673,8049,773,5385,93.939
56.065179,8050,773,5383,93.911
56.070846,8051,771,5380,93.889
56.075270,8053,769,5378,93.862
56.081011,8055,768,5378,93.834
56.085412,8057,765,5383,93.812
56.089805,8057,763,5384,93.785
56.095562,8057,761,5384,93.763
56.099979,8059,759,5386,93.741
56.105669,8062,758,5385,93.719
56.110092,8065,756,5382,93.702
56.115794,8067,754,5378,93.686
56.120237,8069,751,5374,93.675
56.124684,8070,745,5368,93.658
56.130369,8071,740,5364,93.647
56.134770,8073,735,5361,93.636
56.140484,8075,731,5359,93.620
56.144933,8079,728,5358,93.609
56.150615,8080,728,5356,93.593
56.155028,8084,728,5351,93.582
56.160741,8089,726,5344,93.565
56.165206,8092,725,5339,93.549
56.169611,8096,722,5334,93.527
56.175201,8100,719,5333,93.510
56.179773,8102,716,5333,93.488
56.185435,8104,714,5332,93.472
56.189894,8104,711,5335,93.450
56.195588,8106,708,5337,93.428
56.200028,8108,706,5338,93.411
56.204433,8111,703,5341,93.389
56.210155,8114,700,5341,93.367
56.214545,8116,698,5341,93.345
56.220237,8118,697,5340,93.323
56.224695,8120,695,5341,93.301
56.230384,8119,693,5342,93.279
56.234822,8120,690,5344,93.257
56.240553,8121,686,5346,93.235
56.244912,8122,685,5347,93.214
56.249518,8123,684,5346,93.192
56.255092,8126,679,5345,93.170
56.259540,8129,675,5343,93.148
56.265242,8131,672,5338,93.126
56.269652,8133,668,5338,93.104
56.275368,8135,666,5338,93.087
56.279799,8138,665,5341,93.065
56.284226,8140,665,5342,93.043
56.289935,8142,665,5339,93.027
56.294293,8145,664,5336,93.005
56.300038,8147,664,5334,92.977
56.304458,8149,663,5330,92.950
56.310197,8152,661,5325,92.928
56.314603,8155,662,5321,92.900
56.320310,8156,662,5317,92.873
56.324738,8158,662,5316,92.845
56.329161,8161,663,5315,92.812
56.334866,8162,665,5317,92.785
56.339288,8162,669,5316,92.758
56.345017,8162,674,5316,92.725
56.349430,8161,677,5314,92.697
56.355126,8160,678,5312,92.670
56.359606,8160,678,5312,92.642
56.364006,8160,678,5310,92.615
56.369723,8159,678,5309,92.582
56.374143,8157,678,5308,92.554
56.379852,8156,679,5308,92.527
56.384277,8155,680,5306,92.499
56.389991,8155,681,5305,92.466
56.394381,8157,683,5304,92.433
56.400022,8159,683,5308,92.406
56.404511,8160,685,5309,92.373
56.408925,8164,686,5311,92.346
56.414663,8167,687,5313,92.318
56.419060,8170,689,5311,92.291
56.424746,8172,687,5312,92.263
56.429204,8173,686,5311,92.236
56.434899,8172,684,5312,92.203
56.439374,8173,683,5311,92.175
56.443761,8173,685,5309,92.142
56.449461,8172,686,5306,92.115
56.453813,8171,688,5301,92.082
56.459595,8172,689,5299,92.054
56.464065,8173,690,5297,92.021
56.469750,8174,691,5295,91.989
56.474162,8176,693,5295,91.961
56.479907,8177,694,5297,91.928
56.484308,8178,695,5298,91.901
56.488697,8179,696,5298,91.868
56.494448,8181,696,5297,91.840
56.498855,8184,698,5295,91.807
56.504534,8185,702,5292,91.780
56.508956,8186,705,5293,91.752
56.514668,8187,708,5292,91.725
56.519103,8187,710,5293,91.697
56.523518,8189,710,5293,91.675
56.529258,8190,711,5292,91.648
56.533649,8190,711,5291,91.626
56.539318,8191,711,5290,91.604
56.543604,8192,712,5288,91.577
56.549486,8195,711,5286,91.555
56.553928,8198,713,5285,91.527
56.559654,8200,714,5283,91.505
56.564090,8200,713,5281,91.478
56.568494,8199,712,5278,91.456
56.574238,8198,707,5276,91.428
56.578613,8198,704,5272,91.401
56.584395,8200,703,5268,91.373
56.588696,8203,701,5264,91.346
56.594469,8205,702,5260,91.318
56.598882,8209,704,5260,91.291
56.603307,8210,705,5259,91.258
56.609037,8212,707,5259,91.230
56.613455,8214,708,5260,91.203
56.619103,8215,708,5258,91.176
56.623564,8215,708,5257,91.143
56.629307,8217,709,5260,91.115
56.633689,8219,710,5259,91.082
56.639411,8222,710,5260,91.055
56.643807,8226,709,5262,91.027
56.648275,8229,707,5263,91.005
56.653957,8229,703,5264,90.978
56.658401,8230,699,5265,90.956
56.664083,8231,694,5262,90.934
56.668544,8230,691,5262,90.912
56.674250,8230,686,5261,90.884
56.678688,8230,683,5261,90.862
56.683072,8231,679,5263,90.846
56.688832,8233,676,5265,90.824
56.693195,8235,674,5265,90.802
56.698899,8237,673,5265,90.780
56.703426,8237,672,5264,90.764
56.709032,8235,673,5261,90.742
56.713465,8236,673,5261,90.720
56.719186,8237,674,5261,90.698
56.723617,8239,676,5261,90.676
56.728008,8243,675,5264,90.648
56.733753,8246,675,5265,90.621
56.738155,8249,675,5263,90.593
56.743830,8251,675,5261,90.560
56.748276,8254,675,5258,90.533
56.753976,8256,673,5255,90.505
56.758401,8260,670,5252,90.472
56.762838,8263,668,5252,90.445
56.768517,8265,666,5251,90.412
56.772997,8266,663,5252,90.385
56.778652,8268,662,5253,90.352
56.783126,8268,661,5254,90.324
56.788856,8269,660,5254,90.297
56.793254,8271,661,5254,90.269
56.798973,8273,661,5253,90.242
56.803544,8276,660,5252,90.214
56.807841,8277,659,5253,90.187
56.813515,8280,660,5255,90.165
56.817937,8280,661,5256,90.143
56.823619,8279,663,5256,90.121
56.828049,8280,666,5255,90.104
56.833770,8281,668,5252,90.088
56.838209,8283,669,5252,90.071
56.842569,8286,669,5252,90.060
56.848119,8287,670,5251,90.044
56.852415,8287,671,5251,90.027
56.858196,8284,672,5251,90.005
56.862926,8282,674,5251,89.984
56.868567,8282,674,5255,89.967
56.873030,8280,673,5259,89.945
56.878564,8281,672,5262,89.923
56.883170,8281,671,5265,89.901
56.887621,8281,673,5266,89.874
56.893341,8281,674,5265,89.846
56.897693,8279,676,5266,89.813
56.903403,8279,677,5266,89.780
56.907868,8279,678,5266,89.747
56.913524,8279,680,5264,89.714
56.917972,8278,682,5261,89.687
56.922379,8278,685,5256,89.654
56.928116,8279,687,5251,89.626
56.932504,8280,688,5247,89.604
56.938210,8280,690,5245,89.577
56.942668,8280,693,5244,89.555
56.948335,8280,694,5243,89.533
56.952786,8279,695,5241,89.517
56.958488,8279,695,5239,89.495
56.962921,8279,694,5234,89.473
56.967350,8279,692,5231,89.456
56.973101,8278,690,5231,89.440
56.977544,8277,689,5232,89.418
56.983151,8276,689,5234,89.401
56.987623,8275,690,5237,89.379
56.993312,8273,693,5240,89.357
56.997762,8270,695,5241,89.335
57.002132,8266,694,5241,89.313
57.007616,8262,694,5242,89.291
57.012170,8259,692,5244,89.264
57.018003,8256,692,5246,89.236
57.022439,8253,692,5250,89.209
57.027867,8251,692,5255,89.182
57.032523,8249,693,5262,89.149
57.038301,8245,696,5269,89.116
57.042500,8239,698,5274,89.077
57.047121,8234,703,5282,89.044
57.052844,8228,707,5289,89.006
57.057298,8223,711,5296,88.967
57.062932,8219,715,5303,88.934
57.067409,8213,718,5307,88.901
57.073110,8209,720,5311,88.863
57.077568,8205,722,5314,88.835
57.081906,8199,724,5316,88.802
57.087672,8195,725,5317,88.775
57.092091,8190,726,5317,88.748
57.097767,8185,726,5319,88.720
57.102209,8180,726,5320,88.698
57.107953,8176,727,5322,88.676
57.112340,8173,727,5325,88.660
57.118075,8170,727,5323,88.638
57.122459,8169,729,5319,88.616
57.126916,8166,729,5315,88.599
57.132600,8165,728,5313,88.577
57.137049,8163,727,5315,88.550
57.142694,8164,726,5319,88.528
57.147121,8162,724,5323,88.506
57.152879,8161,725,5326,88.478
57.157288,8158,725,5328,88.451
57.161745,8153,726,5332,88.423
57.167419,8149,728,5335,88.396
57.171846,8146,729,5339,88.363
57.177513,8143,730,5341,88.336
57.181976,8140,730,5345,88.303
57.187667,8138,729,5352,88.270
57.192095,8135,727,5359,88.242
57.197799,8131,725,5368,88.209
57.202316,8128,723,5375,88.187
57.206640,8125,722,5379,88.160
57.212415,8123,722,5379,88.138
57.216768,8119,722,5376,88.116
57.222462,8115,724,5371,88.094
57.226961,8110,724,5367,88.072
57.232631,8105,726,5361,88.050
57.237025,8102,729,5357,88.028
57.241431,8100,731,5355,88.011
57.247175,8097,734,5354,87.995
57.251616,8097,737,5355,87.979
57.257308,8095,738,5354,87.962
57.261658,8095,739,5353,87.946
57.267417,8096,738,5352,87.929
57.271872,8096,739,5350,87.918
57.277627,8095,741,5349,87.902
57.282019,8094,743,5347,87.885
57.286413,8093,746,5344,87.874
57.292139,8093,749,5341,87.858
57.296584,8092,751,5339,87.841
57.302243,8092,753,5336,87.830
57.306716,8091,753,5336,87.814
57.312402,8090,754,5339,87.797
57.316830,8090,754,5340,87.781
57.321207,8092,752,5343,87.764
57.326952,8094,752,5344,87.742
57.331423,8099,752,5343,87.726
57.337057,8102,753,5344,87.709
57.341509,8108,753,5343,87.693
57.347167,8114,752,5341,87.676
57.351620,8120,750,5340,87.660
57.357319,8125,745,5340,87.643
57.361799,8132,740,5339,87.632
57.366192,8137,735,5338,87.616
57.371894,8142,734,5335,87.599
57.376315,8147,734,5330,87.583
57.382049,8150,733,5326,87.572
57.386470,8155,734,5323,87.556
57.392167,8159,732,5318,87.539
57.396628,8164,730,5312,87.528
57.400987,8169,729,5308,87.517
57.406715,8172,726,5304,87.501
57.411127,8175,725,5302,87.490
57.416815,8177,725,5300,87.473
57.421260,8179,724,5298,87.462
57.426995,8180,724,5297,87.446
57.431380,8183,723,5294,87.435
57.437107,8187,722,5293,87.424
57.441536,8191,719,5292,87.413
57.445951,8196,718,5292,87.396
57.451664,8199,716,5289,87.385
57.456119,8202,714,5286,87.374
57.461768,8204,713,5287,87.358
57.466242,8206,710,5288,87.347
57.471926,8210,707,5290,87.336
57.476354,8213,705,5291,87.330
57.480745,8217,703,5292,87.319
57.486477,8222,702,5292,87.314
57.490923,8226,699,5291,87.303
57.496627,8230,696,5291,87.292
57.501030,8235,693,5292,87.281
57.506746,8240,692,5291,87.270
57.511153,8244,692,5290,87.259
57.516895,8248,692,5285,87.248
57.521350,8251,692,5281,87.237
57.525694,8254,689,5279,87.231
57.531436,8258,687,5276,87.220
57.535894,8265,684,5275,87.209
57.541520,8269,682,5272,87.193
57.545978,8274,680,5266,87.182
57.551694,8278,679,5263,87.171
57.556104,8282,679,5261,87.166
57.560550,8288,677,5260,87.155
57.566360,8296,675,5259,87.149
57.570668,8303,673,5256,87.138
57.576379,8311,672,5249,87.127
57.580827,8318,671,5239,87.122
57.586320,8322,670,5229,87.111
57.590908,8327,670,5222,87.105
57.596642,8330,669,5216,87.094
57.601074,8333,665,5213,87.083
57.605453,8336,664,5210,87.078
57.611226,8339,663,5206,87.067
57.615614,8344,662,5203,87.050
57.621321,8350,663,5202,87.034
57.625731,8356,662,5203,87.017
57.631436,8361,664,5204,87.001
57.635864,8365,664,5204,86.990
57.640267,8370,664,5203,86.973
57.646034,8373,666,5201,86.957
57.650455,8379,668,5198,86.940
57.656097,8385,668,5195,86.924
57.660589,8391,668,5190,86.907
57.666312,8397,666,5186,86.891
57.670699,8401,665,5182,86.874
57.676389,8404,664,5180,86.863
57.680843,8409,664,5178,86.847
57.685300,8413,663,5177,86.830
57.691009,8417,660,5177,86.814
57.695405,8420,659,5176,86.797
57.701075,8422,656,5174,86.781
57.705498,8424,653,5170,86.770
57.711226,8427,651,5164,86.759
57.715642,8432,648,5159,86.748
57.720033,8436,644,5155,86.732
57.725747,8443,642,5154,86.721
57.730187,8448,639,5153,86.710
57.735867,8449,638,5151,86.699
57.740413,8452,636,5148,86.682
57.746003,8455,633,5143,86.671
57.750430,8459,631,5138,86.660
57.756174,8462,629,5132,86.644
57.760577,8467,627,5126,86.633
57.764998,8471,626,5122,86.616
57.770699,8474,626,5116,86.605
57.775144,8477,626,5113,86.589
57.780818,8478,628,5113,86.578
57.785280,8479,630,5114,86.561
57.790979,8479,632,5115,86.550
57.795366,8477,634,5114,86.539
57.799800,8476,636,5115,86.528
57.805568,8476,636,5113,86.517
57.809957,8476,637,5112,86.506
57.815623,8478,638,5114,86.495
57.820083,8479,638,5115,86.490
57.825766,8480,637,5117,86.473
57.830203,8483,637,5117,86.462
57.835924,8484,636,5117,86.451
57.840356,8486,634,5115,86.440
57.844729,8489,631,5109,86.424
57.850470,8490,629,5106,86.407
57.854919,8493,626,5104,86.391
57.860593,8494,625,5102,86.380
57.865030,8496,623,5102,86.364
57.870720,8499,621,5104,86.353
57.875183,8502,619,5108,86.336
57.879589,8503,618,5111,86.325
57.885296,8503,618,5112,86.314
57.889726,8502,619,5112,86.298
57.895396,8500,618,5112,86.287
57.899856,8499,617,5112,86.276
57.905476,8497,617,5111,86.265
57.909945,8496,615,5110,86.254
57.915670,8497,616,5110,86.248
57.920103,8497,617,5110,86.237
57.924525,8499,618,5110,86.232
57.930225,8499,620,5111,86.221
57.934631,8500,622,5110,86.215
57.940334,8502,624,5111,86.204
57.944764,8504,623,5111,86.193
57.950511,8506,623,5112,86.182
57.954922,8507,620,5115,86.171
57.959351,8508,615,5117,86.160
57.965087,8508,611,5118,86.155
57.969476,8508,606,5118,86.144
57.975186,8508,602,5118,86.133
57.979648,8508,599,5120,86.116
57.985309,8511,597,5119,86.105
57.989732,8512,597,5119,86.089
57.995458,8512,597,5119,86.078
57.999903,8510,597,5116,86.067
58.004268,8508,597,5112,86.056
58.009913,8506,596,5111,86.045
58.014399,8506,596,5110,86.034
58.020108,8507,599,5111,86.023
58.024552,8508,600,5113,86.012
58.030218,8511,600,5112,86.001
58.034667,8512,601,5110,85.990
58.039071,8513,600,5109,85.984
58.044529,8514,599,5106,85.979
58.049201,8514,600,5108,85.974
58.054901,8513,600,5106,85.963
58.059234,8514,598,5108,85.957
58.065034,8513,598,5108,85.952
58.069522,8509,597,5105,85.941
58.075176,8506,596,5102,85.930
58.079640,8503,596,5100,85.919
58.084045,8500,595,5100,85.908
58.089769,8499,595,5102,85.897
58.094186,8499,594,5104,85.886
58.099904,8498,594,5101,85.875
58.104337,8499,592,5097,85.864
58.110051,8501,591,5092,85.847
58.114435,8504,591,5089,85.836
58.118856,8507,591,5087,85.825
58.124566,8509,589,5087,85.814
58.128995,8510,587,5086,85.803
58.134666,8509,585,5087,85.792
58.139131,8508,584,5087,85.781
58.144814,8508,585,5086,85.776
58.149225,8508,586,5087,85.765
58.154958,8507,586,5088,85.759
58.159384,8507,585,5087,85.748
58.163795,8508,584,5085,85.743
58.169506,8509,581,5084,85.732
58.173950,8509,581,5083,85.721
58.179646,8509,581,5082,85.710
58.184021,8508,581,5083,85.699
58.189829,8507,581,5085,85.688
58.194216,8505,581,5086,85.677
58.198633,8502,581,5087,85.666
58.204354,8497,581,5090,85.660
58.208745,8492,582,5094,85.649
58.214411,8489,583,5097,85.638
58.218873,8488,586,5102,85.627
58.224581,8489,588,5107,85.616
58.228973,8489,591,5112,85.605
58.234719,8490,594,5115,85.594
58.239161,8490,597,5116,85.589
58.243529,8490,600,5115,85.578
58.249279,8491,602,5115,85.573
58.253670,8490,603,5114,85.562
58.259384,8488,602,5114,85.551
58.263840,8488,601,5112,85.545
58.269514,8487,600,5110,85.534
58.273965,8486,600,5109,85.518
58.278454,8485,599,5109,85.507
58.284107,8486,598,5110,85.496
58.288492,8485,598,5111,85.485
58.294216,8487,599,5111,85.479
58.298669,8490,600,5109,85.474
58.304324,8492,601,5109,85.463
58.308760,8494,603,5111,85.457
58.314510,8493,606,5114,85.457
58.318899,8489,608,5118,85.452
58.323289,8485,610,5120,85.446
58.329032,8482,613,5119,85.446
58.333405,8480,613,5119,85.446
58.339101,8479,613,5120,85.441
58.343527,8479,613,5121,85.441
58.349292,8478,612,5121,85.441
58.353692,8478,610,5120,85.435
58.358128,8480,609,5116,85.430
58.363842,8481,608,5114,85.424
58.368260,8484,609,5111,85.424
58.373925,8486,611,5107,85.419
58.378413,8489,613,5104,85.419
58.384112,8493,612,5102,85.413
58.388543,8494,612,5100,85.413
58.394223,8495,610,5098,85.413
58.398661,8497,607,5098,85.413
58.403062,8498,606,5097,85.408
58.408798,8501,604,5097,85.408
58.413189,8504,601,5097,85.408
58.418892,8506,599,5098,85.402
58.423370,8508,598,5099,85.397
58.429030,8509,598,5099,85.391
58.433480,8510,600,5100,85.386
58.437862,8514,603,5100,85.380
58.443589,8518,606,5097,85.380
58.447994,8523,608,5092,85.375
58.453693,8528,608,5087,85.369
58.458180,8532,607,5083,85.369
58.463826,8533,603,5079,85.364
58.468286,8534,600,5079,85.364
58.473974,8536,599,5080,85.358
58.478415,8537,599,5078,85.358
58.482833,8539,597,5079,85.358
58.488560,8541,597,5081,85.353
58.492982,8544,596,5082,85.347
58.498631,8545,595,5081,85.347
58.503077,8545,594,5080,85.342
58.508818,8545,593,5077,85.336
58.513248,8543,593,5075,85.331
58.517621,8542,593,5073,85.325
58.523359,8542,593,5076,85.320
58.527777,8541,594,5081,85.314
58.533436,8541,595,5086,85.309
58.537917,8542,596,5088,85.303
58.543481,8543,598,5088,85.298
58.548023,8546,602,5088,85.287
58.553587,8548,605,5086,85.287
58.558139,8550,609,5085,85.281
58.562555,8551,612,5081,85.270
58.568357,8551,614,5080,85.265
58.572766,8551,616,5076,85.259
58.578405,8551,616,5075,85.254
58.582868,8551,615,5075,85.243
58.588303,8552,614,5074,85.237
58.593022,8553,613,5074,85.232
58.597403,8555,611,5079,85.226
58.603164,8554,610,5082,85.221
58.607503,8553,611,5086,85.215
58.613224,8549,611,5087,85.215
58.617672,8543,612,5088,85.210
58.623375,8539,611,5088,85.210
58.627750,8534,611,5087,85.210
58.633537,8532,610,5086,85.204
58.637895,8531,608,5086,85.204
58.642390,8530,607,5087,85.204
58.648069,8529,606,5089,85.204
58.652453,8528,606,5093,85.199
58.658168,8527,606,5097,85.199
58.662602,8526,606,5099,85.199
58.668308,8525,605,5098,85.193
58.672740,8523,604,5095,85.193
58.677175,8523,604,5094,85.188
58.682854,8520,604,5091,85.188
58.687260,8518,602,5091,85.188
58.692990,8517,601,5093,85.188
58.697433,8514,597,5090,85.188
58.703106,8513,594,5086,85.188
58.707549,8514,593,5084,85.182
58.713265,8515,591,5081,85.182
58.717707,8516,591,5081,85.182
58.722110,8517,591,5083,85.177
58.727843,8517,591,5088,85.177
58.732229,8516,589,5094,85.172
58.737928,8514,587,5101,85.166
58.742371,8513,586,5105,85.161
58.748075,8511,585,5106,85.155
58.752515,8509,586,5108,85.144
58.756907,8509,586,5109,85.139
58.762641,8508,587,5112,85.133
58.767079,8506,589,5115,85.128
58.772746,8504,591,5119,85.117
58.777229,8501,594,5122,85.111
58.782898,8498,598,5124,85.100
58.787358,8496,600,5124,85.095
58.793050,8495,601,5121,85.089
58.797504,8493,601,5119,85.078
58.801901,8492,602,5117,85.073
58.807672,8490,601,5114,85.062
58.812011,8489,601,5113,85.056
58.817688,8487,601,5108,85.051
58.822147,8488,600,5103,85.045
58.827915,8490,598,5098,85.045
58.832270,8494,596,5093,85.040
58.836689,8497,594,5092,85.034
58.842410,8498,592,5095,85.034
58.846859,8500,589,5096,85.034
58.852475,8501,586,5102,85.034
58.856984,8500,584,5108,85.029
58.862575,8500,583,5110,85.034
58.867092,8500,582,5113,85.034
58.872797,8499,582,5112,85.029
58.877258,8500,582,5109,85.029
58.881695,8501,581,5107,85.029
58.887447,8502,581,5104,85.023
58.891837,8504,584,5098,85.023
58.897516,8506,586,5097,85.018
58.901946,8507,589,5095,85.018
58.907622,8507,592,5095,85.018
58.911846,8506,594,5097,85.012
58.916475,8506,595,5097,85.007
58.922200,8507,596,5098,85.007
58.926594,8509,596,5101,85.001
58.932308,8510,596,5099,84.996
58.936746,8510,594,5094,84.990
58.942435,8511,594,5091,84.985
58.946825,8511,594,5086,84.985
58.952567,8512,593,5087,84.979
58.956992,8513,594,5089,84.974
58.961460,8514,594,5092,84.968
58.967149,8513,593,5094,84.968
58.971572,8511,591,5094,84.968
58.977235,8512,588,5093,84.968
58.981703,8512,585,5094,84.968
58.987442,8513,583,5094,84.968
58.991853,8513,581,5095,84.974
58.996246,8512,580,5097,84.974
59.001997,8511,580,5096,84.979
59.006085,8509,580,5093,84.979
59.011764,8510,581,5093,84.985
59.016518,8510,582,5089,84.985
59.022190,8510,582,5089,84.990
59.026327,8510,582,5088,84.996
59.032326,8509,581,5087,85.001
59.036533,8508,580,5087,85.007
59.041209,8506,578,5089,85.012
59.046908,8506,576,5089,85.018
59.051314,8505,574,5090,85.018
59.057001,8505,573,5089,85.023
59.061451,8504,572,5089,85.023
59.067158,8502,573,5090,85.029
59.071560,8500,574,5093,85.023
59.076039,8498,577,5098,85.023
59.081731,8494,581,5104,85.023
59.086176,8490,582,5107,85.018
59.091823,8488,584,5110,85.018
59.096270,8486,585,5111,85.018
59.101959,8484,584,5110,85.018
59.106438,8483,583,5105,85.012
59.112134,8480,583,5099,85.012
59.116504,8477,583,5095,85.012
59.120953,8474,584,5093,85.012
59.126669,8472,584,5094,85.007
59.131083,8471,584,5097,85.007
59.136770,8470,584,5098,85.001
59.141220,8470,584,5098,85.001
59.146926,8470,585,5101,85.001
59.151369,8470,586,5106,84.996
59.155719,8469,587,5111,84.996
59.161477,8469,587,5117,84.996
59.165912,8468,588,5122,84.996
59.171555,8467,590,5126,84.996
59.176056,8465,591,5130,84.996
59.181719,8464,593,5131,84.996
59.186138,8463,596,5131,84.996
59.191902,8462,600,5132,84.990
59.196407,8462,603,5128,84.990
59.200719,8462,604,5128,84.990
59.206432,8460,605,5128,84.985
59.210781,8459,606,5128,84.985
59.216575,8458,607,5129,84.985
59.220990,8457,609,5128,84.985
59.226645,8456,611,5124,84.985
59.231101,8456,613,5123,84.985
59.235517,8457,613,5121,84.979
59.241255,8459,614,5122,84.979
59.245664,8460,614,5122,84.974
59.251360,8462,615,5120,84.968
59.255794,8464,616,5117,84.968
59.261487,8465,617,5115,84.963
59.265919,8464,617,5113,84.963
59.271644,8464,616,5115,84.963
59.276051,8464,616,5119,84.957
59.280468,8464,615,5123,84.952
59.286253,8465,616,5126,84.946
59.290646,8465,616,5127,84.946
59.296332,8467,615,5126,84.941
59.300768,8470,613,5124,84.941
59.306501,8474,613,5122,84.935
59.310928,8478,613,5121,84.930
59.315289,8480,613,5121,84.924
59.321048,8480,613,5120,84.919
59.325413,8480,614,5119,84.913
59.331095,8479,614,5113,84.908
59.335568,8480,614,5109,84.902
59.341308,8480,614,5102,84.902
59.345683,8481,613,5096,84.897
59.351438,8482,612,5094,84.897
59.355816,8484,610,5092,84.897
59.360237,8486,608,5090,84.897
59.365978,8489,605,5089,84.897
59.370411,8492,602,5088,84.897
59.376070,8494,599,5084,84.897
59.380513,8495,596,5084,84.902
59.386208,8494,594,5086,84.902
59.390677,8492,593,5088,84.902
59.395079,8490,592,5090,84.902
59.400835,8488,592,5092,84.902
59.405226,8489,592,5094,84.902
59.410861,8491,593,5097,84.902
59.415399,8494,593,5099,84.902
59.421057,8498,593,5102,84.902
59.425460,8501,593,5101,84.902
59.431158,8505,592,5098,84.897
59.435587,8507,591,5095,84.897
59.440010,8509,590,5091,84.897
59.445745,8510,588,5091,84.891
59.450143,8511,587,5091,84.891
59.455814,8514,584,5090,84.891
59.460280,8517,582,5088,84.886
59.465972,8521,581,5084,84.886
59.470400,8525,579,5082,84.880
59.474826,8527,578,5081,84.880
59.480566,8527,577,5083,84.875
59.485004,8527,576,5084,84.875
59.490666,8527,576,5081,84.869
59.495142,8530,577,5081,84.869
59.500777,8535,575,5078,84.864
59.505223,8540,573,5078,84.858
59.510960,8547,570,5073,84.858
59.515357,8552,565,5071,84.853
59.519768,8556,562,5069,84.853
59.525549,8562,561,5063,84.853
59.529936,8566,561,5061,84.847
59.535607,8569,560,5058,84.847
59.540023,8570,558,5056,84.847
59.545742,8573,558,5056,84.847
59.550197,8574,557,5059,84.847
59.554580,8576,559,5058,84.847
59.560421,8579,560,5059,84.842
59.564721,8583,560,5059,84.842
59.570415,8586,558,5058,84.836
59.574868,8589,556,5057,84.831
59.580568,8589,554,5054,84.825
59.585003,8589,552,5051,84.820
59.590675,8586,550,5045,84.814
59.595155,8584,549,5041,84.809
59.599561,8584,548,5038,84.809
59.605276,8586,547,5034,84.803
59.609696,8588,546,5032,84.798
59.615353,8590,545,5029,84.798
59.619807,8592,543,5026,84.792
59.625535,8593,542,5020,84.792
59.629932,8591,543,5017,84.787
59.634378,8590,544,5014,84.781
59.640080,8590,545,5012,84.781
59.644680,8592,546,5012,84.781
59.650175,8596,544,5009,84.781
59.654633,8599,541,5008,84.781
59.660332,8601,539,5008,84.787
59.664752,8601,536,5009,84.787
59.670448,8600,533,5011,84.792
59.674887,8598,529,5014,84.798
59.679311,8594,526,5017,84.803
59.685065,8593,522,5016,84.809
59.689490,8591,520,5016,84.814
59.695153,8591,517,5017,84.820
59.699646,8590,515,5016,84.825
59.705341,8591,513,5014,84.836
59.709731,8591,510,5012,84.842
59.714118,8591,508,5009,84.847
59.719850,8594,505,5006,84.853
59.724309,8596,505,5003,84.858
59.729997,8596,505,5002,84.864
59.734390,8595,506,5004,84.869
59.740077,8595,505,5006,84.875
59.744514,8594,505,5010,84.880
59.750229,8594,504,5013,84.880
59.754662,8595,503,5015,84.886
59.759117,8595,503,5016,84.886
59.764784,8595,503,5017,84.886
59.769033,8596,504,5020,84.886
59.774874,8595,504,5021,84.886
59.779385,8594,503,5021,84.891
59.785031,8592,503,5021,84.891
59.789461,8589,503,5021,84.891
59.793895,8588,506,5025,84.891
59.799639,8587,509,5029,84.897
59.804069,8586,512,5035,84.897
59.809710,8584,513,5041,84.902
59.814200,8584,514,5044,84.908
59.819829,8583,512,5044,84.913
59.824287,8582,508,5042,84.913
59.829992,8582,504,5037,84.919
59.834412,8582,499,5030,84.924
59.838821,8580,496,5024,84.924
59.844638,8578,493,5020,84.930
59.849025,8576,490,5019,84.930
59.854665,8573,490,5020,84.935
59.859101,8571,488,5020,84.935
59.864813,8570,486,5019,84.935
59.869239,8571,484,5017,84.935
59.873680,8570,481,5012,84.941
59.879161,8570,477,5010,84.941
59.883837,8570,476,5012,84.941
59.889460,8567,477,5013,84.946
59.893967,8563,478,5016,84.946
59.899638,8559,481,5017,84.946
59.904068,8557,482,5017,84.952
59.909808,8555,484,5019,84.957
59.913949,8556,486,5018,84.957
59.918598,8556,487,5015,84.963
59.924375,8555,488,5013,84.968
59.928772,8553,488,5010,84.968
59.934434,8551,486,5012,84.974
59.938872,8548,484,5016,84.974
59.944569,8546,483,5020,84.979
59.949007,8544,483,5023,84.985
59.953412,8542,483,5023,84.985
59.959155,8541,485,5023,84.990
59.963574,8541,486,5024,84.990
59.969305,8537,487,5026,84.996
59.973692,8534,487,5030,84.996
59.979386,8531,486,5035,85.001
59.983819,8530,485,5035,85.001
59.989535,8529,484,5036,85.007
59.993974,8527,485,5041,85.007
59.998396,8526,485,5042,85.007
60.004133,8523,488,5044,85.001