Station,Date,Hour_UTC,Frequency_Hz,PLV,Hour_Threshold,Passed
FCHU,20260904,0,1.0,0.3751095036196241,0.5397573036949624,0
FCHU,20260904,0,1.1,0.36562703262393786,0.5397573036949624,0
FCHU,20260904,0,1.2,0.3492187671309493,0.5397573036949624,0
FCHU,20260904,0,1.3,0.3174681775232114,0.5397573036949624,0
FCHU,20260904,0,1.4,0.22779582190220887,0.5397573036949624,0
FCHU,20260904,0,1.5,0.4111044439282306,0.5397573036949624,0
FCHU,20260904,0,1.6,0.40380123117197225,0.5397573036949624,0
FCHU,20260904,0,1.7,0.2502272842953261,0.5397573036949624,0
FCHU,20260904,0,1.8,0.2187666704342901,0.5397573036949624,0
FCHU,20260904,0,1.9,0.10106810570570185,0.5397573036949624,0
FCHU,20260904,0,2.0,0.31479667603796946,0.5397573036949624,0
FCHU,20260904,0,2.1,0.2476990652103632,0.5397573036949624,0
FCHU,20260904,0,2.2,0.4417322739782348,0.5397573036949624,0
FCHU,20260904,0,2.3,0.447149655001482,0.5397573036949624,0
FCHU,20260904,0,2.4,0.4332880036886657,0.5397573036949624,0
FCHU,20260904,0,2.5,0.42653011324858126,0.5397573036949624,0
FCHU,20260904,0,2.6,0.5277061096482931,0.5397573036949624,0
FCHU,20260904,0,2.7,0.31657755612165916,0.5397573036949624,0
FCHU,20260904,0,2.8,0.3868637246391577,0.5397573036949624,0
FCHU,20260904,0,2.9,0.4717015687626233,0.5397573036949624,0
FCHU,20260904,0,3.0,0.42278072136865047,0.5397573036949624,0
FCHU,20260904,0,3.1,0.47191290369062283,0.5397573036949624,0
FCHU,20260904,0,3.2,0.3594438206674301,0.5397573036949624,0
FCHU,20260904,0,3.3,0.4483697998951648,0.5397573036949624,0
FCHU,20260904,0,3.4,0.5345836856779274,0.5397573036949624,0
FCHU,20260904,0,3.5,0.5083159486817482,0.5397573036949624,0
FCHU,20260904,0,3.6,0.6025463127302404,0.5397573036949624,1
FCHU,20260904,0,3.7,0.5556296707493642,0.5397573036949624,1
FCHU,20260904,0,3.8,0.4482583538592617,0.5397573036949624,0
FCHU,20260904,0,3.9,0.33497789818965257,0.5397573036949624,0
FCHU,20260904,0,4.0,0.36457449304481937,0.5397573036949624,0
FCHU,20260904,0,4.1,0.5365155533793015,0.5397573036949624,0
FCHU,20260904,0,4.2,0.49030535123199276,0.5397573036949624,0
FCHU,20260904,0,4.3,0.41580762548371897,0.5397573036949624,0
FCHU,20260904,0,4.4,0.34590666777379453,0.5397573036949624,0
FCHU,20260904,0,4.5,0.3464303425582658,0.5397573036949624,0
FCHU,20260904,0,4.6,0.4666477096570337,0.5397573036949624,0
FCHU,20260904,0,4.7,0.563394780385302,0.5397573036949624,1
FCHU,20260904,0,4.8,0.3674661484428632,0.5397573036949624,0
FCHU,20260904,0,4.9,0.19426568589713425,0.5397573036949624,0
FCHU,20260904,0,5.0,0.1692766006080184,0.5397573036949624,0
FCHU,20260904,0,5.1,0.22672899512899117,0.5397573036949624,0
FCHU,20260904,0,5.2,0.22330417369853234,0.5397573036949624,0
FCHU,20260904,0,5.3,0.30975959618132226,0.5397573036949624,0
FCHU,20260904,0,5.4,0.3584129526941091,0.5397573036949624,0
FCHU,20260904,0,5.5,0.45938714735956304,0.5397573036949624,0
FCHU,20260904,0,5.6,0.35275351692983975,0.5397573036949624,0
FCHU,20260904,0,5.7,0.39738818450871033,0.5397573036949624,0
FCHU,20260904,0,5.8,0.2942498936457196,0.5397573036949624,0
FCHU,20260904,0,5.9,0.22808213031757998,0.5397573036949624,0
FCHU,20260904,0,6.0,0.34119536295427844,0.5397573036949624,0
FCHU,20260904,0,6.1,0.3221665308628352,0.5397573036949624,0
FCHU,20260904,0,6.2,0.35909814811365337,0.5397573036949624,0
FCHU,20260904,0,6.3,0.32058519644134503,0.5397573036949624,0
FCHU,20260904,0,6.4,0.3557531315335905,0.5397573036949624,0
FCHU,20260904,0,6.5,0.5054956495417571,0.5397573036949624,0
FCHU,20260904,0,6.6,0.45233898457556154,0.5397573036949624,0
FCHU,20260904,0,6.7,0.470000348961999,0.5397573036949624,0
FCHU,20260904,0,6.8,0.5296960923655647,0.5397573036949624,0
FCHU,20260904,0,6.9,0.4642349643794718,0.5397573036949624,0
FCHU,20260904,0,7.0,0.3854028070661918,0.5397573036949624,0
FCHU,20260904,0,7.1,0.45108212333832864,0.5397573036949624,0
FCHU,20260904,0,7.2,0.4236816470415416,0.5397573036949624,0
FCHU,20260904,0,7.3,0.5746497424325238,0.5397573036949624,1
FCHU,20260904,0,7.4,0.4994961356053093,0.5397573036949624,0
FCHU,20260904,0,7.5,0.43085237280350996,0.5397573036949624,0
FCHU,20260904,0,7.6,0.38232680902195304,0.5397573036949624,0
FCHU,20260904,0,7.7,0.4432762835532099,0.5397573036949624,0
FCHU,20260904,0,7.8,0.38851871121194753,0.5397573036949624,0
FCHU,20260904,0,7.9,0.41127676384744694,0.5397573036949624,0
FCHU,20260904,0,8.0,0.5345990323731727,0.5397573036949624,0
FCHU,20260904,0,8.1,0.621209507303562,0.5397573036949624,1
FCHU,20260904,0,8.2,0.5776458205710328,0.5397573036949624,1
FCHU,20260904,0,8.3,0.513482693094597,0.5397573036949624,0
FCHU,20260904,0,8.4,0.38988006838759015,0.5397573036949624,0
FCHU,20260904,0,8.5,0.15250524018425143,0.5397573036949624,0
FCHU,20260904,0,8.6,0.06596916761556024,0.5397573036949624,0
FCHU,20260904,0,8.7,0.18107769458370132,0.5397573036949624,0
FCHU,20260904,0,8.8,0.09877728133114956,0.5397573036949624,0
FCHU,20260904,0,8.9,0.17636793051080205,0.5397573036949624,0
FCHU,20260904,0,9.0,0.15935017698784537,0.5397573036949624,0
FCHU,20260904,0,9.1,0.21725225118843805,0.5397573036949624,0
FCHU,20260904,0,9.2,0.28620516714320426,0.5397573036949624,0
FCHU,20260904,0,9.3,0.13980876392147049,0.5397573036949624,0
FCHU,20260904,0,9.4,0.07433705261493992,0.5397573036949624,0
FCHU,20260904,0,9.5,0.22440020191457677,0.5397573036949624,0
FCHU,20260904,1,1.0,0.2806337541257143,0.4602379391842091,0
FCHU,20260904,1,1.1,0.15819292220016695,0.4602379391842091,0
FCHU,20260904,1,1.2,0.21127523072016127,0.4602379391842091,0
FCHU,20260904,1,1.3,0.29070531462943944,0.4602379391842091,0
FCHU,20260904,1,1.4,0.26638830273514774,0.4602379391842091,0
FCHU,20260904,1,1.5,0.3160180566206167,0.4602379391842091,0
FCHU,20260904,1,1.6,0.32002893676643596,0.4602379391842091,0
FCHU,20260904,1,1.7,0.42343279023904645,0.4602379391842091,0
FCHU,20260904,1,1.8,0.3020587796643931,0.4602379391842091,0
FCHU,20260904,1,1.9,0.2951534425855894,0.4602379391842091,0
FCHU,20260904,1,2.0,0.1854329174890099,0.4602379391842091,0
FCHU,20260904,1,2.1,0.07984629730202203,0.4602379391842091,0
FCHU,20260904,1,2.2,0.3107552399805361,0.4602379391842091,0
FCHU,20260904,1,2.3,0.35122974314027045,0.4602379391842091,0
FCHU,20260904,1,2.4,0.3065756254482324,0.4602379391842091,0
FCHU,20260904,1,2.5,0.4507389725584186,0.4602379391842091,0
FCHU,20260904,1,2.6,0.39183867069419726,0.4602379391842091,0
FCHU,20260904,1,2.7,0.4093312827941019,0.4602379391842091,0
FCHU,20260904,1,2.8,0.3631118582880695,0.4602379391842091,0
FCHU,20260904,1,2.9,0.2510563099581275,0.4602379391842091,0
FCHU,20260904,1,3.0,0.36726759105214685,0.4602379391842091,0
FCHU,20260904,1,3.1,0.26547751791633395,0.4602379391842091,0
FCHU,20260904,1,3.2,0.293909061517577,0.4602379391842091,0
FCHU,20260904,1,3.3,0.4509510746039769,0.4602379391842091,0
FCHU,20260904,1,3.4,0.48127882163493607,0.4602379391842091,1
FCHU,20260904,1,3.5,0.5232419949363213,0.4602379391842091,1
FCHU,20260904,1,3.6,0.3546141589732816,0.4602379391842091,0
FCHU,20260904,1,3.7,0.30073342212920096,0.4602379391842091,0
FCHU,20260904,1,3.8,0.2130309959353266,0.4602379391842091,0
FCHU,20260904,1,3.9,0.22744630669956176,0.4602379391842091,0
FCHU,20260904,1,4.0,0.36394564722615774,0.4602379391842091,0
FCHU,20260904,1,4.1,0.3625446115504313,0.4602379391842091,0
FCHU,20260904,1,4.2,0.4240216044151693,0.4602379391842091,0
FCHU,20260904,1,4.3,0.4181037207940863,0.4602379391842091,0
FCHU,20260904,1,4.4,0.31100233913911357,0.4602379391842091,0
FCHU,20260904,1,4.5,0.22240413958838645,0.4602379391842091,0
FCHU,20260904,1,4.6,0.21849621030141486,0.4602379391842091,0
FCHU,20260904,1,4.7,0.27787829586423246,0.4602379391842091,0
FCHU,20260904,1,4.8,0.14895619979222863,0.4602379391842091,0
FCHU,20260904,1,4.9,0.3615044368462979,0.4602379391842091,0
FCHU,20260904,1,5.0,0.45624567533548677,0.4602379391842091,0
FCHU,20260904,1,5.1,0.5711541971729458,0.4602379391842091,1
FCHU,20260904,1,5.2,0.5852569159874407,0.4602379391842091,1
FCHU,20260904,1,5.3,0.3228633601286314,0.4602379391842091,0
FCHU,20260904,1,5.4,0.33733527248066053,0.4602379391842091,0
FCHU,20260904,1,5.5,0.2877975173085474,0.4602379391842091,0
FCHU,20260904,1,5.6,0.2001435642395984,0.4602379391842091,0
FCHU,20260904,1,5.7,0.14588182786123213,0.4602379391842091,0
FCHU,20260904,1,5.8,0.3272336169063575,0.4602379391842091,0
FCHU,20260904,1,5.9,0.41181951572499403,0.4602379391842091,0
FCHU,20260904,1,6.0,0.361739280303958,0.4602379391842091,0
FCHU,20260904,1,6.1,0.3279167545529725,0.4602379391842091,0
FCHU,20260904,1,6.2,0.23137190272930286,0.4602379391842091,0
FCHU,20260904,1,6.3,0.23539775723395476,0.4602379391842091,0
FCHU,20260904,1,6.4,0.26089471836169875,0.4602379391842091,0
FCHU,20260904,1,6.5,0.25508070067747257,0.4602379391842091,0
FCHU,20260904,1,6.6,0.2827331872726339,0.4602379391842091,0
FCHU,20260904,1,6.7,0.37371412275039845,0.4602379391842091,0
FCHU,20260904,1,6.8,0.31202660804061005,0.4602379391842091,0
FCHU,20260904,1,6.9,0.3292247696738176,0.4602379391842091,0
FCHU,20260904,1,7.0,0.44477708989929293,0.4602379391842091,0
FCHU,20260904,1,7.1,0.3802616051068317,0.4602379391842091,0
FCHU,20260904,1,7.2,0.5783465425165562,0.4602379391842091,1
FCHU,20260904,1,7.3,0.4619017996873301,0.4602379391842091,1
FCHU,20260904,1,7.4,0.43946379327686436,0.4602379391842091,0
FCHU,20260904,1,7.5,0.6011593078572167,0.4602379391842091,1
FCHU,20260904,1,7.6,0.43899100934991847,0.4602379391842091,0
FCHU,20260904,1,7.7,0.3652267333511986,0.4602379391842091,0
FCHU,20260904,1,7.8,0.29588249695394536,0.4602379391842091,0
FCHU,20260904,1,7.9,0.3898514322082691,0.4602379391842091,0
FCHU,20260904,1,8.0,0.5464666511457233,0.4602379391842091,1
FCHU,20260904,1,8.1,0.47634179873856325,0.4602379391842091,1
FCHU,20260904,1,8.2,0.3361910654574254,0.4602379391842091,0
FCHU,20260904,1,8.3,0.2445530165316314,0.4602379391842091,0
FCHU,20260904,1,8.4,0.2260937320792265,0.4602379391842091,0
FCHU,20260904,1,8.5,0.2996231158618872,0.4602379391842091,0
FCHU,20260904,1,8.6,0.32290337036999867,0.4602379391842091,0
FCHU,20260904,1,8.7,0.3359188654424975,0.4602379391842091,0
FCHU,20260904,1,8.8,0.3271659251507414,0.4602379391842091,0
FCHU,20260904,1,8.9,0.18129687316425078,0.4602379391842091,0
FCHU,20260904,1,9.0,0.24763698971758644,0.4602379391842091,0
FCHU,20260904,1,9.1,0.10025495463389471,0.4602379391842091,0
FCHU,20260904,1,9.2,0.15040151498954382,0.4602379391842091,0
FCHU,20260904,1,9.3,0.13407060817880265,0.4602379391842091,0
FCHU,20260904,1,9.4,0.12292633278460417,0.4602379391842091,0
FCHU,20260904,1,9.5,0.19920840841272008,0.4602379391842091,0
FCHU,20260904,2,1.0,0.05584566111406257,0.552681959440973,0
FCHU,20260904,2,1.1,0.1661218726806926,0.552681959440973,0
FCHU,20260904,2,1.2,0.35844744620143915,0.552681959440973,0
FCHU,20260904,2,1.3,0.4262021560121195,0.552681959440973,0
FCHU,20260904,2,1.4,0.4033235141948193,0.552681959440973,0
FCHU,20260904,2,1.5,0.4291804960735865,0.552681959440973,0
FCHU,20260904,2,1.6,0.25191027798524634,0.552681959440973,0
FCHU,20260904,2,1.7,0.36874292033847667,0.552681959440973,0
FCHU,20260904,2,1.8,0.5118369895620787,0.552681959440973,0
FCHU,20260904,2,1.9,0.34053628876791114,0.552681959440973,0
FCHU,20260904,2,2.0,0.3579251290873729,0.552681959440973,0
FCHU,20260904,2,2.1,0.4417406815756716,0.552681959440973,0
FCHU,20260904,2,2.2,0.45815171236864777,0.552681959440973,0
FCHU,20260904,2,2.3,0.43417207780111766,0.552681959440973,0
FCHU,20260904,2,2.4,0.4562790465711458,0.552681959440973,0
FCHU,20260904,2,2.5,0.3500955762167196,0.552681959440973,0
FCHU,20260904,2,2.6,0.415259973172943,0.552681959440973,0
FCHU,20260904,2,2.7,0.5316449834276961,0.552681959440973,0
FCHU,20260904,2,2.8,0.5896984040644427,0.552681959440973,1
FCHU,20260904,2,2.9,0.5236581494222191,0.552681959440973,0
FCHU,20260904,2,3.0,0.4694095402354739,0.552681959440973,0
FCHU,20260904,2,3.1,0.3706996261107444,0.552681959440973,0
FCHU,20260904,2,3.2,0.40213182123922675,0.552681959440973,0
FCHU,20260904,2,3.3,0.546496561544113,0.552681959440973,0
FCHU,20260904,2,3.4,0.5195642496250517,0.552681959440973,0
FCHU,20260904,2,3.5,0.5823662500043607,0.552681959440973,1
FCHU,20260904,2,3.6,0.6040728454098409,0.552681959440973,1
FCHU,20260904,2,3.7,0.3537661385201655,0.552681959440973,0
FCHU,20260904,2,3.8,0.4963083135836144,0.552681959440973,0
FCHU,20260904,2,3.9,0.44475288875951446,0.552681959440973,0
FCHU,20260904,2,4.0,0.45905680086365186,0.552681959440973,0
FCHU,20260904,2,4.1,0.4655522967188372,0.552681959440973,0
FCHU,20260904,2,4.2,0.5050986348207029,0.552681959440973,0
FCHU,20260904,2,4.3,0.3712767554398261,0.552681959440973,0
FCHU,20260904,2,4.4,0.4218377953878076,0.552681959440973,0
FCHU,20260904,2,4.5,0.5049909925558537,0.552681959440973,0
FCHU,20260904,2,4.6,0.3890340959052759,0.552681959440973,0
FCHU,20260904,2,4.7,0.40914314781407124,0.552681959440973,0
FCHU,20260904,2,4.8,0.5344299801194783,0.552681959440973,0
FCHU,20260904,2,4.9,0.48768034373531044,0.552681959440973,0
FCHU,20260904,2,5.0,0.35492207142730725,0.552681959440973,0
FCHU,20260904,2,5.1,0.38313269308684844,0.552681959440973,0
FCHU,20260904,2,5.2,0.3837202722328499,0.552681959440973,0
FCHU,20260904,2,5.3,0.322641932397551,0.552681959440973,0
FCHU,20260904,2,5.4,0.3365042517528469,0.552681959440973,0
FCHU,20260904,2,5.5,0.45589542983995474,0.552681959440973,0
FCHU,20260904,2,5.6,0.465379523877785,0.552681959440973,0
FCHU,20260904,2,5.7,0.4127029697065136,0.552681959440973,0
FCHU,20260904,2,5.8,0.26476664856868315,0.552681959440973,0
FCHU,20260904,2,5.9,0.2744089840812613,0.552681959440973,0
FCHU,20260904,2,6.0,0.21691362020509927,0.552681959440973,0
FCHU,20260904,2,6.1,0.10863530071330142,0.552681959440973,0
FCHU,20260904,2,6.2,0.30957465415465774,0.552681959440973,0
FCHU,20260904,2,6.3,0.37481063547984006,0.552681959440973,0
FCHU,20260904,2,6.4,0.34532110363163127,0.552681959440973,0
FCHU,20260904,2,6.5,0.29479380275646055,0.552681959440973,0
FCHU,20260904,2,6.6,0.381202928323787,0.552681959440973,0
FCHU,20260904,2,6.7,0.32511686774739,0.552681959440973,0
FCHU,20260904,2,6.8,0.31362595265484966,0.552681959440973,0
FCHU,20260904,2,6.9,0.47483209814053545,0.552681959440973,0
FCHU,20260904,2,7.0,0.4808636305784125,0.552681959440973,0
FCHU,20260904,2,7.1,0.4824782877657744,0.552681959440973,0
FCHU,20260904,2,7.2,0.5624206781163694,0.552681959440973,1
FCHU,20260904,2,7.3,0.5804829332985044,0.552681959440973,1
FCHU,20260904,2,7.4,0.44125112626294194,0.552681959440973,0
FCHU,20260904,2,7.5,0.48140832842253256,0.552681959440973,0
FCHU,20260904,2,7.6,0.6543548912247492,0.552681959440973,1
FCHU,20260904,2,7.7,0.7157088362931224,0.552681959440973,1
FCHU,20260904,2,7.8,0.6660653525897298,0.552681959440973,1
FCHU,20260904,2,7.9,0.551298672274678,0.552681959440973,0
FCHU,20260904,2,8.0,0.45842133808718405,0.552681959440973,0
FCHU,20260904,2,8.1,0.4448875195007655,0.552681959440973,0
FCHU,20260904,2,8.2,0.44794368458914446,0.552681959440973,0
FCHU,20260904,2,8.3,0.3767297565642193,0.552681959440973,0
FCHU,20260904,2,8.4,0.2641651817855444,0.552681959440973,0
FCHU,20260904,2,8.5,0.24107874892780584,0.552681959440973,0
FCHU,20260904,2,8.6,0.2334573448783752,0.552681959440973,0
FCHU,20260904,2,8.7,0.3714846292671676,0.552681959440973,0
FCHU,20260904,2,8.8,0.4075020134167434,0.552681959440973,0
FCHU,20260904,2,8.9,0.36697065959991315,0.552681959440973,0
FCHU,20260904,2,9.0,0.24757840991262484,0.552681959440973,0
FCHU,20260904,2,9.1,0.15153671055403597,0.552681959440973,0
FCHU,20260904,2,9.2,0.1485034775041599,0.552681959440973,0
FCHU,20260904,2,9.3,0.19102803620797154,0.552681959440973,0
FCHU,20260904,2,9.4,0.26628455225203546,0.552681959440973,0
FCHU,20260904,2,9.5,0.10403161739763693,0.552681959440973,0
FCHU,20260904,3,1.0,0.36332746669744165,0.649709793714139,0
FCHU,20260904,3,1.1,0.47312975412892433,0.649709793714139,0
FCHU,20260904,3,1.2,0.43222855943382915,0.649709793714139,0
FCHU,20260904,3,1.3,0.5263092528916059,0.649709793714139,0
FCHU,20260904,3,1.4,0.5428412353038472,0.649709793714139,0
FCHU,20260904,3,1.5,0.49177574440600835,0.649709793714139,0
FCHU,20260904,3,1.6,0.5491234622746523,0.649709793714139,0
FCHU,20260904,3,1.7,0.48387727866467756,0.649709793714139,0
FCHU,20260904,3,1.8,0.4972516561658801,0.649709793714139,0
FCHU,20260904,3,1.9,0.49800376385919565,0.649709793714139,0
FCHU,20260904,3,2.0,0.5297197561107,0.649709793714139,0
FCHU,20260904,3,2.1,0.5625929768446166,0.649709793714139,0
FCHU,20260904,3,2.2,0.5592904294746112,0.649709793714139,0
FCHU,20260904,3,2.3,0.5339259219231607,0.649709793714139,0
FCHU,20260904,3,2.4,0.5482022927833754,0.649709793714139,0
FCHU,20260904,3,2.5,0.6242573840173922,0.649709793714139,0
FCHU,20260904,3,2.6,0.5976236530598853,0.649709793714139,0
FCHU,20260904,3,2.7,0.6592404322823883,0.649709793714139,1
FCHU,20260904,3,2.8,0.5610356121131077,0.649709793714139,0
FCHU,20260904,3,2.9,0.35383855123093755,0.649709793714139,0
FCHU,20260904,3,3.0,0.4072429581672311,0.649709793714139,0
FCHU,20260904,3,3.1,0.4920374144136769,0.649709793714139,0
FCHU,20260904,3,3.2,0.48758527119970313,0.649709793714139,0
FCHU,20260904,3,3.3,0.5437302430026502,0.649709793714139,0
FCHU,20260904,3,3.4,0.4933957714660461,0.649709793714139,0
FCHU,20260904,3,3.5,0.5660978789071094,0.649709793714139,0
FCHU,20260904,3,3.6,0.29437275737445934,0.649709793714139,0
FCHU,20260904,3,3.7,0.2862854254843653,0.649709793714139,0
FCHU,20260904,3,3.8,0.2760960685902065,0.649709793714139,0
FCHU,20260904,3,3.9,0.17041089232149348,0.649709793714139,0
FCHU,20260904,3,4.0,0.20145088888634352,0.649709793714139,0
FCHU,20260904,3,4.1,0.35480293549061254,0.649709793714139,0
FCHU,20260904,3,4.2,0.28963881984315465,0.649709793714139,0
FCHU,20260904,3,4.3,0.4984565031207101,0.649709793714139,0
FCHU,20260904,3,4.4,0.5229197057892494,0.649709793714139,0
FCHU,20260904,3,4.5,0.42639914062195766,0.649709793714139,0
FCHU,20260904,3,4.6,0.31574846907527976,0.649709793714139,0
FCHU,20260904,3,4.7,0.3321985341989919,0.649709793714139,0
FCHU,20260904,3,4.8,0.388280348131438,0.649709793714139,0
FCHU,20260904,3,4.9,0.5499320679994987,0.649709793714139,0
FCHU,20260904,3,5.0,0.5562413036476572,0.649709793714139,0
FCHU,20260904,3,5.1,0.6063252144549258,0.649709793714139,0
FCHU,20260904,3,5.2,0.6302168955837032,0.649709793714139,0
FCHU,20260904,3,5.3,0.5732568098436637,0.649709793714139,0
FCHU,20260904,3,5.4,0.47234752087605664,0.649709793714139,0
FCHU,20260904,3,5.5,0.39979128522087415,0.649709793714139,0
FCHU,20260904,3,5.6,0.4385762207346393,0.649709793714139,0
FCHU,20260904,3,5.7,0.23045014530961339,0.649709793714139,0
FCHU,20260904,3,5.8,0.37707745622261835,0.649709793714139,0
FCHU,20260904,3,5.9,0.48795146173158255,0.649709793714139,0
FCHU,20260904,3,6.0,0.5009501200695525,0.649709793714139,0
FCHU,20260904,3,6.1,0.4776645758729963,0.649709793714139,0
FCHU,20260904,3,6.2,0.4542453636843041,0.649709793714139,0
FCHU,20260904,3,6.3,0.4222455411336654,0.649709793714139,0
FCHU,20260904,3,6.4,0.4043657631345378,0.649709793714139,0
FCHU,20260904,3,6.5,0.39849530622149487,0.649709793714139,0
FCHU,20260904,3,6.6,0.2717597989003737,0.649709793714139,0
FCHU,20260904,3,6.7,0.3471066917565757,0.649709793714139,0
FCHU,20260904,3,6.8,0.26458765641948423,0.649709793714139,0
FCHU,20260904,3,6.9,0.4860659140625038,0.649709793714139,0
FCHU,20260904,3,7.0,0.5425784661374865,0.649709793714139,0
FCHU,20260904,3,7.1,0.4851062159604365,0.649709793714139,0
FCHU,20260904,3,7.2,0.46502696734929194,0.649709793714139,0
FCHU,20260904,3,7.3,0.43172612992142984,0.649709793714139,0
FCHU,20260904,3,7.4,0.6099007509379618,0.649709793714139,0
FCHU,20260904,3,7.5,0.7039959820224809,0.649709793714139,1
FCHU,20260904,3,7.6,0.7147318642595568,0.649709793714139,1
FCHU,20260904,3,7.7,0.7375577341986289,0.649709793714139,1
FCHU,20260904,3,7.8,0.6752686447513917,0.649709793714139,1
FCHU,20260904,3,7.9,0.6632505966340497,0.649709793714139,1
FCHU,20260904,3,8.0,0.6188567304241237,0.649709793714139,0
FCHU,20260904,3,8.1,0.555883478247866,0.649709793714139,0
FCHU,20260904,3,8.2,0.5228563771229335,0.649709793714139,0
FCHU,20260904,3,8.3,0.38099468410880094,0.649709793714139,0
FCHU,20260904,3,8.4,0.31777972102955004,0.649709793714139,0
FCHU,20260904,3,8.5,0.21527044494903808,0.649709793714139,0
FCHU,20260904,3,8.6,0.12333446112165777,0.649709793714139,0
FCHU,20260904,3,8.7,0.07411669506571063,0.649709793714139,0
FCHU,20260904,3,8.8,0.07149393042889483,0.649709793714139,0
FCHU,20260904,3,8.9,0.10328310206522276,0.649709793714139,0
FCHU,20260904,3,9.0,0.11499211851091093,0.649709793714139,0
FCHU,20260904,3,9.1,0.28376755989718366,0.649709793714139,0
FCHU,20260904,3,9.2,0.3467699183085829,0.649709793714139,0
FCHU,20260904,3,9.3,0.3965485652830784,0.649709793714139,0
FCHU,20260904,3,9.4,0.3719601935814209,0.649709793714139,0
FCHU,20260904,3,9.5,0.3756870545862814,0.649709793714139,0
FCHU,20260904,4,1.0,0.1835579214467597,0.6644719101668404,0
FCHU,20260904,4,1.1,0.33667940233494364,0.6644719101668404,0
FCHU,20260904,4,1.2,0.3000307399955293,0.6644719101668404,0
FCHU,20260904,4,1.3,0.3095960934987839,0.6644719101668404,0
FCHU,20260904,4,1.4,0.44959779853752,0.6644719101668404,0
FCHU,20260904,4,1.5,0.44775566201621597,0.6644719101668404,0
FCHU,20260904,4,1.6,0.6040855485147703,0.6644719101668404,0
FCHU,20260904,4,1.7,0.6099852154793893,0.6644719101668404,0
FCHU,20260904,4,1.8,0.5678461959838548,0.6644719101668404,0
FCHU,20260904,4,1.9,0.6468153963570772,0.6644719101668404,0
FCHU,20260904,4,2.0,0.6221659993466107,0.6644719101668404,0
FCHU,20260904,4,2.1,0.5824078892618668,0.6644719101668404,0
FCHU,20260904,4,2.2,0.5920086267410568,0.6644719101668404,0
FCHU,20260904,4,2.3,0.5881526659482157,0.6644719101668404,0
FCHU,20260904,4,2.4,0.6408970399406161,0.6644719101668404,0
FCHU,20260904,4,2.5,0.5865658685982024,0.6644719101668404,0
FCHU,20260904,4,2.6,0.5201684444451207,0.6644719101668404,0
FCHU,20260904,4,2.7,0.5577170552882555,0.6644719101668404,0
FCHU,20260904,4,2.8,0.6473703264346173,0.6644719101668404,0
FCHU,20260904,4,2.9,0.5805628405576561,0.6644719101668404,0
FCHU,20260904,4,3.0,0.4531591658751296,0.6644719101668404,0
FCHU,20260904,4,3.1,0.4803731784008102,0.6644719101668404,0
FCHU,20260904,4,3.2,0.42929122371399614,0.6644719101668404,0
FCHU,20260904,4,3.3,0.40789594439983456,0.6644719101668404,0
FCHU,20260904,4,3.4,0.5535202944559726,0.6644719101668404,0
FCHU,20260904,4,3.5,0.5258244826638826,0.6644719101668404,0
FCHU,20260904,4,3.6,0.5539000701576056,0.6644719101668404,0
FCHU,20260904,4,3.7,0.5286865477131426,0.6644719101668404,0
FCHU,20260904,4,3.8,0.42953966812672717,0.6644719101668404,0
FCHU,20260904,4,3.9,0.5547176288703805,0.6644719101668404,0
FCHU,20260904,4,4.0,0.5390505115507475,0.6644719101668404,0
FCHU,20260904,4,4.1,0.5932620952506983,0.6644719101668404,0
FCHU,20260904,4,4.2,0.48291578465637647,0.6644719101668404,0
FCHU,20260904,4,4.3,0.4851873901796918,0.6644719101668404,0
FCHU,20260904,4,4.4,0.5070257709635169,0.6644719101668404,0
FCHU,20260904,4,4.5,0.530538630669366,0.6644719101668404,0
FCHU,20260904,4,4.6,0.5533739163023488,0.6644719101668404,0
FCHU,20260904,4,4.7,0.4775897366595957,0.6644719101668404,0
FCHU,20260904,4,4.8,0.307584853713128,0.6644719101668404,0
FCHU,20260904,4,4.9,0.3726292604674096,0.6644719101668404,0
FCHU,20260904,4,5.0,0.35648526894839233,0.6644719101668404,0
FCHU,20260904,4,5.1,0.514466672730137,0.6644719101668404,0
FCHU,20260904,4,5.2,0.3876398418338596,0.6644719101668404,0
FCHU,20260904,4,5.3,0.4433795481448994,0.6644719101668404,0
FCHU,20260904,4,5.4,0.4500265407534083,0.6644719101668404,0
FCHU,20260904,4,5.5,0.4985692307757009,0.6644719101668404,0
FCHU,20260904,4,5.6,0.5229805789984762,0.6644719101668404,0
FCHU,20260904,4,5.7,0.4570262394780088,0.6644719101668404,0
FCHU,20260904,4,5.8,0.5601856787975894,0.6644719101668404,0
FCHU,20260904,4,5.9,0.5449313608888449,0.6644719101668404,0
FCHU,20260904,4,6.0,0.3401206688243498,0.6644719101668404,0
FCHU,20260904,4,6.1,0.37121629576626197,0.6644719101668404,0
FCHU,20260904,4,6.2,0.4812453900078047,0.6644719101668404,0
FCHU,20260904,4,6.3,0.467928099047716,0.6644719101668404,0
FCHU,20260904,4,6.4,0.547956083706892,0.6644719101668404,0
FCHU,20260904,4,6.5,0.48012532708581246,0.6644719101668404,0
FCHU,20260904,4,6.6,0.41826543066372057,0.6644719101668404,0
FCHU,20260904,4,6.7,0.5248321558022601,0.6644719101668404,0
FCHU,20260904,4,6.8,0.5230454057710839,0.6644719101668404,0
FCHU,20260904,4,6.9,0.5601884126571082,0.6644719101668404,0
FCHU,20260904,4,7.0,0.49866801591796533,0.6644719101668404,0
FCHU,20260904,4,7.1,0.459150110198253,0.6644719101668404,0
FCHU,20260904,4,7.2,0.6123667839184368,0.6644719101668404,0
FCHU,20260904,4,7.3,0.6366794443721673,0.6644719101668404,0
FCHU,20260904,4,7.4,0.6799445057512808,0.6644719101668404,1
FCHU,20260904,4,7.5,0.6878375422444669,0.6644719101668404,1
FCHU,20260904,4,7.6,0.6092631987840029,0.6644719101668404,0
FCHU,20260904,4,7.7,0.5023653930239524,0.6644719101668404,0
FCHU,20260904,4,7.8,0.3903161006122224,0.6644719101668404,0
FCHU,20260904,4,7.9,0.3685352675063425,0.6644719101668404,0
FCHU,20260904,4,8.0,0.3002918665616492,0.6644719101668404,0
FCHU,20260904,4,8.1,0.29065510296691793,0.6644719101668404,0
FCHU,20260904,4,8.2,0.27954316561743514,0.6644719101668404,0
FCHU,20260904,4,8.3,0.3752759062758082,0.6644719101668404,0
FCHU,20260904,4,8.4,0.3173693922111258,0.6644719101668404,0
FCHU,20260904,4,8.5,0.44691452228742556,0.6644719101668404,0
FCHU,20260904,4,8.6,0.3469681929729435,0.6644719101668404,0
FCHU,20260904,4,8.7,0.24988240918135282,0.6644719101668404,0
FCHU,20260904,4,8.8,0.28892658384109543,0.6644719101668404,0
FCHU,20260904,4,8.9,0.3490850850297504,0.6644719101668404,0
FCHU,20260904,4,9.0,0.38336844292199607,0.6644719101668404,0
FCHU,20260904,4,9.1,0.17907355454906373,0.6644719101668404,0
FCHU,20260904,4,9.2,0.22062153658229566,0.6644719101668404,0
FCHU,20260904,4,9.3,0.1760164559219555,0.6644719101668404,0
FCHU,20260904,4,9.4,0.24505355709207205,0.6644719101668404,0
FCHU,20260904,4,9.5,0.3211403932415635,0.6644719101668404,0
FCHU,20260904,5,1.0,0.5145218272375633,0.6250771140111869,0
FCHU,20260904,5,1.1,0.5532623631869581,0.6250771140111869,0
FCHU,20260904,5,1.2,0.4993551375918905,0.6250771140111869,0
FCHU,20260904,5,1.3,0.5961086015622296,0.6250771140111869,0
FCHU,20260904,5,1.4,0.49716649772452987,0.6250771140111869,0
FCHU,20260904,5,1.5,0.5033787998161576,0.6250771140111869,0
FCHU,20260904,5,1.6,0.42826528152614973,0.6250771140111869,0
FCHU,20260904,5,1.7,0.5256463206051346,0.6250771140111869,0
FCHU,20260904,5,1.8,0.5018004107356582,0.6250771140111869,0
FCHU,20260904,5,1.9,0.5006114529113999,0.6250771140111869,0
FCHU,20260904,5,2.0,0.4934060645431577,0.6250771140111869,0
FCHU,20260904,5,2.1,0.46970031072419677,0.6250771140111869,0
FCHU,20260904,5,2.2,0.495952612347279,0.6250771140111869,0
FCHU,20260904,5,2.3,0.47552836937861487,0.6250771140111869,0
FCHU,20260904,5,2.4,0.48566441631796686,0.6250771140111869,0
FCHU,20260904,5,2.5,0.545803656583113,0.6250771140111869,0
FCHU,20260904,5,2.6,0.5028651790598159,0.6250771140111869,0
FCHU,20260904,5,2.7,0.5295132373395767,0.6250771140111869,0
FCHU,20260904,5,2.8,0.570665680113087,0.6250771140111869,0
FCHU,20260904,5,2.9,0.5211480456923621,0.6250771140111869,0
FCHU,20260904,5,3.0,0.47080021886088586,0.6250771140111869,0
FCHU,20260904,5,3.1,0.36920961781069195,0.6250771140111869,0
FCHU,20260904,5,3.2,0.3970380921615242,0.6250771140111869,0
FCHU,20260904,5,3.3,0.4528806685845611,0.6250771140111869,0
FCHU,20260904,5,3.4,0.6129587317082035,0.6250771140111869,0
FCHU,20260904,5,3.5,0.5896605567129577,0.6250771140111869,0
FCHU,20260904,5,3.6,0.5357801918873202,0.6250771140111869,0
FCHU,20260904,5,3.7,0.6374069500851695,0.6250771140111869,1
FCHU,20260904,5,3.8,0.4964137086521929,0.6250771140111869,0
FCHU,20260904,5,3.9,0.5593449398108129,0.6250771140111869,0
FCHU,20260904,5,4.0,0.5518646749531296,0.6250771140111869,0
FCHU,20260904,5,4.1,0.6116064456715335,0.6250771140111869,0
FCHU,20260904,5,4.2,0.468907013047223,0.6250771140111869,0
FCHU,20260904,5,4.3,0.5404741575967476,0.6250771140111869,0
FCHU,20260904,5,4.4,0.5394753963269227,0.6250771140111869,0
FCHU,20260904,5,4.5,0.5128135246388832,0.6250771140111869,0
FCHU,20260904,5,4.6,0.5441300844869204,0.6250771140111869,0
FCHU,20260904,5,4.7,0.4872607336358752,0.6250771140111869,0
FCHU,20260904,5,4.8,0.4218701116080106,0.6250771140111869,0
FCHU,20260904,5,4.9,0.4391195582842213,0.6250771140111869,0
FCHU,20260904,5,5.0,0.48779964433729295,0.6250771140111869,0
FCHU,20260904,5,5.1,0.5654201866267654,0.6250771140111869,0
FCHU,20260904,5,5.2,0.6246015867294445,0.6250771140111869,0
FCHU,20260904,5,5.3,0.6696419804915994,0.6250771140111869,1
FCHU,20260904,5,5.4,0.6534794620517109,0.6250771140111869,1
FCHU,20260904,5,5.5,0.5749860529690077,0.6250771140111869,0
FCHU,20260904,5,5.6,0.4872569822566215,0.6250771140111869,0
FCHU,20260904,5,5.7,0.5456860354859696,0.6250771140111869,0
FCHU,20260904,5,5.8,0.56689930089271,0.6250771140111869,0
FCHU,20260904,5,5.9,0.47708691273238635,0.6250771140111869,0
FCHU,20260904,5,6.0,0.38283379826095265,0.6250771140111869,0
FCHU,20260904,5,6.1,0.4108591594580879,0.6250771140111869,0
FCHU,20260904,5,6.2,0.3293518436795824,0.6250771140111869,0
FCHU,20260904,5,6.3,0.4651899165569031,0.6250771140111869,0
FCHU,20260904,5,6.4,0.34649345831767275,0.6250771140111869,0
FCHU,20260904,5,6.5,0.4612982174741722,0.6250771140111869,0
FCHU,20260904,5,6.6,0.48992789663164277,0.6250771140111869,0
FCHU,20260904,5,6.7,0.38637912465733487,0.6250771140111869,0
FCHU,20260904,5,6.8,0.3087412210385069,0.6250771140111869,0
FCHU,20260904,5,6.9,0.3972702143912175,0.6250771140111869,0
FCHU,20260904,5,7.0,0.31964020252980224,0.6250771140111869,0
FCHU,20260904,5,7.1,0.3375430335686556,0.6250771140111869,0
FCHU,20260904,5,7.2,0.4381189493247574,0.6250771140111869,0
FCHU,20260904,5,7.3,0.5000954413367978,0.6250771140111869,0
FCHU,20260904,5,7.4,0.6152021967212844,0.6250771140111869,0
FCHU,20260904,5,7.5,0.6126752473037202,0.6250771140111869,0
FCHU,20260904,5,7.6,0.6367838528844499,0.6250771140111869,1
FCHU,20260904,5,7.7,0.5736700371592497,0.6250771140111869,0
FCHU,20260904,5,7.8,0.5041662319524568,0.6250771140111869,0
FCHU,20260904,5,7.9,0.37830934678127287,0.6250771140111869,0
FCHU,20260904,5,8.0,0.3470855459724237,0.6250771140111869,0
FCHU,20260904,5,8.1,0.2808810839925488,0.6250771140111869,0
FCHU,20260904,5,8.2,0.3254241077587152,0.6250771140111869,0
FCHU,20260904,5,8.3,0.36821584990867773,0.6250771140111869,0
FCHU,20260904,5,8.4,0.240072897449109,0.6250771140111869,0
FCHU,20260904,5,8.5,0.164459406862158,0.6250771140111869,0
FCHU,20260904,5,8.6,0.19833280550301677,0.6250771140111869,0
FCHU,20260904,5,8.7,0.21542344688333026,0.6250771140111869,0
FCHU,20260904,5,8.8,0.2799244263676006,0.6250771140111869,0
FCHU,20260904,5,8.9,0.45977341449277964,0.6250771140111869,0
FCHU,20260904,5,9.0,0.4744628339734484,0.6250771140111869,0
FCHU,20260904,5,9.1,0.39033203650590814,0.6250771140111869,0
FCHU,20260904,5,9.2,0.371537030923577,0.6250771140111869,0
FCHU,20260904,5,9.3,0.17752112886508317,0.6250771140111869,0
FCHU,20260904,5,9.4,0.23275434727293004,0.6250771140111869,0
FCHU,20260904,5,9.5,0.24850746113170682,0.6250771140111869,0
FCHU,20260904,6,1.0,0.40880785374478423,0.5028683026296114,0
FCHU,20260904,6,1.1,0.2712987226154275,0.5028683026296114,0
FCHU,20260904,6,1.2,0.16447078694371636,0.5028683026296114,0
FCHU,20260904,6,1.3,0.2706106533847667,0.5028683026296114,0
FCHU,20260904,6,1.4,0.19327357674628598,0.5028683026296114,0
FCHU,20260904,6,1.5,0.2935682042985091,0.5028683026296114,0
FCHU,20260904,6,1.6,0.2576066953744294,0.5028683026296114,0
FCHU,20260904,6,1.7,0.2915722441189283,0.5028683026296114,0
FCHU,20260904,6,1.8,0.2283187038559791,0.5028683026296114,0
FCHU,20260904,6,1.9,0.3753471278520757,0.5028683026296114,0
FCHU,20260904,6,2.0,0.34773348912636404,0.5028683026296114,0
FCHU,20260904,6,2.1,0.3125461888786546,0.5028683026296114,0
FCHU,20260904,6,2.2,0.3710596023749571,0.5028683026296114,0
FCHU,20260904,6,2.3,0.40689101992286314,0.5028683026296114,0
FCHU,20260904,6,2.4,0.3446998337340681,0.5028683026296114,0
FCHU,20260904,6,2.5,0.44204353452029715,0.5028683026296114,0
FCHU,20260904,6,2.6,0.36609604421342784,0.5028683026296114,0
FCHU,20260904,6,2.7,0.4884260227646851,0.5028683026296114,0
FCHU,20260904,6,2.8,0.46811039607996435,0.5028683026296114,0
FCHU,20260904,6,2.9,0.4817930679399717,0.5028683026296114,0
FCHU,20260904,6,3.0,0.3923103961978452,0.5028683026296114,0
FCHU,20260904,6,3.1,0.4308193146168807,0.5028683026296114,0
FCHU,20260904,6,3.2,0.32777161998452814,0.5028683026296114,0
FCHU,20260904,6,3.3,0.43438346751296775,0.5028683026296114,0
FCHU,20260904,6,3.4,0.4249494406786668,0.5028683026296114,0
FCHU,20260904,6,3.5,0.3381961342875569,0.5028683026296114,0
FCHU,20260904,6,3.6,0.37989602913390863,0.5028683026296114,0
FCHU,20260904,6,3.7,0.35287467968435393,0.5028683026296114,0
FCHU,20260904,6,3.8,0.1969366962070069,0.5028683026296114,0
FCHU,20260904,6,3.9,0.29866105906927803,0.5028683026296114,0
FCHU,20260904,6,4.0,0.3835444825455878,0.5028683026296114,0
FCHU,20260904,6,4.1,0.3986089826668477,0.5028683026296114,0
FCHU,20260904,6,4.2,0.3961613959993595,0.5028683026296114,0
FCHU,20260904,6,4.3,0.40368385013569635,0.5028683026296114,0
FCHU,20260904,6,4.4,0.4487761443868349,0.5028683026296114,0
FCHU,20260904,6,4.5,0.4443327302953235,0.5028683026296114,0
FCHU,20260904,6,4.6,0.347127889011673,0.5028683026296114,0
FCHU,20260904,6,4.7,0.24162392535803873,0.5028683026296114,0
FCHU,20260904,6,4.8,0.20528453363729593,0.5028683026296114,0
FCHU,20260904,6,4.9,0.22862043236975577,0.5028683026296114,0
FCHU,20260904,6,5.0,0.34892161876421524,0.5028683026296114,0
FCHU,20260904,6,5.1,0.2904718764418581,0.5028683026296114,0
FCHU,20260904,6,5.2,0.3786526483084113,0.5028683026296114,0
FCHU,20260904,6,5.3,0.26871055740186434,0.5028683026296114,0
FCHU,20260904,6,5.4,0.2897342824472948,0.5028683026296114,0
FCHU,20260904,6,5.5,0.3308548780954362,0.5028683026296114,0
FCHU,20260904,6,5.6,0.43166432683709105,0.5028683026296114,0
FCHU,20260904,6,5.7,0.4331534432645809,0.5028683026296114,0
FCHU,20260904,6,5.8,0.270960041402275,0.5028683026296114,0
FCHU,20260904,6,5.9,0.2279652385062378,0.5028683026296114,0
FCHU,20260904,6,6.0,0.24779444517518373,0.5028683026296114,0
FCHU,20260904,6,6.1,0.27192312772276034,0.5028683026296114,0
FCHU,20260904,6,6.2,0.36953181532126556,0.5028683026296114,0
FCHU,20260904,6,6.3,0.3747831191726214,0.5028683026296114,0
FCHU,20260904,6,6.4,0.34143671796455477,0.5028683026296114,0
FCHU,20260904,6,6.5,0.4244015706257526,0.5028683026296114,0
FCHU,20260904,6,6.6,0.49693457854021283,0.5028683026296114,0
FCHU,20260904,6,6.7,0.46293255923093674,0.5028683026296114,0
FCHU,20260904,6,6.8,0.27107491258435606,0.5028683026296114,0
FCHU,20260904,6,6.9,0.2689555324735578,0.5028683026296114,0
FCHU,20260904,6,7.0,0.1998509914198953,0.5028683026296114,0
FCHU,20260904,6,7.1,0.357908185903578,0.5028683026296114,0
FCHU,20260904,6,7.2,0.5010386582510351,0.5028683026296114,0
FCHU,20260904,6,7.3,0.5044479248172195,0.5028683026296114,1
FCHU,20260904,6,7.4,0.468581885367096,0.5028683026296114,0
FCHU,20260904,6,7.5,0.4243805933767293,0.5028683026296114,0
FCHU,20260904,6,7.6,0.4128555623465931,0.5028683026296114,0
FCHU,20260904,6,7.7,0.5183149286900687,0.5028683026296114,1
FCHU,20260904,6,7.8,0.5001821327236594,0.5028683026296114,0
FCHU,20260904,6,7.9,0.5461484902537586,0.5028683026296114,1
FCHU,20260904,6,8.0,0.526028389949049,0.5028683026296114,1
FCHU,20260904,6,8.1,0.4402489932675463,0.5028683026296114,0
FCHU,20260904,6,8.2,0.29057422236332153,0.5028683026296114,0
FCHU,20260904,6,8.3,0.1956077853680377,0.5028683026296114,0
FCHU,20260904,6,8.4,0.14229309558187395,0.5028683026296114,0
FCHU,20260904,6,8.5,0.12605430443713442,0.5028683026296114,0
FCHU,20260904,6,8.6,0.12089961562398446,0.5028683026296114,0
FCHU,20260904,6,8.7,0.28293395766933355,0.5028683026296114,0
FCHU,20260904,6,8.8,0.07191323637526388,0.5028683026296114,0
FCHU,20260904,6,8.9,0.1964434252953898,0.5028683026296114,0
FCHU,20260904,6,9.0,0.18092100591910984,0.5028683026296114,0
FCHU,20260904,6,9.1,0.09346627563401455,0.5028683026296114,0
FCHU,20260904,6,9.2,0.1599350631112951,0.5028683026296114,0
FCHU,20260904,6,9.3,0.3014765157331921,0.5028683026296114,0
FCHU,20260904,6,9.4,0.3261382939683066,0.5028683026296114,0
FCHU,20260904,6,9.5,0.18697354071759967,0.5028683026296114,0
FCHU,20260904,7,1.0,0.19255511905307843,0.42237680504269304,0
FCHU,20260904,7,1.1,0.24009650681410385,0.42237680504269304,0
FCHU,20260904,7,1.2,0.14951219345679528,0.42237680504269304,0
FCHU,20260904,7,1.3,0.25151318598035616,0.42237680504269304,0
FCHU,20260904,7,1.4,0.2553490872186123,0.42237680504269304,0
FCHU,20260904,7,1.5,0.20078155165023315,0.42237680504269304,0
FCHU,20260904,7,1.6,0.27655618545009036,0.42237680504269304,0
FCHU,20260904,7,1.7,0.17239419030857073,0.42237680504269304,0
FCHU,20260904,7,1.8,0.21724585226493542,0.42237680504269304,0
FCHU,20260904,7,1.9,0.2117537774883789,0.42237680504269304,0
FCHU,20260904,7,2.0,0.2363259050280807,0.42237680504269304,0
FCHU,20260904,7,2.1,0.24238603407216183,0.42237680504269304,0
FCHU,20260904,7,2.2,0.21001896810428486,0.42237680504269304,0
FCHU,20260904,7,2.3,0.18776738382666844,0.42237680504269304,0
FCHU,20260904,7,2.4,0.12920241694836146,0.42237680504269304,0
FCHU,20260904,7,2.5,0.3248564705197514,0.42237680504269304,0
FCHU,20260904,7,2.6,0.18015338700602138,0.42237680504269304,0
FCHU,20260904,7,2.7,0.2665683060949372,0.42237680504269304,0
FCHU,20260904,7,2.8,0.3851928339839199,0.42237680504269304,0
FCHU,20260904,7,2.9,0.4116464321064113,0.42237680504269304,0
FCHU,20260904,7,3.0,0.27815442149880515,0.42237680504269304,0
FCHU,20260904,7,3.1,0.3735352168629392,0.42237680504269304,0
FCHU,20260904,7,3.2,0.1565023868215773,0.42237680504269304,0
FCHU,20260904,7,3.3,0.21327492787012836,0.42237680504269304,0
FCHU,20260904,7,3.4,0.3029804050820658,0.42237680504269304,0
FCHU,20260904,7,3.5,0.2099503429350575,0.42237680504269304,0
FCHU,20260904,7,3.6,0.14883661560615893,0.42237680504269304,0
FCHU,20260904,7,3.7,0.17321749983694731,0.42237680504269304,0
FCHU,20260904,7,3.8,0.2406016713117224,0.42237680504269304,0
FCHU,20260904,7,3.9,0.1893606047940878,0.42237680504269304,0
FCHU,20260904,7,4.0,0.15090561896473867,0.42237680504269304,0
FCHU,20260904,7,4.1,0.18399254563774273,0.42237680504269304,0
FCHU,20260904,7,4.2,0.2283442582271707,0.42237680504269304,0
FCHU,20260904,7,4.3,0.17294592610461929,0.42237680504269304,0
FCHU,20260904,7,4.4,0.1321237473246019,0.42237680504269304,0
FCHU,20260904,7,4.5,0.20681898653412648,0.42237680504269304,0
FCHU,20260904,7,4.6,0.2361388883553306,0.42237680504269304,0
FCHU,20260904,7,4.7,0.2130300806086093,0.42237680504269304,0
FCHU,20260904,7,4.8,0.23020315463027471,0.42237680504269304,0
FCHU,20260904,7,4.9,0.4362218917884812,0.42237680504269304,1
FCHU,20260904,7,5.0,0.5119054971831016,0.42237680504269304,1
FCHU,20260904,7,5.1,0.48959733770508485,0.42237680504269304,1
FCHU,20260904,7,5.2,0.345167575736184,0.42237680504269304,0
FCHU,20260904,7,5.3,0.2971512952894352,0.42237680504269304,0
FCHU,20260904,7,5.4,0.25125850275369843,0.42237680504269304,0
FCHU,20260904,7,5.5,0.213158479586673,0.42237680504269304,0
FCHU,20260904,7,5.6,0.2564621937519764,0.42237680504269304,0
FCHU,20260904,7,5.7,0.4229783505740033,0.42237680504269304,1
FCHU,20260904,7,5.8,0.504982568236557,0.42237680504269304,1
FCHU,20260904,7,5.9,0.3773310845248805,0.42237680504269304,0
FCHU,20260904,7,6.0,0.31697567789591174,0.42237680504269304,0
FCHU,20260904,7,6.1,0.39891691240441285,0.42237680504269304,0
FCHU,20260904,7,6.2,0.3172815941095406,0.42237680504269304,0
FCHU,20260904,7,6.3,0.327248310589851,0.42237680504269304,0
FCHU,20260904,7,6.4,0.46369932032726957,0.42237680504269304,1
FCHU,20260904,7,6.5,0.5214711636965714,0.42237680504269304,1
FCHU,20260904,7,6.6,0.4856296389001814,0.42237680504269304,1
FCHU,20260904,7,6.7,0.5121950009527799,0.42237680504269304,1
FCHU,20260904,7,6.8,0.46137464175591086,0.42237680504269304,1
FCHU,20260904,7,6.9,0.45350002315555044,0.42237680504269304,1
FCHU,20260904,7,7.0,0.41087270402288667,0.42237680504269304,0
FCHU,20260904,7,7.1,0.37140768620781844,0.42237680504269304,0
FCHU,20260904,7,7.2,0.2908621076773881,0.42237680504269304,0
FCHU,20260904,7,7.3,0.2871224552404293,0.42237680504269304,0
FCHU,20260904,7,7.4,0.29846733116513535,0.42237680504269304,0
FCHU,20260904,7,7.5,0.4845556204399396,0.42237680504269304,1
FCHU,20260904,7,7.6,0.636431240326469,0.42237680504269304,1
FCHU,20260904,7,7.7,0.7245260486268401,0.42237680504269304,1
FCHU,20260904,7,7.8,0.7259765138133177,0.42237680504269304,1
FCHU,20260904,7,7.9,0.569796918023967,0.42237680504269304,1
FCHU,20260904,7,8.0,0.5784638301395574,0.42237680504269304,1
FCHU,20260904,7,8.1,0.5139673258665836,0.42237680504269304,1
FCHU,20260904,7,8.2,0.46867221850430035,0.42237680504269304,1
FCHU,20260904,7,8.3,0.47992099110509806,0.42237680504269304,1
FCHU,20260904,7,8.4,0.489959144451323,0.42237680504269304,1
FCHU,20260904,7,8.5,0.4826870771635777,0.42237680504269304,1
FCHU,20260904,7,8.6,0.23698299345271406,0.42237680504269304,0
FCHU,20260904,7,8.7,0.1993244858914715,0.42237680504269304,0
FCHU,20260904,7,8.8,0.1375062212977868,0.42237680504269304,0
FCHU,20260904,7,8.9,0.03175569708286563,0.42237680504269304,0
FCHU,20260904,7,9.0,0.11329823290529971,0.42237680504269304,0
FCHU,20260904,7,9.1,0.2377596308207117,0.42237680504269304,0
FCHU,20260904,7,9.2,0.22556442507638247,0.42237680504269304,0
FCHU,20260904,7,9.3,0.10367270618575151,0.42237680504269304,0
FCHU,20260904,7,9.4,0.09287047175421179,0.42237680504269304,0
FCHU,20260904,7,9.5,0.11591933769969222,0.42237680504269304,0
FCHU,20260904,8,1.0,0.10731471212742862,0.3954231979444519,0
FCHU,20260904,8,1.1,0.10589154287613672,0.3954231979444519,0
FCHU,20260904,8,1.2,0.07548062273052394,0.3954231979444519,0
FCHU,20260904,8,1.3,0.12595555095933078,0.3954231979444519,0
FCHU,20260904,8,1.4,0.20841479497930585,0.3954231979444519,0
FCHU,20260904,8,1.5,0.13072746209070696,0.3954231979444519,0
FCHU,20260904,8,1.6,0.17426885747299092,0.3954231979444519,0
FCHU,20260904,8,1.7,0.10466178414850173,0.3954231979444519,0
FCHU,20260904,8,1.8,0.2219279217349782,0.3954231979444519,0
FCHU,20260904,8,1.9,0.19815791934450738,0.3954231979444519,0
FCHU,20260904,8,2.0,0.2066030226940917,0.3954231979444519,0
FCHU,20260904,8,2.1,0.07766558376372457,0.3954231979444519,0
FCHU,20260904,8,2.2,0.06720588584178296,0.3954231979444519,0
FCHU,20260904,8,2.3,0.1217627460937039,0.3954231979444519,0
FCHU,20260904,8,2.4,0.09664498630823555,0.3954231979444519,0
FCHU,20260904,8,2.5,0.1287643293762644,0.3954231979444519,0
FCHU,20260904,8,2.6,0.33070303943997276,0.3954231979444519,0
FCHU,20260904,8,2.7,0.393481054791204,0.3954231979444519,0
FCHU,20260904,8,2.8,0.24471107027757905,0.3954231979444519,0
FCHU,20260904,8,2.9,0.1831496340170311,0.3954231979444519,0
FCHU,20260904,8,3.0,0.12725720647921615,0.3954231979444519,0
FCHU,20260904,8,3.1,0.12063025494248475,0.3954231979444519,0
FCHU,20260904,8,3.2,0.11091877165541261,0.3954231979444519,0
FCHU,20260904,8,3.3,0.07683237149380336,0.3954231979444519,0
FCHU,20260904,8,3.4,0.07503979760838013,0.3954231979444519,0
FCHU,20260904,8,3.5,0.05690764690719302,0.3954231979444519,0
FCHU,20260904,8,3.6,0.06800206431630378,0.3954231979444519,0
FCHU,20260904,8,3.7,0.04454388723456281,0.3954231979444519,0
FCHU,20260904,8,3.8,0.11554469707443163,0.3954231979444519,0
FCHU,20260904,8,3.9,0.11759228454193936,0.3954231979444519,0
FCHU,20260904,8,4.0,0.04398758077187333,0.3954231979444519,0
FCHU,20260904,8,4.1,0.09612567478511425,0.3954231979444519,0
FCHU,20260904,8,4.2,0.16572871654336827,0.3954231979444519,0
FCHU,20260904,8,4.3,0.14384904782717897,0.3954231979444519,0
FCHU,20260904,8,4.4,0.18322191613223898,0.3954231979444519,0
FCHU,20260904,8,4.5,0.16990180563559398,0.3954231979444519,0
FCHU,20260904,8,4.6,0.15855076271307328,0.3954231979444519,0
FCHU,20260904,8,4.7,0.22334214032486222,0.3954231979444519,0
FCHU,20260904,8,4.8,0.36312624101956104,0.3954231979444519,0
FCHU,20260904,8,4.9,0.4260431056484478,0.3954231979444519,1
FCHU,20260904,8,5.0,0.3412241654762607,0.3954231979444519,0
FCHU,20260904,8,5.1,0.28889823488380806,0.3954231979444519,0
FCHU,20260904,8,5.2,0.2590954332943547,0.3954231979444519,0
FCHU,20260904,8,5.3,0.22675944238284965,0.3954231979444519,0
FCHU,20260904,8,5.4,0.18660661814275686,0.3954231979444519,0
FCHU,20260904,8,5.5,0.2025014317907704,0.3954231979444519,0
FCHU,20260904,8,5.6,0.13676859599808125,0.3954231979444519,0
FCHU,20260904,8,5.7,0.11313166864653863,0.3954231979444519,0
FCHU,20260904,8,5.8,0.22237245306454195,0.3954231979444519,0
FCHU,20260904,8,5.9,0.3326011077821114,0.3954231979444519,0
FCHU,20260904,8,6.0,0.41868153471013686,0.3954231979444519,1
FCHU,20260904,8,6.1,0.4523897455512394,0.3954231979444519,1
FCHU,20260904,8,6.2,0.4511292774292856,0.3954231979444519,1
FCHU,20260904,8,6.3,0.4381631621881911,0.3954231979444519,1
FCHU,20260904,8,6.4,0.2523746652443688,0.3954231979444519,0
FCHU,20260904,8,6.5,0.20010072098276704,0.3954231979444519,0
FCHU,20260904,8,6.6,0.1542063146324628,0.3954231979444519,0
FCHU,20260904,8,6.7,0.38105807713986695,0.3954231979444519,0
FCHU,20260904,8,6.8,0.4739966861627553,0.3954231979444519,1
FCHU,20260904,8,6.9,0.5978422874691182,0.3954231979444519,1
FCHU,20260904,8,7.0,0.5881672758426706,0.3954231979444519,1
FCHU,20260904,8,7.1,0.576754128433276,0.3954231979444519,1
FCHU,20260904,8,7.2,0.6080393813701293,0.3954231979444519,1
FCHU,20260904,8,7.3,0.5322891818803683,0.3954231979444519,1
FCHU,20260904,8,7.4,0.48435162748600674,0.3954231979444519,1
FCHU,20260904,8,7.5,0.540509465516326,0.3954231979444519,1
FCHU,20260904,8,7.6,0.5436765165859702,0.3954231979444519,1
FCHU,20260904,8,7.7,0.6875189773762496,0.3954231979444519,1
FCHU,20260904,8,7.8,0.6101799511212951,0.3954231979444519,1
FCHU,20260904,8,7.9,0.42553746186719826,0.3954231979444519,1
FCHU,20260904,8,8.0,0.2761486698872332,0.3954231979444519,0
FCHU,20260904,8,8.1,0.27788133568405954,0.3954231979444519,0
FCHU,20260904,8,8.2,0.16865291026586843,0.3954231979444519,0
FCHU,20260904,8,8.3,0.3427529945728563,0.3954231979444519,0
FCHU,20260904,8,8.4,0.39561347465486957,0.3954231979444519,1
FCHU,20260904,8,8.5,0.36694279128054624,0.3954231979444519,0
FCHU,20260904,8,8.6,0.20211206771210477,0.3954231979444519,0
FCHU,20260904,8,8.7,0.23584255826178196,0.3954231979444519,0
FCHU,20260904,8,8.8,0.2546721433573916,0.3954231979444519,0
FCHU,20260904,8,8.9,0.1286416623574535,0.3954231979444519,0
FCHU,20260904,8,9.0,0.07091222901780143,0.3954231979444519,0
FCHU,20260904,8,9.1,0.08630437148915515,0.3954231979444519,0
FCHU,20260904,8,9.2,0.1993485022726769,0.3954231979444519,0
FCHU,20260904,8,9.3,0.22193142508187283,0.3954231979444519,0
FCHU,20260904,8,9.4,0.3049910251939174,0.3954231979444519,0
FCHU,20260904,8,9.5,0.27093855707046594,0.3954231979444519,0
FCHU,20260904,9,1.0,0.31626063752397937,0.5796334865947413,0
FCHU,20260904,9,1.1,0.4233142052171086,0.5796334865947413,0
FCHU,20260904,9,1.2,0.3160139668255844,0.5796334865947413,0
FCHU,20260904,9,1.3,0.33799747646495465,0.5796334865947413,0
FCHU,20260904,9,1.4,0.24252626698018526,0.5796334865947413,0
FCHU,20260904,9,1.5,0.2836945246523051,0.5796334865947413,0
FCHU,20260904,9,1.6,0.3690634736800512,0.5796334865947413,0
FCHU,20260904,9,1.7,0.38934396488923223,0.5796334865947413,0
FCHU,20260904,9,1.8,0.4499724210462591,0.5796334865947413,0
FCHU,20260904,9,1.9,0.6286863698225956,0.5796334865947413,1
FCHU,20260904,9,2.0,0.5515743928107638,0.5796334865947413,0
FCHU,20260904,9,2.1,0.442273264584507,0.5796334865947413,0
FCHU,20260904,9,2.2,0.4163977945226552,0.5796334865947413,0
FCHU,20260904,9,2.3,0.3383101302611546,0.5796334865947413,0
FCHU,20260904,9,2.4,0.2283428756480523,0.5796334865947413,0
FCHU,20260904,9,2.5,0.06106117625995436,0.5796334865947413,0
FCHU,20260904,9,2.6,0.04825426218906405,0.5796334865947413,0
FCHU,20260904,9,2.7,0.23210061608393437,0.5796334865947413,0
FCHU,20260904,9,2.8,0.4099447749875529,0.5796334865947413,0
FCHU,20260904,9,2.9,0.48843172949952834,0.5796334865947413,0
FCHU,20260904,9,3.0,0.4251102521573214,0.5796334865947413,0
FCHU,20260904,9,3.1,0.45041303571897223,0.5796334865947413,0
FCHU,20260904,9,3.2,0.5025863791254835,0.5796334865947413,0
FCHU,20260904,9,3.3,0.5705364750482457,0.5796334865947413,0
FCHU,20260904,9,3.4,0.39151757473612697,0.5796334865947413,0
FCHU,20260904,9,3.5,0.47614689819101036,0.5796334865947413,0
FCHU,20260904,9,3.6,0.47386424881907474,0.5796334865947413,0
FCHU,20260904,9,3.7,0.4753001970211153,0.5796334865947413,0
FCHU,20260904,9,3.8,0.39362705787446634,0.5796334865947413,0
FCHU,20260904,9,3.9,0.21906541704739008,0.5796334865947413,0
FCHU,20260904,9,4.0,0.2125510324380752,0.5796334865947413,0
FCHU,20260904,9,4.1,0.34406620021857853,0.5796334865947413,0
FCHU,20260904,9,4.2,0.4946960331549436,0.5796334865947413,0
FCHU,20260904,9,4.3,0.5410231229307799,0.5796334865947413,0
FCHU,20260904,9,4.4,0.4608699432837332,0.5796334865947413,0
FCHU,20260904,9,4.5,0.16775513828965666,0.5796334865947413,0
FCHU,20260904,9,4.6,0.11731278921841819,0.5796334865947413,0
FCHU,20260904,9,4.7,0.24945282871237623,0.5796334865947413,0
FCHU,20260904,9,4.8,0.3064917204779087,0.5796334865947413,0
FCHU,20260904,9,4.9,0.4568589594208253,0.5796334865947413,0
FCHU,20260904,9,5.0,0.49369958456965324,0.5796334865947413,0
FCHU,20260904,9,5.1,0.42537646083375164,0.5796334865947413,0
FCHU,20260904,9,5.2,0.4266612220460559,0.5796334865947413,0
FCHU,20260904,9,5.3,0.5618900846893662,0.5796334865947413,0
FCHU,20260904,9,5.4,0.5588760770543577,0.5796334865947413,0
FCHU,20260904,9,5.5,0.4837882200303371,0.5796334865947413,0
FCHU,20260904,9,5.6,0.37588468582720413,0.5796334865947413,0
FCHU,20260904,9,5.7,0.3711806025675281,0.5796334865947413,0
FCHU,20260904,9,5.8,0.3680119959273094,0.5796334865947413,0
FCHU,20260904,9,5.9,0.465506988894305,0.5796334865947413,0
FCHU,20260904,9,6.0,0.36885036713097386,0.5796334865947413,0
FCHU,20260904,9,6.1,0.4660130192672756,0.5796334865947413,0
FCHU,20260904,9,6.2,0.3308728091721768,0.5796334865947413,0
FCHU,20260904,9,6.3,0.2545263613693318,0.5796334865947413,0
FCHU,20260904,9,6.4,0.3716322819290389,0.5796334865947413,0
FCHU,20260904,9,6.5,0.4266433552496496,0.5796334865947413,0
FCHU,20260904,9,6.6,0.531077843920112,0.5796334865947413,0
FCHU,20260904,9,6.7,0.5796468073716433,0.5796334865947413,1
FCHU,20260904,9,6.8,0.6370236568947096,0.5796334865947413,1
FCHU,20260904,9,6.9,0.6274706706499227,0.5796334865947413,1
FCHU,20260904,9,7.0,0.5965221363473162,0.5796334865947413,1
FCHU,20260904,9,7.1,0.5012593361564728,0.5796334865947413,0
FCHU,20260904,9,7.2,0.5141042703346179,0.5796334865947413,0
FCHU,20260904,9,7.3,0.4865406037568611,0.5796334865947413,0
FCHU,20260904,9,7.4,0.5444160988643519,0.5796334865947413,0
FCHU,20260904,9,7.5,0.6017210800340502,0.5796334865947413,1
FCHU,20260904,9,7.6,0.5747590924895893,0.5796334865947413,0
FCHU,20260904,9,7.7,0.5167025665788105,0.5796334865947413,0
FCHU,20260904,9,7.8,0.47360060756430544,0.5796334865947413,0
FCHU,20260904,9,7.9,0.49249512447248117,0.5796334865947413,0
FCHU,20260904,9,8.0,0.4989653295579256,0.5796334865947413,0
FCHU,20260904,9,8.1,0.411958893997169,0.5796334865947413,0
FCHU,20260904,9,8.2,0.4082081620450522,0.5796334865947413,0
FCHU,20260904,9,8.3,0.3764203895871835,0.5796334865947413,0
FCHU,20260904,9,8.4,0.3526565557395727,0.5796334865947413,0
FCHU,20260904,9,8.5,0.28956331198233554,0.5796334865947413,0
FCHU,20260904,9,8.6,0.2450292369878153,0.5796334865947413,0
FCHU,20260904,9,8.7,0.15477796223877918,0.5796334865947413,0
FCHU,20260904,9,8.8,0.1581687185742806,0.5796334865947413,0
FCHU,20260904,9,8.9,0.12492606506990689,0.5796334865947413,0
FCHU,20260904,9,9.0,0.09907988870490436,0.5796334865947413,0
FCHU,20260904,9,9.1,0.14109007228270642,0.5796334865947413,0
FCHU,20260904,9,9.2,0.4433881990509558,0.5796334865947413,0
FCHU,20260904,9,9.3,0.47431014289931356,0.5796334865947413,0
FCHU,20260904,9,9.4,0.47662677325994207,0.5796334865947413,0
FCHU,20260904,9,9.5,0.388514278663415,0.5796334865947413,0
FCHU,20260904,10,1.0,0.2485031492411845,0.70506635283224,0
FCHU,20260904,10,1.1,0.2891551563973059,0.70506635283224,0
FCHU,20260904,10,1.2,0.40750938863406594,0.70506635283224,0
FCHU,20260904,10,1.3,0.42373151189799074,0.70506635283224,0
FCHU,20260904,10,1.4,0.5094708389635881,0.70506635283224,0
FCHU,20260904,10,1.5,0.48868970320669636,0.70506635283224,0
FCHU,20260904,10,1.6,0.5741857800203707,0.70506635283224,0
FCHU,20260904,10,1.7,0.5186502148788792,0.70506635283224,0
FCHU,20260904,10,1.8,0.6458005663539532,0.70506635283224,0
FCHU,20260904,10,1.9,0.4424780252982064,0.70506635283224,0
FCHU,20260904,10,2.0,0.3789056025827685,0.70506635283224,0
FCHU,20260904,10,2.1,0.27996487748037197,0.70506635283224,0
FCHU,20260904,10,2.2,0.34028884528474596,0.70506635283224,0
FCHU,20260904,10,2.3,0.3217245974042193,0.70506635283224,0
FCHU,20260904,10,2.4,0.42319476413873236,0.70506635283224,0
FCHU,20260904,10,2.5,0.5219688554916748,0.70506635283224,0
FCHU,20260904,10,2.6,0.5769477370013122,0.70506635283224,0
FCHU,20260904,10,2.7,0.6203358105130963,0.70506635283224,0
FCHU,20260904,10,2.8,0.6408790340234446,0.70506635283224,0
FCHU,20260904,10,2.9,0.5212125931402211,0.70506635283224,0
FCHU,20260904,10,3.0,0.5945503483051032,0.70506635283224,0
FCHU,20260904,10,3.1,0.5785539573099795,0.70506635283224,0
FCHU,20260904,10,3.2,0.5829543653919042,0.70506635283224,0
FCHU,20260904,10,3.3,0.629267204726403,0.70506635283224,0
FCHU,20260904,10,3.4,0.5108257392969108,0.70506635283224,0
FCHU,20260904,10,3.5,0.6102422810592503,0.70506635283224,0
FCHU,20260904,10,3.6,0.5345074791235365,0.70506635283224,0
FCHU,20260904,10,3.7,0.6149237356903189,0.70506635283224,0
FCHU,20260904,10,3.8,0.46254824672338235,0.70506635283224,0
FCHU,20260904,10,3.9,0.21728088793276729,0.70506635283224,0
FCHU,20260904,10,4.0,0.18653465712104814,0.70506635283224,0
FCHU,20260904,10,4.1,0.47366223265122287,0.70506635283224,0
FCHU,20260904,10,4.2,0.5306203717227674,0.70506635283224,0
FCHU,20260904,10,4.3,0.6365377181068577,0.70506635283224,0
FCHU,20260904,10,4.4,0.491509504464408,0.70506635283224,0
FCHU,20260904,10,4.5,0.5765446945355961,0.70506635283224,0
FCHU,20260904,10,4.6,0.38973724350553635,0.70506635283224,0
FCHU,20260904,10,4.7,0.48957255271458944,0.70506635283224,0
FCHU,20260904,10,4.8,0.38555247897981276,0.70506635283224,0
FCHU,20260904,10,4.9,0.18375161023069184,0.70506635283224,0
FCHU,20260904,10,5.0,0.09369957290040141,0.70506635283224,0
FCHU,20260904,10,5.1,0.18057732297211648,0.70506635283224,0
FCHU,20260904,10,5.2,0.20451314711130522,0.70506635283224,0
FCHU,20260904,10,5.3,0.3078876696889646,0.70506635283224,0
FCHU,20260904,10,5.4,0.3100692563368232,0.70506635283224,0
FCHU,20260904,10,5.5,0.2986648738091913,0.70506635283224,0
FCHU,20260904,10,5.6,0.2892082702889951,0.70506635283224,0
FCHU,20260904,10,5.7,0.2965663023100201,0.70506635283224,0
FCHU,20260904,10,5.8,0.4006258108875613,0.70506635283224,0
FCHU,20260904,10,5.9,0.34813446670377685,0.70506635283224,0
FCHU,20260904,10,6.0,0.3329465800758257,0.70506635283224,0
FCHU,20260904,10,6.1,0.30141981129176904,0.70506635283224,0
FCHU,20260904,10,6.2,0.3210839892154748,0.70506635283224,0
FCHU,20260904,10,6.3,0.4808811067257493,0.70506635283224,0
FCHU,20260904,10,6.4,0.42604792268635716,0.70506635283224,0
FCHU,20260904,10,6.5,0.42808688027321057,0.70506635283224,0
FCHU,20260904,10,6.6,0.46681758551034636,0.70506635283224,0
FCHU,20260904,10,6.7,0.4993805553432113,0.70506635283224,0
FCHU,20260904,10,6.8,0.5712037113383005,0.70506635283224,0
FCHU,20260904,10,6.9,0.6468388687489416,0.70506635283224,0
FCHU,20260904,10,7.0,0.6124788122595011,0.70506635283224,0
FCHU,20260904,10,7.1,0.5470193443985127,0.70506635283224,0
FCHU,20260904,10,7.2,0.47969662894794235,0.70506635283224,0
FCHU,20260904,10,7.3,0.48888623912704515,0.70506635283224,0
FCHU,20260904,10,7.4,0.5816941396065117,0.70506635283224,0
FCHU,20260904,10,7.5,0.48362561700867157,0.70506635283224,0
FCHU,20260904,10,7.6,0.4430742879342445,0.70506635283224,0
FCHU,20260904,10,7.7,0.5275499726460043,0.70506635283224,0
FCHU,20260904,10,7.8,0.45828230434336137,0.70506635283224,0
FCHU,20260904,10,7.9,0.5223401118778782,0.70506635283224,0
FCHU,20260904,10,8.0,0.6037548468872266,0.70506635283224,0
FCHU,20260904,10,8.1,0.5620452800255249,0.70506635283224,0
FCHU,20260904,10,8.2,0.41467948993439513,0.70506635283224,0
FCHU,20260904,10,8.3,0.09930850911465022,0.70506635283224,0
FCHU,20260904,10,8.4,0.08628426718433468,0.70506635283224,0
FCHU,20260904,10,8.5,0.17120358845852754,0.70506635283224,0
FCHU,20260904,10,8.6,0.1419146352113846,0.70506635283224,0
FCHU,20260904,10,8.7,0.01342870146999647,0.70506635283224,0
FCHU,20260904,10,8.8,0.06586062876491888,0.70506635283224,0
FCHU,20260904,10,8.9,0.14809632018676533,0.70506635283224,0
FCHU,20260904,10,9.0,0.14579952372568245,0.70506635283224,0
FCHU,20260904,10,9.1,0.21546206754520558,0.70506635283224,0
FCHU,20260904,10,9.2,0.16183847950659638,0.70506635283224,0
FCHU,20260904,10,9.3,0.1623230334998272,0.70506635283224,0
FCHU,20260904,10,9.4,0.12089033113362556,0.70506635283224,0
FCHU,20260904,10,9.5,0.11667466565178379,0.70506635283224,0
FCHU,20260904,11,1.0,0.47891886354525326,0.5346858997183467,0
FCHU,20260904,11,1.1,0.5826507840857501,0.5346858997183467,1
FCHU,20260904,11,1.2,0.6010075384752138,0.5346858997183467,1
FCHU,20260904,11,1.3,0.5588866978272825,0.5346858997183467,1
FCHU,20260904,11,1.4,0.5794699057734983,0.5346858997183467,1
FCHU,20260904,11,1.5,0.44938940904875746,0.5346858997183467,0
FCHU,20260904,11,1.6,0.6455185498461935,0.5346858997183467,1
FCHU,20260904,11,1.7,0.6536962474502707,0.5346858997183467,1
FCHU,20260904,11,1.8,0.42848065287938153,0.5346858997183467,0
FCHU,20260904,11,1.9,0.40830283718007876,0.5346858997183467,0
FCHU,20260904,11,2.0,0.31232425445995887,0.5346858997183467,0
FCHU,20260904,11,2.1,0.364804286078245,0.5346858997183467,0
FCHU,20260904,11,2.2,0.38399668372388607,0.5346858997183467,0
FCHU,20260904,11,2.3,0.3997253783281726,0.5346858997183467,0
FCHU,20260904,11,2.4,0.4844742347045054,0.5346858997183467,0
FCHU,20260904,11,2.5,0.4675953577554749,0.5346858997183467,0
FCHU,20260904,11,2.6,0.5692884943993927,0.5346858997183467,1
FCHU,20260904,11,2.7,0.5837869222132837,0.5346858997183467,1
FCHU,20260904,11,2.8,0.6027659457001582,0.5346858997183467,1
FCHU,20260904,11,2.9,0.578257630766727,0.5346858997183467,1
FCHU,20260904,11,3.0,0.4623938684670052,0.5346858997183467,0
FCHU,20260904,11,3.1,0.4167290203661189,0.5346858997183467,0
FCHU,20260904,11,3.2,0.5342033926874733,0.5346858997183467,0
FCHU,20260904,11,3.3,0.46767334821266,0.5346858997183467,0
FCHU,20260904,11,3.4,0.41359200945439883,0.5346858997183467,0
FCHU,20260904,11,3.5,0.43961755363957905,0.5346858997183467,0
FCHU,20260904,11,3.6,0.33007816811125745,0.5346858997183467,0
FCHU,20260904,11,3.7,0.3019597579794105,0.5346858997183467,0
FCHU,20260904,11,3.8,0.21883938634088912,0.5346858997183467,0
FCHU,20260904,11,3.9,0.1958317170637591,0.5346858997183467,0
FCHU,20260904,11,4.0,0.31313647157216057,0.5346858997183467,0
FCHU,20260904,11,4.1,0.32888599346027103,0.5346858997183467,0
FCHU,20260904,11,4.2,0.4253652884870332,0.5346858997183467,0
FCHU,20260904,11,4.3,0.365942800204128,0.5346858997183467,0
FCHU,20260904,11,4.4,0.1362775144514574,0.5346858997183467,0
FCHU,20260904,11,4.5,0.1414325774447276,0.5346858997183467,0
FCHU,20260904,11,4.6,0.09153780937213278,0.5346858997183467,0
FCHU,20260904,11,4.7,0.2477400263683424,0.5346858997183467,0
FCHU,20260904,11,4.8,0.25955209730450546,0.5346858997183467,0
FCHU,20260904,11,4.9,0.26558530469583796,0.5346858997183467,0
FCHU,20260904,11,5.0,0.16027036788385102,0.5346858997183467,0
FCHU,20260904,11,5.1,0.23360194644685295,0.5346858997183467,0
FCHU,20260904,11,5.2,0.026181324770442466,0.5346858997183467,0
FCHU,20260904,11,5.3,0.23979367140254043,0.5346858997183467,0
FCHU,20260904,11,5.4,0.24718723863439113,0.5346858997183467,0
FCHU,20260904,11,5.5,0.4092398672341764,0.5346858997183467,0
FCHU,20260904,11,5.6,0.4626791129639985,0.5346858997183467,0
FCHU,20260904,11,5.7,0.48652054319533994,0.5346858997183467,0
FCHU,20260904,11,5.8,0.31909368809975247,0.5346858997183467,0
FCHU,20260904,11,5.9,0.24413525379470172,0.5346858997183467,0
FCHU,20260904,11,6.0,0.23743152092682207,0.5346858997183467,0
FCHU,20260904,11,6.1,0.2771048481268336,0.5346858997183467,0
FCHU,20260904,11,6.2,0.25923451906175005,0.5346858997183467,0
FCHU,20260904,11,6.3,0.3003505257838731,0.5346858997183467,0
FCHU,20260904,11,6.4,0.07939045824288839,0.5346858997183467,0
FCHU,20260904,11,6.5,0.16780535154854218,0.5346858997183467,0
FCHU,20260904,11,6.6,0.2107598664909247,0.5346858997183467,0
FCHU,20260904,11,6.7,0.3771176159794507,0.5346858997183467,0
FCHU,20260904,11,6.8,0.3412437103555589,0.5346858997183467,0
FCHU,20260904,11,6.9,0.4080156677502388,0.5346858997183467,0
FCHU,20260904,11,7.0,0.32464671595929423,0.5346858997183467,0
FCHU,20260904,11,7.1,0.43309194161889664,0.5346858997183467,0
FCHU,20260904,11,7.2,0.4810381587770804,0.5346858997183467,0
FCHU,20260904,11,7.3,0.5089289307189753,0.5346858997183467,0
FCHU,20260904,11,7.4,0.4112065413148439,0.5346858997183467,0
FCHU,20260904,11,7.5,0.36146479415623195,0.5346858997183467,0
FCHU,20260904,11,7.6,0.4049236663175756,0.5346858997183467,0
FCHU,20260904,11,7.7,0.49454026115819305,0.5346858997183467,0
FCHU,20260904,11,7.8,0.44464852193112847,0.5346858997183467,0
FCHU,20260904,11,7.9,0.41627105821583926,0.5346858997183467,0
FCHU,20260904,11,8.0,0.2567849205133265,0.5346858997183467,0
FCHU,20260904,11,8.1,0.21525151073720375,0.5346858997183467,0
FCHU,20260904,11,8.2,0.25661496286297464,0.5346858997183467,0
FCHU,20260904,11,8.3,0.1510781709175041,0.5346858997183467,0
FCHU,20260904,11,8.4,0.23486539705505574,0.5346858997183467,0
FCHU,20260904,11,8.5,0.25072894294036796,0.5346858997183467,0
FCHU,20260904,11,8.6,0.3658090644847105,0.5346858997183467,0
FCHU,20260904,11,8.7,0.13391244226371715,0.5346858997183467,0
FCHU,20260904,11,8.8,0.24009793068045657,0.5346858997183467,0
FCHU,20260904,11,8.9,0.20208474964382825,0.5346858997183467,0
FCHU,20260904,11,9.0,0.24727099022972554,0.5346858997183467,0
FCHU,20260904,11,9.1,0.19143570076940572,0.5346858997183467,0
FCHU,20260904,11,9.2,0.25578269914130436,0.5346858997183467,0
FCHU,20260904,11,9.3,0.20020589944178302,0.5346858997183467,0
FCHU,20260904,11,9.4,0.21445793758384002,0.5346858997183467,0
FCHU,20260904,11,9.5,0.29901614269751015,0.5346858997183467,0
FCHU,20260904,12,1.0,0.13849769570662376,0.44068369107866645,0
FCHU,20260904,12,1.1,0.3893639494411297,0.44068369107866645,0
FCHU,20260904,12,1.2,0.2542628411392801,0.44068369107866645,0
FCHU,20260904,12,1.3,0.20714849092069945,0.44068369107866645,0
FCHU,20260904,12,1.4,0.185215011257468,0.44068369107866645,0
FCHU,20260904,12,1.5,0.08834359895804372,0.44068369107866645,0
FCHU,20260904,12,1.6,0.18859640087408538,0.44068369107866645,0
FCHU,20260904,12,1.7,0.22178591121819766,0.44068369107866645,0
FCHU,20260904,12,1.8,0.0824742537884553,0.44068369107866645,0
FCHU,20260904,12,1.9,0.03008659942134304,0.44068369107866645,0
FCHU,20260904,12,2.0,0.1192493610234203,0.44068369107866645,0
FCHU,20260904,12,2.1,0.030759785521545176,0.44068369107866645,0
FCHU,20260904,12,2.2,0.15073423062421581,0.44068369107866645,0
FCHU,20260904,12,2.3,0.17068491646568362,0.44068369107866645,0
FCHU,20260904,12,2.4,0.2467770849142608,0.44068369107866645,0
FCHU,20260904,12,2.5,0.2725673898982007,0.44068369107866645,0
FCHU,20260904,12,2.6,0.21943107106449827,0.44068369107866645,0
FCHU,20260904,12,2.7,0.21056848009122645,0.44068369107866645,0
FCHU,20260904,12,2.8,0.24184855314041312,0.44068369107866645,0
FCHU,20260904,12,2.9,0.2689857828725667,0.44068369107866645,0
FCHU,20260904,12,3.0,0.25164297572662264,0.44068369107866645,0
FCHU,20260904,12,3.1,0.2746976704712284,0.44068369107866645,0
FCHU,20260904,12,3.2,0.21583341101416145,0.44068369107866645,0
FCHU,20260904,12,3.3,0.33329712664671424,0.44068369107866645,0
FCHU,20260904,12,3.4,0.29228451991754406,0.44068369107866645,0
FCHU,20260904,12,3.5,0.016158949532308522,0.44068369107866645,0
FCHU,20260904,12,3.6,0.07786320124947786,0.44068369107866645,0
FCHU,20260904,12,3.7,0.15600991402590345,0.44068369107866645,0
FCHU,20260904,12,3.8,0.09016073361246418,0.44068369107866645,0
FCHU,20260904,12,3.9,0.01727443483206666,0.44068369107866645,0
FCHU,20260904,12,4.0,0.24171014731607787,0.44068369107866645,0
FCHU,20260904,12,4.1,0.2984089181230195,0.44068369107866645,0
FCHU,20260904,12,4.2,0.17427747295250054,0.44068369107866645,0
FCHU,20260904,12,4.3,0.061584199245945215,0.44068369107866645,0
FCHU,20260904,12,4.4,0.06706778746856462,0.44068369107866645,0
FCHU,20260904,12,4.5,0.034061953427822284,0.44068369107866645,0
FCHU,20260904,12,4.6,0.052309282651720294,0.44068369107866645,0
FCHU,20260904,12,4.7,0.1902818484506426,0.44068369107866645,0
FCHU,20260904,12,4.8,0.18943993854165384,0.44068369107866645,0
FCHU,20260904,12,4.9,0.21259366512600492,0.44068369107866645,0
FCHU,20260904,12,5.0,0.23148593969254738,0.44068369107866645,0
FCHU,20260904,12,5.1,0.42444725790137894,0.44068369107866645,0
FCHU,20260904,12,5.2,0.3029671233785971,0.44068369107866645,0
FCHU,20260904,12,5.3,0.11226547713068355,0.44068369107866645,0
FCHU,20260904,12,5.4,0.16662723529591236,0.44068369107866645,0
FCHU,20260904,12,5.5,0.14225889282632873,0.44068369107866645,0
FCHU,20260904,12,5.6,0.006534085085656767,0.44068369107866645,0
FCHU,20260904,12,5.7,0.18494371519858308,0.44068369107866645,0
FCHU,20260904,12,5.8,0.23490477569998167,0.44068369107866645,0
FCHU,20260904,12,5.9,0.17140449027346824,0.44068369107866645,0
FCHU,20260904,12,6.0,0.0848063772054655,0.44068369107866645,0
FCHU,20260904,12,6.1,0.035244109300833174,0.44068369107866645,0
FCHU,20260904,12,6.2,0.10259765323069973,0.44068369107866645,0
FCHU,20260904,12,6.3,0.24325733506644467,0.44068369107866645,0
FCHU,20260904,12,6.4,0.3366246812183331,0.44068369107866645,0
FCHU,20260904,12,6.5,0.3587848487471165,0.44068369107866645,0
FCHU,20260904,12,6.6,0.3576889655875796,0.44068369107866645,0
FCHU,20260904,12,6.7,0.2412238226471184,0.44068369107866645,0
FCHU,20260904,12,6.8,0.33166398801026303,0.44068369107866645,0
FCHU,20260904,12,6.9,0.49022214927909225,0.44068369107866645,1
FCHU,20260904,12,7.0,0.5287600739687636,0.44068369107866645,1
FCHU,20260904,12,7.1,0.44837246132474334,0.44068369107866645,1
FCHU,20260904,12,7.2,0.3996768629816538,0.44068369107866645,0
FCHU,20260904,12,7.3,0.4725582166912096,0.44068369107866645,1
FCHU,20260904,12,7.4,0.45689209168168216,0.44068369107866645,1
FCHU,20260904,12,7.5,0.4448836239511351,0.44068369107866645,1
FCHU,20260904,12,7.6,0.5517327312645613,0.44068369107866645,1
FCHU,20260904,12,7.7,0.5407403149557547,0.44068369107866645,1
FCHU,20260904,12,7.8,0.6259332559074396,0.44068369107866645,1
FCHU,20260904,12,7.9,0.6879948667173146,0.44068369107866645,1
FCHU,20260904,12,8.0,0.4998195083561023,0.44068369107866645,1
FCHU,20260904,12,8.1,0.5754833837183374,0.44068369107866645,1
FCHU,20260904,12,8.2,0.4819203317194859,0.44068369107866645,1
FCHU,20260904,12,8.3,0.3183285777576918,0.44068369107866645,0
FCHU,20260904,12,8.4,0.3909252035305579,0.44068369107866645,0
FCHU,20260904,12,8.5,0.2877660671448959,0.44068369107866645,0
FCHU,20260904,12,8.6,0.27634786627106095,0.44068369107866645,0
FCHU,20260904,12,8.7,0.23339411980593763,0.44068369107866645,0
FCHU,20260904,12,8.8,0.08757123227794082,0.44068369107866645,0
FCHU,20260904,12,8.9,0.09936055169656952,0.44068369107866645,0
FCHU,20260904,12,9.0,0.18704644933680453,0.44068369107866645,0
FCHU,20260904,12,9.1,0.32127385462410996,0.44068369107866645,0
FCHU,20260904,12,9.2,0.295970988775723,0.44068369107866645,0
FCHU,20260904,12,9.3,0.029267294100841137,0.44068369107866645,0
FCHU,20260904,12,9.4,0.1120547782350826,0.44068369107866645,0
FCHU,20260904,12,9.5,0.07970304307516202,0.44068369107866645,0
FCHU,20260904,13,1.0,0.23681364154585158,0.33937207349844883,0
FCHU,20260904,13,1.1,0.21032208374968153,0.33937207349844883,0
FCHU,20260904,13,1.2,0.10427152594528068,0.33937207349844883,0
FCHU,20260904,13,1.3,0.05438433641826852,0.33937207349844883,0
FCHU,20260904,13,1.4,0.2070805635224504,0.33937207349844883,0
FCHU,20260904,13,1.5,0.10161459041308697,0.33937207349844883,0
FCHU,20260904,13,1.6,0.08098320314851919,0.33937207349844883,0
FCHU,20260904,13,1.7,0.07895175854124645,0.33937207349844883,0
FCHU,20260904,13,1.8,0.20179773444147542,0.33937207349844883,0
FCHU,20260904,13,1.9,0.13763939021834312,0.33937207349844883,0
FCHU,20260904,13,2.0,0.22366342757980942,0.33937207349844883,0
FCHU,20260904,13,2.1,0.23757406278959972,0.33937207349844883,0
FCHU,20260904,13,2.2,0.1327014676701624,0.33937207349844883,0
FCHU,20260904,13,2.3,0.1025818177532006,0.33937207349844883,0
FCHU,20260904,13,2.4,0.15427562475521414,0.33937207349844883,0
FCHU,20260904,13,2.5,0.21550448120156224,0.33937207349844883,0
FCHU,20260904,13,2.6,0.13374221265474762,0.33937207349844883,0
FCHU,20260904,13,2.7,0.06441167311014323,0.33937207349844883,0
FCHU,20260904,13,2.8,0.09638263434290066,0.33937207349844883,0
FCHU,20260904,13,2.9,0.05732605625977107,0.33937207349844883,0
FCHU,20260904,13,3.0,0.048532601320272206,0.33937207349844883,0
FCHU,20260904,13,3.1,0.19053068385624133,0.33937207349844883,0
FCHU,20260904,13,3.2,0.20973460431384433,0.33937207349844883,0
FCHU,20260904,13,3.3,0.2681370779202493,0.33937207349844883,0
FCHU,20260904,13,3.4,0.1920077452992117,0.33937207349844883,0
FCHU,20260904,13,3.5,0.1712958290496075,0.33937207349844883,0
FCHU,20260904,13,3.6,0.08503294677493338,0.33937207349844883,0
FCHU,20260904,13,3.7,0.06401894742854625,0.33937207349844883,0
FCHU,20260904,13,3.8,0.2292813496211986,0.33937207349844883,0
FCHU,20260904,13,3.9,0.24371078906493632,0.33937207349844883,0
FCHU,20260904,13,4.0,0.23746051621373762,0.33937207349844883,0
FCHU,20260904,13,4.1,0.3027285216236742,0.33937207349844883,0
FCHU,20260904,13,4.2,0.03339974121509823,0.33937207349844883,0
FCHU,20260904,13,4.3,0.25165795305859506,0.33937207349844883,0
FCHU,20260904,13,4.4,0.29523796592815754,0.33937207349844883,0
FCHU,20260904,13,4.5,0.09186733006511677,0.33937207349844883,0
FCHU,20260904,13,4.6,0.0775774779411222,0.33937207349844883,0
FCHU,20260904,13,4.7,0.09268017321585463,0.33937207349844883,0
FCHU,20260904,13,4.8,0.1325108878365887,0.33937207349844883,0
FCHU,20260904,13,4.9,0.18765642969361912,0.33937207349844883,0
FCHU,20260904,13,5.0,0.20139525450498968,0.33937207349844883,0
FCHU,20260904,13,5.1,0.17111341821668197,0.33937207349844883,0
FCHU,20260904,13,5.2,0.2363897825232659,0.33937207349844883,0
FCHU,20260904,13,5.3,0.1986497690378022,0.33937207349844883,0
FCHU,20260904,13,5.4,0.2384000569012197,0.33937207349844883,0
FCHU,20260904,13,5.5,0.3815023415680851,0.33937207349844883,1
FCHU,20260904,13,5.6,0.3395127397748254,0.33937207349844883,1
FCHU,20260904,13,5.7,0.3059992042402064,0.33937207349844883,0
FCHU,20260904,13,5.8,0.17150914802809059,0.33937207349844883,0
FCHU,20260904,13,5.9,0.1661954630954562,0.33937207349844883,0
FCHU,20260904,13,6.0,0.29872249988035515,0.33937207349844883,0
FCHU,20260904,13,6.1,0.4689642473190199,0.33937207349844883,1
FCHU,20260904,13,6.2,0.3669462739860468,0.33937207349844883,1
FCHU,20260904,13,6.3,0.19615503292648795,0.33937207349844883,0
FCHU,20260904,13,6.4,0.1851674209596263,0.33937207349844883,0
FCHU,20260904,13,6.5,0.09397330215056546,0.33937207349844883,0
FCHU,20260904,13,6.6,0.22300384787048874,0.33937207349844883,0
FCHU,20260904,13,6.7,0.2855966310391872,0.33937207349844883,0
FCHU,20260904,13,6.8,0.24458730059276892,0.33937207349844883,0
FCHU,20260904,13,6.9,0.19383832486846403,0.33937207349844883,0
FCHU,20260904,13,7.0,0.12394889245905628,0.33937207349844883,0
FCHU,20260904,13,7.1,0.17765921930474102,0.33937207349844883,0
FCHU,20260904,13,7.2,0.3503853518964828,0.33937207349844883,1
FCHU,20260904,13,7.3,0.3362497271211507,0.33937207349844883,0
FCHU,20260904,13,7.4,0.17428399932133,0.33937207349844883,0
FCHU,20260904,13,7.5,0.2853882229255199,0.33937207349844883,0
FCHU,20260904,13,7.6,0.2572834087158128,0.33937207349844883,0
FCHU,20260904,13,7.7,0.339942158721887,0.33937207349844883,1
FCHU,20260904,13,7.8,0.3997944330474959,0.33937207349844883,1
FCHU,20260904,13,7.9,0.3536318791861464,0.33937207349844883,1
FCHU,20260904,13,8.0,0.21861395302478395,0.33937207349844883,0
FCHU,20260904,13,8.1,0.20477965211869983,0.33937207349844883,0
FCHU,20260904,13,8.2,0.2019703506658666,0.33937207349844883,0
FCHU,20260904,13,8.3,0.3059061681444778,0.33937207349844883,0
FCHU,20260904,13,8.4,0.3841025513780848,0.33937207349844883,1
FCHU,20260904,13,8.5,0.3499610669982348,0.33937207349844883,1
FCHU,20260904,13,8.6,0.32840326576959455,0.33937207349844883,0
FCHU,20260904,13,8.7,0.08228321716509143,0.33937207349844883,0
FCHU,20260904,13,8.8,0.1429718771327304,0.33937207349844883,0
FCHU,20260904,13,8.9,0.24369492417483066,0.33937207349844883,0
FCHU,20260904,13,9.0,0.3427841140367001,0.33937207349844883,1
FCHU,20260904,13,9.1,0.3382311515015449,0.33937207349844883,0
FCHU,20260904,13,9.2,0.13701071802365317,0.33937207349844883,0
FCHU,20260904,13,9.3,0.14938975183031153,0.33937207349844883,0
FCHU,20260904,13,9.4,0.2162842667097359,0.33937207349844883,0
FCHU,20260904,13,9.5,0.2472485234856381,0.33937207349844883,0
FCHU,20260904,14,1.0,0.22196461033513484,0.31642812117032526,0
FCHU,20260904,14,1.1,0.27147855787833075,0.31642812117032526,0
FCHU,20260904,14,1.2,0.24846490895786122,0.31642812117032526,0
FCHU,20260904,14,1.3,0.05933195165942688,0.31642812117032526,0
FCHU,20260904,14,1.4,0.16287389641713787,0.31642812117032526,0
FCHU,20260904,14,1.5,0.16960790383918278,0.31642812117032526,0
FCHU,20260904,14,1.6,0.17074328990332344,0.31642812117032526,0
FCHU,20260904,14,1.7,0.10823826624524886,0.31642812117032526,0
FCHU,20260904,14,1.8,0.06329688393824967,0.31642812117032526,0
FCHU,20260904,14,1.9,0.08629614927056022,0.31642812117032526,0
FCHU,20260904,14,2.0,0.0838084495091058,0.31642812117032526,0
FCHU,20260904,14,2.1,0.15547322098358254,0.31642812117032526,0
FCHU,20260904,14,2.2,0.21703170808868233,0.31642812117032526,0
FCHU,20260904,14,2.3,0.19384938400667942,0.31642812117032526,0
FCHU,20260904,14,2.4,0.18281634426603502,0.31642812117032526,0
FCHU,20260904,14,2.5,0.15471861620192953,0.31642812117032526,0
FCHU,20260904,14,2.6,0.0266078459482542,0.31642812117032526,0
FCHU,20260904,14,2.7,0.06049767343130637,0.31642812117032526,0
FCHU,20260904,14,2.8,0.1177391212852408,0.31642812117032526,0
FCHU,20260904,14,2.9,0.15486351659870723,0.31642812117032526,0
FCHU,20260904,14,3.0,0.22277843366776845,0.31642812117032526,0
FCHU,20260904,14,3.1,0.17690745120608878,0.31642812117032526,0
FCHU,20260904,14,3.2,0.14741443927521203,0.31642812117032526,0
FCHU,20260904,14,3.3,0.08133183007278069,0.31642812117032526,0
FCHU,20260904,14,3.4,0.12133407953152195,0.31642812117032526,0
FCHU,20260904,14,3.5,0.05586334675305752,0.31642812117032526,0
FCHU,20260904,14,3.6,0.01714206012467644,0.31642812117032526,0
FCHU,20260904,14,3.7,0.1493698252472701,0.31642812117032526,0
FCHU,20260904,14,3.8,0.30326322423859653,0.31642812117032526,0
FCHU,20260904,14,3.9,0.1665506600498313,0.31642812117032526,0
FCHU,20260904,14,4.0,0.17998729754726708,0.31642812117032526,0
FCHU,20260904,14,4.1,0.2617568605692198,0.31642812117032526,0
FCHU,20260904,14,4.2,0.18825632613852625,0.31642812117032526,0
FCHU,20260904,14,4.3,0.12355840305501119,0.31642812117032526,0
FCHU,20260904,14,4.4,0.0791257514445175,0.31642812117032526,0
FCHU,20260904,14,4.5,0.28589917735335224,0.31642812117032526,0
FCHU,20260904,14,4.6,0.32456084762648757,0.31642812117032526,1
FCHU,20260904,14,4.7,0.273056124459614,0.31642812117032526,0
FCHU,20260904,14,4.8,0.17586114094962124,0.31642812117032526,0
FCHU,20260904,14,4.9,0.1393541738841334,0.31642812117032526,0
FCHU,20260904,14,5.0,0.1641995800654253,0.31642812117032526,0
FCHU,20260904,14,5.1,0.16562352376848494,0.31642812117032526,0
FCHU,20260904,14,5.2,0.030736600060943857,0.31642812117032526,0
FCHU,20260904,14,5.3,0.22984672170357814,0.31642812117032526,0
FCHU,20260904,14,5.4,0.12343025752933091,0.31642812117032526,0
FCHU,20260904,14,5.5,0.08468825323546171,0.31642812117032526,0
FCHU,20260904,14,5.6,0.03661193902654668,0.31642812117032526,0
FCHU,20260904,14,5.7,0.09540867265370474,0.31642812117032526,0
FCHU,20260904,14,5.8,0.09170558515144961,0.31642812117032526,0
FCHU,20260904,14,5.9,0.11434779672548653,0.31642812117032526,0
FCHU,20260904,14,6.0,0.21935861154569083,0.31642812117032526,0
FCHU,20260904,14,6.1,0.24361706930152108,0.31642812117032526,0
FCHU,20260904,14,6.2,0.24511766985629266,0.31642812117032526,0
FCHU,20260904,14,6.3,0.21464324628089737,0.31642812117032526,0
FCHU,20260904,14,6.4,0.2562846065706902,0.31642812117032526,0
FCHU,20260904,14,6.5,0.189621391388004,0.31642812117032526,0
FCHU,20260904,14,6.6,0.17077523955628493,0.31642812117032526,0
FCHU,20260904,14,6.7,0.28568856581036406,0.31642812117032526,0
FCHU,20260904,14,6.8,0.15936268985226976,0.31642812117032526,0
FCHU,20260904,14,6.9,0.2420220081176501,0.31642812117032526,0
FCHU,20260904,14,7.0,0.27433477590160277,0.31642812117032526,0
FCHU,20260904,14,7.1,0.29800678899154126,0.31642812117032526,0
FCHU,20260904,14,7.2,0.5415121782806596,0.31642812117032526,1
FCHU,20260904,14,7.3,0.48493751324326373,0.31642812117032526,1
FCHU,20260904,14,7.4,0.5156363054050606,0.31642812117032526,1
FCHU,20260904,14,7.5,0.5270226128785654,0.31642812117032526,1
FCHU,20260904,14,7.6,0.42333913074852886,0.31642812117032526,1
FCHU,20260904,14,7.7,0.4579413093133004,0.31642812117032526,1
FCHU,20260904,14,7.8,0.36649308742985165,0.31642812117032526,1
FCHU,20260904,14,7.9,0.474410164499778,0.31642812117032526,1
FCHU,20260904,14,8.0,0.32704742801390263,0.31642812117032526,1
FCHU,20260904,14,8.1,0.32813733529726025,0.31642812117032526,1
FCHU,20260904,14,8.2,0.38654503563931125,0.31642812117032526,1
FCHU,20260904,14,8.3,0.26731358875297323,0.31642812117032526,0
FCHU,20260904,14,8.4,0.20834347011159884,0.31642812117032526,0
FCHU,20260904,14,8.5,0.2335411922516962,0.31642812117032526,0
FCHU,20260904,14,8.6,0.3121074385176244,0.31642812117032526,0
FCHU,20260904,14,8.7,0.406441506295366,0.31642812117032526,1
FCHU,20260904,14,8.8,0.3310447322262519,0.31642812117032526,1
FCHU,20260904,14,8.9,0.1764695425347877,0.31642812117032526,0
FCHU,20260904,14,9.0,0.24936503311911512,0.31642812117032526,0
FCHU,20260904,14,9.1,0.1875662440039419,0.31642812117032526,0
FCHU,20260904,14,9.2,0.11492843201351734,0.31642812117032526,0
FCHU,20260904,14,9.3,0.0997321198014741,0.31642812117032526,0
FCHU,20260904,14,9.4,0.11777937322052962,0.31642812117032526,0
FCHU,20260904,14,9.5,0.13221455579503527,0.31642812117032526,0
FCHU,20260904,15,1.0,0.2318121553854488,0.5121846167087334,0
FCHU,20260904,15,1.1,0.3066252043167961,0.5121846167087334,0
FCHU,20260904,15,1.2,0.29394689374026445,0.5121846167087334,0
FCHU,20260904,15,1.3,0.09100800297533311,0.5121846167087334,0
FCHU,20260904,15,1.4,0.2147667107166454,0.5121846167087334,0
FCHU,20260904,15,1.5,0.1536823689562193,0.5121846167087334,0
FCHU,20260904,15,1.6,0.10414918883353556,0.5121846167087334,0
FCHU,20260904,15,1.7,0.11378754311799337,0.5121846167087334,0
FCHU,20260904,15,1.8,0.11640209328566375,0.5121846167087334,0
FCHU,20260904,15,1.9,0.21732233566126985,0.5121846167087334,0
FCHU,20260904,15,2.0,0.20034908924501102,0.5121846167087334,0
FCHU,20260904,15,2.1,0.34495451605094957,0.5121846167087334,0
FCHU,20260904,15,2.2,0.10511127967209544,0.5121846167087334,0
FCHU,20260904,15,2.3,0.06098496269240476,0.5121846167087334,0
FCHU,20260904,15,2.4,0.059899128512269174,0.5121846167087334,0
FCHU,20260904,15,2.5,0.08445095207098036,0.5121846167087334,0
FCHU,20260904,15,2.6,0.27173120363457365,0.5121846167087334,0
FCHU,20260904,15,2.7,0.20192936552935978,0.5121846167087334,0
FCHU,20260904,15,2.8,0.2013856349825264,0.5121846167087334,0
FCHU,20260904,15,2.9,0.09670326259771865,0.5121846167087334,0
FCHU,20260904,15,3.0,0.34758366678266517,0.5121846167087334,0
FCHU,20260904,15,3.1,0.409327777238063,0.5121846167087334,0
FCHU,20260904,15,3.2,0.37074653405160934,0.5121846167087334,0
FCHU,20260904,15,3.3,0.19283819877777525,0.5121846167087334,0
FCHU,20260904,15,3.4,0.13206475027978232,0.5121846167087334,0
FCHU,20260904,15,3.5,0.08163149205576757,0.5121846167087334,0
FCHU,20260904,15,3.6,0.054414941179770374,0.5121846167087334,0
FCHU,20260904,15,3.7,0.16162737770594093,0.5121846167087334,0
FCHU,20260904,15,3.8,0.1677317004999587,0.5121846167087334,0
FCHU,20260904,15,3.9,0.18059931277741334,0.5121846167087334,0
FCHU,20260904,15,4.0,0.14167104907599853,0.5121846167087334,0
FCHU,20260904,15,4.1,0.22287994349978335,0.5121846167087334,0
FCHU,20260904,15,4.2,0.24978835343334052,0.5121846167087334,0
FCHU,20260904,15,4.3,0.31093675820705047,0.5121846167087334,0
FCHU,20260904,15,4.4,0.21213410554622808,0.5121846167087334,0
FCHU,20260904,15,4.5,0.09505150632540157,0.5121846167087334,0
FCHU,20260904,15,4.6,0.06551537628064771,0.5121846167087334,0
FCHU,20260904,15,4.7,0.14146920564359985,0.5121846167087334,0
FCHU,20260904,15,4.8,0.2540170503599626,0.5121846167087334,0
FCHU,20260904,15,4.9,0.22976422381571865,0.5121846167087334,0
FCHU,20260904,15,5.0,0.283849018986496,0.5121846167087334,0
FCHU,20260904,15,5.1,0.3370151794112367,0.5121846167087334,0
FCHU,20260904,15,5.2,0.26779781670656777,0.5121846167087334,0
FCHU,20260904,15,5.3,0.11258436310905436,0.5121846167087334,0
FCHU,20260904,15,5.4,0.20508376957841454,0.5121846167087334,0
FCHU,20260904,15,5.5,0.13303653492284281,0.5121846167087334,0
FCHU,20260904,15,5.6,0.023421723976590616,0.5121846167087334,0
FCHU,20260904,15,5.7,0.14652207340352397,0.5121846167087334,0
FCHU,20260904,15,5.8,0.14854072150581898,0.5121846167087334,0
FCHU,20260904,15,5.9,0.1326263420141214,0.5121846167087334,0
FCHU,20260904,15,6.0,0.4135951532770706,0.5121846167087334,0
FCHU,20260904,15,6.1,0.438741500335292,0.5121846167087334,0
FCHU,20260904,15,6.2,0.47988111457546806,0.5121846167087334,0
FCHU,20260904,15,6.3,0.4617291890228877,0.5121846167087334,0
FCHU,20260904,15,6.4,0.5048938960369314,0.5121846167087334,0
FCHU,20260904,15,6.5,0.43663032921988465,0.5121846167087334,0
FCHU,20260904,15,6.6,0.3584240377371155,0.5121846167087334,0
FCHU,20260904,15,6.7,0.1595583395169302,0.5121846167087334,0
FCHU,20260904,15,6.8,0.2961858981470435,0.5121846167087334,0
FCHU,20260904,15,6.9,0.3485738945952021,0.5121846167087334,0
FCHU,20260904,15,7.0,0.48672999881677453,0.5121846167087334,0
FCHU,20260904,15,7.1,0.6104140494570446,0.5121846167087334,1
FCHU,20260904,15,7.2,0.5535425478843988,0.5121846167087334,1
FCHU,20260904,15,7.3,0.5092681617036107,0.5121846167087334,0
FCHU,20260904,15,7.4,0.5484510511901276,0.5121846167087334,1
FCHU,20260904,15,7.5,0.5653311770840455,0.5121846167087334,1
FCHU,20260904,15,7.6,0.6401049927227632,0.5121846167087334,1
FCHU,20260904,15,7.7,0.6859615000720174,0.5121846167087334,1
FCHU,20260904,15,7.8,0.42257628310521644,0.5121846167087334,0
FCHU,20260904,15,7.9,0.45542340638190376,0.5121846167087334,0
FCHU,20260904,15,8.0,0.3709902749393345,0.5121846167087334,0
FCHU,20260904,15,8.1,0.33568239773776143,0.5121846167087334,0
FCHU,20260904,15,8.2,0.3365974086920749,0.5121846167087334,0
FCHU,20260904,15,8.3,0.2879887356145342,0.5121846167087334,0
FCHU,20260904,15,8.4,0.34890767650822974,0.5121846167087334,0
FCHU,20260904,15,8.5,0.3619400036313966,0.5121846167087334,0
FCHU,20260904,15,8.6,0.4090462821510501,0.5121846167087334,0
FCHU,20260904,15,8.7,0.44320086031671924,0.5121846167087334,0
FCHU,20260904,15,8.8,0.3237082765578482,0.5121846167087334,0
FCHU,20260904,15,8.9,0.19843093668258302,0.5121846167087334,0
FCHU,20260904,15,9.0,0.2874739063589708,0.5121846167087334,0
FCHU,20260904,15,9.1,0.3741079222004758,0.5121846167087334,0
FCHU,20260904,15,9.2,0.3176864205566494,0.5121846167087334,0
FCHU,20260904,15,9.3,0.386391901916601,0.5121846167087334,0
FCHU,20260904,15,9.4,0.3590769235604548,0.5121846167087334,0
FCHU,20260904,15,9.5,0.3008380304153907,0.5121846167087334,0
FCHU,20260904,16,1.0,0.26281031196701754,0.4459809592217644,0
FCHU,20260904,16,1.1,0.18534233417520746,0.4459809592217644,0
FCHU,20260904,16,1.2,0.13767980473948,0.4459809592217644,0
FCHU,20260904,16,1.3,0.04131786509711453,0.4459809592217644,0
FCHU,20260904,16,1.4,0.2907129822747889,0.4459809592217644,0
FCHU,20260904,16,1.5,0.22380623837784056,0.4459809592217644,0
FCHU,20260904,16,1.6,0.26997516706821,0.4459809592217644,0
FCHU,20260904,16,1.7,0.21755160511021898,0.4459809592217644,0
FCHU,20260904,16,1.8,0.0380322328247079,0.4459809592217644,0
FCHU,20260904,16,1.9,0.1369591700989112,0.4459809592217644,0
FCHU,20260904,16,2.0,0.17772321369579935,0.4459809592217644,0
FCHU,20260904,16,2.1,0.07727745160670738,0.4459809592217644,0
FCHU,20260904,16,2.2,0.20838833783091643,0.4459809592217644,0
FCHU,20260904,16,2.3,0.21547165832916973,0.4459809592217644,0
FCHU,20260904,16,2.4,0.4560999290887177,0.4459809592217644,1
FCHU,20260904,16,2.5,0.42696250620441234,0.4459809592217644,0
FCHU,20260904,16,2.6,0.23629354714770065,0.4459809592217644,0
FCHU,20260904,16,2.7,0.2128025129235032,0.4459809592217644,0
FCHU,20260904,16,2.8,0.16785946869250434,0.4459809592217644,0
FCHU,20260904,16,2.9,0.23192784197084637,0.4459809592217644,0
FCHU,20260904,16,3.0,0.4069278143574775,0.4459809592217644,0
FCHU,20260904,16,3.1,0.2779956559612119,0.4459809592217644,0
FCHU,20260904,16,3.2,0.2751000416864051,0.4459809592217644,0
FCHU,20260904,16,3.3,0.2822786710598506,0.4459809592217644,0
FCHU,20260904,16,3.4,0.22124686555103928,0.4459809592217644,0
FCHU,20260904,16,3.5,0.22923333632184872,0.4459809592217644,0
FCHU,20260904,16,3.6,0.23545161750816604,0.4459809592217644,0
FCHU,20260904,16,3.7,0.24252031089508208,0.4459809592217644,0
FCHU,20260904,16,3.8,0.14893218383865628,0.4459809592217644,0
FCHU,20260904,16,3.9,0.03628368807520824,0.4459809592217644,0
FCHU,20260904,16,4.0,0.05503613752758909,0.4459809592217644,0
FCHU,20260904,16,4.1,0.18723536927377019,0.4459809592217644,0
FCHU,20260904,16,4.2,0.19956291855915195,0.4459809592217644,0
FCHU,20260904,16,4.3,0.43321253189434705,0.4459809592217644,0
FCHU,20260904,16,4.4,0.38034005673050714,0.4459809592217644,0
FCHU,20260904,16,4.5,0.40189170595326085,0.4459809592217644,0
FCHU,20260904,16,4.6,0.4406854708009303,0.4459809592217644,0
FCHU,20260904,16,4.7,0.3466174216437637,0.4459809592217644,0
FCHU,20260904,16,4.8,0.34623698079610443,0.4459809592217644,0
FCHU,20260904,16,4.9,0.2533957226104181,0.4459809592217644,0
FCHU,20260904,16,5.0,0.24554625345727246,0.4459809592217644,0
FCHU,20260904,16,5.1,0.119381794699934,0.4459809592217644,0
FCHU,20260904,16,5.2,0.07384861012517167,0.4459809592217644,0
FCHU,20260904,16,5.3,0.11043419161060328,0.4459809592217644,0
FCHU,20260904,16,5.4,0.1485974051200782,0.4459809592217644,0
FCHU,20260904,16,5.5,0.24415523217788018,0.4459809592217644,0
FCHU,20260904,16,5.6,0.26263116105449247,0.4459809592217644,0
FCHU,20260904,16,5.7,0.3636857260874486,0.4459809592217644,0
FCHU,20260904,16,5.8,0.41602971223017693,0.4459809592217644,0
FCHU,20260904,16,5.9,0.4505757658234263,0.4459809592217644,1
FCHU,20260904,16,6.0,0.3090717893648613,0.4459809592217644,0
FCHU,20260904,16,6.1,0.18457421398719318,0.4459809592217644,0
FCHU,20260904,16,6.2,0.11834544256061154,0.4459809592217644,0
FCHU,20260904,16,6.3,0.061576542414224625,0.4459809592217644,0
FCHU,20260904,16,6.4,0.04820833276459883,0.4459809592217644,0
FCHU,20260904,16,6.5,0.07406909797151569,0.4459809592217644,0
FCHU,20260904,16,6.6,0.30387619878183986,0.4459809592217644,0
FCHU,20260904,16,6.7,0.34938974202411893,0.4459809592217644,0
FCHU,20260904,16,6.8,0.344813327900239,0.4459809592217644,0
FCHU,20260904,16,6.9,0.2807859680306015,0.4459809592217644,0
FCHU,20260904,16,7.0,0.404365410812351,0.4459809592217644,0
FCHU,20260904,16,7.1,0.37043069852828425,0.4459809592217644,0
FCHU,20260904,16,7.2,0.38206825853607423,0.4459809592217644,0
FCHU,20260904,16,7.3,0.4670742711522576,0.4459809592217644,1
FCHU,20260904,16,7.4,0.5153902119371927,0.4459809592217644,1
FCHU,20260904,16,7.5,0.4943843660537454,0.4459809592217644,1
FCHU,20260904,16,7.6,0.5128098881005421,0.4459809592217644,1
FCHU,20260904,16,7.7,0.39553894817998325,0.4459809592217644,0
FCHU,20260904,16,7.8,0.44316161101001844,0.4459809592217644,0
FCHU,20260904,16,7.9,0.43828333520541096,0.4459809592217644,0
FCHU,20260904,16,8.0,0.3009604528614414,0.4459809592217644,0
FCHU,20260904,16,8.1,0.334852403824951,0.4459809592217644,0
FCHU,20260904,16,8.2,0.41659586938231097,0.4459809592217644,0
FCHU,20260904,16,8.3,0.36045086342926147,0.4459809592217644,0
FCHU,20260904,16,8.4,0.4040941614996128,0.4459809592217644,0
FCHU,20260904,16,8.5,0.22712983999549094,0.4459809592217644,0
FCHU,20260904,16,8.6,0.0601195349899211,0.4459809592217644,0
FCHU,20260904,16,8.7,0.19471377706998008,0.4459809592217644,0
FCHU,20260904,16,8.8,0.1513825503104151,0.4459809592217644,0
FCHU,20260904,16,8.9,0.1815737168474147,0.4459809592217644,0
FCHU,20260904,16,9.0,0.2900752047695594,0.4459809592217644,0
FCHU,20260904,16,9.1,0.26485613903364585,0.4459809592217644,0
FCHU,20260904,16,9.2,0.24459244549188558,0.4459809592217644,0
FCHU,20260904,16,9.3,0.1525590195407732,0.4459809592217644,0
FCHU,20260904,16,9.4,0.1155126017034322,0.4459809592217644,0
FCHU,20260904,16,9.5,0.024907230381767537,0.4459809592217644,0
FCHU,20260904,17,1.0,0.24117215590305605,0.3721772469472674,0
FCHU,20260904,17,1.1,0.24585568482985573,0.3721772469472674,0
FCHU,20260904,17,1.2,0.019551676707502474,0.3721772469472674,0
FCHU,20260904,17,1.3,0.1537190405318047,0.3721772469472674,0
FCHU,20260904,17,1.4,0.2806399563018684,0.3721772469472674,0
FCHU,20260904,17,1.5,0.21009126187632168,0.3721772469472674,0
FCHU,20260904,17,1.6,0.2889180409848646,0.3721772469472674,0
FCHU,20260904,17,1.7,0.2608506910090106,0.3721772469472674,0
FCHU,20260904,17,1.8,0.1416224526588137,0.3721772469472674,0
FCHU,20260904,17,1.9,0.02395829814915782,0.3721772469472674,0
FCHU,20260904,17,2.0,0.038289578634989475,0.3721772469472674,0
FCHU,20260904,17,2.1,0.032520301906298406,0.3721772469472674,0
FCHU,20260904,17,2.2,0.10736340052017578,0.3721772469472674,0
FCHU,20260904,17,2.3,0.28713572080350724,0.3721772469472674,0
FCHU,20260904,17,2.4,0.31514213607965086,0.3721772469472674,0
FCHU,20260904,17,2.5,0.1720437808501205,0.3721772469472674,0
FCHU,20260904,17,2.6,0.17491602439611761,0.3721772469472674,0
FCHU,20260904,17,2.7,0.16511360134234715,0.3721772469472674,0
FCHU,20260904,17,2.8,0.1329893152527023,0.3721772469472674,0
FCHU,20260904,17,2.9,0.27010939190814154,0.3721772469472674,0
FCHU,20260904,17,3.0,0.2367823921988551,0.3721772469472674,0
FCHU,20260904,17,3.1,0.2837741388473616,0.3721772469472674,0
FCHU,20260904,17,3.2,0.1557298872273383,0.3721772469472674,0
FCHU,20260904,17,3.3,0.25411133945976655,0.3721772469472674,0
FCHU,20260904,17,3.4,0.11237852290667832,0.3721772469472674,0
FCHU,20260904,17,3.5,0.02810028633590896,0.3721772469472674,0
FCHU,20260904,17,3.6,0.13942181633243905,0.3721772469472674,0
FCHU,20260904,17,3.7,0.0910488388626812,0.3721772469472674,0
FCHU,20260904,17,3.8,0.1674825219156139,0.3721772469472674,0
FCHU,20260904,17,3.9,0.1675238469414045,0.3721772469472674,0
FCHU,20260904,17,4.0,0.28406474386632363,0.3721772469472674,0
FCHU,20260904,17,4.1,0.2960965223818986,0.3721772469472674,0
FCHU,20260904,17,4.2,0.21624317347478,0.3721772469472674,0
FCHU,20260904,17,4.3,0.12590444552429517,0.3721772469472674,0
FCHU,20260904,17,4.4,0.1590683048169937,0.3721772469472674,0
FCHU,20260904,17,4.5,0.1925846549304325,0.3721772469472674,0
FCHU,20260904,17,4.6,0.1498603102118637,0.3721772469472674,0
FCHU,20260904,17,4.7,0.17754035686664363,0.3721772469472674,0
FCHU,20260904,17,4.8,0.23840805247056568,0.3721772469472674,0
FCHU,20260904,17,4.9,0.2678061220505548,0.3721772469472674,0
FCHU,20260904,17,5.0,0.3322728718664357,0.3721772469472674,0
FCHU,20260904,17,5.1,0.3056493007999016,0.3721772469472674,0
FCHU,20260904,17,5.2,0.19721501616984224,0.3721772469472674,0
FCHU,20260904,17,5.3,0.20827933519528427,0.3721772469472674,0
FCHU,20260904,17,5.4,0.19965508115713412,0.3721772469472674,0
FCHU,20260904,17,5.5,0.12725394395343334,0.3721772469472674,0
FCHU,20260904,17,5.6,0.2559453631301806,0.3721772469472674,0
FCHU,20260904,17,5.7,0.20421300794045794,0.3721772469472674,0
FCHU,20260904,17,5.8,0.25193876520096226,0.3721772469472674,0
FCHU,20260904,17,5.9,0.2409589244339218,0.3721772469472674,0
FCHU,20260904,17,6.0,0.13433719450445702,0.3721772469472674,0
FCHU,20260904,17,6.1,0.06778494748446916,0.3721772469472674,0
FCHU,20260904,17,6.2,0.24166133998440542,0.3721772469472674,0
FCHU,20260904,17,6.3,0.43143818888706276,0.3721772469472674,1
FCHU,20260904,17,6.4,0.5446718594282001,0.3721772469472674,1
FCHU,20260904,17,6.5,0.5015287757140564,0.3721772469472674,1
FCHU,20260904,17,6.6,0.40245885815075627,0.3721772469472674,1
FCHU,20260904,17,6.7,0.29872819305506404,0.3721772469472674,0
FCHU,20260904,17,6.8,0.21836266066872292,0.3721772469472674,0
FCHU,20260904,17,6.9,0.2411958997420091,0.3721772469472674,0
FCHU,20260904,17,7.0,0.29249746290140227,0.3721772469472674,0
FCHU,20260904,17,7.1,0.4217640356160681,0.3721772469472674,1
FCHU,20260904,17,7.2,0.4281235245161067,0.3721772469472674,1
FCHU,20260904,17,7.3,0.4672525684303041,0.3721772469472674,1
FCHU,20260904,17,7.4,0.5018313748583833,0.3721772469472674,1
FCHU,20260904,17,7.5,0.3727772238601124,0.3721772469472674,1
FCHU,20260904,17,7.6,0.4403026435981918,0.3721772469472674,1
FCHU,20260904,17,7.7,0.5635451387524485,0.3721772469472674,1
FCHU,20260904,17,7.8,0.5393966625329303,0.3721772469472674,1
FCHU,20260904,17,7.9,0.44108749090579225,0.3721772469472674,1
FCHU,20260904,17,8.0,0.5459251130147259,0.3721772469472674,1
FCHU,20260904,17,8.1,0.5795816446678745,0.3721772469472674,1
FCHU,20260904,17,8.2,0.376303263985265,0.3721772469472674,1
FCHU,20260904,17,8.3,0.2723743654887537,0.3721772469472674,0
FCHU,20260904,17,8.4,0.30846872358664884,0.3721772469472674,0
FCHU,20260904,17,8.5,0.12499151107884059,0.3721772469472674,0
FCHU,20260904,17,8.6,0.07099063276169353,0.3721772469472674,0
FCHU,20260904,17,8.7,0.04217083420779813,0.3721772469472674,0
FCHU,20260904,17,8.8,0.11025597243488013,0.3721772469472674,0
FCHU,20260904,17,8.9,0.021892635920312268,0.3721772469472674,0
FCHU,20260904,17,9.0,0.17616422467762205,0.3721772469472674,0
FCHU,20260904,17,9.1,0.1521505036324089,0.3721772469472674,0
FCHU,20260904,17,9.2,0.10068070608733082,0.3721772469472674,0
FCHU,20260904,17,9.3,0.22693227631066756,0.3721772469472674,0
FCHU,20260904,17,9.4,0.1603964035134387,0.3721772469472674,0
FCHU,20260904,17,9.5,0.09702601678460072,0.3721772469472674,0
FCHU,20260904,18,1.0,0.30246280179095,0.4837318949075696,0
FCHU,20260904,18,1.1,0.3961861594424127,0.4837318949075696,0
FCHU,20260904,18,1.2,0.26058437825120073,0.4837318949075696,0
FCHU,20260904,18,1.3,0.13538137233642347,0.4837318949075696,0
FCHU,20260904,18,1.4,0.21932811563160906,0.4837318949075696,0
FCHU,20260904,18,1.5,0.33122380702494647,0.4837318949075696,0
FCHU,20260904,18,1.6,0.31948629413290297,0.4837318949075696,0
FCHU,20260904,18,1.7,0.3223263662875721,0.4837318949075696,0
FCHU,20260904,18,1.8,0.3218780180400064,0.4837318949075696,0
FCHU,20260904,18,1.9,0.4051746661780202,0.4837318949075696,0
FCHU,20260904,18,2.0,0.3861569587453545,0.4837318949075696,0
FCHU,20260904,18,2.1,0.3322424303586054,0.4837318949075696,0
FCHU,20260904,18,2.2,0.2191873296793647,0.4837318949075696,0
FCHU,20260904,18,2.3,0.2961641572646507,0.4837318949075696,0
FCHU,20260904,18,2.4,0.11441064627889462,0.4837318949075696,0
FCHU,20260904,18,2.5,0.1151720974671861,0.4837318949075696,0
FCHU,20260904,18,2.6,0.2480947126305353,0.4837318949075696,0
FCHU,20260904,18,2.7,0.30400069914287636,0.4837318949075696,0
FCHU,20260904,18,2.8,0.3857003103125061,0.4837318949075696,0
FCHU,20260904,18,2.9,0.3244447332389715,0.4837318949075696,0
FCHU,20260904,18,3.0,0.2100745219466113,0.4837318949075696,0
FCHU,20260904,18,3.1,0.1879246744732585,0.4837318949075696,0
FCHU,20260904,18,3.2,0.16609701979895475,0.4837318949075696,0
FCHU,20260904,18,3.3,0.06777127360344438,0.4837318949075696,0
FCHU,20260904,18,3.4,0.22467354657861371,0.4837318949075696,0
FCHU,20260904,18,3.5,0.1306955380180894,0.4837318949075696,0
FCHU,20260904,18,3.6,0.2056959558927807,0.4837318949075696,0
FCHU,20260904,18,3.7,0.1152245491281594,0.4837318949075696,0
FCHU,20260904,18,3.8,0.14836209274768472,0.4837318949075696,0
FCHU,20260904,18,3.9,0.16965855672267457,0.4837318949075696,0
FCHU,20260904,18,4.0,0.11636686729617615,0.4837318949075696,0
FCHU,20260904,18,4.1,0.32342198998452176,0.4837318949075696,0
FCHU,20260904,18,4.2,0.35030512574127665,0.4837318949075696,0
FCHU,20260904,18,4.3,0.3447174197161315,0.4837318949075696,0
FCHU,20260904,18,4.4,0.2317524676101244,0.4837318949075696,0
FCHU,20260904,18,4.5,0.08574753586364041,0.4837318949075696,0
FCHU,20260904,18,4.6,0.16695664731592708,0.4837318949075696,0
FCHU,20260904,18,4.7,0.24695696588550398,0.4837318949075696,0
FCHU,20260904,18,4.8,0.3058805189505808,0.4837318949075696,0
FCHU,20260904,18,4.9,0.4472792382070884,0.4837318949075696,0
FCHU,20260904,18,5.0,0.307297824426634,0.4837318949075696,0
FCHU,20260904,18,5.1,0.32029230461381963,0.4837318949075696,0
FCHU,20260904,18,5.2,0.17261148621638928,0.4837318949075696,0
FCHU,20260904,18,5.3,0.18614886832319988,0.4837318949075696,0
FCHU,20260904,18,5.4,0.16791787089556953,0.4837318949075696,0
FCHU,20260904,18,5.5,0.15547518124525603,0.4837318949075696,0
FCHU,20260904,18,5.6,0.15554144602042433,0.4837318949075696,0
FCHU,20260904,18,5.7,0.31163182783334165,0.4837318949075696,0
FCHU,20260904,18,5.8,0.25342909351258114,0.4837318949075696,0
FCHU,20260904,18,5.9,0.28583576279091183,0.4837318949075696,0
FCHU,20260904,18,6.0,0.224671149520186,0.4837318949075696,0
FCHU,20260904,18,6.1,0.2860767553457321,0.4837318949075696,0
FCHU,20260904,18,6.2,0.3337064075731348,0.4837318949075696,0
FCHU,20260904,18,6.3,0.2390883516072006,0.4837318949075696,0
FCHU,20260904,18,6.4,0.26395491485417905,0.4837318949075696,0
FCHU,20260904,18,6.5,0.31264269770925157,0.4837318949075696,0
FCHU,20260904,18,6.6,0.2212187784809787,0.4837318949075696,0
FCHU,20260904,18,6.7,0.2856210434723985,0.4837318949075696,0
FCHU,20260904,18,6.8,0.3936118923725828,0.4837318949075696,0
FCHU,20260904,18,6.9,0.4824154826205647,0.4837318949075696,0
FCHU,20260904,18,7.0,0.5153522076964901,0.4837318949075696,1
FCHU,20260904,18,7.1,0.3121433490631331,0.4837318949075696,0
FCHU,20260904,18,7.2,0.32331715448553594,0.4837318949075696,0
FCHU,20260904,18,7.3,0.4205066994885692,0.4837318949075696,0
FCHU,20260904,18,7.4,0.5021983307017261,0.4837318949075696,1
FCHU,20260904,18,7.5,0.6669120373032552,0.4837318949075696,1
FCHU,20260904,18,7.6,0.6461674753003552,0.4837318949075696,1
FCHU,20260904,18,7.7,0.5511181786192261,0.4837318949075696,1
FCHU,20260904,18,7.8,0.47712854348046835,0.4837318949075696,0
FCHU,20260904,18,7.9,0.48130101115498647,0.4837318949075696,0
FCHU,20260904,18,8.0,0.5126826256085866,0.4837318949075696,1
FCHU,20260904,18,8.1,0.5375576184741132,0.4837318949075696,1
FCHU,20260904,18,8.2,0.502958169726344,0.4837318949075696,1
FCHU,20260904,18,8.3,0.48630346863339374,0.4837318949075696,1
FCHU,20260904,18,8.4,0.4137463580601412,0.4837318949075696,0
FCHU,20260904,18,8.5,0.32755454256842803,0.4837318949075696,0
FCHU,20260904,18,8.6,0.35454369465128033,0.4837318949075696,0
FCHU,20260904,18,8.7,0.2276032987483244,0.4837318949075696,0
FCHU,20260904,18,8.8,0.15444486399315588,0.4837318949075696,0
FCHU,20260904,18,8.9,0.11644810422267116,0.4837318949075696,0
FCHU,20260904,18,9.0,0.14705007935357145,0.4837318949075696,0
FCHU,20260904,18,9.1,0.10064241898894923,0.4837318949075696,0
FCHU,20260904,18,9.2,0.15830101427488763,0.4837318949075696,0
FCHU,20260904,18,9.3,0.2199563190464516,0.4837318949075696,0
FCHU,20260904,18,9.4,0.19823511034600766,0.4837318949075696,0
FCHU,20260904,18,9.5,0.13538985301669712,0.4837318949075696,0
FCHU,20260904,19,1.0,0.4486349562360495,0.5835759997050567,0
FCHU,20260904,19,1.1,0.48696820402749275,0.5835759997050567,0
FCHU,20260904,19,1.2,0.4131459706626263,0.5835759997050567,0
FCHU,20260904,19,1.3,0.40448657290463874,0.5835759997050567,0
FCHU,20260904,19,1.4,0.29736895810454267,0.5835759997050567,0
FCHU,20260904,19,1.5,0.32504811822588703,0.5835759997050567,0
FCHU,20260904,19,1.6,0.2925860559653941,0.5835759997050567,0
FCHU,20260904,19,1.7,0.3442444845049285,0.5835759997050567,0
FCHU,20260904,19,1.8,0.19797524080956805,0.5835759997050567,0
FCHU,20260904,19,1.9,0.32078562721876425,0.5835759997050567,0
FCHU,20260904,19,2.0,0.3402243533060288,0.5835759997050567,0
FCHU,20260904,19,2.1,0.20451699800312162,0.5835759997050567,0
FCHU,20260904,19,2.2,0.0230472016424261,0.5835759997050567,0
FCHU,20260904,19,2.3,0.06731726309727291,0.5835759997050567,0
FCHU,20260904,19,2.4,0.08696249178532411,0.5835759997050567,0
FCHU,20260904,19,2.5,0.11121777775580931,0.5835759997050567,0
FCHU,20260904,19,2.6,0.18968196270650417,0.5835759997050567,0
FCHU,20260904,19,2.7,0.13489382293016847,0.5835759997050567,0
FCHU,20260904,19,2.8,0.1767806384279761,0.5835759997050567,0
FCHU,20260904,19,2.9,0.2993177950429055,0.5835759997050567,0
FCHU,20260904,19,3.0,0.26601056665865735,0.5835759997050567,0
FCHU,20260904,19,3.1,0.3138546091009856,0.5835759997050567,0
FCHU,20260904,19,3.2,0.3600950082860591,0.5835759997050567,0
FCHU,20260904,19,3.3,0.5481075908003095,0.5835759997050567,0
FCHU,20260904,19,3.4,0.6683986026414555,0.5835759997050567,1
FCHU,20260904,19,3.5,0.5832734060857643,0.5835759997050567,0
FCHU,20260904,19,3.6,0.47046209068452877,0.5835759997050567,0
FCHU,20260904,19,3.7,0.4410630288307185,0.5835759997050567,0
FCHU,20260904,19,3.8,0.24992428131769925,0.5835759997050567,0
FCHU,20260904,19,3.9,0.0824477566560073,0.5835759997050567,0
FCHU,20260904,19,4.0,0.2413780435392527,0.5835759997050567,0
FCHU,20260904,19,4.1,0.2674366250412342,0.5835759997050567,0
FCHU,20260904,19,4.2,0.27820124990305745,0.5835759997050567,0
FCHU,20260904,19,4.3,0.33037493276664154,0.5835759997050567,0
FCHU,20260904,19,4.4,0.2703907770913575,0.5835759997050567,0
FCHU,20260904,19,4.5,0.18586768876062879,0.5835759997050567,0
FCHU,20260904,19,4.6,0.28370457186602427,0.5835759997050567,0
FCHU,20260904,19,4.7,0.46692897386420684,0.5835759997050567,0
FCHU,20260904,19,4.8,0.304107927309587,0.5835759997050567,0
FCHU,20260904,19,4.9,0.2715375905865041,0.5835759997050567,0
FCHU,20260904,19,5.0,0.29084736211049583,0.5835759997050567,0
FCHU,20260904,19,5.1,0.25129353376377694,0.5835759997050567,0
FCHU,20260904,19,5.2,0.37300923466963803,0.5835759997050567,0
FCHU,20260904,19,5.3,0.4223776468973637,0.5835759997050567,0
FCHU,20260904,19,5.4,0.3315530982511893,0.5835759997050567,0
FCHU,20260904,19,5.5,0.17923323521752188,0.5835759997050567,0
FCHU,20260904,19,5.6,0.07837928196928096,0.5835759997050567,0
FCHU,20260904,19,5.7,0.14497818485528874,0.5835759997050567,0
FCHU,20260904,19,5.8,0.20158333597416797,0.5835759997050567,0
FCHU,20260904,19,5.9,0.21335266377047413,0.5835759997050567,0
FCHU,20260904,19,6.0,0.3564954049736237,0.5835759997050567,0
FCHU,20260904,19,6.1,0.5755379653841077,0.5835759997050567,0
FCHU,20260904,19,6.2,0.5198321600830604,0.5835759997050567,0
FCHU,20260904,19,6.3,0.4135742570910854,0.5835759997050567,0
FCHU,20260904,19,6.4,0.3752581479514391,0.5835759997050567,0
FCHU,20260904,19,6.5,0.44089898249333836,0.5835759997050567,0
FCHU,20260904,19,6.6,0.5150080191501424,0.5835759997050567,0
FCHU,20260904,19,6.7,0.46124510423430093,0.5835759997050567,0
FCHU,20260904,19,6.8,0.47126036879922417,0.5835759997050567,0
FCHU,20260904,19,6.9,0.5006016127060522,0.5835759997050567,0
FCHU,20260904,19,7.0,0.43349194479469444,0.5835759997050567,0
FCHU,20260904,19,7.1,0.4527875158288205,0.5835759997050567,0
FCHU,20260904,19,7.2,0.5238769312796755,0.5835759997050567,0
FCHU,20260904,19,7.3,0.6005733309452997,0.5835759997050567,1
FCHU,20260904,19,7.4,0.7066499981541835,0.5835759997050567,1
FCHU,20260904,19,7.5,0.7402583492026119,0.5835759997050567,1
FCHU,20260904,19,7.6,0.7390013162679574,0.5835759997050567,1
FCHU,20260904,19,7.7,0.597821331609206,0.5835759997050567,1
FCHU,20260904,19,7.8,0.5174057907412037,0.5835759997050567,0
FCHU,20260904,19,7.9,0.4859242372539975,0.5835759997050567,0
FCHU,20260904,19,8.0,0.4255518115146274,0.5835759997050567,0
FCHU,20260904,19,8.1,0.39134024019469843,0.5835759997050567,0
FCHU,20260904,19,8.2,0.38461834097487263,0.5835759997050567,0
FCHU,20260904,19,8.3,0.3131640122401331,0.5835759997050567,0
FCHU,20260904,19,8.4,0.45977677618417023,0.5835759997050567,0
FCHU,20260904,19,8.5,0.5525918096678412,0.5835759997050567,0
FCHU,20260904,19,8.6,0.4408217200213196,0.5835759997050567,0
FCHU,20260904,19,8.7,0.2467702280189066,0.5835759997050567,0
FCHU,20260904,19,8.8,0.18136575025451634,0.5835759997050567,0
FCHU,20260904,19,8.9,0.10970617479252603,0.5835759997050567,0
FCHU,20260904,19,9.0,0.06589029875059413,0.5835759997050567,0
FCHU,20260904,19,9.1,0.05726712814955013,0.5835759997050567,0
FCHU,20260904,19,9.2,0.18892482973806554,0.5835759997050567,0
FCHU,20260904,19,9.3,0.17418272226049178,0.5835759997050567,0
FCHU,20260904,19,9.4,0.05290013067376401,0.5835759997050567,0
FCHU,20260904,19,9.5,0.1476920837935175,0.5835759997050567,0
FCHU,20260904,20,1.0,0.14024899701081328,0.5204624746731921,0
FCHU,20260904,20,1.1,0.25623434195948125,0.5204624746731921,0
FCHU,20260904,20,1.2,0.36679406682772925,0.5204624746731921,0
FCHU,20260904,20,1.3,0.38045824378117177,0.5204624746731921,0
FCHU,20260904,20,1.4,0.2520020740725404,0.5204624746731921,0
FCHU,20260904,20,1.5,0.18386580332316285,0.5204624746731921,0
FCHU,20260904,20,1.6,0.15069310466221555,0.5204624746731921,0
FCHU,20260904,20,1.7,0.14676049287081405,0.5204624746731921,0
FCHU,20260904,20,1.8,0.3315093164240226,0.5204624746731921,0
FCHU,20260904,20,1.9,0.3129020539714678,0.5204624746731921,0
FCHU,20260904,20,2.0,0.3445907393195355,0.5204624746731921,0
FCHU,20260904,20,2.1,0.30797829435143953,0.5204624746731921,0
FCHU,20260904,20,2.2,0.3819100453280696,0.5204624746731921,0
FCHU,20260904,20,2.3,0.3308591487182363,0.5204624746731921,0
FCHU,20260904,20,2.4,0.20321955751103485,0.5204624746731921,0
FCHU,20260904,20,2.5,0.20608402727841607,0.5204624746731921,0
FCHU,20260904,20,2.6,0.37655143688528775,0.5204624746731921,0
FCHU,20260904,20,2.7,0.4038938858578258,0.5204624746731921,0
FCHU,20260904,20,2.8,0.4005974195757098,0.5204624746731921,0
FCHU,20260904,20,2.9,0.31851755746852417,0.5204624746731921,0
FCHU,20260904,20,3.0,0.34618091089304154,0.5204624746731921,0
FCHU,20260904,20,3.1,0.3587096693565322,0.5204624746731921,0
FCHU,20260904,20,3.2,0.23290377887771826,0.5204624746731921,0
FCHU,20260904,20,3.3,0.3259698027062638,0.5204624746731921,0
FCHU,20260904,20,3.4,0.42218202097978086,0.5204624746731921,0
FCHU,20260904,20,3.5,0.3741245829106621,0.5204624746731921,0
FCHU,20260904,20,3.6,0.3052034679134131,0.5204624746731921,0
FCHU,20260904,20,3.7,0.3254134864388446,0.5204624746731921,0
FCHU,20260904,20,3.8,0.3247237581448505,0.5204624746731921,0
FCHU,20260904,20,3.9,0.21725977913566663,0.5204624746731921,0
FCHU,20260904,20,4.0,0.3267715019264434,0.5204624746731921,0
FCHU,20260904,20,4.1,0.3927424615075377,0.5204624746731921,0
FCHU,20260904,20,4.2,0.3857980485465662,0.5204624746731921,0
FCHU,20260904,20,4.3,0.21615826589087542,0.5204624746731921,0
FCHU,20260904,20,4.4,0.18693037353373007,0.5204624746731921,0
FCHU,20260904,20,4.5,0.3398128040934282,0.5204624746731921,0
FCHU,20260904,20,4.6,0.31934556678333087,0.5204624746731921,0
FCHU,20260904,20,4.7,0.4412917243261468,0.5204624746731921,0
FCHU,20260904,20,4.8,0.5338171386582709,0.5204624746731921,1
FCHU,20260904,20,4.9,0.3689504393166311,0.5204624746731921,0
FCHU,20260904,20,5.0,0.4406126156949037,0.5204624746731921,0
FCHU,20260904,20,5.1,0.4603632857697123,0.5204624746731921,0
FCHU,20260904,20,5.2,0.46279904182821724,0.5204624746731921,0
FCHU,20260904,20,5.3,0.3354400928048539,0.5204624746731921,0
FCHU,20260904,20,5.4,0.1705532948109863,0.5204624746731921,0
FCHU,20260904,20,5.5,0.2254611732128762,0.5204624746731921,0
FCHU,20260904,20,5.6,0.3073974463123773,0.5204624746731921,0
FCHU,20260904,20,5.7,0.40883243648440165,0.5204624746731921,0
FCHU,20260904,20,5.8,0.3022417044785744,0.5204624746731921,0
FCHU,20260904,20,5.9,0.3171567294541492,0.5204624746731921,0
FCHU,20260904,20,6.0,0.46052600746452926,0.5204624746731921,0
FCHU,20260904,20,6.1,0.436210095653047,0.5204624746731921,0
FCHU,20260904,20,6.2,0.37398586080753565,0.5204624746731921,0
FCHU,20260904,20,6.3,0.34067035667069356,0.5204624746731921,0
FCHU,20260904,20,6.4,0.3863176337933197,0.5204624746731921,0
FCHU,20260904,20,6.5,0.3160677441392821,0.5204624746731921,0
FCHU,20260904,20,6.6,0.10522371983984764,0.5204624746731921,0
FCHU,20260904,20,6.7,0.28555105485295573,0.5204624746731921,0
FCHU,20260904,20,6.8,0.4556268210939536,0.5204624746731921,0
FCHU,20260904,20,6.9,0.4494402077458734,0.5204624746731921,0
FCHU,20260904,20,7.0,0.5693706944910197,0.5204624746731921,1
FCHU,20260904,20,7.1,0.5308275103653802,0.5204624746731921,1
FCHU,20260904,20,7.2,0.6282749262537775,0.5204624746731921,1
FCHU,20260904,20,7.3,0.5038078189166082,0.5204624746731921,0
FCHU,20260904,20,7.4,0.49525323786978287,0.5204624746731921,0
FCHU,20260904,20,7.5,0.5948857271772648,0.5204624746731921,1
FCHU,20260904,20,7.6,0.7093903358474457,0.5204624746731921,1
FCHU,20260904,20,7.7,0.7550838651106406,0.5204624746731921,1
FCHU,20260904,20,7.8,0.6823815666415161,0.5204624746731921,1
FCHU,20260904,20,7.9,0.7853130912673056,0.5204624746731921,1
FCHU,20260904,20,8.0,0.5750997630086417,0.5204624746731921,1
FCHU,20260904,20,8.1,0.5606786211482344,0.5204624746731921,1
FCHU,20260904,20,8.2,0.4039579994736966,0.5204624746731921,0
FCHU,20260904,20,8.3,0.2572668256492015,0.5204624746731921,0
FCHU,20260904,20,8.4,0.30544559860341897,0.5204624746731921,0
FCHU,20260904,20,8.5,0.28293525805528946,0.5204624746731921,0
FCHU,20260904,20,8.6,0.2689400507258322,0.5204624746731921,0
FCHU,20260904,20,8.7,0.23246185206071995,0.5204624746731921,0
FCHU,20260904,20,8.8,0.21085961845651333,0.5204624746731921,0
FCHU,20260904,20,8.9,0.19572303623418116,0.5204624746731921,0
FCHU,20260904,20,9.0,0.17217333113330882,0.5204624746731921,0
FCHU,20260904,20,9.1,0.15688887659592962,0.5204624746731921,0
FCHU,20260904,20,9.2,0.11751875897209847,0.5204624746731921,0
FCHU,20260904,20,9.3,0.11529127710121807,0.5204624746731921,0
FCHU,20260904,20,9.4,0.1436040747510091,0.5204624746731921,0
FCHU,20260904,20,9.5,0.15552595049992493,0.5204624746731921,0
FCHU,20260904,21,1.0,0.183287926375031,0.4823790050644894,0
FCHU,20260904,21,1.1,0.1799168319114775,0.4823790050644894,0
FCHU,20260904,21,1.2,0.21480661231685955,0.4823790050644894,0
FCHU,20260904,21,1.3,0.3071247393887638,0.4823790050644894,0
FCHU,20260904,21,1.4,0.3664497545683667,0.4823790050644894,0
FCHU,20260904,21,1.5,0.14670835503705268,0.4823790050644894,0
FCHU,20260904,21,1.6,0.15568556061434474,0.4823790050644894,0
FCHU,20260904,21,1.7,0.19664961571388256,0.4823790050644894,0
FCHU,20260904,21,1.8,0.10629796879666015,0.4823790050644894,0
FCHU,20260904,21,1.9,0.2851450129322689,0.4823790050644894,0
FCHU,20260904,21,2.0,0.28501071111239007,0.4823790050644894,0
FCHU,20260904,21,2.1,0.21385493807651387,0.4823790050644894,0
FCHU,20260904,21,2.2,0.160318747388654,0.4823790050644894,0
FCHU,20260904,21,2.3,0.2485131223161771,0.4823790050644894,0
FCHU,20260904,21,2.4,0.2712194106053673,0.4823790050644894,0
FCHU,20260904,21,2.5,0.32531578806965433,0.4823790050644894,0
FCHU,20260904,21,2.6,0.35748473140127407,0.4823790050644894,0
FCHU,20260904,21,2.7,0.4228215242998964,0.4823790050644894,0
FCHU,20260904,21,2.8,0.33950505414305165,0.4823790050644894,0
FCHU,20260904,21,2.9,0.13671056495564635,0.4823790050644894,0
FCHU,20260904,21,3.0,0.12355545828666764,0.4823790050644894,0
FCHU,20260904,21,3.1,0.15564063830338692,0.4823790050644894,0
FCHU,20260904,21,3.2,0.22342714772315247,0.4823790050644894,0
FCHU,20260904,21,3.3,0.20762267524599765,0.4823790050644894,0
FCHU,20260904,21,3.4,0.17951423758093515,0.4823790050644894,0
FCHU,20260904,21,3.5,0.24331328146222886,0.4823790050644894,0
FCHU,20260904,21,3.6,0.16253557737924978,0.4823790050644894,0
FCHU,20260904,21,3.7,0.14837559297927333,0.4823790050644894,0
FCHU,20260904,21,3.8,0.07143660109461174,0.4823790050644894,0
FCHU,20260904,21,3.9,0.027879024017491618,0.4823790050644894,0
FCHU,20260904,21,4.0,0.11709208435221631,0.4823790050644894,0
FCHU,20260904,21,4.1,0.10250658996365836,0.4823790050644894,0
FCHU,20260904,21,4.2,0.27397351579463347,0.4823790050644894,0
FCHU,20260904,21,4.3,0.23840658495464206,0.4823790050644894,0
FCHU,20260904,21,4.4,0.09335709326712857,0.4823790050644894,0
FCHU,20260904,21,4.5,0.21169518448155644,0.4823790050644894,0
FCHU,20260904,21,4.6,0.2566067775632717,0.4823790050644894,0
FCHU,20260904,21,4.7,0.14449956582381898,0.4823790050644894,0
FCHU,20260904,21,4.8,0.1930655313942017,0.4823790050644894,0
FCHU,20260904,21,4.9,0.2049016182916726,0.4823790050644894,0
FCHU,20260904,21,5.0,0.17004230852507843,0.4823790050644894,0
FCHU,20260904,21,5.1,0.22755702172518952,0.4823790050644894,0
FCHU,20260904,21,5.2,0.13585205073898168,0.4823790050644894,0
FCHU,20260904,21,5.3,0.29276782409095187,0.4823790050644894,0
FCHU,20260904,21,5.4,0.44774945159681045,0.4823790050644894,0
FCHU,20260904,21,5.5,0.5216331075566033,0.4823790050644894,1
FCHU,20260904,21,5.6,0.37812766078695226,0.4823790050644894,0
FCHU,20260904,21,5.7,0.38232818791503154,0.4823790050644894,0
FCHU,20260904,21,5.8,0.30961193270839227,0.4823790050644894,0
FCHU,20260904,21,5.9,0.16886197319042484,0.4823790050644894,0
FCHU,20260904,21,6.0,0.5032308729229568,0.4823790050644894,1
FCHU,20260904,21,6.1,0.46257906212033073,0.4823790050644894,0
FCHU,20260904,21,6.2,0.48298747327940633,0.4823790050644894,1
FCHU,20260904,21,6.3,0.40549531784764387,0.4823790050644894,0
FCHU,20260904,21,6.4,0.26170185782393857,0.4823790050644894,0
FCHU,20260904,21,6.5,0.22414501528084824,0.4823790050644894,0
FCHU,20260904,21,6.6,0.4727557758717117,0.4823790050644894,0
FCHU,20260904,21,6.7,0.5653311636071628,0.4823790050644894,1
FCHU,20260904,21,6.8,0.4898534182358194,0.4823790050644894,1
FCHU,20260904,21,6.9,0.47172363865712486,0.4823790050644894,0
FCHU,20260904,21,7.0,0.3587349126445487,0.4823790050644894,0
FCHU,20260904,21,7.1,0.37969976671594574,0.4823790050644894,0
FCHU,20260904,21,7.2,0.446317561916114,0.4823790050644894,0
FCHU,20260904,21,7.3,0.4662253261269433,0.4823790050644894,0
FCHU,20260904,21,7.4,0.43721812341280997,0.4823790050644894,0
FCHU,20260904,21,7.5,0.49826722305665805,0.4823790050644894,1
FCHU,20260904,21,7.6,0.5780262525685645,0.4823790050644894,1
FCHU,20260904,21,7.7,0.6004416270253056,0.4823790050644894,1
FCHU,20260904,21,7.8,0.7136794360607975,0.4823790050644894,1
FCHU,20260904,21,7.9,0.6368545484848763,0.4823790050644894,1
FCHU,20260904,21,8.0,0.6223785772741249,0.4823790050644894,1
FCHU,20260904,21,8.1,0.5912466921717655,0.4823790050644894,1
FCHU,20260904,21,8.2,0.5053359262401967,0.4823790050644894,1
FCHU,20260904,21,8.3,0.4059621924703887,0.4823790050644894,0
FCHU,20260904,21,8.4,0.42257625981478053,0.4823790050644894,0
FCHU,20260904,21,8.5,0.3906703687721675,0.4823790050644894,0
FCHU,20260904,21,8.6,0.37252410799335434,0.4823790050644894,0
FCHU,20260904,21,8.7,0.15485470637866763,0.4823790050644894,0
FCHU,20260904,21,8.8,0.2365251515026601,0.4823790050644894,0
FCHU,20260904,21,8.9,0.3095703608414338,0.4823790050644894,0
FCHU,20260904,21,9.0,0.14302653920632397,0.4823790050644894,0
FCHU,20260904,21,9.1,0.12042786872859426,0.4823790050644894,0
FCHU,20260904,21,9.2,0.10584478129929789,0.4823790050644894,0
FCHU,20260904,21,9.3,0.20841713403039744,0.4823790050644894,0
FCHU,20260904,21,9.4,0.18663593729666494,0.4823790050644894,0
FCHU,20260904,21,9.5,0.2078211886643614,0.4823790050644894,0
FCHU,20260904,22,1.0,0.1964433811038576,0.47285249765047394,0
FCHU,20260904,22,1.1,0.3018560103895778,0.47285249765047394,0
FCHU,20260904,22,1.2,0.4409797951683209,0.47285249765047394,0
FCHU,20260904,22,1.3,0.4159384473747562,0.47285249765047394,0
FCHU,20260904,22,1.4,0.47547412235560316,0.47285249765047394,1
FCHU,20260904,22,1.5,0.450585087440803,0.47285249765047394,0
FCHU,20260904,22,1.6,0.3105355130723601,0.47285249765047394,0
FCHU,20260904,22,1.7,0.28642942299716223,0.47285249765047394,0
FCHU,20260904,22,1.8,0.2776428335853128,0.47285249765047394,0
FCHU,20260904,22,1.9,0.2975863996552274,0.47285249765047394,0
FCHU,20260904,22,2.0,0.26595912094873536,0.47285249765047394,0
FCHU,20260904,22,2.1,0.2784617028094943,0.47285249765047394,0
FCHU,20260904,22,2.2,0.348006120535275,0.47285249765047394,0
FCHU,20260904,22,2.3,0.4395840971156292,0.47285249765047394,0
FCHU,20260904,22,2.4,0.4124037771454298,0.47285249765047394,0
FCHU,20260904,22,2.5,0.3400922640139963,0.47285249765047394,0
FCHU,20260904,22,2.6,0.1946435275655924,0.47285249765047394,0
FCHU,20260904,22,2.7,0.29206942731490954,0.47285249765047394,0
FCHU,20260904,22,2.8,0.17581104230846079,0.47285249765047394,0
FCHU,20260904,22,2.9,0.23999926829424797,0.47285249765047394,0
FCHU,20260904,22,3.0,0.3120443766752045,0.47285249765047394,0
FCHU,20260904,22,3.1,0.27623224100350113,0.47285249765047394,0
FCHU,20260904,22,3.2,0.3662389133929295,0.47285249765047394,0
FCHU,20260904,22,3.3,0.4971778987070638,0.47285249765047394,1
FCHU,20260904,22,3.4,0.4650812283895791,0.47285249765047394,0
FCHU,20260904,22,3.5,0.3708485357543297,0.47285249765047394,0
FCHU,20260904,22,3.6,0.38374993552629605,0.47285249765047394,0
FCHU,20260904,22,3.7,0.44227049683410424,0.47285249765047394,0
FCHU,20260904,22,3.8,0.36765370536580244,0.47285249765047394,0
FCHU,20260904,22,3.9,0.3773601431842653,0.47285249765047394,0
FCHU,20260904,22,4.0,0.1981934627358264,0.47285249765047394,0
FCHU,20260904,22,4.1,0.17875015621290646,0.47285249765047394,0
FCHU,20260904,22,4.2,0.18070634256057674,0.47285249765047394,0
FCHU,20260904,22,4.3,0.044715318227773464,0.47285249765047394,0
FCHU,20260904,22,4.4,0.15731775953920196,0.47285249765047394,0
FCHU,20260904,22,4.5,0.17586639485609543,0.47285249765047394,0
FCHU,20260904,22,4.6,0.22900906461193787,0.47285249765047394,0
FCHU,20260904,22,4.7,0.3131506832039402,0.47285249765047394,0
FCHU,20260904,22,4.8,0.21328536583108898,0.47285249765047394,0
FCHU,20260904,22,4.9,0.21677453188145518,0.47285249765047394,0
FCHU,20260904,22,5.0,0.2696830476004861,0.47285249765047394,0
FCHU,20260904,22,5.1,0.4272521728371888,0.47285249765047394,0
FCHU,20260904,22,5.2,0.2794848971545578,0.47285249765047394,0
FCHU,20260904,22,5.3,0.1459948496468312,0.47285249765047394,0
FCHU,20260904,22,5.4,0.14219921913255887,0.47285249765047394,0
FCHU,20260904,22,5.5,0.14363418592431226,0.47285249765047394,0
FCHU,20260904,22,5.6,0.31133494280158003,0.47285249765047394,0
FCHU,20260904,22,5.7,0.34446904553179514,0.47285249765047394,0
FCHU,20260904,22,5.8,0.1878054371542289,0.47285249765047394,0
FCHU,20260904,22,5.9,0.09884304147735844,0.47285249765047394,0
FCHU,20260904,22,6.0,0.22168453797166454,0.47285249765047394,0
FCHU,20260904,22,6.1,0.3935422363032988,0.47285249765047394,0
FCHU,20260904,22,6.2,0.3880214630887278,0.47285249765047394,0
FCHU,20260904,22,6.3,0.2638863516792212,0.47285249765047394,0
FCHU,20260904,22,6.4,0.2706385587833645,0.47285249765047394,0
FCHU,20260904,22,6.5,0.09443723624160125,0.47285249765047394,0
FCHU,20260904,22,6.6,0.13002891030963779,0.47285249765047394,0
FCHU,20260904,22,6.7,0.17039156528972038,0.47285249765047394,0
FCHU,20260904,22,6.8,0.2161397830588071,0.47285249765047394,0
FCHU,20260904,22,6.9,0.31284068122740066,0.47285249765047394,0
FCHU,20260904,22,7.0,0.3790969399089418,0.47285249765047394,0
FCHU,20260904,22,7.1,0.29328030182717185,0.47285249765047394,0
FCHU,20260904,22,7.2,0.41594950306740336,0.47285249765047394,0
FCHU,20260904,22,7.3,0.34937963612244216,0.47285249765047394,0
FCHU,20260904,22,7.4,0.4545080872567283,0.47285249765047394,0
FCHU,20260904,22,7.5,0.4590703284645954,0.47285249765047394,0
FCHU,20260904,22,7.6,0.3922321524096631,0.47285249765047394,0
FCHU,20260904,22,7.7,0.35839114721469517,0.47285249765047394,0
FCHU,20260904,22,7.8,0.4012346898713037,0.47285249765047394,0
FCHU,20260904,22,7.9,0.350308171934668,0.47285249765047394,0
FCHU,20260904,22,8.0,0.38050317102415726,0.47285249765047394,0
FCHU,20260904,22,8.1,0.29775009747358605,0.47285249765047394,0
FCHU,20260904,22,8.2,0.363554467973404,0.47285249765047394,0
FCHU,20260904,22,8.3,0.3815987517823526,0.47285249765047394,0
FCHU,20260904,22,8.4,0.3785938351972939,0.47285249765047394,0
FCHU,20260904,22,8.5,0.2545811969381791,0.47285249765047394,0
FCHU,20260904,22,8.6,0.17678045451881122,0.47285249765047394,0
FCHU,20260904,22,8.7,0.17376423332065,0.47285249765047394,0
FCHU,20260904,22,8.8,0.14027092314466288,0.47285249765047394,0
FCHU,20260904,22,8.9,0.04335839654944869,0.47285249765047394,0
FCHU,20260904,22,9.0,0.06773687331526401,0.47285249765047394,0
FCHU,20260904,22,9.1,0.13048774305665795,0.47285249765047394,0
FCHU,20260904,22,9.2,0.17284657944612888,0.47285249765047394,0
FCHU,20260904,22,9.3,0.21345218575379163,0.47285249765047394,0
FCHU,20260904,22,9.4,0.2315936631712288,0.47285249765047394,0
FCHU,20260904,22,9.5,0.1700776924503751,0.47285249765047394,0
FCHU,20260904,23,1.0,0.19316510929924782,0.40149635907861725,0
FCHU,20260904,23,1.1,0.09777554118312638,0.40149635907861725,0
FCHU,20260904,23,1.2,0.20472407167348566,0.40149635907861725,0
FCHU,20260904,23,1.3,0.031103122770891174,0.40149635907861725,0
FCHU,20260904,23,1.4,0.18213703449973015,0.40149635907861725,0
FCHU,20260904,23,1.5,0.12986055989481524,0.40149635907861725,0
FCHU,20260904,23,1.6,0.18523800341915303,0.40149635907861725,0
FCHU,20260904,23,1.7,0.2327633434843381,0.40149635907861725,0
FCHU,20260904,23,1.8,0.3350585731788431,0.40149635907861725,0
FCHU,20260904,23,1.9,0.20718114325170062,0.40149635907861725,0
FCHU,20260904,23,2.0,0.23005101907903158,0.40149635907861725,0
FCHU,20260904,23,2.1,0.2783846044116617,0.40149635907861725,0
FCHU,20260904,23,2.2,0.2441413188980671,0.40149635907861725,0
FCHU,20260904,23,2.3,0.22865665512209143,0.40149635907861725,0
FCHU,20260904,23,2.4,0.12412210852096656,0.40149635907861725,0
FCHU,20260904,23,2.5,0.30274282655058815,0.40149635907861725,0
FCHU,20260904,23,2.6,0.3029687778107483,0.40149635907861725,0
FCHU,20260904,23,2.7,0.1418509855020231,0.40149635907861725,0
FCHU,20260904,23,2.8,0.15363409819807744,0.40149635907861725,0
FCHU,20260904,23,2.9,0.12306989338578447,0.40149635907861725,0
FCHU,20260904,23,3.0,0.30715151557677806,0.40149635907861725,0
FCHU,20260904,23,3.1,0.48075775271404964,0.40149635907861725,1
FCHU,20260904,23,3.2,0.35331589418200016,0.40149635907861725,0
FCHU,20260904,23,3.3,0.21751979562775817,0.40149635907861725,0
FCHU,20260904,23,3.4,0.17309472933926112,0.40149635907861725,0
FCHU,20260904,23,3.5,0.1747058908876791,0.40149635907861725,0
FCHU,20260904,23,3.6,0.18757228688790092,0.40149635907861725,0
FCHU,20260904,23,3.7,0.15538238714843644,0.40149635907861725,0
FCHU,20260904,23,3.8,0.11157232753991937,0.40149635907861725,0
FCHU,20260904,23,3.9,0.019966739074000275,0.40149635907861725,0
FCHU,20260904,23,4.0,0.047588619551627284,0.40149635907861725,0
FCHU,20260904,23,4.1,0.22859517835771362,0.40149635907861725,0
FCHU,20260904,23,4.2,0.32129394011577267,0.40149635907861725,0
FCHU,20260904,23,4.3,0.33268149178326256,0.40149635907861725,0
FCHU,20260904,23,4.4,0.21188142983853195,0.40149635907861725,0
FCHU,20260904,23,4.5,0.15738596922395487,0.40149635907861725,0
FCHU,20260904,23,4.6,0.06547134875357918,0.40149635907861725,0
FCHU,20260904,23,4.7,0.10762383537849157,0.40149635907861725,0
FCHU,20260904,23,4.8,0.06335532914285248,0.40149635907861725,0
FCHU,20260904,23,4.9,0.15578569689531044,0.40149635907861725,0
FCHU,20260904,23,5.0,0.22342617900195372,0.40149635907861725,0
FCHU,20260904,23,5.1,0.18212115893675887,0.40149635907861725,0
FCHU,20260904,23,5.2,0.1616285025924568,0.40149635907861725,0
FCHU,20260904,23,5.3,0.1669242632913186,0.40149635907861725,0
FCHU,20260904,23,5.4,0.2487729403996604,0.40149635907861725,0
FCHU,20260904,23,5.5,0.3264014075906715,0.40149635907861725,0
FCHU,20260904,23,5.6,0.3570391971428689,0.40149635907861725,0
FCHU,20260904,23,5.7,0.381132078827681,0.40149635907861725,0
FCHU,20260904,23,5.8,0.48072369958495637,0.40149635907861725,1
FCHU,20260904,23,5.9,0.23602292105551204,0.40149635907861725,0
FCHU,20260904,23,6.0,0.29150867135066616,0.40149635907861725,0
FCHU,20260904,23,6.1,0.39251884354133343,0.40149635907861725,0
FCHU,20260904,23,6.2,0.36418433664867716,0.40149635907861725,0
FCHU,20260904,23,6.3,0.25056631534081564,0.40149635907861725,0
FCHU,20260904,23,6.4,0.3109497659484239,0.40149635907861725,0
FCHU,20260904,23,6.5,0.2900163879279326,0.40149635907861725,0
FCHU,20260904,23,6.6,0.20472064551294275,0.40149635907861725,0
FCHU,20260904,23,6.7,0.3570421463570343,0.40149635907861725,0
FCHU,20260904,23,6.8,0.4213207511011899,0.40149635907861725,1
FCHU,20260904,23,6.9,0.41554451565130046,0.40149635907861725,1
FCHU,20260904,23,7.0,0.5027663687902277,0.40149635907861725,1
FCHU,20260904,23,7.1,0.5674019085043083,0.40149635907861725,1
FCHU,20260904,23,7.2,0.36817973522193,0.40149635907861725,0
FCHU,20260904,23,7.3,0.4016403008031186,0.40149635907861725,1
FCHU,20260904,23,7.4,0.4239747740963455,0.40149635907861725,1
FCHU,20260904,23,7.5,0.5515549769420959,0.40149635907861725,1
FCHU,20260904,23,7.6,0.6621348103779134,0.40149635907861725,1
FCHU,20260904,23,7.7,0.5926144808931042,0.40149635907861725,1
FCHU,20260904,23,7.8,0.5015964323499805,0.40149635907861725,1
FCHU,20260904,23,7.9,0.43092596682375356,0.40149635907861725,1
FCHU,20260904,23,8.0,0.38470939171865165,0.40149635907861725,0
FCHU,20260904,23,8.1,0.2390170456058315,0.40149635907861725,0
FCHU,20260904,23,8.2,0.1833053510862534,0.40149635907861725,0
FCHU,20260904,23,8.3,0.1711546141145051,0.40149635907861725,0
FCHU,20260904,23,8.4,0.2582654155718151,0.40149635907861725,0
FCHU,20260904,23,8.5,0.3153253922704098,0.40149635907861725,0
FCHU,20260904,23,8.6,0.30121297975665434,0.40149635907861725,0
FCHU,20260904,23,8.7,0.2687956732322457,0.40149635907861725,0
FCHU,20260904,23,8.8,0.14822216546171763,0.40149635907861725,0
FCHU,20260904,23,8.9,0.09482372153013606,0.40149635907861725,0
FCHU,20260904,23,9.0,0.09407713713504981,0.40149635907861725,0
FCHU,20260904,23,9.1,0.252922692771939,0.40149635907861725,0
FCHU,20260904,23,9.2,0.12363924380524562,0.40149635907861725,0
FCHU,20260904,23,9.3,0.12123456184353207,0.40149635907861725,0
FCHU,20260904,23,9.4,0.2473363645408886,0.40149635907861725,0
FCHU,20260904,23,9.5,0.12965225045905468,0.40149635907861725,0
FSMI,20260904,0,1.0,0.09388039467241982,0.3,0
FSMI,20260904,0,1.1,0.1514144193593042,0.3,0
FSMI,20260904,0,1.2,0.2714529093125937,0.3,0
FSMI,20260904,0,1.3,0.29550284294641155,0.3,0
FSMI,20260904,0,1.4,0.14066831633459725,0.3,0
FSMI,20260904,0,1.5,0.24400946447687058,0.3,0
FSMI,20260904,0,1.6,0.22767975694907416,0.3,0
FSMI,20260904,0,1.7,0.26392750372047863,0.3,0
FSMI,20260904,0,1.8,0.0954252059220332,0.3,0
FSMI,20260904,0,1.9,0.09540938142364232,0.3,0
FSMI,20260904,0,2.0,0.07404105733666524,0.3,0
FSMI,20260904,0,2.1,0.02338374980162628,0.3,0
FSMI,20260904,0,2.2,0.16656369749241667,0.3,0
FSMI,20260904,0,2.3,0.07344975794147336,0.3,0
FSMI,20260904,0,2.4,0.23724830156362747,0.3,0
FSMI,20260904,0,2.5,0.27109430792731654,0.3,0
FSMI,20260904,0,2.6,0.22020727293344108,0.3,0
FSMI,20260904,0,2.7,0.19090529227617825,0.3,0
FSMI,20260904,0,2.8,0.2994686766225937,0.3,0
FSMI,20260904,0,2.9,0.04092360721830586,0.3,0
FSMI,20260904,0,3.0,0.016621312531787023,0.3,0
FSMI,20260904,0,3.1,0.12495624635303969,0.3,0
FSMI,20260904,0,3.2,0.1503558970318065,0.3,0
FSMI,20260904,0,3.3,0.13102384114339344,0.3,0
FSMI,20260904,0,3.4,0.06565446338418986,0.3,0
FSMI,20260904,0,3.5,0.20879605377543695,0.3,0
FSMI,20260904,0,3.6,0.08311244467474428,0.3,0
FSMI,20260904,0,3.7,0.11023198645152299,0.3,0
FSMI,20260904,0,3.8,0.049946703727535804,0.3,0
FSMI,20260904,0,3.9,0.21378210493606542,0.3,0
FSMI,20260904,0,4.0,0.24119209876535905,0.3,0
FSMI,20260904,0,4.1,0.14196199972446877,0.3,0
FSMI,20260904,0,4.2,0.08899462109241396,0.3,0
FSMI,20260904,0,4.3,0.139279942637811,0.3,0
FSMI,20260904,0,4.4,0.13595865454965952,0.3,0
FSMI,20260904,0,4.5,0.22156052842702068,0.3,0
FSMI,20260904,0,4.6,0.1944872678024777,0.3,0
FSMI,20260904,0,4.7,0.14495877538172305,0.3,0
FSMI,20260904,0,4.8,0.2437966302581204,0.3,0
FSMI,20260904,0,4.9,0.33191392010273124,0.3,1
FSMI,20260904,0,5.0,0.2715713022648264,0.3,0
FSMI,20260904,0,5.1,0.2357140528122567,0.3,0
FSMI,20260904,0,5.2,0.09165302030415687,0.3,0
FSMI,20260904,0,5.3,0.14467896847389322,0.3,0
FSMI,20260904,0,5.4,0.06368416885657645,0.3,0
FSMI,20260904,0,5.5,0.22465657017786927,0.3,0
FSMI,20260904,0,5.6,0.27045289072441037,0.3,0
FSMI,20260904,0,5.7,0.2927445903034077,0.3,0
FSMI,20260904,0,5.8,0.14632203466361474,0.3,0
FSMI,20260904,0,5.9,0.12593438356233347,0.3,0
FSMI,20260904,0,6.0,0.13110662329029651,0.3,0
FSMI,20260904,0,6.1,0.07857327615375058,0.3,0
FSMI,20260904,0,6.2,0.2758981507908391,0.3,0
FSMI,20260904,0,6.3,0.28302262536055456,0.3,0
FSMI,20260904,0,6.4,0.22417819126960375,0.3,0
FSMI,20260904,0,6.5,0.11343306839969006,0.3,0
FSMI,20260904,0,6.6,0.23937857924836886,0.3,0
FSMI,20260904,0,6.7,0.09961160584877479,0.3,0
FSMI,20260904,0,6.8,0.15259553638953172,0.3,0
FSMI,20260904,0,6.9,0.21073952285302208,0.3,0
FSMI,20260904,0,7.0,0.1547361713394612,0.3,0
FSMI,20260904,0,7.1,0.24868975993667516,0.3,0
FSMI,20260904,0,7.2,0.20566617403099025,0.3,0
FSMI,20260904,0,7.3,0.08814536100331599,0.3,0
FSMI,20260904,0,7.4,0.1491773256590257,0.3,0
FSMI,20260904,0,7.5,0.30820708377763884,0.3,1
FSMI,20260904,0,7.6,0.11473655393219044,0.3,0
FSMI,20260904,0,7.7,0.13372842574937158,0.3,0
FSMI,20260904,0,7.8,0.158365448689502,0.3,0
FSMI,20260904,0,7.9,0.1352500005966362,0.3,0
FSMI,20260904,0,8.0,0.04201473276658519,0.3,0
FSMI,20260904,0,8.1,0.14591263288875958,0.3,0
FSMI,20260904,0,8.2,0.06626058111821453,0.3,0
FSMI,20260904,0,8.3,0.22165563674659441,0.3,0
FSMI,20260904,0,8.4,0.15412525172193456,0.3,0
FSMI,20260904,0,8.5,0.1306496215000297,0.3,0
FSMI,20260904,0,8.6,0.0676642111999554,0.3,0
FSMI,20260904,0,8.7,0.11694785327318767,0.3,0
FSMI,20260904,0,8.8,0.13989595091187637,0.3,0
FSMI,20260904,0,8.9,0.08554679572115395,0.3,0
FSMI,20260904,0,9.0,0.058308421557290595,0.3,0
FSMI,20260904,0,9.1,0.1326818069223546,0.3,0
FSMI,20260904,0,9.2,0.17315042986617732,0.3,0
FSMI,20260904,0,9.3,0.2859128418178697,0.3,0
FSMI,20260904,0,9.4,0.23684002844236543,0.3,0
FSMI,20260904,0,9.5,0.2602895059369672,0.3,0
FSMI,20260904,1,1.0,0.2979005662469827,0.3,0
FSMI,20260904,1,1.1,0.19051925432740133,0.3,0
FSMI,20260904,1,1.2,0.0765440266335468,0.3,0
FSMI,20260904,1,1.3,0.12294897068189946,0.3,0
FSMI,20260904,1,1.4,0.05809807066660192,0.3,0
FSMI,20260904,1,1.5,0.19325346141044847,0.3,0
FSMI,20260904,1,1.6,0.07067887791485504,0.3,0
FSMI,20260904,1,1.7,0.14497861903761608,0.3,0
FSMI,20260904,1,1.8,0.16141633770225106,0.3,0
FSMI,20260904,1,1.9,0.09937942091656103,0.3,0
FSMI,20260904,1,2.0,0.1099614726825155,0.3,0
FSMI,20260904,1,2.1,0.30339791263627347,0.3,1
FSMI,20260904,1,2.2,0.13585404442848872,0.3,0
FSMI,20260904,1,2.3,0.12166447509459132,0.3,0
FSMI,20260904,1,2.4,0.13120094218387784,0.3,0
FSMI,20260904,1,2.5,0.1327567806907621,0.3,0
FSMI,20260904,1,2.6,0.09468501069397406,0.3,0
FSMI,20260904,1,2.7,0.18452517465659765,0.3,0
FSMI,20260904,1,2.8,0.07450639622582196,0.3,0
FSMI,20260904,1,2.9,0.17217019858594598,0.3,0
FSMI,20260904,1,3.0,0.12437771318396144,0.3,0
FSMI,20260904,1,3.1,0.09851590416210511,0.3,0
FSMI,20260904,1,3.2,0.03480641494864209,0.3,0
FSMI,20260904,1,3.3,0.0790500020815906,0.3,0
FSMI,20260904,1,3.4,0.11149425296847636,0.3,0
FSMI,20260904,1,3.5,0.10955896518147108,0.3,0
FSMI,20260904,1,3.6,0.21670238033061737,0.3,0
FSMI,20260904,1,3.7,0.2630083952386614,0.3,0
FSMI,20260904,1,3.8,0.1695164345194054,0.3,0
FSMI,20260904,1,3.9,0.16898483505048742,0.3,0
FSMI,20260904,1,4.0,0.15971845776067436,0.3,0
FSMI,20260904,1,4.1,0.13897185027554845,0.3,0
FSMI,20260904,1,4.2,0.35791864504030696,0.3,1
FSMI,20260904,1,4.3,0.3873445789915149,0.3,1
FSMI,20260904,1,4.4,0.17802436817688003,0.3,0
FSMI,20260904,1,4.5,0.135768322798855,0.3,0
FSMI,20260904,1,4.6,0.15026335424145673,0.3,0
FSMI,20260904,1,4.7,0.0319630566663889,0.3,0
FSMI,20260904,1,4.8,0.038211387010911174,0.3,0
FSMI,20260904,1,4.9,0.06370633171240023,0.3,0
FSMI,20260904,1,5.0,0.026043387536120143,0.3,0
FSMI,20260904,1,5.1,0.07024105164839486,0.3,0
FSMI,20260904,1,5.2,0.08260618269746882,0.3,0
FSMI,20260904,1,5.3,0.14739129107487847,0.3,0
FSMI,20260904,1,5.4,0.24360855492278233,0.3,0
FSMI,20260904,1,5.5,0.13804088195714498,0.3,0
FSMI,20260904,1,5.6,0.010959851331023153,0.3,0
FSMI,20260904,1,5.7,0.026003984271853395,0.3,0
FSMI,20260904,1,5.8,0.23263879517351482,0.3,0
FSMI,20260904,1,5.9,0.17724050628799393,0.3,0
FSMI,20260904,1,6.0,0.08807168093920248,0.3,0
FSMI,20260904,1,6.1,0.27904038137125164,0.3,0
FSMI,20260904,1,6.2,0.06432661025476874,0.3,0
FSMI,20260904,1,6.3,0.10365645024587589,0.3,0
FSMI,20260904,1,6.4,0.19455475474618492,0.3,0
FSMI,20260904,1,6.5,0.16000684246360358,0.3,0
FSMI,20260904,1,6.6,0.01838638438007509,0.3,0
FSMI,20260904,1,6.7,0.10455393240889391,0.3,0
FSMI,20260904,1,6.8,0.18094191478554406,0.3,0
FSMI,20260904,1,6.9,0.08711604885666246,0.3,0
FSMI,20260904,1,7.0,0.1203368338633383,0.3,0
FSMI,20260904,1,7.1,0.10102767933554256,0.3,0
FSMI,20260904,1,7.2,0.10927548935536285,0.3,0
FSMI,20260904,1,7.3,0.11530382103957089,0.3,0
FSMI,20260904,1,7.4,0.19442354149253482,0.3,0
FSMI,20260904,1,7.5,0.2619488915945457,0.3,0
FSMI,20260904,1,7.6,0.29149406962689833,0.3,0
FSMI,20260904,1,7.7,0.25262934966446,0.3,0
FSMI,20260904,1,7.8,0.16725205760490217,0.3,0
FSMI,20260904,1,7.9,0.24539747363577272,0.3,0
FSMI,20260904,1,8.0,0.29641234033599273,0.3,0
FSMI,20260904,1,8.1,0.25199721866058133,0.3,0
FSMI,20260904,1,8.2,0.12270263800329073,0.3,0
FSMI,20260904,1,8.3,0.13762549554456177,0.3,0
FSMI,20260904,1,8.4,0.09870175195428049,0.3,0
FSMI,20260904,1,8.5,0.05528822309503001,0.3,0
FSMI,20260904,1,8.6,0.15479812962184267,0.3,0
FSMI,20260904,1,8.7,0.24243754844475512,0.3,0
FSMI,20260904,1,8.8,0.15182814986761464,0.3,0
FSMI,20260904,1,8.9,0.172076948172523,0.3,0
FSMI,20260904,1,9.0,0.15298065943408024,0.3,0
FSMI,20260904,1,9.1,0.14636443483226902,0.3,0
FSMI,20260904,1,9.2,0.22139460885459195,0.3,0
FSMI,20260904,1,9.3,0.1584722161525023,0.3,0
FSMI,20260904,1,9.4,0.18377840989469849,0.3,0
FSMI,20260904,1,9.5,0.3316285962256759,0.3,1
FSMI,20260904,2,1.0,0.12121497459687293,0.3,0
FSMI,20260904,2,1.1,0.12952503816647365,0.3,0
FSMI,20260904,2,1.2,0.08090329911191348,0.3,0
FSMI,20260904,2,1.3,0.08484428237046408,0.3,0
FSMI,20260904,2,1.4,0.05291266379072272,0.3,0
FSMI,20260904,2,1.5,0.0784529083991098,0.3,0
FSMI,20260904,2,1.6,0.07145719905622304,0.3,0
FSMI,20260904,2,1.7,0.0824026628810157,0.3,0
FSMI,20260904,2,1.8,0.06991876196223111,0.3,0
FSMI,20260904,2,1.9,0.07611789226729954,0.3,0
FSMI,20260904,2,2.0,0.18396741266921146,0.3,0
FSMI,20260904,2,2.1,0.028039388982542452,0.3,0
FSMI,20260904,2,2.2,0.05555100253331695,0.3,0
FSMI,20260904,2,2.3,0.05529074480507256,0.3,0
FSMI,20260904,2,2.4,0.23923058551415013,0.3,0
FSMI,20260904,2,2.5,0.3618024878004018,0.3,1
FSMI,20260904,2,2.6,0.35226017850029867,0.3,1
FSMI,20260904,2,2.7,0.2463067731999229,0.3,0
FSMI,20260904,2,2.8,0.38693473918262833,0.3,1
FSMI,20260904,2,2.9,0.32633171932675276,0.3,1
FSMI,20260904,2,3.0,0.18388060269369946,0.3,0
FSMI,20260904,2,3.1,0.11026868172594395,0.3,0
FSMI,20260904,2,3.2,0.06135527675785784,0.3,0
FSMI,20260904,2,3.3,0.11493630285366409,0.3,0
FSMI,20260904,2,3.4,0.09539757320214133,0.3,0
FSMI,20260904,2,3.5,0.053646015696180674,0.3,0
FSMI,20260904,2,3.6,0.02910738085840909,0.3,0
FSMI,20260904,2,3.7,0.05718775140889135,0.3,0
FSMI,20260904,2,3.8,0.2808128162505284,0.3,0
FSMI,20260904,2,3.9,0.15435531264495433,0.3,0
FSMI,20260904,2,4.0,0.1217101065504,0.3,0
FSMI,20260904,2,4.1,0.21751147218470931,0.3,0
FSMI,20260904,2,4.2,0.11265112767250339,0.3,0
FSMI,20260904,2,4.3,0.05509631892718733,0.3,0
FSMI,20260904,2,4.4,0.18594146438332979,0.3,0
FSMI,20260904,2,4.5,0.16650307864338165,0.3,0
FSMI,20260904,2,4.6,0.1198531250485195,0.3,0
FSMI,20260904,2,4.7,0.09426302346500909,0.3,0
FSMI,20260904,2,4.8,0.15386745733814125,0.3,0
FSMI,20260904,2,4.9,0.21102250764997563,0.3,0
FSMI,20260904,2,5.0,0.18920075747728712,0.3,0
FSMI,20260904,2,5.1,0.41533277970178,0.3,1
FSMI,20260904,2,5.2,0.3136007509342793,0.3,1
FSMI,20260904,2,5.3,0.19120694596158233,0.3,0
FSMI,20260904,2,5.4,0.15171939279686378,0.3,0
FSMI,20260904,2,5.5,0.1409102407749125,0.3,0
FSMI,20260904,2,5.6,0.11977897814622107,0.3,0
FSMI,20260904,2,5.7,0.07371208389079922,0.3,0
FSMI,20260904,2,5.8,0.07510095269429429,0.3,0
FSMI,20260904,2,5.9,0.1502310201588488,0.3,0
FSMI,20260904,2,6.0,0.1974044063520697,0.3,0
FSMI,20260904,2,6.1,0.08074383530354218,0.3,0
FSMI,20260904,2,6.2,0.11019689218719884,0.3,0
FSMI,20260904,2,6.3,0.039017579549259815,0.3,0
FSMI,20260904,2,6.4,0.06632086256874158,0.3,0
FSMI,20260904,2,6.5,0.13978522110732236,0.3,0
FSMI,20260904,2,6.6,0.1547478802618415,0.3,0
FSMI,20260904,2,6.7,0.2488559871788545,0.3,0
FSMI,20260904,2,6.8,0.28072099528184075,0.3,0
FSMI,20260904,2,6.9,0.17397120819903572,0.3,0
FSMI,20260904,2,7.0,0.13733225159268445,0.3,0
FSMI,20260904,2,7.1,0.1179172991405083,0.3,0
FSMI,20260904,2,7.2,0.023832017076756144,0.3,0
FSMI,20260904,2,7.3,0.1791236867873202,0.3,0
FSMI,20260904,2,7.4,0.12522491494744248,0.3,0
FSMI,20260904,2,7.5,0.12644294494284386,0.3,0
FSMI,20260904,2,7.6,0.194840911404479,0.3,0
FSMI,20260904,2,7.7,0.05256909937335113,0.3,0
FSMI,20260904,2,7.8,0.2706998519041501,0.3,0
FSMI,20260904,2,7.9,0.32231423842660145,0.3,1
FSMI,20260904,2,8.0,0.32822697410753676,0.3,1
FSMI,20260904,2,8.1,0.2038408711535722,0.3,0
FSMI,20260904,2,8.2,0.19438617633941083,0.3,0
FSMI,20260904,2,8.3,0.2791333592102038,0.3,0
FSMI,20260904,2,8.4,0.191782568910394,0.3,0
FSMI,20260904,2,8.5,0.12379178664283234,0.3,0
FSMI,20260904,2,8.6,0.30195816023024874,0.3,1
FSMI,20260904,2,8.7,0.36669956221201094,0.3,1
FSMI,20260904,2,8.8,0.38370077199236435,0.3,1
FSMI,20260904,2,8.9,0.24526484892045203,0.3,0
FSMI,20260904,2,9.0,0.3200160613436283,0.3,1
FSMI,20260904,2,9.1,0.2875834435003873,0.3,0
FSMI,20260904,2,9.2,0.29822285200766524,0.3,0
FSMI,20260904,2,9.3,0.3105068918424752,0.3,1
FSMI,20260904,2,9.4,0.18061993729352172,0.3,0
FSMI,20260904,2,9.5,0.20751710084291705,0.3,0
FSMI,20260904,3,1.0,0.14228198794702412,0.3,0
FSMI,20260904,3,1.1,0.1892486724603601,0.3,0
FSMI,20260904,3,1.2,0.2220549601780777,0.3,0
FSMI,20260904,3,1.3,0.3179179998544247,0.3,1
FSMI,20260904,3,1.4,0.3151759902343011,0.3,1
FSMI,20260904,3,1.5,0.1586602527894463,0.3,0
FSMI,20260904,3,1.6,0.13113130806491188,0.3,0
FSMI,20260904,3,1.7,0.07200578564044871,0.3,0
FSMI,20260904,3,1.8,0.143233022328664,0.3,0
FSMI,20260904,3,1.9,0.03513970589406626,0.3,0
FSMI,20260904,3,2.0,0.19429203928964145,0.3,0
FSMI,20260904,3,2.1,0.19714796966105283,0.3,0
FSMI,20260904,3,2.2,0.1366611107818264,0.3,0
FSMI,20260904,3,2.3,0.09473306749819572,0.3,0
FSMI,20260904,3,2.4,0.2063204764672525,0.3,0
FSMI,20260904,3,2.5,0.1555101142396622,0.3,0
FSMI,20260904,3,2.6,0.2855960804094981,0.3,0
FSMI,20260904,3,2.7,0.36290091562745835,0.3,1
FSMI,20260904,3,2.8,0.3263047699984603,0.3,1
FSMI,20260904,3,2.9,0.21433581450172043,0.3,0
FSMI,20260904,3,3.0,0.034005369904325594,0.3,0
FSMI,20260904,3,3.1,0.22985892277211148,0.3,0
FSMI,20260904,3,3.2,0.13034061046156012,0.3,0
FSMI,20260904,3,3.3,0.16163596501713062,0.3,0
FSMI,20260904,3,3.4,0.08716852006236125,0.3,0
FSMI,20260904,3,3.5,0.1613833072064556,0.3,0
FSMI,20260904,3,3.6,0.09037133746293684,0.3,0
FSMI,20260904,3,3.7,0.08359656052719014,0.3,0
FSMI,20260904,3,3.8,0.1311002608056604,0.3,0
FSMI,20260904,3,3.9,0.06591335985687208,0.3,0
FSMI,20260904,3,4.0,0.1612575699261515,0.3,0
FSMI,20260904,3,4.1,0.07986608525257934,0.3,0
FSMI,20260904,3,4.2,0.08449670157657603,0.3,0
FSMI,20260904,3,4.3,0.2047855678442427,0.3,0
FSMI,20260904,3,4.4,0.3450333739384834,0.3,1
FSMI,20260904,3,4.5,0.2603156991920855,0.3,0
FSMI,20260904,3,4.6,0.1476084468861862,0.3,0
FSMI,20260904,3,4.7,0.1605105037534818,0.3,0
FSMI,20260904,3,4.8,0.3364383751527219,0.3,1
FSMI,20260904,3,4.9,0.2883330654083913,0.3,0
FSMI,20260904,3,5.0,0.2932618364156459,0.3,0
FSMI,20260904,3,5.1,0.3472646734278459,0.3,1
FSMI,20260904,3,5.2,0.1597850094099738,0.3,0
FSMI,20260904,3,5.3,0.12790612343745741,0.3,0
FSMI,20260904,3,5.4,0.12880091983432343,0.3,0
FSMI,20260904,3,5.5,0.17856156913627258,0.3,0
FSMI,20260904,3,5.6,0.10360319523104218,0.3,0
FSMI,20260904,3,5.7,0.16728954586493602,0.3,0
FSMI,20260904,3,5.8,0.14317593105065504,0.3,0
FSMI,20260904,3,5.9,0.03220157557349916,0.3,0
FSMI,20260904,3,6.0,0.1299390355842501,0.3,0
FSMI,20260904,3,6.1,0.1683755251771474,0.3,0
FSMI,20260904,3,6.2,0.16287652770343264,0.3,0
FSMI,20260904,3,6.3,0.23417595152683818,0.3,0
FSMI,20260904,3,6.4,0.26507404322226635,0.3,0
FSMI,20260904,3,6.5,0.08635859590328686,0.3,0
FSMI,20260904,3,6.6,0.04036474104636425,0.3,0
FSMI,20260904,3,6.7,0.11305591233165266,0.3,0
FSMI,20260904,3,6.8,0.12359861496225043,0.3,0
FSMI,20260904,3,6.9,0.13094668383643898,0.3,0
FSMI,20260904,3,7.0,0.1799011759048058,0.3,0
FSMI,20260904,3,7.1,0.08089545604630725,0.3,0
FSMI,20260904,3,7.2,0.1262368069656195,0.3,0
FSMI,20260904,3,7.3,0.24228260071334098,0.3,0
FSMI,20260904,3,7.4,0.2367403926175457,0.3,0
FSMI,20260904,3,7.5,0.12738487884814503,0.3,0
FSMI,20260904,3,7.6,0.21015262006690166,0.3,0
FSMI,20260904,3,7.7,0.08154118494845773,0.3,0
FSMI,20260904,3,7.8,0.15172438846136,0.3,0
FSMI,20260904,3,7.9,0.021638745396716584,0.3,0
FSMI,20260904,3,8.0,0.17508237435039734,0.3,0
FSMI,20260904,3,8.1,0.22930627208184984,0.3,0
FSMI,20260904,3,8.2,0.24004563195628784,0.3,0
FSMI,20260904,3,8.3,0.25919764125825523,0.3,0
FSMI,20260904,3,8.4,0.053536048457309006,0.3,0
FSMI,20260904,3,8.5,0.13222380736836753,0.3,0
FSMI,20260904,3,8.6,0.006455520344930003,0.3,0
FSMI,20260904,3,8.7,0.017985297923899992,0.3,0
FSMI,20260904,3,8.8,0.07827158578820188,0.3,0
FSMI,20260904,3,8.9,0.1621645920428959,0.3,0
FSMI,20260904,3,9.0,0.1911003186274338,0.3,0
FSMI,20260904,3,9.1,0.15340835228784824,0.3,0
FSMI,20260904,3,9.2,0.15060671221885494,0.3,0
FSMI,20260904,3,9.3,0.21063418244505155,0.3,0
FSMI,20260904,3,9.4,0.06944525893856392,0.3,0
FSMI,20260904,3,9.5,0.09817448213972917,0.3,0
FSMI,20260904,4,1.0,0.17200666307994422,0.3,0
FSMI,20260904,4,1.1,0.03230963790125824,0.3,0
FSMI,20260904,4,1.2,0.16731474699645607,0.3,0
FSMI,20260904,4,1.3,0.32597864171965063,0.3,1
FSMI,20260904,4,1.4,0.1932516875566215,0.3,0
FSMI,20260904,4,1.5,0.28807156050161636,0.3,0
FSMI,20260904,4,1.6,0.20569775453713504,0.3,0
FSMI,20260904,4,1.7,0.1908268840785999,0.3,0
FSMI,20260904,4,1.8,0.1501308800740289,0.3,0
FSMI,20260904,4,1.9,0.22689903613265758,0.3,0
FSMI,20260904,4,2.0,0.21533756888784725,0.3,0
FSMI,20260904,4,2.1,0.24422229614563298,0.3,0
FSMI,20260904,4,2.2,0.2445525430179517,0.3,0
FSMI,20260904,4,2.3,0.3715382105263307,0.3,1
FSMI,20260904,4,2.4,0.15840060376827408,0.3,0
FSMI,20260904,4,2.5,0.26674407699741814,0.3,0
FSMI,20260904,4,2.6,0.17498543943735823,0.3,0
FSMI,20260904,4,2.7,0.1619661375012101,0.3,0
FSMI,20260904,4,2.8,0.18013637861905799,0.3,0
FSMI,20260904,4,2.9,0.09132576410769472,0.3,0
FSMI,20260904,4,3.0,0.17874018295425656,0.3,0
FSMI,20260904,4,3.1,0.21642717194672284,0.3,0
FSMI,20260904,4,3.2,0.1559377644571733,0.3,0
FSMI,20260904,4,3.3,0.2250710602899324,0.3,0
FSMI,20260904,4,3.4,0.2135784011416613,0.3,0
FSMI,20260904,4,3.5,0.2586085078637835,0.3,0
FSMI,20260904,4,3.6,0.21063484524917045,0.3,0
FSMI,20260904,4,3.7,0.044672941308556174,0.3,0
FSMI,20260904,4,3.8,0.15189400514080997,0.3,0
FSMI,20260904,4,3.9,0.4301595114239468,0.3,1
FSMI,20260904,4,4.0,0.1503236916028643,0.3,0
FSMI,20260904,4,4.1,0.10086211663785456,0.3,0
FSMI,20260904,4,4.2,0.23266350161010693,0.3,0
FSMI,20260904,4,4.3,0.11786128374939393,0.3,0
FSMI,20260904,4,4.4,0.17977650519280852,0.3,0
FSMI,20260904,4,4.5,0.22047530439695812,0.3,0
FSMI,20260904,4,4.6,0.16187594017132964,0.3,0
FSMI,20260904,4,4.7,0.11761376629723302,0.3,0
FSMI,20260904,4,4.8,0.021770766867332314,0.3,0
FSMI,20260904,4,4.9,0.15241851653173574,0.3,0
FSMI,20260904,4,5.0,0.25661125204254603,0.3,0
FSMI,20260904,4,5.1,0.22305819526126058,0.3,0
FSMI,20260904,4,5.2,0.32121068364123817,0.3,1
FSMI,20260904,4,5.3,0.09138051477523945,0.3,0
FSMI,20260904,4,5.4,0.17172418597811204,0.3,0
FSMI,20260904,4,5.5,0.23903278482378842,0.3,0
FSMI,20260904,4,5.6,0.11824329661226819,0.3,0
FSMI,20260904,4,5.7,0.14183751550098767,0.3,0
FSMI,20260904,4,5.8,0.17687660003522465,0.3,0
FSMI,20260904,4,5.9,0.08920256790230141,0.3,0
FSMI,20260904,4,6.0,0.07504305130940334,0.3,0
FSMI,20260904,4,6.1,0.09217873269614357,0.3,0
FSMI,20260904,4,6.2,0.23161451094847746,0.3,0
FSMI,20260904,4,6.3,0.18625781312508402,0.3,0
FSMI,20260904,4,6.4,0.20837072716009133,0.3,0
FSMI,20260904,4,6.5,0.06481872204936956,0.3,0
FSMI,20260904,4,6.6,0.12053550509384216,0.3,0
FSMI,20260904,4,6.7,0.1399278229069907,0.3,0
FSMI,20260904,4,6.8,0.3077841982352526,0.3,1
FSMI,20260904,4,6.9,0.22055007565732326,0.3,0
FSMI,20260904,4,7.0,0.32284761422432456,0.3,1
FSMI,20260904,4,7.1,0.31683312621358634,0.3,1
FSMI,20260904,4,7.2,0.2980200399096493,0.3,0
FSMI,20260904,4,7.3,0.1509640530649441,0.3,0
FSMI,20260904,4,7.4,0.11449807962376822,0.3,0
FSMI,20260904,4,7.5,0.10426393608221353,0.3,0
FSMI,20260904,4,7.6,0.03521703032993615,0.3,0
FSMI,20260904,4,7.7,0.07333461415558357,0.3,0
FSMI,20260904,4,7.8,0.2501840761368778,0.3,0
FSMI,20260904,4,7.9,0.14739088090086783,0.3,0
FSMI,20260904,4,8.0,0.20629682933140156,0.3,0
FSMI,20260904,4,8.1,0.29695049752589403,0.3,0
FSMI,20260904,4,8.2,0.33309907590347676,0.3,1
FSMI,20260904,4,8.3,0.09361102187217714,0.3,0
FSMI,20260904,4,8.4,0.13777059121782503,0.3,0
FSMI,20260904,4,8.5,0.07958086999543351,0.3,0
FSMI,20260904,4,8.6,0.24281190285869608,0.3,0
FSMI,20260904,4,8.7,0.1520253027649315,0.3,0
FSMI,20260904,4,8.8,0.17958932862308205,0.3,0
FSMI,20260904,4,8.9,0.16029679172758723,0.3,0
FSMI,20260904,4,9.0,0.10900934821533295,0.3,0
FSMI,20260904,4,9.1,0.16062337990395187,0.3,0
FSMI,20260904,4,9.2,0.056988206910605715,0.3,0
FSMI,20260904,4,9.3,0.04788410071849695,0.3,0
FSMI,20260904,4,9.4,0.11919851091816212,0.3,0
FSMI,20260904,4,9.5,0.1251666281645643,0.3,0
FSMI,20260904,5,1.0,0.17161212748136953,0.3,0
FSMI,20260904,5,1.1,0.1848049929600628,0.3,0
FSMI,20260904,5,1.2,0.13347428246195486,0.3,0
FSMI,20260904,5,1.3,0.17769686686455802,0.3,0
FSMI,20260904,5,1.4,0.29027666398702057,0.3,0
FSMI,20260904,5,1.5,0.40293991563695775,0.3,1
FSMI,20260904,5,1.6,0.361802967691928,0.3,1
FSMI,20260904,5,1.7,0.08118682452082426,0.3,0
FSMI,20260904,5,1.8,0.07062195084439524,0.3,0
FSMI,20260904,5,1.9,0.0728800304083779,0.3,0
FSMI,20260904,5,2.0,0.02826565578223313,0.3,0
FSMI,20260904,5,2.1,0.20656344057060333,0.3,0
FSMI,20260904,5,2.2,0.2869879118024569,0.3,0
FSMI,20260904,5,2.3,0.12931950207905307,0.3,0
FSMI,20260904,5,2.4,0.19819149420166127,0.3,0
FSMI,20260904,5,2.5,0.05609159458564425,0.3,0
FSMI,20260904,5,2.6,0.05315621423820394,0.3,0
FSMI,20260904,5,2.7,0.28322495739504006,0.3,0
FSMI,20260904,5,2.8,0.076683473463332,0.3,0
FSMI,20260904,5,2.9,0.28987207797571746,0.3,0
FSMI,20260904,5,3.0,0.06568732443814716,0.3,0
FSMI,20260904,5,3.1,0.169527092806591,0.3,0
FSMI,20260904,5,3.2,0.07214090201035414,0.3,0
FSMI,20260904,5,3.3,0.14253977851787994,0.3,0
FSMI,20260904,5,3.4,0.03641022597065578,0.3,0
FSMI,20260904,5,3.5,0.00935650376100466,0.3,0
FSMI,20260904,5,3.6,0.17529792678905387,0.3,0
FSMI,20260904,5,3.7,0.15881521275399546,0.3,0
FSMI,20260904,5,3.8,0.11061397452142727,0.3,0
FSMI,20260904,5,3.9,0.03756494925643282,0.3,0
FSMI,20260904,5,4.0,0.05631572832289556,0.3,0
FSMI,20260904,5,4.1,0.11658061782348372,0.3,0
FSMI,20260904,5,4.2,0.13298047483017061,0.3,0
FSMI,20260904,5,4.3,0.1955359348706752,0.3,0
FSMI,20260904,5,4.4,0.1248428827071651,0.3,0
FSMI,20260904,5,4.5,0.16152689881659993,0.3,0
FSMI,20260904,5,4.6,0.21541297313860902,0.3,0
FSMI,20260904,5,4.7,0.11624814954697774,0.3,0
FSMI,20260904,5,4.8,0.16943941629866063,0.3,0
FSMI,20260904,5,4.9,0.23892457800461972,0.3,0
FSMI,20260904,5,5.0,0.12759318176878157,0.3,0
FSMI,20260904,5,5.1,0.07867380062103808,0.3,0
FSMI,20260904,5,5.2,0.1388086601133608,0.3,0
FSMI,20260904,5,5.3,0.2645885734153227,0.3,0
FSMI,20260904,5,5.4,0.10290444134176271,0.3,0
FSMI,20260904,5,5.5,0.04992056795218531,0.3,0
FSMI,20260904,5,5.6,0.028510561249561292,0.3,0
FSMI,20260904,5,5.7,0.1410445914413259,0.3,0
FSMI,20260904,5,5.8,0.15383864199849379,0.3,0
FSMI,20260904,5,5.9,0.24487964124331887,0.3,0
FSMI,20260904,5,6.0,0.11180979653441155,0.3,0
FSMI,20260904,5,6.1,0.15550115868105582,0.3,0
FSMI,20260904,5,6.2,0.14520813257194964,0.3,0
FSMI,20260904,5,6.3,0.0892021274430972,0.3,0
FSMI,20260904,5,6.4,0.08593005294912685,0.3,0
FSMI,20260904,5,6.5,0.10283345740868234,0.3,0
FSMI,20260904,5,6.6,0.3127446551401424,0.3,1
FSMI,20260904,5,6.7,0.11808117282272573,0.3,0
FSMI,20260904,5,6.8,0.0913297529242495,0.3,0
FSMI,20260904,5,6.9,0.04187549791378822,0.3,0
FSMI,20260904,5,7.0,0.027135989120268034,0.3,0
FSMI,20260904,5,7.1,0.13494780173573956,0.3,0
FSMI,20260904,5,7.2,0.19214943303840493,0.3,0
FSMI,20260904,5,7.3,0.17966061490751176,0.3,0
FSMI,20260904,5,7.4,0.12088043927739914,0.3,0
FSMI,20260904,5,7.5,0.17148020421623306,0.3,0
FSMI,20260904,5,7.6,0.16683014272637683,0.3,0
FSMI,20260904,5,7.7,0.08072845045060108,0.3,0
FSMI,20260904,5,7.8,0.09490041125181993,0.3,0
FSMI,20260904,5,7.9,0.03203938542952845,0.3,0
FSMI,20260904,5,8.0,0.16061872187116885,0.3,0
FSMI,20260904,5,8.1,0.08887593155997793,0.3,0
FSMI,20260904,5,8.2,0.2023054116781867,0.3,0
FSMI,20260904,5,8.3,0.2738891507881412,0.3,0
FSMI,20260904,5,8.4,0.2070951726261834,0.3,0
FSMI,20260904,5,8.5,0.05007038898815759,0.3,0
FSMI,20260904,5,8.6,0.10683719429584389,0.3,0
FSMI,20260904,5,8.7,0.13531025997137408,0.3,0
FSMI,20260904,5,8.8,0.1721033723160492,0.3,0
FSMI,20260904,5,8.9,0.07409562445662933,0.3,0
FSMI,20260904,5,9.0,0.06041783023316456,0.3,0
FSMI,20260904,5,9.1,0.29812460805295177,0.3,0
FSMI,20260904,5,9.2,0.27314092111379557,0.3,0
FSMI,20260904,5,9.3,0.11057261218833535,0.3,0
FSMI,20260904,5,9.4,0.07228308469119343,0.3,0
FSMI,20260904,5,9.5,0.1968569948016978,0.3,0
FSMI,20260904,6,1.0,0.16393575354752637,0.3,0
FSMI,20260904,6,1.1,0.06404484099514797,0.3,0
FSMI,20260904,6,1.2,0.12933291927615714,0.3,0
FSMI,20260904,6,1.3,0.189022247911644,0.3,0
FSMI,20260904,6,1.4,0.2855444728516511,0.3,0
FSMI,20260904,6,1.5,0.1281173509259724,0.3,0
FSMI,20260904,6,1.6,0.20829113320435994,0.3,0
FSMI,20260904,6,1.7,0.11806864152023068,0.3,0
FSMI,20260904,6,1.8,0.2678135042629729,0.3,0
FSMI,20260904,6,1.9,0.19641562884085625,0.3,0
FSMI,20260904,6,2.0,0.15971781011071365,0.3,0
FSMI,20260904,6,2.1,0.08822200402313421,0.3,0
FSMI,20260904,6,2.2,0.22237535990232368,0.3,0
FSMI,20260904,6,2.3,0.3140543541597586,0.3,1
FSMI,20260904,6,2.4,0.011781581129478805,0.3,0
FSMI,20260904,6,2.5,0.13454492485359323,0.3,0
FSMI,20260904,6,2.6,0.018306420503663382,0.3,0
FSMI,20260904,6,2.7,0.1803238263818599,0.3,0
FSMI,20260904,6,2.8,0.15679581918004631,0.3,0
FSMI,20260904,6,2.9,0.1920117935931359,0.3,0
FSMI,20260904,6,3.0,0.19177610375091866,0.3,0
FSMI,20260904,6,3.1,0.13165265771991236,0.3,0
FSMI,20260904,6,3.2,0.051171028275712405,0.3,0
FSMI,20260904,6,3.3,0.2862829966770161,0.3,0
FSMI,20260904,6,3.4,0.23439274789422115,0.3,0
FSMI,20260904,6,3.5,0.29041981424028085,0.3,0
FSMI,20260904,6,3.6,0.17049333160385394,0.3,0
FSMI,20260904,6,3.7,0.27800085047086537,0.3,0
FSMI,20260904,6,3.8,0.1999930304705229,0.3,0
FSMI,20260904,6,3.9,0.13915062728629563,0.3,0
FSMI,20260904,6,4.0,0.11609006723461565,0.3,0
FSMI,20260904,6,4.1,0.05338087455239357,0.3,0
FSMI,20260904,6,4.2,0.07362588024682662,0.3,0
FSMI,20260904,6,4.3,0.15105363757223927,0.3,0
FSMI,20260904,6,4.4,0.19734698174242318,0.3,0
FSMI,20260904,6,4.5,0.14215022145257677,0.3,0
FSMI,20260904,6,4.6,0.25690756084164934,0.3,0
FSMI,20260904,6,4.7,0.1738100222898808,0.3,0
FSMI,20260904,6,4.8,0.12863559074183314,0.3,0
FSMI,20260904,6,4.9,0.16304788361015196,0.3,0
FSMI,20260904,6,5.0,0.20589660560270906,0.3,0
FSMI,20260904,6,5.1,0.0475242293763974,0.3,0
FSMI,20260904,6,5.2,0.20223660674461405,0.3,0
FSMI,20260904,6,5.3,0.13300874013473002,0.3,0
FSMI,20260904,6,5.4,0.035607576537476926,0.3,0
FSMI,20260904,6,5.5,0.09317225733419222,0.3,0
FSMI,20260904,6,5.6,0.15179098828802123,0.3,0
FSMI,20260904,6,5.7,0.09865689825262579,0.3,0
FSMI,20260904,6,5.8,0.22316589870455544,0.3,0
FSMI,20260904,6,5.9,0.23327230115293077,0.3,0
FSMI,20260904,6,6.0,0.10292987382340058,0.3,0
FSMI,20260904,6,6.1,0.11917849948727871,0.3,0
FSMI,20260904,6,6.2,0.044087007935978174,0.3,0
FSMI,20260904,6,6.3,0.14947786267828678,0.3,0
FSMI,20260904,6,6.4,0.06807098894991191,0.3,0
FSMI,20260904,6,6.5,0.0508118326248001,0.3,0
FSMI,20260904,6,6.6,0.08630941111173525,0.3,0
FSMI,20260904,6,6.7,0.23686365556338573,0.3,0
FSMI,20260904,6,6.8,0.1275839139162602,0.3,0
FSMI,20260904,6,6.9,0.14207507457550395,0.3,0
FSMI,20260904,6,7.0,0.20598965664862795,0.3,0
FSMI,20260904,6,7.1,0.13762169291636642,0.3,0
FSMI,20260904,6,7.2,0.09454077530165166,0.3,0
FSMI,20260904,6,7.3,0.29187444545909835,0.3,0
FSMI,20260904,6,7.4,0.3252914502787475,0.3,1
FSMI,20260904,6,7.5,0.20439158083445585,0.3,0
FSMI,20260904,6,7.6,0.01975392015045442,0.3,0
FSMI,20260904,6,7.7,0.2275420534401605,0.3,0
FSMI,20260904,6,7.8,0.14824279831530984,0.3,0
FSMI,20260904,6,7.9,0.21291426292038587,0.3,0
FSMI,20260904,6,8.0,0.19479925427820105,0.3,0
FSMI,20260904,6,8.1,0.11971947977713998,0.3,0
FSMI,20260904,6,8.2,0.13752757087926187,0.3,0
FSMI,20260904,6,8.3,0.062428925497354675,0.3,0
FSMI,20260904,6,8.4,0.06572965281817256,0.3,0
FSMI,20260904,6,8.5,0.09607281050329072,0.3,0
FSMI,20260904,6,8.6,0.3485974936402586,0.3,1
FSMI,20260904,6,8.7,0.17472633936682902,0.3,0
FSMI,20260904,6,8.8,0.14041374007443624,0.3,0
FSMI,20260904,6,8.9,0.14070876606371166,0.3,0
FSMI,20260904,6,9.0,0.10447928910122954,0.3,0
FSMI,20260904,6,9.1,0.02250130862526484,0.3,0
FSMI,20260904,6,9.2,0.0037308245594872805,0.3,0
FSMI,20260904,6,9.3,0.15687048209032003,0.3,0
FSMI,20260904,6,9.4,0.07427508311173567,0.3,0
FSMI,20260904,6,9.5,0.19092260823089388,0.3,0
FSMI,20260904,7,1.0,0.03496862631370412,0.3,0
FSMI,20260904,7,1.1,0.15601434142994947,0.3,0
FSMI,20260904,7,1.2,0.11635481072003068,0.3,0
FSMI,20260904,7,1.3,0.13343091089821044,0.3,0
FSMI,20260904,7,1.4,0.16226024269277917,0.3,0
FSMI,20260904,7,1.5,0.1602656929647137,0.3,0
FSMI,20260904,7,1.6,0.17701951956645343,0.3,0
FSMI,20260904,7,1.7,0.17272021829780762,0.3,0
FSMI,20260904,7,1.8,0.12871542197753116,0.3,0
FSMI,20260904,7,1.9,0.15354768062139224,0.3,0
FSMI,20260904,7,2.0,0.09066579205701152,0.3,0
FSMI,20260904,7,2.1,0.25846410093681566,0.3,0
FSMI,20260904,7,2.2,0.19859986120633016,0.3,0
FSMI,20260904,7,2.3,0.09035339331652695,0.3,0
FSMI,20260904,7,2.4,0.17806786564668423,0.3,0
FSMI,20260904,7,2.5,0.18425235846740035,0.3,0
FSMI,20260904,7,2.6,0.20037641054994934,0.3,0
FSMI,20260904,7,2.7,0.0946079359119133,0.3,0
FSMI,20260904,7,2.8,0.17364615652449103,0.3,0
FSMI,20260904,7,2.9,0.1332217292430799,0.3,0
FSMI,20260904,7,3.0,0.14901496766029404,0.3,0
FSMI,20260904,7,3.1,0.17458071812039008,0.3,0
FSMI,20260904,7,3.2,0.1445391782138408,0.3,0
FSMI,20260904,7,3.3,0.08536182961401616,0.3,0
FSMI,20260904,7,3.4,0.14628951702703744,0.3,0
FSMI,20260904,7,3.5,0.27112702962587704,0.3,0
FSMI,20260904,7,3.6,0.20533263853668748,0.3,0
FSMI,20260904,7,3.7,0.15005444146658337,0.3,0
FSMI,20260904,7,3.8,0.05330540290533294,0.3,0
FSMI,20260904,7,3.9,0.2453126855474969,0.3,0
FSMI,20260904,7,4.0,0.18208790389225465,0.3,0
FSMI,20260904,7,4.1,0.18067956169857613,0.3,0
FSMI,20260904,7,4.2,0.028305833353705286,0.3,0
FSMI,20260904,7,4.3,0.13187628373488072,0.3,0
FSMI,20260904,7,4.4,0.12667309223481263,0.3,0
FSMI,20260904,7,4.5,0.07769569670517745,0.3,0
FSMI,20260904,7,4.6,0.1811285479156303,0.3,0
FSMI,20260904,7,4.7,0.2671016986553266,0.3,0
FSMI,20260904,7,4.8,0.08355899943449142,0.3,0
FSMI,20260904,7,4.9,0.25150203428566403,0.3,0
FSMI,20260904,7,5.0,0.14318164391284474,0.3,0
FSMI,20260904,7,5.1,0.27271081290141785,0.3,0
FSMI,20260904,7,5.2,0.23316146176950703,0.3,0
FSMI,20260904,7,5.3,0.17330215505252106,0.3,0
FSMI,20260904,7,5.4,0.31315327466327114,0.3,1
FSMI,20260904,7,5.5,0.14763160779668463,0.3,0
FSMI,20260904,7,5.6,0.16996832245058038,0.3,0
FSMI,20260904,7,5.7,0.0850048393244909,0.3,0
FSMI,20260904,7,5.8,0.13957785007461546,0.3,0
FSMI,20260904,7,5.9,0.09573571673927128,0.3,0
FSMI,20260904,7,6.0,0.19149356838566253,0.3,0
FSMI,20260904,7,6.1,0.11478277338737661,0.3,0
FSMI,20260904,7,6.2,0.23978707469303703,0.3,0
FSMI,20260904,7,6.3,0.1792686018469968,0.3,0
FSMI,20260904,7,6.4,0.20463240040241273,0.3,0
FSMI,20260904,7,6.5,0.06717057324334215,0.3,0
FSMI,20260904,7,6.6,0.06360992680389538,0.3,0
FSMI,20260904,7,6.7,0.05734908225966239,0.3,0
FSMI,20260904,7,6.8,0.14809883904833662,0.3,0
FSMI,20260904,7,6.9,0.2551796828021926,0.3,0
FSMI,20260904,7,7.0,0.08078733536326531,0.3,0
FSMI,20260904,7,7.1,0.029616987691368724,0.3,0
FSMI,20260904,7,7.2,0.05403856925166372,0.3,0
FSMI,20260904,7,7.3,0.07977875887893486,0.3,0
FSMI,20260904,7,7.4,0.11937084806906798,0.3,0
FSMI,20260904,7,7.5,0.029749365285305546,0.3,0
FSMI,20260904,7,7.6,0.19382302422440154,0.3,0
FSMI,20260904,7,7.7,0.18314041974575712,0.3,0
FSMI,20260904,7,7.8,0.40367346186884284,0.3,1
FSMI,20260904,7,7.9,0.3066855289155459,0.3,1
FSMI,20260904,7,8.0,0.2842524946741397,0.3,0
FSMI,20260904,7,8.1,0.27782850697066713,0.3,0
FSMI,20260904,7,8.2,0.2107457972618412,0.3,0
FSMI,20260904,7,8.3,0.12042217155959685,0.3,0
FSMI,20260904,7,8.4,0.1147059264910084,0.3,0
FSMI,20260904,7,8.5,0.23227782012454018,0.3,0
FSMI,20260904,7,8.6,0.30350788984470345,0.3,1
FSMI,20260904,7,8.7,0.16642098960424542,0.3,0
FSMI,20260904,7,8.8,0.12494787286792128,0.3,0
FSMI,20260904,7,8.9,0.11090793433454918,0.3,0
FSMI,20260904,7,9.0,0.15719936153809996,0.3,0
FSMI,20260904,7,9.1,0.13690072924712138,0.3,0
FSMI,20260904,7,9.2,0.18414410406947573,0.3,0
FSMI,20260904,7,9.3,0.10924558563924655,0.3,0
FSMI,20260904,7,9.4,0.16012173822728734,0.3,0
FSMI,20260904,7,9.5,0.07442968065636459,0.3,0
FSMI,20260904,8,1.0,0.020203355209581417,0.3,0
FSMI,20260904,8,1.1,0.09493764012255258,0.3,0
FSMI,20260904,8,1.2,0.19827730340765973,0.3,0
FSMI,20260904,8,1.3,0.145171606976281,0.3,0
FSMI,20260904,8,1.4,0.09101064526445736,0.3,0
FSMI,20260904,8,1.5,0.22928573383720233,0.3,0
FSMI,20260904,8,1.6,0.1619252689885589,0.3,0
FSMI,20260904,8,1.7,0.2091226439922199,0.3,0
FSMI,20260904,8,1.8,0.06536578358841309,0.3,0
FSMI,20260904,8,1.9,0.16726350539333704,0.3,0
FSMI,20260904,8,2.0,0.18842801580345708,0.3,0
FSMI,20260904,8,2.1,0.16372658456670322,0.3,0
FSMI,20260904,8,2.2,0.06620099599517469,0.3,0
FSMI,20260904,8,2.3,0.1788161870500154,0.3,0
FSMI,20260904,8,2.4,0.039685802542556534,0.3,0
FSMI,20260904,8,2.5,0.06739485667898025,0.3,0
FSMI,20260904,8,2.6,0.20623466614376137,0.3,0
FSMI,20260904,8,2.7,0.20156008531157324,0.3,0
FSMI,20260904,8,2.8,0.12807886806394098,0.3,0
FSMI,20260904,8,2.9,0.21290934473796133,0.3,0
FSMI,20260904,8,3.0,0.17021120713094115,0.3,0
FSMI,20260904,8,3.1,0.12183859193977183,0.3,0
FSMI,20260904,8,3.2,0.1238365545275595,0.3,0
FSMI,20260904,8,3.3,0.12440508365264069,0.3,0
FSMI,20260904,8,3.4,0.04896218883712247,0.3,0
FSMI,20260904,8,3.5,0.1205292849496078,0.3,0
FSMI,20260904,8,3.6,0.09811160564257254,0.3,0
FSMI,20260904,8,3.7,0.030488640512171154,0.3,0
FSMI,20260904,8,3.8,0.21607333385694033,0.3,0
FSMI,20260904,8,3.9,0.16063218737801555,0.3,0
FSMI,20260904,8,4.0,0.11491114871112235,0.3,0
FSMI,20260904,8,4.1,0.1781111594332144,0.3,0
FSMI,20260904,8,4.2,0.17133467390334622,0.3,0
FSMI,20260904,8,4.3,0.1583570686215195,0.3,0
FSMI,20260904,8,4.4,0.13460743342161438,0.3,0
FSMI,20260904,8,4.5,0.25997353301699333,0.3,0
FSMI,20260904,8,4.6,0.17078245741076997,0.3,0
FSMI,20260904,8,4.7,0.07156432225532189,0.3,0
FSMI,20260904,8,4.8,0.17425378446274856,0.3,0
FSMI,20260904,8,4.9,0.3356053205821562,0.3,1
FSMI,20260904,8,5.0,0.06509308342177227,0.3,0
FSMI,20260904,8,5.1,0.022597676467159402,0.3,0
FSMI,20260904,8,5.2,0.14791890899184335,0.3,0
FSMI,20260904,8,5.3,0.13090468808641434,0.3,0
FSMI,20260904,8,5.4,0.24385214402776287,0.3,0
FSMI,20260904,8,5.5,0.06995302991699386,0.3,0
FSMI,20260904,8,5.6,0.18776250554248217,0.3,0
FSMI,20260904,8,5.7,0.004940250403240148,0.3,0
FSMI,20260904,8,5.8,0.2016600341250401,0.3,0
FSMI,20260904,8,5.9,0.0769411738989152,0.3,0
FSMI,20260904,8,6.0,0.24752355543706794,0.3,0
FSMI,20260904,8,6.1,0.18027843842427585,0.3,0
FSMI,20260904,8,6.2,0.1923972802374453,0.3,0
FSMI,20260904,8,6.3,0.04420455976939262,0.3,0
FSMI,20260904,8,6.4,0.07162029844044816,0.3,0
FSMI,20260904,8,6.5,0.23264681127258763,0.3,0
FSMI,20260904,8,6.6,0.28575032985797916,0.3,0
FSMI,20260904,8,6.7,0.2511627711013422,0.3,0
FSMI,20260904,8,6.8,0.30704103682439926,0.3,1
FSMI,20260904,8,6.9,0.3395985612311169,0.3,1
FSMI,20260904,8,7.0,0.26890655706182104,0.3,0
FSMI,20260904,8,7.1,0.09987167003162965,0.3,0
FSMI,20260904,8,7.2,0.06450930892675459,0.3,0
FSMI,20260904,8,7.3,0.039901883210525756,0.3,0
FSMI,20260904,8,7.4,0.08855640930423289,0.3,0
FSMI,20260904,8,7.5,0.23929601371822826,0.3,0
FSMI,20260904,8,7.6,0.23150681215708707,0.3,0
FSMI,20260904,8,7.7,0.3250998551409833,0.3,1
FSMI,20260904,8,7.8,0.12976321062262436,0.3,0
FSMI,20260904,8,7.9,0.08797454398695094,0.3,0
FSMI,20260904,8,8.0,0.05079281203806501,0.3,0
FSMI,20260904,8,8.1,0.12628152216157837,0.3,0
FSMI,20260904,8,8.2,0.06560370878575902,0.3,0
FSMI,20260904,8,8.3,0.05706857569017119,0.3,0
FSMI,20260904,8,8.4,0.17517700081415552,0.3,0
FSMI,20260904,8,8.5,0.17073217318882355,0.3,0
FSMI,20260904,8,8.6,0.325847572072333,0.3,1
FSMI,20260904,8,8.7,0.3069101953732736,0.3,1
FSMI,20260904,8,8.8,0.2886977575613139,0.3,0
FSMI,20260904,8,8.9,0.20725382282930638,0.3,0
FSMI,20260904,8,9.0,0.068041474082889,0.3,0
FSMI,20260904,8,9.1,0.10616784135707315,0.3,0
FSMI,20260904,8,9.2,0.07790572837374402,0.3,0
FSMI,20260904,8,9.3,0.024389844149625285,0.3,0
FSMI,20260904,8,9.4,0.05929613428487666,0.3,0
FSMI,20260904,8,9.5,0.13498481648941854,0.3,0
FSMI,20260904,9,1.0,0.07370776198029379,0.3,0
FSMI,20260904,9,1.1,0.013659254586960871,0.3,0
FSMI,20260904,9,1.2,0.04202444227070891,0.3,0
FSMI,20260904,9,1.3,0.12749799346088006,0.3,0
FSMI,20260904,9,1.4,0.27445576667903987,0.3,0
FSMI,20260904,9,1.5,0.13160120334736278,0.3,0
FSMI,20260904,9,1.6,0.14257938853193933,0.3,0
FSMI,20260904,9,1.7,0.1695840777613983,0.3,0
FSMI,20260904,9,1.8,0.18237597121165958,0.3,0
FSMI,20260904,9,1.9,0.1925927457275378,0.3,0
FSMI,20260904,9,2.0,0.18432841470917988,0.3,0
FSMI,20260904,9,2.1,0.18028166437992585,0.3,0
FSMI,20260904,9,2.2,0.15151940880813183,0.3,0
FSMI,20260904,9,2.3,0.16851554662456103,0.3,0
FSMI,20260904,9,2.4,0.1627452425596197,0.3,0
FSMI,20260904,9,2.5,0.06143806519089268,0.3,0
FSMI,20260904,9,2.6,0.25614099356281594,0.3,0
FSMI,20260904,9,2.7,0.22604767754184332,0.3,0
FSMI,20260904,9,2.8,0.05013263239313165,0.3,0
FSMI,20260904,9,2.9,0.14472464434203117,0.3,0
FSMI,20260904,9,3.0,0.14648141024852585,0.3,0
FSMI,20260904,9,3.1,0.17671776478341644,0.3,0
FSMI,20260904,9,3.2,0.29014361061278376,0.3,0
FSMI,20260904,9,3.3,0.2878256719510162,0.3,0
FSMI,20260904,9,3.4,0.14188142116908087,0.3,0
FSMI,20260904,9,3.5,0.08458408693371759,0.3,0
FSMI,20260904,9,3.6,0.2614249872475451,0.3,0
FSMI,20260904,9,3.7,0.1348860830690875,0.3,0
FSMI,20260904,9,3.8,0.1842694123295143,0.3,0
FSMI,20260904,9,3.9,0.09608813230395417,0.3,0
FSMI,20260904,9,4.0,0.09998556848097023,0.3,0
FSMI,20260904,9,4.1,0.029636489669889427,0.3,0
FSMI,20260904,9,4.2,0.12097259726546689,0.3,0
FSMI,20260904,9,4.3,0.20745893744185337,0.3,0
FSMI,20260904,9,4.4,0.13802947131851895,0.3,0
FSMI,20260904,9,4.5,0.06989533082413367,0.3,0
FSMI,20260904,9,4.6,0.09877327701571131,0.3,0
FSMI,20260904,9,4.7,0.15077363627509838,0.3,0
FSMI,20260904,9,4.8,0.18028846539044044,0.3,0
FSMI,20260904,9,4.9,0.1037255019952712,0.3,0
FSMI,20260904,9,5.0,0.13923766655965908,0.3,0
FSMI,20260904,9,5.1,0.2109878541739754,0.3,0
FSMI,20260904,9,5.2,0.2112070141113563,0.3,0
FSMI,20260904,9,5.3,0.14286745820014668,0.3,0
FSMI,20260904,9,5.4,0.12399605210584348,0.3,0
FSMI,20260904,9,5.5,0.17911048005319521,0.3,0
FSMI,20260904,9,5.6,0.21007687599839153,0.3,0
FSMI,20260904,9,5.7,0.12142579840143619,0.3,0
FSMI,20260904,9,5.8,0.06505241526730814,0.3,0
FSMI,20260904,9,5.9,0.1392697472696272,0.3,0
FSMI,20260904,9,6.0,0.17084122949635383,0.3,0
FSMI,20260904,9,6.1,0.2402032098181362,0.3,0
FSMI,20260904,9,6.2,0.2721077927251076,0.3,0
FSMI,20260904,9,6.3,0.18844192065709034,0.3,0
FSMI,20260904,9,6.4,0.08818079365413155,0.3,0
FSMI,20260904,9,6.5,0.170299453585368,0.3,0
FSMI,20260904,9,6.6,0.20692691368391775,0.3,0
FSMI,20260904,9,6.7,0.26616316842289756,0.3,0
FSMI,20260904,9,6.8,0.22675757644386485,0.3,0
FSMI,20260904,9,6.9,0.16953559640907373,0.3,0
FSMI,20260904,9,7.0,0.15152896712435895,0.3,0
FSMI,20260904,9,7.1,0.07211134776652411,0.3,0
FSMI,20260904,9,7.2,0.18071675332368853,0.3,0
FSMI,20260904,9,7.3,0.13100561512097292,0.3,0
FSMI,20260904,9,7.4,0.05767470214404144,0.3,0
FSMI,20260904,9,7.5,0.17463646866920707,0.3,0
FSMI,20260904,9,7.6,0.16181778135168268,0.3,0
FSMI,20260904,9,7.7,0.21477850223382425,0.3,0
FSMI,20260904,9,7.8,0.1312349831441303,0.3,0
FSMI,20260904,9,7.9,0.18594085037295266,0.3,0
FSMI,20260904,9,8.0,0.18570636340819077,0.3,0
FSMI,20260904,9,8.1,0.20829870470687306,0.3,0
FSMI,20260904,9,8.2,0.10226098768933616,0.3,0
FSMI,20260904,9,8.3,0.19677983064903815,0.3,0
FSMI,20260904,9,8.4,0.2267945345232732,0.3,0
FSMI,20260904,9,8.5,0.12592336083368233,0.3,0
FSMI,20260904,9,8.6,0.04979875044747297,0.3,0
FSMI,20260904,9,8.7,0.14025110435561983,0.3,0
FSMI,20260904,9,8.8,0.04735327794775492,0.3,0
FSMI,20260904,9,8.9,0.14245129460469275,0.3,0
FSMI,20260904,9,9.0,0.20884042531275823,0.3,0
FSMI,20260904,9,9.1,0.19816302351921808,0.3,0
FSMI,20260904,9,9.2,0.06936149792268831,0.3,0
FSMI,20260904,9,9.3,0.1633488677542691,0.3,0
FSMI,20260904,9,9.4,0.13729146371697498,0.3,0
FSMI,20260904,9,9.5,0.16678042654229666,0.3,0
FSMI,20260904,10,1.0,0.1984463734179361,0.3,0
FSMI,20260904,10,1.1,0.27010840316196766,0.3,0
FSMI,20260904,10,1.2,0.246794697427558,0.3,0
FSMI,20260904,10,1.3,0.09208502308803469,0.3,0
FSMI,20260904,10,1.4,0.15315866334937123,0.3,0
FSMI,20260904,10,1.5,0.2375130866449554,0.3,0
FSMI,20260904,10,1.6,0.13939923606296872,0.3,0
FSMI,20260904,10,1.7,0.3673092712882655,0.3,1
FSMI,20260904,10,1.8,0.16455940105148834,0.3,0
FSMI,20260904,10,1.9,0.14696670703065393,0.3,0
FSMI,20260904,10,2.0,0.0917125324090208,0.3,0
FSMI,20260904,10,2.1,0.24082936892123585,0.3,0
FSMI,20260904,10,2.2,0.20049128091755788,0.3,0
FSMI,20260904,10,2.3,0.21249511028389212,0.3,0
FSMI,20260904,10,2.4,0.0433689594398392,0.3,0
FSMI,20260904,10,2.5,0.18418233844221849,0.3,0
FSMI,20260904,10,2.6,0.17514535587396027,0.3,0
FSMI,20260904,10,2.7,0.15917544482424137,0.3,0
FSMI,20260904,10,2.8,0.15602226493311816,0.3,0
FSMI,20260904,10,2.9,0.045878006517009524,0.3,0
FSMI,20260904,10,3.0,0.14995372509169305,0.3,0
FSMI,20260904,10,3.1,0.09994517866211224,0.3,0
FSMI,20260904,10,3.2,0.17924441242155809,0.3,0
FSMI,20260904,10,3.3,0.3124336329105013,0.3,1
FSMI,20260904,10,3.4,0.3496193989715457,0.3,1
FSMI,20260904,10,3.5,0.33673949102856343,0.3,1
FSMI,20260904,10,3.6,0.2918527915830405,0.3,0
FSMI,20260904,10,3.7,0.3784099208019309,0.3,1
FSMI,20260904,10,3.8,0.38469417604694317,0.3,1
FSMI,20260904,10,3.9,0.44900423548145196,0.3,1
FSMI,20260904,10,4.0,0.23809481131479432,0.3,0
FSMI,20260904,10,4.1,0.3553258876161558,0.3,1
FSMI,20260904,10,4.2,0.18523669278374566,0.3,0
FSMI,20260904,10,4.3,0.18189059430793195,0.3,0
FSMI,20260904,10,4.4,0.18972434245363756,0.3,0
FSMI,20260904,10,4.5,0.19824983537221708,0.3,0
FSMI,20260904,10,4.6,0.1365422881632919,0.3,0
FSMI,20260904,10,4.7,0.08807234232648448,0.3,0
FSMI,20260904,10,4.8,0.01776020444085634,0.3,0
FSMI,20260904,10,4.9,0.09443198886214857,0.3,0
FSMI,20260904,10,5.0,0.22213182814601845,0.3,0
FSMI,20260904,10,5.1,0.17673683456708247,0.3,0
FSMI,20260904,10,5.2,0.3529259411672492,0.3,1
FSMI,20260904,10,5.3,0.16169891591321153,0.3,0
FSMI,20260904,10,5.4,0.11852757362725357,0.3,0
FSMI,20260904,10,5.5,0.05565557567830486,0.3,0
FSMI,20260904,10,5.6,0.022426525923197084,0.3,0
FSMI,20260904,10,5.7,0.22608441526927456,0.3,0
FSMI,20260904,10,5.8,0.25979478652268645,0.3,0
FSMI,20260904,10,5.9,0.32498484394489313,0.3,1
FSMI,20260904,10,6.0,0.16072293355678696,0.3,0
FSMI,20260904,10,6.1,0.1349545041812818,0.3,0
FSMI,20260904,10,6.2,0.22703458027094364,0.3,0
FSMI,20260904,10,6.3,0.22376502095854606,0.3,0
FSMI,20260904,10,6.4,0.1439391712374742,0.3,0
FSMI,20260904,10,6.5,0.06324203521619153,0.3,0
FSMI,20260904,10,6.6,0.08973626828223367,0.3,0
FSMI,20260904,10,6.7,0.17299788376686112,0.3,0
FSMI,20260904,10,6.8,0.13125407004572942,0.3,0
FSMI,20260904,10,6.9,0.06134891357709395,0.3,0
FSMI,20260904,10,7.0,0.19944435156710583,0.3,0
FSMI,20260904,10,7.1,0.24572142198280625,0.3,0
FSMI,20260904,10,7.2,0.12192834023249209,0.3,0
FSMI,20260904,10,7.3,0.09327806371088612,0.3,0
FSMI,20260904,10,7.4,0.2101111975060586,0.3,0
FSMI,20260904,10,7.5,0.331175203267616,0.3,1
FSMI,20260904,10,7.6,0.0657667367404631,0.3,0
FSMI,20260904,10,7.7,0.13229580157802984,0.3,0
FSMI,20260904,10,7.8,0.2034729023806602,0.3,0
FSMI,20260904,10,7.9,0.35746016359189375,0.3,1
FSMI,20260904,10,8.0,0.16867217200727205,0.3,0
FSMI,20260904,10,8.1,0.15540757543530692,0.3,0
FSMI,20260904,10,8.2,0.0882820115060631,0.3,0
FSMI,20260904,10,8.3,0.12314647139539855,0.3,0
FSMI,20260904,10,8.4,0.1729686703383805,0.3,0
FSMI,20260904,10,8.5,0.1516373904274779,0.3,0
FSMI,20260904,10,8.6,0.1107422568416044,0.3,0
FSMI,20260904,10,8.7,0.11577542336302453,0.3,0
FSMI,20260904,10,8.8,0.16589843389468656,0.3,0
FSMI,20260904,10,8.9,0.16824424971455917,0.3,0
FSMI,20260904,10,9.0,0.20032304297716888,0.3,0
FSMI,20260904,10,9.1,0.06218239919108382,0.3,0
FSMI,20260904,10,9.2,0.05544507445773938,0.3,0
FSMI,20260904,10,9.3,0.11985663344101836,0.3,0
FSMI,20260904,10,9.4,0.061414672114123374,0.3,0
FSMI,20260904,10,9.5,0.21239488370588808,0.3,0
FSMI,20260904,11,1.0,0.15172846430097833,0.3,0
FSMI,20260904,11,1.1,0.128721272473378,0.3,0
FSMI,20260904,11,1.2,0.15318364246530347,0.3,0
FSMI,20260904,11,1.3,0.2107096100024361,0.3,0
FSMI,20260904,11,1.4,0.19100578805220086,0.3,0
FSMI,20260904,11,1.5,0.3853720341133496,0.3,1
FSMI,20260904,11,1.6,0.1164836346304871,0.3,0
FSMI,20260904,11,1.7,0.10041864360088162,0.3,0
FSMI,20260904,11,1.8,0.06995136540226618,0.3,0
FSMI,20260904,11,1.9,0.03711298476459635,0.3,0
FSMI,20260904,11,2.0,0.13803876001618917,0.3,0
FSMI,20260904,11,2.1,0.19047119675652646,0.3,0
FSMI,20260904,11,2.2,0.10634624838717456,0.3,0
FSMI,20260904,11,2.3,0.11928252475990395,0.3,0
FSMI,20260904,11,2.4,0.0855848840660429,0.3,0
FSMI,20260904,11,2.5,0.13902270912022816,0.3,0
FSMI,20260904,11,2.6,0.1636255197138074,0.3,0
FSMI,20260904,11,2.7,0.1421600509067846,0.3,0
FSMI,20260904,11,2.8,0.1436838273657699,0.3,0
FSMI,20260904,11,2.9,0.05660470391554012,0.3,0
FSMI,20260904,11,3.0,0.19671690495328736,0.3,0
FSMI,20260904,11,3.1,0.10827401730685096,0.3,0
FSMI,20260904,11,3.2,0.2580625920324059,0.3,0
FSMI,20260904,11,3.3,0.1584056118419526,0.3,0
FSMI,20260904,11,3.4,0.1509053915801903,0.3,0
FSMI,20260904,11,3.5,0.09443268130244778,0.3,0
FSMI,20260904,11,3.6,0.10148282242577425,0.3,0
FSMI,20260904,11,3.7,0.03737635196774119,0.3,0
FSMI,20260904,11,3.8,0.06860240497756417,0.3,0
FSMI,20260904,11,3.9,0.07613363773077966,0.3,0
FSMI,20260904,11,4.0,0.11490832345474647,0.3,0
FSMI,20260904,11,4.1,0.3709984206896913,0.3,1
FSMI,20260904,11,4.2,0.3225740157093548,0.3,1
FSMI,20260904,11,4.3,0.16733851020909252,0.3,0
FSMI,20260904,11,4.4,0.07567117663527356,0.3,0
FSMI,20260904,11,4.5,0.23361384632477106,0.3,0
FSMI,20260904,11,4.6,0.05472092544053105,0.3,0
FSMI,20260904,11,4.7,0.1462516734156617,0.3,0
FSMI,20260904,11,4.8,0.12936176920552586,0.3,0
FSMI,20260904,11,4.9,0.08598242583250278,0.3,0
FSMI,20260904,11,5.0,0.10355681130189764,0.3,0
FSMI,20260904,11,5.1,0.09061994648234292,0.3,0
FSMI,20260904,11,5.2,0.027356448479264682,0.3,0
FSMI,20260904,11,5.3,0.062399182481879506,0.3,0
FSMI,20260904,11,5.4,0.15687849119281316,0.3,0
FSMI,20260904,11,5.5,0.16633993999122182,0.3,0
FSMI,20260904,11,5.6,0.18345394103680868,0.3,0
FSMI,20260904,11,5.7,0.12235878831624102,0.3,0
FSMI,20260904,11,5.8,0.0872893012947224,0.3,0
FSMI,20260904,11,5.9,0.12117710483370805,0.3,0
FSMI,20260904,11,6.0,0.0396867305734449,0.3,0
FSMI,20260904,11,6.1,0.2039412036379751,0.3,0
FSMI,20260904,11,6.2,0.3224014260742138,0.3,1
FSMI,20260904,11,6.3,0.2823834808769486,0.3,0
FSMI,20260904,11,6.4,0.1416346312641406,0.3,0
FSMI,20260904,11,6.5,0.147461342609377,0.3,0
FSMI,20260904,11,6.6,0.18180040761756766,0.3,0
FSMI,20260904,11,6.7,0.14978081755127493,0.3,0
FSMI,20260904,11,6.8,0.15062648531214032,0.3,0
FSMI,20260904,11,6.9,0.14046700758538827,0.3,0
FSMI,20260904,11,7.0,0.07765680410125286,0.3,0
FSMI,20260904,11,7.1,0.16710912922040866,0.3,0
FSMI,20260904,11,7.2,0.13633590284660327,0.3,0
FSMI,20260904,11,7.3,0.15069617216225686,0.3,0
FSMI,20260904,11,7.4,0.1470654213776872,0.3,0
FSMI,20260904,11,7.5,0.11180991247264599,0.3,0
FSMI,20260904,11,7.6,0.20797470810188054,0.3,0
FSMI,20260904,11,7.7,0.23289345863632693,0.3,0
FSMI,20260904,11,7.8,0.127749476229094,0.3,0
FSMI,20260904,11,7.9,0.314501571946652,0.3,1
FSMI,20260904,11,8.0,0.2991009397884293,0.3,0
FSMI,20260904,11,8.1,0.2823233578161076,0.3,0
FSMI,20260904,11,8.2,0.1913532398138121,0.3,0
FSMI,20260904,11,8.3,0.20353939460547388,0.3,0
FSMI,20260904,11,8.4,0.1828883371254522,0.3,0
FSMI,20260904,11,8.5,0.14578549431244697,0.3,0
FSMI,20260904,11,8.6,0.12190326106497901,0.3,0
FSMI,20260904,11,8.7,0.1509730672517393,0.3,0
FSMI,20260904,11,8.8,0.09379995026330709,0.3,0
FSMI,20260904,11,8.9,0.11614915445770321,0.3,0
FSMI,20260904,11,9.0,0.0761267497888812,0.3,0
FSMI,20260904,11,9.1,0.10430073407406462,0.3,0
FSMI,20260904,11,9.2,0.11396879858383058,0.3,0
FSMI,20260904,11,9.3,0.1898499643550592,0.3,0
FSMI,20260904,11,9.4,0.13557618379675848,0.3,0
FSMI,20260904,11,9.5,0.13490826370371442,0.3,0
FSMI,20260904,12,1.0,0.11115438699664025,0.3,0
FSMI,20260904,12,1.1,0.1555164449947229,0.3,0
FSMI,20260904,12,1.2,0.11083172892978428,0.3,0
FSMI,20260904,12,1.3,0.07912511643929254,0.3,0
FSMI,20260904,12,1.4,0.21910080052069908,0.3,0
FSMI,20260904,12,1.5,0.07536594932084512,0.3,0
FSMI,20260904,12,1.6,0.22524404276686724,0.3,0
FSMI,20260904,12,1.7,0.16287895071154368,0.3,0
FSMI,20260904,12,1.8,0.10395764459675481,0.3,0
FSMI,20260904,12,1.9,0.09810591988264387,0.3,0
FSMI,20260904,12,2.0,0.16290293733371014,0.3,0
FSMI,20260904,12,2.1,0.08249364256453312,0.3,0
FSMI,20260904,12,2.2,0.27197643638565333,0.3,0
FSMI,20260904,12,2.3,0.08565248646520812,0.3,0
FSMI,20260904,12,2.4,0.13611299171711042,0.3,0
FSMI,20260904,12,2.5,0.12154547098430221,0.3,0
FSMI,20260904,12,2.6,0.1598763666097309,0.3,0
FSMI,20260904,12,2.7,0.04862668246697801,0.3,0
FSMI,20260904,12,2.8,0.1639367297770227,0.3,0
FSMI,20260904,12,2.9,0.08129138415372451,0.3,0
FSMI,20260904,12,3.0,0.1749022020096569,0.3,0
FSMI,20260904,12,3.1,0.04934549338269388,0.3,0
FSMI,20260904,12,3.2,0.0719958032855983,0.3,0
FSMI,20260904,12,3.3,0.12395144028358707,0.3,0
FSMI,20260904,12,3.4,0.15658590187396154,0.3,0
FSMI,20260904,12,3.5,0.27638838940334953,0.3,0
FSMI,20260904,12,3.6,0.30585885508636657,0.3,1
FSMI,20260904,12,3.7,0.15302114569956657,0.3,0
FSMI,20260904,12,3.8,0.061148372357343724,0.3,0
FSMI,20260904,12,3.9,0.026059353721984018,0.3,0
FSMI,20260904,12,4.0,0.10590675482575837,0.3,0
FSMI,20260904,12,4.1,0.19263751741961802,0.3,0
FSMI,20260904,12,4.2,0.12512116618156482,0.3,0
FSMI,20260904,12,4.3,0.14724250188587984,0.3,0
FSMI,20260904,12,4.4,0.23730027188850847,0.3,0
FSMI,20260904,12,4.5,0.1782376219051641,0.3,0
FSMI,20260904,12,4.6,0.05627589616515588,0.3,0
FSMI,20260904,12,4.7,0.17204037419728566,0.3,0
FSMI,20260904,12,4.8,0.24537200924934724,0.3,0
FSMI,20260904,12,4.9,0.19799923538810393,0.3,0
FSMI,20260904,12,5.0,0.21295651076880617,0.3,0
FSMI,20260904,12,5.1,0.1998738926458252,0.3,0
FSMI,20260904,12,5.2,0.12422558578411068,0.3,0
FSMI,20260904,12,5.3,0.15125180617206846,0.3,0
FSMI,20260904,12,5.4,0.1539300255465488,0.3,0
FSMI,20260904,12,5.5,0.21741201296084378,0.3,0
FSMI,20260904,12,5.6,0.21246084659533265,0.3,0
FSMI,20260904,12,5.7,0.20454712140289472,0.3,0
FSMI,20260904,12,5.8,0.18928275915107223,0.3,0
FSMI,20260904,12,5.9,0.18009361350829475,0.3,0
FSMI,20260904,12,6.0,0.01778447533900889,0.3,0
FSMI,20260904,12,6.1,0.15588441573771628,0.3,0
FSMI,20260904,12,6.2,0.15793501438414728,0.3,0
FSMI,20260904,12,6.3,0.0370128827176812,0.3,0
FSMI,20260904,12,6.4,0.11409185641109561,0.3,0
FSMI,20260904,12,6.5,0.03601526880905058,0.3,0
FSMI,20260904,12,6.6,0.12835168838765312,0.3,0
FSMI,20260904,12,6.7,0.08246432890012804,0.3,0
FSMI,20260904,12,6.8,0.11047204081457827,0.3,0
FSMI,20260904,12,6.9,0.18477383809037617,0.3,0
FSMI,20260904,12,7.0,0.11876133805601359,0.3,0
FSMI,20260904,12,7.1,0.10811367210932485,0.3,0
FSMI,20260904,12,7.2,0.06716414195136555,0.3,0
FSMI,20260904,12,7.3,0.23336607673657897,0.3,0
FSMI,20260904,12,7.4,0.27274594240414457,0.3,0
FSMI,20260904,12,7.5,0.1333373235803664,0.3,0
FSMI,20260904,12,7.6,0.22126278303849273,0.3,0
FSMI,20260904,12,7.7,0.20030396376955528,0.3,0
FSMI,20260904,12,7.8,0.2125685665589369,0.3,0
FSMI,20260904,12,7.9,0.28398697437259757,0.3,0
FSMI,20260904,12,8.0,0.10718731210633566,0.3,0
FSMI,20260904,12,8.1,0.13028140717189104,0.3,0
FSMI,20260904,12,8.2,0.09028782189299225,0.3,0
FSMI,20260904,12,8.3,0.13109294174363142,0.3,0
FSMI,20260904,12,8.4,0.20534741609100848,0.3,0
FSMI,20260904,12,8.5,0.08236072558534749,0.3,0
FSMI,20260904,12,8.6,0.16847890400419396,0.3,0
FSMI,20260904,12,8.7,0.08546673468792951,0.3,0
FSMI,20260904,12,8.8,0.12104463666349678,0.3,0
FSMI,20260904,12,8.9,0.054945141534383964,0.3,0
FSMI,20260904,12,9.0,0.05935878761767568,0.3,0
FSMI,20260904,12,9.1,0.1880915124686889,0.3,0
FSMI,20260904,12,9.2,0.10434197069966514,0.3,0
FSMI,20260904,12,9.3,0.11718472070109519,0.3,0
FSMI,20260904,12,9.4,0.2899166816051178,0.3,0
FSMI,20260904,12,9.5,0.20808621329076768,0.3,0
FSMI,20260904,13,1.0,0.1398862248845464,0.3,0
FSMI,20260904,13,1.1,0.06425643644062679,0.3,0
FSMI,20260904,13,1.2,0.05694538016461986,0.3,0
FSMI,20260904,13,1.3,0.18703452618236016,0.3,0
FSMI,20260904,13,1.4,0.2051741537848974,0.3,0
FSMI,20260904,13,1.5,0.33223832408292925,0.3,1
FSMI,20260904,13,1.6,0.2189922428811493,0.3,0
FSMI,20260904,13,1.7,0.1040444799556989,0.3,0
FSMI,20260904,13,1.8,0.15671168578847708,0.3,0
FSMI,20260904,13,1.9,0.16452737903562378,0.3,0
FSMI,20260904,13,2.0,0.027923770801187294,0.3,0
FSMI,20260904,13,2.1,0.07001561682918293,0.3,0
FSMI,20260904,13,2.2,0.08954220775402078,0.3,0
FSMI,20260904,13,2.3,0.049768720568093554,0.3,0
FSMI,20260904,13,2.4,0.31501500058443366,0.3,1
FSMI,20260904,13,2.5,0.2082451063872729,0.3,0
FSMI,20260904,13,2.6,0.09050295460436208,0.3,0
FSMI,20260904,13,2.7,0.037761052843293515,0.3,0
FSMI,20260904,13,2.8,0.173940305542048,0.3,0
FSMI,20260904,13,2.9,0.2897323599492403,0.3,0
FSMI,20260904,13,3.0,0.3607289190397778,0.3,1
FSMI,20260904,13,3.1,0.24646058905708276,0.3,0
FSMI,20260904,13,3.2,0.1910721381383317,0.3,0
FSMI,20260904,13,3.3,0.17879757495817272,0.3,0
FSMI,20260904,13,3.4,0.11840975011635717,0.3,0
FSMI,20260904,13,3.5,0.048479391460184304,0.3,0
FSMI,20260904,13,3.6,0.01133512877642041,0.3,0
FSMI,20260904,13,3.7,0.07656876539143895,0.3,0
FSMI,20260904,13,3.8,0.04697359672115924,0.3,0
FSMI,20260904,13,3.9,0.13828271861263866,0.3,0
FSMI,20260904,13,4.0,0.08159076633077399,0.3,0
FSMI,20260904,13,4.1,0.04879118512348961,0.3,0
FSMI,20260904,13,4.2,0.09336732777548847,0.3,0
FSMI,20260904,13,4.3,0.1860500081208882,0.3,0
FSMI,20260904,13,4.4,0.1635591863301585,0.3,0
FSMI,20260904,13,4.5,0.2155336485733216,0.3,0
FSMI,20260904,13,4.6,0.06190582970383529,0.3,0
FSMI,20260904,13,4.7,0.15694467221582512,0.3,0
FSMI,20260904,13,4.8,0.18673734065742592,0.3,0
FSMI,20260904,13,4.9,0.03475190498183562,0.3,0
FSMI,20260904,13,5.0,0.1895559876154046,0.3,0
FSMI,20260904,13,5.1,0.25898134978493853,0.3,0
FSMI,20260904,13,5.2,0.1925180027309639,0.3,0
FSMI,20260904,13,5.3,0.15750131471654646,0.3,0
FSMI,20260904,13,5.4,0.1385455708484292,0.3,0
FSMI,20260904,13,5.5,0.1654865743318224,0.3,0
FSMI,20260904,13,5.6,0.10508949911774179,0.3,0
FSMI,20260904,13,5.7,0.1538153859211282,0.3,0
FSMI,20260904,13,5.8,0.16138749488872758,0.3,0
FSMI,20260904,13,5.9,0.12750995659962486,0.3,0
FSMI,20260904,13,6.0,0.30159340125702394,0.3,1
FSMI,20260904,13,6.1,0.3032948693641828,0.3,1
FSMI,20260904,13,6.2,0.33293516235168547,0.3,1
FSMI,20260904,13,6.3,0.22688591091452778,0.3,0
FSMI,20260904,13,6.4,0.3160588682989973,0.3,1
FSMI,20260904,13,6.5,0.14052479875659815,0.3,0
FSMI,20260904,13,6.6,0.0758592997725105,0.3,0
FSMI,20260904,13,6.7,0.3198995082655582,0.3,1
FSMI,20260904,13,6.8,0.15044240634848072,0.3,0
FSMI,20260904,13,6.9,0.10292218535874628,0.3,0
FSMI,20260904,13,7.0,0.11908125386706993,0.3,0
FSMI,20260904,13,7.1,0.09992261487992689,0.3,0
FSMI,20260904,13,7.2,0.1899175523672015,0.3,0
FSMI,20260904,13,7.3,0.1509028864791522,0.3,0
FSMI,20260904,13,7.4,0.17299145012533515,0.3,0
FSMI,20260904,13,7.5,0.04411973531146909,0.3,0
FSMI,20260904,13,7.6,0.10168080439997167,0.3,0
FSMI,20260904,13,7.7,0.0897011226425981,0.3,0
FSMI,20260904,13,7.8,0.08618396265518823,0.3,0
FSMI,20260904,13,7.9,0.21500749583520437,0.3,0
FSMI,20260904,13,8.0,0.13341411332193717,0.3,0
FSMI,20260904,13,8.1,0.1824476059988831,0.3,0
FSMI,20260904,13,8.2,0.22901838359902177,0.3,0
FSMI,20260904,13,8.3,0.23570513253911962,0.3,0
FSMI,20260904,13,8.4,0.27260443974062315,0.3,0
FSMI,20260904,13,8.5,0.11741395585299712,0.3,0
FSMI,20260904,13,8.6,0.12890425850982115,0.3,0
FSMI,20260904,13,8.7,0.07234195222220206,0.3,0
FSMI,20260904,13,8.8,0.08151796090819936,0.3,0
FSMI,20260904,13,8.9,0.06766403369528941,0.3,0
FSMI,20260904,13,9.0,0.17328774006244316,0.3,0
FSMI,20260904,13,9.1,0.09117996324897899,0.3,0
FSMI,20260904,13,9.2,0.16013296087775108,0.3,0
FSMI,20260904,13,9.3,0.12980545406220853,0.3,0
FSMI,20260904,13,9.4,0.08702957673500343,0.3,0
FSMI,20260904,13,9.5,0.08971186135924135,0.3,0
FSMI,20260904,14,1.0,0.1924274041760398,0.3,0
FSMI,20260904,14,1.1,0.2709557813804308,0.3,0
FSMI,20260904,14,1.2,0.36806239414824893,0.3,1
FSMI,20260904,14,1.3,0.17469041631515211,0.3,0
FSMI,20260904,14,1.4,0.20496134505469865,0.3,0
FSMI,20260904,14,1.5,0.020383943469191392,0.3,0
FSMI,20260904,14,1.6,0.01521729109959002,0.3,0
FSMI,20260904,14,1.7,0.38107032805727337,0.3,1
FSMI,20260904,14,1.8,0.20421385954848467,0.3,0
FSMI,20260904,14,1.9,0.24147636243329948,0.3,0
FSMI,20260904,14,2.0,0.19820912152773756,0.3,0
FSMI,20260904,14,2.1,0.025112930533506543,0.3,0
FSMI,20260904,14,2.2,0.1865627964025504,0.3,0
FSMI,20260904,14,2.3,0.14201038874416555,0.3,0
FSMI,20260904,14,2.4,0.0881717512016276,0.3,0
FSMI,20260904,14,2.5,0.12428205193940961,0.3,0
FSMI,20260904,14,2.6,0.16813385418815438,0.3,0
FSMI,20260904,14,2.7,0.28989318331523234,0.3,0
FSMI,20260904,14,2.8,0.3391885539586163,0.3,1
FSMI,20260904,14,2.9,0.2027945670422279,0.3,0
FSMI,20260904,14,3.0,0.05159635955664739,0.3,0
FSMI,20260904,14,3.1,0.0628138487049331,0.3,0
FSMI,20260904,14,3.2,0.02928145308039873,0.3,0
FSMI,20260904,14,3.3,0.2840930672746493,0.3,0
FSMI,20260904,14,3.4,0.14388601665308856,0.3,0
FSMI,20260904,14,3.5,0.2950103688792614,0.3,0
FSMI,20260904,14,3.6,0.24441072672077138,0.3,0
FSMI,20260904,14,3.7,0.23951938852884078,0.3,0
FSMI,20260904,14,3.8,0.2285523909598682,0.3,0
FSMI,20260904,14,3.9,0.2146923966953006,0.3,0
FSMI,20260904,14,4.0,0.1263290416415076,0.3,0
FSMI,20260904,14,4.1,0.04850803702175433,0.3,0
FSMI,20260904,14,4.2,0.1337552165961237,0.3,0
FSMI,20260904,14,4.3,0.1524717242989175,0.3,0
FSMI,20260904,14,4.4,0.06348107424000829,0.3,0
FSMI,20260904,14,4.5,0.035652535021704256,0.3,0
FSMI,20260904,14,4.6,0.15006311204325448,0.3,0
FSMI,20260904,14,4.7,0.09144284770622628,0.3,0
FSMI,20260904,14,4.8,0.08274042470429524,0.3,0
FSMI,20260904,14,4.9,0.06550908333233599,0.3,0
FSMI,20260904,14,5.0,0.22104834189086814,0.3,0
FSMI,20260904,14,5.1,0.2493394865892471,0.3,0
FSMI,20260904,14,5.2,0.21316321139428343,0.3,0
FSMI,20260904,14,5.3,0.09574797185268406,0.3,0
FSMI,20260904,14,5.4,0.15161833965467142,0.3,0
FSMI,20260904,14,5.5,0.14134644949486674,0.3,0
FSMI,20260904,14,5.6,0.17047965871130627,0.3,0
FSMI,20260904,14,5.7,0.04769479202283826,0.3,0
FSMI,20260904,14,5.8,0.06353538155463898,0.3,0
FSMI,20260904,14,5.9,0.06876285812590131,0.3,0
FSMI,20260904,14,6.0,0.1979622390460814,0.3,0
FSMI,20260904,14,6.1,0.07638986199261051,0.3,0
FSMI,20260904,14,6.2,0.08052315790940887,0.3,0
FSMI,20260904,14,6.3,0.13747625816256248,0.3,0
FSMI,20260904,14,6.4,0.1539264712088675,0.3,0
FSMI,20260904,14,6.5,0.18150680426620566,0.3,0
FSMI,20260904,14,6.6,0.30772579311688825,0.3,1
FSMI,20260904,14,6.7,0.26421192682288336,0.3,0
FSMI,20260904,14,6.8,0.2213123132155033,0.3,0
FSMI,20260904,14,6.9,0.1374523543620982,0.3,0
FSMI,20260904,14,7.0,0.11442837134902797,0.3,0
FSMI,20260904,14,7.1,0.10491445300417714,0.3,0
FSMI,20260904,14,7.2,0.11790767020178063,0.3,0
FSMI,20260904,14,7.3,0.10890716167114532,0.3,0
FSMI,20260904,14,7.4,0.04495542013720407,0.3,0
FSMI,20260904,14,7.5,0.12503476138463313,0.3,0
FSMI,20260904,14,7.6,0.17225995271916494,0.3,0
FSMI,20260904,14,7.7,0.18629799943933031,0.3,0
FSMI,20260904,14,7.8,0.17698007621276526,0.3,0
FSMI,20260904,14,7.9,0.07642884833675218,0.3,0
FSMI,20260904,14,8.0,0.010435191833853366,0.3,0
FSMI,20260904,14,8.1,0.04822509150139559,0.3,0
FSMI,20260904,14,8.2,0.14088039919842632,0.3,0
FSMI,20260904,14,8.3,0.07659424433709353,0.3,0
FSMI,20260904,14,8.4,0.11084926508194669,0.3,0
FSMI,20260904,14,8.5,0.0575983490362205,0.3,0
FSMI,20260904,14,8.6,0.05732687524986399,0.3,0
FSMI,20260904,14,8.7,0.08961296760700144,0.3,0
FSMI,20260904,14,8.8,0.05101678427199825,0.3,0
FSMI,20260904,14,8.9,0.11859762785314429,0.3,0
FSMI,20260904,14,9.0,0.1570395118014187,0.3,0
FSMI,20260904,14,9.1,0.13380051881149485,0.3,0
FSMI,20260904,14,9.2,0.20136957563475782,0.3,0
FSMI,20260904,14,9.3,0.02120145773507229,0.3,0
FSMI,20260904,14,9.4,0.18432400772471064,0.3,0
FSMI,20260904,14,9.5,0.15915461904033473,0.3,0
FSMI,20260904,15,1.0,0.19576758297329694,0.3,0
FSMI,20260904,15,1.1,0.12918962486696248,0.3,0
FSMI,20260904,15,1.2,0.07814173910800916,0.3,0
FSMI,20260904,15,1.3,0.08537389346911031,0.3,0
FSMI,20260904,15,1.4,0.043189152468713334,0.3,0
FSMI,20260904,15,1.5,0.17138370193632602,0.3,0
FSMI,20260904,15,1.6,0.22238936057496986,0.3,0
FSMI,20260904,15,1.7,0.3448614245077621,0.3,1
FSMI,20260904,15,1.8,0.29831440274951404,0.3,0
FSMI,20260904,15,1.9,0.14925638944137515,0.3,0
FSMI,20260904,15,2.0,0.20594293744845957,0.3,0
FSMI,20260904,15,2.1,0.22074837832582095,0.3,0
FSMI,20260904,15,2.2,0.34322729086678855,0.3,1
FSMI,20260904,15,2.3,0.2516668859102148,0.3,0
FSMI,20260904,15,2.4,0.05727601058074268,0.3,0
FSMI,20260904,15,2.5,0.14180796424513514,0.3,0
FSMI,20260904,15,2.6,0.17044078355899314,0.3,0
FSMI,20260904,15,2.7,0.2654698348652361,0.3,0
FSMI,20260904,15,2.8,0.21747117849472922,0.3,0
FSMI,20260904,15,2.9,0.13633707133117856,0.3,0
FSMI,20260904,15,3.0,0.09331811085788999,0.3,0
FSMI,20260904,15,3.1,0.11661575256137126,0.3,0
FSMI,20260904,15,3.2,0.09563709888280318,0.3,0
FSMI,20260904,15,3.3,0.0984752074886224,0.3,0
FSMI,20260904,15,3.4,0.05018572022004256,0.3,0
FSMI,20260904,15,3.5,0.11974751291976354,0.3,0
FSMI,20260904,15,3.6,0.12376197354554437,0.3,0
FSMI,20260904,15,3.7,0.1416187330633914,0.3,0
FSMI,20260904,15,3.8,0.287482987728127,0.3,0
FSMI,20260904,15,3.9,0.34710723910851665,0.3,1
FSMI,20260904,15,4.0,0.2800319563290279,0.3,0
FSMI,20260904,15,4.1,0.12522570896755067,0.3,0
FSMI,20260904,15,4.2,0.09599131991509724,0.3,0
FSMI,20260904,15,4.3,0.07430605083711944,0.3,0
FSMI,20260904,15,4.4,0.18829156856017865,0.3,0
FSMI,20260904,15,4.5,0.14925003770854084,0.3,0
FSMI,20260904,15,4.6,0.20125615174383057,0.3,0
FSMI,20260904,15,4.7,0.2241841567061505,0.3,0
FSMI,20260904,15,4.8,0.1349145547682615,0.3,0
FSMI,20260904,15,4.9,0.05194131897071334,0.3,0
FSMI,20260904,15,5.0,0.05266464782193954,0.3,0
FSMI,20260904,15,5.1,0.03205392283619694,0.3,0
FSMI,20260904,15,5.2,0.05850333161349784,0.3,0
FSMI,20260904,15,5.3,0.2353342913507322,0.3,0
FSMI,20260904,15,5.4,0.26916891798209835,0.3,0
FSMI,20260904,15,5.5,0.05141634243188126,0.3,0
FSMI,20260904,15,5.6,0.15487944990886915,0.3,0
FSMI,20260904,15,5.7,0.16986917602104729,0.3,0
FSMI,20260904,15,5.8,0.22205737005285256,0.3,0
FSMI,20260904,15,5.9,0.27643368085954834,0.3,0
FSMI,20260904,15,6.0,0.16133662906921065,0.3,0
FSMI,20260904,15,6.1,0.06062910768240383,0.3,0
FSMI,20260904,15,6.2,0.07766571927797715,0.3,0
FSMI,20260904,15,6.3,0.1799090736581955,0.3,0
FSMI,20260904,15,6.4,0.12147056625006908,0.3,0
FSMI,20260904,15,6.5,0.12545809971166352,0.3,0
FSMI,20260904,15,6.6,0.19159498620187432,0.3,0
FSMI,20260904,15,6.7,0.21626726362270363,0.3,0
FSMI,20260904,15,6.8,0.08629705503365456,0.3,0
FSMI,20260904,15,6.9,0.11382216104514378,0.3,0
FSMI,20260904,15,7.0,0.21786952035638257,0.3,0
FSMI,20260904,15,7.1,0.35548094381748524,0.3,1
FSMI,20260904,15,7.2,0.3329636868247011,0.3,1
FSMI,20260904,15,7.3,0.17110437348693677,0.3,0
FSMI,20260904,15,7.4,0.2330038003709909,0.3,0
FSMI,20260904,15,7.5,0.28465433767484266,0.3,0
FSMI,20260904,15,7.6,0.25843349264219667,0.3,0
FSMI,20260904,15,7.7,0.320662357725138,0.3,1
FSMI,20260904,15,7.8,0.209421747894063,0.3,0
FSMI,20260904,15,7.9,0.1930708450945056,0.3,0
FSMI,20260904,15,8.0,0.11970383800095025,0.3,0
FSMI,20260904,15,8.1,0.013597210200717746,0.3,0
FSMI,20260904,15,8.2,0.10699288446350345,0.3,0
FSMI,20260904,15,8.3,0.056701115227505,0.3,0
FSMI,20260904,15,8.4,0.10697523340847101,0.3,0
FSMI,20260904,15,8.5,0.048185151760200634,0.3,0
FSMI,20260904,15,8.6,0.14466500504886698,0.3,0
FSMI,20260904,15,8.7,0.09204065282712552,0.3,0
FSMI,20260904,15,8.8,0.1347781970853831,0.3,0
FSMI,20260904,15,8.9,0.07229225508391174,0.3,0
FSMI,20260904,15,9.0,0.2217132169884793,0.3,0
FSMI,20260904,15,9.1,0.3268419980227923,0.3,1
FSMI,20260904,15,9.2,0.23320330582462262,0.3,0
FSMI,20260904,15,9.3,0.178594897675859,0.3,0
FSMI,20260904,15,9.4,0.19475216043420507,0.3,0
FSMI,20260904,15,9.5,0.12412671731274771,0.3,0
FSMI,20260904,16,1.0,0.3860468797781866,0.3,1
FSMI,20260904,16,1.1,0.14434340967441245,0.3,0
FSMI,20260904,16,1.2,0.13400347552722436,0.3,0
FSMI,20260904,16,1.3,0.11611723667217307,0.3,0
FSMI,20260904,16,1.4,0.14962715282353356,0.3,0
FSMI,20260904,16,1.5,0.09167396820930518,0.3,0
FSMI,20260904,16,1.6,0.12933678756861547,0.3,0
FSMI,20260904,16,1.7,0.053400405374340966,0.3,0
FSMI,20260904,16,1.8,0.13457465522620649,0.3,0
FSMI,20260904,16,1.9,0.028446615479829945,0.3,0
FSMI,20260904,16,2.0,0.09794766961431318,0.3,0
FSMI,20260904,16,2.1,0.03956365281367001,0.3,0
FSMI,20260904,16,2.2,0.042098303344607665,0.3,0
FSMI,20260904,16,2.3,0.22845683938731842,0.3,0
FSMI,20260904,16,2.4,0.43297207229921186,0.3,1
FSMI,20260904,16,2.5,0.29741981956716573,0.3,0
FSMI,20260904,16,2.6,0.25822424651490705,0.3,0
FSMI,20260904,16,2.7,0.15220903725841578,0.3,0
FSMI,20260904,16,2.8,0.02548388708952462,0.3,0
FSMI,20260904,16,2.9,0.14380343136702814,0.3,0
FSMI,20260904,16,3.0,0.1164001696570604,0.3,0
FSMI,20260904,16,3.1,0.18333191342087815,0.3,0
FSMI,20260904,16,3.2,0.1396707335918032,0.3,0
FSMI,20260904,16,3.3,0.06841128833576243,0.3,0
FSMI,20260904,16,3.4,0.07387203824507262,0.3,0
FSMI,20260904,16,3.5,0.04593514847466466,0.3,0
FSMI,20260904,16,3.6,0.09065669060470838,0.3,0
FSMI,20260904,16,3.7,0.2725343351196075,0.3,0
FSMI,20260904,16,3.8,0.26697783893835125,0.3,0
FSMI,20260904,16,3.9,0.21978094196829717,0.3,0
FSMI,20260904,16,4.0,0.150108124668296,0.3,0
FSMI,20260904,16,4.1,0.21870007545032635,0.3,0
FSMI,20260904,16,4.2,0.3112376825869957,0.3,1
FSMI,20260904,16,4.3,0.2712928440167748,0.3,0
FSMI,20260904,16,4.4,0.17840769846055318,0.3,0
FSMI,20260904,16,4.5,0.17197843628364837,0.3,0
FSMI,20260904,16,4.6,0.03401915046816486,0.3,0
FSMI,20260904,16,4.7,0.014888935394885219,0.3,0
FSMI,20260904,16,4.8,0.05172117345810845,0.3,0
FSMI,20260904,16,4.9,0.10299960550723268,0.3,0
FSMI,20260904,16,5.0,0.22687299290015125,0.3,0
FSMI,20260904,16,5.1,0.16072028012506623,0.3,0
FSMI,20260904,16,5.2,0.2940654781380146,0.3,0
FSMI,20260904,16,5.3,0.30284309902126766,0.3,1
FSMI,20260904,16,5.4,0.13315747478798343,0.3,0
FSMI,20260904,16,5.5,0.16911899199875624,0.3,0
FSMI,20260904,16,5.6,0.014504240926706808,0.3,0
FSMI,20260904,16,5.7,0.1493858633460012,0.3,0
FSMI,20260904,16,5.8,0.25478927743994945,0.3,0
FSMI,20260904,16,5.9,0.22171995054799284,0.3,0
FSMI,20260904,16,6.0,0.32614150673784453,0.3,1
FSMI,20260904,16,6.1,0.2864934553318774,0.3,0
FSMI,20260904,16,6.2,0.08222265923385574,0.3,0
FSMI,20260904,16,6.3,0.042139038750769825,0.3,0
FSMI,20260904,16,6.4,0.21145261905959042,0.3,0
FSMI,20260904,16,6.5,0.30365185544210777,0.3,1
FSMI,20260904,16,6.6,0.2322953796446771,0.3,0
FSMI,20260904,16,6.7,0.08440655583176945,0.3,0
FSMI,20260904,16,6.8,0.1620582746833902,0.3,0
FSMI,20260904,16,6.9,0.14445754531312985,0.3,0
FSMI,20260904,16,7.0,0.22546197075091956,0.3,0
FSMI,20260904,16,7.1,0.2606492548457318,0.3,0
FSMI,20260904,16,7.2,0.17228065496656533,0.3,0
FSMI,20260904,16,7.3,0.18492986749396562,0.3,0
FSMI,20260904,16,7.4,0.047115224122251526,0.3,0
FSMI,20260904,16,7.5,0.021866299661910126,0.3,0
FSMI,20260904,16,7.6,0.025994173615445027,0.3,0
FSMI,20260904,16,7.7,0.030743920289036688,0.3,0
FSMI,20260904,16,7.8,0.018198857546174868,0.3,0
FSMI,20260904,16,7.9,0.10577630354349006,0.3,0
FSMI,20260904,16,8.0,0.1563864366636416,0.3,0
FSMI,20260904,16,8.1,0.24744042178171702,0.3,0
FSMI,20260904,16,8.2,0.09563310546389328,0.3,0
FSMI,20260904,16,8.3,0.16947416320261155,0.3,0
FSMI,20260904,16,8.4,0.11871873378794508,0.3,0
FSMI,20260904,16,8.5,0.045371137424371745,0.3,0
FSMI,20260904,16,8.6,0.1148246008677106,0.3,0
FSMI,20260904,16,8.7,0.08515208102426489,0.3,0
FSMI,20260904,16,8.8,0.10331260640477913,0.3,0
FSMI,20260904,16,8.9,0.1196082238346076,0.3,0
FSMI,20260904,16,9.0,0.21927878766664352,0.3,0
FSMI,20260904,16,9.1,0.09431414260927792,0.3,0
FSMI,20260904,16,9.2,0.06452390126080342,0.3,0
FSMI,20260904,16,9.3,0.12365626624586365,0.3,0
FSMI,20260904,16,9.4,0.17440120130074688,0.3,0
FSMI,20260904,16,9.5,0.23528371189403519,0.3,0
FSMI,20260904,17,1.0,0.24821860265516824,0.3,0
FSMI,20260904,17,1.1,0.123816325584446,0.3,0
FSMI,20260904,17,1.2,0.1711330432918206,0.3,0
FSMI,20260904,17,1.3,0.23098750390655193,0.3,0
FSMI,20260904,17,1.4,0.2936099659540841,0.3,0
FSMI,20260904,17,1.5,0.27847442403189376,0.3,0
FSMI,20260904,17,1.6,0.21066286980791146,0.3,0
FSMI,20260904,17,1.7,0.16430820383198605,0.3,0
FSMI,20260904,17,1.8,0.19552533091236912,0.3,0
FSMI,20260904,17,1.9,0.1088210177867361,0.3,0
FSMI,20260904,17,2.0,0.08810082443199965,0.3,0
FSMI,20260904,17,2.1,0.03659074892377433,0.3,0
FSMI,20260904,17,2.2,0.14582134443469275,0.3,0
FSMI,20260904,17,2.3,0.1283479438482902,0.3,0
FSMI,20260904,17,2.4,0.2418475897761417,0.3,0
FSMI,20260904,17,2.5,0.17547229434127407,0.3,0
FSMI,20260904,17,2.6,0.2339840846106822,0.3,0
FSMI,20260904,17,2.7,0.21677284029041485,0.3,0
FSMI,20260904,17,2.8,0.2122034907203559,0.3,0
FSMI,20260904,17,2.9,0.06460391989980158,0.3,0
FSMI,20260904,17,3.0,0.15256874572110446,0.3,0
FSMI,20260904,17,3.1,0.08798083448703024,0.3,0
FSMI,20260904,17,3.2,0.15163202221897795,0.3,0
FSMI,20260904,17,3.3,0.0837801784508458,0.3,0
FSMI,20260904,17,3.4,0.17369607477489774,0.3,0
FSMI,20260904,17,3.5,0.16725816271193505,0.3,0
FSMI,20260904,17,3.6,0.07577214557392259,0.3,0
FSMI,20260904,17,3.7,0.10706923510871635,0.3,0
FSMI,20260904,17,3.8,0.14457950489100702,0.3,0
FSMI,20260904,17,3.9,0.13188873983583274,0.3,0
FSMI,20260904,17,4.0,0.19391643986075677,0.3,0
FSMI,20260904,17,4.1,0.22343198710274242,0.3,0
FSMI,20260904,17,4.2,0.07914870971048699,0.3,0
FSMI,20260904,17,4.3,0.1858464985374762,0.3,0
FSMI,20260904,17,4.4,0.07235602857489146,0.3,0
FSMI,20260904,17,4.5,0.1979710116631845,0.3,0
FSMI,20260904,17,4.6,0.08723678301881907,0.3,0
FSMI,20260904,17,4.7,0.1440257400897007,0.3,0
FSMI,20260904,17,4.8,0.06666675329711642,0.3,0
FSMI,20260904,17,4.9,0.23133657080270684,0.3,0
FSMI,20260904,17,5.0,0.19037281121803418,0.3,0
FSMI,20260904,17,5.1,0.1263298250736463,0.3,0
FSMI,20260904,17,5.2,0.141123660578394,0.3,0
FSMI,20260904,17,5.3,0.06585786448400549,0.3,0
FSMI,20260904,17,5.4,0.19643941707695414,0.3,0
FSMI,20260904,17,5.5,0.2199506375279565,0.3,0
FSMI,20260904,17,5.6,0.26353556011623663,0.3,0
FSMI,20260904,17,5.7,0.16344315248769745,0.3,0
FSMI,20260904,17,5.8,0.194735419568251,0.3,0
FSMI,20260904,17,5.9,0.12419605008655325,0.3,0
FSMI,20260904,17,6.0,0.1957320224086481,0.3,0
FSMI,20260904,17,6.1,0.29278532967597265,0.3,0
FSMI,20260904,17,6.2,0.20690152241314208,0.3,0
FSMI,20260904,17,6.3,0.2095250340070649,0.3,0
FSMI,20260904,17,6.4,0.17306057204391445,0.3,0
FSMI,20260904,17,6.5,0.14895294170648662,0.3,0
FSMI,20260904,17,6.6,0.04600796241492522,0.3,0
FSMI,20260904,17,6.7,0.06227272473525614,0.3,0
FSMI,20260904,17,6.8,0.04905959131455216,0.3,0
FSMI,20260904,17,6.9,0.14907467218238102,0.3,0
FSMI,20260904,17,7.0,0.13706367883720214,0.3,0
FSMI,20260904,17,7.1,0.31953190108313806,0.3,1
FSMI,20260904,17,7.2,0.3285849636833437,0.3,1
FSMI,20260904,17,7.3,0.1927843079001489,0.3,0
FSMI,20260904,17,7.4,0.17710823235251147,0.3,0
FSMI,20260904,17,7.5,0.09119451838835077,0.3,0
FSMI,20260904,17,7.6,0.024649721816831633,0.3,0
FSMI,20260904,17,7.7,0.008777493955734472,0.3,0
FSMI,20260904,17,7.8,0.07472683412842304,0.3,0
FSMI,20260904,17,7.9,0.12350824358253551,0.3,0
FSMI,20260904,17,8.0,0.020933918628311163,0.3,0
FSMI,20260904,17,8.1,0.034754885917331585,0.3,0
FSMI,20260904,17,8.2,0.23211219569997368,0.3,0
FSMI,20260904,17,8.3,0.08562392787099621,0.3,0
FSMI,20260904,17,8.4,0.017548566827347158,0.3,0
FSMI,20260904,17,8.5,0.12075225646141775,0.3,0
FSMI,20260904,17,8.6,0.12890949022702916,0.3,0
FSMI,20260904,17,8.7,0.166359339236225,0.3,0
FSMI,20260904,17,8.8,0.14443523461848587,0.3,0
FSMI,20260904,17,8.9,0.23253643617275568,0.3,0
FSMI,20260904,17,9.0,0.3072537334505469,0.3,1
FSMI,20260904,17,9.1,0.04622350876438047,0.3,0
FSMI,20260904,17,9.2,0.11812392357561603,0.3,0
FSMI,20260904,17,9.3,0.21396518956708974,0.3,0
FSMI,20260904,17,9.4,0.1814432036779668,0.3,0
FSMI,20260904,17,9.5,0.1414149821622403,0.3,0
FSMI,20260904,18,1.0,0.2541968836687028,0.3,0
FSMI,20260904,18,1.1,0.4059183903971004,0.3,1
FSMI,20260904,18,1.2,0.41274555351148473,0.3,1
FSMI,20260904,18,1.3,0.23253578872811695,0.3,0
FSMI,20260904,18,1.4,0.16047811216129287,0.3,0
FSMI,20260904,18,1.5,0.11643122721438043,0.3,0
FSMI,20260904,18,1.6,0.07041787728569296,0.3,0
FSMI,20260904,18,1.7,0.1292127033697092,0.3,0
FSMI,20260904,18,1.8,0.19760997802953342,0.3,0
FSMI,20260904,18,1.9,0.17296009498634451,0.3,0
FSMI,20260904,18,2.0,0.14865487731108729,0.3,0
FSMI,20260904,18,2.1,0.20338587178558282,0.3,0
FSMI,20260904,18,2.2,0.28660100149814827,0.3,0
FSMI,20260904,18,2.3,0.061753364476035626,0.3,0
FSMI,20260904,18,2.4,0.05261902635796879,0.3,0
FSMI,20260904,18,2.5,0.029452061056498884,0.3,0
FSMI,20260904,18,2.6,0.07780352776087042,0.3,0
FSMI,20260904,18,2.7,0.10821084323785156,0.3,0
FSMI,20260904,18,2.8,0.16784058675563063,0.3,0
FSMI,20260904,18,2.9,0.2782256896972734,0.3,0
FSMI,20260904,18,3.0,0.26757612773088496,0.3,0
FSMI,20260904,18,3.1,0.1809155360039576,0.3,0
FSMI,20260904,18,3.2,0.1343647644480526,0.3,0
FSMI,20260904,18,3.3,0.08084889504521475,0.3,0
FSMI,20260904,18,3.4,0.06785734890083293,0.3,0
FSMI,20260904,18,3.5,0.15298772808498853,0.3,0
FSMI,20260904,18,3.6,0.09817910495352103,0.3,0
FSMI,20260904,18,3.7,0.2635652052987743,0.3,0
FSMI,20260904,18,3.8,0.18519243078897393,0.3,0
FSMI,20260904,18,3.9,0.11047371074268042,0.3,0
FSMI,20260904,18,4.0,0.028672585491669445,0.3,0
FSMI,20260904,18,4.1,0.09890385353794484,0.3,0
FSMI,20260904,18,4.2,0.2135024283880813,0.3,0
FSMI,20260904,18,4.3,0.06009237167252873,0.3,0
FSMI,20260904,18,4.4,0.2197674574565595,0.3,0
FSMI,20260904,18,4.5,0.2949194075726499,0.3,0
FSMI,20260904,18,4.6,0.09733916454044168,0.3,0
FSMI,20260904,18,4.7,0.11659153823322534,0.3,0
FSMI,20260904,18,4.8,0.14769863923233287,0.3,0
FSMI,20260904,18,4.9,0.2802602217361874,0.3,0
FSMI,20260904,18,5.0,0.04863803015453201,0.3,0
FSMI,20260904,18,5.1,0.07433289489328307,0.3,0
FSMI,20260904,18,5.2,0.15181612918489665,0.3,0
FSMI,20260904,18,5.3,0.10986159147777846,0.3,0
FSMI,20260904,18,5.4,0.2285893084249512,0.3,0
FSMI,20260904,18,5.5,0.15325106448809392,0.3,0
FSMI,20260904,18,5.6,0.12418709078639206,0.3,0
FSMI,20260904,18,5.7,0.14544041471632788,0.3,0
FSMI,20260904,18,5.8,0.010161360942266117,0.3,0
FSMI,20260904,18,5.9,0.06197343053940194,0.3,0
FSMI,20260904,18,6.0,0.07716374904349399,0.3,0
FSMI,20260904,18,6.1,0.20225420925872467,0.3,0
FSMI,20260904,18,6.2,0.1574370250687591,0.3,0
FSMI,20260904,18,6.3,0.07105050721389398,0.3,0
FSMI,20260904,18,6.4,0.05742533577122065,0.3,0
FSMI,20260904,18,6.5,0.19997118658724722,0.3,0
FSMI,20260904,18,6.6,0.2006748417179756,0.3,0
FSMI,20260904,18,6.7,0.13845873420995677,0.3,0
FSMI,20260904,18,6.8,0.14574380445469515,0.3,0
FSMI,20260904,18,6.9,0.06417596711161984,0.3,0
FSMI,20260904,18,7.0,0.13510833547309392,0.3,0
FSMI,20260904,18,7.1,0.14889415527800462,0.3,0
FSMI,20260904,18,7.2,0.10685120519776303,0.3,0
FSMI,20260904,18,7.3,0.05700704111701697,0.3,0
FSMI,20260904,18,7.4,0.29940892113876655,0.3,0
FSMI,20260904,18,7.5,0.3306889084452542,0.3,1
FSMI,20260904,18,7.6,0.2213313892272027,0.3,0
FSMI,20260904,18,7.7,0.10134311759136493,0.3,0
FSMI,20260904,18,7.8,0.15821161055793195,0.3,0
FSMI,20260904,18,7.9,0.1912866381928075,0.3,0
FSMI,20260904,18,8.0,0.2855828797121923,0.3,0
FSMI,20260904,18,8.1,0.13258315788759034,0.3,0
FSMI,20260904,18,8.2,0.21520436889788433,0.3,0
FSMI,20260904,18,8.3,0.20818394647398075,0.3,0
FSMI,20260904,18,8.4,0.23258865214055807,0.3,0
FSMI,20260904,18,8.5,0.02224708472172534,0.3,0
FSMI,20260904,18,8.6,0.26585019365196416,0.3,0
FSMI,20260904,18,8.7,0.19981529621741653,0.3,0
FSMI,20260904,18,8.8,0.1828022530417443,0.3,0
FSMI,20260904,18,8.9,0.12832106568958632,0.3,0
FSMI,20260904,18,9.0,0.13534638722884856,0.3,0
FSMI,20260904,18,9.1,0.20310647523329478,0.3,0
FSMI,20260904,18,9.2,0.0571286815020283,0.3,0
FSMI,20260904,18,9.3,0.13592706406757382,0.3,0
FSMI,20260904,18,9.4,0.2528023585869718,0.3,0
FSMI,20260904,18,9.5,0.18872907591165133,0.3,0
FSMI,20260904,19,1.0,0.07548663767097347,0.3,0
FSMI,20260904,19,1.1,0.15118804348074394,0.3,0
FSMI,20260904,19,1.2,0.023984045352804243,0.3,0
FSMI,20260904,19,1.3,0.12743615177194906,0.3,0
FSMI,20260904,19,1.4,0.17291533530822498,0.3,0
FSMI,20260904,19,1.5,0.1935969421289226,0.3,0
FSMI,20260904,19,1.6,0.15192902018277157,0.3,0
FSMI,20260904,19,1.7,0.17676735008963584,0.3,0
FSMI,20260904,19,1.8,0.1535614063811613,0.3,0
FSMI,20260904,19,1.9,0.1329265777398346,0.3,0
FSMI,20260904,19,2.0,0.09296812511033889,0.3,0
FSMI,20260904,19,2.1,0.12224890880717931,0.3,0
FSMI,20260904,19,2.2,0.07738380258942312,0.3,0
FSMI,20260904,19,2.3,0.06100161231734571,0.3,0
FSMI,20260904,19,2.4,0.12553165038812283,0.3,0
FSMI,20260904,19,2.5,0.1441000513310894,0.3,0
FSMI,20260904,19,2.6,0.14603658753018664,0.3,0
FSMI,20260904,19,2.7,0.21668655720167992,0.3,0
FSMI,20260904,19,2.8,0.139316090835897,0.3,0
FSMI,20260904,19,2.9,0.23631462146087678,0.3,0
FSMI,20260904,19,3.0,0.11109736694974318,0.3,0
FSMI,20260904,19,3.1,0.14279779896135092,0.3,0
FSMI,20260904,19,3.2,0.2982299206915487,0.3,0
FSMI,20260904,19,3.3,0.22479563636154332,0.3,0
FSMI,20260904,19,3.4,0.13439282155548304,0.3,0
FSMI,20260904,19,3.5,0.13350490786535024,0.3,0
FSMI,20260904,19,3.6,0.2599304574266404,0.3,0
FSMI,20260904,19,3.7,0.09645123345776094,0.3,0
FSMI,20260904,19,3.8,0.1884751816004899,0.3,0
FSMI,20260904,19,3.9,0.11691201646977696,0.3,0
FSMI,20260904,19,4.0,0.1792171865300235,0.3,0
FSMI,20260904,19,4.1,0.2104987679941243,0.3,0
FSMI,20260904,19,4.2,0.12215407861410649,0.3,0
FSMI,20260904,19,4.3,0.1413014477199964,0.3,0
FSMI,20260904,19,4.4,0.3227038783361217,0.3,1
FSMI,20260904,19,4.5,0.2851199663016988,0.3,0
FSMI,20260904,19,4.6,0.24581327149917043,0.3,0
FSMI,20260904,19,4.7,0.2151960768476313,0.3,0
FSMI,20260904,19,4.8,0.15223505539380866,0.3,0
FSMI,20260904,19,4.9,0.20376916259164937,0.3,0
FSMI,20260904,19,5.0,0.20804464572553458,0.3,0
FSMI,20260904,19,5.1,0.15121305142068278,0.3,0
FSMI,20260904,19,5.2,0.12429052631797202,0.3,0
FSMI,20260904,19,5.3,0.17160306651846538,0.3,0
FSMI,20260904,19,5.4,0.08799783954189387,0.3,0
FSMI,20260904,19,5.5,0.05558759829621001,0.3,0
FSMI,20260904,19,5.6,0.05722671710053147,0.3,0
FSMI,20260904,19,5.7,0.3599530876132724,0.3,1
FSMI,20260904,19,5.8,0.27164631836023323,0.3,0
FSMI,20260904,19,5.9,0.30027368254635817,0.3,1
FSMI,20260904,19,6.0,0.21043143383314974,0.3,0
FSMI,20260904,19,6.1,0.18776409603395855,0.3,0
FSMI,20260904,19,6.2,0.10463815200093657,0.3,0
FSMI,20260904,19,6.3,0.0678868728736501,0.3,0
FSMI,20260904,19,6.4,0.038793996748589424,0.3,0
FSMI,20260904,19,6.5,0.11412041133268505,0.3,0
FSMI,20260904,19,6.6,0.12051149999059173,0.3,0
FSMI,20260904,19,6.7,0.15804173221425366,0.3,0
FSMI,20260904,19,6.8,0.2178407790063201,0.3,0
FSMI,20260904,19,6.9,0.20570327611732706,0.3,0
FSMI,20260904,19,7.0,0.18095396206547143,0.3,0
FSMI,20260904,19,7.1,0.14361049727516853,0.3,0
FSMI,20260904,19,7.2,0.27543375634882267,0.3,0
FSMI,20260904,19,7.3,0.16225643294221334,0.3,0
FSMI,20260904,19,7.4,0.22243356193249228,0.3,0
FSMI,20260904,19,7.5,0.18128721321876476,0.3,0
FSMI,20260904,19,7.6,0.2640760970450345,0.3,0
FSMI,20260904,19,7.7,0.22276183755983567,0.3,0
FSMI,20260904,19,7.8,0.19694900092040665,0.3,0
FSMI,20260904,19,7.9,0.1576537516089847,0.3,0
FSMI,20260904,19,8.0,0.10462341412987132,0.3,0
FSMI,20260904,19,8.1,0.07288123235860704,0.3,0
FSMI,20260904,19,8.2,0.05042897753234011,0.3,0
FSMI,20260904,19,8.3,0.24813983765367947,0.3,0
FSMI,20260904,19,8.4,0.2656697833908145,0.3,0
FSMI,20260904,19,8.5,0.10764074608886362,0.3,0
FSMI,20260904,19,8.6,0.24601917948790814,0.3,0
FSMI,20260904,19,8.7,0.16566725910204225,0.3,0
FSMI,20260904,19,8.8,0.21734387804585167,0.3,0
FSMI,20260904,19,8.9,0.0958822823216169,0.3,0
FSMI,20260904,19,9.0,0.08216730276112229,0.3,0
FSMI,20260904,19,9.1,0.03875141525848273,0.3,0
FSMI,20260904,19,9.2,0.11828148743240789,0.3,0
FSMI,20260904,19,9.3,0.15741265530018103,0.3,0
FSMI,20260904,19,9.4,0.1403944430273086,0.3,0
FSMI,20260904,19,9.5,0.07637978494616486,0.3,0
FSMI,20260904,20,1.0,0.22161168300669998,0.3,0
FSMI,20260904,20,1.1,0.27850939160881477,0.3,0
FSMI,20260904,20,1.2,0.3046444846117573,0.3,1
FSMI,20260904,20,1.3,0.16727715543976154,0.3,0
FSMI,20260904,20,1.4,0.2536104499370176,0.3,0
FSMI,20260904,20,1.5,0.09486298478335466,0.3,0
FSMI,20260904,20,1.6,0.05320357479972325,0.3,0
FSMI,20260904,20,1.7,0.28622790371798734,0.3,0
FSMI,20260904,20,1.8,0.23663477144010844,0.3,0
FSMI,20260904,20,1.9,0.048220556014944696,0.3,0
FSMI,20260904,20,2.0,0.19617118439530418,0.3,0
FSMI,20260904,20,2.1,0.07770282826368893,0.3,0
FSMI,20260904,20,2.2,0.05048733460546907,0.3,0
FSMI,20260904,20,2.3,0.1660787848507294,0.3,0
FSMI,20260904,20,2.4,0.11695210838300868,0.3,0
FSMI,20260904,20,2.5,0.11118549842889848,0.3,0
FSMI,20260904,20,2.6,0.1333457711459396,0.3,0
FSMI,20260904,20,2.7,0.18215371269553507,0.3,0
FSMI,20260904,20,2.8,0.0389106704460337,0.3,0
FSMI,20260904,20,2.9,0.23478087782798093,0.3,0
FSMI,20260904,20,3.0,0.11443194686385018,0.3,0
FSMI,20260904,20,3.1,0.10810202718935955,0.3,0
FSMI,20260904,20,3.2,0.08025387664228645,0.3,0
FSMI,20260904,20,3.3,0.17493084189231092,0.3,0
FSMI,20260904,20,3.4,0.14513158655472577,0.3,0
FSMI,20260904,20,3.5,0.14747693312393628,0.3,0
FSMI,20260904,20,3.6,0.22491861125625354,0.3,0
FSMI,20260904,20,3.7,0.2037015214852747,0.3,0
FSMI,20260904,20,3.8,0.21652511362360136,0.3,0
FSMI,20260904,20,3.9,0.19639746455832616,0.3,0
FSMI,20260904,20,4.0,0.1588658876643261,0.3,0
FSMI,20260904,20,4.1,0.20929795484568053,0.3,0
FSMI,20260904,20,4.2,0.2699284976103099,0.3,0
FSMI,20260904,20,4.3,0.060632950755008075,0.3,0
FSMI,20260904,20,4.4,0.0931726100559872,0.3,0
FSMI,20260904,20,4.5,0.22886285911216955,0.3,0
FSMI,20260904,20,4.6,0.2913344212392371,0.3,0
FSMI,20260904,20,4.7,0.13032696442710814,0.3,0
FSMI,20260904,20,4.8,0.16105734432030833,0.3,0
FSMI,20260904,20,4.9,0.1149138015117638,0.3,0
FSMI,20260904,20,5.0,0.08986092756382258,0.3,0
FSMI,20260904,20,5.1,0.17283801803901824,0.3,0
FSMI,20260904,20,5.2,0.1764344767502864,0.3,0
FSMI,20260904,20,5.3,0.21796957413841034,0.3,0
FSMI,20260904,20,5.4,0.17798173763381359,0.3,0
FSMI,20260904,20,5.5,0.1068011984113236,0.3,0
FSMI,20260904,20,5.6,0.02961156402117286,0.3,0
FSMI,20260904,20,5.7,0.031185667304338974,0.3,0
FSMI,20260904,20,5.8,0.07370130075507883,0.3,0
FSMI,20260904,20,5.9,0.18360237066670967,0.3,0
FSMI,20260904,20,6.0,0.18217462203609594,0.3,0
FSMI,20260904,20,6.1,0.19524031292096,0.3,0
FSMI,20260904,20,6.2,0.18376838253431083,0.3,0
FSMI,20260904,20,6.3,0.1420636807976373,0.3,0
FSMI,20260904,20,6.4,0.05487592327166745,0.3,0
FSMI,20260904,20,6.5,0.047972670332857806,0.3,0
FSMI,20260904,20,6.6,0.3066479642859134,0.3,1
FSMI,20260904,20,6.7,0.1712883985749831,0.3,0
FSMI,20260904,20,6.8,0.36774899793497806,0.3,1
FSMI,20260904,20,6.9,0.23705096559475647,0.3,0
FSMI,20260904,20,7.0,0.10772918990205067,0.3,0
FSMI,20260904,20,7.1,0.21660966535378487,0.3,0
FSMI,20260904,20,7.2,0.2086303549829047,0.3,0
FSMI,20260904,20,7.3,0.10068538871275702,0.3,0
FSMI,20260904,20,7.4,0.18914699610120403,0.3,0
FSMI,20260904,20,7.5,0.1581074109440137,0.3,0
FSMI,20260904,20,7.6,0.16917383285659587,0.3,0
FSMI,20260904,20,7.7,0.0780888347238053,0.3,0
FSMI,20260904,20,7.8,0.16136954668498232,0.3,0
FSMI,20260904,20,7.9,0.0672164064884171,0.3,0
FSMI,20260904,20,8.0,0.05639184292218367,0.3,0
FSMI,20260904,20,8.1,0.12763237673632896,0.3,0
FSMI,20260904,20,8.2,0.08264670993513905,0.3,0
FSMI,20260904,20,8.3,0.0546316805842181,0.3,0
FSMI,20260904,20,8.4,0.1180894807139807,0.3,0
FSMI,20260904,20,8.5,0.1909886069512901,0.3,0
FSMI,20260904,20,8.6,0.27185581655987495,0.3,0
FSMI,20260904,20,8.7,0.1502256775099853,0.3,0
FSMI,20260904,20,8.8,0.13612553214782316,0.3,0
FSMI,20260904,20,8.9,0.06527292699781227,0.3,0
FSMI,20260904,20,9.0,0.26019389668678217,0.3,0
FSMI,20260904,20,9.1,0.24067960084889697,0.3,0
FSMI,20260904,20,9.2,0.17009085865451798,0.3,0
FSMI,20260904,20,9.3,0.3311146332665627,0.3,1
FSMI,20260904,20,9.4,0.059080430602678674,0.3,0
FSMI,20260904,20,9.5,0.18883302597310023,0.3,0
FSMI,20260904,21,1.0,0.10779655050555172,0.3,0
FSMI,20260904,21,1.1,0.11127244207880108,0.3,0
FSMI,20260904,21,1.2,0.19146691527326234,0.3,0
FSMI,20260904,21,1.3,0.0369661936881943,0.3,0
FSMI,20260904,21,1.4,0.24339768792627378,0.3,0
FSMI,20260904,21,1.5,0.030198036735794,0.3,0
FSMI,20260904,21,1.6,0.09982293366706432,0.3,0
FSMI,20260904,21,1.7,0.09948442297367693,0.3,0
FSMI,20260904,21,1.8,0.09696090447215507,0.3,0
FSMI,20260904,21,1.9,0.17725871317577252,0.3,0
FSMI,20260904,21,2.0,0.18363301237383242,0.3,0
FSMI,20260904,21,2.1,0.2523372927895363,0.3,0
FSMI,20260904,21,2.2,0.2798671486143549,0.3,0
FSMI,20260904,21,2.3,0.3015322819263595,0.3,1
FSMI,20260904,21,2.4,0.32026995601171526,0.3,1
FSMI,20260904,21,2.5,0.2575022560880612,0.3,0
FSMI,20260904,21,2.6,0.11670489745847422,0.3,0
FSMI,20260904,21,2.7,0.0737541401536157,0.3,0
FSMI,20260904,21,2.8,0.06560885127703307,0.3,0
FSMI,20260904,21,2.9,0.13256473773687383,0.3,0
FSMI,20260904,21,3.0,0.08493419480822183,0.3,0
FSMI,20260904,21,3.1,0.14872935760520833,0.3,0
FSMI,20260904,21,3.2,0.06584867847427556,0.3,0
FSMI,20260904,21,3.3,0.09595870322346602,0.3,0
FSMI,20260904,21,3.4,0.2515127541065818,0.3,0
FSMI,20260904,21,3.5,0.14252961092242472,0.3,0
FSMI,20260904,21,3.6,0.20721188165077,0.3,0
FSMI,20260904,21,3.7,0.13928279411989408,0.3,0
FSMI,20260904,21,3.8,0.0726396116167638,0.3,0
FSMI,20260904,21,3.9,0.06654094306603629,0.3,0
FSMI,20260904,21,4.0,0.21670528781928994,0.3,0
FSMI,20260904,21,4.1,0.24675912863605218,0.3,0
FSMI,20260904,21,4.2,0.19946166599717313,0.3,0
FSMI,20260904,21,4.3,0.038623209420897024,0.3,0
FSMI,20260904,21,4.4,0.1437294681719343,0.3,0
FSMI,20260904,21,4.5,0.15479077073015554,0.3,0
FSMI,20260904,21,4.6,0.10564113400617813,0.3,0
FSMI,20260904,21,4.7,0.163496994693968,0.3,0
FSMI,20260904,21,4.8,0.2067769021609104,0.3,0
FSMI,20260904,21,4.9,0.03318081222188359,0.3,0
FSMI,20260904,21,5.0,0.18509588624434134,0.3,0
FSMI,20260904,21,5.1,0.2993870502973954,0.3,0
FSMI,20260904,21,5.2,0.13111977421129095,0.3,0
FSMI,20260904,21,5.3,0.1706353083983242,0.3,0
FSMI,20260904,21,5.4,0.06141151648210213,0.3,0
FSMI,20260904,21,5.5,0.08207363612690749,0.3,0
FSMI,20260904,21,5.6,0.18656316715589688,0.3,0
FSMI,20260904,21,5.7,0.11631309554120266,0.3,0
FSMI,20260904,21,5.8,0.06248966317726125,0.3,0
FSMI,20260904,21,5.9,0.1629185208943871,0.3,0
FSMI,20260904,21,6.0,0.1520547078957786,0.3,0
FSMI,20260904,21,6.1,0.0873175495235668,0.3,0
FSMI,20260904,21,6.2,0.08416143689510679,0.3,0
FSMI,20260904,21,6.3,0.06419811605684281,0.3,0
FSMI,20260904,21,6.4,0.13670510628523294,0.3,0
FSMI,20260904,21,6.5,0.2131303760037926,0.3,0
FSMI,20260904,21,6.6,0.4213757176146935,0.3,1
FSMI,20260904,21,6.7,0.3855643068920806,0.3,1
FSMI,20260904,21,6.8,0.22300519132521998,0.3,0
FSMI,20260904,21,6.9,0.07266340397988286,0.3,0
FSMI,20260904,21,7.0,0.1556152411392396,0.3,0
FSMI,20260904,21,7.1,0.13349845433742746,0.3,0
FSMI,20260904,21,7.2,0.15666858194530228,0.3,0
FSMI,20260904,21,7.3,0.16988774067983542,0.3,0
FSMI,20260904,21,7.4,0.15197024536993495,0.3,0
FSMI,20260904,21,7.5,0.1501822536936238,0.3,0
FSMI,20260904,21,7.6,0.19072226369589937,0.3,0
FSMI,20260904,21,7.7,0.1399404084698137,0.3,0
FSMI,20260904,21,7.8,0.08394350491203557,0.3,0
FSMI,20260904,21,7.9,0.13765686243498745,0.3,0
FSMI,20260904,21,8.0,0.0801083795843389,0.3,0
FSMI,20260904,21,8.1,0.1609047183309364,0.3,0
FSMI,20260904,21,8.2,0.36089705722744414,0.3,1
FSMI,20260904,21,8.3,0.2428188177375332,0.3,0
FSMI,20260904,21,8.4,0.10827236346334923,0.3,0
FSMI,20260904,21,8.5,0.14705639021071165,0.3,0
FSMI,20260904,21,8.6,0.10979008423144278,0.3,0
FSMI,20260904,21,8.7,0.3039569984289239,0.3,1
FSMI,20260904,21,8.8,0.2432370073921645,0.3,0
FSMI,20260904,21,8.9,0.24083592481980384,0.3,0
FSMI,20260904,21,9.0,0.06430753325208753,0.3,0
FSMI,20260904,21,9.1,0.17870572392968823,0.3,0
FSMI,20260904,21,9.2,0.08080086666589441,0.3,0
FSMI,20260904,21,9.3,0.22190359837489002,0.3,0
FSMI,20260904,21,9.4,0.28628825888239784,0.3,0
FSMI,20260904,21,9.5,0.2915707706646861,0.3,0
FSMI,20260904,22,1.0,0.2836129982082007,0.3,0
FSMI,20260904,22,1.1,0.01889835423415919,0.3,0
FSMI,20260904,22,1.2,0.1625002071187294,0.3,0
FSMI,20260904,22,1.3,0.32583105676907426,0.3,1
FSMI,20260904,22,1.4,0.16967812561180293,0.3,0
FSMI,20260904,22,1.5,0.17401965189430957,0.3,0
FSMI,20260904,22,1.6,0.18241628421139988,0.3,0
FSMI,20260904,22,1.7,0.15956778289176246,0.3,0
FSMI,20260904,22,1.8,0.291650971343564,0.3,0
FSMI,20260904,22,1.9,0.2542022417900727,0.3,0
FSMI,20260904,22,2.0,0.07240631916733883,0.3,0
FSMI,20260904,22,2.1,0.3204053083582706,0.3,1
FSMI,20260904,22,2.2,0.2368480914068062,0.3,0
FSMI,20260904,22,2.3,0.2386574476728856,0.3,0
FSMI,20260904,22,2.4,0.2117694154112778,0.3,0
FSMI,20260904,22,2.5,0.14280768824593157,0.3,0
FSMI,20260904,22,2.6,0.20491265642049644,0.3,0
FSMI,20260904,22,2.7,0.21963841211288518,0.3,0
FSMI,20260904,22,2.8,0.17247373442696554,0.3,0
FSMI,20260904,22,2.9,0.12153005948763113,0.3,0
FSMI,20260904,22,3.0,0.10680831217988603,0.3,0
FSMI,20260904,22,3.1,0.19614070860156038,0.3,0
FSMI,20260904,22,3.2,0.1841342218477072,0.3,0
FSMI,20260904,22,3.3,0.27286284610906913,0.3,0
FSMI,20260904,22,3.4,0.11003141353776005,0.3,0
FSMI,20260904,22,3.5,0.14863566797862235,0.3,0
FSMI,20260904,22,3.6,0.07366975543567204,0.3,0
FSMI,20260904,22,3.7,0.07070855585384883,0.3,0
FSMI,20260904,22,3.8,0.14667749652443354,0.3,0
FSMI,20260904,22,3.9,0.14372699456795385,0.3,0
FSMI,20260904,22,4.0,0.05328971509804217,0.3,0
FSMI,20260904,22,4.1,0.12078271024812637,0.3,0
FSMI,20260904,22,4.2,0.18262085985369222,0.3,0
FSMI,20260904,22,4.3,0.2698274260234212,0.3,0
FSMI,20260904,22,4.4,0.21711802258462112,0.3,0
FSMI,20260904,22,4.5,0.22228605186332154,0.3,0
FSMI,20260904,22,4.6,0.0666030994430321,0.3,0
FSMI,20260904,22,4.7,0.09119582818373695,0.3,0
FSMI,20260904,22,4.8,0.24367480612826423,0.3,0
FSMI,20260904,22,4.9,0.20509660270840396,0.3,0
FSMI,20260904,22,5.0,0.11328564056711206,0.3,0
FSMI,20260904,22,5.1,0.2007394775140296,0.3,0
FSMI,20260904,22,5.2,0.06138327241515488,0.3,0
FSMI,20260904,22,5.3,0.1291728001112969,0.3,0
FSMI,20260904,22,5.4,0.16914945492013433,0.3,0
FSMI,20260904,22,5.5,0.09776551682198749,0.3,0
FSMI,20260904,22,5.6,0.10558969107329057,0.3,0
FSMI,20260904,22,5.7,0.10637295721457964,0.3,0
FSMI,20260904,22,5.8,0.10942722909427759,0.3,0
FSMI,20260904,22,5.9,0.1694903905532923,0.3,0
FSMI,20260904,22,6.0,0.2625475149519585,0.3,0
FSMI,20260904,22,6.1,0.2967896578298683,0.3,0
FSMI,20260904,22,6.2,0.1606279397876631,0.3,0
FSMI,20260904,22,6.3,0.144050167005357,0.3,0
FSMI,20260904,22,6.4,0.15281792782962553,0.3,0
FSMI,20260904,22,6.5,0.18183141171775788,0.3,0
FSMI,20260904,22,6.6,0.16659989613884071,0.3,0
FSMI,20260904,22,6.7,0.13362622490813025,0.3,0
FSMI,20260904,22,6.8,0.10543230093236647,0.3,0
FSMI,20260904,22,6.9,0.0985287256534181,0.3,0
FSMI,20260904,22,7.0,0.07730506427189478,0.3,0
FSMI,20260904,22,7.1,0.18384258747704832,0.3,0
FSMI,20260904,22,7.2,0.09713096284312635,0.3,0
FSMI,20260904,22,7.3,0.19977765529148042,0.3,0
FSMI,20260904,22,7.4,0.0185195454425628,0.3,0
FSMI,20260904,22,7.5,0.07926914963473597,0.3,0
FSMI,20260904,22,7.6,0.16411548635763262,0.3,0
FSMI,20260904,22,7.7,0.18704709799140243,0.3,0
FSMI,20260904,22,7.8,0.1323068121774244,0.3,0
FSMI,20260904,22,7.9,0.10210141248295847,0.3,0
FSMI,20260904,22,8.0,0.29693103408646904,0.3,0
FSMI,20260904,22,8.1,0.19954127099057517,0.3,0
FSMI,20260904,22,8.2,0.08491539163157615,0.3,0
FSMI,20260904,22,8.3,0.10761781384258935,0.3,0
FSMI,20260904,22,8.4,0.19571744796263563,0.3,0
FSMI,20260904,22,8.5,0.22614364321385066,0.3,0
FSMI,20260904,22,8.6,0.23027488487050454,0.3,0
FSMI,20260904,22,8.7,0.12896687270495094,0.3,0
FSMI,20260904,22,8.8,0.25526706906124386,0.3,0
FSMI,20260904,22,8.9,0.15146219473200964,0.3,0
FSMI,20260904,22,9.0,0.27325389136532563,0.3,0
FSMI,20260904,22,9.1,0.24450582379509275,0.3,0
FSMI,20260904,22,9.2,0.2367908287947239,0.3,0
FSMI,20260904,22,9.3,0.052737510820504235,0.3,0
FSMI,20260904,22,9.4,0.07785812966989797,0.3,0
FSMI,20260904,22,9.5,0.10319420294913859,0.3,0
FSMI,20260904,23,1.0,0.04942603406700745,0.3,0
FSMI,20260904,23,1.1,0.08489368476461613,0.3,0
FSMI,20260904,23,1.2,0.11971630617100137,0.3,0
FSMI,20260904,23,1.3,0.08202997460874777,0.3,0
FSMI,20260904,23,1.4,0.13072547053103029,0.3,0
FSMI,20260904,23,1.5,0.03194204272918843,0.3,0
FSMI,20260904,23,1.6,0.15154186549905885,0.3,0
FSMI,20260904,23,1.7,0.1364562717430061,0.3,0
FSMI,20260904,23,1.8,0.1944161013870434,0.3,0
FSMI,20260904,23,1.9,0.24071245006229275,0.3,0
FSMI,20260904,23,2.0,0.18544709534419684,0.3,0
FSMI,20260904,23,2.1,0.1937370830944331,0.3,0
FSMI,20260904,23,2.2,0.23475989926898055,0.3,0
FSMI,20260904,23,2.3,0.32698541884345106,0.3,1
FSMI,20260904,23,2.4,0.31245130341300864,0.3,1
FSMI,20260904,23,2.5,0.2002564899616026,0.3,0
FSMI,20260904,23,2.6,0.05913961840416809,0.3,0
FSMI,20260904,23,2.7,0.08108254714585704,0.3,0
FSMI,20260904,23,2.8,0.10341891035430054,0.3,0
FSMI,20260904,23,2.9,0.19033420715628643,0.3,0
FSMI,20260904,23,3.0,0.25392824926192403,0.3,0
FSMI,20260904,23,3.1,0.1968593337613058,0.3,0
FSMI,20260904,23,3.2,0.31260361445495216,0.3,1
FSMI,20260904,23,3.3,0.2384093528198064,0.3,0
FSMI,20260904,23,3.4,0.06795715824374128,0.3,0
FSMI,20260904,23,3.5,0.10971978950975564,0.3,0
FSMI,20260904,23,3.6,0.012764757588398054,0.3,0
FSMI,20260904,23,3.7,0.14824214990824516,0.3,0
FSMI,20260904,23,3.8,0.12169047098522469,0.3,0
FSMI,20260904,23,3.9,0.08408069604960193,0.3,0
FSMI,20260904,23,4.0,0.1125559614618679,0.3,0
FSMI,20260904,23,4.1,0.22321890823207127,0.3,0
FSMI,20260904,23,4.2,0.16687209585189988,0.3,0
FSMI,20260904,23,4.3,0.09492117617770951,0.3,0
FSMI,20260904,23,4.4,0.0900047943263023,0.3,0
FSMI,20260904,23,4.5,0.08750441098048728,0.3,0
FSMI,20260904,23,4.6,0.04672428910765255,0.3,0
FSMI,20260904,23,4.7,0.09975776969544202,0.3,0
FSMI,20260904,23,4.8,0.07774059094611202,0.3,0
FSMI,20260904,23,4.9,0.2045139702707737,0.3,0
FSMI,20260904,23,5.0,0.36694830445066207,0.3,1
FSMI,20260904,23,5.1,0.1614113107187626,0.3,0
FSMI,20260904,23,5.2,0.08770055470826872,0.3,0
FSMI,20260904,23,5.3,0.1147251167823178,0.3,0
FSMI,20260904,23,5.4,0.027988059810280082,0.3,0
FSMI,20260904,23,5.5,0.1539638584348303,0.3,0
FSMI,20260904,23,5.6,0.12320491817210835,0.3,0
FSMI,20260904,23,5.7,0.20797162108270048,0.3,0
FSMI,20260904,23,5.8,0.15400358467455508,0.3,0
FSMI,20260904,23,5.9,0.1466700869134151,0.3,0
FSMI,20260904,23,6.0,0.14219107271944365,0.3,0
FSMI,20260904,23,6.1,0.22421029966116018,0.3,0
FSMI,20260904,23,6.2,0.2791601682692958,0.3,0
FSMI,20260904,23,6.3,0.15368696107398921,0.3,0
FSMI,20260904,23,6.4,0.05127078465843598,0.3,0
FSMI,20260904,23,6.5,0.17370927346032988,0.3,0
FSMI,20260904,23,6.6,0.12912308159680588,0.3,0
FSMI,20260904,23,6.7,0.16197255938215369,0.3,0
FSMI,20260904,23,6.8,0.09685349978400129,0.3,0
FSMI,20260904,23,6.9,0.12517470806435108,0.3,0
FSMI,20260904,23,7.0,0.14424147879893767,0.3,0
FSMI,20260904,23,7.1,0.14259706810084474,0.3,0
FSMI,20260904,23,7.2,0.08089718758097156,0.3,0
FSMI,20260904,23,7.3,0.20100019871903502,0.3,0
FSMI,20260904,23,7.4,0.11912949886874863,0.3,0
FSMI,20260904,23,7.5,0.1601764339684454,0.3,0
FSMI,20260904,23,7.6,0.23167514209930795,0.3,0
FSMI,20260904,23,7.7,0.11770334692308082,0.3,0
FSMI,20260904,23,7.8,0.18056748842103554,0.3,0
FSMI,20260904,23,7.9,0.05495511192465521,0.3,0
FSMI,20260904,23,8.0,0.24421776299753464,0.3,0
FSMI,20260904,23,8.1,0.23882994539675997,0.3,0
FSMI,20260904,23,8.2,0.28038393532331163,0.3,0
FSMI,20260904,23,8.3,0.1266803850995807,0.3,0
FSMI,20260904,23,8.4,0.12345145592421698,0.3,0
FSMI,20260904,23,8.5,0.11554805043001447,0.3,0
FSMI,20260904,23,8.6,0.15164609717179203,0.3,0
FSMI,20260904,23,8.7,0.2515608565154369,0.3,0
FSMI,20260904,23,8.8,0.27226053387315885,0.3,0
FSMI,20260904,23,8.9,0.23540874008945067,0.3,0
FSMI,20260904,23,9.0,0.1913692890795299,0.3,0
FSMI,20260904,23,9.1,0.3458531514854716,0.3,1
FSMI,20260904,23,9.2,0.03191592724360293,0.3,0
FSMI,20260904,23,9.3,0.1274362474074329,0.3,0
FSMI,20260904,23,9.4,0.04038068874840473,0.3,0
FSMI,20260904,23,9.5,0.08065553210942998,0.3,0
ISLL,20260904,0,1.0,0.5621902263144491,0.42707538249370913,1
ISLL,20260904,0,1.1,0.5950344151399292,0.42707538249370913,1
ISLL,20260904,0,1.2,0.3447124151257432,0.42707538249370913,0
ISLL,20260904,0,1.3,0.20709215065685727,0.42707538249370913,0
ISLL,20260904,0,1.4,0.6506664341054544,0.42707538249370913,1
ISLL,20260904,0,1.5,0.5517554408393411,0.42707538249370913,1
ISLL,20260904,0,1.6,0.5629719668043687,0.42707538249370913,1
ISLL,20260904,0,1.7,0.2732768443565455,0.42707538249370913,0
ISLL,20260904,0,1.8,0.39005922676414645,0.42707538249370913,0
ISLL,20260904,0,1.9,0.6808231652203266,0.42707538249370913,1
ISLL,20260904,0,2.0,0.6213512619480654,0.42707538249370913,1
ISLL,20260904,0,2.1,0.5195298691364684,0.42707538249370913,1
ISLL,20260904,0,2.2,0.3248315429546248,0.42707538249370913,0
ISLL,20260904,0,2.3,0.1326916309791884,0.42707538249370913,0
ISLL,20260904,0,2.4,0.31411880868055087,0.42707538249370913,0
ISLL,20260904,0,2.5,0.3619050075034315,0.42707538249370913,0
ISLL,20260904,0,2.6,0.38396532318658344,0.42707538249370913,0
ISLL,20260904,0,2.7,0.12168036982145052,0.42707538249370913,0
ISLL,20260904,0,2.8,0.2296240538319967,0.42707538249370913,0
ISLL,20260904,0,2.9,0.3608142640969219,0.42707538249370913,0
ISLL,20260904,0,3.0,0.4986294720573558,0.42707538249370913,1
ISLL,20260904,0,3.1,0.5190587177466016,0.42707538249370913,1
ISLL,20260904,0,3.2,0.22230473529231456,0.42707538249370913,0
ISLL,20260904,0,3.3,0.09216913984736666,0.42707538249370913,0
ISLL,20260904,0,3.4,0.16892080466654866,0.42707538249370913,0
ISLL,20260904,0,3.5,0.1319985614996998,0.42707538249370913,0
ISLL,20260904,0,3.6,0.23461287536642822,0.42707538249370913,0
ISLL,20260904,0,3.7,0.2971761398530766,0.42707538249370913,0
ISLL,20260904,0,3.8,0.30687583428590615,0.42707538249370913,0
ISLL,20260904,0,3.9,0.44507530053111394,0.42707538249370913,1
ISLL,20260904,0,4.0,0.19733772476720426,0.42707538249370913,0
ISLL,20260904,0,4.1,0.13737162692109195,0.42707538249370913,0
ISLL,20260904,0,4.2,0.03394030384671648,0.42707538249370913,0
ISLL,20260904,0,4.3,0.12814801546314833,0.42707538249370913,0
ISLL,20260904,0,4.4,0.23806715720469132,0.42707538249370913,0
ISLL,20260904,0,4.5,0.29389300923407435,0.42707538249370913,0
ISLL,20260904,0,4.6,0.30622828736635593,0.42707538249370913,0
ISLL,20260904,0,4.7,0.1651661480995407,0.42707538249370913,0
ISLL,20260904,0,4.8,0.2177002009779723,0.42707538249370913,0
ISLL,20260904,0,4.9,0.28463899258759173,0.42707538249370913,0
ISLL,20260904,0,5.0,0.4285705348076672,0.42707538249370913,1
ISLL,20260904,0,5.1,0.35598163550552103,0.42707538249370913,0
ISLL,20260904,0,5.2,0.21489088856211377,0.42707538249370913,0
ISLL,20260904,0,5.3,0.20803950890134404,0.42707538249370913,0
ISLL,20260904,0,5.4,0.030958695274759297,0.42707538249370913,0
ISLL,20260904,0,5.5,0.1106914889371118,0.42707538249370913,0
ISLL,20260904,0,5.6,0.03767793173001901,0.42707538249370913,0
ISLL,20260904,0,5.7,0.06132648804533793,0.42707538249370913,0
ISLL,20260904,0,5.8,0.22554368342875517,0.42707538249370913,0
ISLL,20260904,0,5.9,0.3947861775780493,0.42707538249370913,0
ISLL,20260904,0,6.0,0.23440241452336236,0.42707538249370913,0
ISLL,20260904,0,6.1,0.3185187151269033,0.42707538249370913,0
ISLL,20260904,0,6.2,0.21647325453555205,0.42707538249370913,0
ISLL,20260904,0,6.3,0.11375496295173919,0.42707538249370913,0
ISLL,20260904,0,6.4,0.15069933469427854,0.42707538249370913,0
ISLL,20260904,0,6.5,0.13933783736780236,0.42707538249370913,0
ISLL,20260904,0,6.6,0.36441518817589036,0.42707538249370913,0
ISLL,20260904,0,6.7,0.5270685341334145,0.42707538249370913,1
ISLL,20260904,0,6.8,0.4832432305288467,0.42707538249370913,1
ISLL,20260904,0,6.9,0.5137321461370219,0.42707538249370913,1
ISLL,20260904,0,7.0,0.2022071872863144,0.42707538249370913,0
ISLL,20260904,0,7.1,0.06270279498313573,0.42707538249370913,0
ISLL,20260904,0,7.2,0.2177318784169795,0.42707538249370913,0
ISLL,20260904,0,7.3,0.14140553998682578,0.42707538249370913,0
ISLL,20260904,0,7.4,0.1339869881729212,0.42707538249370913,0
ISLL,20260904,0,7.5,0.1783516700397755,0.42707538249370913,0
ISLL,20260904,0,7.6,0.34193538385887196,0.42707538249370913,0
ISLL,20260904,0,7.7,0.3350087121403488,0.42707538249370913,0
ISLL,20260904,0,7.8,0.26853157687874163,0.42707538249370913,0
ISLL,20260904,0,7.9,0.31898705030286945,0.42707538249370913,0
ISLL,20260904,0,8.0,0.09128008822502057,0.42707538249370913,0
ISLL,20260904,0,8.1,0.09761988257175554,0.42707538249370913,0
ISLL,20260904,0,8.2,0.0180766546976404,0.42707538249370913,0
ISLL,20260904,0,8.3,0.016739386954975705,0.42707538249370913,0
ISLL,20260904,0,8.4,0.039674213197165534,0.42707538249370913,0
ISLL,20260904,0,8.5,0.11292197437651488,0.42707538249370913,0
ISLL,20260904,0,8.6,0.009490567188098101,0.42707538249370913,0
ISLL,20260904,0,8.7,0.1351790095726971,0.42707538249370913,0
ISLL,20260904,0,8.8,0.1277309835544037,0.42707538249370913,0
ISLL,20260904,0,8.9,0.0622597264432774,0.42707538249370913,0
ISLL,20260904,0,9.0,0.1548797242489286,0.42707538249370913,0
ISLL,20260904,0,9.1,0.14305082259347676,0.42707538249370913,0
ISLL,20260904,0,9.2,0.18376365453890467,0.42707538249370913,0
ISLL,20260904,0,9.3,0.16715192896613204,0.42707538249370913,0
ISLL,20260904,0,9.4,0.2597540475398644,0.42707538249370913,0
ISLL,20260904,0,9.5,0.46269553788504153,0.42707538249370913,1
ISLL,20260904,1,1.0,0.7476635299591264,0.36220064568388954,1
ISLL,20260904,1,1.1,0.6428117545629647,0.36220064568388954,1
ISLL,20260904,1,1.2,0.1679779087848519,0.36220064568388954,0
ISLL,20260904,1,1.3,0.2451551713793028,0.36220064568388954,0
ISLL,20260904,1,1.4,0.6205936378848341,0.36220064568388954,1
ISLL,20260904,1,1.5,0.6146767225253635,0.36220064568388954,1
ISLL,20260904,1,1.6,0.556243686199761,0.36220064568388954,1
ISLL,20260904,1,1.7,0.28287947662834456,0.36220064568388954,0
ISLL,20260904,1,1.8,0.2586558232921431,0.36220064568388954,0
ISLL,20260904,1,1.9,0.4281724317695514,0.36220064568388954,1
ISLL,20260904,1,2.0,0.40886269417357635,0.36220064568388954,1
ISLL,20260904,1,2.1,0.39722388043658574,0.36220064568388954,1
ISLL,20260904,1,2.2,0.15691461734030007,0.36220064568388954,0
ISLL,20260904,1,2.3,0.02181230675560424,0.36220064568388954,0
ISLL,20260904,1,2.4,0.25378213522391985,0.36220064568388954,0
ISLL,20260904,1,2.5,0.35004057325581656,0.36220064568388954,0
ISLL,20260904,1,2.6,0.2565422754295564,0.36220064568388954,0
ISLL,20260904,1,2.7,0.3347491975392831,0.36220064568388954,0
ISLL,20260904,1,2.8,0.10790189335703573,0.36220064568388954,0
ISLL,20260904,1,2.9,0.10961676951472718,0.36220064568388954,0
ISLL,20260904,1,3.0,0.20444293605896835,0.36220064568388954,0
ISLL,20260904,1,3.1,0.21290866901538252,0.36220064568388954,0
ISLL,20260904,1,3.2,0.14917483402304768,0.36220064568388954,0
ISLL,20260904,1,3.3,0.2535714591136695,0.36220064568388954,0
ISLL,20260904,1,3.4,0.24854244824853827,0.36220064568388954,0
ISLL,20260904,1,3.5,0.2653620309139957,0.36220064568388954,0
ISLL,20260904,1,3.6,0.2721651911660722,0.36220064568388954,0
ISLL,20260904,1,3.7,0.1311350439038057,0.36220064568388954,0
ISLL,20260904,1,3.8,0.09659275551963362,0.36220064568388954,0
ISLL,20260904,1,3.9,0.10005274888944218,0.36220064568388954,0
ISLL,20260904,1,4.0,0.12674027480767724,0.36220064568388954,0
ISLL,20260904,1,4.1,0.34655862562630385,0.36220064568388954,0
ISLL,20260904,1,4.2,0.2655359038794196,0.36220064568388954,0
ISLL,20260904,1,4.3,0.2069129493886341,0.36220064568388954,0
ISLL,20260904,1,4.4,0.12116660574110977,0.36220064568388954,0
ISLL,20260904,1,4.5,0.05996824077906526,0.36220064568388954,0
ISLL,20260904,1,4.6,0.14269556151504054,0.36220064568388954,0
ISLL,20260904,1,4.7,0.050956171182563646,0.36220064568388954,0
ISLL,20260904,1,4.8,0.14842342565742897,0.36220064568388954,0
ISLL,20260904,1,4.9,0.27260985598462184,0.36220064568388954,0
ISLL,20260904,1,5.0,0.13415770816108233,0.36220064568388954,0
ISLL,20260904,1,5.1,0.29787893852889047,0.36220064568388954,0
ISLL,20260904,1,5.2,0.23551663774522402,0.36220064568388954,0
ISLL,20260904,1,5.3,0.21180508563676856,0.36220064568388954,0
ISLL,20260904,1,5.4,0.1821865011523899,0.36220064568388954,0
ISLL,20260904,1,5.5,0.08623440413083244,0.36220064568388954,0
ISLL,20260904,1,5.6,0.10798415899490557,0.36220064568388954,0
ISLL,20260904,1,5.7,0.08912428544005066,0.36220064568388954,0
ISLL,20260904,1,5.8,0.3304296075642181,0.36220064568388954,0
ISLL,20260904,1,5.9,0.4818019989764699,0.36220064568388954,1
ISLL,20260904,1,6.0,0.37279519549375184,0.36220064568388954,1
ISLL,20260904,1,6.1,0.24515563816646443,0.36220064568388954,0
ISLL,20260904,1,6.2,0.04305703589613482,0.36220064568388954,0
ISLL,20260904,1,6.3,0.2305159785900349,0.36220064568388954,0
ISLL,20260904,1,6.4,0.10438495176488634,0.36220064568388954,0
ISLL,20260904,1,6.5,0.011304960825754478,0.36220064568388954,0
ISLL,20260904,1,6.6,0.20193050515949376,0.36220064568388954,0
ISLL,20260904,1,6.7,0.22242171705701755,0.36220064568388954,0
ISLL,20260904,1,6.8,0.2855078337802037,0.36220064568388954,0
ISLL,20260904,1,6.9,0.3176980436855475,0.36220064568388954,0
ISLL,20260904,1,7.0,0.26259850961460146,0.36220064568388954,0
ISLL,20260904,1,7.1,0.33815425211949185,0.36220064568388954,0
ISLL,20260904,1,7.2,0.2057057204526707,0.36220064568388954,0
ISLL,20260904,1,7.3,0.11308874985900078,0.36220064568388954,0
ISLL,20260904,1,7.4,0.022724481459668818,0.36220064568388954,0
ISLL,20260904,1,7.5,0.10492723731285902,0.36220064568388954,0
ISLL,20260904,1,7.6,0.1262820642758917,0.36220064568388954,0
ISLL,20260904,1,7.7,0.226545639517776,0.36220064568388954,0
ISLL,20260904,1,7.8,0.2673775323401583,0.36220064568388954,0
ISLL,20260904,1,7.9,0.1419213985878545,0.36220064568388954,0
ISLL,20260904,1,8.0,0.1681249777268193,0.36220064568388954,0
ISLL,20260904,1,8.1,0.12245058671547074,0.36220064568388954,0
ISLL,20260904,1,8.2,0.2610162949436817,0.36220064568388954,0
ISLL,20260904,1,8.3,0.17510578063379822,0.36220064568388954,0
ISLL,20260904,1,8.4,0.18749565905456245,0.36220064568388954,0
ISLL,20260904,1,8.5,0.08444673065535405,0.36220064568388954,0
ISLL,20260904,1,8.6,0.13496656855806927,0.36220064568388954,0
ISLL,20260904,1,8.7,0.0866656040085966,0.36220064568388954,0
ISLL,20260904,1,8.8,0.19372949116227267,0.36220064568388954,0
ISLL,20260904,1,8.9,0.14831158160342672,0.36220064568388954,0
ISLL,20260904,1,9.0,0.07936153088666181,0.36220064568388954,0
ISLL,20260904,1,9.1,0.10622821324893345,0.36220064568388954,0
ISLL,20260904,1,9.2,0.06525020925352311,0.36220064568388954,0
ISLL,20260904,1,9.3,0.24226968950859493,0.36220064568388954,0
ISLL,20260904,1,9.4,0.263761733113752,0.36220064568388954,0
ISLL,20260904,1,9.5,0.11019529574629916,0.36220064568388954,0
ISLL,20260904,2,1.0,0.624674381345959,0.43045814819865313,1
ISLL,20260904,2,1.1,0.627080016898692,0.43045814819865313,1
ISLL,20260904,2,1.2,0.2944071125052625,0.43045814819865313,0
ISLL,20260904,2,1.3,0.20364620916256715,0.43045814819865313,0
ISLL,20260904,2,1.4,0.7495929091416264,0.43045814819865313,1
ISLL,20260904,2,1.5,0.7461171802225244,0.43045814819865313,1
ISLL,20260904,2,1.6,0.745974346878946,0.43045814819865313,1
ISLL,20260904,2,1.7,0.3918007367241766,0.43045814819865313,0
ISLL,20260904,2,1.8,0.4454862517180403,0.43045814819865313,1
ISLL,20260904,2,1.9,0.7168417939237061,0.43045814819865313,1
ISLL,20260904,2,2.0,0.6904701833771915,0.43045814819865313,1
ISLL,20260904,2,2.1,0.6192189341672379,0.43045814819865313,1
ISLL,20260904,2,2.2,0.20616549712293647,0.43045814819865313,0
ISLL,20260904,2,2.3,0.09342233882924895,0.43045814819865313,0
ISLL,20260904,2,2.4,0.3785809923248249,0.43045814819865313,0
ISLL,20260904,2,2.5,0.3797336034132035,0.43045814819865313,0
ISLL,20260904,2,2.6,0.3687422128872992,0.43045814819865313,0
ISLL,20260904,2,2.7,0.22455293765629789,0.43045814819865313,0
ISLL,20260904,2,2.8,0.32724271331122046,0.43045814819865313,0
ISLL,20260904,2,2.9,0.38317293460474483,0.43045814819865313,0
ISLL,20260904,2,3.0,0.3841313994925948,0.43045814819865313,0
ISLL,20260904,2,3.1,0.36466749320156877,0.43045814819865313,0
ISLL,20260904,2,3.2,0.285213147500832,0.43045814819865313,0
ISLL,20260904,2,3.3,0.16427958730866277,0.43045814819865313,0
ISLL,20260904,2,3.4,0.42312560138805416,0.43045814819865313,0
ISLL,20260904,2,3.5,0.3678903916725833,0.43045814819865313,0
ISLL,20260904,2,3.6,0.3807829213942352,0.43045814819865313,0
ISLL,20260904,2,3.7,0.30328320227777134,0.43045814819865313,0
ISLL,20260904,2,3.8,0.23020771383523816,0.43045814819865313,0
ISLL,20260904,2,3.9,0.3641635110054247,0.43045814819865313,0
ISLL,20260904,2,4.0,0.29803899179397497,0.43045814819865313,0
ISLL,20260904,2,4.1,0.08417760424800656,0.43045814819865313,0
ISLL,20260904,2,4.2,0.0750786381135561,0.43045814819865313,0
ISLL,20260904,2,4.3,0.11982611571539392,0.43045814819865313,0
ISLL,20260904,2,4.4,0.22731346836442237,0.43045814819865313,0
ISLL,20260904,2,4.5,0.17947169132563967,0.43045814819865313,0
ISLL,20260904,2,4.6,0.2632200626439024,0.43045814819865313,0
ISLL,20260904,2,4.7,0.20942678603654194,0.43045814819865313,0
ISLL,20260904,2,4.8,0.09015192073484693,0.43045814819865313,0
ISLL,20260904,2,4.9,0.16478740887269766,0.43045814819865313,0
ISLL,20260904,2,5.0,0.16128922997225728,0.43045814819865313,0
ISLL,20260904,2,5.1,0.16700626644304262,0.43045814819865313,0
ISLL,20260904,2,5.2,0.14739019507216888,0.43045814819865313,0
ISLL,20260904,2,5.3,0.1496776296353582,0.43045814819865313,0
ISLL,20260904,2,5.4,0.24828062273897564,0.43045814819865313,0
ISLL,20260904,2,5.5,0.20328016082287464,0.43045814819865313,0
ISLL,20260904,2,5.6,0.2759578253634325,0.43045814819865313,0
ISLL,20260904,2,5.7,0.33421811245598093,0.43045814819865313,0
ISLL,20260904,2,5.8,0.36135319571057045,0.43045814819865313,0
ISLL,20260904,2,5.9,0.007838213391612815,0.43045814819865313,0
ISLL,20260904,2,6.0,0.07571754883627983,0.43045814819865313,0
ISLL,20260904,2,6.1,0.13124344833880294,0.43045814819865313,0
ISLL,20260904,2,6.2,0.13454854241365102,0.43045814819865313,0
ISLL,20260904,2,6.3,0.2655651266983597,0.43045814819865313,0
ISLL,20260904,2,6.4,0.1623692648857526,0.43045814819865313,0
ISLL,20260904,2,6.5,0.10992774480817641,0.43045814819865313,0
ISLL,20260904,2,6.6,0.0872077823622325,0.43045814819865313,0
ISLL,20260904,2,6.7,0.21840232847208516,0.43045814819865313,0
ISLL,20260904,2,6.8,0.28716475204759295,0.43045814819865313,0
ISLL,20260904,2,6.9,0.10330113203591759,0.43045814819865313,0
ISLL,20260904,2,7.0,0.22330034594904363,0.43045814819865313,0
ISLL,20260904,2,7.1,0.3954261857887591,0.43045814819865313,0
ISLL,20260904,2,7.2,0.3225961281523358,0.43045814819865313,0
ISLL,20260904,2,7.3,0.23796119365823595,0.43045814819865313,0
ISLL,20260904,2,7.4,0.08071340245706943,0.43045814819865313,0
ISLL,20260904,2,7.5,0.11022396687700299,0.43045814819865313,0
ISLL,20260904,2,7.6,0.3291486378977928,0.43045814819865313,0
ISLL,20260904,2,7.7,0.24108348182945713,0.43045814819865313,0
ISLL,20260904,2,7.8,0.35203248914692614,0.43045814819865313,0
ISLL,20260904,2,7.9,0.2720223609916673,0.43045814819865313,0
ISLL,20260904,2,8.0,0.1556069831386034,0.43045814819865313,0
ISLL,20260904,2,8.1,0.17466939503692583,0.43045814819865313,0
ISLL,20260904,2,8.2,0.16076886685676023,0.43045814819865313,0
ISLL,20260904,2,8.3,0.1491268671964688,0.43045814819865313,0
ISLL,20260904,2,8.4,0.17851529309318837,0.43045814819865313,0
ISLL,20260904,2,8.5,0.24708485676570568,0.43045814819865313,0
ISLL,20260904,2,8.6,0.1119625384396456,0.43045814819865313,0
ISLL,20260904,2,8.7,0.13865705542578627,0.43045814819865313,0
ISLL,20260904,2,8.8,0.06199588021968819,0.43045814819865313,0
ISLL,20260904,2,8.9,0.11111433285631743,0.43045814819865313,0
ISLL,20260904,2,9.0,0.2755169068245533,0.43045814819865313,0
ISLL,20260904,2,9.1,0.12175736308352374,0.43045814819865313,0
ISLL,20260904,2,9.2,0.08579855006408986,0.43045814819865313,0
ISLL,20260904,2,9.3,0.1971837781966166,0.43045814819865313,0
ISLL,20260904,2,9.4,0.10016091257063235,0.43045814819865313,0
ISLL,20260904,2,9.5,0.13847526387384806,0.43045814819865313,0
ISLL,20260904,3,1.0,0.7115624865331276,0.4285433728823337,1
ISLL,20260904,3,1.1,0.7535118405745428,0.4285433728823337,1
ISLL,20260904,3,1.2,0.4607874891081276,0.4285433728823337,1
ISLL,20260904,3,1.3,0.08969849194068955,0.4285433728823337,0
ISLL,20260904,3,1.4,0.39722306588625345,0.4285433728823337,0
ISLL,20260904,3,1.5,0.332759246426287,0.4285433728823337,0
ISLL,20260904,3,1.6,0.44299010472510525,0.4285433728823337,1
ISLL,20260904,3,1.7,0.13056282274682954,0.4285433728823337,0
ISLL,20260904,3,1.8,0.35755753087372855,0.4285433728823337,0
ISLL,20260904,3,1.9,0.5442449178343348,0.4285433728823337,1
ISLL,20260904,3,2.0,0.542129809285101,0.4285433728823337,1
ISLL,20260904,3,2.1,0.5498710735893404,0.4285433728823337,1
ISLL,20260904,3,2.2,0.15112186640881406,0.4285433728823337,0
ISLL,20260904,3,2.3,0.2656577266418988,0.4285433728823337,0
ISLL,20260904,3,2.4,0.33057408001534994,0.4285433728823337,0
ISLL,20260904,3,2.5,0.31841853565507255,0.4285433728823337,0
ISLL,20260904,3,2.6,0.3741744106346872,0.4285433728823337,0
ISLL,20260904,3,2.7,0.2212918374223958,0.4285433728823337,0
ISLL,20260904,3,2.8,0.22581037207298998,0.4285433728823337,0
ISLL,20260904,3,2.9,0.18777422530293927,0.4285433728823337,0
ISLL,20260904,3,3.0,0.0492120188807931,0.4285433728823337,0
ISLL,20260904,3,3.1,0.11793392967153268,0.4285433728823337,0
ISLL,20260904,3,3.2,0.12021005984073603,0.4285433728823337,0
ISLL,20260904,3,3.3,0.06441351715506412,0.4285433728823337,0
ISLL,20260904,3,3.4,0.25555932004015364,0.4285433728823337,0
ISLL,20260904,3,3.5,0.3046486006351579,0.4285433728823337,0
ISLL,20260904,3,3.6,0.33759721583282093,0.4285433728823337,0
ISLL,20260904,3,3.7,0.3483749264614597,0.4285433728823337,0
ISLL,20260904,3,3.8,0.42752297819493257,0.4285433728823337,0
ISLL,20260904,3,3.9,0.5263827040898141,0.4285433728823337,1
ISLL,20260904,3,4.0,0.272244064286244,0.4285433728823337,0
ISLL,20260904,3,4.1,0.06773674952253757,0.4285433728823337,0
ISLL,20260904,3,4.2,0.19479423840252658,0.4285433728823337,0
ISLL,20260904,3,4.3,0.28629250108913035,0.4285433728823337,0
ISLL,20260904,3,4.4,0.042404947405730045,0.4285433728823337,0
ISLL,20260904,3,4.5,0.21744932650270524,0.4285433728823337,0
ISLL,20260904,3,4.6,0.2769029543913819,0.4285433728823337,0
ISLL,20260904,3,4.7,0.3032448127077416,0.4285433728823337,0
ISLL,20260904,3,4.8,0.24810305786655085,0.4285433728823337,0
ISLL,20260904,3,4.9,0.10309579764069506,0.4285433728823337,0
ISLL,20260904,3,5.0,0.17540148651551016,0.4285433728823337,0
ISLL,20260904,3,5.1,0.2707430836209793,0.4285433728823337,0
ISLL,20260904,3,5.2,0.24956140256825218,0.4285433728823337,0
ISLL,20260904,3,5.3,0.22528393355057916,0.4285433728823337,0
ISLL,20260904,3,5.4,0.21025095890963838,0.4285433728823337,0
ISLL,20260904,3,5.5,0.08863855863424351,0.4285433728823337,0
ISLL,20260904,3,5.6,0.1090185146193104,0.4285433728823337,0
ISLL,20260904,3,5.7,0.05421508878292498,0.4285433728823337,0
ISLL,20260904,3,5.8,0.30821712222301817,0.4285433728823337,0
ISLL,20260904,3,5.9,0.45247791738625276,0.4285433728823337,1
ISLL,20260904,3,6.0,0.36326778032677354,0.4285433728823337,0
ISLL,20260904,3,6.1,0.25514053816274235,0.4285433728823337,0
ISLL,20260904,3,6.2,0.2228544279168151,0.4285433728823337,0
ISLL,20260904,3,6.3,0.10710663675608777,0.4285433728823337,0
ISLL,20260904,3,6.4,0.05233105318648623,0.4285433728823337,0
ISLL,20260904,3,6.5,0.15167011150665138,0.4285433728823337,0
ISLL,20260904,3,6.6,0.2241886007381568,0.4285433728823337,0
ISLL,20260904,3,6.7,0.18693275303402157,0.4285433728823337,0
ISLL,20260904,3,6.8,0.3460637595583042,0.4285433728823337,0
ISLL,20260904,3,6.9,0.31597222799314173,0.4285433728823337,0
ISLL,20260904,3,7.0,0.12919979663696757,0.4285433728823337,0
ISLL,20260904,3,7.1,0.12545536871003424,0.4285433728823337,0
ISLL,20260904,3,7.2,0.18114903849767225,0.4285433728823337,0
ISLL,20260904,3,7.3,0.22151423211170063,0.4285433728823337,0
ISLL,20260904,3,7.4,0.4256223949165068,0.4285433728823337,0
ISLL,20260904,3,7.5,0.37411417700377264,0.4285433728823337,0
ISLL,20260904,3,7.6,0.3038732844230042,0.4285433728823337,0
ISLL,20260904,3,7.7,0.23401996733241223,0.4285433728823337,0
ISLL,20260904,3,7.8,0.09769000358727321,0.4285433728823337,0
ISLL,20260904,3,7.9,0.1454439515830292,0.4285433728823337,0
ISLL,20260904,3,8.0,0.2935334892871781,0.4285433728823337,0
ISLL,20260904,3,8.1,0.2778369947687174,0.4285433728823337,0
ISLL,20260904,3,8.2,0.16176312368153256,0.4285433728823337,0
ISLL,20260904,3,8.3,0.19631472704905786,0.4285433728823337,0
ISLL,20260904,3,8.4,0.2013257072247885,0.4285433728823337,0
ISLL,20260904,3,8.5,0.1643557814246252,0.4285433728823337,0
ISLL,20260904,3,8.6,0.11046085147560655,0.4285433728823337,0
ISLL,20260904,3,8.7,0.04076530863233156,0.4285433728823337,0
ISLL,20260904,3,8.8,0.11392589088198089,0.4285433728823337,0
ISLL,20260904,3,8.9,0.07084765440788056,0.4285433728823337,0
ISLL,20260904,3,9.0,0.0553387097267411,0.4285433728823337,0
ISLL,20260904,3,9.1,0.042239257531108784,0.4285433728823337,0
ISLL,20260904,3,9.2,0.02173790688860616,0.4285433728823337,0
ISLL,20260904,3,9.3,0.18585675344731328,0.4285433728823337,0
ISLL,20260904,3,9.4,0.255640629207712,0.4285433728823337,0
ISLL,20260904,3,9.5,0.33318259532915945,0.4285433728823337,0
ISLL,20260904,4,1.0,0.7569003495154162,0.42611083137576805,1
ISLL,20260904,4,1.1,0.7902382347014901,0.42611083137576805,1
ISLL,20260904,4,1.2,0.2110286261452523,0.42611083137576805,0
ISLL,20260904,4,1.3,0.24923990137173177,0.42611083137576805,0
ISLL,20260904,4,1.4,0.627376776562302,0.42611083137576805,1
ISLL,20260904,4,1.5,0.6020036636836085,0.42611083137576805,1
ISLL,20260904,4,1.6,0.6735304070472804,0.42611083137576805,1
ISLL,20260904,4,1.7,0.33969837959494426,0.42611083137576805,0
ISLL,20260904,4,1.8,0.5147908374748886,0.42611083137576805,1
ISLL,20260904,4,1.9,0.6616744702620422,0.42611083137576805,1
ISLL,20260904,4,2.0,0.6560768141939949,0.42611083137576805,1
ISLL,20260904,4,2.1,0.6422791008875858,0.42611083137576805,1
ISLL,20260904,4,2.2,0.42148675570114763,0.42611083137576805,0
ISLL,20260904,4,2.3,0.295485405345149,0.42611083137576805,0
ISLL,20260904,4,2.4,0.3363130607651358,0.42611083137576805,0
ISLL,20260904,4,2.5,0.2717345653152566,0.42611083137576805,0
ISLL,20260904,4,2.6,0.2948865977023291,0.42611083137576805,0
ISLL,20260904,4,2.7,0.22976186323206313,0.42611083137576805,0
ISLL,20260904,4,2.8,0.3012289699815056,0.42611083137576805,0
ISLL,20260904,4,2.9,0.38590295909004346,0.42611083137576805,0
ISLL,20260904,4,3.0,0.33767969241251616,0.42611083137576805,0
ISLL,20260904,4,3.1,0.41012981672045706,0.42611083137576805,0
ISLL,20260904,4,3.2,0.24304294498407225,0.42611083137576805,0
ISLL,20260904,4,3.3,0.08781725009373129,0.42611083137576805,0
ISLL,20260904,4,3.4,0.047440522501475256,0.42611083137576805,0
ISLL,20260904,4,3.5,0.04582092864929682,0.42611083137576805,0
ISLL,20260904,4,3.6,0.18650172629325737,0.42611083137576805,0
ISLL,20260904,4,3.7,0.10963260828046688,0.42611083137576805,0
ISLL,20260904,4,3.8,0.2506254215333397,0.42611083137576805,0
ISLL,20260904,4,3.9,0.23294523510774146,0.42611083137576805,0
ISLL,20260904,4,4.0,0.15224790559467355,0.42611083137576805,0
ISLL,20260904,4,4.1,0.051140014287731836,0.42611083137576805,0
ISLL,20260904,4,4.2,0.21966110910541325,0.42611083137576805,0
ISLL,20260904,4,4.3,0.26463919069518044,0.42611083137576805,0
ISLL,20260904,4,4.4,0.17882203301835087,0.42611083137576805,0
ISLL,20260904,4,4.5,0.07717980695452926,0.42611083137576805,0
ISLL,20260904,4,4.6,0.12223926737040794,0.42611083137576805,0
ISLL,20260904,4,4.7,0.27357183450029016,0.42611083137576805,0
ISLL,20260904,4,4.8,0.2592522679662724,0.42611083137576805,0
ISLL,20260904,4,4.9,0.1780518676602155,0.42611083137576805,0
ISLL,20260904,4,5.0,0.23610052215299507,0.42611083137576805,0
ISLL,20260904,4,5.1,0.17552117768076594,0.42611083137576805,0
ISLL,20260904,4,5.2,0.2519611062783783,0.42611083137576805,0
ISLL,20260904,4,5.3,0.21330120810775574,0.42611083137576805,0
ISLL,20260904,4,5.4,0.18764094190944486,0.42611083137576805,0
ISLL,20260904,4,5.5,0.1119737201929208,0.42611083137576805,0
ISLL,20260904,4,5.6,0.10443317088595001,0.42611083137576805,0
ISLL,20260904,4,5.7,0.1891282424835618,0.42611083137576805,0
ISLL,20260904,4,5.8,0.08330234108819239,0.42611083137576805,0
ISLL,20260904,4,5.9,0.45953225337143255,0.42611083137576805,1
ISLL,20260904,4,6.0,0.3650699926284388,0.42611083137576805,0
ISLL,20260904,4,6.1,0.34399576382543107,0.42611083137576805,0
ISLL,20260904,4,6.2,0.10684526560753355,0.42611083137576805,0
ISLL,20260904,4,6.3,0.13795432287755732,0.42611083137576805,0
ISLL,20260904,4,6.4,0.17265633820071344,0.42611083137576805,0
ISLL,20260904,4,6.5,0.15806655228572886,0.42611083137576805,0
ISLL,20260904,4,6.6,0.23806715973887463,0.42611083137576805,0
ISLL,20260904,4,6.7,0.32874602720661256,0.42611083137576805,0
ISLL,20260904,4,6.8,0.26208119537331404,0.42611083137576805,0
ISLL,20260904,4,6.9,0.30178740487691297,0.42611083137576805,0
ISLL,20260904,4,7.0,0.3592033862138226,0.42611083137576805,0
ISLL,20260904,4,7.1,0.2987114520874588,0.42611083137576805,0
ISLL,20260904,4,7.2,0.1512423367304731,0.42611083137576805,0
ISLL,20260904,4,7.3,0.16097812271262094,0.42611083137576805,0
ISLL,20260904,4,7.4,0.2233150494299176,0.42611083137576805,0
ISLL,20260904,4,7.5,0.23471504135390261,0.42611083137576805,0
ISLL,20260904,4,7.6,0.13248304691281768,0.42611083137576805,0
ISLL,20260904,4,7.7,0.05344317123073124,0.42611083137576805,0
ISLL,20260904,4,7.8,0.14666967629905042,0.42611083137576805,0
ISLL,20260904,4,7.9,0.05347338555270248,0.42611083137576805,0
ISLL,20260904,4,8.0,0.09609965767117554,0.42611083137576805,0
ISLL,20260904,4,8.1,0.08670258146723073,0.42611083137576805,0
ISLL,20260904,4,8.2,0.08188437501119393,0.42611083137576805,0
ISLL,20260904,4,8.3,0.010836407139587828,0.42611083137576805,0
ISLL,20260904,4,8.4,0.09055549497941338,0.42611083137576805,0
ISLL,20260904,4,8.5,0.08824021647962947,0.42611083137576805,0
ISLL,20260904,4,8.6,0.10538001097092042,0.42611083137576805,0
ISLL,20260904,4,8.7,0.1313438469296915,0.42611083137576805,0
ISLL,20260904,4,8.8,0.08332284324056799,0.42611083137576805,0
ISLL,20260904,4,8.9,0.2288064510857072,0.42611083137576805,0
ISLL,20260904,4,9.0,0.15991169063710284,0.42611083137576805,0
ISLL,20260904,4,9.1,0.23019662024678833,0.42611083137576805,0
ISLL,20260904,4,9.2,0.2609097046696919,0.42611083137576805,0
ISLL,20260904,4,9.3,0.2459434355522279,0.42611083137576805,0
ISLL,20260904,4,9.4,0.3062597336028839,0.42611083137576805,0
ISLL,20260904,4,9.5,0.3550968090933778,0.42611083137576805,0
ISLL,20260904,5,1.0,0.5256126081425272,0.3853883011172671,1
ISLL,20260904,5,1.1,0.5040705221715638,0.3853883011172671,1
ISLL,20260904,5,1.2,0.24025640385612612,0.3853883011172671,0
ISLL,20260904,5,1.3,0.17291018124138827,0.3853883011172671,0
ISLL,20260904,5,1.4,0.5554313146175883,0.3853883011172671,1
ISLL,20260904,5,1.5,0.5356806846113975,0.3853883011172671,1
ISLL,20260904,5,1.6,0.5106132831198268,0.3853883011172671,1
ISLL,20260904,5,1.7,0.25506497613898893,0.3853883011172671,0
ISLL,20260904,5,1.8,0.412231511929278,0.3853883011172671,1
ISLL,20260904,5,1.9,0.6021800331018388,0.3853883011172671,1
ISLL,20260904,5,2.0,0.5259181764235058,0.3853883011172671,1
ISLL,20260904,5,2.1,0.504440816368361,0.3853883011172671,1
ISLL,20260904,5,2.2,0.23803767861262887,0.3853883011172671,0
ISLL,20260904,5,2.3,0.2733800324377242,0.3853883011172671,0
ISLL,20260904,5,2.4,0.29240050415856544,0.3853883011172671,0
ISLL,20260904,5,2.5,0.31772457536876886,0.3853883011172671,0
ISLL,20260904,5,2.6,0.3087016683783145,0.3853883011172671,0
ISLL,20260904,5,2.7,0.17954498534277288,0.3853883011172671,0
ISLL,20260904,5,2.8,0.18779176858107002,0.3853883011172671,0
ISLL,20260904,5,2.9,0.33728266550819347,0.3853883011172671,0
ISLL,20260904,5,3.0,0.2601238810324243,0.3853883011172671,0
ISLL,20260904,5,3.1,0.2926314533861551,0.3853883011172671,0
ISLL,20260904,5,3.2,0.12579864554528944,0.3853883011172671,0
ISLL,20260904,5,3.3,0.0809046571533278,0.3853883011172671,0
ISLL,20260904,5,3.4,0.18184285315388704,0.3853883011172671,0
ISLL,20260904,5,3.5,0.1928928015477468,0.3853883011172671,0
ISLL,20260904,5,3.6,0.2784276060691703,0.3853883011172671,0
ISLL,20260904,5,3.7,0.21410957078467505,0.3853883011172671,0
ISLL,20260904,5,3.8,0.23022234143626777,0.3853883011172671,0
ISLL,20260904,5,3.9,0.3058463311717292,0.3853883011172671,0
ISLL,20260904,5,4.0,0.30234456736384163,0.3853883011172671,0
ISLL,20260904,5,4.1,0.23364977623686548,0.3853883011172671,0
ISLL,20260904,5,4.2,0.2464868714965036,0.3853883011172671,0
ISLL,20260904,5,4.3,0.19721315746369167,0.3853883011172671,0
ISLL,20260904,5,4.4,0.2573889165984106,0.3853883011172671,0
ISLL,20260904,5,4.5,0.16377928131410355,0.3853883011172671,0
ISLL,20260904,5,4.6,0.10183286184177949,0.3853883011172671,0
ISLL,20260904,5,4.7,0.3606666979061933,0.3853883011172671,0
ISLL,20260904,5,4.8,0.24993003888783438,0.3853883011172671,0
ISLL,20260904,5,4.9,0.1578106453973508,0.3853883011172671,0
ISLL,20260904,5,5.0,0.22588829528858287,0.3853883011172671,0
ISLL,20260904,5,5.1,0.30213366712600703,0.3853883011172671,0
ISLL,20260904,5,5.2,0.24004026070227036,0.3853883011172671,0
ISLL,20260904,5,5.3,0.1402415766088651,0.3853883011172671,0
ISLL,20260904,5,5.4,0.14220256298951436,0.3853883011172671,0
ISLL,20260904,5,5.5,0.21291883678746318,0.3853883011172671,0
ISLL,20260904,5,5.6,0.19025145772850596,0.3853883011172671,0
ISLL,20260904,5,5.7,0.04912334039126062,0.3853883011172671,0
ISLL,20260904,5,5.8,0.034453295756870124,0.3853883011172671,0
ISLL,20260904,5,5.9,0.25334038232654094,0.3853883011172671,0
ISLL,20260904,5,6.0,0.021125452937089333,0.3853883011172671,0
ISLL,20260904,5,6.1,0.14315134582366704,0.3853883011172671,0
ISLL,20260904,5,6.2,0.12128068664611127,0.3853883011172671,0
ISLL,20260904,5,6.3,0.05244363302592688,0.3853883011172671,0
ISLL,20260904,5,6.4,0.10062768970079762,0.3853883011172671,0
ISLL,20260904,5,6.5,0.3473868401045769,0.3853883011172671,0
ISLL,20260904,5,6.6,0.4809426395388594,0.3853883011172671,1
ISLL,20260904,5,6.7,0.47033049813494837,0.3853883011172671,1
ISLL,20260904,5,6.8,0.317738300439091,0.3853883011172671,0
ISLL,20260904,5,6.9,0.41202453990726007,0.3853883011172671,1
ISLL,20260904,5,7.0,0.3947884984435131,0.3853883011172671,1
ISLL,20260904,5,7.1,0.3309761388289357,0.3853883011172671,0
ISLL,20260904,5,7.2,0.18146287315941811,0.3853883011172671,0
ISLL,20260904,5,7.3,0.20947506807385677,0.3853883011172671,0
ISLL,20260904,5,7.4,0.053653908342676124,0.3853883011172671,0
ISLL,20260904,5,7.5,0.050668894687962575,0.3853883011172671,0
ISLL,20260904,5,7.6,0.07173361949879732,0.3853883011172671,0
ISLL,20260904,5,7.7,0.03806920097388835,0.3853883011172671,0
ISLL,20260904,5,7.8,0.21961669407135487,0.3853883011172671,0
ISLL,20260904,5,7.9,0.26100149734743566,0.3853883011172671,0
ISLL,20260904,5,8.0,0.2109775534668125,0.3853883011172671,0
ISLL,20260904,5,8.1,0.1436808459207022,0.3853883011172671,0
ISLL,20260904,5,8.2,0.250465084791687,0.3853883011172671,0
ISLL,20260904,5,8.3,0.32733750298805514,0.3853883011172671,0
ISLL,20260904,5,8.4,0.4649695119148542,0.3853883011172671,1
ISLL,20260904,5,8.5,0.3635166596357768,0.3853883011172671,0
ISLL,20260904,5,8.6,0.2459892317736481,0.3853883011172671,0
ISLL,20260904,5,8.7,0.21912408094215444,0.3853883011172671,0
ISLL,20260904,5,8.8,0.30137251675115506,0.3853883011172671,0
ISLL,20260904,5,8.9,0.311762216056217,0.3853883011172671,0
ISLL,20260904,5,9.0,0.2434647531610885,0.3853883011172671,0
ISLL,20260904,5,9.1,0.22277877107634578,0.3853883011172671,0
ISLL,20260904,5,9.2,0.1665222472181482,0.3853883011172671,0
ISLL,20260904,5,9.3,0.12526023576459516,0.3853883011172671,0
ISLL,20260904,5,9.4,0.21086655957771022,0.3853883011172671,0
ISLL,20260904,5,9.5,0.21721856737274423,0.3853883011172671,0
ISLL,20260904,6,1.0,0.7567305813600997,0.32249755600555613,1
ISLL,20260904,6,1.1,0.7540343724853652,0.32249755600555613,1
ISLL,20260904,6,1.2,0.557485670728833,0.32249755600555613,1
ISLL,20260904,6,1.3,0.4397626965631067,0.32249755600555613,1
ISLL,20260904,6,1.4,0.6887539265480868,0.32249755600555613,1
ISLL,20260904,6,1.5,0.6648393035955548,0.32249755600555613,1
ISLL,20260904,6,1.6,0.5849707625235915,0.32249755600555613,1
ISLL,20260904,6,1.7,0.21694867459543513,0.32249755600555613,0
ISLL,20260904,6,1.8,0.24864502673934047,0.32249755600555613,0
ISLL,20260904,6,1.9,0.583025643155664,0.32249755600555613,1
ISLL,20260904,6,2.0,0.5145659671982725,0.32249755600555613,1
ISLL,20260904,6,2.1,0.5097773485683441,0.32249755600555613,1
ISLL,20260904,6,2.2,0.0991464311632721,0.32249755600555613,0
ISLL,20260904,6,2.3,0.1700049364340343,0.32249755600555613,0
ISLL,20260904,6,2.4,0.22823391586006206,0.32249755600555613,0
ISLL,20260904,6,2.5,0.25101269824280986,0.32249755600555613,0
ISLL,20260904,6,2.6,0.2624696231777133,0.32249755600555613,0
ISLL,20260904,6,2.7,0.1661585347325154,0.32249755600555613,0
ISLL,20260904,6,2.8,0.16570833817042838,0.32249755600555613,0
ISLL,20260904,6,2.9,0.3094610395506915,0.32249755600555613,0
ISLL,20260904,6,3.0,0.31537960628093525,0.32249755600555613,0
ISLL,20260904,6,3.1,0.2458203688703881,0.32249755600555613,0
ISLL,20260904,6,3.2,0.146607343811118,0.32249755600555613,0
ISLL,20260904,6,3.3,0.2308961244268849,0.32249755600555613,0
ISLL,20260904,6,3.4,0.08808065304481712,0.32249755600555613,0
ISLL,20260904,6,3.5,0.1434663703031437,0.32249755600555613,0
ISLL,20260904,6,3.6,0.21571640560892189,0.32249755600555613,0
ISLL,20260904,6,3.7,0.3687390509254788,0.32249755600555613,1
ISLL,20260904,6,3.8,0.22196550806927456,0.32249755600555613,0
ISLL,20260904,6,3.9,0.2570941358234292,0.32249755600555613,0
ISLL,20260904,6,4.0,0.20580922514824995,0.32249755600555613,0
ISLL,20260904,6,4.1,0.24013703786973756,0.32249755600555613,0
ISLL,20260904,6,4.2,0.2187955902650273,0.32249755600555613,0
ISLL,20260904,6,4.3,0.18726890547869196,0.32249755600555613,0
ISLL,20260904,6,4.4,0.20309972574732243,0.32249755600555613,0
ISLL,20260904,6,4.5,0.19798307016847913,0.32249755600555613,0
ISLL,20260904,6,4.6,0.14519585385858116,0.32249755600555613,0
ISLL,20260904,6,4.7,0.3265416216498546,0.32249755600555613,1
ISLL,20260904,6,4.8,0.40818702120731165,0.32249755600555613,1
ISLL,20260904,6,4.9,0.3901240437084117,0.32249755600555613,1
ISLL,20260904,6,5.0,0.19981461019403182,0.32249755600555613,0
ISLL,20260904,6,5.1,0.11012010351952352,0.32249755600555613,0
ISLL,20260904,6,5.2,0.06451448418814308,0.32249755600555613,0
ISLL,20260904,6,5.3,0.24734253232307735,0.32249755600555613,0
ISLL,20260904,6,5.4,0.3157393055655848,0.32249755600555613,0
ISLL,20260904,6,5.5,0.3759055591016046,0.32249755600555613,1
ISLL,20260904,6,5.6,0.19174933862751628,0.32249755600555613,0
ISLL,20260904,6,5.7,0.07350701811676605,0.32249755600555613,0
ISLL,20260904,6,5.8,0.13106391476485424,0.32249755600555613,0
ISLL,20260904,6,5.9,0.2587183325778183,0.32249755600555613,0
ISLL,20260904,6,6.0,0.13655154994447227,0.32249755600555613,0
ISLL,20260904,6,6.1,0.21045024312725788,0.32249755600555613,0
ISLL,20260904,6,6.2,0.16878984132279293,0.32249755600555613,0
ISLL,20260904,6,6.3,0.11916091248604352,0.32249755600555613,0
ISLL,20260904,6,6.4,0.16539395996542058,0.32249755600555613,0
ISLL,20260904,6,6.5,0.14321070165511948,0.32249755600555613,0
ISLL,20260904,6,6.6,0.03133596062999852,0.32249755600555613,0
ISLL,20260904,6,6.7,0.052785947884384066,0.32249755600555613,0
ISLL,20260904,6,6.8,0.222152980595471,0.32249755600555613,0
ISLL,20260904,6,6.9,0.25733129418136713,0.32249755600555613,0
ISLL,20260904,6,7.0,0.1508648632423242,0.32249755600555613,0
ISLL,20260904,6,7.1,0.2221857800727562,0.32249755600555613,0
ISLL,20260904,6,7.2,0.20053205683920985,0.32249755600555613,0
ISLL,20260904,6,7.3,0.13341238190623483,0.32249755600555613,0
ISLL,20260904,6,7.4,0.16291898409028108,0.32249755600555613,0
ISLL,20260904,6,7.5,0.1247133034446372,0.32249755600555613,0
ISLL,20260904,6,7.6,0.06573153224244557,0.32249755600555613,0
ISLL,20260904,6,7.7,0.08635749532080522,0.32249755600555613,0
ISLL,20260904,6,7.8,0.14857297715629122,0.32249755600555613,0
ISLL,20260904,6,7.9,0.059912591702943815,0.32249755600555613,0
ISLL,20260904,6,8.0,0.0998748736828118,0.32249755600555613,0
ISLL,20260904,6,8.1,0.1417879584654233,0.32249755600555613,0
ISLL,20260904,6,8.2,0.07201446896109935,0.32249755600555613,0
ISLL,20260904,6,8.3,0.07378314933824506,0.32249755600555613,0
ISLL,20260904,6,8.4,0.06126957199080842,0.32249755600555613,0
ISLL,20260904,6,8.5,0.23971990830669077,0.32249755600555613,0
ISLL,20260904,6,8.6,0.17322133214476954,0.32249755600555613,0
ISLL,20260904,6,8.7,0.20944405816916067,0.32249755600555613,0
ISLL,20260904,6,8.8,0.16679539845033062,0.32249755600555613,0
ISLL,20260904,6,8.9,0.2875459428790405,0.32249755600555613,0
ISLL,20260904,6,9.0,0.10009377248501893,0.32249755600555613,0
ISLL,20260904,6,9.1,0.06557638870433415,0.32249755600555613,0
ISLL,20260904,6,9.2,0.15646297536718384,0.32249755600555613,0
ISLL,20260904,6,9.3,0.1424229473421744,0.32249755600555613,0
ISLL,20260904,6,9.4,0.2918595011385814,0.32249755600555613,0
ISLL,20260904,6,9.5,0.2907054174049083,0.32249755600555613,0
ISLL,20260904,7,1.0,0.61181932416502,0.39605069900100626,1
ISLL,20260904,7,1.1,0.46355234571549286,0.39605069900100626,1
ISLL,20260904,7,1.2,0.11194882775584496,0.39605069900100626,0
ISLL,20260904,7,1.3,0.023032749922728735,0.39605069900100626,0
ISLL,20260904,7,1.4,0.3713545071202839,0.39605069900100626,0
ISLL,20260904,7,1.5,0.4798632686582684,0.39605069900100626,1
ISLL,20260904,7,1.6,0.39002171493030074,0.39605069900100626,0
ISLL,20260904,7,1.7,0.05764679887892278,0.39605069900100626,0
ISLL,20260904,7,1.8,0.30276575350562496,0.39605069900100626,0
ISLL,20260904,7,1.9,0.4265440133380551,0.39605069900100626,1
ISLL,20260904,7,2.0,0.40087654555926183,0.39605069900100626,1
ISLL,20260904,7,2.1,0.37673279777546054,0.39605069900100626,0
ISLL,20260904,7,2.2,0.1966531775142983,0.39605069900100626,0
ISLL,20260904,7,2.3,0.057347948409194126,0.39605069900100626,0
ISLL,20260904,7,2.4,0.34074823325499676,0.39605069900100626,0
ISLL,20260904,7,2.5,0.30867950058901805,0.39605069900100626,0
ISLL,20260904,7,2.6,0.2819520499845186,0.39605069900100626,0
ISLL,20260904,7,2.7,0.10697424192415489,0.39605069900100626,0
ISLL,20260904,7,2.8,0.27162253438384426,0.39605069900100626,0
ISLL,20260904,7,2.9,0.28999507046507567,0.39605069900100626,0
ISLL,20260904,7,3.0,0.15852289496626865,0.39605069900100626,0
ISLL,20260904,7,3.1,0.15572830592021605,0.39605069900100626,0
ISLL,20260904,7,3.2,0.14399208945242092,0.39605069900100626,0
ISLL,20260904,7,3.3,0.2306958337189014,0.39605069900100626,0
ISLL,20260904,7,3.4,0.32305851627064536,0.39605069900100626,0
ISLL,20260904,7,3.5,0.4265768191689823,0.39605069900100626,1
ISLL,20260904,7,3.6,0.48209741880615853,0.39605069900100626,1
ISLL,20260904,7,3.7,0.3610734462162229,0.39605069900100626,0
ISLL,20260904,7,3.8,0.3765647123384555,0.39605069900100626,0
ISLL,20260904,7,3.9,0.4821697600562739,0.39605069900100626,1
ISLL,20260904,7,4.0,0.36934193410561694,0.39605069900100626,0
ISLL,20260904,7,4.1,0.23916529019353602,0.39605069900100626,0
ISLL,20260904,7,4.2,0.1936454864858208,0.39605069900100626,0
ISLL,20260904,7,4.3,0.18002566647243917,0.39605069900100626,0
ISLL,20260904,7,4.4,0.14896430869042726,0.39605069900100626,0
ISLL,20260904,7,4.5,0.19597921276873498,0.39605069900100626,0
ISLL,20260904,7,4.6,0.06871679139678963,0.39605069900100626,0
ISLL,20260904,7,4.7,0.07974699977161673,0.39605069900100626,0
ISLL,20260904,7,4.8,0.16057721925342605,0.39605069900100626,0
ISLL,20260904,7,4.9,0.4178134239220981,0.39605069900100626,1
ISLL,20260904,7,5.0,0.301657814273121,0.39605069900100626,0
ISLL,20260904,7,5.1,0.23745609860904834,0.39605069900100626,0
ISLL,20260904,7,5.2,0.23378909816557011,0.39605069900100626,0
ISLL,20260904,7,5.3,0.23337377075727464,0.39605069900100626,0
ISLL,20260904,7,5.4,0.0695134527888282,0.39605069900100626,0
ISLL,20260904,7,5.5,0.17999796613909222,0.39605069900100626,0
ISLL,20260904,7,5.6,0.3316775320936897,0.39605069900100626,0
ISLL,20260904,7,5.7,0.20103107340522014,0.39605069900100626,0
ISLL,20260904,7,5.8,0.2030326732439328,0.39605069900100626,0
ISLL,20260904,7,5.9,0.21392446620058397,0.39605069900100626,0
ISLL,20260904,7,6.0,0.18279663105062055,0.39605069900100626,0
ISLL,20260904,7,6.1,0.2992756300228132,0.39605069900100626,0
ISLL,20260904,7,6.2,0.2371240489098148,0.39605069900100626,0
ISLL,20260904,7,6.3,0.10016362435634063,0.39605069900100626,0
ISLL,20260904,7,6.4,0.17768616005936552,0.39605069900100626,0
ISLL,20260904,7,6.5,0.15963058143284578,0.39605069900100626,0
ISLL,20260904,7,6.6,0.36854548542514376,0.39605069900100626,0
ISLL,20260904,7,6.7,0.3205378076311435,0.39605069900100626,0
ISLL,20260904,7,6.8,0.32354990090214064,0.39605069900100626,0
ISLL,20260904,7,6.9,0.35908344451160973,0.39605069900100626,0
ISLL,20260904,7,7.0,0.33885275774727597,0.39605069900100626,0
ISLL,20260904,7,7.1,0.1615937142457561,0.39605069900100626,0
ISLL,20260904,7,7.2,0.16792192383091797,0.39605069900100626,0
ISLL,20260904,7,7.3,0.19920911454754953,0.39605069900100626,0
ISLL,20260904,7,7.4,0.24055597543998913,0.39605069900100626,0
ISLL,20260904,7,7.5,0.1120043132087829,0.39605069900100626,0
ISLL,20260904,7,7.6,0.15577358293290727,0.39605069900100626,0
ISLL,20260904,7,7.7,0.172961128061499,0.39605069900100626,0
ISLL,20260904,7,7.8,0.31246120681396683,0.39605069900100626,0
ISLL,20260904,7,7.9,0.18849978961610692,0.39605069900100626,0
ISLL,20260904,7,8.0,0.09872368278794968,0.39605069900100626,0
ISLL,20260904,7,8.1,0.17096252846108748,0.39605069900100626,0
ISLL,20260904,7,8.2,0.27536405754203774,0.39605069900100626,0
ISLL,20260904,7,8.3,0.26142824039628565,0.39605069900100626,0
ISLL,20260904,7,8.4,0.22172571575709388,0.39605069900100626,0
ISLL,20260904,7,8.5,0.15219011794599624,0.39605069900100626,0
ISLL,20260904,7,8.6,0.09342448008243794,0.39605069900100626,0
ISLL,20260904,7,8.7,0.09979278190454603,0.39605069900100626,0
ISLL,20260904,7,8.8,0.19599683247271182,0.39605069900100626,0
ISLL,20260904,7,8.9,0.394226275487872,0.39605069900100626,0
ISLL,20260904,7,9.0,0.4202247339039962,0.39605069900100626,1
ISLL,20260904,7,9.1,0.30064511884505046,0.39605069900100626,0
ISLL,20260904,7,9.2,0.13921905070706939,0.39605069900100626,0
ISLL,20260904,7,9.3,0.22842827660641113,0.39605069900100626,0
ISLL,20260904,7,9.4,0.418308774849974,0.39605069900100626,1
ISLL,20260904,7,9.5,0.3146593824855801,0.39605069900100626,0
ISLL,20260904,8,1.0,0.6449438660032828,0.4675145003179036,1
ISLL,20260904,8,1.1,0.6597519390229741,0.4675145003179036,1
ISLL,20260904,8,1.2,0.4251495523434248,0.4675145003179036,0
ISLL,20260904,8,1.3,0.38398945242083454,0.4675145003179036,0
ISLL,20260904,8,1.4,0.6751453532497795,0.4675145003179036,1
ISLL,20260904,8,1.5,0.699545453960077,0.4675145003179036,1
ISLL,20260904,8,1.6,0.7017027188609811,0.4675145003179036,1
ISLL,20260904,8,1.7,0.3412750487483925,0.4675145003179036,0
ISLL,20260904,8,1.8,0.5296760624809596,0.4675145003179036,1
ISLL,20260904,8,1.9,0.6797549688472624,0.4675145003179036,1
ISLL,20260904,8,2.0,0.6914663733621154,0.4675145003179036,1
ISLL,20260904,8,2.1,0.6914151026815799,0.4675145003179036,1
ISLL,20260904,8,2.2,0.3110544673523766,0.4675145003179036,0
ISLL,20260904,8,2.3,0.21770162866069812,0.4675145003179036,0
ISLL,20260904,8,2.4,0.44513625123141143,0.4675145003179036,0
ISLL,20260904,8,2.5,0.44456256767404495,0.4675145003179036,0
ISLL,20260904,8,2.6,0.4840857687369642,0.4675145003179036,1
ISLL,20260904,8,2.7,0.2738022415865353,0.4675145003179036,0
ISLL,20260904,8,2.8,0.4731139173432594,0.4675145003179036,1
ISLL,20260904,8,2.9,0.4916210043886833,0.4675145003179036,1
ISLL,20260904,8,3.0,0.481324617870603,0.4675145003179036,1
ISLL,20260904,8,3.1,0.2533225690151148,0.4675145003179036,0
ISLL,20260904,8,3.2,0.06712544871108353,0.4675145003179036,0
ISLL,20260904,8,3.3,0.10736171803716567,0.4675145003179036,0
ISLL,20260904,8,3.4,0.34588968469794407,0.4675145003179036,0
ISLL,20260904,8,3.5,0.2530988912371321,0.4675145003179036,0
ISLL,20260904,8,3.6,0.2843451601912636,0.4675145003179036,0
ISLL,20260904,8,3.7,0.14448384742769146,0.4675145003179036,0
ISLL,20260904,8,3.8,0.056736426844679715,0.4675145003179036,0
ISLL,20260904,8,3.9,0.07796381768318784,0.4675145003179036,0
ISLL,20260904,8,4.0,0.04816057761519827,0.4675145003179036,0
ISLL,20260904,8,4.1,0.23937974872118573,0.4675145003179036,0
ISLL,20260904,8,4.2,0.2976651958618457,0.4675145003179036,0
ISLL,20260904,8,4.3,0.22780362365763301,0.4675145003179036,0
ISLL,20260904,8,4.4,0.09836155265113673,0.4675145003179036,0
ISLL,20260904,8,4.5,0.3513665841255001,0.4675145003179036,0
ISLL,20260904,8,4.6,0.272787460987859,0.4675145003179036,0
ISLL,20260904,8,4.7,0.23747522781622052,0.4675145003179036,0
ISLL,20260904,8,4.8,0.5156419057027505,0.4675145003179036,1
ISLL,20260904,8,4.9,0.3593304045189589,0.4675145003179036,0
ISLL,20260904,8,5.0,0.22696791595961988,0.4675145003179036,0
ISLL,20260904,8,5.1,0.1654792900138837,0.4675145003179036,0
ISLL,20260904,8,5.2,0.029974572759972937,0.4675145003179036,0
ISLL,20260904,8,5.3,0.11938933289717422,0.4675145003179036,0
ISLL,20260904,8,5.4,0.17949693044249881,0.4675145003179036,0
ISLL,20260904,8,5.5,0.20997262547195147,0.4675145003179036,0
ISLL,20260904,8,5.6,0.08759767549681372,0.4675145003179036,0
ISLL,20260904,8,5.7,0.030228966988836984,0.4675145003179036,0
ISLL,20260904,8,5.8,0.16098357969332547,0.4675145003179036,0
ISLL,20260904,8,5.9,0.17755755790306402,0.4675145003179036,0
ISLL,20260904,8,6.0,0.0748505574435397,0.4675145003179036,0
ISLL,20260904,8,6.1,0.03690293057682863,0.4675145003179036,0
ISLL,20260904,8,6.2,0.12290314116347091,0.4675145003179036,0
ISLL,20260904,8,6.3,0.2380621761605829,0.4675145003179036,0
ISLL,20260904,8,6.4,0.2371555198591271,0.4675145003179036,0
ISLL,20260904,8,6.5,0.06148471495699068,0.4675145003179036,0
ISLL,20260904,8,6.6,0.266404750005132,0.4675145003179036,0
ISLL,20260904,8,6.7,0.1817652953561164,0.4675145003179036,0
ISLL,20260904,8,6.8,0.1494364556052373,0.4675145003179036,0
ISLL,20260904,8,6.9,0.09560811216466819,0.4675145003179036,0
ISLL,20260904,8,7.0,0.025338118206932825,0.4675145003179036,0
ISLL,20260904,8,7.1,0.08566154893283388,0.4675145003179036,0
ISLL,20260904,8,7.2,0.13902627987160207,0.4675145003179036,0
ISLL,20260904,8,7.3,0.03222863879649332,0.4675145003179036,0
ISLL,20260904,8,7.4,0.17200887977272294,0.4675145003179036,0
ISLL,20260904,8,7.5,0.28234880138253476,0.4675145003179036,0
ISLL,20260904,8,7.6,0.17920455110714598,0.4675145003179036,0
ISLL,20260904,8,7.7,0.03684254656925136,0.4675145003179036,0
ISLL,20260904,8,7.8,0.20147212192401268,0.4675145003179036,0
ISLL,20260904,8,7.9,0.43794241901643965,0.4675145003179036,0
ISLL,20260904,8,8.0,0.4453530618924852,0.4675145003179036,0
ISLL,20260904,8,8.1,0.44443445309940344,0.4675145003179036,0
ISLL,20260904,8,8.2,0.07798412407572503,0.4675145003179036,0
ISLL,20260904,8,8.3,0.1425526158420433,0.4675145003179036,0
ISLL,20260904,8,8.4,0.19088761072907967,0.4675145003179036,0
ISLL,20260904,8,8.5,0.2956216422751049,0.4675145003179036,0
ISLL,20260904,8,8.6,0.24248076294636894,0.4675145003179036,0
ISLL,20260904,8,8.7,0.08163473314617042,0.4675145003179036,0
ISLL,20260904,8,8.8,0.20052006409338435,0.4675145003179036,0
ISLL,20260904,8,8.9,0.026038357482018236,0.4675145003179036,0
ISLL,20260904,8,9.0,0.10071859373239594,0.4675145003179036,0
ISLL,20260904,8,9.1,0.10816097690276566,0.4675145003179036,0
ISLL,20260904,8,9.2,0.1643679492903663,0.4675145003179036,0
ISLL,20260904,8,9.3,0.06529896537003087,0.4675145003179036,0
ISLL,20260904,8,9.4,0.08446347853192802,0.4675145003179036,0
ISLL,20260904,8,9.5,0.15101100085367825,0.4675145003179036,0
ISLL,20260904,9,1.0,0.6047013809884353,0.4049790697872417,1
ISLL,20260904,9,1.1,0.6234658205519699,0.4049790697872417,1
ISLL,20260904,9,1.2,0.41212895611943867,0.4049790697872417,1
ISLL,20260904,9,1.3,0.154340525159558,0.4049790697872417,0
ISLL,20260904,9,1.4,0.46851382216027593,0.4049790697872417,1
ISLL,20260904,9,1.5,0.49293953269464436,0.4049790697872417,1
ISLL,20260904,9,1.6,0.49414643813766884,0.4049790697872417,1
ISLL,20260904,9,1.7,0.14116178832780366,0.4049790697872417,0
ISLL,20260904,9,1.8,0.25400075188758026,0.4049790697872417,0
ISLL,20260904,9,1.9,0.5939788733290042,0.4049790697872417,1
ISLL,20260904,9,2.0,0.6223279519387415,0.4049790697872417,1
ISLL,20260904,9,2.1,0.5907221257373519,0.4049790697872417,1
ISLL,20260904,9,2.2,0.28115050217184834,0.4049790697872417,0
ISLL,20260904,9,2.3,0.10075761911289094,0.4049790697872417,0
ISLL,20260904,9,2.4,0.409515828264224,0.4049790697872417,1
ISLL,20260904,9,2.5,0.32295048294744144,0.4049790697872417,0
ISLL,20260904,9,2.6,0.2666208809109946,0.4049790697872417,0
ISLL,20260904,9,2.7,0.27703790207108425,0.4049790697872417,0
ISLL,20260904,9,2.8,0.25749257907619433,0.4049790697872417,0
ISLL,20260904,9,2.9,0.37881262841309066,0.4049790697872417,0
ISLL,20260904,9,3.0,0.3867885380289888,0.4049790697872417,0
ISLL,20260904,9,3.1,0.22003930697926982,0.4049790697872417,0
ISLL,20260904,9,3.2,0.04467366397963104,0.4049790697872417,0
ISLL,20260904,9,3.3,0.031626422946628784,0.4049790697872417,0
ISLL,20260904,9,3.4,0.16314573157351436,0.4049790697872417,0
ISLL,20260904,9,3.5,0.23434347429405117,0.4049790697872417,0
ISLL,20260904,9,3.6,0.26090953319784793,0.4049790697872417,0
ISLL,20260904,9,3.7,0.11197141701920908,0.4049790697872417,0
ISLL,20260904,9,3.8,0.16391667943086968,0.4049790697872417,0
ISLL,20260904,9,3.9,0.13669492309328302,0.4049790697872417,0
ISLL,20260904,9,4.0,0.11384919006437666,0.4049790697872417,0
ISLL,20260904,9,4.1,0.3437621186924437,0.4049790697872417,0
ISLL,20260904,9,4.2,0.15890094759137174,0.4049790697872417,0
ISLL,20260904,9,4.3,0.19351624249582675,0.4049790697872417,0
ISLL,20260904,9,4.4,0.3831226404451994,0.4049790697872417,0
ISLL,20260904,9,4.5,0.31965583536788,0.4049790697872417,0
ISLL,20260904,9,4.6,0.21473090114451124,0.4049790697872417,0
ISLL,20260904,9,4.7,0.11113865813992828,0.4049790697872417,0
ISLL,20260904,9,4.8,0.2789459750561294,0.4049790697872417,0
ISLL,20260904,9,4.9,0.3762938107902571,0.4049790697872417,0
ISLL,20260904,9,5.0,0.4944713224508563,0.4049790697872417,1
ISLL,20260904,9,5.1,0.43555228915338107,0.4049790697872417,1
ISLL,20260904,9,5.2,0.42973675831325464,0.4049790697872417,1
ISLL,20260904,9,5.3,0.3189740006913759,0.4049790697872417,0
ISLL,20260904,9,5.4,0.24230494130881042,0.4049790697872417,0
ISLL,20260904,9,5.5,0.2516574756375581,0.4049790697872417,0
ISLL,20260904,9,5.6,0.23937873064110787,0.4049790697872417,0
ISLL,20260904,9,5.7,0.2748428221897658,0.4049790697872417,0
ISLL,20260904,9,5.8,0.1920129221898866,0.4049790697872417,0
ISLL,20260904,9,5.9,0.18237022709602174,0.4049790697872417,0
ISLL,20260904,9,6.0,0.23232517704989358,0.4049790697872417,0
ISLL,20260904,9,6.1,0.29160269659259075,0.4049790697872417,0
ISLL,20260904,9,6.2,0.22307778263556627,0.4049790697872417,0
ISLL,20260904,9,6.3,0.2909725599405232,0.4049790697872417,0
ISLL,20260904,9,6.4,0.2313691617240917,0.4049790697872417,0
ISLL,20260904,9,6.5,0.07046639044351571,0.4049790697872417,0
ISLL,20260904,9,6.6,0.20266081555931453,0.4049790697872417,0
ISLL,20260904,9,6.7,0.2784303888976144,0.4049790697872417,0
ISLL,20260904,9,6.8,0.25272382029781865,0.4049790697872417,0
ISLL,20260904,9,6.9,0.12872586927411242,0.4049790697872417,0
ISLL,20260904,9,7.0,0.1915227939674796,0.4049790697872417,0
ISLL,20260904,9,7.1,0.08467283529349708,0.4049790697872417,0
ISLL,20260904,9,7.2,0.10146541973819043,0.4049790697872417,0
ISLL,20260904,9,7.3,0.16704222718839332,0.4049790697872417,0
ISLL,20260904,9,7.4,0.30819946717189795,0.4049790697872417,0
ISLL,20260904,9,7.5,0.2169271110525366,0.4049790697872417,0
ISLL,20260904,9,7.6,0.19931036191416185,0.4049790697872417,0
ISLL,20260904,9,7.7,0.25721449283167924,0.4049790697872417,0
ISLL,20260904,9,7.8,0.09532249120540238,0.4049790697872417,0
ISLL,20260904,9,7.9,0.12431420401126825,0.4049790697872417,0
ISLL,20260904,9,8.0,0.1424933792673812,0.4049790697872417,0
ISLL,20260904,9,8.1,0.19892557108573394,0.4049790697872417,0
ISLL,20260904,9,8.2,0.2878148267289936,0.4049790697872417,0
ISLL,20260904,9,8.3,0.08574390527164957,0.4049790697872417,0
ISLL,20260904,9,8.4,0.022726211826212747,0.4049790697872417,0
ISLL,20260904,9,8.5,0.08798605702552492,0.4049790697872417,0
ISLL,20260904,9,8.6,0.1296453735895973,0.4049790697872417,0
ISLL,20260904,9,8.7,0.30632803844173173,0.4049790697872417,0
ISLL,20260904,9,8.8,0.3981493214713788,0.4049790697872417,0
ISLL,20260904,9,8.9,0.2575446600084114,0.4049790697872417,0
ISLL,20260904,9,9.0,0.21256023632286358,0.4049790697872417,0
ISLL,20260904,9,9.1,0.24664515079215021,0.4049790697872417,0
ISLL,20260904,9,9.2,0.08380110140673476,0.4049790697872417,0
ISLL,20260904,9,9.3,0.07221797721466659,0.4049790697872417,0
ISLL,20260904,9,9.4,0.24572271255227343,0.4049790697872417,0
ISLL,20260904,9,9.5,0.2538604398769747,0.4049790697872417,0
ISLL,20260904,10,1.0,0.6141653466060516,0.35271770910257305,1
ISLL,20260904,10,1.1,0.5842437115238348,0.35271770910257305,1
ISLL,20260904,10,1.2,0.18461519264557646,0.35271770910257305,0
ISLL,20260904,10,1.3,0.17810798554689233,0.35271770910257305,0
ISLL,20260904,10,1.4,0.48236652130609153,0.35271770910257305,1
ISLL,20260904,10,1.5,0.5740373892767395,0.35271770910257305,1
ISLL,20260904,10,1.6,0.5739724984543899,0.35271770910257305,1
ISLL,20260904,10,1.7,0.34374381643132634,0.35271770910257305,0
ISLL,20260904,10,1.8,0.49020226990705024,0.35271770910257305,1
ISLL,20260904,10,1.9,0.4699839988776294,0.35271770910257305,1
ISLL,20260904,10,2.0,0.4673937408761379,0.35271770910257305,1
ISLL,20260904,10,2.1,0.449193000064204,0.35271770910257305,1
ISLL,20260904,10,2.2,0.2987797747639816,0.35271770910257305,0
ISLL,20260904,10,2.3,0.28340226901861665,0.35271770910257305,0
ISLL,20260904,10,2.4,0.5500128589293586,0.35271770910257305,1
ISLL,20260904,10,2.5,0.4656300745585161,0.35271770910257305,1
ISLL,20260904,10,2.6,0.3389991138903601,0.35271770910257305,0
ISLL,20260904,10,2.7,0.16436597269197065,0.35271770910257305,0
ISLL,20260904,10,2.8,0.15439832354458133,0.35271770910257305,0
ISLL,20260904,10,2.9,0.2159262634407235,0.35271770910257305,0
ISLL,20260904,10,3.0,0.29211048737649786,0.35271770910257305,0
ISLL,20260904,10,3.1,0.36945274128847333,0.35271770910257305,1
ISLL,20260904,10,3.2,0.3395689937139202,0.35271770910257305,0
ISLL,20260904,10,3.3,0.1807635444233936,0.35271770910257305,0
ISLL,20260904,10,3.4,0.19224259927390885,0.35271770910257305,0
ISLL,20260904,10,3.5,0.16799687352416673,0.35271770910257305,0
ISLL,20260904,10,3.6,0.20349396024790456,0.35271770910257305,0
ISLL,20260904,10,3.7,0.10488035593340213,0.35271770910257305,0
ISLL,20260904,10,3.8,0.18336485530412755,0.35271770910257305,0
ISLL,20260904,10,3.9,0.29782138050409945,0.35271770910257305,0
ISLL,20260904,10,4.0,0.3097482750291074,0.35271770910257305,0
ISLL,20260904,10,4.1,0.2767492271695468,0.35271770910257305,0
ISLL,20260904,10,4.2,0.12681829080270168,0.35271770910257305,0
ISLL,20260904,10,4.3,0.013887341770653268,0.35271770910257305,0
ISLL,20260904,10,4.4,0.0831046259651697,0.35271770910257305,0
ISLL,20260904,10,4.5,0.0692409799552752,0.35271770910257305,0
ISLL,20260904,10,4.6,0.11388782248376156,0.35271770910257305,0
ISLL,20260904,10,4.7,0.019708828501280595,0.35271770910257305,0
ISLL,20260904,10,4.8,0.17036192132828507,0.35271770910257305,0
ISLL,20260904,10,4.9,0.37506662007964975,0.35271770910257305,1
ISLL,20260904,10,5.0,0.4061097059064891,0.35271770910257305,1
ISLL,20260904,10,5.1,0.29563726700925347,0.35271770910257305,0
ISLL,20260904,10,5.2,0.18967705085122646,0.35271770910257305,0
ISLL,20260904,10,5.3,0.1058970319735078,0.35271770910257305,0
ISLL,20260904,10,5.4,0.1447590144961489,0.35271770910257305,0
ISLL,20260904,10,5.5,0.07593205667396476,0.35271770910257305,0
ISLL,20260904,10,5.6,0.324090219621517,0.35271770910257305,0
ISLL,20260904,10,5.7,0.3213675835550814,0.35271770910257305,0
ISLL,20260904,10,5.8,0.3355307984386601,0.35271770910257305,0
ISLL,20260904,10,5.9,0.24564625468496698,0.35271770910257305,0
ISLL,20260904,10,6.0,0.06424240957190999,0.35271770910257305,0
ISLL,20260904,10,6.1,0.10789217454535209,0.35271770910257305,0
ISLL,20260904,10,6.2,0.1556606166531672,0.35271770910257305,0
ISLL,20260904,10,6.3,0.16805217462046734,0.35271770910257305,0
ISLL,20260904,10,6.4,0.16372131906903248,0.35271770910257305,0
ISLL,20260904,10,6.5,0.12576602817379162,0.35271770910257305,0
ISLL,20260904,10,6.6,0.27426547089348957,0.35271770910257305,0
ISLL,20260904,10,6.7,0.24047340997225616,0.35271770910257305,0
ISLL,20260904,10,6.8,0.20191794281647335,0.35271770910257305,0
ISLL,20260904,10,6.9,0.21548291585750987,0.35271770910257305,0
ISLL,20260904,10,7.0,0.16304130270122932,0.35271770910257305,0
ISLL,20260904,10,7.1,0.06761370647014267,0.35271770910257305,0
ISLL,20260904,10,7.2,0.12340807714321722,0.35271770910257305,0
ISLL,20260904,10,7.3,0.01400843561061412,0.35271770910257305,0
ISLL,20260904,10,7.4,0.18372588030119566,0.35271770910257305,0
ISLL,20260904,10,7.5,0.24742482020036444,0.35271770910257305,0
ISLL,20260904,10,7.6,0.17775202773344648,0.35271770910257305,0
ISLL,20260904,10,7.7,0.12490326330372452,0.35271770910257305,0
ISLL,20260904,10,7.8,0.155240623390646,0.35271770910257305,0
ISLL,20260904,10,7.9,0.21896267310889891,0.35271770910257305,0
ISLL,20260904,10,8.0,0.23687584168541517,0.35271770910257305,0
ISLL,20260904,10,8.1,0.132752543100844,0.35271770910257305,0
ISLL,20260904,10,8.2,0.15871602324637968,0.35271770910257305,0
ISLL,20260904,10,8.3,0.07941499047966771,0.35271770910257305,0
ISLL,20260904,10,8.4,0.19246190236306784,0.35271770910257305,0
ISLL,20260904,10,8.5,0.2500696238491226,0.35271770910257305,0
ISLL,20260904,10,8.6,0.31805275114175835,0.35271770910257305,0
ISLL,20260904,10,8.7,0.2053591141387259,0.35271770910257305,0
ISLL,20260904,10,8.8,0.20155107739716244,0.35271770910257305,0
ISLL,20260904,10,8.9,0.23904398312190522,0.35271770910257305,0
ISLL,20260904,10,9.0,0.1839333209827251,0.35271770910257305,0
ISLL,20260904,10,9.1,0.152051157601324,0.35271770910257305,0
ISLL,20260904,10,9.2,0.19426037722021847,0.35271770910257305,0
ISLL,20260904,10,9.3,0.23593749889877028,0.35271770910257305,0
ISLL,20260904,10,9.4,0.21937988526545937,0.35271770910257305,0
ISLL,20260904,10,9.5,0.16326615298948485,0.35271770910257305,0
ISLL,20260904,11,1.0,0.5903881376599331,0.37521093146313866,1
ISLL,20260904,11,1.1,0.6412781134590568,0.37521093146313866,1
ISLL,20260904,11,1.2,0.1935579567008827,0.37521093146313866,0
ISLL,20260904,11,1.3,0.29154268910596914,0.37521093146313866,0
ISLL,20260904,11,1.4,0.5926136671833013,0.37521093146313866,1
ISLL,20260904,11,1.5,0.657282493966684,0.37521093146313866,1
ISLL,20260904,11,1.6,0.6899164038934521,0.37521093146313866,1
ISLL,20260904,11,1.7,0.4464178610568656,0.37521093146313866,1
ISLL,20260904,11,1.8,0.20992978601578335,0.37521093146313866,0
ISLL,20260904,11,1.9,0.36007213141780475,0.37521093146313866,0
ISLL,20260904,11,2.0,0.2386803476264095,0.37521093146313866,0
ISLL,20260904,11,2.1,0.294331073153592,0.37521093146313866,0
ISLL,20260904,11,2.2,0.0954379177250533,0.37521093146313866,0
ISLL,20260904,11,2.3,0.1964938198840449,0.37521093146313866,0
ISLL,20260904,11,2.4,0.30560692793272864,0.37521093146313866,0
ISLL,20260904,11,2.5,0.32005199842160403,0.37521093146313866,0
ISLL,20260904,11,2.6,0.2559713615048535,0.37521093146313866,0
ISLL,20260904,11,2.7,0.1464324772810045,0.37521093146313866,0
ISLL,20260904,11,2.8,0.20508780102615523,0.37521093146313866,0
ISLL,20260904,11,2.9,0.20740381449884918,0.37521093146313866,0
ISLL,20260904,11,3.0,0.22723500806664498,0.37521093146313866,0
ISLL,20260904,11,3.1,0.11687545126695009,0.37521093146313866,0
ISLL,20260904,11,3.2,0.12345350856218541,0.37521093146313866,0
ISLL,20260904,11,3.3,0.27920904891625026,0.37521093146313866,0
ISLL,20260904,11,3.4,0.11027099894102294,0.37521093146313866,0
ISLL,20260904,11,3.5,0.1743624828750885,0.37521093146313866,0
ISLL,20260904,11,3.6,0.1803979969727059,0.37521093146313866,0
ISLL,20260904,11,3.7,0.20311703551330734,0.37521093146313866,0
ISLL,20260904,11,3.8,0.29603313196693753,0.37521093146313866,0
ISLL,20260904,11,3.9,0.26536581165141127,0.37521093146313866,0
ISLL,20260904,11,4.0,0.1317530893485132,0.37521093146313866,0
ISLL,20260904,11,4.1,0.17103014491773574,0.37521093146313866,0
ISLL,20260904,11,4.2,0.18852906335474579,0.37521093146313866,0
ISLL,20260904,11,4.3,0.08683069469390231,0.37521093146313866,0
ISLL,20260904,11,4.4,0.22980317892710092,0.37521093146313866,0
ISLL,20260904,11,4.5,0.31428639988240353,0.37521093146313866,0
ISLL,20260904,11,4.6,0.3966737287666678,0.37521093146313866,1
ISLL,20260904,11,4.7,0.3945834275517714,0.37521093146313866,1
ISLL,20260904,11,4.8,0.31235503916740537,0.37521093146313866,0
ISLL,20260904,11,4.9,0.22207277251107177,0.37521093146313866,0
ISLL,20260904,11,5.0,0.18861369619159715,0.37521093146313866,0
ISLL,20260904,11,5.1,0.1845536790302877,0.37521093146313866,0
ISLL,20260904,11,5.2,0.3543431590944996,0.37521093146313866,0
ISLL,20260904,11,5.3,0.26967909796096756,0.37521093146313866,0
ISLL,20260904,11,5.4,0.150749908257386,0.37521093146313866,0
ISLL,20260904,11,5.5,0.17995813213499331,0.37521093146313866,0
ISLL,20260904,11,5.6,0.08322120701802253,0.37521093146313866,0
ISLL,20260904,11,5.7,0.19123448059971906,0.37521093146313866,0
ISLL,20260904,11,5.8,0.19829505168847592,0.37521093146313866,0
ISLL,20260904,11,5.9,0.08981609174721644,0.37521093146313866,0
ISLL,20260904,11,6.0,0.06634524881274874,0.37521093146313866,0
ISLL,20260904,11,6.1,0.1637549233484392,0.37521093146313866,0
ISLL,20260904,11,6.2,0.19450797772381528,0.37521093146313866,0
ISLL,20260904,11,6.3,0.16761054934646705,0.37521093146313866,0
ISLL,20260904,11,6.4,0.1509011900296461,0.37521093146313866,0
ISLL,20260904,11,6.5,0.09219300197140934,0.37521093146313866,0
ISLL,20260904,11,6.6,0.24772981911578987,0.37521093146313866,0
ISLL,20260904,11,6.7,0.36014808505810925,0.37521093146313866,0
ISLL,20260904,11,6.8,0.3413570977791285,0.37521093146313866,0
ISLL,20260904,11,6.9,0.4171206721141824,0.37521093146313866,1
ISLL,20260904,11,7.0,0.27752123238676973,0.37521093146313866,0
ISLL,20260904,11,7.1,0.1299980825164202,0.37521093146313866,0
ISLL,20260904,11,7.2,0.05037993682425548,0.37521093146313866,0
ISLL,20260904,11,7.3,0.0509762993394312,0.37521093146313866,0
ISLL,20260904,11,7.4,0.1890749176632087,0.37521093146313866,0
ISLL,20260904,11,7.5,0.13138650614916925,0.37521093146313866,0
ISLL,20260904,11,7.6,0.09535465243708412,0.37521093146313866,0
ISLL,20260904,11,7.7,0.17719005052451967,0.37521093146313866,0
ISLL,20260904,11,7.8,0.1384623867447839,0.37521093146313866,0
ISLL,20260904,11,7.9,0.27280085947647464,0.37521093146313866,0
ISLL,20260904,11,8.0,0.2203767612989984,0.37521093146313866,0
ISLL,20260904,11,8.1,0.351614476313122,0.37521093146313866,0
ISLL,20260904,11,8.2,0.3871835588204357,0.37521093146313866,1
ISLL,20260904,11,8.3,0.3001633122621959,0.37521093146313866,0
ISLL,20260904,11,8.4,0.2681115511630578,0.37521093146313866,0
ISLL,20260904,11,8.5,0.4422808511574383,0.37521093146313866,1
ISLL,20260904,11,8.6,0.4076650983340543,0.37521093146313866,1
ISLL,20260904,11,8.7,0.34925818914614676,0.37521093146313866,0
ISLL,20260904,11,8.8,0.3461548698276809,0.37521093146313866,0
ISLL,20260904,11,8.9,0.40642644798686395,0.37521093146313866,1
ISLL,20260904,11,9.0,0.19845227324316647,0.37521093146313866,0
ISLL,20260904,11,9.1,0.11445218001465314,0.37521093146313866,0
ISLL,20260904,11,9.2,0.15262746515989553,0.37521093146313866,0
ISLL,20260904,11,9.3,0.11608021274354892,0.37521093146313866,0
ISLL,20260904,11,9.4,0.2804128541773498,0.37521093146313866,0
ISLL,20260904,11,9.5,0.2711999787014867,0.37521093146313866,0
ISLL,20260904,12,1.0,0.4935144309651539,0.3216552091431065,1
ISLL,20260904,12,1.1,0.48217133852442523,0.3216552091431065,1
ISLL,20260904,12,1.2,0.2897861848121135,0.3216552091431065,0
ISLL,20260904,12,1.3,0.1932904431230835,0.3216552091431065,0
ISLL,20260904,12,1.4,0.4220519432364465,0.3216552091431065,1
ISLL,20260904,12,1.5,0.4981261971405466,0.3216552091431065,1
ISLL,20260904,12,1.6,0.5370269092304931,0.3216552091431065,1
ISLL,20260904,12,1.7,0.23594976081788982,0.3216552091431065,0
ISLL,20260904,12,1.8,0.2902205765877374,0.3216552091431065,0
ISLL,20260904,12,1.9,0.5180635226281111,0.3216552091431065,1
ISLL,20260904,12,2.0,0.5665229151814909,0.3216552091431065,1
ISLL,20260904,12,2.1,0.5691345406730421,0.3216552091431065,1
ISLL,20260904,12,2.2,0.33859909026153046,0.3216552091431065,1
ISLL,20260904,12,2.3,0.2987169035850685,0.3216552091431065,0
ISLL,20260904,12,2.4,0.40049920669076866,0.3216552091431065,1
ISLL,20260904,12,2.5,0.23404314216767172,0.3216552091431065,0
ISLL,20260904,12,2.6,0.2057048173151212,0.3216552091431065,0
ISLL,20260904,12,2.7,0.10615475401490383,0.3216552091431065,0
ISLL,20260904,12,2.8,0.13744395167851264,0.3216552091431065,0
ISLL,20260904,12,2.9,0.414646413989249,0.3216552091431065,1
ISLL,20260904,12,3.0,0.47308557923027234,0.3216552091431065,1
ISLL,20260904,12,3.1,0.47325763014591865,0.3216552091431065,1
ISLL,20260904,12,3.2,0.18818345050820323,0.3216552091431065,0
ISLL,20260904,12,3.3,0.06931720493969144,0.3216552091431065,0
ISLL,20260904,12,3.4,0.18401941846915373,0.3216552091431065,0
ISLL,20260904,12,3.5,0.12392897470015295,0.3216552091431065,0
ISLL,20260904,12,3.6,0.3294244324233475,0.3216552091431065,1
ISLL,20260904,12,3.7,0.21937437741941937,0.3216552091431065,0
ISLL,20260904,12,3.8,0.12173869961288528,0.3216552091431065,0
ISLL,20260904,12,3.9,0.2587298753595654,0.3216552091431065,0
ISLL,20260904,12,4.0,0.10129364681098628,0.3216552091431065,0
ISLL,20260904,12,4.1,0.25704928959314005,0.3216552091431065,0
ISLL,20260904,12,4.2,0.11373927537602992,0.3216552091431065,0
ISLL,20260904,12,4.3,0.14563982521507748,0.3216552091431065,0
ISLL,20260904,12,4.4,0.13338671658039972,0.3216552091431065,0
ISLL,20260904,12,4.5,0.18136113090824027,0.3216552091431065,0
ISLL,20260904,12,4.6,0.14143675495586158,0.3216552091431065,0
ISLL,20260904,12,4.7,0.24224655365043743,0.3216552091431065,0
ISLL,20260904,12,4.8,0.1776551417865275,0.3216552091431065,0
ISLL,20260904,12,4.9,0.21832850466705991,0.3216552091431065,0
ISLL,20260904,12,5.0,0.1555670011224758,0.3216552091431065,0
ISLL,20260904,12,5.1,0.19197089905149692,0.3216552091431065,0
ISLL,20260904,12,5.2,0.052740457795404296,0.3216552091431065,0
ISLL,20260904,12,5.3,0.1495319109387273,0.3216552091431065,0
ISLL,20260904,12,5.4,0.2809734883094251,0.3216552091431065,0
ISLL,20260904,12,5.5,0.31989009079340086,0.3216552091431065,0
ISLL,20260904,12,5.6,0.14789468426502575,0.3216552091431065,0
ISLL,20260904,12,5.7,0.1549860948549839,0.3216552091431065,0
ISLL,20260904,12,5.8,0.20656914077045876,0.3216552091431065,0
ISLL,20260904,12,5.9,0.16892333782508592,0.3216552091431065,0
ISLL,20260904,12,6.0,0.1088575023319804,0.3216552091431065,0
ISLL,20260904,12,6.1,0.11770610256669237,0.3216552091431065,0
ISLL,20260904,12,6.2,0.1882994350012543,0.3216552091431065,0
ISLL,20260904,12,6.3,0.12133041950819447,0.3216552091431065,0
ISLL,20260904,12,6.4,0.011435274521213382,0.3216552091431065,0
ISLL,20260904,12,6.5,0.059232745562680995,0.3216552091431065,0
ISLL,20260904,12,6.6,0.2365050078948781,0.3216552091431065,0
ISLL,20260904,12,6.7,0.35303181002542855,0.3216552091431065,1
ISLL,20260904,12,6.8,0.24164493305097723,0.3216552091431065,0
ISLL,20260904,12,6.9,0.1735309574949225,0.3216552091431065,0
ISLL,20260904,12,7.0,0.18018580385008037,0.3216552091431065,0
ISLL,20260904,12,7.1,0.13111415354570607,0.3216552091431065,0
ISLL,20260904,12,7.2,0.12957695478341708,0.3216552091431065,0
ISLL,20260904,12,7.3,0.1546522153228798,0.3216552091431065,0
ISLL,20260904,12,7.4,0.28391845051279624,0.3216552091431065,0
ISLL,20260904,12,7.5,0.1563359643677554,0.3216552091431065,0
ISLL,20260904,12,7.6,0.23278273596997476,0.3216552091431065,0
ISLL,20260904,12,7.7,0.09586836133972886,0.3216552091431065,0
ISLL,20260904,12,7.8,0.2133216959019255,0.3216552091431065,0
ISLL,20260904,12,7.9,0.13144952740095844,0.3216552091431065,0
ISLL,20260904,12,8.0,0.27039997635779156,0.3216552091431065,0
ISLL,20260904,12,8.1,0.17135073694022285,0.3216552091431065,0
ISLL,20260904,12,8.2,0.05219766099075428,0.3216552091431065,0
ISLL,20260904,12,8.3,0.1060565864141321,0.3216552091431065,0
ISLL,20260904,12,8.4,0.1023786735463898,0.3216552091431065,0
ISLL,20260904,12,8.5,0.1508497658494094,0.3216552091431065,0
ISLL,20260904,12,8.6,0.30703733729128674,0.3216552091431065,0
ISLL,20260904,12,8.7,0.20585228818937706,0.3216552091431065,0
ISLL,20260904,12,8.8,0.12746121160744842,0.3216552091431065,0
ISLL,20260904,12,8.9,0.17681461816236643,0.3216552091431065,0
ISLL,20260904,12,9.0,0.23168872529438006,0.3216552091431065,0
ISLL,20260904,12,9.1,0.266152286416649,0.3216552091431065,0
ISLL,20260904,12,9.2,0.0822910753435066,0.3216552091431065,0
ISLL,20260904,12,9.3,0.10128650976112494,0.3216552091431065,0
ISLL,20260904,12,9.4,0.20915915603212137,0.3216552091431065,0
ISLL,20260904,12,9.5,0.04570699578875148,0.3216552091431065,0
ISLL,20260904,13,1.0,0.6826787843673476,0.42908315484916787,1
ISLL,20260904,13,1.1,0.7524384419980205,0.42908315484916787,1
ISLL,20260904,13,1.2,0.52216219137489,0.42908315484916787,1
ISLL,20260904,13,1.3,0.4472920498138172,0.42908315484916787,1
ISLL,20260904,13,1.4,0.7911037040746645,0.42908315484916787,1
ISLL,20260904,13,1.5,0.7757454467456336,0.42908315484916787,1
ISLL,20260904,13,1.6,0.7587759109462444,0.42908315484916787,1
ISLL,20260904,13,1.7,0.4330194900195819,0.42908315484916787,1
ISLL,20260904,13,1.8,0.4941193189863088,0.42908315484916787,1
ISLL,20260904,13,1.9,0.6011392119869451,0.42908315484916787,1
ISLL,20260904,13,2.0,0.5935600321916401,0.42908315484916787,1
ISLL,20260904,13,2.1,0.6545615466073467,0.42908315484916787,1
ISLL,20260904,13,2.2,0.21220498734496512,0.42908315484916787,0
ISLL,20260904,13,2.3,0.006787720605327951,0.42908315484916787,0
ISLL,20260904,13,2.4,0.11192687596622064,0.42908315484916787,0
ISLL,20260904,13,2.5,0.18261442121891885,0.42908315484916787,0
ISLL,20260904,13,2.6,0.257302982805948,0.42908315484916787,0
ISLL,20260904,13,2.7,0.13934615483808974,0.42908315484916787,0
ISLL,20260904,13,2.8,0.26623535446195556,0.42908315484916787,0
ISLL,20260904,13,2.9,0.32140640234729656,0.42908315484916787,0
ISLL,20260904,13,3.0,0.28550134774781105,0.42908315484916787,0
ISLL,20260904,13,3.1,0.2695856742333858,0.42908315484916787,0
ISLL,20260904,13,3.2,0.15802117497839635,0.42908315484916787,0
ISLL,20260904,13,3.3,0.2863752619085919,0.42908315484916787,0
ISLL,20260904,13,3.4,0.41005151233320847,0.42908315484916787,0
ISLL,20260904,13,3.5,0.36751661337722547,0.42908315484916787,0
ISLL,20260904,13,3.6,0.37914955933217775,0.42908315484916787,0
ISLL,20260904,13,3.7,0.42567154480980723,0.42908315484916787,0
ISLL,20260904,13,3.8,0.509402057271455,0.42908315484916787,1
ISLL,20260904,13,3.9,0.41099377384583335,0.42908315484916787,0
ISLL,20260904,13,4.0,0.35236617740763493,0.42908315484916787,0
ISLL,20260904,13,4.1,0.32132571712938135,0.42908315484916787,0
ISLL,20260904,13,4.2,0.29057738543848294,0.42908315484916787,0
ISLL,20260904,13,4.3,0.3342615171016797,0.42908315484916787,0
ISLL,20260904,13,4.4,0.2969995364003328,0.42908315484916787,0
ISLL,20260904,13,4.5,0.20961537339355135,0.42908315484916787,0
ISLL,20260904,13,4.6,0.14073297585272465,0.42908315484916787,0
ISLL,20260904,13,4.7,0.2051831182333865,0.42908315484916787,0
ISLL,20260904,13,4.8,0.3182110201768928,0.42908315484916787,0
ISLL,20260904,13,4.9,0.38042148421072797,0.42908315484916787,0
ISLL,20260904,13,5.0,0.3035372342195246,0.42908315484916787,0
ISLL,20260904,13,5.1,0.1730990792283787,0.42908315484916787,0
ISLL,20260904,13,5.2,0.17435482203462796,0.42908315484916787,0
ISLL,20260904,13,5.3,0.28708952968989687,0.42908315484916787,0
ISLL,20260904,13,5.4,0.31131279366927206,0.42908315484916787,0
ISLL,20260904,13,5.5,0.23273110435319955,0.42908315484916787,0
ISLL,20260904,13,5.6,0.1497258916952644,0.42908315484916787,0
ISLL,20260904,13,5.7,0.05027172321223143,0.42908315484916787,0
ISLL,20260904,13,5.8,0.15624030800872218,0.42908315484916787,0
ISLL,20260904,13,5.9,0.2842305123981951,0.42908315484916787,0
ISLL,20260904,13,6.0,0.13852536093544274,0.42908315484916787,0
ISLL,20260904,13,6.1,0.09195121226597963,0.42908315484916787,0
ISLL,20260904,13,6.2,0.24777901925379864,0.42908315484916787,0
ISLL,20260904,13,6.3,0.25367965661855607,0.42908315484916787,0
ISLL,20260904,13,6.4,0.28166419077363497,0.42908315484916787,0
ISLL,20260904,13,6.5,0.12589680308903672,0.42908315484916787,0
ISLL,20260904,13,6.6,0.14014041058370558,0.42908315484916787,0
ISLL,20260904,13,6.7,0.18878376721341097,0.42908315484916787,0
ISLL,20260904,13,6.8,0.24504847303370844,0.42908315484916787,0
ISLL,20260904,13,6.9,0.24383606833882468,0.42908315484916787,0
ISLL,20260904,13,7.0,0.27490146706543955,0.42908315484916787,0
ISLL,20260904,13,7.1,0.25762463537938085,0.42908315484916787,0
ISLL,20260904,13,7.2,0.0826213208185884,0.42908315484916787,0
ISLL,20260904,13,7.3,0.16677849548281945,0.42908315484916787,0
ISLL,20260904,13,7.4,0.19760318682931544,0.42908315484916787,0
ISLL,20260904,13,7.5,0.28459834307844756,0.42908315484916787,0
ISLL,20260904,13,7.6,0.09384052561327604,0.42908315484916787,0
ISLL,20260904,13,7.7,0.06473737331572273,0.42908315484916787,0
ISLL,20260904,13,7.8,0.2181701097900074,0.42908315484916787,0
ISLL,20260904,13,7.9,0.2579302771423697,0.42908315484916787,0
ISLL,20260904,13,8.0,0.17109681019925518,0.42908315484916787,0
ISLL,20260904,13,8.1,0.07397570471030103,0.42908315484916787,0
ISLL,20260904,13,8.2,0.26554825936343096,0.42908315484916787,0
ISLL,20260904,13,8.3,0.24050787567202533,0.42908315484916787,0
ISLL,20260904,13,8.4,0.1481611052015254,0.42908315484916787,0
ISLL,20260904,13,8.5,0.20688192783250758,0.42908315484916787,0
ISLL,20260904,13,8.6,0.2170905462866793,0.42908315484916787,0
ISLL,20260904,13,8.7,0.04943296315857773,0.42908315484916787,0
ISLL,20260904,13,8.8,0.10878320551231525,0.42908315484916787,0
ISLL,20260904,13,8.9,0.33723270373200026,0.42908315484916787,0
ISLL,20260904,13,9.0,0.29427795715354776,0.42908315484916787,0
ISLL,20260904,13,9.1,0.1676320784272529,0.42908315484916787,0
ISLL,20260904,13,9.2,0.2031365894413658,0.42908315484916787,0
ISLL,20260904,13,9.3,0.16593249300973262,0.42908315484916787,0
ISLL,20260904,13,9.4,0.16975872586033533,0.42908315484916787,0
ISLL,20260904,13,9.5,0.1092961319397412,0.42908315484916787,0
ISLL,20260904,23,1.0,0.6466284063139918,0.3722581789755186,1
ISLL,20260904,23,1.1,0.49826386327210853,0.3722581789755186,1
ISLL,20260904,23,1.2,0.17527935171035178,0.3722581789755186,0
ISLL,20260904,23,1.3,0.12429149244617486,0.3722581789755186,0
ISLL,20260904,23,1.4,0.5136670556053153,0.3722581789755186,1
ISLL,20260904,23,1.5,0.6035833111015538,0.3722581789755186,1
ISLL,20260904,23,1.6,0.6557876862168606,0.3722581789755186,1
ISLL,20260904,23,1.7,0.35835316441299614,0.3722581789755186,0
ISLL,20260904,23,1.8,0.3677491602158624,0.3722581789755186,0
ISLL,20260904,23,1.9,0.4871998921288639,0.3722581789755186,1
ISLL,20260904,23,2.0,0.49995249793799146,0.3722581789755186,1
ISLL,20260904,23,2.1,0.43661760772173114,0.3722581789755186,1
ISLL,20260904,23,2.2,0.10740510944793756,0.3722581789755186,0
ISLL,20260904,23,2.3,0.3206410727782846,0.3722581789755186,0
ISLL,20260904,23,2.4,0.040474126111203816,0.3722581789755186,0
ISLL,20260904,23,2.5,0.10625923673283537,0.3722581789755186,0
ISLL,20260904,23,2.6,0.145535550513361,0.3722581789755186,0
ISLL,20260904,23,2.7,0.13958663319677564,0.3722581789755186,0
ISLL,20260904,23,2.8,0.15864785490483826,0.3722581789755186,0
ISLL,20260904,23,2.9,0.24585409035339648,0.3722581789755186,0
ISLL,20260904,23,3.0,0.28926037802803084,0.3722581789755186,0
ISLL,20260904,23,3.1,0.26907127890725374,0.3722581789755186,0
ISLL,20260904,23,3.2,0.13503935883771878,0.3722581789755186,0
ISLL,20260904,23,3.3,0.18972560831013827,0.3722581789755186,0
ISLL,20260904,23,3.4,0.21530001990513892,0.3722581789755186,0
ISLL,20260904,23,3.5,0.09135663771932538,0.3722581789755186,0
ISLL,20260904,23,3.6,0.19776349606641963,0.3722581789755186,0
ISLL,20260904,23,3.7,0.20080561272688557,0.3722581789755186,0
ISLL,20260904,23,3.8,0.3899794780756164,0.3722581789755186,1
ISLL,20260904,23,3.9,0.40968639324693523,0.3722581789755186,1
ISLL,20260904,23,4.0,0.18746087924765076,0.3722581789755186,0
ISLL,20260904,23,4.1,0.06846171279593033,0.3722581789755186,0
ISLL,20260904,23,4.2,0.12993552304439598,0.3722581789755186,0
ISLL,20260904,23,4.3,0.18590730642324754,0.3722581789755186,0
ISLL,20260904,23,4.4,0.17439509752527838,0.3722581789755186,0
ISLL,20260904,23,4.5,0.3278134573050794,0.3722581789755186,0
ISLL,20260904,23,4.6,0.2024049599760636,0.3722581789755186,0
ISLL,20260904,23,4.7,0.4018218714154317,0.3722581789755186,1
ISLL,20260904,23,4.8,0.5368577225430975,0.3722581789755186,1
ISLL,20260904,23,4.9,0.5067779965429758,0.3722581789755186,1
ISLL,20260904,23,5.0,0.38818302869165067,0.3722581789755186,1
ISLL,20260904,23,5.1,0.33139555997385933,0.3722581789755186,0
ISLL,20260904,23,5.2,0.31723537865665113,0.3722581789755186,0
ISLL,20260904,23,5.3,0.21274726955594953,0.3722581789755186,0
ISLL,20260904,23,5.4,0.11807358635629249,0.3722581789755186,0
ISLL,20260904,23,5.5,0.18398620956430062,0.3722581789755186,0
ISLL,20260904,23,5.6,0.3196241247384255,0.3722581789755186,0
ISLL,20260904,23,5.7,0.44100619246609596,0.3722581789755186,1
ISLL,20260904,23,5.8,0.348296818489416,0.3722581789755186,0
ISLL,20260904,23,5.9,0.29028969268857635,0.3722581789755186,0
ISLL,20260904,23,6.0,0.1720385388339112,0.3722581789755186,0
ISLL,20260904,23,6.1,0.21155291419813158,0.3722581789755186,0
ISLL,20260904,23,6.2,0.1526851663879869,0.3722581789755186,0
ISLL,20260904,23,6.3,0.3069841442989641,0.3722581789755186,0
ISLL,20260904,23,6.4,0.061328639252093906,0.3722581789755186,0
ISLL,20260904,23,6.5,0.12431213861060768,0.3722581789755186,0
ISLL,20260904,23,6.6,0.2373969528036401,0.3722581789755186,0
ISLL,20260904,23,6.7,0.07474713807496544,0.3722581789755186,0
ISLL,20260904,23,6.8,0.07878144578401275,0.3722581789755186,0
ISLL,20260904,23,6.9,0.10552153937668012,0.3722581789755186,0
ISLL,20260904,23,7.0,0.016353873086047178,0.3722581789755186,0
ISLL,20260904,23,7.1,0.2732000422998011,0.3722581789755186,0
ISLL,20260904,23,7.2,0.23973962171117522,0.3722581789755186,0
ISLL,20260904,23,7.3,0.25273109348028755,0.3722581789755186,0
ISLL,20260904,23,7.4,0.15329246537044178,0.3722581789755186,0
ISLL,20260904,23,7.5,0.1029425247353112,0.3722581789755186,0
ISLL,20260904,23,7.6,0.04942902476101322,0.3722581789755186,0
ISLL,20260904,23,7.7,0.0336891102759626,0.3722581789755186,0
ISLL,20260904,23,7.8,0.12675818650895349,0.3722581789755186,0
ISLL,20260904,23,7.9,0.13703539453331137,0.3722581789755186,0
ISLL,20260904,23,8.0,0.1247970915819113,0.3722581789755186,0
ISLL,20260904,23,8.1,0.12135956898882234,0.3722581789755186,0
ISLL,20260904,23,8.2,0.20704182562944,0.3722581789755186,0
ISLL,20260904,23,8.3,0.275149038037897,0.3722581789755186,0
ISLL,20260904,23,8.4,0.22158196142076447,0.3722581789755186,0
ISLL,20260904,23,8.5,0.20596336991146633,0.3722581789755186,0
ISLL,20260904,23,8.6,0.14823130470934504,0.3722581789755186,0
ISLL,20260904,23,8.7,0.024898155772476994,0.3722581789755186,0
ISLL,20260904,23,8.8,0.17570144202628507,0.3722581789755186,0
ISLL,20260904,23,8.9,0.2275033094305253,0.3722581789755186,0
ISLL,20260904,23,9.0,0.12350479682296538,0.3722581789755186,0
ISLL,20260904,23,9.1,0.07040334982867899,0.3722581789755186,0
ISLL,20260904,23,9.2,0.22371408457549358,0.3722581789755186,0
ISLL,20260904,23,9.3,0.2278245915024459,0.3722581789755186,0
ISLL,20260904,23,9.4,0.26349668019020683,0.3722581789755186,0
ISLL,20260904,23,9.5,0.22471664349735895,0.3722581789755186,0
MSTK,20260904,0,1.0,0.30933527807495154,0.3,1
MSTK,20260904,0,1.1,0.31341078943120604,0.3,1
MSTK,20260904,0,1.2,0.1840258571572283,0.3,0
MSTK,20260904,0,1.3,0.10582575125668177,0.3,0
MSTK,20260904,0,1.4,0.2546254017667175,0.3,0
MSTK,20260904,0,1.5,0.2953353145153105,0.3,0
MSTK,20260904,0,1.6,0.2796235667865617,0.3,0
MSTK,20260904,0,1.7,0.25876490441255284,0.3,0
MSTK,20260904,0,1.8,0.2901679369343397,0.3,0
MSTK,20260904,0,1.9,0.2635085548281905,0.3,0
MSTK,20260904,0,2.0,0.2504692516083894,0.3,0
MSTK,20260904,0,2.1,0.2120330675757505,0.3,0
MSTK,20260904,0,2.2,0.09395814954961597,0.3,0
MSTK,20260904,0,2.3,0.25356721121915676,0.3,0
MSTK,20260904,0,2.4,0.2396176522158528,0.3,0
MSTK,20260904,0,2.5,0.16809765848012204,0.3,0
MSTK,20260904,0,2.6,0.15967394651490963,0.3,0
MSTK,20260904,0,2.7,0.21865918217464175,0.3,0
MSTK,20260904,0,2.8,0.16690595865242602,0.3,0
MSTK,20260904,0,2.9,0.13751179848257006,0.3,0
MSTK,20260904,0,3.0,0.02927198838501133,0.3,0
MSTK,20260904,0,3.1,0.11875148025494137,0.3,0
MSTK,20260904,0,3.2,0.04626297973376648,0.3,0
MSTK,20260904,0,3.3,0.284131511291786,0.3,0
MSTK,20260904,0,3.4,0.1398683041157306,0.3,0
MSTK,20260904,0,3.5,0.12140632720030697,0.3,0
MSTK,20260904,0,3.6,0.27706432946972276,0.3,0
MSTK,20260904,0,3.7,0.33218876711312767,0.3,1
MSTK,20260904,0,3.8,0.23191647002409957,0.3,0
MSTK,20260904,0,3.9,0.10390045056075707,0.3,0
MSTK,20260904,0,4.0,0.10407795632075782,0.3,0
MSTK,20260904,0,4.1,0.05010548071209829,0.3,0
MSTK,20260904,0,4.2,0.1611055007005801,0.3,0
MSTK,20260904,0,4.3,0.1801315603464882,0.3,0
MSTK,20260904,0,4.4,0.10454815265098831,0.3,0
MSTK,20260904,0,4.5,0.08138971243280711,0.3,0
MSTK,20260904,0,4.6,0.15049360772652248,0.3,0
MSTK,20260904,0,4.7,0.10574575335622506,0.3,0
MSTK,20260904,0,4.8,0.11807407283315426,0.3,0
MSTK,20260904,0,4.9,0.20449046289710637,0.3,0
MSTK,20260904,0,5.0,0.3564696798289802,0.3,1
MSTK,20260904,0,5.1,0.3390572428207672,0.3,1
MSTK,20260904,0,5.2,0.28256378603532006,0.3,0
MSTK,20260904,0,5.3,0.276297831162102,0.3,0
MSTK,20260904,0,5.4,0.2493441016080412,0.3,0
MSTK,20260904,0,5.5,0.0045863635333790705,0.3,0
MSTK,20260904,0,5.6,0.11034042606422931,0.3,0
MSTK,20260904,0,5.7,0.1431151542413696,0.3,0
MSTK,20260904,0,5.8,0.1393012086368495,0.3,0
MSTK,20260904,0,5.9,0.11342046396032619,0.3,0
MSTK,20260904,0,6.0,0.1080301675908587,0.3,0
MSTK,20260904,0,6.1,0.17828292809738525,0.3,0
MSTK,20260904,0,6.2,0.1570895669794148,0.3,0
MSTK,20260904,0,6.3,0.11501960885748304,0.3,0
MSTK,20260904,0,6.4,0.21782655210875115,0.3,0
MSTK,20260904,0,6.5,0.17944356834825162,0.3,0
MSTK,20260904,0,6.6,0.17868366738244615,0.3,0
MSTK,20260904,0,6.7,0.14832871173780024,0.3,0
MSTK,20260904,0,6.8,0.22466820598126583,0.3,0
MSTK,20260904,0,6.9,0.22410404115006494,0.3,0
MSTK,20260904,0,7.0,0.17885722587514397,0.3,0
MSTK,20260904,0,7.1,0.12128492534045789,0.3,0
MSTK,20260904,0,7.2,0.13008762442658933,0.3,0
MSTK,20260904,0,7.3,0.172573306662642,0.3,0
MSTK,20260904,0,7.4,0.1544848405128536,0.3,0
MSTK,20260904,0,7.5,0.15526664034346224,0.3,0
MSTK,20260904,0,7.6,0.13433690546619143,0.3,0
MSTK,20260904,0,7.7,0.12448138977086541,0.3,0
MSTK,20260904,0,7.8,0.08326700972413939,0.3,0
MSTK,20260904,0,7.9,0.18932546911910997,0.3,0
MSTK,20260904,0,8.0,0.385377574620511,0.3,1
MSTK,20260904,0,8.1,0.4776861115961005,0.3,1
MSTK,20260904,0,8.2,0.391994473360049,0.3,1
MSTK,20260904,0,8.3,0.08534649654512895,0.3,0
MSTK,20260904,0,8.4,0.11965590242046617,0.3,0
MSTK,20260904,0,8.5,0.1122062331174442,0.3,0
MSTK,20260904,0,8.6,0.27822852386235636,0.3,0
MSTK,20260904,0,8.7,0.17754004397771816,0.3,0
MSTK,20260904,0,8.8,0.08365856061713778,0.3,0
MSTK,20260904,0,8.9,0.05243667076098022,0.3,0
MSTK,20260904,0,9.0,0.16935306380144316,0.3,0
MSTK,20260904,0,9.1,0.07600954745498047,0.3,0
MSTK,20260904,0,9.2,0.11660127250241338,0.3,0
MSTK,20260904,0,9.3,0.1618913584336153,0.3,0
MSTK,20260904,0,9.4,0.2012271194138824,0.3,0
MSTK,20260904,0,9.5,0.13476596214444625,0.3,0
MSTK,20260904,1,1.0,0.3731911910359877,0.3,1
MSTK,20260904,1,1.1,0.3846916152911735,0.3,1
MSTK,20260904,1,1.2,0.28173995309620387,0.3,0
MSTK,20260904,1,1.3,0.18316170702508006,0.3,0
MSTK,20260904,1,1.4,0.09324639919856241,0.3,0
MSTK,20260904,1,1.5,0.08796026364611989,0.3,0
MSTK,20260904,1,1.6,0.060437251620229206,0.3,0
MSTK,20260904,1,1.7,0.03800763840199666,0.3,0
MSTK,20260904,1,1.8,0.12981270627705385,0.3,0
MSTK,20260904,1,1.9,0.22280453678309298,0.3,0
MSTK,20260904,1,2.0,0.20056332529477824,0.3,0
MSTK,20260904,1,2.1,0.18762183055818077,0.3,0
MSTK,20260904,1,2.2,0.26787760373339975,0.3,0
MSTK,20260904,1,2.3,0.21971707980860447,0.3,0
MSTK,20260904,1,2.4,0.225700264919676,0.3,0
MSTK,20260904,1,2.5,0.2780010079434486,0.3,0
MSTK,20260904,1,2.6,0.35074057410304266,0.3,1
MSTK,20260904,1,2.7,0.3148156883757414,0.3,1
MSTK,20260904,1,2.8,0.22877112624538448,0.3,0
MSTK,20260904,1,2.9,0.19708606790784436,0.3,0
MSTK,20260904,1,3.0,0.13145695874573,0.3,0
MSTK,20260904,1,3.1,0.06918385122986698,0.3,0
MSTK,20260904,1,3.2,0.09777862949317577,0.3,0
MSTK,20260904,1,3.3,0.12191387724493988,0.3,0
MSTK,20260904,1,3.4,0.26817909969465054,0.3,0
MSTK,20260904,1,3.5,0.19063453580158607,0.3,0
MSTK,20260904,1,3.6,0.39517945601732857,0.3,1
MSTK,20260904,1,3.7,0.3371897332770115,0.3,1
MSTK,20260904,1,3.8,0.22332788242964322,0.3,0
MSTK,20260904,1,3.9,0.17456898720160968,0.3,0
MSTK,20260904,1,4.0,0.05113334059283549,0.3,0
MSTK,20260904,1,4.1,0.22480993061491147,0.3,0
MSTK,20260904,1,4.2,0.12994351654678227,0.3,0
MSTK,20260904,1,4.3,0.06427042483671432,0.3,0
MSTK,20260904,1,4.4,0.2176710888120627,0.3,0
MSTK,20260904,1,4.5,0.2943768049131925,0.3,0
MSTK,20260904,1,4.6,0.21874635597497655,0.3,0
MSTK,20260904,1,4.7,0.08888727415996457,0.3,0
MSTK,20260904,1,4.8,0.07533438639742014,0.3,0
MSTK,20260904,1,4.9,0.0850582167646651,0.3,0
MSTK,20260904,1,5.0,0.07768873881866975,0.3,0
MSTK,20260904,1,5.1,0.13122905771223742,0.3,0
MSTK,20260904,1,5.2,0.13349736681253804,0.3,0
MSTK,20260904,1,5.3,0.1344694038677391,0.3,0
MSTK,20260904,1,5.4,0.1357058674556642,0.3,0
MSTK,20260904,1,5.5,0.08715729987436993,0.3,0
MSTK,20260904,1,5.6,0.1140087803670114,0.3,0
MSTK,20260904,1,5.7,0.08329869486639152,0.3,0
MSTK,20260904,1,5.8,0.17117808634354184,0.3,0
MSTK,20260904,1,5.9,0.18281322996848864,0.3,0
MSTK,20260904,1,6.0,0.0785559442125283,0.3,0
MSTK,20260904,1,6.1,0.18628773883621136,0.3,0
MSTK,20260904,1,6.2,0.07525985447793468,0.3,0
MSTK,20260904,1,6.3,0.08349890609672785,0.3,0
MSTK,20260904,1,6.4,0.06441299525198307,0.3,0
MSTK,20260904,1,6.5,0.23841396884153265,0.3,0
MSTK,20260904,1,6.6,0.1213547234696978,0.3,0
MSTK,20260904,1,6.7,0.08569372010942693,0.3,0
MSTK,20260904,1,6.8,0.02897317509688751,0.3,0
MSTK,20260904,1,6.9,0.16675759736130896,0.3,0
MSTK,20260904,1,7.0,0.1923995239342119,0.3,0
MSTK,20260904,1,7.1,0.1472403940727335,0.3,0
MSTK,20260904,1,7.2,0.12154501562919647,0.3,0
MSTK,20260904,1,7.3,0.09868219892715897,0.3,0
MSTK,20260904,1,7.4,0.06677557217538117,0.3,0
MSTK,20260904,1,7.5,0.12476705309343844,0.3,0
MSTK,20260904,1,7.6,0.1728781903694701,0.3,0
MSTK,20260904,1,7.7,0.10371121378425543,0.3,0
MSTK,20260904,1,7.8,0.05244259781540786,0.3,0
MSTK,20260904,1,7.9,0.14393396791426527,0.3,0
MSTK,20260904,1,8.0,0.23277341359939605,0.3,0
MSTK,20260904,1,8.1,0.1814891941337891,0.3,0
MSTK,20260904,1,8.2,0.3341693462352418,0.3,1
MSTK,20260904,1,8.3,0.363029149887227,0.3,1
MSTK,20260904,1,8.4,0.13483665519641905,0.3,0
MSTK,20260904,1,8.5,0.15267272358978465,0.3,0
MSTK,20260904,1,8.6,0.041341208879276274,0.3,0
MSTK,20260904,1,8.7,0.06540210264943534,0.3,0
MSTK,20260904,1,8.8,0.06936692185528716,0.3,0
MSTK,20260904,1,8.9,0.11786721420478255,0.3,0
MSTK,20260904,1,9.0,0.22079012165538467,0.3,0
MSTK,20260904,1,9.1,0.10265331564809559,0.3,0
MSTK,20260904,1,9.2,0.16973917545457642,0.3,0
MSTK,20260904,1,9.3,0.16720566927815234,0.3,0
MSTK,20260904,1,9.4,0.2554607055976533,0.3,0
MSTK,20260904,1,9.5,0.34333418754970063,0.3,1
MSTK,20260904,2,1.0,0.27494008751507565,0.3,0
MSTK,20260904,2,1.1,0.31287435897254195,0.3,1
MSTK,20260904,2,1.2,0.2545056351960798,0.3,0
MSTK,20260904,2,1.3,0.38705736797309626,0.3,1
MSTK,20260904,2,1.4,0.4576388442290453,0.3,1
MSTK,20260904,2,1.5,0.3675470980492111,0.3,1
MSTK,20260904,2,1.6,0.19575794824436088,0.3,0
MSTK,20260904,2,1.7,0.08412013095859097,0.3,0
MSTK,20260904,2,1.8,0.11024493519001347,0.3,0
MSTK,20260904,2,1.9,0.10916926646586231,0.3,0
MSTK,20260904,2,2.0,0.19136364393329075,0.3,0
MSTK,20260904,2,2.1,0.10342242235373954,0.3,0
MSTK,20260904,2,2.2,0.09192520829079773,0.3,0
MSTK,20260904,2,2.3,0.18638222683879108,0.3,0
MSTK,20260904,2,2.4,0.2590335092964783,0.3,0
MSTK,20260904,2,2.5,0.17713043210818008,0.3,0
MSTK,20260904,2,2.6,0.16540261487141542,0.3,0
MSTK,20260904,2,2.7,0.2099205017721887,0.3,0
MSTK,20260904,2,2.8,0.21308159378144445,0.3,0
MSTK,20260904,2,2.9,0.28696463901502517,0.3,0
MSTK,20260904,2,3.0,0.1686106008363372,0.3,0
MSTK,20260904,2,3.1,0.021981396252838813,0.3,0
MSTK,20260904,2,3.2,0.04777317266750671,0.3,0
MSTK,20260904,2,3.3,0.021115720910074423,0.3,0
MSTK,20260904,2,3.4,0.20314720275405962,0.3,0
MSTK,20260904,2,3.5,0.1657440412428075,0.3,0
MSTK,20260904,2,3.6,0.14049969068695387,0.3,0
MSTK,20260904,2,3.7,0.16913536603803372,0.3,0
MSTK,20260904,2,3.8,0.16877454132417444,0.3,0
MSTK,20260904,2,3.9,0.16521455300874263,0.3,0
MSTK,20260904,2,4.0,0.1695093319042173,0.3,0
MSTK,20260904,2,4.1,0.18797407780097128,0.3,0
MSTK,20260904,2,4.2,0.2708099715489029,0.3,0
MSTK,20260904,2,4.3,0.29276377765149236,0.3,0
MSTK,20260904,2,4.4,0.23555877555034505,0.3,0
MSTK,20260904,2,4.5,0.19275263737034354,0.3,0
MSTK,20260904,2,4.6,0.15732758627575466,0.3,0
MSTK,20260904,2,4.7,0.17032694326783063,0.3,0
MSTK,20260904,2,4.8,0.2567338678565148,0.3,0
MSTK,20260904,2,4.9,0.38347142144759655,0.3,1
MSTK,20260904,2,5.0,0.2573275033022085,0.3,0
MSTK,20260904,2,5.1,0.3159535934829926,0.3,1
MSTK,20260904,2,5.2,0.2791457282786726,0.3,0
MSTK,20260904,2,5.3,0.11402122013527938,0.3,0
MSTK,20260904,2,5.4,0.04638369407180288,0.3,0
MSTK,20260904,2,5.5,0.16779780939276326,0.3,0
MSTK,20260904,2,5.6,0.16748737553819298,0.3,0
MSTK,20260904,2,5.7,0.11268869732062178,0.3,0
MSTK,20260904,2,5.8,0.16903095425343037,0.3,0
MSTK,20260904,2,5.9,0.24520478585796762,0.3,0
MSTK,20260904,2,6.0,0.1342104741373037,0.3,0
MSTK,20260904,2,6.1,0.1714130292721324,0.3,0
MSTK,20260904,2,6.2,0.17653456933430992,0.3,0
MSTK,20260904,2,6.3,0.08035524337298791,0.3,0
MSTK,20260904,2,6.4,0.0831103195074535,0.3,0
MSTK,20260904,2,6.5,0.09198275108750568,0.3,0
MSTK,20260904,2,6.6,0.05883785121468263,0.3,0
MSTK,20260904,2,6.7,0.0764146934204114,0.3,0
MSTK,20260904,2,6.8,0.0909134120440741,0.3,0
MSTK,20260904,2,6.9,0.10022018301153848,0.3,0
MSTK,20260904,2,7.0,0.15025398646892293,0.3,0
MSTK,20260904,2,7.1,0.21805794036267936,0.3,0
MSTK,20260904,2,7.2,0.19928387755044288,0.3,0
MSTK,20260904,2,7.3,0.265952807636444,0.3,0
MSTK,20260904,2,7.4,0.21633002140623672,0.3,0
MSTK,20260904,2,7.5,0.24251399209661714,0.3,0
MSTK,20260904,2,7.6,0.21390354955931126,0.3,0
MSTK,20260904,2,7.7,0.13822929963959465,0.3,0
MSTK,20260904,2,7.8,0.05292523134216619,0.3,0
MSTK,20260904,2,7.9,0.05663078922363268,0.3,0
MSTK,20260904,2,8.0,0.03709193190041932,0.3,0
MSTK,20260904,2,8.1,0.1374292153510668,0.3,0
MSTK,20260904,2,8.2,0.033693687047643896,0.3,0
MSTK,20260904,2,8.3,0.16023813554398,0.3,0
MSTK,20260904,2,8.4,0.1497652526777936,0.3,0
MSTK,20260904,2,8.5,0.21503610140401413,0.3,0
MSTK,20260904,2,8.6,0.2437291008774242,0.3,0
MSTK,20260904,2,8.7,0.3666845829443207,0.3,1
MSTK,20260904,2,8.8,0.13178602296881536,0.3,0
MSTK,20260904,2,8.9,0.2251201227151077,0.3,0
MSTK,20260904,2,9.0,0.16394683972517324,0.3,0
MSTK,20260904,2,9.1,0.17505218920262774,0.3,0
MSTK,20260904,2,9.2,0.24575110186866914,0.3,0
MSTK,20260904,2,9.3,0.2544286376968526,0.3,0
MSTK,20260904,2,9.4,0.19552906965355463,0.3,0
MSTK,20260904,2,9.5,0.22351103697005953,0.3,0
MSTK,20260904,3,1.0,0.229393066705974,0.3,0
MSTK,20260904,3,1.1,0.1493912231713614,0.3,0
MSTK,20260904,3,1.2,0.22930497007161668,0.3,0
MSTK,20260904,3,1.3,0.13463641607098972,0.3,0
MSTK,20260904,3,1.4,0.16963832995060804,0.3,0
MSTK,20260904,3,1.5,0.045292663601429535,0.3,0
MSTK,20260904,3,1.6,0.11044420564404268,0.3,0
MSTK,20260904,3,1.7,0.20723977866716042,0.3,0
MSTK,20260904,3,1.8,0.17970178348954274,0.3,0
MSTK,20260904,3,1.9,0.23627022347621532,0.3,0
MSTK,20260904,3,2.0,0.13560316035025766,0.3,0
MSTK,20260904,3,2.1,0.10825961428212401,0.3,0
MSTK,20260904,3,2.2,0.1292094972682455,0.3,0
MSTK,20260904,3,2.3,0.09702326925587691,0.3,0
MSTK,20260904,3,2.4,0.25155142123394836,0.3,0
MSTK,20260904,3,2.5,0.09766743983603982,0.3,0
MSTK,20260904,3,2.6,0.13345618910647308,0.3,0
MSTK,20260904,3,2.7,0.09498933631896377,0.3,0
MSTK,20260904,3,2.8,0.20285911657890712,0.3,0
MSTK,20260904,3,2.9,0.3053287680295632,0.3,1
MSTK,20260904,3,3.0,0.22490451574928752,0.3,0
MSTK,20260904,3,3.1,0.2846834511732483,0.3,0
MSTK,20260904,3,3.2,0.32442843878938504,0.3,1
MSTK,20260904,3,3.3,0.29695153884417586,0.3,0
MSTK,20260904,3,3.4,0.18995107550055632,0.3,0
MSTK,20260904,3,3.5,0.14670032267455396,0.3,0
MSTK,20260904,3,3.6,0.03587761089922153,0.3,0
MSTK,20260904,3,3.7,0.08658626480280462,0.3,0
MSTK,20260904,3,3.8,0.14896722646650815,0.3,0
MSTK,20260904,3,3.9,0.16591680101831416,0.3,0
MSTK,20260904,3,4.0,0.10621335931365654,0.3,0
MSTK,20260904,3,4.1,0.01339465151977671,0.3,0
MSTK,20260904,3,4.2,0.1869232651974252,0.3,0
MSTK,20260904,3,4.3,0.2678725133390492,0.3,0
MSTK,20260904,3,4.4,0.09686556189340564,0.3,0
MSTK,20260904,3,4.5,0.05183326230938118,0.3,0
MSTK,20260904,3,4.6,0.15377680772144808,0.3,0
MSTK,20260904,3,4.7,0.09638441410995886,0.3,0
MSTK,20260904,3,4.8,0.2269337795602232,0.3,0
MSTK,20260904,3,4.9,0.3190744456111244,0.3,1
MSTK,20260904,3,5.0,0.29823241230851594,0.3,0
MSTK,20260904,3,5.1,0.2808419976319262,0.3,0
MSTK,20260904,3,5.2,0.22436164658211794,0.3,0
MSTK,20260904,3,5.3,0.1980798696044051,0.3,0
MSTK,20260904,3,5.4,0.03588048155246438,0.3,0
MSTK,20260904,3,5.5,0.044251808148904,0.3,0
MSTK,20260904,3,5.6,0.10307813210955118,0.3,0
MSTK,20260904,3,5.7,0.01938167682873787,0.3,0
MSTK,20260904,3,5.8,0.10977801691265639,0.3,0
MSTK,20260904,3,5.9,0.21548452161934234,0.3,0
MSTK,20260904,3,6.0,0.17614224538212805,0.3,0
MSTK,20260904,3,6.1,0.11592150729840801,0.3,0
MSTK,20260904,3,6.2,0.06997000497441294,0.3,0
MSTK,20260904,3,6.3,0.10666108543417169,0.3,0
MSTK,20260904,3,6.4,0.15634702946371143,0.3,0
MSTK,20260904,3,6.5,0.2521207001666961,0.3,0
MSTK,20260904,3,6.6,0.12168565135924785,0.3,0
MSTK,20260904,3,6.7,0.10018872567236387,0.3,0
MSTK,20260904,3,6.8,0.18006204921787405,0.3,0
MSTK,20260904,3,6.9,0.3362979730196884,0.3,1
MSTK,20260904,3,7.0,0.25084721980418856,0.3,0
MSTK,20260904,3,7.1,0.13398818262496073,0.3,0
MSTK,20260904,3,7.2,0.11924550357331092,0.3,0
MSTK,20260904,3,7.3,0.1949397953746773,0.3,0
MSTK,20260904,3,7.4,0.13554835041647778,0.3,0
MSTK,20260904,3,7.5,0.1303306722021467,0.3,0
MSTK,20260904,3,7.6,0.14929395845719406,0.3,0
MSTK,20260904,3,7.7,0.06604198271290032,0.3,0
MSTK,20260904,3,7.8,0.1608385614175408,0.3,0
MSTK,20260904,3,7.9,0.1644105557787551,0.3,0
MSTK,20260904,3,8.0,0.06608539329061083,0.3,0
MSTK,20260904,3,8.1,0.1909666311702284,0.3,0
MSTK,20260904,3,8.2,0.12350967230584678,0.3,0
MSTK,20260904,3,8.3,0.0790829994705041,0.3,0
MSTK,20260904,3,8.4,0.23528280414407968,0.3,0
MSTK,20260904,3,8.5,0.16632906141931308,0.3,0
MSTK,20260904,3,8.6,0.07931171431034324,0.3,0
MSTK,20260904,3,8.7,0.05658737632996131,0.3,0
MSTK,20260904,3,8.8,0.11941931480650148,0.3,0
MSTK,20260904,3,8.9,0.2399235362534737,0.3,0
MSTK,20260904,3,9.0,0.1912832093158036,0.3,0
MSTK,20260904,3,9.1,0.11551494029918567,0.3,0
MSTK,20260904,3,9.2,0.2105516800694508,0.3,0
MSTK,20260904,3,9.3,0.24724040857348922,0.3,0
MSTK,20260904,3,9.4,0.21501565159052485,0.3,0
MSTK,20260904,3,9.5,0.04441490327128274,0.3,0
MSTK,20260904,4,1.0,0.20717207996894793,0.3,0
MSTK,20260904,4,1.1,0.18074733770355209,0.3,0
MSTK,20260904,4,1.2,0.22659713119260352,0.3,0
MSTK,20260904,4,1.3,0.006126855581842806,0.3,0
MSTK,20260904,4,1.4,0.19468508888507913,0.3,0
MSTK,20260904,4,1.5,0.05012595142283561,0.3,0
MSTK,20260904,4,1.6,0.065609995837448,0.3,0
MSTK,20260904,4,1.7,0.06616943627502099,0.3,0
MSTK,20260904,4,1.8,0.15043655435326891,0.3,0
MSTK,20260904,4,1.9,0.12276127861052191,0.3,0
MSTK,20260904,4,2.0,0.08649608785415114,0.3,0
MSTK,20260904,4,2.1,0.20373705276185405,0.3,0
MSTK,20260904,4,2.2,0.28303881056892016,0.3,0
MSTK,20260904,4,2.3,0.23959656726389175,0.3,0
MSTK,20260904,4,2.4,0.11088151801514089,0.3,0
MSTK,20260904,4,2.5,0.08023556641642998,0.3,0
MSTK,20260904,4,2.6,0.1171513295515212,0.3,0
MSTK,20260904,4,2.7,0.15991872338898236,0.3,0
MSTK,20260904,4,2.8,0.16257213163201398,0.3,0
MSTK,20260904,4,2.9,0.1850143720699345,0.3,0
MSTK,20260904,4,3.0,0.13353470118515548,0.3,0
MSTK,20260904,4,3.1,0.059248910944462205,0.3,0
MSTK,20260904,4,3.2,0.12600168878906717,0.3,0
MSTK,20260904,4,3.3,0.035574583702886825,0.3,0
MSTK,20260904,4,3.4,0.06459730333501863,0.3,0
MSTK,20260904,4,3.5,0.18304621756517486,0.3,0
MSTK,20260904,4,3.6,0.10013346876892722,0.3,0
MSTK,20260904,4,3.7,0.09339593760789523,0.3,0
MSTK,20260904,4,3.8,0.19703066023852153,0.3,0
MSTK,20260904,4,3.9,0.2726469262639063,0.3,0
MSTK,20260904,4,4.0,0.3133148744795122,0.3,1
MSTK,20260904,4,4.1,0.2741447036854535,0.3,0
MSTK,20260904,4,4.2,0.15189594691764108,0.3,0
MSTK,20260904,4,4.3,0.20673497434035487,0.3,0
MSTK,20260904,4,4.4,0.10597515044966546,0.3,0
MSTK,20260904,4,4.5,0.197560090377078,0.3,0
MSTK,20260904,4,4.6,0.24760431423182075,0.3,0
MSTK,20260904,4,4.7,0.2854953131128897,0.3,0
MSTK,20260904,4,4.8,0.2424962973473406,0.3,0
MSTK,20260904,4,4.9,0.16757990373941095,0.3,0
MSTK,20260904,4,5.0,0.03853028955118105,0.3,0
MSTK,20260904,4,5.1,0.08245968791441234,0.3,0
MSTK,20260904,4,5.2,0.20592540198539566,0.3,0
MSTK,20260904,4,5.3,0.08759395624447139,0.3,0
MSTK,20260904,4,5.4,0.08899281804447093,0.3,0
MSTK,20260904,4,5.5,0.18859576514902132,0.3,0
MSTK,20260904,4,5.6,0.27811112240149255,0.3,0
MSTK,20260904,4,5.7,0.11800583153001015,0.3,0
MSTK,20260904,4,5.8,0.11010615282617688,0.3,0
MSTK,20260904,4,5.9,0.14391038742612686,0.3,0
MSTK,20260904,4,6.0,0.04487284494945992,0.3,0
MSTK,20260904,4,6.1,0.14347583638112427,0.3,0
MSTK,20260904,4,6.2,0.20851670704428718,0.3,0
MSTK,20260904,4,6.3,0.10219066410984128,0.3,0
MSTK,20260904,4,6.4,0.18929903316697685,0.3,0
MSTK,20260904,4,6.5,0.1558027111187346,0.3,0
MSTK,20260904,4,6.6,0.1423711768905538,0.3,0
MSTK,20260904,4,6.7,0.09973899149235863,0.3,0
MSTK,20260904,4,6.8,0.09481162860383588,0.3,0
MSTK,20260904,4,6.9,0.13710049405740354,0.3,0
MSTK,20260904,4,7.0,0.11240902054006821,0.3,0
MSTK,20260904,4,7.1,0.22056602226698843,0.3,0
MSTK,20260904,4,7.2,0.29337529575890514,0.3,0
MSTK,20260904,4,7.3,0.11772881388278757,0.3,0
MSTK,20260904,4,7.4,0.09269847477743458,0.3,0
MSTK,20260904,4,7.5,0.18201456124695495,0.3,0
MSTK,20260904,4,7.6,0.08193583334871112,0.3,0
MSTK,20260904,4,7.7,0.04001001755732985,0.3,0
MSTK,20260904,4,7.8,0.10498337960471468,0.3,0
MSTK,20260904,4,7.9,0.16715034819712962,0.3,0
MSTK,20260904,4,8.0,0.21070648734836253,0.3,0
MSTK,20260904,4,8.1,0.22776876545697466,0.3,0
MSTK,20260904,4,8.2,0.17468302391362753,0.3,0
MSTK,20260904,4,8.3,0.17251310177447396,0.3,0
MSTK,20260904,4,8.4,0.12123769608254477,0.3,0
MSTK,20260904,4,8.5,0.21519152478247794,0.3,0
MSTK,20260904,4,8.6,0.22189180569348405,0.3,0
MSTK,20260904,4,8.7,0.2304782922177234,0.3,0
MSTK,20260904,4,8.8,0.24913240335314357,0.3,0
MSTK,20260904,4,8.9,0.34146525515367065,0.3,1
MSTK,20260904,4,9.0,0.19448642934958404,0.3,0
MSTK,20260904,4,9.1,0.12819336883333013,0.3,0
MSTK,20260904,4,9.2,0.20490975873328612,0.3,0
MSTK,20260904,4,9.3,0.28120970857656696,0.3,0
MSTK,20260904,4,9.4,0.28540226587658374,0.3,0
MSTK,20260904,4,9.5,0.08708791179395996,0.3,0
MSTK,20260904,5,1.0,0.21748434090322408,0.3,0
MSTK,20260904,5,1.1,0.3762134232398366,0.3,1
MSTK,20260904,5,1.2,0.34909873741672426,0.3,1
MSTK,20260904,5,1.3,0.31059142692772507,0.3,1
MSTK,20260904,5,1.4,0.20289174239239313,0.3,0
MSTK,20260904,5,1.5,0.1172112723542949,0.3,0
MSTK,20260904,5,1.6,0.06942964914299586,0.3,0
MSTK,20260904,5,1.7,0.07661712552312087,0.3,0
MSTK,20260904,5,1.8,0.06592140351353719,0.3,0
MSTK,20260904,5,1.9,0.15872099795201403,0.3,0
MSTK,20260904,5,2.0,0.09728742626521543,0.3,0
MSTK,20260904,5,2.1,0.12195467976086113,0.3,0
MSTK,20260904,5,2.2,0.11562513419087975,0.3,0
MSTK,20260904,5,2.3,0.132408511349939,0.3,0
MSTK,20260904,5,2.4,0.24277860126068126,0.3,0
MSTK,20260904,5,2.5,0.17164488742241996,0.3,0
MSTK,20260904,5,2.6,0.16058323924221315,0.3,0
MSTK,20260904,5,2.7,0.07045520364502193,0.3,0
MSTK,20260904,5,2.8,0.17090512780712597,0.3,0
MSTK,20260904,5,2.9,0.12432610694149009,0.3,0
MSTK,20260904,5,3.0,0.16100340149003212,0.3,0
MSTK,20260904,5,3.1,0.0851558146142229,0.3,0
MSTK,20260904,5,3.2,0.05078385962752413,0.3,0
MSTK,20260904,5,3.3,0.0900585791520507,0.3,0
MSTK,20260904,5,3.4,0.057312108870614845,0.3,0
MSTK,20260904,5,3.5,0.11904623193561067,0.3,0
MSTK,20260904,5,3.6,0.23939356680902577,0.3,0
MSTK,20260904,5,3.7,0.09536707448682526,0.3,0
MSTK,20260904,5,3.8,0.07505972814384856,0.3,0
MSTK,20260904,5,3.9,0.10639027715111345,0.3,0
MSTK,20260904,5,4.0,0.16966024320194983,0.3,0
MSTK,20260904,5,4.1,0.16429130000859052,0.3,0
MSTK,20260904,5,4.2,0.15611420164643508,0.3,0
MSTK,20260904,5,4.3,0.10947210697073412,0.3,0
MSTK,20260904,5,4.4,0.08164398721364659,0.3,0
MSTK,20260904,5,4.5,0.08309940637506195,0.3,0
MSTK,20260904,5,4.6,0.23473710819982208,0.3,0
MSTK,20260904,5,4.7,0.08590005824140581,0.3,0
MSTK,20260904,5,4.8,0.10911179052805554,0.3,0
MSTK,20260904,5,4.9,0.22607490554627813,0.3,0
MSTK,20260904,5,5.0,0.27110934135306347,0.3,0
MSTK,20260904,5,5.1,0.21170345073889643,0.3,0
MSTK,20260904,5,5.2,0.17801020658962963,0.3,0
MSTK,20260904,5,5.3,0.12943859308518643,0.3,0
MSTK,20260904,5,5.4,0.08055854294271807,0.3,0
MSTK,20260904,5,5.5,0.10176393921784906,0.3,0
MSTK,20260904,5,5.6,0.2613139992268311,0.3,0
MSTK,20260904,5,5.7,0.33771339138933926,0.3,1
MSTK,20260904,5,5.8,0.3018262841859224,0.3,1
MSTK,20260904,5,5.9,0.24493975606852397,0.3,0
MSTK,20260904,5,6.0,0.03701906961647084,0.3,0
MSTK,20260904,5,6.1,0.07804096118912948,0.3,0
MSTK,20260904,5,6.2,0.038136252713410174,0.3,0
MSTK,20260904,5,6.3,0.0481930270374365,0.3,0
MSTK,20260904,5,6.4,0.15483809207533797,0.3,0
MSTK,20260904,5,6.5,0.03381889880247335,0.3,0
MSTK,20260904,5,6.6,0.05780048829437101,0.3,0
MSTK,20260904,5,6.7,0.22573599444193426,0.3,0
MSTK,20260904,5,6.8,0.19233129379785757,0.3,0
MSTK,20260904,5,6.9,0.1801678097827614,0.3,0
MSTK,20260904,5,7.0,0.11781758277618612,0.3,0
MSTK,20260904,5,7.1,0.14720773222407263,0.3,0
MSTK,20260904,5,7.2,0.17337461592285258,0.3,0
MSTK,20260904,5,7.3,0.20406020953798915,0.3,0
MSTK,20260904,5,7.4,0.17443959389489708,0.3,0
MSTK,20260904,5,7.5,0.11818260740744059,0.3,0
MSTK,20260904,5,7.6,0.11948137092378444,0.3,0
MSTK,20260904,5,7.7,0.29784035168444134,0.3,0
MSTK,20260904,5,7.8,0.28958027450482615,0.3,0
MSTK,20260904,5,7.9,0.3117371801196773,0.3,1
MSTK,20260904,5,8.0,0.1626001771776367,0.3,0
MSTK,20260904,5,8.1,0.15097686346688766,0.3,0
MSTK,20260904,5,8.2,0.15634508121520102,0.3,0
MSTK,20260904,5,8.3,0.15312438686287122,0.3,0
MSTK,20260904,5,8.4,0.2659775288960415,0.3,0
MSTK,20260904,5,8.5,0.2746378947123985,0.3,0
MSTK,20260904,5,8.6,0.1678998092290951,0.3,0
MSTK,20260904,5,8.7,0.14848988441455344,0.3,0
MSTK,20260904,5,8.8,0.18157883467566857,0.3,0
MSTK,20260904,5,8.9,0.2652486310710197,0.3,0
MSTK,20260904,5,9.0,0.21677058453260847,0.3,0
MSTK,20260904,5,9.1,0.11676543363546973,0.3,0
MSTK,20260904,5,9.2,0.09990365020811008,0.3,0
MSTK,20260904,5,9.3,0.04800073931552243,0.3,0
MSTK,20260904,5,9.4,0.12217645775841282,0.3,0
MSTK,20260904,5,9.5,0.10320183709263986,0.3,0
MSTK,20260904,6,1.0,0.39885831585286474,0.3,1
MSTK,20260904,6,1.1,0.3141880507059639,0.3,1
MSTK,20260904,6,1.2,0.3627432373958572,0.3,1
MSTK,20260904,6,1.3,0.2656607676228861,0.3,0
MSTK,20260904,6,1.4,0.23118143865725335,0.3,0
MSTK,20260904,6,1.5,0.06834160611410488,0.3,0
MSTK,20260904,6,1.6,0.07290753108629221,0.3,0
MSTK,20260904,6,1.7,0.041931294824040184,0.3,0
MSTK,20260904,6,1.8,0.15300961712764877,0.3,0
MSTK,20260904,6,1.9,0.15663092168404685,0.3,0
MSTK,20260904,6,2.0,0.2217627303638049,0.3,0
MSTK,20260904,6,2.1,0.30022460697043724,0.3,1
MSTK,20260904,6,2.2,0.17237054784206837,0.3,0
MSTK,20260904,6,2.3,0.009511146277957518,0.3,0
MSTK,20260904,6,2.4,0.03814498691231315,0.3,0
MSTK,20260904,6,2.5,0.17725041527747268,0.3,0
MSTK,20260904,6,2.6,0.07043252424107296,0.3,0
MSTK,20260904,6,2.7,0.11008067404203654,0.3,0
MSTK,20260904,6,2.8,0.16280830717488978,0.3,0
MSTK,20260904,6,2.9,0.14566183044277306,0.3,0
MSTK,20260904,6,3.0,0.20083537543632474,0.3,0
MSTK,20260904,6,3.1,0.15733734903161928,0.3,0
MSTK,20260904,6,3.2,0.06668414890201234,0.3,0
MSTK,20260904,6,3.3,0.23738276930259106,0.3,0
MSTK,20260904,6,3.4,0.2498836994646659,0.3,0
MSTK,20260904,6,3.5,0.19019651602324217,0.3,0
MSTK,20260904,6,3.6,0.08751116326163282,0.3,0
MSTK,20260904,6,3.7,0.1153489491326469,0.3,0
MSTK,20260904,6,3.8,0.23410855197626096,0.3,0
MSTK,20260904,6,3.9,0.26872872939414416,0.3,0
MSTK,20260904,6,4.0,0.2113455897380608,0.3,0
MSTK,20260904,6,4.1,0.12174970129008715,0.3,0
MSTK,20260904,6,4.2,0.0893255982563692,0.3,0
MSTK,20260904,6,4.3,0.19093526197107766,0.3,0
MSTK,20260904,6,4.4,0.17696375042291687,0.3,0
MSTK,20260904,6,4.5,0.11303438266091138,0.3,0
MSTK,20260904,6,4.6,0.09193302335175926,0.3,0
MSTK,20260904,6,4.7,0.11399439250250654,0.3,0
MSTK,20260904,6,4.8,0.03919021161769581,0.3,0
MSTK,20260904,6,4.9,0.21727088311798654,0.3,0
MSTK,20260904,6,5.0,0.036264079969449615,0.3,0
MSTK,20260904,6,5.1,0.07594781279647246,0.3,0
MSTK,20260904,6,5.2,0.12149275391119249,0.3,0
MSTK,20260904,6,5.3,0.08044303126750257,0.3,0
MSTK,20260904,6,5.4,0.09595974107127062,0.3,0
MSTK,20260904,6,5.5,0.13199284504833475,0.3,0
MSTK,20260904,6,5.6,0.206790707355892,0.3,0
MSTK,20260904,6,5.7,0.11500782900177788,0.3,0
MSTK,20260904,6,5.8,0.1342759589070701,0.3,0
MSTK,20260904,6,5.9,0.034003774941816244,0.3,0
MSTK,20260904,6,6.0,0.06524213267197888,0.3,0
MSTK,20260904,6,6.1,0.08923317375081019,0.3,0
MSTK,20260904,6,6.2,0.07184798008521458,0.3,0
MSTK,20260904,6,6.3,0.19278961273788978,0.3,0
MSTK,20260904,6,6.4,0.2880109457710353,0.3,0
MSTK,20260904,6,6.5,0.06646256286583348,0.3,0
MSTK,20260904,6,6.6,0.02946122961447281,0.3,0
MSTK,20260904,6,6.7,0.1559662728057108,0.3,0
MSTK,20260904,6,6.8,0.3355547136636896,0.3,1
MSTK,20260904,6,6.9,0.2594161659992393,0.3,0
MSTK,20260904,6,7.0,0.2821423623396633,0.3,0
MSTK,20260904,6,7.1,0.14718565305529208,0.3,0
MSTK,20260904,6,7.2,0.06637238543302333,0.3,0
MSTK,20260904,6,7.3,0.15120082350171238,0.3,0
MSTK,20260904,6,7.4,0.1481158478655717,0.3,0
MSTK,20260904,6,7.5,0.24432778072720374,0.3,0
MSTK,20260904,6,7.6,0.3326201735536658,0.3,1
MSTK,20260904,6,7.7,0.3703886701650137,0.3,1
MSTK,20260904,6,7.8,0.19975058367225149,0.3,0
MSTK,20260904,6,7.9,0.1896626255489671,0.3,0
MSTK,20260904,6,8.0,0.13405566766547802,0.3,0
MSTK,20260904,6,8.1,0.07386993619057255,0.3,0
MSTK,20260904,6,8.2,0.1689659528264025,0.3,0
MSTK,20260904,6,8.3,0.10796993674682027,0.3,0
MSTK,20260904,6,8.4,0.34579961592769237,0.3,1
MSTK,20260904,6,8.5,0.3532098911274517,0.3,1
MSTK,20260904,6,8.6,0.13873443478036368,0.3,0
MSTK,20260904,6,8.7,0.0884791345370421,0.3,0
MSTK,20260904,6,8.8,0.2070894326106792,0.3,0
MSTK,20260904,6,8.9,0.16398420882363549,0.3,0
MSTK,20260904,6,9.0,0.2092738082904563,0.3,0
MSTK,20260904,6,9.1,0.11446686398662739,0.3,0
MSTK,20260904,6,9.2,0.1588362102509152,0.3,0
MSTK,20260904,6,9.3,0.12883359437268496,0.3,0
MSTK,20260904,6,9.4,0.14622864576784556,0.3,0
MSTK,20260904,6,9.5,0.10747634855119248,0.3,0
MSTK,20260904,7,1.0,0.18647310366830425,0.3,0
MSTK,20260904,7,1.1,0.20217635926221178,0.3,0
MSTK,20260904,7,1.2,0.15667705285627037,0.3,0
MSTK,20260904,7,1.3,0.04206409159696066,0.3,0
MSTK,20260904,7,1.4,0.10442842830712613,0.3,0
MSTK,20260904,7,1.5,0.13576915300778097,0.3,0
MSTK,20260904,7,1.6,0.13037688463523825,0.3,0
MSTK,20260904,7,1.7,0.17107458473313694,0.3,0
MSTK,20260904,7,1.8,0.10881996573541557,0.3,0
MSTK,20260904,7,1.9,0.2652488302595573,0.3,0
MSTK,20260904,7,2.0,0.09171851548710061,0.3,0
MSTK,20260904,7,2.1,0.25275596344295587,0.3,0
MSTK,20260904,7,2.2,0.1891796230256483,0.3,0
MSTK,20260904,7,2.3,0.1257420428994864,0.3,0
MSTK,20260904,7,2.4,0.064098313450669,0.3,0
MSTK,20260904,7,2.5,0.27054579908542453,0.3,0
MSTK,20260904,7,2.6,0.30810523366141507,0.3,1
MSTK,20260904,7,2.7,0.2956530612414656,0.3,0
MSTK,20260904,7,2.8,0.22266462298650064,0.3,0
MSTK,20260904,7,2.9,0.18668082939514954,0.3,0
MSTK,20260904,7,3.0,0.25841481377353975,0.3,0
MSTK,20260904,7,3.1,0.3458795383793086,0.3,1
MSTK,20260904,7,3.2,0.242117979111441,0.3,0
MSTK,20260904,7,3.3,0.10013310322925356,0.3,0
MSTK,20260904,7,3.4,0.1426340053083041,0.3,0
MSTK,20260904,7,3.5,0.1976540498786519,0.3,0
MSTK,20260904,7,3.6,0.10719215810597015,0.3,0
MSTK,20260904,7,3.7,0.09061552138879822,0.3,0
MSTK,20260904,7,3.8,0.07031396122128825,0.3,0
MSTK,20260904,7,3.9,0.03920813368273442,0.3,0
MSTK,20260904,7,4.0,0.08166896519582405,0.3,0
MSTK,20260904,7,4.1,0.12804644007850588,0.3,0
MSTK,20260904,7,4.2,0.08407757128328021,0.3,0
MSTK,20260904,7,4.3,0.09370566226971831,0.3,0
MSTK,20260904,7,4.4,0.13743008556351405,0.3,0
MSTK,20260904,7,4.5,0.22057452464898758,0.3,0
MSTK,20260904,7,4.6,0.17627817270628612,0.3,0
MSTK,20260904,7,4.7,0.21285278029375554,0.3,0
MSTK,20260904,7,4.8,0.2570036366774657,0.3,0
MSTK,20260904,7,4.9,0.1827520300792435,0.3,0
MSTK,20260904,7,5.0,0.19414875288138245,0.3,0
MSTK,20260904,7,5.1,0.08877234482541635,0.3,0
MSTK,20260904,7,5.2,0.1678048102433226,0.3,0
MSTK,20260904,7,5.3,0.04114479755268577,0.3,0
MSTK,20260904,7,5.4,0.024970279219088714,0.3,0
MSTK,20260904,7,5.5,0.13199982837076454,0.3,0
MSTK,20260904,7,5.6,0.15304172881680544,0.3,0
MSTK,20260904,7,5.7,0.18691855726724227,0.3,0
MSTK,20260904,7,5.8,0.2035191955465518,0.3,0
MSTK,20260904,7,5.9,0.1966702748537828,0.3,0
MSTK,20260904,7,6.0,0.10522608028620817,0.3,0
MSTK,20260904,7,6.1,0.0864062466054101,0.3,0
MSTK,20260904,7,6.2,0.08719043389127841,0.3,0
MSTK,20260904,7,6.3,0.09670009049071976,0.3,0
MSTK,20260904,7,6.4,0.22085747986653853,0.3,0
MSTK,20260904,7,6.5,0.208142228288837,0.3,0
MSTK,20260904,7,6.6,0.06747700111985827,0.3,0
MSTK,20260904,7,6.7,0.09071309879084158,0.3,0
MSTK,20260904,7,6.8,0.1567818777320868,0.3,0
MSTK,20260904,7,6.9,0.21073114737683607,0.3,0
MSTK,20260904,7,7.0,0.18287237946089985,0.3,0
MSTK,20260904,7,7.1,0.19355764826539554,0.3,0
MSTK,20260904,7,7.2,0.12828775312990484,0.3,0
MSTK,20260904,7,7.3,0.13103899217085271,0.3,0
MSTK,20260904,7,7.4,0.12093073732851826,0.3,0
MSTK,20260904,7,7.5,0.08897434860549945,0.3,0
MSTK,20260904,7,7.6,0.16026281796067646,0.3,0
MSTK,20260904,7,7.7,0.18533761048635486,0.3,0
MSTK,20260904,7,7.8,0.10308098531026771,0.3,0
MSTK,20260904,7,7.9,0.1369267049973606,0.3,0
MSTK,20260904,7,8.0,0.2697955456938803,0.3,0
MSTK,20260904,7,8.1,0.1653748986463889,0.3,0
MSTK,20260904,7,8.2,0.20934498150366276,0.3,0
MSTK,20260904,7,8.3,0.18407460821323554,0.3,0
MSTK,20260904,7,8.4,0.17069435206255573,0.3,0
MSTK,20260904,7,8.5,0.3278968082390883,0.3,1
MSTK,20260904,7,8.6,0.4017160935036771,0.3,1
MSTK,20260904,7,8.7,0.22748348440125868,0.3,0
MSTK,20260904,7,8.8,0.17816849582799155,0.3,0
MSTK,20260904,7,8.9,0.04780996483607929,0.3,0
MSTK,20260904,7,9.0,0.0866655011145116,0.3,0
MSTK,20260904,7,9.1,0.06661535865667398,0.3,0
MSTK,20260904,7,9.2,0.04072904480780477,0.3,0
MSTK,20260904,7,9.3,0.11360271391950019,0.3,0
MSTK,20260904,7,9.4,0.028176051250315314,0.3,0
MSTK,20260904,7,9.5,0.16120327974767296,0.3,0
MSTK,20260904,8,1.0,0.05905492817352284,0.3,0
MSTK,20260904,8,1.1,0.17990329808870584,0.3,0
MSTK,20260904,8,1.2,0.13023625867284558,0.3,0
MSTK,20260904,8,1.3,0.33491858909119965,0.3,1
MSTK,20260904,8,1.4,0.281267023268022,0.3,0
MSTK,20260904,8,1.5,0.20067346717729587,0.3,0
MSTK,20260904,8,1.6,0.08918287724488078,0.3,0
MSTK,20260904,8,1.7,0.11405279821871417,0.3,0
MSTK,20260904,8,1.8,0.08446014120652913,0.3,0
MSTK,20260904,8,1.9,0.11287516177509806,0.3,0
MSTK,20260904,8,2.0,0.048206914631641715,0.3,0
MSTK,20260904,8,2.1,0.11370835569147161,0.3,0
MSTK,20260904,8,2.2,0.16677470417412793,0.3,0
MSTK,20260904,8,2.3,0.3328596364647841,0.3,1
MSTK,20260904,8,2.4,0.4454816698789341,0.3,1
MSTK,20260904,8,2.5,0.35865036778183196,0.3,1
MSTK,20260904,8,2.6,0.27723434687109705,0.3,0
MSTK,20260904,8,2.7,0.2004360769077349,0.3,0
MSTK,20260904,8,2.8,0.1427735914154914,0.3,0
MSTK,20260904,8,2.9,0.12448307238857867,0.3,0
MSTK,20260904,8,3.0,0.24308241144919832,0.3,0
MSTK,20260904,8,3.1,0.24598440281517603,0.3,0
MSTK,20260904,8,3.2,0.2956159111840644,0.3,0
MSTK,20260904,8,3.3,0.3653691587666078,0.3,1
MSTK,20260904,8,3.4,0.28066018121660646,0.3,0
MSTK,20260904,8,3.5,0.13388165315887568,0.3,0
MSTK,20260904,8,3.6,0.04188432392581336,0.3,0
MSTK,20260904,8,3.7,0.053707644027314226,0.3,0
MSTK,20260904,8,3.8,0.11726443200561747,0.3,0
MSTK,20260904,8,3.9,0.1356066603292229,0.3,0
MSTK,20260904,8,4.0,0.23233135986050926,0.3,0
MSTK,20260904,8,4.1,0.2421182536689996,0.3,0
MSTK,20260904,8,4.2,0.2334012923488947,0.3,0
MSTK,20260904,8,4.3,0.3587095143106874,0.3,1
MSTK,20260904,8,4.4,0.18890587218468732,0.3,0
MSTK,20260904,8,4.5,0.07350518676028477,0.3,0
MSTK,20260904,8,4.6,0.12010468276817116,0.3,0
MSTK,20260904,8,4.7,0.06685059741624481,0.3,0
MSTK,20260904,8,4.8,0.13523400961784393,0.3,0
MSTK,20260904,8,4.9,0.10428353597090523,0.3,0
MSTK,20260904,8,5.0,0.13238626728137748,0.3,0
MSTK,20260904,8,5.1,0.11480252378496075,0.3,0
MSTK,20260904,8,5.2,0.24960221821171819,0.3,0
MSTK,20260904,8,5.3,0.08232772643126457,0.3,0
MSTK,20260904,8,5.4,0.08230860227612087,0.3,0
MSTK,20260904,8,5.5,0.08563666089780743,0.3,0
MSTK,20260904,8,5.6,0.16265603354931368,0.3,0
MSTK,20260904,8,5.7,0.2631438980578942,0.3,0
MSTK,20260904,8,5.8,0.20883042076317937,0.3,0
MSTK,20260904,8,5.9,0.1162952664999301,0.3,0
MSTK,20260904,8,6.0,0.1907494625169711,0.3,0
MSTK,20260904,8,6.1,0.17559925060302753,0.3,0
MSTK,20260904,8,6.2,0.1306904063527082,0.3,0
MSTK,20260904,8,6.3,0.20074211790988,0.3,0
MSTK,20260904,8,6.4,0.36591402705955245,0.3,1
MSTK,20260904,8,6.5,0.3324755940141847,0.3,1
MSTK,20260904,8,6.6,0.1772157650251786,0.3,0
MSTK,20260904,8,6.7,0.13612918664974666,0.3,0
MSTK,20260904,8,6.8,0.16670866342956245,0.3,0
MSTK,20260904,8,6.9,0.2742162930414587,0.3,0
MSTK,20260904,8,7.0,0.22626326487459486,0.3,0
MSTK,20260904,8,7.1,0.10816715171957328,0.3,0
MSTK,20260904,8,7.2,0.06434835739869091,0.3,0
MSTK,20260904,8,7.3,0.0617751432489294,0.3,0
MSTK,20260904,8,7.4,0.08340337280702968,0.3,0
MSTK,20260904,8,7.5,0.04354257213393851,0.3,0
MSTK,20260904,8,7.6,0.20264840675983609,0.3,0
MSTK,20260904,8,7.7,0.11854484034356098,0.3,0
MSTK,20260904,8,7.8,0.1639197627610319,0.3,0
MSTK,20260904,8,7.9,0.22683981364971156,0.3,0
MSTK,20260904,8,8.0,0.04917800362762594,0.3,0
MSTK,20260904,8,8.1,0.22591169049798976,0.3,0
MSTK,20260904,8,8.2,0.34934779161969637,0.3,1
MSTK,20260904,8,8.3,0.18901025062014554,0.3,0
MSTK,20260904,8,8.4,0.1821494466494068,0.3,0
MSTK,20260904,8,8.5,0.13695431251930448,0.3,0
MSTK,20260904,8,8.6,0.021447842052449054,0.3,0
MSTK,20260904,8,8.7,0.0864853648978868,0.3,0
MSTK,20260904,8,8.8,0.12859544642827025,0.3,0
MSTK,20260904,8,8.9,0.1426626443892337,0.3,0
MSTK,20260904,8,9.0,0.12637683398008798,0.3,0
MSTK,20260904,8,9.1,0.20031991795639198,0.3,0
MSTK,20260904,8,9.2,0.3708133240504819,0.3,1
MSTK,20260904,8,9.3,0.33977966737882426,0.3,1
MSTK,20260904,8,9.4,0.193015499047757,0.3,0
MSTK,20260904,8,9.5,0.0788382952498319,0.3,0
MSTK,20260904,9,1.0,0.10689926076850122,0.3,0
MSTK,20260904,9,1.1,0.057040874064383885,0.3,0
MSTK,20260904,9,1.2,0.15827721576559667,0.3,0
MSTK,20260904,9,1.3,0.12942615330121446,0.3,0
MSTK,20260904,9,1.4,0.13425790709648194,0.3,0
MSTK,20260904,9,1.5,0.15033492986136202,0.3,0
MSTK,20260904,9,1.6,0.16832578471285428,0.3,0
MSTK,20260904,9,1.7,0.2523751220035706,0.3,0
MSTK,20260904,9,1.8,0.434774180899632,0.3,1
MSTK,20260904,9,1.9,0.48716458252506234,0.3,1
MSTK,20260904,9,2.0,0.40345936464965204,0.3,1
MSTK,20260904,9,2.1,0.29649241043014063,0.3,0
MSTK,20260904,9,2.2,0.13032766850349128,0.3,0
MSTK,20260904,9,2.3,0.11567842289064702,0.3,0
MSTK,20260904,9,2.4,0.0675890084326649,0.3,0
MSTK,20260904,9,2.5,0.16512136540664366,0.3,0
MSTK,20260904,9,2.6,0.22507128948708996,0.3,0
MSTK,20260904,9,2.7,0.09641384831645662,0.3,0
MSTK,20260904,9,2.8,0.09948890674799085,0.3,0
MSTK,20260904,9,2.9,0.11631546470893728,0.3,0
MSTK,20260904,9,3.0,0.16364094264740386,0.3,0
MSTK,20260904,9,3.1,0.25777471528795864,0.3,0
MSTK,20260904,9,3.2,0.34708903404040825,0.3,1
MSTK,20260904,9,3.3,0.2481340475864148,0.3,0
MSTK,20260904,9,3.4,0.1143883703643912,0.3,0
MSTK,20260904,9,3.5,0.150307893276405,0.3,0
MSTK,20260904,9,3.6,0.026478493848237764,0.3,0
MSTK,20260904,9,3.7,0.1090191140784523,0.3,0
MSTK,20260904,9,3.8,0.10282112420947456,0.3,0
MSTK,20260904,9,3.9,0.04276062082268856,0.3,0
MSTK,20260904,9,4.0,0.21864246344222243,0.3,0
MSTK,20260904,9,4.1,0.26693340335752747,0.3,0
MSTK,20260904,9,4.2,0.2672060146326053,0.3,0
MSTK,20260904,9,4.3,0.295247610929089,0.3,0
MSTK,20260904,9,4.4,0.33128140730846717,0.3,1
MSTK,20260904,9,4.5,0.10677961525633589,0.3,0
MSTK,20260904,9,4.6,0.14686871444791424,0.3,0
MSTK,20260904,9,4.7,0.14831176778573463,0.3,0
MSTK,20260904,9,4.8,0.19971683669626245,0.3,0
MSTK,20260904,9,4.9,0.07576536756593419,0.3,0
MSTK,20260904,9,5.0,0.29582980433820394,0.3,0
MSTK,20260904,9,5.1,0.27240282069992033,0.3,0
MSTK,20260904,9,5.2,0.2560095132547645,0.3,0
MSTK,20260904,9,5.3,0.2282070057755404,0.3,0
MSTK,20260904,9,5.4,0.20094095653663108,0.3,0
MSTK,20260904,9,5.5,0.07911222555987889,0.3,0
MSTK,20260904,9,5.6,0.17528928937410226,0.3,0
MSTK,20260904,9,5.7,0.10324241477805321,0.3,0
MSTK,20260904,9,5.8,0.23084865186888903,0.3,0
MSTK,20260904,9,5.9,0.2682022535640402,0.3,0
MSTK,20260904,9,6.0,0.1881915307646876,0.3,0
MSTK,20260904,9,6.1,0.22450670373031584,0.3,0
MSTK,20260904,9,6.2,0.29518713175300393,0.3,0
MSTK,20260904,9,6.3,0.3185142417216485,0.3,1
MSTK,20260904,9,6.4,0.20195151643878895,0.3,0
MSTK,20260904,9,6.5,0.07951333059378651,0.3,0
MSTK,20260904,9,6.6,0.20896033632156022,0.3,0
MSTK,20260904,9,6.7,0.23433927462747178,0.3,0
MSTK,20260904,9,6.8,0.2953842929073594,0.3,0
MSTK,20260904,9,6.9,0.16274197399149157,0.3,0
MSTK,20260904,9,7.0,0.1131680258770965,0.3,0
MSTK,20260904,9,7.1,0.18586499491576353,0.3,0
MSTK,20260904,9,7.2,0.15417852180910027,0.3,0
MSTK,20260904,9,7.3,0.08119047623271579,0.3,0
MSTK,20260904,9,7.4,0.1307942807036747,0.3,0
MSTK,20260904,9,7.5,0.1341408859012159,0.3,0
MSTK,20260904,9,7.6,0.18083646439777126,0.3,0
MSTK,20260904,9,7.7,0.14451664994603097,0.3,0
MSTK,20260904,9,7.8,0.06145550779260289,0.3,0
MSTK,20260904,9,7.9,0.13174139842145552,0.3,0
MSTK,20260904,9,8.0,0.24395851232069662,0.3,0
MSTK,20260904,9,8.1,0.12429003407662731,0.3,0
MSTK,20260904,9,8.2,0.1053124882006247,0.3,0
MSTK,20260904,9,8.3,0.10642430141090614,0.3,0
MSTK,20260904,9,8.4,0.1490627414382282,0.3,0
MSTK,20260904,9,8.5,0.03456849654741401,0.3,0
MSTK,20260904,9,8.6,0.16260053648592215,0.3,0
MSTK,20260904,9,8.7,0.1376804495375734,0.3,0
MSTK,20260904,9,8.8,0.046046201290160196,0.3,0
MSTK,20260904,9,8.9,0.13434444821484232,0.3,0
MSTK,20260904,9,9.0,0.19104055577279733,0.3,0
MSTK,20260904,9,9.1,0.06961542536903366,0.3,0
MSTK,20260904,9,9.2,0.09057071624381277,0.3,0
MSTK,20260904,9,9.3,0.07359651441111635,0.3,0
MSTK,20260904,9,9.4,0.18314784588241845,0.3,0
MSTK,20260904,9,9.5,0.10089958538620494,0.3,0
MSTK,20260904,10,1.0,0.35254160483398034,0.3,1
MSTK,20260904,10,1.1,0.34339899973136767,0.3,1
MSTK,20260904,10,1.2,0.17827682340167383,0.3,0
MSTK,20260904,10,1.3,0.10687182587785964,0.3,0
MSTK,20260904,10,1.4,0.0771777321983714,0.3,0
MSTK,20260904,10,1.5,0.23569533151223415,0.3,0
MSTK,20260904,10,1.6,0.13008750453484536,0.3,0
MSTK,20260904,10,1.7,0.19615232730781865,0.3,0
MSTK,20260904,10,1.8,0.07400675146267889,0.3,0
MSTK,20260904,10,1.9,0.10341674040574515,0.3,0
MSTK,20260904,10,2.0,0.16361500516521862,0.3,0
MSTK,20260904,10,2.1,0.26267472859569196,0.3,0
MSTK,20260904,10,2.2,0.1843228464584275,0.3,0
MSTK,20260904,10,2.3,0.09175983240911678,0.3,0
MSTK,20260904,10,2.4,0.10471308576221365,0.3,0
MSTK,20260904,10,2.5,0.058249434612994214,0.3,0
MSTK,20260904,10,2.6,0.00673240201812401,0.3,0
MSTK,20260904,10,2.7,0.057259841771169995,0.3,0
MSTK,20260904,10,2.8,0.12235391380185498,0.3,0
MSTK,20260904,10,2.9,0.17963649993955264,0.3,0
MSTK,20260904,10,3.0,0.019636825459378678,0.3,0
MSTK,20260904,10,3.1,0.1745739711546385,0.3,0
MSTK,20260904,10,3.2,0.21762900327207013,0.3,0
MSTK,20260904,10,3.3,0.19798672105837484,0.3,0
MSTK,20260904,10,3.4,0.012962730675578253,0.3,0
MSTK,20260904,10,3.5,0.1341048182391038,0.3,0
MSTK,20260904,10,3.6,0.05633903403655729,0.3,0
MSTK,20260904,10,3.7,0.10378114202638913,0.3,0
MSTK,20260904,10,3.8,0.05012642376058046,0.3,0
MSTK,20260904,10,3.9,0.1287487124027491,0.3,0
MSTK,20260904,10,4.0,0.12168908164876747,0.3,0
MSTK,20260904,10,4.1,0.19923559202657987,0.3,0
MSTK,20260904,10,4.2,0.18904461241856435,0.3,0
MSTK,20260904,10,4.3,0.11557312094427352,0.3,0
MSTK,20260904,10,4.4,0.18203404471048545,0.3,0
MSTK,20260904,10,4.5,0.2071760039412393,0.3,0
MSTK,20260904,10,4.6,0.0964822541739508,0.3,0
MSTK,20260904,10,4.7,0.18940109697192398,0.3,0
MSTK,20260904,10,4.8,0.18062602190196608,0.3,0
MSTK,20260904,10,4.9,0.09645851189264319,0.3,0
MSTK,20260904,10,5.0,0.06731514518748744,0.3,0
MSTK,20260904,10,5.1,0.18461264468779498,0.3,0
MSTK,20260904,10,5.2,0.22264949579578625,0.3,0
MSTK,20260904,10,5.3,0.20228442481238798,0.3,0
MSTK,20260904,10,5.4,0.11920702552094262,0.3,0
MSTK,20260904,10,5.5,0.1286299042696645,0.3,0
MSTK,20260904,10,5.6,0.0857492121199435,0.3,0
MSTK,20260904,10,5.7,0.1452291376801848,0.3,0
MSTK,20260904,10,5.8,0.10647954160810147,0.3,0
MSTK,20260904,10,5.9,0.002787814679115105,0.3,0
MSTK,20260904,10,6.0,0.1723996299495799,0.3,0
MSTK,20260904,10,6.1,0.14571181467791386,0.3,0
MSTK,20260904,10,6.2,0.15181313134461577,0.3,0
MSTK,20260904,10,6.3,0.23943493968496402,0.3,0
MSTK,20260904,10,6.4,0.138218381107857,0.3,0
MSTK,20260904,10,6.5,0.06404048226424179,0.3,0
MSTK,20260904,10,6.6,0.17170491662636558,0.3,0
MSTK,20260904,10,6.7,0.10359631872875642,0.3,0
MSTK,20260904,10,6.8,0.15546741367421293,0.3,0
MSTK,20260904,10,6.9,0.049833016971865256,0.3,0
MSTK,20260904,10,7.0,0.1311200539726307,0.3,0
MSTK,20260904,10,7.1,0.1407394679621226,0.3,0
MSTK,20260904,10,7.2,0.11546463930818053,0.3,0
MSTK,20260904,10,7.3,0.07267895843087799,0.3,0
MSTK,20260904,10,7.4,0.14680965957342615,0.3,0
MSTK,20260904,10,7.5,0.16318813373103966,0.3,0
MSTK,20260904,10,7.6,0.3292075790804018,0.3,1
MSTK,20260904,10,7.7,0.35850639618731234,0.3,1
MSTK,20260904,10,7.8,0.3245952576665572,0.3,1
MSTK,20260904,10,7.9,0.3258879624589233,0.3,1
MSTK,20260904,10,8.0,0.26210090595912383,0.3,0
MSTK,20260904,10,8.1,0.2169174861823556,0.3,0
MSTK,20260904,10,8.2,0.2039194192797005,0.3,0
MSTK,20260904,10,8.3,0.2539867038901674,0.3,0
MSTK,20260904,10,8.4,0.33161039792581165,0.3,1
MSTK,20260904,10,8.5,0.23891614234499206,0.3,0
MSTK,20260904,10,8.6,0.2921160489056329,0.3,0
MSTK,20260904,10,8.7,0.1487202402048653,0.3,0
MSTK,20260904,10,8.8,0.2139551965718058,0.3,0
MSTK,20260904,10,8.9,0.27676806665885456,0.3,0
MSTK,20260904,10,9.0,0.3676140035787761,0.3,1
MSTK,20260904,10,9.1,0.2321272668195383,0.3,0
MSTK,20260904,10,9.2,0.27633874693832156,0.3,0
MSTK,20260904,10,9.3,0.10259023396608201,0.3,0
MSTK,20260904,10,9.4,0.0646903372302457,0.3,0
MSTK,20260904,10,9.5,0.1439354547627553,0.3,0
MSTK,20260904,11,1.0,0.29603762872956785,0.33578243769736005,0
MSTK,20260904,11,1.1,0.22854284839745484,0.33578243769736005,0
MSTK,20260904,11,1.2,0.2308459078733062,0.33578243769736005,0
MSTK,20260904,11,1.3,0.009682781529804957,0.33578243769736005,0
MSTK,20260904,11,1.4,0.08337587702529485,0.33578243769736005,0
MSTK,20260904,11,1.5,0.14378925659561717,0.33578243769736005,0
MSTK,20260904,11,1.6,0.261371983775001,0.33578243769736005,0
MSTK,20260904,11,1.7,0.28503624035308556,0.33578243769736005,0
MSTK,20260904,11,1.8,0.27174485833103723,0.33578243769736005,0
MSTK,20260904,11,1.9,0.10469712264138187,0.33578243769736005,0
MSTK,20260904,11,2.0,0.11369477378502417,0.33578243769736005,0
MSTK,20260904,11,2.1,0.2765086616374895,0.33578243769736005,0
MSTK,20260904,11,2.2,0.1344406693867165,0.33578243769736005,0
MSTK,20260904,11,2.3,0.18415085070697415,0.33578243769736005,0
MSTK,20260904,11,2.4,0.1387896636246764,0.33578243769736005,0
MSTK,20260904,11,2.5,0.050016200510037676,0.33578243769736005,0
MSTK,20260904,11,2.6,0.18078573826922606,0.33578243769736005,0
MSTK,20260904,11,2.7,0.08903855847862957,0.33578243769736005,0
MSTK,20260904,11,2.8,0.13513284054940805,0.33578243769736005,0
MSTK,20260904,11,2.9,0.09161005617778464,0.33578243769736005,0
MSTK,20260904,11,3.0,0.0985771722113421,0.33578243769736005,0
MSTK,20260904,11,3.1,0.20829004172790858,0.33578243769736005,0
MSTK,20260904,11,3.2,0.2657107999245207,0.33578243769736005,0
MSTK,20260904,11,3.3,0.2976118698561742,0.33578243769736005,0
MSTK,20260904,11,3.4,0.3033195964178279,0.33578243769736005,0
MSTK,20260904,11,3.5,0.3245565509131185,0.33578243769736005,0
MSTK,20260904,11,3.6,0.36014062322031726,0.33578243769736005,1
MSTK,20260904,11,3.7,0.18692649707318013,0.33578243769736005,0
MSTK,20260904,11,3.8,0.09524502991690556,0.33578243769736005,0
MSTK,20260904,11,3.9,0.1483172198338985,0.33578243769736005,0
MSTK,20260904,11,4.0,0.23538190182154461,0.33578243769736005,0
MSTK,20260904,11,4.1,0.29154304502489975,0.33578243769736005,0
MSTK,20260904,11,4.2,0.2754301772908159,0.33578243769736005,0
MSTK,20260904,11,4.3,0.23651999210159314,0.33578243769736005,0
MSTK,20260904,11,4.4,0.18869390546019008,0.33578243769736005,0
MSTK,20260904,11,4.5,0.10260097275237928,0.33578243769736005,0
MSTK,20260904,11,4.6,0.17405343640166174,0.33578243769736005,0
MSTK,20260904,11,4.7,0.17891155611865545,0.33578243769736005,0
MSTK,20260904,11,4.8,0.11871252855560208,0.33578243769736005,0
MSTK,20260904,11,4.9,0.11276546298396417,0.33578243769736005,0
MSTK,20260904,11,5.0,0.1809424714294346,0.33578243769736005,0
MSTK,20260904,11,5.1,0.13187397124042408,0.33578243769736005,0
MSTK,20260904,11,5.2,0.18548543853720864,0.33578243769736005,0
MSTK,20260904,11,5.3,0.1721921261685949,0.33578243769736005,0
MSTK,20260904,11,5.4,0.2049926260022656,0.33578243769736005,0
MSTK,20260904,11,5.5,0.3127680572208249,0.33578243769736005,0
MSTK,20260904,11,5.6,0.4044066142445955,0.33578243769736005,1
MSTK,20260904,11,5.7,0.2960946538236442,0.33578243769736005,0
MSTK,20260904,11,5.8,0.10044163725848881,0.33578243769736005,0
MSTK,20260904,11,5.9,0.04617759849559091,0.33578243769736005,0
MSTK,20260904,11,6.0,0.07055940519344789,0.33578243769736005,0
MSTK,20260904,11,6.1,0.08224424144526088,0.33578243769736005,0
MSTK,20260904,11,6.2,0.06662078845892996,0.33578243769736005,0
MSTK,20260904,11,6.3,0.06578650044123237,0.33578243769736005,0
MSTK,20260904,11,6.4,0.1554116712588575,0.33578243769736005,0
MSTK,20260904,11,6.5,0.21448658798257753,0.33578243769736005,0
MSTK,20260904,11,6.6,0.33192639250381106,0.33578243769736005,0
MSTK,20260904,11,6.7,0.5655148459105271,0.33578243769736005,1
MSTK,20260904,11,6.8,0.3533141572785827,0.33578243769736005,1
MSTK,20260904,11,6.9,0.33363690623553965,0.33578243769736005,0
MSTK,20260904,11,7.0,0.22433223964231302,0.33578243769736005,0
MSTK,20260904,11,7.1,0.14907056307575176,0.33578243769736005,0
MSTK,20260904,11,7.2,0.22765010767385954,0.33578243769736005,0
MSTK,20260904,11,7.3,0.1282874786750147,0.33578243769736005,0
MSTK,20260904,11,7.4,0.11872446687877734,0.33578243769736005,0
MSTK,20260904,11,7.5,0.15092631502139295,0.33578243769736005,0
MSTK,20260904,11,7.6,0.1609868568613311,0.33578243769736005,0
MSTK,20260904,11,7.7,0.03708291176436573,0.33578243769736005,0
MSTK,20260904,11,7.8,0.11929508831313605,0.33578243769736005,0
MSTK,20260904,11,7.9,0.10253824349673764,0.33578243769736005,0
MSTK,20260904,11,8.0,0.056387670642261585,0.33578243769736005,0
MSTK,20260904,11,8.1,0.28012249297204644,0.33578243769736005,0
MSTK,20260904,11,8.2,0.35447679134153876,0.33578243769736005,1
MSTK,20260904,11,8.3,0.19822780038801946,0.33578243769736005,0
MSTK,20260904,11,8.4,0.1355104825541305,0.33578243769736005,0
MSTK,20260904,11,8.5,0.20690877571736532,0.33578243769736005,0
MSTK,20260904,11,8.6,0.1821132181803835,0.33578243769736005,0
MSTK,20260904,11,8.7,0.2533325895945428,0.33578243769736005,0
MSTK,20260904,11,8.8,0.264857124289663,0.33578243769736005,0
MSTK,20260904,11,8.9,0.2940294668836933,0.33578243769736005,0
MSTK,20260904,11,9.0,0.28790624977738355,0.33578243769736005,0
MSTK,20260904,11,9.1,0.2059250147158811,0.33578243769736005,0
MSTK,20260904,11,9.2,0.244407903981521,0.33578243769736005,0
MSTK,20260904,11,9.3,0.20284864826645208,0.33578243769736005,0
MSTK,20260904,11,9.4,0.1104076906997323,0.33578243769736005,0
MSTK,20260904,11,9.5,0.26243913096853017,0.33578243769736005,0
MSTK,20260904,12,1.0,0.08030898177301055,0.3,0
MSTK,20260904,12,1.1,0.17627874987289854,0.3,0
MSTK,20260904,12,1.2,0.07985070871873448,0.3,0
MSTK,20260904,12,1.3,0.16130558493598737,0.3,0
MSTK,20260904,12,1.4,0.1126943666756287,0.3,0
MSTK,20260904,12,1.5,0.14971640828310845,0.3,0
MSTK,20260904,12,1.6,0.055445179291090864,0.3,0
MSTK,20260904,12,1.7,0.14797767228380737,0.3,0
MSTK,20260904,12,1.8,0.029756652307690225,0.3,0
MSTK,20260904,12,1.9,0.12989868232839175,0.3,0
MSTK,20260904,12,2.0,0.11539455895920009,0.3,0
MSTK,20260904,12,2.1,0.03615776279239111,0.3,0
MSTK,20260904,12,2.2,0.21331439322447815,0.3,0
MSTK,20260904,12,2.3,0.17405134546358395,0.3,0
MSTK,20260904,12,2.4,0.27810018725207114,0.3,0
MSTK,20260904,12,2.5,0.1930926706368307,0.3,0
MSTK,20260904,12,2.6,0.2510107354610598,0.3,0
MSTK,20260904,12,2.7,0.1992853831190655,0.3,0
MSTK,20260904,12,2.8,0.1407139841200119,0.3,0
MSTK,20260904,12,2.9,0.10271018051372834,0.3,0
MSTK,20260904,12,3.0,0.01728601901875894,0.3,0
MSTK,20260904,12,3.1,0.15177468421418597,0.3,0
MSTK,20260904,12,3.2,0.13225056531605722,0.3,0
MSTK,20260904,12,3.3,0.14066924250954554,0.3,0
MSTK,20260904,12,3.4,0.06465740775568767,0.3,0
MSTK,20260904,12,3.5,0.03419122144342245,0.3,0
MSTK,20260904,12,3.6,0.12232391870802069,0.3,0
MSTK,20260904,12,3.7,0.13680552788248496,0.3,0
MSTK,20260904,12,3.8,0.13855904725403018,0.3,0
MSTK,20260904,12,3.9,0.1488644923033933,0.3,0
MSTK,20260904,12,4.0,0.08855668268084838,0.3,0
MSTK,20260904,12,4.1,0.1229370007018679,0.3,0
MSTK,20260904,12,4.2,0.23132089731898609,0.3,0
MSTK,20260904,12,4.3,0.2790388549262602,0.3,0
MSTK,20260904,12,4.4,0.26695739714549954,0.3,0
MSTK,20260904,12,4.5,0.16965459071476577,0.3,0
MSTK,20260904,12,4.6,0.14203278860433893,0.3,0
MSTK,20260904,12,4.7,0.3406778627164369,0.3,1
MSTK,20260904,12,4.8,0.2568582078869336,0.3,0
MSTK,20260904,12,4.9,0.13308149445502873,0.3,0
MSTK,20260904,12,5.0,0.11501146075859524,0.3,0
MSTK,20260904,12,5.1,0.1979443433456007,0.3,0
MSTK,20260904,12,5.2,0.01903047982061675,0.3,0
MSTK,20260904,12,5.3,0.10599344889447236,0.3,0
MSTK,20260904,12,5.4,0.2347477568745665,0.3,0
MSTK,20260904,12,5.5,0.14991138927351647,0.3,0
MSTK,20260904,12,5.6,0.24335287945918316,0.3,0
MSTK,20260904,12,5.7,0.31542145132770955,0.3,1
MSTK,20260904,12,5.8,0.22602297802154167,0.3,0
MSTK,20260904,12,5.9,0.35740395467317726,0.3,1
MSTK,20260904,12,6.0,0.36237684035264733,0.3,1
MSTK,20260904,12,6.1,0.10904202270300223,0.3,0
MSTK,20260904,12,6.2,0.1441538011714252,0.3,0
MSTK,20260904,12,6.3,0.20813001676726364,0.3,0
MSTK,20260904,12,6.4,0.2583046366074008,0.3,0
MSTK,20260904,12,6.5,0.2826015947304544,0.3,0
MSTK,20260904,12,6.6,0.1667305016505347,0.3,0
MSTK,20260904,12,6.7,0.17493922255815017,0.3,0
MSTK,20260904,12,6.8,0.20455898186996954,0.3,0
MSTK,20260904,12,6.9,0.1637725620907678,0.3,0
MSTK,20260904,12,7.0,0.04888377955216116,0.3,0
MSTK,20260904,12,7.1,0.03533201057749946,0.3,0
MSTK,20260904,12,7.2,0.10262327898826433,0.3,0
MSTK,20260904,12,7.3,0.2173649403557213,0.3,0
MSTK,20260904,12,7.4,0.11226258888527085,0.3,0
MSTK,20260904,12,7.5,0.05541462202781297,0.3,0
MSTK,20260904,12,7.6,0.08076774672523501,0.3,0
MSTK,20260904,12,7.7,0.17769501719400366,0.3,0
MSTK,20260904,12,7.8,0.2095059229797787,0.3,0
MSTK,20260904,12,7.9,0.048061498515405594,0.3,0
MSTK,20260904,12,8.0,0.21714973462315118,0.3,0
MSTK,20260904,12,8.1,0.2558157288713925,0.3,0
MSTK,20260904,12,8.2,0.10058729057304103,0.3,0
MSTK,20260904,12,8.3,0.1187888274893956,0.3,0
MSTK,20260904,12,8.4,0.20724231839155627,0.3,0
MSTK,20260904,12,8.5,0.142648430733595,0.3,0
MSTK,20260904,12,8.6,0.16144026642661077,0.3,0
MSTK,20260904,12,8.7,0.05249965619780303,0.3,0
MSTK,20260904,12,8.8,0.15728568130891588,0.3,0
MSTK,20260904,12,8.9,0.12935985520542992,0.3,0
MSTK,20260904,12,9.0,0.1733944462792151,0.3,0
MSTK,20260904,12,9.1,0.16197835785348652,0.3,0
MSTK,20260904,12,9.2,0.05007388542306825,0.3,0
MSTK,20260904,12,9.3,0.14111061568669492,0.3,0
MSTK,20260904,12,9.4,0.09007728068067614,0.3,0
MSTK,20260904,12,9.5,0.19869895547192482,0.3,0
MSTK,20260904,13,1.0,0.21711282915178584,0.3,0
MSTK,20260904,13,1.1,0.16868949886482595,0.3,0
MSTK,20260904,13,1.2,0.15953795464999287,0.3,0
MSTK,20260904,13,1.3,0.36281315586167945,0.3,1
MSTK,20260904,13,1.4,0.24114792516994593,0.3,0
MSTK,20260904,13,1.5,0.17032327428712618,0.3,0
MSTK,20260904,13,1.6,0.2711050213886049,0.3,0
MSTK,20260904,13,1.7,0.09135598397360767,0.3,0
MSTK,20260904,13,1.8,0.14374733335194018,0.3,0
MSTK,20260904,13,1.9,0.10141513045742934,0.3,0
MSTK,20260904,13,2.0,0.12286081539889218,0.3,0
MSTK,20260904,13,2.1,0.2262104528680366,0.3,0
MSTK,20260904,13,2.2,0.19391681012592296,0.3,0
MSTK,20260904,13,2.3,0.07418314570290438,0.3,0
MSTK,20260904,13,2.4,0.020100761691599366,0.3,0
MSTK,20260904,13,2.5,0.1348901752344129,0.3,0
MSTK,20260904,13,2.6,0.13506763301465155,0.3,0
MSTK,20260904,13,2.7,0.10274206705244812,0.3,0
MSTK,20260904,13,2.8,0.0861276287170087,0.3,0
MSTK,20260904,13,2.9,0.10275762700455685,0.3,0
MSTK,20260904,13,3.0,0.11678721327282657,0.3,0
MSTK,20260904,13,3.1,0.10788215759955785,0.3,0
MSTK,20260904,13,3.2,0.015431912123244549,0.3,0
MSTK,20260904,13,3.3,0.19090657605056655,0.3,0
MSTK,20260904,13,3.4,0.1599762682147215,0.3,0
MSTK,20260904,13,3.5,0.12932000536668703,0.3,0
MSTK,20260904,13,3.6,0.12559238886953336,0.3,0
MSTK,20260904,13,3.7,0.03637240840990771,0.3,0
MSTK,20260904,13,3.8,0.1874901302165961,0.3,0
MSTK,20260904,13,3.9,0.20421674020536937,0.3,0
MSTK,20260904,13,4.0,0.06854565527094472,0.3,0
MSTK,20260904,13,4.1,0.043801398649384496,0.3,0
MSTK,20260904,13,4.2,0.09837352822364355,0.3,0
MSTK,20260904,13,4.3,0.2091205250267593,0.3,0
MSTK,20260904,13,4.4,0.3601236442889249,0.3,1
MSTK,20260904,13,4.5,0.13391083939976572,0.3,0
MSTK,20260904,13,4.6,0.16645993238614537,0.3,0
MSTK,20260904,13,4.7,0.24743416561059506,0.3,0
MSTK,20260904,13,4.8,0.29580782061775457,0.3,0
MSTK,20260904,13,4.9,0.15297057684195872,0.3,0
MSTK,20260904,13,5.0,0.11263896134604666,0.3,0
MSTK,20260904,13,5.1,0.1676510279962568,0.3,0
MSTK,20260904,13,5.2,0.13325430061346447,0.3,0
MSTK,20260904,13,5.3,0.11830338381636833,0.3,0
MSTK,20260904,13,5.4,0.14446333780441453,0.3,0
MSTK,20260904,13,5.5,0.08194465669991186,0.3,0
MSTK,20260904,13,5.6,0.06077643380335556,0.3,0
MSTK,20260904,13,5.7,0.1871707591897855,0.3,0
MSTK,20260904,13,5.8,0.11170948965884442,0.3,0
MSTK,20260904,13,5.9,0.1865472375087664,0.3,0
MSTK,20260904,13,6.0,0.08100980516753316,0.3,0
MSTK,20260904,13,6.1,0.15584223836697095,0.3,0
MSTK,20260904,13,6.2,0.2779517524380373,0.3,0
MSTK,20260904,13,6.3,0.23778862692425634,0.3,0
MSTK,20260904,13,6.4,0.3607698234968187,0.3,1
MSTK,20260904,13,6.5,0.1292572912851431,0.3,0
MSTK,20260904,13,6.6,0.1289683854336495,0.3,0
MSTK,20260904,13,6.7,0.18239173328110625,0.3,0
MSTK,20260904,13,6.8,0.308806412277526,0.3,1
MSTK,20260904,13,6.9,0.3085335762890958,0.3,1
MSTK,20260904,13,7.0,0.2643773098796787,0.3,0
MSTK,20260904,13,7.1,0.20718709696081064,0.3,0
MSTK,20260904,13,7.2,0.14699219429261617,0.3,0
MSTK,20260904,13,7.3,0.2153915770065203,0.3,0
MSTK,20260904,13,7.4,0.33945299853515554,0.3,1
MSTK,20260904,13,7.5,0.33642004048794893,0.3,1
MSTK,20260904,13,7.6,0.20799096579666912,0.3,0
MSTK,20260904,13,7.7,0.27676345483030573,0.3,0
MSTK,20260904,13,7.8,0.18632709761237792,0.3,0
MSTK,20260904,13,7.9,0.1029015774558512,0.3,0
MSTK,20260904,13,8.0,0.21843132049253253,0.3,0
MSTK,20260904,13,8.1,0.12415265219662139,0.3,0
MSTK,20260904,13,8.2,0.053876597460492864,0.3,0
MSTK,20260904,13,8.3,0.17692633196483956,0.3,0
MSTK,20260904,13,8.4,0.12889036443175497,0.3,0
MSTK,20260904,13,8.5,0.17365837180301838,0.3,0
MSTK,20260904,13,8.6,0.13779375779039973,0.3,0
MSTK,20260904,13,8.7,0.0666737946137476,0.3,0
MSTK,20260904,13,8.8,0.044921750723058124,0.3,0
MSTK,20260904,13,8.9,0.12319225398894591,0.3,0
MSTK,20260904,13,9.0,0.323059944036168,0.3,1
MSTK,20260904,13,9.1,0.26076371654673747,0.3,0
MSTK,20260904,13,9.2,0.1618987927110856,0.3,0
MSTK,20260904,13,9.3,0.16529634239856889,0.3,0
MSTK,20260904,13,9.4,0.01911313711706753,0.3,0
MSTK,20260904,13,9.5,0.08409945737975273,0.3,0
MSTK,20260904,14,1.0,0.18175416504445924,0.3,0
MSTK,20260904,14,1.1,0.08001226978679231,0.3,0
MSTK,20260904,14,1.2,0.11423191234119609,0.3,0
MSTK,20260904,14,1.3,0.14153800958815174,0.3,0
MSTK,20260904,14,1.4,0.13246086099895107,0.3,0
MSTK,20260904,14,1.5,0.1582550906344357,0.3,0
MSTK,20260904,14,1.6,0.33107668468295093,0.3,1
MSTK,20260904,14,1.7,0.19566991523985638,0.3,0
MSTK,20260904,14,1.8,0.047924235156709266,0.3,0
MSTK,20260904,14,1.9,0.22100430769130358,0.3,0
MSTK,20260904,14,2.0,0.12955706871336262,0.3,0
MSTK,20260904,14,2.1,0.07042385360182042,0.3,0
MSTK,20260904,14,2.2,0.062438664055692664,0.3,0
MSTK,20260904,14,2.3,0.11316663995738739,0.3,0
MSTK,20260904,14,2.4,0.029717385437949682,0.3,0
MSTK,20260904,14,2.5,0.05762488796212647,0.3,0
MSTK,20260904,14,2.6,0.09533924332021014,0.3,0
MSTK,20260904,14,2.7,0.05418403717859175,0.3,0
MSTK,20260904,14,2.8,0.004391755204701377,0.3,0
MSTK,20260904,14,2.9,0.18757593309774734,0.3,0
MSTK,20260904,14,3.0,0.24541757592595062,0.3,0
MSTK,20260904,14,3.1,0.2028579075257699,0.3,0
MSTK,20260904,14,3.2,0.27322564619434747,0.3,0
MSTK,20260904,14,3.3,0.06126030736653899,0.3,0
MSTK,20260904,14,3.4,0.25349056699558886,0.3,0
MSTK,20260904,14,3.5,0.10492271595328781,0.3,0
MSTK,20260904,14,3.6,0.0857355600338255,0.3,0
MSTK,20260904,14,3.7,0.2176399364292009,0.3,0
MSTK,20260904,14,3.8,0.16097911633578071,0.3,0
MSTK,20260904,14,3.9,0.24405767448681603,0.3,0
MSTK,20260904,14,4.0,0.2628288514976583,0.3,0
MSTK,20260904,14,4.1,0.1565441908415553,0.3,0
MSTK,20260904,14,4.2,0.07855022287728672,0.3,0
MSTK,20260904,14,4.3,0.1929852926429661,0.3,0
MSTK,20260904,14,4.4,0.28047307045848846,0.3,0
MSTK,20260904,14,4.5,0.24458227546107209,0.3,0
MSTK,20260904,14,4.6,0.1316704991212829,0.3,0
MSTK,20260904,14,4.7,0.12436046015480767,0.3,0
MSTK,20260904,14,4.8,0.15489361743255428,0.3,0
MSTK,20260904,14,4.9,0.26949300901860707,0.3,0
MSTK,20260904,14,5.0,0.18462031224670603,0.3,0
MSTK,20260904,14,5.1,0.15451347058095752,0.3,0
MSTK,20260904,14,5.2,0.013249753605099075,0.3,0
MSTK,20260904,14,5.3,0.09408876942508969,0.3,0
MSTK,20260904,14,5.4,0.13088439953487693,0.3,0
MSTK,20260904,14,5.5,0.0857330195596284,0.3,0
MSTK,20260904,14,5.6,0.09181855681570288,0.3,0
MSTK,20260904,14,5.7,0.12582280009909508,0.3,0
MSTK,20260904,14,5.8,0.1690541633048948,0.3,0
MSTK,20260904,14,5.9,0.16466350641294447,0.3,0
MSTK,20260904,14,6.0,0.05687333348156078,0.3,0
MSTK,20260904,14,6.1,0.03228545471142044,0.3,0
MSTK,20260904,14,6.2,0.11687065176678649,0.3,0
MSTK,20260904,14,6.3,0.22342817188720873,0.3,0
MSTK,20260904,14,6.4,0.27669793897838363,0.3,0
MSTK,20260904,14,6.5,0.19881936695974525,0.3,0
MSTK,20260904,14,6.6,0.2567535613176446,0.3,0
MSTK,20260904,14,6.7,0.18524206686174835,0.3,0
MSTK,20260904,14,6.8,0.07267748820379047,0.3,0
MSTK,20260904,14,6.9,0.21971437577688469,0.3,0
MSTK,20260904,14,7.0,0.33249096265952094,0.3,1
MSTK,20260904,14,7.1,0.3258602836903165,0.3,1
MSTK,20260904,14,7.2,0.24998051820048733,0.3,0
MSTK,20260904,14,7.3,0.17292493283519914,0.3,0
MSTK,20260904,14,7.4,0.12929608420560304,0.3,0
MSTK,20260904,14,7.5,0.0743943951247027,0.3,0
MSTK,20260904,14,7.6,0.05059346433404843,0.3,0
MSTK,20260904,14,7.7,0.11794231176121749,0.3,0
MSTK,20260904,14,7.8,0.1806858013939193,0.3,0
MSTK,20260904,14,7.9,0.136869242735008,0.3,0
MSTK,20260904,14,8.0,0.12906814803592095,0.3,0
MSTK,20260904,14,8.1,0.1202069027543804,0.3,0
MSTK,20260904,14,8.2,0.19759997544443017,0.3,0
MSTK,20260904,14,8.3,0.2590465375393306,0.3,0
MSTK,20260904,14,8.4,0.2761971702183972,0.3,0
MSTK,20260904,14,8.5,0.2606757031401466,0.3,0
MSTK,20260904,14,8.6,0.3268342877866986,0.3,1
MSTK,20260904,14,8.7,0.34309158080249824,0.3,1
MSTK,20260904,14,8.8,0.36136278653777887,0.3,1
MSTK,20260904,14,8.9,0.3114613667951474,0.3,1
MSTK,20260904,14,9.0,0.15392811406499318,0.3,0
MSTK,20260904,14,9.1,0.15342537009040513,0.3,0
MSTK,20260904,14,9.2,0.015306784068061843,0.3,0
MSTK,20260904,14,9.3,0.09631266850554206,0.3,0
MSTK,20260904,14,9.4,0.054337762018527816,0.3,0
MSTK,20260904,14,9.5,0.14345533540169164,0.3,0
MSTK,20260904,15,1.0,0.17868892688933546,0.3,0
MSTK,20260904,15,1.1,0.2863522221462735,0.3,0
MSTK,20260904,15,1.2,0.11257198660690941,0.3,0
MSTK,20260904,15,1.3,0.020942973740568915,0.3,0
MSTK,20260904,15,1.4,0.06589785707454211,0.3,0
MSTK,20260904,15,1.5,0.07880891053554873,0.3,0
MSTK,20260904,15,1.6,0.20367229140704618,0.3,0
MSTK,20260904,15,1.7,0.07522599126251049,0.3,0
MSTK,20260904,15,1.8,0.09107883001580977,0.3,0
MSTK,20260904,15,1.9,0.12811400607615253,0.3,0
MSTK,20260904,15,2.0,0.13793928033536426,0.3,0
MSTK,20260904,15,2.1,0.031069394032851548,0.3,0
MSTK,20260904,15,2.2,0.3107480935654884,0.3,1
MSTK,20260904,15,2.3,0.3025663106627103,0.3,1
MSTK,20260904,15,2.4,0.29518490076572856,0.3,0
MSTK,20260904,15,2.5,0.22439211668443776,0.3,0
MSTK,20260904,15,2.6,0.17457376288837553,0.3,0
MSTK,20260904,15,2.7,0.22693240499402978,0.3,0
MSTK,20260904,15,2.8,0.2207034005387389,0.3,0
MSTK,20260904,15,2.9,0.22882696668936692,0.3,0
MSTK,20260904,15,3.0,0.028542507197663124,0.3,0
MSTK,20260904,15,3.1,0.1373380780626215,0.3,0
MSTK,20260904,15,3.2,0.24153203006670235,0.3,0
MSTK,20260904,15,3.3,0.0575974293776528,0.3,0
MSTK,20260904,15,3.4,0.06303748105470088,0.3,0
MSTK,20260904,15,3.5,0.1448800981333516,0.3,0
MSTK,20260904,15,3.6,0.10314514485950221,0.3,0
MSTK,20260904,15,3.7,0.0594937467687496,0.3,0
MSTK,20260904,15,3.8,0.06604299942694214,0.3,0
MSTK,20260904,15,3.9,0.05822626433288622,0.3,0
MSTK,20260904,15,4.0,0.014311153072637355,0.3,0
MSTK,20260904,15,4.1,0.12596167852826146,0.3,0
MSTK,20260904,15,4.2,0.13595572958679064,0.3,0
MSTK,20260904,15,4.3,0.13591402634224384,0.3,0
MSTK,20260904,15,4.4,0.14208626077768655,0.3,0
MSTK,20260904,15,4.5,0.036662048645495736,0.3,0
MSTK,20260904,15,4.6,0.14430557427912566,0.3,0
MSTK,20260904,15,4.7,0.2811907444925966,0.3,0
MSTK,20260904,15,4.8,0.3200345088961501,0.3,1
MSTK,20260904,15,4.9,0.2287427174739974,0.3,0
MSTK,20260904,15,5.0,0.21413684795302448,0.3,0
MSTK,20260904,15,5.1,0.1297859346121512,0.3,0
MSTK,20260904,15,5.2,0.13825349898488337,0.3,0
MSTK,20260904,15,5.3,0.04303725715373716,0.3,0
MSTK,20260904,15,5.4,0.03796957240155551,0.3,0
MSTK,20260904,15,5.5,0.12343748147352313,0.3,0
MSTK,20260904,15,5.6,0.10319282658067432,0.3,0
MSTK,20260904,15,5.7,0.15352641465376782,0.3,0
MSTK,20260904,15,5.8,0.13676036745286263,0.3,0
MSTK,20260904,15,5.9,0.15519904054742575,0.3,0
MSTK,20260904,15,6.0,0.1467820235997431,0.3,0
MSTK,20260904,15,6.1,0.2552678390185303,0.3,0
MSTK,20260904,15,6.2,0.10119187431768267,0.3,0
MSTK,20260904,15,6.3,0.10061833516353426,0.3,0
MSTK,20260904,15,6.4,0.21651906956725864,0.3,0
MSTK,20260904,15,6.5,0.12247618552653358,0.3,0
MSTK,20260904,15,6.6,0.06576699325885682,0.3,0
MSTK,20260904,15,6.7,0.1099754743200414,0.3,0
MSTK,20260904,15,6.8,0.14661319465715847,0.3,0
MSTK,20260904,15,6.9,0.11157742888511,0.3,0
MSTK,20260904,15,7.0,0.1211080234479156,0.3,0
MSTK,20260904,15,7.1,0.23184521186013657,0.3,0
MSTK,20260904,15,7.2,0.32647932265488216,0.3,1
MSTK,20260904,15,7.3,0.2977333451433154,0.3,0
MSTK,20260904,15,7.4,0.27431831598739675,0.3,0
MSTK,20260904,15,7.5,0.12621784670603567,0.3,0
MSTK,20260904,15,7.6,0.12312424680404818,0.3,0
MSTK,20260904,15,7.7,0.10153070383539159,0.3,0
MSTK,20260904,15,7.8,0.05703232941881168,0.3,0
MSTK,20260904,15,7.9,0.16146085410114394,0.3,0
MSTK,20260904,15,8.0,0.16922279311512398,0.3,0
MSTK,20260904,15,8.1,0.21893506450487457,0.3,0
MSTK,20260904,15,8.2,0.10864698765749808,0.3,0
MSTK,20260904,15,8.3,0.058362888806687205,0.3,0
MSTK,20260904,15,8.4,0.08487155596914961,0.3,0
MSTK,20260904,15,8.5,0.12709609961513035,0.3,0
MSTK,20260904,15,8.6,0.01412952732876744,0.3,0
MSTK,20260904,15,8.7,0.05858685919811545,0.3,0
MSTK,20260904,15,8.8,0.1449237414087807,0.3,0
MSTK,20260904,15,8.9,0.23743340994503997,0.3,0
MSTK,20260904,15,9.0,0.24309712568269232,0.3,0
MSTK,20260904,15,9.1,0.27655448156010437,0.3,0
MSTK,20260904,15,9.2,0.3051660817267254,0.3,1
MSTK,20260904,15,9.3,0.29225190967263165,0.3,0
MSTK,20260904,15,9.4,0.19579173761342666,0.3,0
MSTK,20260904,15,9.5,0.15290488004661376,0.3,0
MSTK,20260904,16,1.0,0.26336969827881623,0.3,0
MSTK,20260904,16,1.1,0.1481789159003107,0.3,0
MSTK,20260904,16,1.2,0.04162705939147548,0.3,0
MSTK,20260904,16,1.3,0.07924993185728305,0.3,0
MSTK,20260904,16,1.4,0.146396376570207,0.3,0
MSTK,20260904,16,1.5,0.05107481038117475,0.3,0
MSTK,20260904,16,1.6,0.12396239748647299,0.3,0
MSTK,20260904,16,1.7,0.25009716806100535,0.3,0
MSTK,20260904,16,1.8,0.128622794849526,0.3,0
MSTK,20260904,16,1.9,0.06277491865389227,0.3,0
MSTK,20260904,16,2.0,0.13366765824035517,0.3,0
MSTK,20260904,16,2.1,0.21893020092367868,0.3,0
MSTK,20260904,16,2.2,0.07482160384434823,0.3,0
MSTK,20260904,16,2.3,0.12368991439637181,0.3,0
MSTK,20260904,16,2.4,0.16552969161096964,0.3,0
MSTK,20260904,16,2.5,0.19120982057816502,0.3,0
MSTK,20260904,16,2.6,0.12926999062897485,0.3,0
MSTK,20260904,16,2.7,0.2525772623395455,0.3,0
MSTK,20260904,16,2.8,0.22760841597843948,0.3,0
MSTK,20260904,16,2.9,0.17155319445369652,0.3,0
MSTK,20260904,16,3.0,0.0798144756139446,0.3,0
MSTK,20260904,16,3.1,0.14068726567490825,0.3,0
MSTK,20260904,16,3.2,0.21584693162446256,0.3,0
MSTK,20260904,16,3.3,0.13775559462387113,0.3,0
MSTK,20260904,16,3.4,0.1635981473570072,0.3,0
MSTK,20260904,16,3.5,0.13243602762055837,0.3,0
MSTK,20260904,16,3.6,0.14941534018952213,0.3,0
MSTK,20260904,16,3.7,0.09783232668511604,0.3,0
MSTK,20260904,16,3.8,0.09399266409696892,0.3,0
MSTK,20260904,16,3.9,0.09232756292787012,0.3,0
MSTK,20260904,16,4.0,0.18499479369696878,0.3,0
MSTK,20260904,16,4.1,0.21239612405052963,0.3,0
MSTK,20260904,16,4.2,0.34409145469338703,0.3,1
MSTK,20260904,16,4.3,0.3063102903992614,0.3,1
MSTK,20260904,16,4.4,0.1439743020905795,0.3,0
MSTK,20260904,16,4.5,0.004072154924103718,0.3,0
MSTK,20260904,16,4.6,0.08626106149645754,0.3,0
MSTK,20260904,16,4.7,0.028017070611121825,0.3,0
MSTK,20260904,16,4.8,0.07463921668349663,0.3,0
MSTK,20260904,16,4.9,0.10654542631890024,0.3,0
MSTK,20260904,16,5.0,0.2364778222108751,0.3,0
MSTK,20260904,16,5.1,0.1173772812110182,0.3,0
MSTK,20260904,16,5.2,0.1615703995371343,0.3,0
MSTK,20260904,16,5.3,0.20041095274539594,0.3,0
MSTK,20260904,16,5.4,0.16871643513930581,0.3,0
MSTK,20260904,16,5.5,0.12938944651180526,0.3,0
MSTK,20260904,16,5.6,0.07669893207389115,0.3,0
MSTK,20260904,16,5.7,0.0460150857450357,0.3,0
MSTK,20260904,16,5.8,0.1394901018691848,0.3,0
MSTK,20260904,16,5.9,0.09286229720998947,0.3,0
MSTK,20260904,16,6.0,0.18141357423243154,0.3,0
MSTK,20260904,16,6.1,0.18528062331857137,0.3,0
MSTK,20260904,16,6.2,0.22012815327080226,0.3,0
MSTK,20260904,16,6.3,0.13819639571001668,0.3,0
MSTK,20260904,16,6.4,0.11320326445670371,0.3,0
MSTK,20260904,16,6.5,0.0672233679807275,0.3,0
MSTK,20260904,16,6.6,0.07077624059999606,0.3,0
MSTK,20260904,16,6.7,0.13917020524484716,0.3,0
MSTK,20260904,16,6.8,0.14824591304399523,0.3,0
MSTK,20260904,16,6.9,0.22841299473819593,0.3,0
MSTK,20260904,16,7.0,0.36256757443355964,0.3,1
MSTK,20260904,16,7.1,0.21036243523845305,0.3,0
MSTK,20260904,16,7.2,0.055564265962903314,0.3,0
MSTK,20260904,16,7.3,0.11413130159658845,0.3,0
MSTK,20260904,16,7.4,0.27124326648512836,0.3,0
MSTK,20260904,16,7.5,0.29863614230730046,0.3,0
MSTK,20260904,16,7.6,0.11643218892907707,0.3,0
MSTK,20260904,16,7.7,0.13197842350220212,0.3,0
MSTK,20260904,16,7.8,0.2554398482550855,0.3,0
MSTK,20260904,16,7.9,0.03987440557903734,0.3,0
MSTK,20260904,16,8.0,0.06247419935529551,0.3,0
MSTK,20260904,16,8.1,0.16766360862238874,0.3,0
MSTK,20260904,16,8.2,0.1299209194941454,0.3,0
MSTK,20260904,16,8.3,0.08846041645825263,0.3,0
MSTK,20260904,16,8.4,0.21903468854529848,0.3,0
MSTK,20260904,16,8.5,0.2669206096346924,0.3,0
MSTK,20260904,16,8.6,0.21375692247384429,0.3,0
MSTK,20260904,16,8.7,0.2765852840665308,0.3,0
MSTK,20260904,16,8.8,0.1774435750265906,0.3,0
MSTK,20260904,16,8.9,0.38011002817134937,0.3,1
MSTK,20260904,16,9.0,0.21705444104615065,0.3,0
MSTK,20260904,16,9.1,0.24389809346555502,0.3,0
MSTK,20260904,16,9.2,0.096854544840256,0.3,0
MSTK,20260904,16,9.3,0.07332961747870526,0.3,0
MSTK,20260904,16,9.4,0.11021218410870304,0.3,0
MSTK,20260904,16,9.5,0.15011600599799335,0.3,0
MSTK,20260904,17,1.0,0.1970442307348752,0.3,0
MSTK,20260904,17,1.1,0.06667953875589666,0.3,0
MSTK,20260904,17,1.2,0.07567106741251885,0.3,0
MSTK,20260904,17,1.3,0.06613259445040161,0.3,0
MSTK,20260904,17,1.4,0.10683547511173026,0.3,0
MSTK,20260904,17,1.5,0.1212268818148968,0.3,0
MSTK,20260904,17,1.6,0.028827844803274025,0.3,0
MSTK,20260904,17,1.7,0.05638982066213553,0.3,0
MSTK,20260904,17,1.8,0.13580925278325495,0.3,0
MSTK,20260904,17,1.9,0.11941554387108382,0.3,0
MSTK,20260904,17,2.0,0.18885298116151128,0.3,0
MSTK,20260904,17,2.1,0.23379582569070761,0.3,0
MSTK,20260904,17,2.2,0.23631280940374091,0.3,0
MSTK,20260904,17,2.3,0.13135463975944753,0.3,0
MSTK,20260904,17,2.4,0.06374688899106092,0.3,0
MSTK,20260904,17,2.5,0.21602516707398142,0.3,0
MSTK,20260904,17,2.6,0.2946591776346621,0.3,0
MSTK,20260904,17,2.7,0.26128961274576973,0.3,0
MSTK,20260904,17,2.8,0.24775468347036783,0.3,0
MSTK,20260904,17,2.9,0.14365534368162763,0.3,0
MSTK,20260904,17,3.0,0.18196520917244868,0.3,0
MSTK,20260904,17,3.1,0.24415155342556327,0.3,0
MSTK,20260904,17,3.2,0.20228952498720376,0.3,0
MSTK,20260904,17,3.3,0.24679228557008845,0.3,0
MSTK,20260904,17,3.4,0.1594643455111553,0.3,0
MSTK,20260904,17,3.5,0.15408529678843205,0.3,0
MSTK,20260904,17,3.6,0.11874762749627894,0.3,0
MSTK,20260904,17,3.7,0.13744100683065447,0.3,0
MSTK,20260904,17,3.8,0.1238500548691627,0.3,0
MSTK,20260904,17,3.9,0.05564122209927535,0.3,0
MSTK,20260904,17,4.0,0.07411752351602752,0.3,0
MSTK,20260904,17,4.1,0.1574972626777546,0.3,0
MSTK,20260904,17,4.2,0.11113294955118673,0.3,0
MSTK,20260904,17,4.3,0.09671827585145644,0.3,0
MSTK,20260904,17,4.4,0.35092595729992004,0.3,1
MSTK,20260904,17,4.5,0.30599095983561075,0.3,1
MSTK,20260904,17,4.6,0.21032185023429759,0.3,0
MSTK,20260904,17,4.7,0.14221415701496418,0.3,0
MSTK,20260904,17,4.8,0.07651678312885235,0.3,0
MSTK,20260904,17,4.9,0.03634399006633757,0.3,0
MSTK,20260904,17,5.0,0.09782905698472696,0.3,0
MSTK,20260904,17,5.1,0.24376994127181711,0.3,0
MSTK,20260904,17,5.2,0.06335736848854845,0.3,0
MSTK,20260904,17,5.3,0.07639875500597082,0.3,0
MSTK,20260904,17,5.4,0.13107567095841602,0.3,0
MSTK,20260904,17,5.5,0.13599209192884873,0.3,0
MSTK,20260904,17,5.6,0.22107876054244024,0.3,0
MSTK,20260904,17,5.7,0.2866220347248207,0.3,0
MSTK,20260904,17,5.8,0.33208838412161573,0.3,1
MSTK,20260904,17,5.9,0.20472881643551058,0.3,0
MSTK,20260904,17,6.0,0.07233504257362541,0.3,0
MSTK,20260904,17,6.1,0.10835106414937197,0.3,0
MSTK,20260904,17,6.2,0.027819133761607807,0.3,0
MSTK,20260904,17,6.3,0.10640870816596876,0.3,0
MSTK,20260904,17,6.4,0.17093618707184638,0.3,0
MSTK,20260904,17,6.5,0.170178593634436,0.3,0
MSTK,20260904,17,6.6,0.08861345611709699,0.3,0
MSTK,20260904,17,6.7,0.15127193886046472,0.3,0
MSTK,20260904,17,6.8,0.13920521262542673,0.3,0
MSTK,20260904,17,6.9,0.2509443718708849,0.3,0
MSTK,20260904,17,7.0,0.08810125567438691,0.3,0
MSTK,20260904,17,7.1,0.1762353308011275,0.3,0
MSTK,20260904,17,7.2,0.10415923759935146,0.3,0
MSTK,20260904,17,7.3,0.037128916119212,0.3,0
MSTK,20260904,17,7.4,0.16393587650544605,0.3,0
MSTK,20260904,17,7.5,0.2269982894965719,0.3,0
MSTK,20260904,17,7.6,0.14499396180370114,0.3,0
MSTK,20260904,17,7.7,0.19013383233814313,0.3,0
MSTK,20260904,17,7.8,0.21313366725445923,0.3,0
MSTK,20260904,17,7.9,0.20603590909466288,0.3,0
MSTK,20260904,17,8.0,0.1409303697800796,0.3,0
MSTK,20260904,17,8.1,0.22244538189617696,0.3,0
MSTK,20260904,17,8.2,0.23194722858016217,0.3,0
MSTK,20260904,17,8.3,0.14605164989488553,0.3,0
MSTK,20260904,17,8.4,0.07048674510430826,0.3,0
MSTK,20260904,17,8.5,0.06509220344307483,0.3,0
MSTK,20260904,17,8.6,0.10386162547068334,0.3,0
MSTK,20260904,17,8.7,0.021520138762331664,0.3,0
MSTK,20260904,17,8.8,0.13849378039296725,0.3,0
MSTK,20260904,17,8.9,0.2401850506847143,0.3,0
MSTK,20260904,17,9.0,0.2116569544434365,0.3,0
MSTK,20260904,17,9.1,0.12129367918988211,0.3,0
MSTK,20260904,17,9.2,0.05674057495937432,0.3,0
MSTK,20260904,17,9.3,0.07905718511106313,0.3,0
MSTK,20260904,17,9.4,0.13523984177768375,0.3,0
MSTK,20260904,17,9.5,0.3001290878473871,0.3,1
MSTK,20260904,18,1.0,0.0872425141837392,0.3,0
MSTK,20260904,18,1.1,0.17026926233872197,0.3,0
MSTK,20260904,18,1.2,0.024254199683039292,0.3,0
MSTK,20260904,18,1.3,0.12739789228819387,0.3,0
MSTK,20260904,18,1.4,0.1494941347562109,0.3,0
MSTK,20260904,18,1.5,0.18012639913067907,0.3,0
MSTK,20260904,18,1.6,0.2752533773658644,0.3,0
MSTK,20260904,18,1.7,0.3705412851469026,0.3,1
MSTK,20260904,18,1.8,0.3141571664954679,0.3,1
MSTK,20260904,18,1.9,0.2097761312947116,0.3,0
MSTK,20260904,18,2.0,0.13966256130819107,0.3,0
MSTK,20260904,18,2.1,0.026804394979323378,0.3,0
MSTK,20260904,18,2.2,0.10878507927993776,0.3,0
MSTK,20260904,18,2.3,0.04099685009220694,0.3,0
MSTK,20260904,18,2.4,0.10404752780941613,0.3,0
MSTK,20260904,18,2.5,0.27072748535408264,0.3,0
MSTK,20260904,18,2.6,0.15321416575730357,0.3,0
MSTK,20260904,18,2.7,0.25298278384488143,0.3,0
MSTK,20260904,18,2.8,0.2422606669308197,0.3,0
MSTK,20260904,18,2.9,0.21818458392075404,0.3,0
MSTK,20260904,18,3.0,0.19294979139006896,0.3,0
MSTK,20260904,18,3.1,0.2283433400593777,0.3,0
MSTK,20260904,18,3.2,0.16264284613658148,0.3,0
MSTK,20260904,18,3.3,0.17603359414103237,0.3,0
MSTK,20260904,18,3.4,0.09383463257593187,0.3,0
MSTK,20260904,18,3.5,0.12854699266328798,0.3,0
MSTK,20260904,18,3.6,0.14359823277465025,0.3,0
MSTK,20260904,18,3.7,0.014222243860145712,0.3,0
MSTK,20260904,18,3.8,0.05609268819596967,0.3,0
MSTK,20260904,18,3.9,0.1132151701278746,0.3,0
MSTK,20260904,18,4.0,0.08485456281322097,0.3,0
MSTK,20260904,18,4.1,0.19171343697240226,0.3,0
MSTK,20260904,18,4.2,0.17087070092221507,0.3,0
MSTK,20260904,18,4.3,0.13145694420374676,0.3,0
MSTK,20260904,18,4.4,0.25991067158620035,0.3,0
MSTK,20260904,18,4.5,0.0945811407836084,0.3,0
MSTK,20260904,18,4.6,0.12252048573636033,0.3,0
MSTK,20260904,18,4.7,0.03356182579165345,0.3,0
MSTK,20260904,18,4.8,0.18374949023647907,0.3,0
MSTK,20260904,18,4.9,0.2388713550732345,0.3,0
MSTK,20260904,18,5.0,0.15669621199894884,0.3,0
MSTK,20260904,18,5.1,0.09423172802815304,0.3,0
MSTK,20260904,18,5.2,0.16246467943759899,0.3,0
MSTK,20260904,18,5.3,0.18174515610566896,0.3,0
MSTK,20260904,18,5.4,0.06142983392905719,0.3,0
MSTK,20260904,18,5.5,0.08683543372907415,0.3,0
MSTK,20260904,18,5.6,0.13824672493039833,0.3,0
MSTK,20260904,18,5.7,0.18682905393243776,0.3,0
MSTK,20260904,18,5.8,0.12978394089345335,0.3,0
MSTK,20260904,18,5.9,0.13088694715940158,0.3,0
MSTK,20260904,18,6.0,0.2180753403972699,0.3,0
MSTK,20260904,18,6.1,0.24999380676726563,0.3,0
MSTK,20260904,18,6.2,0.1315519096160144,0.3,0
MSTK,20260904,18,6.3,0.05222411733241446,0.3,0
MSTK,20260904,18,6.4,0.13598289721847542,0.3,0
MSTK,20260904,18,6.5,0.08742974887766085,0.3,0
MSTK,20260904,18,6.6,0.1993344681479429,0.3,0
MSTK,20260904,18,6.7,0.25089696256498395,0.3,0
MSTK,20260904,18,6.8,0.14802839744694865,0.3,0
MSTK,20260904,18,6.9,0.14123866201539173,0.3,0
MSTK,20260904,18,7.0,0.09904533372623366,0.3,0
MSTK,20260904,18,7.1,0.14693250580105974,0.3,0
MSTK,20260904,18,7.2,0.10819717087510713,0.3,0
MSTK,20260904,18,7.3,0.23561733749208855,0.3,0
MSTK,20260904,18,7.4,0.2143670534414144,0.3,0
MSTK,20260904,18,7.5,0.16116740224569118,0.3,0
MSTK,20260904,18,7.6,0.18857006328350426,0.3,0
MSTK,20260904,18,7.7,0.012463302445590137,0.3,0
MSTK,20260904,18,7.8,0.05451058668280294,0.3,0
MSTK,20260904,18,7.9,0.05061846693652611,0.3,0
MSTK,20260904,18,8.0,0.15336412654866352,0.3,0
MSTK,20260904,18,8.1,0.12675766471950825,0.3,0
MSTK,20260904,18,8.2,0.22710158674969122,0.3,0
MSTK,20260904,18,8.3,0.2086196518961582,0.3,0
MSTK,20260904,18,8.4,0.08103016370476164,0.3,0
MSTK,20260904,18,8.5,0.08696832020248249,0.3,0
MSTK,20260904,18,8.6,0.13150884509137928,0.3,0
MSTK,20260904,18,8.7,0.2610926271722046,0.3,0
MSTK,20260904,18,8.8,0.19230170383707595,0.3,0
MSTK,20260904,18,8.9,0.09957551128344959,0.3,0
MSTK,20260904,18,9.0,0.16540174985385064,0.3,0
MSTK,20260904,18,9.1,0.061213314115086355,0.3,0
MSTK,20260904,18,9.2,0.1387806459495074,0.3,0
MSTK,20260904,18,9.3,0.1596345116090519,0.3,0
MSTK,20260904,18,9.4,0.034560639219817016,0.3,0
MSTK,20260904,18,9.5,0.22128037002364445,0.3,0
MSTK,20260904,19,1.0,0.144150801030704,0.3,0
MSTK,20260904,19,1.1,0.2148042512090516,0.3,0
MSTK,20260904,19,1.2,0.3592545195650545,0.3,1
MSTK,20260904,19,1.3,0.18360868144655598,0.3,0
MSTK,20260904,19,1.4,0.07450102497213394,0.3,0
MSTK,20260904,19,1.5,0.09430470358178013,0.3,0
MSTK,20260904,19,1.6,0.1277000913602082,0.3,0
MSTK,20260904,19,1.7,0.18561391471246522,0.3,0
MSTK,20260904,19,1.8,0.0942261261423199,0.3,0
MSTK,20260904,19,1.9,0.14931842515934354,0.3,0
MSTK,20260904,19,2.0,0.18265553112591507,0.3,0
MSTK,20260904,19,2.1,0.3330430847668272,0.3,1
MSTK,20260904,19,2.2,0.3242207776342496,0.3,1
MSTK,20260904,19,2.3,0.2461818918717899,0.3,0
MSTK,20260904,19,2.4,0.22859456806677736,0.3,0
MSTK,20260904,19,2.5,0.22608645617555867,0.3,0
MSTK,20260904,19,2.6,0.1317584350378663,0.3,0
MSTK,20260904,19,2.7,0.028182385012715864,0.3,0
MSTK,20260904,19,2.8,0.21195885725686692,0.3,0
MSTK,20260904,19,2.9,0.25255683509141286,0.3,0
MSTK,20260904,19,3.0,0.1394614729207375,0.3,0
MSTK,20260904,19,3.1,0.2854807668240743,0.3,0
MSTK,20260904,19,3.2,0.23034824355385816,0.3,0
MSTK,20260904,19,3.3,0.20182937870665263,0.3,0
MSTK,20260904,19,3.4,0.054758887170800734,0.3,0
MSTK,20260904,19,3.5,0.18962143818178356,0.3,0
MSTK,20260904,19,3.6,0.1439604154404204,0.3,0
MSTK,20260904,19,3.7,0.1760077268729271,0.3,0
MSTK,20260904,19,3.8,0.215373801412525,0.3,0
MSTK,20260904,19,3.9,0.07078998456384727,0.3,0
MSTK,20260904,19,4.0,0.20932015692679867,0.3,0
MSTK,20260904,19,4.1,0.26112149649387856,0.3,0
MSTK,20260904,19,4.2,0.12138040746029068,0.3,0
MSTK,20260904,19,4.3,0.06527191726951519,0.3,0
MSTK,20260904,19,4.4,0.14857126000897775,0.3,0
MSTK,20260904,19,4.5,0.13896983841700686,0.3,0
MSTK,20260904,19,4.6,0.027946353735683365,0.3,0
MSTK,20260904,19,4.7,0.00664034259171295,0.3,0
MSTK,20260904,19,4.8,0.04394584972103202,0.3,0
MSTK,20260904,19,4.9,0.05397894353559297,0.3,0
MSTK,20260904,19,5.0,0.10148566305992232,0.3,0
MSTK,20260904,19,5.1,0.05273446236324989,0.3,0
MSTK,20260904,19,5.2,0.15098257177077196,0.3,0
MSTK,20260904,19,5.3,0.16494804587659068,0.3,0
MSTK,20260904,19,5.4,0.17646808562741773,0.3,0
MSTK,20260904,19,5.5,0.22415209028588826,0.3,0
MSTK,20260904,19,5.6,0.2577790525298663,0.3,0
MSTK,20260904,19,5.7,0.35357513654718725,0.3,1
MSTK,20260904,19,5.8,0.23545951527108477,0.3,0
MSTK,20260904,19,5.9,0.1703771485530864,0.3,0
MSTK,20260904,19,6.0,0.1977218095928791,0.3,0
MSTK,20260904,19,6.1,0.11462474840971655,0.3,0
MSTK,20260904,19,6.2,0.16440132455092987,0.3,0
MSTK,20260904,19,6.3,0.1848409644137071,0.3,0
MSTK,20260904,19,6.4,0.0893567638508691,0.3,0
MSTK,20260904,19,6.5,0.23009768166075775,0.3,0
MSTK,20260904,19,6.6,0.2804778046384319,0.3,0
MSTK,20260904,19,6.7,0.13510058452518733,0.3,0
MSTK,20260904,19,6.8,0.1761452667729837,0.3,0
MSTK,20260904,19,6.9,0.025472582440489888,0.3,0
MSTK,20260904,19,7.0,0.18056923624419788,0.3,0
MSTK,20260904,19,7.1,0.35961102264413397,0.3,1
MSTK,20260904,19,7.2,0.13552569286841706,0.3,0
MSTK,20260904,19,7.3,0.13915915694169478,0.3,0
MSTK,20260904,19,7.4,0.04794608979534192,0.3,0
MSTK,20260904,19,7.5,0.13430945504919553,0.3,0
MSTK,20260904,19,7.6,0.23501449262287166,0.3,0
MSTK,20260904,19,7.7,0.026800567640175268,0.3,0
MSTK,20260904,19,7.8,0.1649538816921798,0.3,0
MSTK,20260904,19,7.9,0.08774168414645238,0.3,0
MSTK,20260904,19,8.0,0.09890294117758701,0.3,0
MSTK,20260904,19,8.1,0.08183078743392624,0.3,0
MSTK,20260904,19,8.2,0.12630614823642178,0.3,0
MSTK,20260904,19,8.3,0.2312827555103251,0.3,0
MSTK,20260904,19,8.4,0.3039822790087194,0.3,1
MSTK,20260904,19,8.5,0.2508489766578789,0.3,0
MSTK,20260904,19,8.6,0.288018677971586,0.3,0
MSTK,20260904,19,8.7,0.07464164553456457,0.3,0
MSTK,20260904,19,8.8,0.05899738770459851,0.3,0
MSTK,20260904,19,8.9,0.051560820253571484,0.3,0
MSTK,20260904,19,9.0,0.09247077566764314,0.3,0
MSTK,20260904,19,9.1,0.14490666208090863,0.3,0
MSTK,20260904,19,9.2,0.1682733514894711,0.3,0
MSTK,20260904,19,9.3,0.186270924433182,0.3,0
MSTK,20260904,19,9.4,0.08457022361432211,0.3,0
MSTK,20260904,19,9.5,0.0628190569819896,0.3,0
MSTK,20260904,20,1.0,0.2509768759750824,0.30969529162286347,0
MSTK,20260904,20,1.1,0.2597171488880774,0.30969529162286347,0
MSTK,20260904,20,1.2,0.18198455909512387,0.30969529162286347,0
MSTK,20260904,20,1.3,0.22748157762341065,0.30969529162286347,0
MSTK,20260904,20,1.4,0.1958391062643409,0.30969529162286347,0
MSTK,20260904,20,1.5,0.17582596963737798,0.30969529162286347,0
MSTK,20260904,20,1.6,0.3511769753104174,0.30969529162286347,1
MSTK,20260904,20,1.7,0.20030626823372003,0.30969529162286347,0
MSTK,20260904,20,1.8,0.12729776126418288,0.30969529162286347,0
MSTK,20260904,20,1.9,0.05812806570900963,0.30969529162286347,0
MSTK,20260904,20,2.0,0.12985919043793204,0.30969529162286347,0
MSTK,20260904,20,2.1,0.19206056018592516,0.30969529162286347,0
MSTK,20260904,20,2.2,0.1924469614620755,0.30969529162286347,0
MSTK,20260904,20,2.3,0.20635415381667463,0.30969529162286347,0
MSTK,20260904,20,2.4,0.18798304293149648,0.30969529162286347,0
MSTK,20260904,20,2.5,0.08427802305749973,0.30969529162286347,0
MSTK,20260904,20,2.6,0.23620231072809947,0.30969529162286347,0
MSTK,20260904,20,2.7,0.32088559020886875,0.30969529162286347,1
MSTK,20260904,20,2.8,0.3957398432610193,0.30969529162286347,1
MSTK,20260904,20,2.9,0.2583404741602209,0.30969529162286347,0
MSTK,20260904,20,3.0,0.09725243338899892,0.30969529162286347,0
MSTK,20260904,20,3.1,0.04594966021583796,0.30969529162286347,0
MSTK,20260904,20,3.2,0.15083056389281585,0.30969529162286347,0
MSTK,20260904,20,3.3,0.09192240947941314,0.30969529162286347,0
MSTK,20260904,20,3.4,0.0521677836473173,0.30969529162286347,0
MSTK,20260904,20,3.5,0.08410438499964022,0.30969529162286347,0
MSTK,20260904,20,3.6,0.04263501862063355,0.30969529162286347,0
MSTK,20260904,20,3.7,0.15562041762259307,0.30969529162286347,0
MSTK,20260904,20,3.8,0.13881247624978021,0.30969529162286347,0
MSTK,20260904,20,3.9,0.2847730605157199,0.30969529162286347,0
MSTK,20260904,20,4.0,0.331756317615502,0.30969529162286347,1
MSTK,20260904,20,4.1,0.31148081780577386,0.30969529162286347,1
MSTK,20260904,20,4.2,0.32878579874976277,0.30969529162286347,1
MSTK,20260904,20,4.3,0.31299381017448835,0.30969529162286347,1
MSTK,20260904,20,4.4,0.2573740954373593,0.30969529162286347,0
MSTK,20260904,20,4.5,0.21932823004308596,0.30969529162286347,0
MSTK,20260904,20,4.6,0.048400868307791785,0.30969529162286347,0
MSTK,20260904,20,4.7,0.17574408039091308,0.30969529162286347,0
MSTK,20260904,20,4.8,0.07800188291266769,0.30969529162286347,0
MSTK,20260904,20,4.9,0.0997498602964572,0.30969529162286347,0
MSTK,20260904,20,5.0,0.24224911526596077,0.30969529162286347,0
MSTK,20260904,20,5.1,0.22310638911987188,0.30969529162286347,0
MSTK,20260904,20,5.2,0.14456985942962736,0.30969529162286347,0
MSTK,20260904,20,5.3,0.05222277382901056,0.30969529162286347,0
MSTK,20260904,20,5.4,0.14271716352182331,0.30969529162286347,0
MSTK,20260904,20,5.5,0.07780571823383116,0.30969529162286347,0
MSTK,20260904,20,5.6,0.15869831974931373,0.30969529162286347,0
MSTK,20260904,20,5.7,0.1197108755261661,0.30969529162286347,0
MSTK,20260904,20,5.8,0.20195615294572397,0.30969529162286347,0
MSTK,20260904,20,5.9,0.1409298225952557,0.30969529162286347,0
MSTK,20260904,20,6.0,0.044870720550532,0.30969529162286347,0
MSTK,20260904,20,6.1,0.027481490917977216,0.30969529162286347,0
MSTK,20260904,20,6.2,0.041617730020954605,0.30969529162286347,0
MSTK,20260904,20,6.3,0.15508651711068114,0.30969529162286347,0
MSTK,20260904,20,6.4,0.19145980723610692,0.30969529162286347,0
MSTK,20260904,20,6.5,0.12079344798873957,0.30969529162286347,0
MSTK,20260904,20,6.6,0.09248397406831614,0.30969529162286347,0
MSTK,20260904,20,6.7,0.15569220213560125,0.30969529162286347,0
MSTK,20260904,20,6.8,0.1437091057364903,0.30969529162286347,0
MSTK,20260904,20,6.9,0.2839648141464875,0.30969529162286347,0
MSTK,20260904,20,7.0,0.22979919857408812,0.30969529162286347,0
MSTK,20260904,20,7.1,0.19510730788228695,0.30969529162286347,0
MSTK,20260904,20,7.2,0.13983149491349015,0.30969529162286347,0
MSTK,20260904,20,7.3,0.0918357496183445,0.30969529162286347,0
MSTK,20260904,20,7.4,0.16011763417041822,0.30969529162286347,0
MSTK,20260904,20,7.5,0.2432312013710482,0.30969529162286347,0
MSTK,20260904,20,7.6,0.18871670807821925,0.30969529162286347,0
MSTK,20260904,20,7.7,0.12349429849428453,0.30969529162286347,0
MSTK,20260904,20,7.8,0.0860384869645915,0.30969529162286347,0
MSTK,20260904,20,7.9,0.2797743541583527,0.30969529162286347,0
MSTK,20260904,20,8.0,0.30098446013026875,0.30969529162286347,0
MSTK,20260904,20,8.1,0.3249360554939538,0.30969529162286347,1
MSTK,20260904,20,8.2,0.23897602301813078,0.30969529162286347,0
MSTK,20260904,20,8.3,0.060799595170069866,0.30969529162286347,0
MSTK,20260904,20,8.4,0.2192879711596599,0.30969529162286347,0
MSTK,20260904,20,8.5,0.32063377550416794,0.30969529162286347,1
MSTK,20260904,20,8.6,0.3239318050013322,0.30969529162286347,1
MSTK,20260904,20,8.7,0.07050960459998368,0.30969529162286347,0
MSTK,20260904,20,8.8,0.09310740139660446,0.30969529162286347,0
MSTK,20260904,20,8.9,0.19369243700473437,0.30969529162286347,0
MSTK,20260904,20,9.0,0.19374909510858287,0.30969529162286347,0
MSTK,20260904,20,9.1,0.1282049670956974,0.30969529162286347,0
MSTK,20260904,20,9.2,0.205348203559704,0.30969529162286347,0
MSTK,20260904,20,9.3,0.09965472084608752,0.30969529162286347,0
MSTK,20260904,20,9.4,0.20057050116112576,0.30969529162286347,0
MSTK,20260904,20,9.5,0.031941182251316244,0.30969529162286347,0
MSTK,20260904,21,1.0,0.11997110721989102,0.3,0
MSTK,20260904,21,1.1,0.137560703103441,0.3,0
MSTK,20260904,21,1.2,0.12998792094864964,0.3,0
MSTK,20260904,21,1.3,0.1310042332500366,0.3,0
MSTK,20260904,21,1.4,0.143041299316717,0.3,0
MSTK,20260904,21,1.5,0.04197823563785548,0.3,0
MSTK,20260904,21,1.6,0.13420974701807056,0.3,0
MSTK,20260904,21,1.7,0.12187538915585398,0.3,0
MSTK,20260904,21,1.8,0.10460464099724447,0.3,0
MSTK,20260904,21,1.9,0.11193369738453858,0.3,0
MSTK,20260904,21,2.0,0.1276094118582053,0.3,0
MSTK,20260904,21,2.1,0.13892283123996618,0.3,0
MSTK,20260904,21,2.2,0.11041898664945743,0.3,0
MSTK,20260904,21,2.3,0.1807249950010491,0.3,0
MSTK,20260904,21,2.4,0.09742968061316884,0.3,0
MSTK,20260904,21,2.5,0.11432788647114396,0.3,0
MSTK,20260904,21,2.6,0.12677342050627194,0.3,0
MSTK,20260904,21,2.7,0.22097143385269608,0.3,0
MSTK,20260904,21,2.8,0.23397075583240948,0.3,0
MSTK,20260904,21,2.9,0.29857013563929247,0.3,0
MSTK,20260904,21,3.0,0.15253388896507847,0.3,0
MSTK,20260904,21,3.1,0.13569655735279523,0.3,0
MSTK,20260904,21,3.2,0.08971830407148872,0.3,0
MSTK,20260904,21,3.3,0.05634148318174093,0.3,0
MSTK,20260904,21,3.4,0.1417617411341578,0.3,0
MSTK,20260904,21,3.5,0.0654372629507184,0.3,0
MSTK,20260904,21,3.6,0.16517913408716456,0.3,0
MSTK,20260904,21,3.7,0.2578350734494019,0.3,0
MSTK,20260904,21,3.8,0.1670730402097628,0.3,0
MSTK,20260904,21,3.9,0.1649411330764533,0.3,0
MSTK,20260904,21,4.0,0.19218247616601838,0.3,0
MSTK,20260904,21,4.1,0.21443187837303032,0.3,0
MSTK,20260904,21,4.2,0.24305599135824907,0.3,0
MSTK,20260904,21,4.3,0.07836268872003722,0.3,0
MSTK,20260904,21,4.4,0.12022891747450204,0.3,0
MSTK,20260904,21,4.5,0.04005040257505399,0.3,0
MSTK,20260904,21,4.6,0.17573888462712892,0.3,0
MSTK,20260904,21,4.7,0.14324645850197743,0.3,0
MSTK,20260904,21,4.8,0.03799778686429492,0.3,0
MSTK,20260904,21,4.9,0.056422013867123,0.3,0
MSTK,20260904,21,5.0,0.08708866208037233,0.3,0
MSTK,20260904,21,5.1,0.11826150009998003,0.3,0
MSTK,20260904,21,5.2,0.18527160068710408,0.3,0
MSTK,20260904,21,5.3,0.21326563528952844,0.3,0
MSTK,20260904,21,5.4,0.2475126955324592,0.3,0
MSTK,20260904,21,5.5,0.3097166151292997,0.3,1
MSTK,20260904,21,5.6,0.3301036060123513,0.3,1
MSTK,20260904,21,5.7,0.17588323043766163,0.3,0
MSTK,20260904,21,5.8,0.08829210935856778,0.3,0
MSTK,20260904,21,5.9,0.07981089968194145,0.3,0
MSTK,20260904,21,6.0,0.29624302672485725,0.3,0
MSTK,20260904,21,6.1,0.3434736384325235,0.3,1
MSTK,20260904,21,6.2,0.4202593896853159,0.3,1
MSTK,20260904,21,6.3,0.19473169803032922,0.3,0
MSTK,20260904,21,6.4,0.21911093724665312,0.3,0
MSTK,20260904,21,6.5,0.17990819562658408,0.3,0
MSTK,20260904,21,6.6,0.11573737736393501,0.3,0
MSTK,20260904,21,6.7,0.17254990524945257,0.3,0
MSTK,20260904,21,6.8,0.07165339468899988,0.3,0
MSTK,20260904,21,6.9,0.07776551404727676,0.3,0
MSTK,20260904,21,7.0,0.08280974913919283,0.3,0
MSTK,20260904,21,7.1,0.1461410319181372,0.3,0
MSTK,20260904,21,7.2,0.09815331094819779,0.3,0
MSTK,20260904,21,7.3,0.2727374265461118,0.3,0
MSTK,20260904,21,7.4,0.27721162373603153,0.3,0
MSTK,20260904,21,7.5,0.23277739499927544,0.3,0
MSTK,20260904,21,7.6,0.2520712281094646,0.3,0
MSTK,20260904,21,7.7,0.21551398352790152,0.3,0
MSTK,20260904,21,7.8,0.08648656756083738,0.3,0
MSTK,20260904,21,7.9,0.05252497022997537,0.3,0
MSTK,20260904,21,8.0,0.07451962515422175,0.3,0
MSTK,20260904,21,8.1,0.0906130873047268,0.3,0
MSTK,20260904,21,8.2,0.12670253845230778,0.3,0
MSTK,20260904,21,8.3,0.02419867435729909,0.3,0
MSTK,20260904,21,8.4,0.15247084310859238,0.3,0
MSTK,20260904,21,8.5,0.2255581065840777,0.3,0
MSTK,20260904,21,8.6,0.21805663916464255,0.3,0
MSTK,20260904,21,8.7,0.3124653548619989,0.3,1
MSTK,20260904,21,8.8,0.12214520208379062,0.3,0
MSTK,20260904,21,8.9,0.039974075670982004,0.3,0
MSTK,20260904,21,9.0,0.18517209508763585,0.3,0
MSTK,20260904,21,9.1,0.16154703295986905,0.3,0
MSTK,20260904,21,9.2,0.20205546360768928,0.3,0
MSTK,20260904,21,9.3,0.07799340738289688,0.3,0
MSTK,20260904,21,9.4,0.11267409369506272,0.3,0
MSTK,20260904,21,9.5,0.1366437563498562,0.3,0
MSTK,20260904,22,1.0,0.04781142519616547,0.3,0
MSTK,20260904,22,1.1,0.034475670614950805,0.3,0
MSTK,20260904,22,1.2,0.18887212363655345,0.3,0
MSTK,20260904,22,1.3,0.07458114725863701,0.3,0
MSTK,20260904,22,1.4,0.03638874517850527,0.3,0
MSTK,20260904,22,1.5,0.0214691731751915,0.3,0
MSTK,20260904,22,1.6,0.01958201538526172,0.3,0
MSTK,20260904,22,1.7,0.2712700201353411,0.3,0
MSTK,20260904,22,1.8,0.18577276162047562,0.3,0
MSTK,20260904,22,1.9,0.1002245344145553,0.3,0
MSTK,20260904,22,2.0,0.11388725759089516,0.3,0
MSTK,20260904,22,2.1,0.01942603937112249,0.3,0
MSTK,20260904,22,2.2,0.16268911338182035,0.3,0
MSTK,20260904,22,2.3,0.30091600550933,0.3,1
MSTK,20260904,22,2.4,0.300307858412969,0.3,1
MSTK,20260904,22,2.5,0.31718552355502305,0.3,1
MSTK,20260904,22,2.6,0.3246265318361191,0.3,1
MSTK,20260904,22,2.7,0.2718294676550692,0.3,0
MSTK,20260904,22,2.8,0.3497190824876865,0.3,1
MSTK,20260904,22,2.9,0.21118885352681172,0.3,0
MSTK,20260904,22,3.0,0.15491686794432255,0.3,0
MSTK,20260904,22,3.1,0.2570558714185348,0.3,0
MSTK,20260904,22,3.2,0.19829007210160166,0.3,0
MSTK,20260904,22,3.3,0.1824800881544059,0.3,0
MSTK,20260904,22,3.4,0.04490942573093306,0.3,0
MSTK,20260904,22,3.5,0.15363352721476206,0.3,0
MSTK,20260904,22,3.6,0.1586503763126161,0.3,0
MSTK,20260904,22,3.7,0.2207136066740669,0.3,0
MSTK,20260904,22,3.8,0.11156211510225295,0.3,0
MSTK,20260904,22,3.9,0.08642328758530006,0.3,0
MSTK,20260904,22,4.0,0.13917171753907842,0.3,0
MSTK,20260904,22,4.1,0.14995840082245548,0.3,0
MSTK,20260904,22,4.2,0.28527921399871525,0.3,0
MSTK,20260904,22,4.3,0.34133408367895135,0.3,1
MSTK,20260904,22,4.4,0.2583297837833087,0.3,0
MSTK,20260904,22,4.5,0.0871409131268595,0.3,0
MSTK,20260904,22,4.6,0.04211259194356213,0.3,0
MSTK,20260904,22,4.7,0.07033402288496199,0.3,0
MSTK,20260904,22,4.8,0.20905738363988147,0.3,0
MSTK,20260904,22,4.9,0.1739913852451276,0.3,0
MSTK,20260904,22,5.0,0.09107549340715504,0.3,0
MSTK,20260904,22,5.1,0.10776394297295364,0.3,0
MSTK,20260904,22,5.2,0.06717550567596187,0.3,0
MSTK,20260904,22,5.3,0.05962164066892497,0.3,0
MSTK,20260904,22,5.4,0.17040350193593004,0.3,0
MSTK,20260904,22,5.5,0.07894614123786146,0.3,0
MSTK,20260904,22,5.6,0.09029355289908297,0.3,0
MSTK,20260904,22,5.7,0.1239484436581156,0.3,0
MSTK,20260904,22,5.8,0.07166538913053391,0.3,0
MSTK,20260904,22,5.9,0.11023968650351941,0.3,0
MSTK,20260904,22,6.0,0.1997639857539577,0.3,0
MSTK,20260904,22,6.1,0.198738775215424,0.3,0
MSTK,20260904,22,6.2,0.12662568661724147,0.3,0
MSTK,20260904,22,6.3,0.19334672430639233,0.3,0
MSTK,20260904,22,6.4,0.10064285556100666,0.3,0
MSTK,20260904,22,6.5,0.23258467756394438,0.3,0
MSTK,20260904,22,6.6,0.21496930348902163,0.3,0
MSTK,20260904,22,6.7,0.19828476236788925,0.3,0
MSTK,20260904,22,6.8,0.05217547773563919,0.3,0
MSTK,20260904,22,6.9,0.05239154821295788,0.3,0
MSTK,20260904,22,7.0,0.19759257616972395,0.3,0
MSTK,20260904,22,7.1,0.3523676037052434,0.3,1
MSTK,20260904,22,7.2,0.1211494196760185,0.3,0
MSTK,20260904,22,7.3,0.3063548619081904,0.3,1
MSTK,20260904,22,7.4,0.3048709346300097,0.3,1
MSTK,20260904,22,7.5,0.31899131985776236,0.3,1
MSTK,20260904,22,7.6,0.22638698080890038,0.3,0
MSTK,20260904,22,7.7,0.08522213709390213,0.3,0
MSTK,20260904,22,7.8,0.09775603422398696,0.3,0
MSTK,20260904,22,7.9,0.10317436922150999,0.3,0
MSTK,20260904,22,8.0,0.1786920839708325,0.3,0
MSTK,20260904,22,8.1,0.24609637660188216,0.3,0
MSTK,20260904,22,8.2,0.18279082342869366,0.3,0
MSTK,20260904,22,8.3,0.08345089993799093,0.3,0
MSTK,20260904,22,8.4,0.15672373454518215,0.3,0
MSTK,20260904,22,8.5,0.18039747749423318,0.3,0
MSTK,20260904,22,8.6,0.23265828588024323,0.3,0
MSTK,20260904,22,8.7,0.15347134433480167,0.3,0
MSTK,20260904,22,8.8,0.15202289687710593,0.3,0
MSTK,20260904,22,8.9,0.14192664500237656,0.3,0
MSTK,20260904,22,9.0,0.07627520628104267,0.3,0
MSTK,20260904,22,9.1,0.11332002551159687,0.3,0
MSTK,20260904,22,9.2,0.08768944087581114,0.3,0
MSTK,20260904,22,9.3,0.13860848564793934,0.3,0
MSTK,20260904,22,9.4,0.01214450257815132,0.3,0
MSTK,20260904,22,9.5,0.10877984217566082,0.3,0
MSTK,20260904,23,1.0,0.09516421448875076,0.3,0
MSTK,20260904,23,1.1,0.09579553301216494,0.3,0
MSTK,20260904,23,1.2,0.11239131215704729,0.3,0
MSTK,20260904,23,1.3,0.16610006877408892,0.3,0
MSTK,20260904,23,1.4,0.19723427297303603,0.3,0
MSTK,20260904,23,1.5,0.2927192783805609,0.3,0
MSTK,20260904,23,1.6,0.2087659167329647,0.3,0
MSTK,20260904,23,1.7,0.10164982047816037,0.3,0
MSTK,20260904,23,1.8,0.06344080303230049,0.3,0
MSTK,20260904,23,1.9,0.17188741407891062,0.3,0
MSTK,20260904,23,2.0,0.09005732995062848,0.3,0
MSTK,20260904,23,2.1,0.05043068484836108,0.3,0
MSTK,20260904,23,2.2,0.03757107995899523,0.3,0
MSTK,20260904,23,2.3,0.1461888335035694,0.3,0
MSTK,20260904,23,2.4,0.16351397365144082,0.3,0
MSTK,20260904,23,2.5,0.0886529124933784,0.3,0
MSTK,20260904,23,2.6,0.21493661851627086,0.3,0
MSTK,20260904,23,2.7,0.20623370581583278,0.3,0
MSTK,20260904,23,2.8,0.26933818193188486,0.3,0
MSTK,20260904,23,2.9,0.21226495106928736,0.3,0
MSTK,20260904,23,3.0,0.11227032307117314,0.3,0
MSTK,20260904,23,3.1,0.17954012877147876,0.3,0
MSTK,20260904,23,3.2,0.19121083941784942,0.3,0
MSTK,20260904,23,3.3,0.09868714459208731,0.3,0
MSTK,20260904,23,3.4,0.23930824325287917,0.3,0
MSTK,20260904,23,3.5,0.281230433334958,0.3,0
MSTK,20260904,23,3.6,0.33692401922737936,0.3,1
MSTK,20260904,23,3.7,0.1937217886107534,0.3,0
MSTK,20260904,23,3.8,0.11329027336079998,0.3,0
MSTK,20260904,23,3.9,0.0954363838640042,0.3,0
MSTK,20260904,23,4.0,0.03498731962327254,0.3,0
MSTK,20260904,23,4.1,0.1399046823734003,0.3,0
MSTK,20260904,23,4.2,0.20790361424369183,0.3,0
MSTK,20260904,23,4.3,0.11062861337060605,0.3,0
MSTK,20260904,23,4.4,0.1844943041226856,0.3,0
MSTK,20260904,23,4.5,0.05443641419607951,0.3,0
MSTK,20260904,23,4.6,0.13955650310138237,0.3,0
MSTK,20260904,23,4.7,0.14390330009618146,0.3,0
MSTK,20260904,23,4.8,0.1420171130607254,0.3,0
MSTK,20260904,23,4.9,0.1354776265561193,0.3,0
MSTK,20260904,23,5.0,0.09394837277274248,0.3,0
MSTK,20260904,23,5.1,0.18092288793248754,0.3,0
MSTK,20260904,23,5.2,0.2650269595100944,0.3,0
MSTK,20260904,23,5.3,0.23242366708413215,0.3,0
MSTK,20260904,23,5.4,0.12396460249894962,0.3,0
MSTK,20260904,23,5.5,0.16084391221639613,0.3,0
MSTK,20260904,23,5.6,0.2795707187483092,0.3,0
MSTK,20260904,23,5.7,0.34894263587467517,0.3,1
MSTK,20260904,23,5.8,0.3560959077558292,0.3,1
MSTK,20260904,23,5.9,0.24271691757707106,0.3,0
MSTK,20260904,23,6.0,0.1559459419318032,0.3,0
MSTK,20260904,23,6.1,0.11366583084029634,0.3,0
MSTK,20260904,23,6.2,0.04836784346512539,0.3,0
MSTK,20260904,23,6.3,0.02222585849616445,0.3,0
MSTK,20260904,23,6.4,0.2252380511711526,0.3,0
MSTK,20260904,23,6.5,0.31930889984077426,0.3,1
MSTK,20260904,23,6.6,0.24211923720067755,0.3,0
MSTK,20260904,23,6.7,0.13623545794528846,0.3,0
MSTK,20260904,23,6.8,0.18916653725920202,0.3,0
MSTK,20260904,23,6.9,0.30335165082874926,0.3,1
MSTK,20260904,23,7.0,0.22416942492457534,0.3,0
MSTK,20260904,23,7.1,0.19096604910639575,0.3,0
MSTK,20260904,23,7.2,0.08300469452554386,0.3,0
MSTK,20260904,23,7.3,0.10489587921978624,0.3,0
MSTK,20260904,23,7.4,0.16194434134523783,0.3,0
MSTK,20260904,23,7.5,0.11032145752366897,0.3,0
MSTK,20260904,23,7.6,0.11323094588013982,0.3,0
MSTK,20260904,23,7.7,0.06192751512127691,0.3,0
MSTK,20260904,23,7.8,0.07546600272445331,0.3,0
MSTK,20260904,23,7.9,0.1738010768827402,0.3,0
MSTK,20260904,23,8.0,0.12413977701016464,0.3,0
MSTK,20260904,23,8.1,0.06556759128637679,0.3,0
MSTK,20260904,23,8.2,0.050408089202893955,0.3,0
MSTK,20260904,23,8.3,0.1248814829708547,0.3,0
MSTK,20260904,23,8.4,0.16833867775409736,0.3,0
MSTK,20260904,23,8.5,0.2415324103681563,0.3,0
MSTK,20260904,23,8.6,0.13142095649677343,0.3,0
MSTK,20260904,23,8.7,0.1621184658986363,0.3,0
MSTK,20260904,23,8.8,0.2254029988997431,0.3,0
MSTK,20260904,23,8.9,0.08819439992801507,0.3,0
MSTK,20260904,23,9.0,0.023010098043495346,0.3,0
MSTK,20260904,23,9.1,0.11585006325427341,0.3,0
MSTK,20260904,23,9.2,0.14691102872235082,0.3,0
MSTK,20260904,23,9.3,0.22038415982626472,0.3,0
MSTK,20260904,23,9.4,0.17473727980389853,0.3,0
MSTK,20260904,23,9.5,0.12851544737455192,0.3,0
PINA,20260904,0,1.0,0.1790731159913321,0.36315887885018705,0
PINA,20260904,0,1.1,0.22941894951175282,0.36315887885018705,0
PINA,20260904,0,1.2,0.37716272210162,0.36315887885018705,1
PINA,20260904,0,1.3,0.476645125841334,0.36315887885018705,1
PINA,20260904,0,1.4,0.2034541534433017,0.36315887885018705,0
PINA,20260904,0,1.5,0.13656905937882582,0.36315887885018705,0
PINA,20260904,0,1.6,0.18987960644875326,0.36315887885018705,0
PINA,20260904,0,1.7,0.26533341088549206,0.36315887885018705,0
PINA,20260904,0,1.8,0.3349936047548823,0.36315887885018705,0
PINA,20260904,0,1.9,0.3007562093601432,0.36315887885018705,0
PINA,20260904,0,2.0,0.2728901708437066,0.36315887885018705,0
PINA,20260904,0,2.1,0.3198250320727221,0.36315887885018705,0
PINA,20260904,0,2.2,0.40843505591843804,0.36315887885018705,1
PINA,20260904,0,2.3,0.27192549403112454,0.36315887885018705,0
PINA,20260904,0,2.4,0.22793276292792214,0.36315887885018705,0
PINA,20260904,0,2.5,0.1495079732011436,0.36315887885018705,0
PINA,20260904,0,2.6,0.155939953766645,0.36315887885018705,0
PINA,20260904,0,2.7,0.21372501411363323,0.36315887885018705,0
PINA,20260904,0,2.8,0.21047796100484525,0.36315887885018705,0
PINA,20260904,0,2.9,0.14391567013930281,0.36315887885018705,0
PINA,20260904,0,3.0,0.22224530275259183,0.36315887885018705,0
PINA,20260904,0,3.1,0.1957221744142937,0.36315887885018705,0
PINA,20260904,0,3.2,0.18407951315094323,0.36315887885018705,0
PINA,20260904,0,3.3,0.18248892167660916,0.36315887885018705,0
PINA,20260904,0,3.4,0.12579088330817328,0.36315887885018705,0
PINA,20260904,0,3.5,0.18277914916311683,0.36315887885018705,0
PINA,20260904,0,3.6,0.10126818223521274,0.36315887885018705,0
PINA,20260904,0,3.7,0.08356788973050924,0.36315887885018705,0
PINA,20260904,0,3.8,0.08536433149746425,0.36315887885018705,0
PINA,20260904,0,3.9,0.12404132705197574,0.36315887885018705,0
PINA,20260904,0,4.0,0.16325719911611802,0.36315887885018705,0
PINA,20260904,0,4.1,0.3466506896547563,0.36315887885018705,0
PINA,20260904,0,4.2,0.41655228717493675,0.36315887885018705,1
PINA,20260904,0,4.3,0.2608969326875369,0.36315887885018705,0
PINA,20260904,0,4.4,0.21716189744765452,0.36315887885018705,0
PINA,20260904,0,4.5,0.18092725156289333,0.36315887885018705,0
PINA,20260904,0,4.6,0.17038889971114116,0.36315887885018705,0
PINA,20260904,0,4.7,0.279723041606372,0.36315887885018705,0
PINA,20260904,0,4.8,0.20218184373952627,0.36315887885018705,0
PINA,20260904,0,4.9,0.25772144342277215,0.36315887885018705,0
PINA,20260904,0,5.0,0.19112626544321765,0.36315887885018705,0
PINA,20260904,0,5.1,0.16445316529482654,0.36315887885018705,0
PINA,20260904,0,5.2,0.31542670280461577,0.36315887885018705,0
PINA,20260904,0,5.3,0.09089023511281596,0.36315887885018705,0
PINA,20260904,0,5.4,0.23370782284612676,0.36315887885018705,0
PINA,20260904,0,5.5,0.14954048531052683,0.36315887885018705,0
PINA,20260904,0,5.6,0.2771575552290534,0.36315887885018705,0
PINA,20260904,0,5.7,0.40997034535201526,0.36315887885018705,1
PINA,20260904,0,5.8,0.4148233191103927,0.36315887885018705,1
PINA,20260904,0,5.9,0.4261044771460905,0.36315887885018705,1
PINA,20260904,0,6.0,0.2172308824519685,0.36315887885018705,0
PINA,20260904,0,6.1,0.3155832351637598,0.36315887885018705,0
PINA,20260904,0,6.2,0.31522204243045815,0.36315887885018705,0
PINA,20260904,0,6.3,0.23187531555624324,0.36315887885018705,0
PINA,20260904,0,6.4,0.2349099719574097,0.36315887885018705,0
PINA,20260904,0,6.5,0.21494085047411696,0.36315887885018705,0
PINA,20260904,0,6.6,0.27515681352253557,0.36315887885018705,0
PINA,20260904,0,6.7,0.17561333965611123,0.36315887885018705,0
PINA,20260904,0,6.8,0.2670137603173668,0.36315887885018705,0
PINA,20260904,0,6.9,0.25538229731536194,0.36315887885018705,0
PINA,20260904,0,7.0,0.19184292120337487,0.36315887885018705,0
PINA,20260904,0,7.1,0.19765860133537555,0.36315887885018705,0
PINA,20260904,0,7.2,0.09332012199188948,0.36315887885018705,0
PINA,20260904,0,7.3,0.26821779435339677,0.36315887885018705,0
PINA,20260904,0,7.4,0.15836635506926972,0.36315887885018705,0
PINA,20260904,0,7.5,0.25422496623769775,0.36315887885018705,0
PINA,20260904,0,7.6,0.42492741672983914,0.36315887885018705,1
PINA,20260904,0,7.7,0.32739183589648285,0.36315887885018705,0
PINA,20260904,0,7.8,0.25848887899131895,0.36315887885018705,0
PINA,20260904,0,7.9,0.2087115342596427,0.36315887885018705,0
PINA,20260904,0,8.0,0.29497550617619084,0.36315887885018705,0
PINA,20260904,0,8.1,0.1952897221352192,0.36315887885018705,0
PINA,20260904,0,8.2,0.1582477568911581,0.36315887885018705,0
PINA,20260904,0,8.3,0.14419632152113251,0.36315887885018705,0
PINA,20260904,0,8.4,0.2542835641882637,0.36315887885018705,0
PINA,20260904,0,8.5,0.39682251285140496,0.36315887885018705,1
PINA,20260904,0,8.6,0.4372686488187389,0.36315887885018705,1
PINA,20260904,0,8.7,0.4635013047513844,0.36315887885018705,1
PINA,20260904,0,8.8,0.5316038275371001,0.36315887885018705,1
PINA,20260904,0,8.9,0.20112877321844103,0.36315887885018705,0
PINA,20260904,0,9.0,0.3349197914246073,0.36315887885018705,0
PINA,20260904,0,9.1,0.40106589818806243,0.36315887885018705,1
PINA,20260904,0,9.2,0.40466231252701235,0.36315887885018705,1
PINA,20260904,0,9.3,0.47052434457319375,0.36315887885018705,1
PINA,20260904,0,9.4,0.5192432902106805,0.36315887885018705,1
PINA,20260904,0,9.5,0.6098104187852564,0.36315887885018705,1
PINA,20260904,1,1.0,0.2617298206984229,0.38068839615544625,0
PINA,20260904,1,1.1,0.3382714120786473,0.38068839615544625,0
PINA,20260904,1,1.2,0.3010335706598559,0.38068839615544625,0
PINA,20260904,1,1.3,0.2953443639268357,0.38068839615544625,0
PINA,20260904,1,1.4,0.23206247770781036,0.38068839615544625,0
PINA,20260904,1,1.5,0.15603423097544872,0.38068839615544625,0
PINA,20260904,1,1.6,0.2505606287555593,0.38068839615544625,0
PINA,20260904,1,1.7,0.3806682890650986,0.38068839615544625,0
PINA,20260904,1,1.8,0.29201928299484453,0.38068839615544625,0
PINA,20260904,1,1.9,0.23606319199995976,0.38068839615544625,0
PINA,20260904,1,2.0,0.061834924131276316,0.38068839615544625,0
PINA,20260904,1,2.1,0.008103699142762575,0.38068839615544625,0
PINA,20260904,1,2.2,0.13899614319072653,0.38068839615544625,0
PINA,20260904,1,2.3,0.12856273168040497,0.38068839615544625,0
PINA,20260904,1,2.4,0.17271584965337416,0.38068839615544625,0
PINA,20260904,1,2.5,0.06569241391446247,0.38068839615544625,0
PINA,20260904,1,2.6,0.1319127049048704,0.38068839615544625,0
PINA,20260904,1,2.7,0.19810761220986411,0.38068839615544625,0
PINA,20260904,1,2.8,0.1757762949513497,0.38068839615544625,0
PINA,20260904,1,2.9,0.1742352514659764,0.38068839615544625,0
PINA,20260904,1,3.0,0.3010451781698373,0.38068839615544625,0
PINA,20260904,1,3.1,0.2525210661886353,0.38068839615544625,0
PINA,20260904,1,3.2,0.31957629733464843,0.38068839615544625,0
PINA,20260904,1,3.3,0.1841584615162299,0.38068839615544625,0
PINA,20260904,1,3.4,0.10839158617553979,0.38068839615544625,0
PINA,20260904,1,3.5,0.1394158281208934,0.38068839615544625,0
PINA,20260904,1,3.6,0.16576934349833783,0.38068839615544625,0
PINA,20260904,1,3.7,0.22313320768871067,0.38068839615544625,0
PINA,20260904,1,3.8,0.15714882277445394,0.38068839615544625,0
PINA,20260904,1,3.9,0.11740421622315898,0.38068839615544625,0
PINA,20260904,1,4.0,0.048703770558140194,0.38068839615544625,0
PINA,20260904,1,4.1,0.2281381668716038,0.38068839615544625,0
PINA,20260904,1,4.2,0.24281488238580656,0.38068839615544625,0
PINA,20260904,1,4.3,0.23060148413117496,0.38068839615544625,0
PINA,20260904,1,4.4,0.1667842086125799,0.38068839615544625,0
PINA,20260904,1,4.5,0.2107440910373533,0.38068839615544625,0
PINA,20260904,1,4.6,0.2120264574235334,0.38068839615544625,0
PINA,20260904,1,4.7,0.24892408078797776,0.38068839615544625,0
PINA,20260904,1,4.8,0.08970079755866832,0.38068839615544625,0
PINA,20260904,1,4.9,0.30123601961438135,0.38068839615544625,0
PINA,20260904,1,5.0,0.26459281437643206,0.38068839615544625,0
PINA,20260904,1,5.1,0.2673276712480791,0.38068839615544625,0
PINA,20260904,1,5.2,0.18926822155567322,0.38068839615544625,0
PINA,20260904,1,5.3,0.11492604684630872,0.38068839615544625,0
PINA,20260904,1,5.4,0.18726712562033465,0.38068839615544625,0
PINA,20260904,1,5.5,0.1457844770593731,0.38068839615544625,0
PINA,20260904,1,5.6,0.21525860426862423,0.38068839615544625,0
PINA,20260904,1,5.7,0.12148620837196454,0.38068839615544625,0
PINA,20260904,1,5.8,0.10987922777290696,0.38068839615544625,0
PINA,20260904,1,5.9,0.22224920469115225,0.38068839615544625,0
PINA,20260904,1,6.0,0.2406200974675297,0.38068839615544625,0
PINA,20260904,1,6.1,0.4681144515737386,0.38068839615544625,1
PINA,20260904,1,6.2,0.45185172227796894,0.38068839615544625,1
PINA,20260904,1,6.3,0.442675566939539,0.38068839615544625,1
PINA,20260904,1,6.4,0.4381239271574471,0.38068839615544625,1
PINA,20260904,1,6.5,0.3129807111813434,0.38068839615544625,0
PINA,20260904,1,6.6,0.2826413351707367,0.38068839615544625,0
PINA,20260904,1,6.7,0.3068712076782107,0.38068839615544625,0
PINA,20260904,1,6.8,0.3968810789643395,0.38068839615544625,1
PINA,20260904,1,6.9,0.39227934065542225,0.38068839615544625,1
PINA,20260904,1,7.0,0.4020328068982639,0.38068839615544625,1
PINA,20260904,1,7.1,0.5309265464524263,0.38068839615544625,1
PINA,20260904,1,7.2,0.3983530568019643,0.38068839615544625,1
PINA,20260904,1,7.3,0.13263029018463238,0.38068839615544625,0
PINA,20260904,1,7.4,0.1190288327663508,0.38068839615544625,0
PINA,20260904,1,7.5,0.2047765084244707,0.38068839615544625,0
PINA,20260904,1,7.6,0.1219506573628596,0.38068839615544625,0
PINA,20260904,1,7.7,0.2277760593082487,0.38068839615544625,0
PINA,20260904,1,7.8,0.2402269717874243,0.38068839615544625,0
PINA,20260904,1,7.9,0.2869147876970953,0.38068839615544625,0
PINA,20260904,1,8.0,0.27780961768309703,0.38068839615544625,0
PINA,20260904,1,8.1,0.20205912708022822,0.38068839615544625,0
PINA,20260904,1,8.2,0.18898154643848428,0.38068839615544625,0
PINA,20260904,1,8.3,0.3038874427565171,0.38068839615544625,0
PINA,20260904,1,8.4,0.30083620252556525,0.38068839615544625,0
PINA,20260904,1,8.5,0.2622264012726251,0.38068839615544625,0
PINA,20260904,1,8.6,0.38388974144841265,0.38068839615544625,1
PINA,20260904,1,8.7,0.30400877475074584,0.38068839615544625,0
PINA,20260904,1,8.8,0.2766509161967445,0.38068839615544625,0
PINA,20260904,1,8.9,0.3278101547069082,0.38068839615544625,0
PINA,20260904,1,9.0,0.38651106755875536,0.38068839615544625,1
PINA,20260904,1,9.1,0.32286661011114753,0.38068839615544625,0
PINA,20260904,1,9.2,0.38266196622006554,0.38068839615544625,1
PINA,20260904,1,9.3,0.4258924800161047,0.38068839615544625,1
PINA,20260904,1,9.4,0.42848347156581756,0.38068839615544625,1
PINA,20260904,1,9.5,0.5435843965212377,0.38068839615544625,1
PINA,20260904,2,1.0,1.0,1.0,1
PINA,20260904,2,1.1,1.0,1.0,1
PINA,20260904,2,1.2,1.0,1.0,1
PINA,20260904,2,1.3,1.0,1.0,1
PINA,20260904,2,1.4,1.0,1.0,1
PINA,20260904,2,1.5,1.0,1.0,1
PINA,20260904,2,1.6,1.0,1.0,1
PINA,20260904,2,1.7,1.0,1.0,1
PINA,20260904,2,1.8,1.0,1.0,1
PINA,20260904,2,1.9,1.0,1.0,1
PINA,20260904,2,2.0,1.0,1.0,1
PINA,20260904,2,2.1,1.0,1.0,1
PINA,20260904,2,2.2,1.0,1.0,1
PINA,20260904,2,2.3,1.0,1.0,1
PINA,20260904,2,2.4,1.0,1.0,1
PINA,20260904,2,2.5,1.0,1.0,1
PINA,20260904,2,2.6,1.0,1.0,1
PINA,20260904,2,2.7,1.0,1.0,1
PINA,20260904,2,2.8,1.0,1.0,1
PINA,20260904,2,2.9,1.0,1.0,1
PINA,20260904,2,3.0,1.0,1.0,1
PINA,20260904,2,3.1,1.0,1.0,1
PINA,20260904,2,3.2,1.0,1.0,1
PINA,20260904,2,3.3,1.0,1.0,1
PINA,20260904,2,3.4,1.0,1.0,1
PINA,20260904,2,3.5,1.0,1.0,1
PINA,20260904,2,3.6,1.0,1.0,1
PINA,20260904,2,3.7,1.0,1.0,1
PINA,20260904,2,3.8,1.0,1.0,1
PINA,20260904,2,3.9,1.0,1.0,1
PINA,20260904,2,4.0,1.0,1.0,1
PINA,20260904,2,4.1,1.0,1.0,1
PINA,20260904,2,4.2,1.0,1.0,1
PINA,20260904,2,4.3,1.0,1.0,1
PINA,20260904,2,4.4,1.0,1.0,1
PINA,20260904,2,4.5,1.0,1.0,1
PINA,20260904,2,4.6,1.0,1.0,1
PINA,20260904,2,4.7,1.0,1.0,1
PINA,20260904,2,4.8,1.0,1.0,1
PINA,20260904,2,4.9,1.0,1.0,1
PINA,20260904,2,5.0,1.0,1.0,1
PINA,20260904,2,5.1,1.0,1.0,1
PINA,20260904,2,5.2,1.0,1.0,1
PINA,20260904,2,5.3,1.0,1.0,1
PINA,20260904,2,5.4,1.0,1.0,1
PINA,20260904,2,5.5,1.0,1.0,1
PINA,20260904,2,5.6,1.0,1.0,1
PINA,20260904,2,5.7,1.0,1.0,1
PINA,20260904,2,5.8,1.0,1.0,1
PINA,20260904,2,5.9,1.0,1.0,1
PINA,20260904,2,6.0,1.0,1.0,1
PINA,20260904,2,6.1,1.0,1.0,1
PINA,20260904,2,6.2,1.0,1.0,1
PINA,20260904,2,6.3,1.0,1.0,1
PINA,20260904,2,6.4,1.0,1.0,1
PINA,20260904,2,6.5,1.0,1.0,1
PINA,20260904,2,6.6,1.0,1.0,1
PINA,20260904,2,6.7,1.0,1.0,1
PINA,20260904,2,6.8,1.0,1.0,1
PINA,20260904,2,6.9,1.0,1.0,1
PINA,20260904,2,7.0,1.0,1.0,1
PINA,20260904,2,7.1,1.0,1.0,1
PINA,20260904,2,7.2,1.0,1.0,1
PINA,20260904,2,7.3,1.0,1.0,1
PINA,20260904,2,7.4,1.0,1.0,1
PINA,20260904,2,7.5,1.0,1.0,1
PINA,20260904,2,7.6,1.0,1.0,1
PINA,20260904,2,7.7,1.0,1.0,1
PINA,20260904,2,7.8,1.0,1.0,1
PINA,20260904,2,7.9,1.0,1.0,1
PINA,20260904,2,8.0,1.0,1.0,1
PINA,20260904,2,8.1,1.0,1.0,1
PINA,20260904,2,8.2,1.0,1.0,1
PINA,20260904,2,8.3,1.0,1.0,1
PINA,20260904,2,8.4,1.0,1.0,1
PINA,20260904,2,8.5,1.0,1.0,1
PINA,20260904,2,8.6,1.0,1.0,1
PINA,20260904,2,8.7,1.0,1.0,1
PINA,20260904,2,8.8,1.0,1.0,1
PINA,20260904,2,8.9,1.0,1.0,1
PINA,20260904,2,9.0,1.0,1.0,1
PINA,20260904,2,9.1,1.0,1.0,1
PINA,20260904,2,9.2,1.0,1.0,1
PINA,20260904,2,9.3,1.0,1.0,1
PINA,20260904,2,9.4,1.0,1.0,1
PINA,20260904,2,9.5,1.0,1.0,1
PINA,20260904,3,1.0,0.5629337700190661,0.6263779063868329,0
PINA,20260904,3,1.1,0.5222633683865284,0.6263779063868329,0
PINA,20260904,3,1.2,0.48145684434205244,0.6263779063868329,0
PINA,20260904,3,1.3,0.6473161730107262,0.6263779063868329,1
PINA,20260904,3,1.4,0.668455613796383,0.6263779063868329,1
PINA,20260904,3,1.5,0.5136785261423672,0.6263779063868329,0
PINA,20260904,3,1.6,0.5161518470337352,0.6263779063868329,0
PINA,20260904,3,1.7,0.4956463178455736,0.6263779063868329,0
PINA,20260904,3,1.8,0.5051032911373914,0.6263779063868329,0
PINA,20260904,3,1.9,0.48945640779421307,0.6263779063868329,0
PINA,20260904,3,2.0,0.6237944431074393,0.6263779063868329,0
PINA,20260904,3,2.1,0.5682143495580756,0.6263779063868329,0
PINA,20260904,3,2.2,0.4348270386970917,0.6263779063868329,0
PINA,20260904,3,2.3,0.47399624655019257,0.6263779063868329,0
PINA,20260904,3,2.4,0.49830556979803214,0.6263779063868329,0
PINA,20260904,3,2.5,0.5274681432209449,0.6263779063868329,0
PINA,20260904,3,2.6,0.3205600949494255,0.6263779063868329,0
PINA,20260904,3,2.7,0.30391363239034513,0.6263779063868329,0
PINA,20260904,3,2.8,0.31041861839077595,0.6263779063868329,0
PINA,20260904,3,2.9,0.2891594644449003,0.6263779063868329,0
PINA,20260904,3,3.0,0.1824804673257579,0.6263779063868329,0
PINA,20260904,3,3.1,0.102401165210346,0.6263779063868329,0
PINA,20260904,3,3.2,0.2759899661831743,0.6263779063868329,0
PINA,20260904,3,3.3,0.40691407706839305,0.6263779063868329,0
PINA,20260904,3,3.4,0.41973554935711477,0.6263779063868329,0
PINA,20260904,3,3.5,0.33115773515620517,0.6263779063868329,0
PINA,20260904,3,3.6,0.2056580644784609,0.6263779063868329,0
PINA,20260904,3,3.7,0.17621374121554872,0.6263779063868329,0
PINA,20260904,3,3.8,0.15753878804238433,0.6263779063868329,0
PINA,20260904,3,3.9,0.1200653091394305,0.6263779063868329,0
PINA,20260904,3,4.0,0.13158734686426635,0.6263779063868329,0
PINA,20260904,3,4.1,0.30923633262327604,0.6263779063868329,0
PINA,20260904,3,4.2,0.22753193493634952,0.6263779063868329,0
PINA,20260904,3,4.3,0.16103120245203192,0.6263779063868329,0
PINA,20260904,3,4.4,0.1357821619247486,0.6263779063868329,0
PINA,20260904,3,4.5,0.2946749099891997,0.6263779063868329,0
PINA,20260904,3,4.6,0.27374774324286133,0.6263779063868329,0
PINA,20260904,3,4.7,0.19637046404265074,0.6263779063868329,0
PINA,20260904,3,4.8,0.16960965620096247,0.6263779063868329,0
PINA,20260904,3,4.9,0.10299418125979068,0.6263779063868329,0
PINA,20260904,3,5.0,0.20522001908766346,0.6263779063868329,0
PINA,20260904,3,5.1,0.130384817792921,0.6263779063868329,0
PINA,20260904,3,5.2,0.09443349969413158,0.6263779063868329,0
PINA,20260904,3,5.3,0.06343265335408356,0.6263779063868329,0
PINA,20260904,3,5.4,0.0725784328958148,0.6263779063868329,0
PINA,20260904,3,5.5,0.18812755929394634,0.6263779063868329,0
PINA,20260904,3,5.6,0.2540507407198303,0.6263779063868329,0
PINA,20260904,3,5.7,0.33704116743248996,0.6263779063868329,0
PINA,20260904,3,5.8,0.4789674742572113,0.6263779063868329,0
PINA,20260904,3,5.9,0.5062788856289372,0.6263779063868329,0
PINA,20260904,3,6.0,0.451322712922517,0.6263779063868329,0
PINA,20260904,3,6.1,0.5446651976168341,0.6263779063868329,0
PINA,20260904,3,6.2,0.39388397545718257,0.6263779063868329,0
PINA,20260904,3,6.3,0.13971607210587497,0.6263779063868329,0
PINA,20260904,3,6.4,0.33624006056459815,0.6263779063868329,0
PINA,20260904,3,6.5,0.3839836140465897,0.6263779063868329,0
PINA,20260904,3,6.6,0.3598533551552345,0.6263779063868329,0
PINA,20260904,3,6.7,0.405060966516736,0.6263779063868329,0
PINA,20260904,3,6.8,0.43043919651631873,0.6263779063868329,0
PINA,20260904,3,6.9,0.38723346717392765,0.6263779063868329,0
PINA,20260904,3,7.0,0.2877711635983783,0.6263779063868329,0
PINA,20260904,3,7.1,0.28914207134726466,0.6263779063868329,0
PINA,20260904,3,7.2,0.2568495687019712,0.6263779063868329,0
PINA,20260904,3,7.3,0.1943287686672622,0.6263779063868329,0
PINA,20260904,3,7.4,0.2103630464316029,0.6263779063868329,0
PINA,20260904,3,7.5,0.17111332590890338,0.6263779063868329,0
PINA,20260904,3,7.6,0.2953648208063637,0.6263779063868329,0
PINA,20260904,3,7.7,0.3798746162374103,0.6263779063868329,0
PINA,20260904,3,7.8,0.4501855290219495,0.6263779063868329,0
PINA,20260904,3,7.9,0.17619086018994237,0.6263779063868329,0
PINA,20260904,3,8.0,0.13359182674575662,0.6263779063868329,0
PINA,20260904,3,8.1,0.21820360591778926,0.6263779063868329,0
PINA,20260904,3,8.2,0.19194805566322612,0.6263779063868329,0
PINA,20260904,3,8.3,0.3393324625808741,0.6263779063868329,0
PINA,20260904,3,8.4,0.4825198600474131,0.6263779063868329,0
PINA,20260904,3,8.5,0.48447466238063996,0.6263779063868329,0
PINA,20260904,3,8.6,0.5080876769296303,0.6263779063868329,0
PINA,20260904,3,8.7,0.5841832289754937,0.6263779063868329,0
PINA,20260904,3,8.8,0.7001899661125635,0.6263779063868329,1
PINA,20260904,3,8.9,0.6054834321681298,0.6263779063868329,0
PINA,20260904,3,9.0,0.47281516482246083,0.6263779063868329,0
PINA,20260904,3,9.1,0.36564159710646477,0.6263779063868329,0
PINA,20260904,3,9.2,0.4090103420743226,0.6263779063868329,0
PINA,20260904,3,9.3,0.4787461952788694,0.6263779063868329,0
PINA,20260904,3,9.4,0.49506301336555775,0.6263779063868329,0
PINA,20260904,3,9.5,0.5199487848810677,0.6263779063868329,0
PINA,20260904,4,1.0,0.700961476119606,0.7305374726422753,0
PINA,20260904,4,1.1,0.5967985494083835,0.7305374726422753,0
PINA,20260904,4,1.2,0.5926232037935177,0.7305374726422753,0
PINA,20260904,4,1.3,0.6572419034752527,0.7305374726422753,0
PINA,20260904,4,1.4,0.6646212228860638,0.7305374726422753,0
PINA,20260904,4,1.5,0.6113643086839822,0.7305374726422753,0
PINA,20260904,4,1.6,0.6895931291666467,0.7305374726422753,0
PINA,20260904,4,1.7,0.5454745738511325,0.7305374726422753,0
PINA,20260904,4,1.8,0.4746191166959547,0.7305374726422753,0
PINA,20260904,4,1.9,0.5948607000739781,0.7305374726422753,0
PINA,20260904,4,2.0,0.4648237874034667,0.7305374726422753,0
PINA,20260904,4,2.1,0.4814502338819313,0.7305374726422753,0
PINA,20260904,4,2.2,0.44481003606567965,0.7305374726422753,0
PINA,20260904,4,2.3,0.38527216849902535,0.7305374726422753,0
PINA,20260904,4,2.4,0.36346445388009624,0.7305374726422753,0
PINA,20260904,4,2.5,0.19242305295466344,0.7305374726422753,0
PINA,20260904,4,2.6,0.2910746598067394,0.7305374726422753,0
PINA,20260904,4,2.7,0.25142709040669486,0.7305374726422753,0
PINA,20260904,4,2.8,0.4530049263689104,0.7305374726422753,0
PINA,20260904,4,2.9,0.2810360721743918,0.7305374726422753,0
PINA,20260904,4,3.0,0.22329043639958832,0.7305374726422753,0
PINA,20260904,4,3.1,0.10041142945587278,0.7305374726422753,0
PINA,20260904,4,3.2,0.26940057466620676,0.7305374726422753,0
PINA,20260904,4,3.3,0.21499899072149686,0.7305374726422753,0
PINA,20260904,4,3.4,0.11059603380873494,0.7305374726422753,0
PINA,20260904,4,3.5,0.12890819170452916,0.7305374726422753,0
PINA,20260904,4,3.6,0.09854372339086238,0.7305374726422753,0
PINA,20260904,4,3.7,0.22626437912379363,0.7305374726422753,0
PINA,20260904,4,3.8,0.09660396273894852,0.7305374726422753,0
PINA,20260904,4,3.9,0.04805708202737891,0.7305374726422753,0
PINA,20260904,4,4.0,0.15858837907864026,0.7305374726422753,0
PINA,20260904,4,4.1,0.12288793463763006,0.7305374726422753,0
PINA,20260904,4,4.2,0.2523080288745503,0.7305374726422753,0
PINA,20260904,4,4.3,0.3149143046756387,0.7305374726422753,0
PINA,20260904,4,4.4,0.3555820592101331,0.7305374726422753,0
PINA,20260904,4,4.5,0.3905348474102521,0.7305374726422753,0
PINA,20260904,4,4.6,0.31924345156579725,0.7305374726422753,0
PINA,20260904,4,4.7,0.33988858861235505,0.7305374726422753,0
PINA,20260904,4,4.8,0.46048356115212746,0.7305374726422753,0
PINA,20260904,4,4.9,0.5581215502799939,0.7305374726422753,0
PINA,20260904,4,5.0,0.4557685243753949,0.7305374726422753,0
PINA,20260904,4,5.1,0.40691345034273313,0.7305374726422753,0
PINA,20260904,4,5.2,0.41046400483555706,0.7305374726422753,0
PINA,20260904,4,5.3,0.28428294967654055,0.7305374726422753,0
PINA,20260904,4,5.4,0.2509369236484011,0.7305374726422753,0
PINA,20260904,4,5.5,0.4197398703347295,0.7305374726422753,0
PINA,20260904,4,5.6,0.41726937302357175,0.7305374726422753,0
PINA,20260904,4,5.7,0.4771845912349344,0.7305374726422753,0
PINA,20260904,4,5.8,0.48886321450165493,0.7305374726422753,0
PINA,20260904,4,5.9,0.4850223274718924,0.7305374726422753,0
PINA,20260904,4,6.0,0.46877163380594905,0.7305374726422753,0
PINA,20260904,4,6.1,0.39077324452676876,0.7305374726422753,0
PINA,20260904,4,6.2,0.428723666495383,0.7305374726422753,0
PINA,20260904,4,6.3,0.32684736611328474,0.7305374726422753,0
PINA,20260904,4,6.4,0.38460422284078316,0.7305374726422753,0
PINA,20260904,4,6.5,0.473896760737851,0.7305374726422753,0
PINA,20260904,4,6.6,0.6624062117606456,0.7305374726422753,0
PINA,20260904,4,6.7,0.7348533935272001,0.7305374726422753,1
PINA,20260904,4,6.8,0.6935817180267493,0.7305374726422753,0
PINA,20260904,4,6.9,0.6432036617356037,0.7305374726422753,0
PINA,20260904,4,7.0,0.591453027226894,0.7305374726422753,0
PINA,20260904,4,7.1,0.5472966190620117,0.7305374726422753,0
PINA,20260904,4,7.2,0.5133154629693694,0.7305374726422753,0
PINA,20260904,4,7.3,0.40437192015145856,0.7305374726422753,0
PINA,20260904,4,7.4,0.258390334221804,0.7305374726422753,0
PINA,20260904,4,7.5,0.2857460354062133,0.7305374726422753,0
PINA,20260904,4,7.6,0.41950382184031143,0.7305374726422753,0
PINA,20260904,4,7.7,0.523640016019436,0.7305374726422753,0
PINA,20260904,4,7.8,0.5928169724442811,0.7305374726422753,0
PINA,20260904,4,7.9,0.47553076337190586,0.7305374726422753,0
PINA,20260904,4,8.0,0.4362141214204729,0.7305374726422753,0
PINA,20260904,4,8.1,0.6720017675346183,0.7305374726422753,0
PINA,20260904,4,8.2,0.6269895127193181,0.7305374726422753,0
PINA,20260904,4,8.3,0.6272764199826453,0.7305374726422753,0
PINA,20260904,4,8.4,0.6305595536546711,0.7305374726422753,0
PINA,20260904,4,8.5,0.5172345842790131,0.7305374726422753,0
PINA,20260904,4,8.6,0.47266144995439524,0.7305374726422753,0
PINA,20260904,4,8.7,0.49174479938956595,0.7305374726422753,0
PINA,20260904,4,8.8,0.40030745374609755,0.7305374726422753,0
PINA,20260904,4,8.9,0.5266550723609158,0.7305374726422753,0
PINA,20260904,4,9.0,0.5938028153320585,0.7305374726422753,0
PINA,20260904,4,9.1,0.620888240339254,0.7305374726422753,0
PINA,20260904,4,9.2,0.6743340374913307,0.7305374726422753,0
PINA,20260904,4,9.3,0.734883990117676,0.7305374726422753,1
PINA,20260904,4,9.4,0.6362775173178835,0.7305374726422753,0
PINA,20260904,4,9.5,0.7344151137921793,0.7305374726422753,1
PINA,20260904,5,1.0,0.7448870611297036,0.6331707516964249,1
PINA,20260904,5,1.1,0.6090708203140095,0.6331707516964249,0
PINA,20260904,5,1.2,0.6726349332121238,0.6331707516964249,1
PINA,20260904,5,1.3,0.7926253131900526,0.6331707516964249,1
PINA,20260904,5,1.4,0.7588918897242952,0.6331707516964249,1
PINA,20260904,5,1.5,0.6977753481994265,0.6331707516964249,1
PINA,20260904,5,1.6,0.6754821282713596,0.6331707516964249,1
PINA,20260904,5,1.7,0.6954479492601183,0.6331707516964249,1
PINA,20260904,5,1.8,0.5558841384682487,0.6331707516964249,0
PINA,20260904,5,1.9,0.6571099206297442,0.6331707516964249,1
PINA,20260904,5,2.0,0.5695684057075382,0.6331707516964249,0
PINA,20260904,5,2.1,0.6596561484747204,0.6331707516964249,1
PINA,20260904,5,2.2,0.5666118685484104,0.6331707516964249,0
PINA,20260904,5,2.3,0.5009262248523685,0.6331707516964249,0
PINA,20260904,5,2.4,0.3303590634108269,0.6331707516964249,0
PINA,20260904,5,2.5,0.469425173239235,0.6331707516964249,0
PINA,20260904,5,2.6,0.4255553071041953,0.6331707516964249,0
PINA,20260904,5,2.7,0.5113510921372522,0.6331707516964249,0
PINA,20260904,5,2.8,0.6511144351749808,0.6331707516964249,1
PINA,20260904,5,2.9,0.5435756737955886,0.6331707516964249,0
PINA,20260904,5,3.0,0.4924587321404607,0.6331707516964249,0
PINA,20260904,5,3.1,0.5263543098458274,0.6331707516964249,0
PINA,20260904,5,3.2,0.4217316308044595,0.6331707516964249,0
PINA,20260904,5,3.3,0.5349315800340251,0.6331707516964249,0
PINA,20260904,5,3.4,0.5494352331542439,0.6331707516964249,0
PINA,20260904,5,3.5,0.46878316234576933,0.6331707516964249,0
PINA,20260904,5,3.6,0.2855348504338377,0.6331707516964249,0
PINA,20260904,5,3.7,0.39311850993327074,0.6331707516964249,0
PINA,20260904,5,3.8,0.2790459521551265,0.6331707516964249,0
PINA,20260904,5,3.9,0.41050220900498385,0.6331707516964249,0
PINA,20260904,5,4.0,0.34747270787352796,0.6331707516964249,0
PINA,20260904,5,4.1,0.34425041114210797,0.6331707516964249,0
PINA,20260904,5,4.2,0.23761498993191113,0.6331707516964249,0
PINA,20260904,5,4.3,0.21587735162325622,0.6331707516964249,0
PINA,20260904,5,4.4,0.407211792286434,0.6331707516964249,0
PINA,20260904,5,4.5,0.4393170427143836,0.6331707516964249,0
PINA,20260904,5,4.6,0.23455926676575886,0.6331707516964249,0
PINA,20260904,5,4.7,0.3625914566065854,0.6331707516964249,0
PINA,20260904,5,4.8,0.27086091479099716,0.6331707516964249,0
PINA,20260904,5,4.9,0.28577833418630033,0.6331707516964249,0
PINA,20260904,5,5.0,0.23522431754250253,0.6331707516964249,0
PINA,20260904,5,5.1,0.2214198410588403,0.6331707516964249,0
PINA,20260904,5,5.2,0.5270249526372887,0.6331707516964249,0
PINA,20260904,5,5.3,0.5147825275225077,0.6331707516964249,0
PINA,20260904,5,5.4,0.44532374880813735,0.6331707516964249,0
PINA,20260904,5,5.5,0.45913402086845284,0.6331707516964249,0
PINA,20260904,5,5.6,0.32118741271363427,0.6331707516964249,0
PINA,20260904,5,5.7,0.2946854338380225,0.6331707516964249,0
PINA,20260904,5,5.8,0.35478927138853456,0.6331707516964249,0
PINA,20260904,5,5.9,0.3340306039430618,0.6331707516964249,0
PINA,20260904,5,6.0,0.4643521190292599,0.6331707516964249,0
PINA,20260904,5,6.1,0.5370772140860602,0.6331707516964249,0
PINA,20260904,5,6.2,0.5028662815971404,0.6331707516964249,0
PINA,20260904,5,6.3,0.531125887851639,0.6331707516964249,0
PINA,20260904,5,6.4,0.4286100190013207,0.6331707516964249,0
PINA,20260904,5,6.5,0.4435271292149029,0.6331707516964249,0
PINA,20260904,5,6.6,0.5109479506671291,0.6331707516964249,0
PINA,20260904,5,6.7,0.5859569694096471,0.6331707516964249,0
PINA,20260904,5,6.8,0.6536047997673178,0.6331707516964249,1
PINA,20260904,5,6.9,0.6079729831075643,0.6331707516964249,0
PINA,20260904,5,7.0,0.5857042075489564,0.6331707516964249,0
PINA,20260904,5,7.1,0.5416387296315455,0.6331707516964249,0
PINA,20260904,5,7.2,0.4628804577374819,0.6331707516964249,0
PINA,20260904,5,7.3,0.2960091151450398,0.6331707516964249,0
PINA,20260904,5,7.4,0.22315633782921437,0.6331707516964249,0
PINA,20260904,5,7.5,0.3973999392084,0.6331707516964249,0
PINA,20260904,5,7.6,0.46260865892858094,0.6331707516964249,0
PINA,20260904,5,7.7,0.44788307243997577,0.6331707516964249,0
PINA,20260904,5,7.8,0.4744966228431583,0.6331707516964249,0
PINA,20260904,5,7.9,0.42285010393962985,0.6331707516964249,0
PINA,20260904,5,8.0,0.42272947309348957,0.6331707516964249,0
PINA,20260904,5,8.1,0.38973197767329154,0.6331707516964249,0
PINA,20260904,5,8.2,0.4333341121703825,0.6331707516964249,0
PINA,20260904,5,8.3,0.41823053093396817,0.6331707516964249,0
PINA,20260904,5,8.4,0.5745584955565294,0.6331707516964249,0
PINA,20260904,5,8.5,0.4422944498319962,0.6331707516964249,0
PINA,20260904,5,8.6,0.5131828837866564,0.6331707516964249,0
PINA,20260904,5,8.7,0.496541944677073,0.6331707516964249,0
PINA,20260904,5,8.8,0.49325595031565583,0.6331707516964249,0
PINA,20260904,5,8.9,0.5214858794776808,0.6331707516964249,0
PINA,20260904,5,9.0,0.42040053271588446,0.6331707516964249,0
PINA,20260904,5,9.1,0.35919059210269466,0.6331707516964249,0
PINA,20260904,5,9.2,0.2756621496657599,0.6331707516964249,0
PINA,20260904,5,9.3,0.22622839943698633,0.6331707516964249,0
PINA,20260904,5,9.4,0.3473355144438383,0.6331707516964249,0
PINA,20260904,5,9.5,0.377135821356336,0.6331707516964249,0
PINA,20260904,6,1.0,0.6569782910546397,0.6334332611615597,1
PINA,20260904,6,1.1,0.6174907377365156,0.6334332611615597,0
PINA,20260904,6,1.2,0.7269447399710157,0.6334332611615597,1
PINA,20260904,6,1.3,0.5591570493525835,0.6334332611615597,0
PINA,20260904,6,1.4,0.6152586330977527,0.6334332611615597,0
PINA,20260904,6,1.5,0.6464383516245518,0.6334332611615597,1
PINA,20260904,6,1.6,0.6579323805479154,0.6334332611615597,1
PINA,20260904,6,1.7,0.5381506653040045,0.6334332611615597,0
PINA,20260904,6,1.8,0.5922317820390005,0.6334332611615597,0
PINA,20260904,6,1.9,0.5449987122142689,0.6334332611615597,0
PINA,20260904,6,2.0,0.654452086426749,0.6334332611615597,1
PINA,20260904,6,2.1,0.6588507814911153,0.6334332611615597,1
PINA,20260904,6,2.2,0.6648034795845023,0.6334332611615597,1
PINA,20260904,6,2.3,0.6627374865535496,0.6334332611615597,1
PINA,20260904,6,2.4,0.6708845057889603,0.6334332611615597,1
PINA,20260904,6,2.5,0.5528988377815945,0.6334332611615597,0
PINA,20260904,6,2.6,0.50226374657533,0.6334332611615597,0
PINA,20260904,6,2.7,0.38992418472611023,0.6334332611615597,0
PINA,20260904,6,2.8,0.44673318358714614,0.6334332611615597,0
PINA,20260904,6,2.9,0.3325169321600902,0.6334332611615597,0
PINA,20260904,6,3.0,0.5092725163354852,0.6334332611615597,0
PINA,20260904,6,3.1,0.5757703933437138,0.6334332611615597,0
PINA,20260904,6,3.2,0.659404709003256,0.6334332611615597,1
PINA,20260904,6,3.3,0.3478337541606805,0.6334332611615597,0
PINA,20260904,6,3.4,0.42817079427241905,0.6334332611615597,0
PINA,20260904,6,3.5,0.48837609307411944,0.6334332611615597,0
PINA,20260904,6,3.6,0.3786113261365974,0.6334332611615597,0
PINA,20260904,6,3.7,0.49837425361358767,0.6334332611615597,0
PINA,20260904,6,3.8,0.48239953587441853,0.6334332611615597,0
PINA,20260904,6,3.9,0.4523305020799254,0.6334332611615597,0
PINA,20260904,6,4.0,0.483790328503418,0.6334332611615597,0
PINA,20260904,6,4.1,0.5169349361542124,0.6334332611615597,0
PINA,20260904,6,4.2,0.42315666248959954,0.6334332611615597,0
PINA,20260904,6,4.3,0.500505668075728,0.6334332611615597,0
PINA,20260904,6,4.4,0.5170728230054474,0.6334332611615597,0
PINA,20260904,6,4.5,0.4926962139989121,0.6334332611615597,0
PINA,20260904,6,4.6,0.4932146434189012,0.6334332611615597,0
PINA,20260904,6,4.7,0.5698134433567907,0.6334332611615597,0
PINA,20260904,6,4.8,0.49558312499530904,0.6334332611615597,0
PINA,20260904,6,4.9,0.4502228577977892,0.6334332611615597,0
PINA,20260904,6,5.0,0.47133127815404297,0.6334332611615597,0
PINA,20260904,6,5.1,0.5037107917279116,0.6334332611615597,0
PINA,20260904,6,5.2,0.4540943209405046,0.6334332611615597,0
PINA,20260904,6,5.3,0.48761082703087383,0.6334332611615597,0
PINA,20260904,6,5.4,0.46738686756921444,0.6334332611615597,0
PINA,20260904,6,5.5,0.3932275886454192,0.6334332611615597,0
PINA,20260904,6,5.6,0.26313702371581993,0.6334332611615597,0
PINA,20260904,6,5.7,0.434321188724479,0.6334332611615597,0
PINA,20260904,6,5.8,0.5644897126678111,0.6334332611615597,0
PINA,20260904,6,5.9,0.5498934962415939,0.6334332611615597,0
PINA,20260904,6,6.0,0.45174380559196,0.6334332611615597,0
PINA,20260904,6,6.1,0.3910376013302247,0.6334332611615597,0
PINA,20260904,6,6.2,0.34029060750216594,0.6334332611615597,0
PINA,20260904,6,6.3,0.437829395436569,0.6334332611615597,0
PINA,20260904,6,6.4,0.51733374196165,0.6334332611615597,0
PINA,20260904,6,6.5,0.3421309960211232,0.6334332611615597,0
PINA,20260904,6,6.6,0.34916583980663257,0.6334332611615597,0
PINA,20260904,6,6.7,0.43894599112830496,0.6334332611615597,0
PINA,20260904,6,6.8,0.5790475843388965,0.6334332611615597,0
PINA,20260904,6,6.9,0.555009339583535,0.6334332611615597,0
PINA,20260904,6,7.0,0.46209797904420935,0.6334332611615597,0
PINA,20260904,6,7.1,0.5149132064995909,0.6334332611615597,0
PINA,20260904,6,7.2,0.39499134631384913,0.6334332611615597,0
PINA,20260904,6,7.3,0.32286860893761676,0.6334332611615597,0
PINA,20260904,6,7.4,0.3440270718066692,0.6334332611615597,0
PINA,20260904,6,7.5,0.3081346377009348,0.6334332611615597,0
PINA,20260904,6,7.6,0.3668892876591877,0.6334332611615597,0
PINA,20260904,6,7.7,0.4131147749871381,0.6334332611615597,0
PINA,20260904,6,7.8,0.39872618059351633,0.6334332611615597,0
PINA,20260904,6,7.9,0.22473063098773746,0.6334332611615597,0
PINA,20260904,6,8.0,0.19028836302456503,0.6334332611615597,0
PINA,20260904,6,8.1,0.08013808243400569,0.6334332611615597,0
PINA,20260904,6,8.2,0.2646125808596018,0.6334332611615597,0
PINA,20260904,6,8.3,0.34898115950602077,0.6334332611615597,0
PINA,20260904,6,8.4,0.31742312147526125,0.6334332611615597,0
PINA,20260904,6,8.5,0.4187046477418905,0.6334332611615597,0
PINA,20260904,6,8.6,0.5423376577259381,0.6334332611615597,0
PINA,20260904,6,8.7,0.4949774173733864,0.6334332611615597,0
PINA,20260904,6,8.8,0.5013626292971427,0.6334332611615597,0
PINA,20260904,6,8.9,0.431116457333934,0.6334332611615597,0
PINA,20260904,6,9.0,0.3410376726002009,0.6334332611615597,0
PINA,20260904,6,9.1,0.26750742247538023,0.6334332611615597,0
PINA,20260904,6,9.2,0.31609634402468423,0.6334332611615597,0
PINA,20260904,6,9.3,0.3064157617585662,0.6334332611615597,0
PINA,20260904,6,9.4,0.3312772603077231,0.6334332611615597,0
PINA,20260904,6,9.5,0.36538786899340553,0.6334332611615597,0
PINA,20260904,7,1.0,0.6392866790337527,0.559135874947577,1
PINA,20260904,7,1.1,0.5535099525801735,0.559135874947577,0
PINA,20260904,7,1.2,0.5876623472971474,0.559135874947577,1
PINA,20260904,7,1.3,0.6078109204757944,0.559135874947577,1
PINA,20260904,7,1.4,0.5431608749949515,0.559135874947577,0
PINA,20260904,7,1.5,0.51178555797099,0.559135874947577,0
PINA,20260904,7,1.6,0.5654106177607593,0.559135874947577,1
PINA,20260904,7,1.7,0.5489115840587551,0.559135874947577,0
PINA,20260904,7,1.8,0.4568175833664929,0.559135874947577,0
PINA,20260904,7,1.9,0.3616122175143231,0.559135874947577,0
PINA,20260904,7,2.0,0.38507514454597336,0.559135874947577,0
PINA,20260904,7,2.1,0.41286934412097953,0.559135874947577,0
PINA,20260904,7,2.2,0.41177476293173293,0.559135874947577,0
PINA,20260904,7,2.3,0.3436556280819058,0.559135874947577,0
PINA,20260904,7,2.4,0.32923182604921786,0.559135874947577,0
PINA,20260904,7,2.5,0.2701745358406896,0.559135874947577,0
PINA,20260904,7,2.6,0.386917590458491,0.559135874947577,0
PINA,20260904,7,2.7,0.4824849684240199,0.559135874947577,0
PINA,20260904,7,2.8,0.3577458840292488,0.559135874947577,0
PINA,20260904,7,2.9,0.4075981470516628,0.559135874947577,0
PINA,20260904,7,3.0,0.3201236296352589,0.559135874947577,0
PINA,20260904,7,3.1,0.27105489513652975,0.559135874947577,0
PINA,20260904,7,3.2,0.2810534639327824,0.559135874947577,0
PINA,20260904,7,3.3,0.30761921077468524,0.559135874947577,0
PINA,20260904,7,3.4,0.14241107029660935,0.559135874947577,0
PINA,20260904,7,3.5,0.4039579552002142,0.559135874947577,0
PINA,20260904,7,3.6,0.3612239320402033,0.559135874947577,0
PINA,20260904,7,3.7,0.33242316319019805,0.559135874947577,0
PINA,20260904,7,3.8,0.3058915868169956,0.559135874947577,0
PINA,20260904,7,3.9,0.27686316741713746,0.559135874947577,0
PINA,20260904,7,4.0,0.3200794506841492,0.559135874947577,0
PINA,20260904,7,4.1,0.3506146887092669,0.559135874947577,0
PINA,20260904,7,4.2,0.314418679648578,0.559135874947577,0
PINA,20260904,7,4.3,0.14317334920651406,0.559135874947577,0
PINA,20260904,7,4.4,0.18530783494274458,0.559135874947577,0
PINA,20260904,7,4.5,0.17446111906737508,0.559135874947577,0
PINA,20260904,7,4.6,0.20908331911149758,0.559135874947577,0
PINA,20260904,7,4.7,0.2960315625986395,0.559135874947577,0
PINA,20260904,7,4.8,0.548854608744926,0.559135874947577,0
PINA,20260904,7,4.9,0.6514864072876828,0.559135874947577,1
PINA,20260904,7,5.0,0.5834060742081337,0.559135874947577,1
PINA,20260904,7,5.1,0.5469235878577626,0.559135874947577,0
PINA,20260904,7,5.2,0.378475177210818,0.559135874947577,0
PINA,20260904,7,5.3,0.1441126904411141,0.559135874947577,0
PINA,20260904,7,5.4,0.1369787943747494,0.559135874947577,0
PINA,20260904,7,5.5,0.25602972622505316,0.559135874947577,0
PINA,20260904,7,5.6,0.16796789491535308,0.559135874947577,0
PINA,20260904,7,5.7,0.49155625054338087,0.559135874947577,0
PINA,20260904,7,5.8,0.566474942580897,0.559135874947577,1
PINA,20260904,7,5.9,0.640487484311378,0.559135874947577,1
PINA,20260904,7,6.0,0.5719239607157541,0.559135874947577,1
PINA,20260904,7,6.1,0.4816496129426814,0.559135874947577,0
PINA,20260904,7,6.2,0.2863351725947574,0.559135874947577,0
PINA,20260904,7,6.3,0.31057818861560094,0.559135874947577,0
PINA,20260904,7,6.4,0.365201830792838,0.559135874947577,0
PINA,20260904,7,6.5,0.3699913346100191,0.559135874947577,0
PINA,20260904,7,6.6,0.504723865120003,0.559135874947577,0
PINA,20260904,7,6.7,0.4251460087103318,0.559135874947577,0
PINA,20260904,7,6.8,0.43438337536647564,0.559135874947577,0
PINA,20260904,7,6.9,0.4188938776777289,0.559135874947577,0
PINA,20260904,7,7.0,0.41920395406939553,0.559135874947577,0
PINA,20260904,7,7.1,0.3543153929370002,0.559135874947577,0
PINA,20260904,7,7.2,0.4310986608659178,0.559135874947577,0
PINA,20260904,7,7.3,0.3744401303734265,0.559135874947577,0
PINA,20260904,7,7.4,0.3289968871848453,0.559135874947577,0
PINA,20260904,7,7.5,0.26879917056884434,0.559135874947577,0
PINA,20260904,7,7.6,0.3230180524909601,0.559135874947577,0
PINA,20260904,7,7.7,0.4603191645067369,0.559135874947577,0
PINA,20260904,7,7.8,0.49524008829005595,0.559135874947577,0
PINA,20260904,7,7.9,0.3876409387339521,0.559135874947577,0
PINA,20260904,7,8.0,0.3163898092675187,0.559135874947577,0
PINA,20260904,7,8.1,0.27296646901470173,0.559135874947577,0
PINA,20260904,7,8.2,0.3761846767391465,0.559135874947577,0
PINA,20260904,7,8.3,0.4100157918162478,0.559135874947577,0
PINA,20260904,7,8.4,0.41262443369069196,0.559135874947577,0
PINA,20260904,7,8.5,0.4733922766678208,0.559135874947577,0
PINA,20260904,7,8.6,0.5659228583381308,0.559135874947577,1
PINA,20260904,7,8.7,0.5295794360187098,0.559135874947577,0
PINA,20260904,7,8.8,0.4658981008348085,0.559135874947577,0
PINA,20260904,7,8.9,0.35144635418934156,0.559135874947577,0
PINA,20260904,7,9.0,0.35806089576268924,0.559135874947577,0
PINA,20260904,7,9.1,0.26281702690856285,0.559135874947577,0
PINA,20260904,7,9.2,0.2750013602487935,0.559135874947577,0
PINA,20260904,7,9.3,0.45820308962182016,0.559135874947577,0
PINA,20260904,7,9.4,0.49661869211718473,0.559135874947577,0
PINA,20260904,7,9.5,0.6152134470730779,0.559135874947577,1
PINA,20260904,8,1.0,0.4820935016704919,0.6082253022027717,0
PINA,20260904,8,1.1,0.5087661405602154,0.6082253022027717,0
PINA,20260904,8,1.2,0.4687235878130682,0.6082253022027717,0
PINA,20260904,8,1.3,0.3402921294658876,0.6082253022027717,0
PINA,20260904,8,1.4,0.4419760211974164,0.6082253022027717,0
PINA,20260904,8,1.5,0.43914198843836794,0.6082253022027717,0
PINA,20260904,8,1.6,0.5001366150181412,0.6082253022027717,0
PINA,20260904,8,1.7,0.40132805474885297,0.6082253022027717,0
PINA,20260904,8,1.8,0.32800208348968407,0.6082253022027717,0
PINA,20260904,8,1.9,0.3333870249607657,0.6082253022027717,0
PINA,20260904,8,2.0,0.24641206360494855,0.6082253022027717,0
PINA,20260904,8,2.1,0.3188295827831783,0.6082253022027717,0
PINA,20260904,8,2.2,0.21684547026585668,0.6082253022027717,0
PINA,20260904,8,2.3,0.22372403873443425,0.6082253022027717,0
PINA,20260904,8,2.4,0.23267371643842955,0.6082253022027717,0
PINA,20260904,8,2.5,0.20114841370561123,0.6082253022027717,0
PINA,20260904,8,2.6,0.2186146977233123,0.6082253022027717,0
PINA,20260904,8,2.7,0.22510631004651788,0.6082253022027717,0
PINA,20260904,8,2.8,0.3153593230746525,0.6082253022027717,0
PINA,20260904,8,2.9,0.28468172928961677,0.6082253022027717,0
PINA,20260904,8,3.0,0.34727196068796484,0.6082253022027717,0
PINA,20260904,8,3.1,0.33590213899042454,0.6082253022027717,0
PINA,20260904,8,3.2,0.34065485167895,0.6082253022027717,0
PINA,20260904,8,3.3,0.22665044701947523,0.6082253022027717,0
PINA,20260904,8,3.4,0.010482993357261544,0.6082253022027717,0
PINA,20260904,8,3.5,0.07358797007742328,0.6082253022027717,0
PINA,20260904,8,3.6,0.09888816231530788,0.6082253022027717,0
PINA,20260904,8,3.7,0.1429929941971686,0.6082253022027717,0
PINA,20260904,8,3.8,0.24449849468896342,0.6082253022027717,0
PINA,20260904,8,3.9,0.1624102915139051,0.6082253022027717,0
PINA,20260904,8,4.0,0.15411545959575673,0.6082253022027717,0
PINA,20260904,8,4.1,0.12831061304599253,0.6082253022027717,0
PINA,20260904,8,4.2,0.25696390260544894,0.6082253022027717,0
PINA,20260904,8,4.3,0.12333238983932525,0.6082253022027717,0
PINA,20260904,8,4.4,0.1090217903934176,0.6082253022027717,0
PINA,20260904,8,4.5,0.3225131819057821,0.6082253022027717,0
PINA,20260904,8,4.6,0.4588524626719475,0.6082253022027717,0
PINA,20260904,8,4.7,0.511219953997477,0.6082253022027717,0
PINA,20260904,8,4.8,0.49290703450308004,0.6082253022027717,0
PINA,20260904,8,4.9,0.38817560389181144,0.6082253022027717,0
PINA,20260904,8,5.0,0.35616311181931787,0.6082253022027717,0
PINA,20260904,8,5.1,0.33369689066777863,0.6082253022027717,0
PINA,20260904,8,5.2,0.6439039254691712,0.6082253022027717,1
PINA,20260904,8,5.3,0.7027474830865273,0.6082253022027717,1
PINA,20260904,8,5.4,0.6158176583939144,0.6082253022027717,1
PINA,20260904,8,5.5,0.54568422839225,0.6082253022027717,0
PINA,20260904,8,5.6,0.5132470741851158,0.6082253022027717,0
PINA,20260904,8,5.7,0.564914584884848,0.6082253022027717,0
PINA,20260904,8,5.8,0.5242341958911465,0.6082253022027717,0
PINA,20260904,8,5.9,0.4684484554127994,0.6082253022027717,0
PINA,20260904,8,6.0,0.5034060468977821,0.6082253022027717,0
PINA,20260904,8,6.1,0.41328884847252056,0.6082253022027717,0
PINA,20260904,8,6.2,0.40959917834023407,0.6082253022027717,0
PINA,20260904,8,6.3,0.4309345600913259,0.6082253022027717,0
PINA,20260904,8,6.4,0.38903249383633737,0.6082253022027717,0
PINA,20260904,8,6.5,0.450636814326675,0.6082253022027717,0
PINA,20260904,8,6.6,0.5476466189394432,0.6082253022027717,0
PINA,20260904,8,6.7,0.4721505384350996,0.6082253022027717,0
PINA,20260904,8,6.8,0.43683733900051824,0.6082253022027717,0
PINA,20260904,8,6.9,0.4817033284138031,0.6082253022027717,0
PINA,20260904,8,7.0,0.5252894042081953,0.6082253022027717,0
PINA,20260904,8,7.1,0.45185845967186555,0.6082253022027717,0
PINA,20260904,8,7.2,0.5499556399508949,0.6082253022027717,0
PINA,20260904,8,7.3,0.4224651663245247,0.6082253022027717,0
PINA,20260904,8,7.4,0.4649677301859979,0.6082253022027717,0
PINA,20260904,8,7.5,0.36360463368892626,0.6082253022027717,0
PINA,20260904,8,7.6,0.33164344871495577,0.6082253022027717,0
PINA,20260904,8,7.7,0.23778563833822722,0.6082253022027717,0
PINA,20260904,8,7.8,0.35053147430691645,0.6082253022027717,0
PINA,20260904,8,7.9,0.23050490628446998,0.6082253022027717,0
PINA,20260904,8,8.0,0.3075550458440186,0.6082253022027717,0
PINA,20260904,8,8.1,0.43145198926065703,0.6082253022027717,0
PINA,20260904,8,8.2,0.4539653710989353,0.6082253022027717,0
PINA,20260904,8,8.3,0.5411154042135276,0.6082253022027717,0
PINA,20260904,8,8.4,0.527354199859658,0.6082253022027717,0
PINA,20260904,8,8.5,0.4451832033146545,0.6082253022027717,0
PINA,20260904,8,8.6,0.49307155427326865,0.6082253022027717,0
PINA,20260904,8,8.7,0.4392540845363841,0.6082253022027717,0
PINA,20260904,8,8.8,0.4191946034871217,0.6082253022027717,0
PINA,20260904,8,8.9,0.40881189507762583,0.6082253022027717,0
PINA,20260904,8,9.0,0.5349016316278247,0.6082253022027717,0
PINA,20260904,8,9.1,0.6004836911925632,0.6082253022027717,0
PINA,20260904,8,9.2,0.5770264853210811,0.6082253022027717,0
PINA,20260904,8,9.3,0.6155295945493388,0.6082253022027717,1
PINA,20260904,8,9.4,0.6009648763393571,0.6082253022027717,0
PINA,20260904,8,9.5,0.5859326506401673,0.6082253022027717,0
PINA,20260904,9,1.0,0.4759100430878229,0.6043738567462693,0
PINA,20260904,9,1.1,0.3486858780803977,0.6043738567462693,0
PINA,20260904,9,1.2,0.18799890551347143,0.6043738567462693,0
PINA,20260904,9,1.3,0.12991779574438383,0.6043738567462693,0
PINA,20260904,9,1.4,0.2612781152069539,0.6043738567462693,0
PINA,20260904,9,1.5,0.21328006411726003,0.6043738567462693,0
PINA,20260904,9,1.6,0.3450614078745621,0.6043738567462693,0
PINA,20260904,9,1.7,0.5700323012195412,0.6043738567462693,0
PINA,20260904,9,1.8,0.6292955887230103,0.6043738567462693,1
PINA,20260904,9,1.9,0.5984309614150393,0.6043738567462693,0
PINA,20260904,9,2.0,0.43614559937385505,0.6043738567462693,0
PINA,20260904,9,2.1,0.10760708912354516,0.6043738567462693,0
PINA,20260904,9,2.2,0.27286467870538206,0.6043738567462693,0
PINA,20260904,9,2.3,0.35181507083896074,0.6043738567462693,0
PINA,20260904,9,2.4,0.21282081047038962,0.6043738567462693,0
PINA,20260904,9,2.5,0.2124485004834622,0.6043738567462693,0
PINA,20260904,9,2.6,0.3734477782682719,0.6043738567462693,0
PINA,20260904,9,2.7,0.35916869275780083,0.6043738567462693,0
PINA,20260904,9,2.8,0.144682736960241,0.6043738567462693,0
PINA,20260904,9,2.9,0.08643067265075396,0.6043738567462693,0
PINA,20260904,9,3.0,0.11791154165881418,0.6043738567462693,0
PINA,20260904,9,3.1,0.2385672712582718,0.6043738567462693,0
PINA,20260904,9,3.2,0.240799774287361,0.6043738567462693,0
PINA,20260904,9,3.3,0.18683782819329306,0.6043738567462693,0
PINA,20260904,9,3.4,0.157062657813241,0.6043738567462693,0
PINA,20260904,9,3.5,0.3022066090461714,0.6043738567462693,0
PINA,20260904,9,3.6,0.27978222954723714,0.6043738567462693,0
PINA,20260904,9,3.7,0.25312465162622905,0.6043738567462693,0
PINA,20260904,9,3.8,0.1995093640010992,0.6043738567462693,0
PINA,20260904,9,3.9,0.43458784498783537,0.6043738567462693,0
PINA,20260904,9,4.0,0.5373982500314287,0.6043738567462693,0
PINA,20260904,9,4.1,0.45004111227155713,0.6043738567462693,0
PINA,20260904,9,4.2,0.3325678764509927,0.6043738567462693,0
PINA,20260904,9,4.3,0.4802314502568132,0.6043738567462693,0
PINA,20260904,9,4.4,0.5801628935599923,0.6043738567462693,0
PINA,20260904,9,4.5,0.5269185549249229,0.6043738567462693,0
PINA,20260904,9,4.6,0.5255994944352962,0.6043738567462693,0
PINA,20260904,9,4.7,0.5365298152093319,0.6043738567462693,0
PINA,20260904,9,4.8,0.47057183113113527,0.6043738567462693,0
PINA,20260904,9,4.9,0.4401870882702388,0.6043738567462693,0
PINA,20260904,9,5.0,0.4363596553287202,0.6043738567462693,0
PINA,20260904,9,5.1,0.3596002574293756,0.6043738567462693,0
PINA,20260904,9,5.2,0.342553936986315,0.6043738567462693,0
PINA,20260904,9,5.3,0.40655723372408414,0.6043738567462693,0
PINA,20260904,9,5.4,0.42217493917701493,0.6043738567462693,0
PINA,20260904,9,5.5,0.3811395338336558,0.6043738567462693,0
PINA,20260904,9,5.6,0.48222332005004964,0.6043738567462693,0
PINA,20260904,9,5.7,0.5097655769713756,0.6043738567462693,0
PINA,20260904,9,5.8,0.5161971670389623,0.6043738567462693,0
PINA,20260904,9,5.9,0.5685685058793322,0.6043738567462693,0
PINA,20260904,9,6.0,0.540320063339101,0.6043738567462693,0
PINA,20260904,9,6.1,0.33001218662993953,0.6043738567462693,0
PINA,20260904,9,6.2,0.33566529499559017,0.6043738567462693,0
PINA,20260904,9,6.3,0.3244299726782294,0.6043738567462693,0
PINA,20260904,9,6.4,0.225964169410108,0.6043738567462693,0
PINA,20260904,9,6.5,0.38066272761817127,0.6043738567462693,0
PINA,20260904,9,6.6,0.4262150301807228,0.6043738567462693,0
PINA,20260904,9,6.7,0.5430945080021964,0.6043738567462693,0
PINA,20260904,9,6.8,0.5323853628949959,0.6043738567462693,0
PINA,20260904,9,6.9,0.5713715586662607,0.6043738567462693,0
PINA,20260904,9,7.0,0.5227557038543055,0.6043738567462693,0
PINA,20260904,9,7.1,0.4881782395475287,0.6043738567462693,0
PINA,20260904,9,7.2,0.41476941433813236,0.6043738567462693,0
PINA,20260904,9,7.3,0.40553278074254456,0.6043738567462693,0
PINA,20260904,9,7.4,0.34990323696100434,0.6043738567462693,0
PINA,20260904,9,7.5,0.2363794716631851,0.6043738567462693,0
PINA,20260904,9,7.6,0.23206845852008562,0.6043738567462693,0
PINA,20260904,9,7.7,0.21545260717739045,0.6043738567462693,0
PINA,20260904,9,7.8,0.3766558395375861,0.6043738567462693,0
PINA,20260904,9,7.9,0.3651927593816674,0.6043738567462693,0
PINA,20260904,9,8.0,0.3030194957009865,0.6043738567462693,0
PINA,20260904,9,8.1,0.2987550343303138,0.6043738567462693,0
PINA,20260904,9,8.2,0.31660814978035956,0.6043738567462693,0
PINA,20260904,9,8.3,0.35677062319522285,0.6043738567462693,0
PINA,20260904,9,8.4,0.23636028060176603,0.6043738567462693,0
PINA,20260904,9,8.5,0.3562412735681115,0.6043738567462693,0
PINA,20260904,9,8.6,0.40170668297220113,0.6043738567462693,0
PINA,20260904,9,8.7,0.5875774939439865,0.6043738567462693,0
PINA,20260904,9,8.8,0.5372005827770464,0.6043738567462693,0
PINA,20260904,9,8.9,0.48425758849716966,0.6043738567462693,0
PINA,20260904,9,9.0,0.32725098365567107,0.6043738567462693,0
PINA,20260904,9,9.1,0.2136585058201154,0.6043738567462693,0
PINA,20260904,9,9.2,0.5555280405527279,0.6043738567462693,0
PINA,20260904,9,9.3,0.594413222212208,0.6043738567462693,0
PINA,20260904,9,9.4,0.5463171562109277,0.6043738567462693,0
PINA,20260904,9,9.5,0.530468665392071,0.6043738567462693,0
PINA,20260904,10,1.0,0.4431865953482696,0.6285467720992505,0
PINA,20260904,10,1.1,0.3799936321453872,0.6285467720992505,0
PINA,20260904,10,1.2,0.3314173456696159,0.6285467720992505,0
PINA,20260904,10,1.3,0.22153910602704063,0.6285467720992505,0
PINA,20260904,10,1.4,0.2949689877923401,0.6285467720992505,0
PINA,20260904,10,1.5,0.46917818727029603,0.6285467720992505,0
PINA,20260904,10,1.6,0.642552404469472,0.6285467720992505,1
PINA,20260904,10,1.7,0.6118087588514214,0.6285467720992505,0
PINA,20260904,10,1.8,0.5716022483172263,0.6285467720992505,0
PINA,20260904,10,1.9,0.5268568597360793,0.6285467720992505,0
PINA,20260904,10,2.0,0.47463553656530466,0.6285467720992505,0
PINA,20260904,10,2.1,0.3770893563328826,0.6285467720992505,0
PINA,20260904,10,2.2,0.35423598109929694,0.6285467720992505,0
PINA,20260904,10,2.3,0.3415926889387972,0.6285467720992505,0
PINA,20260904,10,2.4,0.30854649914525606,0.6285467720992505,0
PINA,20260904,10,2.5,0.4288596844111979,0.6285467720992505,0
PINA,20260904,10,2.6,0.3300088598424023,0.6285467720992505,0
PINA,20260904,10,2.7,0.3694705846896789,0.6285467720992505,0
PINA,20260904,10,2.8,0.26438303064853985,0.6285467720992505,0
PINA,20260904,10,2.9,0.18133438698065313,0.6285467720992505,0
PINA,20260904,10,3.0,0.1745066092347208,0.6285467720992505,0
PINA,20260904,10,3.1,0.17764577731007758,0.6285467720992505,0
PINA,20260904,10,3.2,0.28669178038773374,0.6285467720992505,0
PINA,20260904,10,3.3,0.2318922504986007,0.6285467720992505,0
PINA,20260904,10,3.4,0.21387975625444863,0.6285467720992505,0
PINA,20260904,10,3.5,0.27052490436593074,0.6285467720992505,0
PINA,20260904,10,3.6,0.3833723169118991,0.6285467720992505,0
PINA,20260904,10,3.7,0.45661368361041027,0.6285467720992505,0
PINA,20260904,10,3.8,0.376544003351436,0.6285467720992505,0
PINA,20260904,10,3.9,0.3801827769522898,0.6285467720992505,0
PINA,20260904,10,4.0,0.4554363018659833,0.6285467720992505,0
PINA,20260904,10,4.1,0.472393426861494,0.6285467720992505,0
PINA,20260904,10,4.2,0.39431033297584517,0.6285467720992505,0
PINA,20260904,10,4.3,0.5009312412112281,0.6285467720992505,0
PINA,20260904,10,4.4,0.5768200571293638,0.6285467720992505,0
PINA,20260904,10,4.5,0.557978743152076,0.6285467720992505,0
PINA,20260904,10,4.6,0.521763726774434,0.6285467720992505,0
PINA,20260904,10,4.7,0.48321971928937885,0.6285467720992505,0
PINA,20260904,10,4.8,0.5866779394355555,0.6285467720992505,0
PINA,20260904,10,4.9,0.6409589790195855,0.6285467720992505,1
PINA,20260904,10,5.0,0.7277264600973381,0.6285467720992505,1
PINA,20260904,10,5.1,0.5148726147757908,0.6285467720992505,0
PINA,20260904,10,5.2,0.29096744325357765,0.6285467720992505,0
PINA,20260904,10,5.3,0.2960063049973473,0.6285467720992505,0
PINA,20260904,10,5.4,0.31162684607390784,0.6285467720992505,0
PINA,20260904,10,5.5,0.4421589120540752,0.6285467720992505,0
PINA,20260904,10,5.6,0.4578269304320846,0.6285467720992505,0
PINA,20260904,10,5.7,0.3637048716700352,0.6285467720992505,0
PINA,20260904,10,5.8,0.4241260864906843,0.6285467720992505,0
PINA,20260904,10,5.9,0.42943860393936134,0.6285467720992505,0
PINA,20260904,10,6.0,0.4444746868306232,0.6285467720992505,0
PINA,20260904,10,6.1,0.5710151485465033,0.6285467720992505,0
PINA,20260904,10,6.2,0.5374533577175411,0.6285467720992505,0
PINA,20260904,10,6.3,0.47537376554284616,0.6285467720992505,0
PINA,20260904,10,6.4,0.3489551649783106,0.6285467720992505,0
PINA,20260904,10,6.5,0.5137129997644229,0.6285467720992505,0
PINA,20260904,10,6.6,0.540797049767682,0.6285467720992505,0
PINA,20260904,10,6.7,0.5150564109432663,0.6285467720992505,0
PINA,20260904,10,6.8,0.5693831133722813,0.6285467720992505,0
PINA,20260904,10,6.9,0.5394721988731409,0.6285467720992505,0
PINA,20260904,10,7.0,0.5587505530966754,0.6285467720992505,0
PINA,20260904,10,7.1,0.5538023532242896,0.6285467720992505,0
PINA,20260904,10,7.2,0.5574202732259862,0.6285467720992505,0
PINA,20260904,10,7.3,0.43876776453189514,0.6285467720992505,0
PINA,20260904,10,7.4,0.3301427190646742,0.6285467720992505,0
PINA,20260904,10,7.5,0.3631450226812254,0.6285467720992505,0
PINA,20260904,10,7.6,0.4664609827351876,0.6285467720992505,0
PINA,20260904,10,7.7,0.46708261882868757,0.6285467720992505,0
PINA,20260904,10,7.8,0.5297504631335118,0.6285467720992505,0
PINA,20260904,10,7.9,0.3980875313362335,0.6285467720992505,0
PINA,20260904,10,8.0,0.38038983232352414,0.6285467720992505,0
PINA,20260904,10,8.1,0.39419549197029063,0.6285467720992505,0
PINA,20260904,10,8.2,0.36251851066157115,0.6285467720992505,0
PINA,20260904,10,8.3,0.4382668406276377,0.6285467720992505,0
PINA,20260904,10,8.4,0.517761553488044,0.6285467720992505,0
PINA,20260904,10,8.5,0.5843416825480343,0.6285467720992505,0
PINA,20260904,10,8.6,0.6455510291658333,0.6285467720992505,1
PINA,20260904,10,8.7,0.5627202678445061,0.6285467720992505,0
PINA,20260904,10,8.8,0.5251098278900314,0.6285467720992505,0
PINA,20260904,10,8.9,0.5325047278591539,0.6285467720992505,0
PINA,20260904,10,9.0,0.546592020713038,0.6285467720992505,0
PINA,20260904,10,9.1,0.522070213978177,0.6285467720992505,0
PINA,20260904,10,9.2,0.5665108460852882,0.6285467720992505,0
PINA,20260904,10,9.3,0.5535507388603501,0.6285467720992505,0
PINA,20260904,10,9.4,0.5150826455968848,0.6285467720992505,0
PINA,20260904,10,9.5,0.5303357497741638,0.6285467720992505,0
PINA,20260904,11,1.0,0.42571154856380944,0.607245160929681,0
PINA,20260904,11,1.1,0.505106400726951,0.607245160929681,0
PINA,20260904,11,1.2,0.6431161053482707,0.607245160929681,1
PINA,20260904,11,1.3,0.6243733516462061,0.607245160929681,1
PINA,20260904,11,1.4,0.6809354473672142,0.607245160929681,1
PINA,20260904,11,1.5,0.6213801699771556,0.607245160929681,1
PINA,20260904,11,1.6,0.5801236239642874,0.607245160929681,0
PINA,20260904,11,1.7,0.4168051205818663,0.607245160929681,0
PINA,20260904,11,1.8,0.3822717354725818,0.607245160929681,0
PINA,20260904,11,1.9,0.29648462731485153,0.607245160929681,0
PINA,20260904,11,2.0,0.3880579877123069,0.607245160929681,0
PINA,20260904,11,2.1,0.5330192912646678,0.607245160929681,0
PINA,20260904,11,2.2,0.5469066563656277,0.607245160929681,0
PINA,20260904,11,2.3,0.5282432158199319,0.607245160929681,0
PINA,20260904,11,2.4,0.46143781041121557,0.607245160929681,0
PINA,20260904,11,2.5,0.5043529685620178,0.607245160929681,0
PINA,20260904,11,2.6,0.5960512291284793,0.607245160929681,0
PINA,20260904,11,2.7,0.6985908114005492,0.607245160929681,1
PINA,20260904,11,2.8,0.6964510768937919,0.607245160929681,1
PINA,20260904,11,2.9,0.6005174595934789,0.607245160929681,0
PINA,20260904,11,3.0,0.5333229192127982,0.607245160929681,0
PINA,20260904,11,3.1,0.40454210430963433,0.607245160929681,0
PINA,20260904,11,3.2,0.3127537699004399,0.607245160929681,0
PINA,20260904,11,3.3,0.428391966503145,0.607245160929681,0
PINA,20260904,11,3.4,0.4535332001142035,0.607245160929681,0
PINA,20260904,11,3.5,0.5752155166620011,0.607245160929681,0
PINA,20260904,11,3.6,0.49072902226778764,0.607245160929681,0
PINA,20260904,11,3.7,0.3919300479684391,0.607245160929681,0
PINA,20260904,11,3.8,0.41451811174095776,0.607245160929681,0
PINA,20260904,11,3.9,0.49344727948770084,0.607245160929681,0
PINA,20260904,11,4.0,0.36940967686522186,0.607245160929681,0
PINA,20260904,11,4.1,0.4489206299335839,0.607245160929681,0
PINA,20260904,11,4.2,0.3802686249516373,0.607245160929681,0
PINA,20260904,11,4.3,0.2836221870081856,0.607245160929681,0
PINA,20260904,11,4.4,0.42137496453375506,0.607245160929681,0
PINA,20260904,11,4.5,0.534172743565074,0.607245160929681,0
PINA,20260904,11,4.6,0.5161747174641018,0.607245160929681,0
PINA,20260904,11,4.7,0.600137686229764,0.607245160929681,0
PINA,20260904,11,4.8,0.6421653528059639,0.607245160929681,1
PINA,20260904,11,4.9,0.736809528823045,0.607245160929681,1
PINA,20260904,11,5.0,0.7650417328539973,0.607245160929681,1
PINA,20260904,11,5.1,0.6896872742813461,0.607245160929681,1
PINA,20260904,11,5.2,0.5124490487160539,0.607245160929681,0
PINA,20260904,11,5.3,0.4828160026412998,0.607245160929681,0
PINA,20260904,11,5.4,0.3846665597046837,0.607245160929681,0
PINA,20260904,11,5.5,0.28033335390430036,0.607245160929681,0
PINA,20260904,11,5.6,0.35697570708391735,0.607245160929681,0
PINA,20260904,11,5.7,0.27574516287659695,0.607245160929681,0
PINA,20260904,11,5.8,0.4293656594809375,0.607245160929681,0
PINA,20260904,11,5.9,0.4086869004985904,0.607245160929681,0
PINA,20260904,11,6.0,0.3283529453751035,0.607245160929681,0
PINA,20260904,11,6.1,0.45348501874198605,0.607245160929681,0
PINA,20260904,11,6.2,0.5941987236897373,0.607245160929681,0
PINA,20260904,11,6.3,0.599709572601993,0.607245160929681,0
PINA,20260904,11,6.4,0.46555136177789846,0.607245160929681,0
PINA,20260904,11,6.5,0.3816017698431676,0.607245160929681,0
PINA,20260904,11,6.6,0.3568717881871658,0.607245160929681,0
PINA,20260904,11,6.7,0.5093748129445841,0.607245160929681,0
PINA,20260904,11,6.8,0.4590631932851669,0.607245160929681,0
PINA,20260904,11,6.9,0.3982480295713551,0.607245160929681,0
PINA,20260904,11,7.0,0.39960903876406384,0.607245160929681,0
PINA,20260904,11,7.1,0.4872045024673653,0.607245160929681,0
PINA,20260904,11,7.2,0.5558038713809368,0.607245160929681,0
PINA,20260904,11,7.3,0.5422141496085777,0.607245160929681,0
PINA,20260904,11,7.4,0.5405491134706982,0.607245160929681,0
PINA,20260904,11,7.5,0.4485885688984082,0.607245160929681,0
PINA,20260904,11,7.6,0.4400400307660369,0.607245160929681,0
PINA,20260904,11,7.7,0.3838133639422168,0.607245160929681,0
PINA,20260904,11,7.8,0.44153321993215877,0.607245160929681,0
PINA,20260904,11,7.9,0.41198340479491746,0.607245160929681,0
PINA,20260904,11,8.0,0.43527901085544085,0.607245160929681,0
PINA,20260904,11,8.1,0.5134085197452667,0.607245160929681,0
PINA,20260904,11,8.2,0.5567876984049115,0.607245160929681,0
PINA,20260904,11,8.3,0.49213129455392635,0.607245160929681,0
PINA,20260904,11,8.4,0.5440080599494145,0.607245160929681,0
PINA,20260904,11,8.5,0.49554084742953,0.607245160929681,0
PINA,20260904,11,8.6,0.5128953088040056,0.607245160929681,0
PINA,20260904,11,8.7,0.4559948680609302,0.607245160929681,0
PINA,20260904,11,8.8,0.44382235661504793,0.607245160929681,0
PINA,20260904,11,8.9,0.2520600876577648,0.607245160929681,0
PINA,20260904,11,9.0,0.313710511799991,0.607245160929681,0
PINA,20260904,11,9.1,0.3422539752703023,0.607245160929681,0
PINA,20260904,11,9.2,0.3903104931620023,0.607245160929681,0
PINA,20260904,11,9.3,0.41723615641399503,0.607245160929681,0
PINA,20260904,11,9.4,0.33834986170426934,0.607245160929681,0
PINA,20260904,11,9.5,0.5988229483305233,0.607245160929681,0
PINA,20260904,12,1.0,0.6207420354158846,0.6348497631978723,0
PINA,20260904,12,1.1,0.5382540227389235,0.6348497631978723,0
PINA,20260904,12,1.2,0.42744777826344277,0.6348497631978723,0
PINA,20260904,12,1.3,0.5975096263711972,0.6348497631978723,0
PINA,20260904,12,1.4,0.5834866784650014,0.6348497631978723,0
PINA,20260904,12,1.5,0.5341004293305616,0.6348497631978723,0
PINA,20260904,12,1.6,0.6335198578270871,0.6348497631978723,0
PINA,20260904,12,1.7,0.47405549856289386,0.6348497631978723,0
PINA,20260904,12,1.8,0.5070056178200647,0.6348497631978723,0
PINA,20260904,12,1.9,0.6046617143577414,0.6348497631978723,0
PINA,20260904,12,2.0,0.6990414304761507,0.6348497631978723,1
PINA,20260904,12,2.1,0.621965831614106,0.6348497631978723,0
PINA,20260904,12,2.2,0.45625215198901314,0.6348497631978723,0
PINA,20260904,12,2.3,0.46306288418311886,0.6348497631978723,0
PINA,20260904,12,2.4,0.3873161890531745,0.6348497631978723,0
PINA,20260904,12,2.5,0.29210004698644754,0.6348497631978723,0
PINA,20260904,12,2.6,0.29385991784777177,0.6348497631978723,0
PINA,20260904,12,2.7,0.28143786621313094,0.6348497631978723,0
PINA,20260904,12,2.8,0.2985714541824006,0.6348497631978723,0
PINA,20260904,12,2.9,0.34072866136774693,0.6348497631978723,0
PINA,20260904,12,3.0,0.5354228082094016,0.6348497631978723,0
PINA,20260904,12,3.1,0.47340008323552685,0.6348497631978723,0
PINA,20260904,12,3.2,0.5037247640441406,0.6348497631978723,0
PINA,20260904,12,3.3,0.5741749137583592,0.6348497631978723,0
PINA,20260904,12,3.4,0.4104401854870862,0.6348497631978723,0
PINA,20260904,12,3.5,0.41674472692622816,0.6348497631978723,0
PINA,20260904,12,3.6,0.36746539250351457,0.6348497631978723,0
PINA,20260904,12,3.7,0.32998841992828704,0.6348497631978723,0
PINA,20260904,12,3.8,0.39482769687492936,0.6348497631978723,0
PINA,20260904,12,3.9,0.3416629226521124,0.6348497631978723,0
PINA,20260904,12,4.0,0.2758812419493108,0.6348497631978723,0
PINA,20260904,12,4.1,0.4384564230297942,0.6348497631978723,0
PINA,20260904,12,4.2,0.4301396168359087,0.6348497631978723,0
PINA,20260904,12,4.3,0.4980716436880575,0.6348497631978723,0
PINA,20260904,12,4.4,0.3535421907182322,0.6348497631978723,0
PINA,20260904,12,4.5,0.42165861692345347,0.6348497631978723,0
PINA,20260904,12,4.6,0.3523555536622907,0.6348497631978723,0
PINA,20260904,12,4.7,0.45712496802992186,0.6348497631978723,0
PINA,20260904,12,4.8,0.5153927486013105,0.6348497631978723,0
PINA,20260904,12,4.9,0.439794931548861,0.6348497631978723,0
PINA,20260904,12,5.0,0.3512853256857481,0.6348497631978723,0
PINA,20260904,12,5.1,0.32124690102494624,0.6348497631978723,0
PINA,20260904,12,5.2,0.41951270877695135,0.6348497631978723,0
PINA,20260904,12,5.3,0.3631709868428357,0.6348497631978723,0
PINA,20260904,12,5.4,0.47919555980955564,0.6348497631978723,0
PINA,20260904,12,5.5,0.6039520575200366,0.6348497631978723,0
PINA,20260904,12,5.6,0.5408175256098857,0.6348497631978723,0
PINA,20260904,12,5.7,0.4742781988578792,0.6348497631978723,0
PINA,20260904,12,5.8,0.4717539691443897,0.6348497631978723,0
PINA,20260904,12,5.9,0.511681467834911,0.6348497631978723,0
PINA,20260904,12,6.0,0.35903646698982344,0.6348497631978723,0
PINA,20260904,12,6.1,0.3722721109376414,0.6348497631978723,0
PINA,20260904,12,6.2,0.4099313229215354,0.6348497631978723,0
PINA,20260904,12,6.3,0.33934747353213346,0.6348497631978723,0
PINA,20260904,12,6.4,0.4605933561758586,0.6348497631978723,0
PINA,20260904,12,6.5,0.3265001339326354,0.6348497631978723,0
PINA,20260904,12,6.6,0.5589179604947662,0.6348497631978723,0
PINA,20260904,12,6.7,0.6366933620562737,0.6348497631978723,1
PINA,20260904,12,6.8,0.5474593942697711,0.6348497631978723,0
PINA,20260904,12,6.9,0.5371811408064484,0.6348497631978723,0
PINA,20260904,12,7.0,0.5369323387865877,0.6348497631978723,0
PINA,20260904,12,7.1,0.6373784389821259,0.6348497631978723,1
PINA,20260904,12,7.2,0.5835878672242747,0.6348497631978723,0
PINA,20260904,12,7.3,0.3777539220635671,0.6348497631978723,0
PINA,20260904,12,7.4,0.27020691286388643,0.6348497631978723,0
PINA,20260904,12,7.5,0.3149355914349993,0.6348497631978723,0
PINA,20260904,12,7.6,0.4790794199749339,0.6348497631978723,0
PINA,20260904,12,7.7,0.5242323399549117,0.6348497631978723,0
PINA,20260904,12,7.8,0.54921848910759,0.6348497631978723,0
PINA,20260904,12,7.9,0.6001341720379225,0.6348497631978723,0
PINA,20260904,12,8.0,0.708004680518939,0.6348497631978723,1
PINA,20260904,12,8.1,0.4761363455836965,0.6348497631978723,0
PINA,20260904,12,8.2,0.5371207474449844,0.6348497631978723,0
PINA,20260904,12,8.3,0.43688188886684703,0.6348497631978723,0
PINA,20260904,12,8.4,0.2851274175498089,0.6348497631978723,0
PINA,20260904,12,8.5,0.41151998674057266,0.6348497631978723,0
PINA,20260904,12,8.6,0.3434619918000569,0.6348497631978723,0
PINA,20260904,12,8.7,0.37766343473743536,0.6348497631978723,0
PINA,20260904,12,8.8,0.5032426813965767,0.6348497631978723,0
PINA,20260904,12,8.9,0.3674207288119457,0.6348497631978723,0
PINA,20260904,12,9.0,0.3739494322723113,0.6348497631978723,0
PINA,20260904,12,9.1,0.44588408183036377,0.6348497631978723,0
PINA,20260904,12,9.2,0.4895598379581806,0.6348497631978723,0
PINA,20260904,12,9.3,0.7123596689596192,0.6348497631978723,1
PINA,20260904,12,9.4,0.6921886932145038,0.6348497631978723,1
PINA,20260904,12,9.5,0.7046414141638273,0.6348497631978723,1
PINA,20260904,13,1.0,0.5422385179436697,0.519085980653283,1
PINA,20260904,13,1.1,0.42994360781937296,0.519085980653283,0
PINA,20260904,13,1.2,0.381493217872021,0.519085980653283,0
PINA,20260904,13,1.3,0.3738923391151675,0.519085980653283,0
PINA,20260904,13,1.4,0.35452459816992515,0.519085980653283,0
PINA,20260904,13,1.5,0.40642973017667794,0.519085980653283,0
PINA,20260904,13,1.6,0.46743257667876414,0.519085980653283,0
PINA,20260904,13,1.7,0.6029361315354484,0.519085980653283,1
PINA,20260904,13,1.8,0.6181145313812921,0.519085980653283,1
PINA,20260904,13,1.9,0.6182938507431962,0.519085980653283,1
PINA,20260904,13,2.0,0.5928808062027019,0.519085980653283,1
PINA,20260904,13,2.1,0.492983951976236,0.519085980653283,0
PINA,20260904,13,2.2,0.4847647738606671,0.519085980653283,0
PINA,20260904,13,2.3,0.40513820292629477,0.519085980653283,0
PINA,20260904,13,2.4,0.362340837657596,0.519085980653283,0
PINA,20260904,13,2.5,0.5112590882171686,0.519085980653283,0
PINA,20260904,13,2.6,0.48617075781855923,0.519085980653283,0
PINA,20260904,13,2.7,0.5343708810087636,0.519085980653283,1
PINA,20260904,13,2.8,0.3377612453062106,0.519085980653283,0
PINA,20260904,13,2.9,0.424081403331834,0.519085980653283,0
PINA,20260904,13,3.0,0.3617905716368667,0.519085980653283,0
PINA,20260904,13,3.1,0.4793923729850629,0.519085980653283,0
PINA,20260904,13,3.2,0.5147324195460963,0.519085980653283,0
PINA,20260904,13,3.3,0.4555930638248034,0.519085980653283,0
PINA,20260904,13,3.4,0.3646015259554709,0.519085980653283,0
PINA,20260904,13,3.5,0.30117666541128446,0.519085980653283,0
PINA,20260904,13,3.6,0.4306933418701699,0.519085980653283,0
PINA,20260904,13,3.7,0.40663293665218364,0.519085980653283,0
PINA,20260904,13,3.8,0.4173607512140469,0.519085980653283,0
PINA,20260904,13,3.9,0.47526292298544504,0.519085980653283,0
PINA,20260904,13,4.0,0.4149148048641107,0.519085980653283,0
PINA,20260904,13,4.1,0.3210129534678125,0.519085980653283,0
PINA,20260904,13,4.2,0.13684614941459353,0.519085980653283,0
PINA,20260904,13,4.3,0.21985974759603727,0.519085980653283,0
PINA,20260904,13,4.4,0.12473220622725607,0.519085980653283,0
PINA,20260904,13,4.5,0.34123325680437366,0.519085980653283,0
PINA,20260904,13,4.6,0.4758703821627872,0.519085980653283,0
PINA,20260904,13,4.7,0.40038002733268996,0.519085980653283,0
PINA,20260904,13,4.8,0.33156584792829363,0.519085980653283,0
PINA,20260904,13,4.9,0.31838096335055743,0.519085980653283,0
PINA,20260904,13,5.0,0.35392452021460863,0.519085980653283,0
PINA,20260904,13,5.1,0.4453755979164601,0.519085980653283,0
PINA,20260904,13,5.2,0.48896643150384267,0.519085980653283,0
PINA,20260904,13,5.3,0.24546848310342378,0.519085980653283,0
PINA,20260904,13,5.4,0.13781097421943067,0.519085980653283,0
PINA,20260904,13,5.5,0.3869519781249255,0.519085980653283,0
PINA,20260904,13,5.6,0.37285558883211933,0.519085980653283,0
PINA,20260904,13,5.7,0.4810005850277441,0.519085980653283,0
PINA,20260904,13,5.8,0.4265330646634264,0.519085980653283,0
PINA,20260904,13,5.9,0.3007147436359727,0.519085980653283,0
PINA,20260904,13,6.0,0.13963490827764297,0.519085980653283,0
PINA,20260904,13,6.1,0.13497233885566345,0.519085980653283,0
PINA,20260904,13,6.2,0.0862959199490688,0.519085980653283,0
PINA,20260904,13,6.3,0.09195290736412376,0.519085980653283,0
PINA,20260904,13,6.4,0.14536725085873073,0.519085980653283,0
PINA,20260904,13,6.5,0.19293586129431864,0.519085980653283,0
PINA,20260904,13,6.6,0.2170822082027674,0.519085980653283,0
PINA,20260904,13,6.7,0.37740959439256944,0.519085980653283,0
PINA,20260904,13,6.8,0.3023051691609239,0.519085980653283,0
PINA,20260904,13,6.9,0.1651244215433584,0.519085980653283,0
PINA,20260904,13,7.0,0.47329150928709385,0.519085980653283,0
PINA,20260904,13,7.1,0.3417962061952667,0.519085980653283,0
PINA,20260904,13,7.2,0.4520962827920656,0.519085980653283,0
PINA,20260904,13,7.3,0.43370046374987986,0.519085980653283,0
PINA,20260904,13,7.4,0.3720297840820839,0.519085980653283,0
PINA,20260904,13,7.5,0.3177089187815164,0.519085980653283,0
PINA,20260904,13,7.6,0.3201514812483001,0.519085980653283,0
PINA,20260904,13,7.7,0.33116395818817485,0.519085980653283,0
PINA,20260904,13,7.8,0.29934711736207237,0.519085980653283,0
PINA,20260904,13,7.9,0.3270546964663587,0.519085980653283,0
PINA,20260904,13,8.0,0.27833088254336064,0.519085980653283,0
PINA,20260904,13,8.1,0.2218267359228247,0.519085980653283,0
PINA,20260904,13,8.2,0.3744862043684934,0.519085980653283,0
PINA,20260904,13,8.3,0.2916668200280236,0.519085980653283,0
PINA,20260904,13,8.4,0.3038869296988704,0.519085980653283,0
PINA,20260904,13,8.5,0.40759634228240293,0.519085980653283,0
PINA,20260904,13,8.6,0.3804405341299465,0.519085980653283,0
PINA,20260904,13,8.7,0.4500158692657034,0.519085980653283,0
PINA,20260904,13,8.8,0.48674196495902383,0.519085980653283,0
PINA,20260904,13,8.9,0.41752726448286887,0.519085980653283,0
PINA,20260904,13,9.0,0.3002341058805157,0.519085980653283,0
PINA,20260904,13,9.1,0.37224542693773693,0.519085980653283,0
PINA,20260904,13,9.2,0.4940402557732157,0.519085980653283,0
PINA,20260904,13,9.3,0.3414875779955188,0.519085980653283,0
PINA,20260904,13,9.4,0.3637835675782164,0.519085980653283,0
PINA,20260904,13,9.5,0.4457320888610694,0.519085980653283,0
PINA,20260904,14,1.0,0.3641445761706346,0.515542763007423,0
PINA,20260904,14,1.1,0.3788634497715528,0.515542763007423,0
PINA,20260904,14,1.2,0.45107250085922673,0.515542763007423,0
PINA,20260904,14,1.3,0.2680093168100362,0.515542763007423,0
PINA,20260904,14,1.4,0.2807749981342005,0.515542763007423,0
PINA,20260904,14,1.5,0.30873580123357675,0.515542763007423,0
PINA,20260904,14,1.6,0.27051289967323505,0.515542763007423,0
PINA,20260904,14,1.7,0.4321340777330061,0.515542763007423,0
PINA,20260904,14,1.8,0.39151302641217045,0.515542763007423,0
PINA,20260904,14,1.9,0.5027464722773336,0.515542763007423,0
PINA,20260904,14,2.0,0.5921026623797413,0.515542763007423,1
PINA,20260904,14,2.1,0.6031670177968529,0.515542763007423,1
PINA,20260904,14,2.2,0.5743088708367771,0.515542763007423,1
PINA,20260904,14,2.3,0.46498106099710534,0.515542763007423,0
PINA,20260904,14,2.4,0.3213807636280261,0.515542763007423,0
PINA,20260904,14,2.5,0.4345559178555875,0.515542763007423,0
PINA,20260904,14,2.6,0.3731946932820115,0.515542763007423,0
PINA,20260904,14,2.7,0.33785751949244036,0.515542763007423,0
PINA,20260904,14,2.8,0.2939240506657394,0.515542763007423,0
PINA,20260904,14,2.9,0.3260806915500749,0.515542763007423,0
PINA,20260904,14,3.0,0.32456950361697373,0.515542763007423,0
PINA,20260904,14,3.1,0.36002943041461183,0.515542763007423,0
PINA,20260904,14,3.2,0.4336656798900256,0.515542763007423,0
PINA,20260904,14,3.3,0.6105775073553441,0.515542763007423,1
PINA,20260904,14,3.4,0.49028114721874844,0.515542763007423,0
PINA,20260904,14,3.5,0.29436135886328335,0.515542763007423,0
PINA,20260904,14,3.6,0.21980773437972279,0.515542763007423,0
PINA,20260904,14,3.7,0.19879079310936554,0.515542763007423,0
PINA,20260904,14,3.8,0.381438757360515,0.515542763007423,0
PINA,20260904,14,3.9,0.3947142156114865,0.515542763007423,0
PINA,20260904,14,4.0,0.46424887142684085,0.515542763007423,0
PINA,20260904,14,4.1,0.3575969054672183,0.515542763007423,0
PINA,20260904,14,4.2,0.3133701949280238,0.515542763007423,0
PINA,20260904,14,4.3,0.42908320643509174,0.515542763007423,0
PINA,20260904,14,4.4,0.19721752990103192,0.515542763007423,0
PINA,20260904,14,4.5,0.2961365357550714,0.515542763007423,0
PINA,20260904,14,4.6,0.3444594482236183,0.515542763007423,0
PINA,20260904,14,4.7,0.537765437039228,0.515542763007423,1
PINA,20260904,14,4.8,0.3478982096777493,0.515542763007423,0
PINA,20260904,14,4.9,0.19911157359734566,0.515542763007423,0
PINA,20260904,14,5.0,0.24764945745229694,0.515542763007423,0
PINA,20260904,14,5.1,0.06361211615946576,0.515542763007423,0
PINA,20260904,14,5.2,0.1504222434741355,0.515542763007423,0
PINA,20260904,14,5.3,0.2678541684853932,0.515542763007423,0
PINA,20260904,14,5.4,0.4534466738741848,0.515542763007423,0
PINA,20260904,14,5.5,0.4983786260313512,0.515542763007423,0
PINA,20260904,14,5.6,0.5244573668151086,0.515542763007423,1
PINA,20260904,14,5.7,0.5015628948880444,0.515542763007423,0
PINA,20260904,14,5.8,0.44273526697501675,0.515542763007423,0
PINA,20260904,14,5.9,0.4278088130728826,0.515542763007423,0
PINA,20260904,14,6.0,0.3653946800241273,0.515542763007423,0
PINA,20260904,14,6.1,0.46051389061056586,0.515542763007423,0
PINA,20260904,14,6.2,0.41416942627037173,0.515542763007423,0
PINA,20260904,14,6.3,0.3457378925195964,0.515542763007423,0
PINA,20260904,14,6.4,0.2308003998315082,0.515542763007423,0
PINA,20260904,14,6.5,0.2056586776366851,0.515542763007423,0
PINA,20260904,14,6.6,0.40174133527922706,0.515542763007423,0
PINA,20260904,14,6.7,0.56752829112995,0.515542763007423,1
PINA,20260904,14,6.8,0.40096532153908276,0.515542763007423,0
PINA,20260904,14,6.9,0.4269478454110133,0.515542763007423,0
PINA,20260904,14,7.0,0.4610680198373521,0.515542763007423,0
PINA,20260904,14,7.1,0.498817261035641,0.515542763007423,0
PINA,20260904,14,7.2,0.5333245481138476,0.515542763007423,1
PINA,20260904,14,7.3,0.3866691134428696,0.515542763007423,0
PINA,20260904,14,7.4,0.2802705320864109,0.515542763007423,0
PINA,20260904,14,7.5,0.4005042649587582,0.515542763007423,0
PINA,20260904,14,7.6,0.395702167260451,0.515542763007423,0
PINA,20260904,14,7.7,0.23839059019934747,0.515542763007423,0
PINA,20260904,14,7.8,0.2735503663299456,0.515542763007423,0
PINA,20260904,14,7.9,0.3428404896560604,0.515542763007423,0
PINA,20260904,14,8.0,0.4025268477846581,0.515542763007423,0
PINA,20260904,14,8.1,0.3207761481134764,0.515542763007423,0
PINA,20260904,14,8.2,0.4037194560922183,0.515542763007423,0
PINA,20260904,14,8.3,0.47088997010700023,0.515542763007423,0
PINA,20260904,14,8.4,0.421316754534222,0.515542763007423,0
PINA,20260904,14,8.5,0.38478411332203916,0.515542763007423,0
PINA,20260904,14,8.6,0.3693868394249776,0.515542763007423,0
PINA,20260904,14,8.7,0.3392406746100629,0.515542763007423,0
PINA,20260904,14,8.8,0.36850122414997755,0.515542763007423,0
PINA,20260904,14,8.9,0.31047231065657055,0.515542763007423,0
PINA,20260904,14,9.0,0.2903182722100658,0.515542763007423,0
PINA,20260904,14,9.1,0.22102733031371968,0.515542763007423,0
PINA,20260904,14,9.2,0.36285904819357506,0.515542763007423,0
PINA,20260904,14,9.3,0.2113973078229997,0.515542763007423,0
PINA,20260904,14,9.4,0.1890585355930733,0.515542763007423,0
PINA,20260904,14,9.5,0.3577762249907052,0.515542763007423,0
PINA,20260904,15,1.0,0.424294048558045,0.48357554290079646,0
PINA,20260904,15,1.1,0.4208341430986127,0.48357554290079646,0
PINA,20260904,15,1.2,0.3942054761954862,0.48357554290079646,0
PINA,20260904,15,1.3,0.26863199321405473,0.48357554290079646,0
PINA,20260904,15,1.4,0.2424865117521452,0.48357554290079646,0
PINA,20260904,15,1.5,0.2821499128784217,0.48357554290079646,0
PINA,20260904,15,1.6,0.4131963938152758,0.48357554290079646,0
PINA,20260904,15,1.7,0.2969131485469001,0.48357554290079646,0
PINA,20260904,15,1.8,0.32700472060252017,0.48357554290079646,0
PINA,20260904,15,1.9,0.30915189240568086,0.48357554290079646,0
PINA,20260904,15,2.0,0.18759100428081737,0.48357554290079646,0
PINA,20260904,15,2.1,0.16080780762211905,0.48357554290079646,0
PINA,20260904,15,2.2,0.16476121870066557,0.48357554290079646,0
PINA,20260904,15,2.3,0.17419293507671532,0.48357554290079646,0
PINA,20260904,15,2.4,0.275619196558854,0.48357554290079646,0
PINA,20260904,15,2.5,0.2767934150521848,0.48357554290079646,0
PINA,20260904,15,2.6,0.21521345800427052,0.48357554290079646,0
PINA,20260904,15,2.7,0.2198405158022497,0.48357554290079646,0
PINA,20260904,15,2.8,0.15771810195147432,0.48357554290079646,0
PINA,20260904,15,2.9,0.3491497988878372,0.48357554290079646,0
PINA,20260904,15,3.0,0.41436682198810015,0.48357554290079646,0
PINA,20260904,15,3.1,0.41289795736788704,0.48357554290079646,0
PINA,20260904,15,3.2,0.30626509895957355,0.48357554290079646,0
PINA,20260904,15,3.3,0.18170258597360245,0.48357554290079646,0
PINA,20260904,15,3.4,0.2817620970618843,0.48357554290079646,0
PINA,20260904,15,3.5,0.23141948497663645,0.48357554290079646,0
PINA,20260904,15,3.6,0.2851597568594905,0.48357554290079646,0
PINA,20260904,15,3.7,0.3895709681005116,0.48357554290079646,0
PINA,20260904,15,3.8,0.34285619797420996,0.48357554290079646,0
PINA,20260904,15,3.9,0.2998252434405086,0.48357554290079646,0
PINA,20260904,15,4.0,0.2069257772822639,0.48357554290079646,0
PINA,20260904,15,4.1,0.30089555104961896,0.48357554290079646,0
PINA,20260904,15,4.2,0.3377426051354349,0.48357554290079646,0
PINA,20260904,15,4.3,0.35891380955336877,0.48357554290079646,0
PINA,20260904,15,4.4,0.21285350584489918,0.48357554290079646,0
PINA,20260904,15,4.5,0.0635904295185144,0.48357554290079646,0
PINA,20260904,15,4.6,0.1641272618939227,0.48357554290079646,0
PINA,20260904,15,4.7,0.39354876288390395,0.48357554290079646,0
PINA,20260904,15,4.8,0.43860016820395736,0.48357554290079646,0
PINA,20260904,15,4.9,0.4046909371662427,0.48357554290079646,0
PINA,20260904,15,5.0,0.3525881573134136,0.48357554290079646,0
PINA,20260904,15,5.1,0.34669252945013335,0.48357554290079646,0
PINA,20260904,15,5.2,0.5475507352585801,0.48357554290079646,1
PINA,20260904,15,5.3,0.5626765022955438,0.48357554290079646,1
PINA,20260904,15,5.4,0.44928464714206084,0.48357554290079646,0
PINA,20260904,15,5.5,0.2852427151762215,0.48357554290079646,0
PINA,20260904,15,5.6,0.28968571925229253,0.48357554290079646,0
PINA,20260904,15,5.7,0.38448401729504317,0.48357554290079646,0
PINA,20260904,15,5.8,0.43362152610745913,0.48357554290079646,0
PINA,20260904,15,5.9,0.43073582709516073,0.48357554290079646,0
PINA,20260904,15,6.0,0.306481475520934,0.48357554290079646,0
PINA,20260904,15,6.1,0.2108375334466011,0.48357554290079646,0
PINA,20260904,15,6.2,0.11941761695777459,0.48357554290079646,0
PINA,20260904,15,6.3,0.12141913943733967,0.48357554290079646,0
PINA,20260904,15,6.4,0.23202765227963257,0.48357554290079646,0
PINA,20260904,15,6.5,0.22931579391401338,0.48357554290079646,0
PINA,20260904,15,6.6,0.25691322487012974,0.48357554290079646,0
PINA,20260904,15,6.7,0.46257962939085706,0.48357554290079646,0
PINA,20260904,15,6.8,0.4597028115635327,0.48357554290079646,0
PINA,20260904,15,6.9,0.4672002289218913,0.48357554290079646,0
PINA,20260904,15,7.0,0.3344236358379256,0.48357554290079646,0
PINA,20260904,15,7.1,0.3673222175273936,0.48357554290079646,0
PINA,20260904,15,7.2,0.3887253488249297,0.48357554290079646,0
PINA,20260904,15,7.3,0.3230691411489104,0.48357554290079646,0
PINA,20260904,15,7.4,0.291691646669278,0.48357554290079646,0
PINA,20260904,15,7.5,0.2821784764302323,0.48357554290079646,0
PINA,20260904,15,7.6,0.24379161121924367,0.48357554290079646,0
PINA,20260904,15,7.7,0.4004514872170496,0.48357554290079646,0
PINA,20260904,15,7.8,0.3499925272248661,0.48357554290079646,0
PINA,20260904,15,7.9,0.3336282995047744,0.48357554290079646,0
PINA,20260904,15,8.0,0.45013481057175275,0.48357554290079646,0
PINA,20260904,15,8.1,0.42361765821340236,0.48357554290079646,0
PINA,20260904,15,8.2,0.5210193454158757,0.48357554290079646,1
PINA,20260904,15,8.3,0.44597922360895154,0.48357554290079646,0
PINA,20260904,15,8.4,0.4319908379334085,0.48357554290079646,0
PINA,20260904,15,8.5,0.1989113614680959,0.48357554290079646,0
PINA,20260904,15,8.6,0.1261600176146024,0.48357554290079646,0
PINA,20260904,15,8.7,0.16336270421932378,0.48357554290079646,0
PINA,20260904,15,8.8,0.19873473091526445,0.48357554290079646,0
PINA,20260904,15,8.9,0.303761183684379,0.48357554290079646,0
PINA,20260904,15,9.0,0.2906736921383401,0.48357554290079646,0
PINA,20260904,15,9.1,0.3699916945527921,0.48357554290079646,0
PINA,20260904,15,9.2,0.1926251019900958,0.48357554290079646,0
PINA,20260904,15,9.3,0.1819316795009523,0.48357554290079646,0
PINA,20260904,15,9.4,0.215643074616666,0.48357554290079646,0
PINA,20260904,15,9.5,0.40858912927209756,0.48357554290079646,0
PINA,20260904,16,1.0,0.13700947001284536,0.46813485574037655,0
PINA,20260904,16,1.1,0.06164878355557306,0.46813485574037655,0
PINA,20260904,16,1.2,0.28721044761876124,0.46813485574037655,0
PINA,20260904,16,1.3,0.3186248996178364,0.46813485574037655,0
PINA,20260904,16,1.4,0.3546012127744093,0.46813485574037655,0
PINA,20260904,16,1.5,0.40038097859478256,0.46813485574037655,0
PINA,20260904,16,1.6,0.43357307902540104,0.46813485574037655,0
PINA,20260904,16,1.7,0.5229654875539269,0.46813485574037655,1
PINA,20260904,16,1.8,0.465760583382891,0.46813485574037655,0
PINA,20260904,16,1.9,0.29150072584693937,0.46813485574037655,0
PINA,20260904,16,2.0,0.31070317323001695,0.46813485574037655,0
PINA,20260904,16,2.1,0.2452728803084706,0.46813485574037655,0
PINA,20260904,16,2.2,0.30544972084325256,0.46813485574037655,0
PINA,20260904,16,2.3,0.2326082881930008,0.46813485574037655,0
PINA,20260904,16,2.4,0.26715854185757765,0.46813485574037655,0
PINA,20260904,16,2.5,0.38585529235094174,0.46813485574037655,0
PINA,20260904,16,2.6,0.37366066647763235,0.46813485574037655,0
PINA,20260904,16,2.7,0.24768284481032685,0.46813485574037655,0
PINA,20260904,16,2.8,0.39758085268610693,0.46813485574037655,0
PINA,20260904,16,2.9,0.3762808449223546,0.46813485574037655,0
PINA,20260904,16,3.0,0.49350281047892475,0.46813485574037655,1
PINA,20260904,16,3.1,0.4003169997071623,0.46813485574037655,0
PINA,20260904,16,3.2,0.34532332780048597,0.46813485574037655,0
PINA,20260904,16,3.3,0.37549252897157537,0.46813485574037655,0
PINA,20260904,16,3.4,0.28827268048528126,0.46813485574037655,0
PINA,20260904,16,3.5,0.26060090504125977,0.46813485574037655,0
PINA,20260904,16,3.6,0.36759542147345564,0.46813485574037655,0
PINA,20260904,16,3.7,0.47740256812702064,0.46813485574037655,1
PINA,20260904,16,3.8,0.3870225172697969,0.46813485574037655,0
PINA,20260904,16,3.9,0.2833576577162402,0.46813485574037655,0
PINA,20260904,16,4.0,0.11857575816432714,0.46813485574037655,0
PINA,20260904,16,4.1,0.17298381727017795,0.46813485574037655,0
PINA,20260904,16,4.2,0.22003154198711458,0.46813485574037655,0
PINA,20260904,16,4.3,0.2821497375817055,0.46813485574037655,0
PINA,20260904,16,4.4,0.36062062120764093,0.46813485574037655,0
PINA,20260904,16,4.5,0.3631040564216083,0.46813485574037655,0
PINA,20260904,16,4.6,0.25811740311843523,0.46813485574037655,0
PINA,20260904,16,4.7,0.15736613104044347,0.46813485574037655,0
PINA,20260904,16,4.8,0.32352681887805523,0.46813485574037655,0
PINA,20260904,16,4.9,0.35147616609019106,0.46813485574037655,0
PINA,20260904,16,5.0,0.4930929249567314,0.46813485574037655,1
PINA,20260904,16,5.1,0.36629861309402667,0.46813485574037655,0
PINA,20260904,16,5.2,0.3414523972824661,0.46813485574037655,0
PINA,20260904,16,5.3,0.19491048025463723,0.46813485574037655,0
PINA,20260904,16,5.4,0.2013226902998474,0.46813485574037655,0
PINA,20260904,16,5.5,0.26092466965055666,0.46813485574037655,0
PINA,20260904,16,5.6,0.35011295111773233,0.46813485574037655,0
PINA,20260904,16,5.7,0.4165370237540918,0.46813485574037655,0
PINA,20260904,16,5.8,0.4263807272881737,0.46813485574037655,0
PINA,20260904,16,5.9,0.47867354204023116,0.46813485574037655,1
PINA,20260904,16,6.0,0.4128287007124127,0.46813485574037655,0
PINA,20260904,16,6.1,0.444494904608812,0.46813485574037655,0
PINA,20260904,16,6.2,0.4459614219376835,0.46813485574037655,0
PINA,20260904,16,6.3,0.4840275857806125,0.46813485574037655,1
PINA,20260904,16,6.4,0.44977044132497723,0.46813485574037655,0
PINA,20260904,16,6.5,0.2842821509349498,0.46813485574037655,0
PINA,20260904,16,6.6,0.28288588138399207,0.46813485574037655,0
PINA,20260904,16,6.7,0.2546225966905996,0.46813485574037655,0
PINA,20260904,16,6.8,0.40030746411347495,0.46813485574037655,0
PINA,20260904,16,6.9,0.37247940836316057,0.46813485574037655,0
PINA,20260904,16,7.0,0.26754962422048667,0.46813485574037655,0
PINA,20260904,16,7.1,0.28304972663696326,0.46813485574037655,0
PINA,20260904,16,7.2,0.17798030249319194,0.46813485574037655,0
PINA,20260904,16,7.3,0.26507403937773316,0.46813485574037655,0
PINA,20260904,16,7.4,0.2424942678162848,0.46813485574037655,0
PINA,20260904,16,7.5,0.4043813836309369,0.46813485574037655,0
PINA,20260904,16,7.6,0.5163816129248363,0.46813485574037655,1
PINA,20260904,16,7.7,0.26544625710388203,0.46813485574037655,0
PINA,20260904,16,7.8,0.24896704549503015,0.46813485574037655,0
PINA,20260904,16,7.9,0.3629604301729782,0.46813485574037655,0
PINA,20260904,16,8.0,0.37496827101483815,0.46813485574037655,0
PINA,20260904,16,8.1,0.37490466207829803,0.46813485574037655,0
PINA,20260904,16,8.2,0.23710246200912705,0.46813485574037655,0
PINA,20260904,16,8.3,0.1735336039105744,0.46813485574037655,0
PINA,20260904,16,8.4,0.3179564383376547,0.46813485574037655,0
PINA,20260904,16,8.5,0.3758622000963588,0.46813485574037655,0
PINA,20260904,16,8.6,0.359950236093769,0.46813485574037655,0
PINA,20260904,16,8.7,0.36758580970997917,0.46813485574037655,0
PINA,20260904,16,8.8,0.3895883643987971,0.46813485574037655,0
PINA,20260904,16,8.9,0.22307057767679,0.46813485574037655,0
PINA,20260904,16,9.0,0.20236143007281296,0.46813485574037655,0
PINA,20260904,16,9.1,0.26497432348710875,0.46813485574037655,0
PINA,20260904,16,9.2,0.1955957161071686,0.46813485574037655,0
PINA,20260904,16,9.3,0.12384035280953856,0.46813485574037655,0
PINA,20260904,16,9.4,0.1823906754886573,0.46813485574037655,0
PINA,20260904,16,9.5,0.35835405471110077,0.46813485574037655,0
PINA,20260904,17,1.0,0.14518832368508156,0.500112340565537,0
PINA,20260904,17,1.1,0.2606632694325547,0.500112340565537,0
PINA,20260904,17,1.2,0.2335412562544296,0.500112340565537,0
PINA,20260904,17,1.3,0.20715269937005357,0.500112340565537,0
PINA,20260904,17,1.4,0.221423903508278,0.500112340565537,0
PINA,20260904,17,1.5,0.22615361068836484,0.500112340565537,0
PINA,20260904,17,1.6,0.3529780570167381,0.500112340565537,0
PINA,20260904,17,1.7,0.30890744226005157,0.500112340565537,0
PINA,20260904,17,1.8,0.33672151887860235,0.500112340565537,0
PINA,20260904,17,1.9,0.24780833003588443,0.500112340565537,0
PINA,20260904,17,2.0,0.2678004967686352,0.500112340565537,0
PINA,20260904,17,2.1,0.2661082476315267,0.500112340565537,0
PINA,20260904,17,2.2,0.42751218389161266,0.500112340565537,0
PINA,20260904,17,2.3,0.39434375843767405,0.500112340565537,0
PINA,20260904,17,2.4,0.44901313372106616,0.500112340565537,0
PINA,20260904,17,2.5,0.4863921147504262,0.500112340565537,0
PINA,20260904,17,2.6,0.42041870818013843,0.500112340565537,0
PINA,20260904,17,2.7,0.32730575480454804,0.500112340565537,0
PINA,20260904,17,2.8,0.30510606690109093,0.500112340565537,0
PINA,20260904,17,2.9,0.3786648520792569,0.500112340565537,0
PINA,20260904,17,3.0,0.4553666515628683,0.500112340565537,0
PINA,20260904,17,3.1,0.4436482539560134,0.500112340565537,0
PINA,20260904,17,3.2,0.5478293596988965,0.500112340565537,1
PINA,20260904,17,3.3,0.5736646480405849,0.500112340565537,1
PINA,20260904,17,3.4,0.29260805557514347,0.500112340565537,0
PINA,20260904,17,3.5,0.177285557651246,0.500112340565537,0
PINA,20260904,17,3.6,0.27958112427347953,0.500112340565537,0
PINA,20260904,17,3.7,0.20199168802510387,0.500112340565537,0
PINA,20260904,17,3.8,0.3006432740587227,0.500112340565537,0
PINA,20260904,17,3.9,0.22502424507679913,0.500112340565537,0
PINA,20260904,17,4.0,0.20010356402911172,0.500112340565537,0
PINA,20260904,17,4.1,0.2803912107510745,0.500112340565537,0
PINA,20260904,17,4.2,0.2867374714548365,0.500112340565537,0
PINA,20260904,17,4.3,0.22194644364451088,0.500112340565537,0
PINA,20260904,17,4.4,0.08410625621347032,0.500112340565537,0
PINA,20260904,17,4.5,0.18309114798606038,0.500112340565537,0
PINA,20260904,17,4.6,0.19779216993656087,0.500112340565537,0
PINA,20260904,17,4.7,0.199572492461574,0.500112340565537,0
PINA,20260904,17,4.8,0.09465795809385648,0.500112340565537,0
PINA,20260904,17,4.9,0.054130775487388164,0.500112340565537,0
PINA,20260904,17,5.0,0.038554027736948986,0.500112340565537,0
PINA,20260904,17,5.1,0.2042142061331237,0.500112340565537,0
PINA,20260904,17,5.2,0.36603825271277823,0.500112340565537,0
PINA,20260904,17,5.3,0.3388078210404667,0.500112340565537,0
PINA,20260904,17,5.4,0.32861644176403715,0.500112340565537,0
PINA,20260904,17,5.5,0.295124958239948,0.500112340565537,0
PINA,20260904,17,5.6,0.3458265575335494,0.500112340565537,0
PINA,20260904,17,5.7,0.4640127599258948,0.500112340565537,0
PINA,20260904,17,5.8,0.37620349477299275,0.500112340565537,0
PINA,20260904,17,5.9,0.2291831874279143,0.500112340565537,0
PINA,20260904,17,6.0,0.21915812063931542,0.500112340565537,0
PINA,20260904,17,6.1,0.36507404282198014,0.500112340565537,0
PINA,20260904,17,6.2,0.28901611990395437,0.500112340565537,0
PINA,20260904,17,6.3,0.32655459738575604,0.500112340565537,0
PINA,20260904,17,6.4,0.39156814659754163,0.500112340565537,0
PINA,20260904,17,6.5,0.4181285316882094,0.500112340565537,0
PINA,20260904,17,6.6,0.3311031848085683,0.500112340565537,0
PINA,20260904,17,6.7,0.25461647505961826,0.500112340565537,0
PINA,20260904,17,6.8,0.25463520895208325,0.500112340565537,0
PINA,20260904,17,6.9,0.2564213821720777,0.500112340565537,0
PINA,20260904,17,7.0,0.21341841894361854,0.500112340565537,0
PINA,20260904,17,7.1,0.2285376538263532,0.500112340565537,0
PINA,20260904,17,7.2,0.3045505684769284,0.500112340565537,0
PINA,20260904,17,7.3,0.283188984825483,0.500112340565537,0
PINA,20260904,17,7.4,0.2992219351867367,0.500112340565537,0
PINA,20260904,17,7.5,0.46573060604223054,0.500112340565537,0
PINA,20260904,17,7.6,0.40074013520304663,0.500112340565537,0
PINA,20260904,17,7.7,0.5532796695760747,0.500112340565537,1
PINA,20260904,17,7.8,0.6288272078821728,0.500112340565537,1
PINA,20260904,17,7.9,0.5238479167017289,0.500112340565537,1
PINA,20260904,17,8.0,0.5608849935630772,0.500112340565537,1
PINA,20260904,17,8.1,0.5321613016491025,0.500112340565537,1
PINA,20260904,17,8.2,0.408534931430998,0.500112340565537,0
PINA,20260904,17,8.3,0.3751773892733262,0.500112340565537,0
PINA,20260904,17,8.4,0.2936135550728544,0.500112340565537,0
PINA,20260904,17,8.5,0.48586172127392535,0.500112340565537,0
PINA,20260904,17,8.6,0.5648029067407836,0.500112340565537,1
PINA,20260904,17,8.7,0.463438424273489,0.500112340565537,0
PINA,20260904,17,8.8,0.443426821028927,0.500112340565537,0
PINA,20260904,17,8.9,0.36918844502360876,0.500112340565537,0
PINA,20260904,17,9.0,0.19182582945341584,0.500112340565537,0
PINA,20260904,17,9.1,0.36956146009502777,0.500112340565537,0
PINA,20260904,17,9.2,0.34376068035703977,0.500112340565537,0
PINA,20260904,17,9.3,0.436080593204401,0.500112340565537,0
PINA,20260904,17,9.4,0.47941301969457534,0.500112340565537,0
PINA,20260904,17,9.5,0.5508899793754971,0.500112340565537,1
PINA,20260904,18,1.0,0.22583413825323606,0.5371939956220998,0
PINA,20260904,18,1.1,0.19231092586163193,0.5371939956220998,0
PINA,20260904,18,1.2,0.21289625011069602,0.5371939956220998,0
PINA,20260904,18,1.3,0.18959916134503685,0.5371939956220998,0
PINA,20260904,18,1.4,0.40070262212777735,0.5371939956220998,0
PINA,20260904,18,1.5,0.2462963063528601,0.5371939956220998,0
PINA,20260904,18,1.6,0.388218790788417,0.5371939956220998,0
PINA,20260904,18,1.7,0.3788289536030028,0.5371939956220998,0
PINA,20260904,18,1.8,0.2792619750362925,0.5371939956220998,0
PINA,20260904,18,1.9,0.4191054767135928,0.5371939956220998,0
PINA,20260904,18,2.0,0.32380236879564944,0.5371939956220998,0
PINA,20260904,18,2.1,0.5304170751369586,0.5371939956220998,0
PINA,20260904,18,2.2,0.4480292443646189,0.5371939956220998,0
PINA,20260904,18,2.3,0.47532726793077307,0.5371939956220998,0
PINA,20260904,18,2.4,0.4246562879331724,0.5371939956220998,0
PINA,20260904,18,2.5,0.3772887664116618,0.5371939956220998,0
PINA,20260904,18,2.6,0.4858255038637525,0.5371939956220998,0
PINA,20260904,18,2.7,0.5255857683590371,0.5371939956220998,0
PINA,20260904,18,2.8,0.5473822418603785,0.5371939956220998,1
PINA,20260904,18,2.9,0.5786129173012333,0.5371939956220998,1
PINA,20260904,18,3.0,0.4838640734041243,0.5371939956220998,0
PINA,20260904,18,3.1,0.4467409866455503,0.5371939956220998,0
PINA,20260904,18,3.2,0.4502688197301643,0.5371939956220998,0
PINA,20260904,18,3.3,0.3316258273174185,0.5371939956220998,0
PINA,20260904,18,3.4,0.36790861882197806,0.5371939956220998,0
PINA,20260904,18,3.5,0.22605138967975213,0.5371939956220998,0
PINA,20260904,18,3.6,0.25069700000435025,0.5371939956220998,0
PINA,20260904,18,3.7,0.38186096234827355,0.5371939956220998,0
PINA,20260904,18,3.8,0.40994338686470344,0.5371939956220998,0
PINA,20260904,18,3.9,0.3866135465080083,0.5371939956220998,0
PINA,20260904,18,4.0,0.3218787514171432,0.5371939956220998,0
PINA,20260904,18,4.1,0.24424336611432523,0.5371939956220998,0
PINA,20260904,18,4.2,0.30298136279771726,0.5371939956220998,0
PINA,20260904,18,4.3,0.43493817352568864,0.5371939956220998,0
PINA,20260904,18,4.4,0.5707954494413529,0.5371939956220998,1
PINA,20260904,18,4.5,0.37978553766369205,0.5371939956220998,0
PINA,20260904,18,4.6,0.4319572556997004,0.5371939956220998,0
PINA,20260904,18,4.7,0.4339747450047903,0.5371939956220998,0
PINA,20260904,18,4.8,0.462934966382833,0.5371939956220998,0
PINA,20260904,18,4.9,0.4899037283636231,0.5371939956220998,0
PINA,20260904,18,5.0,0.2689548817787052,0.5371939956220998,0
PINA,20260904,18,5.1,0.3562338412741745,0.5371939956220998,0
PINA,20260904,18,5.2,0.23401648214991846,0.5371939956220998,0
PINA,20260904,18,5.3,0.36302799714876194,0.5371939956220998,0
PINA,20260904,18,5.4,0.4349231646824276,0.5371939956220998,0
PINA,20260904,18,5.5,0.45138394104773816,0.5371939956220998,0
PINA,20260904,18,5.6,0.4346984820322338,0.5371939956220998,0
PINA,20260904,18,5.7,0.3898889860366895,0.5371939956220998,0
PINA,20260904,18,5.8,0.4378984924661534,0.5371939956220998,0
PINA,20260904,18,5.9,0.4072790702657776,0.5371939956220998,0
PINA,20260904,18,6.0,0.42977778989881893,0.5371939956220998,0
PINA,20260904,18,6.1,0.35927654528459274,0.5371939956220998,0
PINA,20260904,18,6.2,0.3443462176098337,0.5371939956220998,0
PINA,20260904,18,6.3,0.1936783958647913,0.5371939956220998,0
PINA,20260904,18,6.4,0.15403673659896946,0.5371939956220998,0
PINA,20260904,18,6.5,0.2862856454932389,0.5371939956220998,0
PINA,20260904,18,6.6,0.4117209507741713,0.5371939956220998,0
PINA,20260904,18,6.7,0.355339689917147,0.5371939956220998,0
PINA,20260904,18,6.8,0.29898400195614605,0.5371939956220998,0
PINA,20260904,18,6.9,0.4533426156925091,0.5371939956220998,0
PINA,20260904,18,7.0,0.3911485098397834,0.5371939956220998,0
PINA,20260904,18,7.1,0.44008789578172586,0.5371939956220998,0
PINA,20260904,18,7.2,0.3780931603059194,0.5371939956220998,0
PINA,20260904,18,7.3,0.32066344320580015,0.5371939956220998,0
PINA,20260904,18,7.4,0.396054939139285,0.5371939956220998,0
PINA,20260904,18,7.5,0.5760161700150525,0.5371939956220998,1
PINA,20260904,18,7.6,0.5642502223882518,0.5371939956220998,1
PINA,20260904,18,7.7,0.600895581344332,0.5371939956220998,1
PINA,20260904,18,7.8,0.5495858308673414,0.5371939956220998,1
PINA,20260904,18,7.9,0.510736820852943,0.5371939956220998,0
PINA,20260904,18,8.0,0.5527624457106163,0.5371939956220998,1
PINA,20260904,18,8.1,0.5553284554485125,0.5371939956220998,1
PINA,20260904,18,8.2,0.5013124215804204,0.5371939956220998,0
PINA,20260904,18,8.3,0.5708226206494467,0.5371939956220998,1
PINA,20260904,18,8.4,0.4480179400124197,0.5371939956220998,0
PINA,20260904,18,8.5,0.25987869809272723,0.5371939956220998,0
PINA,20260904,18,8.6,0.28893143440617,0.5371939956220998,0
PINA,20260904,18,8.7,0.4247732874651147,0.5371939956220998,0
PINA,20260904,18,8.8,0.40419097432874784,0.5371939956220998,0
PINA,20260904,18,8.9,0.23480603338924655,0.5371939956220998,0
PINA,20260904,18,9.0,0.32952727473756716,0.5371939956220998,0
PINA,20260904,18,9.1,0.3311858941828886,0.5371939956220998,0
PINA,20260904,18,9.2,0.3993011892871605,0.5371939956220998,0
PINA,20260904,18,9.3,0.4784826895046605,0.5371939956220998,0
PINA,20260904,18,9.4,0.44737664704958,0.5371939956220998,0
PINA,20260904,18,9.5,0.39186628395524237,0.5371939956220998,0
PINA,20260904,19,1.0,0.36932813034807643,0.5621442050767722,0
PINA,20260904,19,1.1,0.42353343644191266,0.5621442050767722,0
PINA,20260904,19,1.2,0.41069726514932353,0.5621442050767722,0
PINA,20260904,19,1.3,0.5454616800175957,0.5621442050767722,0
PINA,20260904,19,1.4,0.38580966961431795,0.5621442050767722,0
PINA,20260904,19,1.5,0.3915296830579473,0.5621442050767722,0
PINA,20260904,19,1.6,0.4013851568527408,0.5621442050767722,0
PINA,20260904,19,1.7,0.4198227323976594,0.5621442050767722,0
PINA,20260904,19,1.8,0.507316697249152,0.5621442050767722,0
PINA,20260904,19,1.9,0.4610148327663364,0.5621442050767722,0
PINA,20260904,19,2.0,0.4222857717705194,0.5621442050767722,0
PINA,20260904,19,2.1,0.444128116630607,0.5621442050767722,0
PINA,20260904,19,2.2,0.32069704641308633,0.5621442050767722,0
PINA,20260904,19,2.3,0.3528779240939229,0.5621442050767722,0
PINA,20260904,19,2.4,0.27225600164586095,0.5621442050767722,0
PINA,20260904,19,2.5,0.3363915943787209,0.5621442050767722,0
PINA,20260904,19,2.6,0.21863348319534281,0.5621442050767722,0
PINA,20260904,19,2.7,0.3052645461366607,0.5621442050767722,0
PINA,20260904,19,2.8,0.3863218659221514,0.5621442050767722,0
PINA,20260904,19,2.9,0.429895219812488,0.5621442050767722,0
PINA,20260904,19,3.0,0.509519636049962,0.5621442050767722,0
PINA,20260904,19,3.1,0.4565132070184439,0.5621442050767722,0
PINA,20260904,19,3.2,0.3742971139601631,0.5621442050767722,0
PINA,20260904,19,3.3,0.3781568725537811,0.5621442050767722,0
PINA,20260904,19,3.4,0.512215269065607,0.5621442050767722,0
PINA,20260904,19,3.5,0.41854701723617377,0.5621442050767722,0
PINA,20260904,19,3.6,0.4316822484267151,0.5621442050767722,0
PINA,20260904,19,3.7,0.3770546323920591,0.5621442050767722,0
PINA,20260904,19,3.8,0.17982874811709723,0.5621442050767722,0
PINA,20260904,19,3.9,0.13445438442238583,0.5621442050767722,0
PINA,20260904,19,4.0,0.13664046799437815,0.5621442050767722,0
PINA,20260904,19,4.1,0.23582837864847253,0.5621442050767722,0
PINA,20260904,19,4.2,0.5092941145280109,0.5621442050767722,0
PINA,20260904,19,4.3,0.5401902501467324,0.5621442050767722,0
PINA,20260904,19,4.4,0.41582184867656674,0.5621442050767722,0
PINA,20260904,19,4.5,0.32904708395520077,0.5621442050767722,0
PINA,20260904,19,4.6,0.2367795497031821,0.5621442050767722,0
PINA,20260904,19,4.7,0.23861584581729686,0.5621442050767722,0
PINA,20260904,19,4.8,0.14344871372281817,0.5621442050767722,0
PINA,20260904,19,4.9,0.08683226432900867,0.5621442050767722,0
PINA,20260904,19,5.0,0.20256365702969573,0.5621442050767722,0
PINA,20260904,19,5.1,0.3130696357422202,0.5621442050767722,0
PINA,20260904,19,5.2,0.39837557881911373,0.5621442050767722,0
PINA,20260904,19,5.3,0.532968742561697,0.5621442050767722,0
PINA,20260904,19,5.4,0.44002029127315184,0.5621442050767722,0
PINA,20260904,19,5.5,0.3699861298032694,0.5621442050767722,0
PINA,20260904,19,5.6,0.3786478903235885,0.5621442050767722,0
PINA,20260904,19,5.7,0.24625506559495786,0.5621442050767722,0
PINA,20260904,19,5.8,0.2784322042503455,0.5621442050767722,0
PINA,20260904,19,5.9,0.2733724415965643,0.5621442050767722,0
PINA,20260904,19,6.0,0.43056824988727155,0.5621442050767722,0
PINA,20260904,19,6.1,0.5851638812858594,0.5621442050767722,1
PINA,20260904,19,6.2,0.5315627687991548,0.5621442050767722,0
PINA,20260904,19,6.3,0.36012585492326127,0.5621442050767722,0
PINA,20260904,19,6.4,0.4496446892570084,0.5621442050767722,0
PINA,20260904,19,6.5,0.4385235059529897,0.5621442050767722,0
PINA,20260904,19,6.6,0.39453562948698084,0.5621442050767722,0
PINA,20260904,19,6.7,0.4524049208888631,0.5621442050767722,0
PINA,20260904,19,6.8,0.3770684629603326,0.5621442050767722,0
PINA,20260904,19,6.9,0.38584699491939045,0.5621442050767722,0
PINA,20260904,19,7.0,0.5076221247667418,0.5621442050767722,0
PINA,20260904,19,7.1,0.5720896847127084,0.5621442050767722,1
PINA,20260904,19,7.2,0.6831631211721823,0.5621442050767722,1
PINA,20260904,19,7.3,0.6715235675533655,0.5621442050767722,1
PINA,20260904,19,7.4,0.699901131158874,0.5621442050767722,1
PINA,20260904,19,7.5,0.7247341937544027,0.5621442050767722,1
PINA,20260904,19,7.6,0.6127050999511129,0.5621442050767722,1
PINA,20260904,19,7.7,0.5356019175169656,0.5621442050767722,0
PINA,20260904,19,7.8,0.5677913927292065,0.5621442050767722,1
PINA,20260904,19,7.9,0.6158134351373986,0.5621442050767722,1
PINA,20260904,19,8.0,0.6370640707034393,0.5621442050767722,1
PINA,20260904,19,8.1,0.6091823848003809,0.5621442050767722,1
PINA,20260904,19,8.2,0.4787582366659452,0.5621442050767722,0
PINA,20260904,19,8.3,0.3579049937076072,0.5621442050767722,0
PINA,20260904,19,8.4,0.2701046414709595,0.5621442050767722,0
PINA,20260904,19,8.5,0.0838801522966018,0.5621442050767722,0
PINA,20260904,19,8.6,0.26886740594083863,0.5621442050767722,0
PINA,20260904,19,8.7,0.22022968146756636,0.5621442050767722,0
PINA,20260904,19,8.8,0.42372337749768163,0.5621442050767722,0
PINA,20260904,19,8.9,0.49641016085917633,0.5621442050767722,0
PINA,20260904,19,9.0,0.36985505802445007,0.5621442050767722,0
PINA,20260904,19,9.1,0.3613701341118936,0.5621442050767722,0
PINA,20260904,19,9.2,0.34254569902257676,0.5621442050767722,0
PINA,20260904,19,9.3,0.32945877603256524,0.5621442050767722,0
PINA,20260904,19,9.4,0.35582808834387125,0.5621442050767722,0
PINA,20260904,19,9.5,0.5421701807556237,0.5621442050767722,0
PINA,20260904,20,1.0,0.19240164731001005,0.5805944543822207,0
PINA,20260904,20,1.1,0.3005050300686623,0.5805944543822207,0
PINA,20260904,20,1.2,0.4076797218260479,0.5805944543822207,0
PINA,20260904,20,1.3,0.44852264304472045,0.5805944543822207,0
PINA,20260904,20,1.4,0.5130505732086167,0.5805944543822207,0
PINA,20260904,20,1.5,0.4844459846647091,0.5805944543822207,0
PINA,20260904,20,1.6,0.4524553478749005,0.5805944543822207,0
PINA,20260904,20,1.7,0.4321135773226375,0.5805944543822207,0
PINA,20260904,20,1.8,0.5499100977746204,0.5805944543822207,0
PINA,20260904,20,1.9,0.6460885575284038,0.5805944543822207,1
PINA,20260904,20,2.0,0.5055845007740722,0.5805944543822207,0
PINA,20260904,20,2.1,0.3749510437681982,0.5805944543822207,0
PINA,20260904,20,2.2,0.3490339572600379,0.5805944543822207,0
PINA,20260904,20,2.3,0.44831176292917796,0.5805944543822207,0
PINA,20260904,20,2.4,0.44019756213841865,0.5805944543822207,0
PINA,20260904,20,2.5,0.3378277675420724,0.5805944543822207,0
PINA,20260904,20,2.6,0.400638123188431,0.5805944543822207,0
PINA,20260904,20,2.7,0.2591614170080449,0.5805944543822207,0
PINA,20260904,20,2.8,0.2403718244024842,0.5805944543822207,0
PINA,20260904,20,2.9,0.3222721826935903,0.5805944543822207,0
PINA,20260904,20,3.0,0.44056373108441316,0.5805944543822207,0
PINA,20260904,20,3.1,0.4054314480487695,0.5805944543822207,0
PINA,20260904,20,3.2,0.5064411959307406,0.5805944543822207,0
PINA,20260904,20,3.3,0.3013062844790171,0.5805944543822207,0
PINA,20260904,20,3.4,0.32415290008235476,0.5805944543822207,0
PINA,20260904,20,3.5,0.4322457932077723,0.5805944543822207,0
PINA,20260904,20,3.6,0.4368980976600273,0.5805944543822207,0
PINA,20260904,20,3.7,0.39804850824256155,0.5805944543822207,0
PINA,20260904,20,3.8,0.28838306637163236,0.5805944543822207,0
PINA,20260904,20,3.9,0.18041043822532535,0.5805944543822207,0
PINA,20260904,20,4.0,0.266427600476215,0.5805944543822207,0
PINA,20260904,20,4.1,0.3468653477896816,0.5805944543822207,0
PINA,20260904,20,4.2,0.4434558811659054,0.5805944543822207,0
PINA,20260904,20,4.3,0.48038976022752117,0.5805944543822207,0
PINA,20260904,20,4.4,0.4922779007361314,0.5805944543822207,0
PINA,20260904,20,4.5,0.4765207498563487,0.5805944543822207,0
PINA,20260904,20,4.6,0.6042389045060403,0.5805944543822207,1
PINA,20260904,20,4.7,0.48084117638715534,0.5805944543822207,0
PINA,20260904,20,4.8,0.44691683195819315,0.5805944543822207,0
PINA,20260904,20,4.9,0.41822396485137125,0.5805944543822207,0
PINA,20260904,20,5.0,0.396495800829041,0.5805944543822207,0
PINA,20260904,20,5.1,0.3156566500164362,0.5805944543822207,0
PINA,20260904,20,5.2,0.3435289447885884,0.5805944543822207,0
PINA,20260904,20,5.3,0.3297810416601914,0.5805944543822207,0
PINA,20260904,20,5.4,0.3658823374768693,0.5805944543822207,0
PINA,20260904,20,5.5,0.4318006070791341,0.5805944543822207,0
PINA,20260904,20,5.6,0.5133497532757763,0.5805944543822207,0
PINA,20260904,20,5.7,0.5761568769705131,0.5805944543822207,0
PINA,20260904,20,5.8,0.46837870594805636,0.5805944543822207,0
PINA,20260904,20,5.9,0.4465914611916581,0.5805944543822207,0
PINA,20260904,20,6.0,0.4557149012573968,0.5805944543822207,0
PINA,20260904,20,6.1,0.4328945404965165,0.5805944543822207,0
PINA,20260904,20,6.2,0.4229904127045977,0.5805944543822207,0
PINA,20260904,20,6.3,0.4751107497735184,0.5805944543822207,0
PINA,20260904,20,6.4,0.3226839476699673,0.5805944543822207,0
PINA,20260904,20,6.5,0.3903176677133576,0.5805944543822207,0
PINA,20260904,20,6.6,0.3703054468206141,0.5805944543822207,0
PINA,20260904,20,6.7,0.41037808481430005,0.5805944543822207,0
PINA,20260904,20,6.8,0.4607233794881779,0.5805944543822207,0
PINA,20260904,20,6.9,0.4310618775660501,0.5805944543822207,0
PINA,20260904,20,7.0,0.5757623836250643,0.5805944543822207,0
PINA,20260904,20,7.1,0.4654938580674706,0.5805944543822207,0
PINA,20260904,20,7.2,0.5576849079843146,0.5805944543822207,0
PINA,20260904,20,7.3,0.566558670739014,0.5805944543822207,0
PINA,20260904,20,7.4,0.5228931395209204,0.5805944543822207,0
PINA,20260904,20,7.5,0.5615278538425199,0.5805944543822207,0
PINA,20260904,20,7.6,0.6371183703085801,0.5805944543822207,1
PINA,20260904,20,7.7,0.7235817750907756,0.5805944543822207,1
PINA,20260904,20,7.8,0.5911889911534435,0.5805944543822207,1
PINA,20260904,20,7.9,0.5217098101821227,0.5805944543822207,0
PINA,20260904,20,8.0,0.47779222658059883,0.5805944543822207,0
PINA,20260904,20,8.1,0.4537331983186784,0.5805944543822207,0
PINA,20260904,20,8.2,0.3050456867096727,0.5805944543822207,0
PINA,20260904,20,8.3,0.33557737236565227,0.5805944543822207,0
PINA,20260904,20,8.4,0.3219827957246835,0.5805944543822207,0
PINA,20260904,20,8.5,0.278672677505811,0.5805944543822207,0
PINA,20260904,20,8.6,0.3610938240456997,0.5805944543822207,0
PINA,20260904,20,8.7,0.4094410099027558,0.5805944543822207,0
PINA,20260904,20,8.8,0.33527914626652994,0.5805944543822207,0
PINA,20260904,20,8.9,0.2862998865090778,0.5805944543822207,0
PINA,20260904,20,9.0,0.28013158406765787,0.5805944543822207,0
PINA,20260904,20,9.1,0.3555587593700256,0.5805944543822207,0
PINA,20260904,20,9.2,0.29698004704873066,0.5805944543822207,0
PINA,20260904,20,9.3,0.40437621011104763,0.5805944543822207,0
PINA,20260904,20,9.4,0.42945602087699297,0.5805944543822207,0
PINA,20260904,20,9.5,0.5372187480787329,0.5805944543822207,0
PINA,20260904,21,1.0,0.2538773931823869,0.5580472934473573,0
PINA,20260904,21,1.1,0.2872155994097391,0.5580472934473573,0
PINA,20260904,21,1.2,0.563550438598443,0.5580472934473573,1
PINA,20260904,21,1.3,0.551631559291485,0.5580472934473573,0
PINA,20260904,21,1.4,0.5639579853617374,0.5580472934473573,1
PINA,20260904,21,1.5,0.362481628084807,0.5580472934473573,0
PINA,20260904,21,1.6,0.47558346028073456,0.5580472934473573,0
PINA,20260904,21,1.7,0.35264723723405106,0.5580472934473573,0
PINA,20260904,21,1.8,0.3881277439438918,0.5580472934473573,0
PINA,20260904,21,1.9,0.49454598583305215,0.5580472934473573,0
PINA,20260904,21,2.0,0.37477141593406477,0.5580472934473573,0
PINA,20260904,21,2.1,0.2793679158542549,0.5580472934473573,0
PINA,20260904,21,2.2,0.3513413469696161,0.5580472934473573,0
PINA,20260904,21,2.3,0.33450077224346714,0.5580472934473573,0
PINA,20260904,21,2.4,0.4298765258302096,0.5580472934473573,0
PINA,20260904,21,2.5,0.4519474106182949,0.5580472934473573,0
PINA,20260904,21,2.6,0.4648396046135079,0.5580472934473573,0
PINA,20260904,21,2.7,0.42031762078605145,0.5580472934473573,0
PINA,20260904,21,2.8,0.23518603698798812,0.5580472934473573,0
PINA,20260904,21,2.9,0.27541575828813314,0.5580472934473573,0
PINA,20260904,21,3.0,0.3176448126571782,0.5580472934473573,0
PINA,20260904,21,3.1,0.31879857216771396,0.5580472934473573,0
PINA,20260904,21,3.2,0.28371265726481354,0.5580472934473573,0
PINA,20260904,21,3.3,0.24136339187402933,0.5580472934473573,0
PINA,20260904,21,3.4,0.2671520620363787,0.5580472934473573,0
PINA,20260904,21,3.5,0.3387779238391835,0.5580472934473573,0
PINA,20260904,21,3.6,0.4807685325938708,0.5580472934473573,0
PINA,20260904,21,3.7,0.4969671286504946,0.5580472934473573,0
PINA,20260904,21,3.8,0.5988798339740911,0.5580472934473573,1
PINA,20260904,21,3.9,0.4099523113463203,0.5580472934473573,0
PINA,20260904,21,4.0,0.2996039059913334,0.5580472934473573,0
PINA,20260904,21,4.1,0.3629527134741966,0.5580472934473573,0
PINA,20260904,21,4.2,0.44584034956149676,0.5580472934473573,0
PINA,20260904,21,4.3,0.3780352842609509,0.5580472934473573,0
PINA,20260904,21,4.4,0.42062181479426874,0.5580472934473573,0
PINA,20260904,21,4.5,0.39475033210911786,0.5580472934473573,0
PINA,20260904,21,4.6,0.26965157242097376,0.5580472934473573,0
PINA,20260904,21,4.7,0.23449496813536683,0.5580472934473573,0
PINA,20260904,21,4.8,0.2036285381212101,0.5580472934473573,0
PINA,20260904,21,4.9,0.3200994303582417,0.5580472934473573,0
PINA,20260904,21,5.0,0.43600468194551834,0.5580472934473573,0
PINA,20260904,21,5.1,0.39892849241922135,0.5580472934473573,0
PINA,20260904,21,5.2,0.39817912850552584,0.5580472934473573,0
PINA,20260904,21,5.3,0.4842950011529707,0.5580472934473573,0
PINA,20260904,21,5.4,0.5284843547980179,0.5580472934473573,0
PINA,20260904,21,5.5,0.5980522106340244,0.5580472934473573,1
PINA,20260904,21,5.6,0.47445605988597045,0.5580472934473573,0
PINA,20260904,21,5.7,0.4052726668214984,0.5580472934473573,0
PINA,20260904,21,5.8,0.428068534019255,0.5580472934473573,0
PINA,20260904,21,5.9,0.43298846893180104,0.5580472934473573,0
PINA,20260904,21,6.0,0.517596302279827,0.5580472934473573,0
PINA,20260904,21,6.1,0.5064540327573309,0.5580472934473573,0
PINA,20260904,21,6.2,0.6104302494357094,0.5580472934473573,1
PINA,20260904,21,6.3,0.6120957718723614,0.5580472934473573,1
PINA,20260904,21,6.4,0.4508851257531967,0.5580472934473573,0
PINA,20260904,21,6.5,0.35237116942792274,0.5580472934473573,0
PINA,20260904,21,6.6,0.2409994155459295,0.5580472934473573,0
PINA,20260904,21,6.7,0.3096302462794473,0.5580472934473573,0
PINA,20260904,21,6.8,0.42142426966415936,0.5580472934473573,0
PINA,20260904,21,6.9,0.4199211261939792,0.5580472934473573,0
PINA,20260904,21,7.0,0.44273800818047854,0.5580472934473573,0
PINA,20260904,21,7.1,0.5499229683727562,0.5580472934473573,0
PINA,20260904,21,7.2,0.49268312155702265,0.5580472934473573,0
PINA,20260904,21,7.3,0.5080678994855381,0.5580472934473573,0
PINA,20260904,21,7.4,0.5171666808247083,0.5580472934473573,0
PINA,20260904,21,7.5,0.4506856218801486,0.5580472934473573,0
PINA,20260904,21,7.6,0.35177358462470426,0.5580472934473573,0
PINA,20260904,21,7.7,0.2713960155358759,0.5580472934473573,0
PINA,20260904,21,7.8,0.289252782618685,0.5580472934473573,0
PINA,20260904,21,7.9,0.376737979303917,0.5580472934473573,0
PINA,20260904,21,8.0,0.36009858882165885,0.5580472934473573,0
PINA,20260904,21,8.1,0.34844275850471057,0.5580472934473573,0
PINA,20260904,21,8.2,0.24982869031992508,0.5580472934473573,0
PINA,20260904,21,8.3,0.4331537649151026,0.5580472934473573,0
PINA,20260904,21,8.4,0.3868769315134274,0.5580472934473573,0
PINA,20260904,21,8.5,0.4710935712900464,0.5580472934473573,0
PINA,20260904,21,8.6,0.36177215833898974,0.5580472934473573,0
PINA,20260904,21,8.7,0.332984158481595,0.5580472934473573,0
PINA,20260904,21,8.8,0.2849936632364306,0.5580472934473573,0
PINA,20260904,21,8.9,0.24442383302989773,0.5580472934473573,0
PINA,20260904,21,9.0,0.3227645894096527,0.5580472934473573,0
PINA,20260904,21,9.1,0.2204792014832509,0.5580472934473573,0
PINA,20260904,21,9.2,0.23300841476576772,0.5580472934473573,0
PINA,20260904,21,9.3,0.18096502713892698,0.5580472934473573,0
PINA,20260904,21,9.4,0.12245259593025312,0.5580472934473573,0
PINA,20260904,21,9.5,0.5296918039923162,0.5580472934473573,0
PINA,20260904,22,1.0,0.3711968908849314,0.6204456543973778,0
PINA,20260904,22,1.1,0.34373226057488443,0.6204456543973778,0
PINA,20260904,22,1.2,0.39758747003054773,0.6204456543973778,0
PINA,20260904,22,1.3,0.5079170157132858,0.6204456543973778,0
PINA,20260904,22,1.4,0.5817646508783496,0.6204456543973778,0
PINA,20260904,22,1.5,0.6262229010354093,0.6204456543973778,1
PINA,20260904,22,1.6,0.6315532999303283,0.6204456543973778,1
PINA,20260904,22,1.7,0.5869103515327644,0.6204456543973778,0
PINA,20260904,22,1.8,0.39624545213384843,0.6204456543973778,0
PINA,20260904,22,1.9,0.3971587876112596,0.6204456543973778,0
PINA,20260904,22,2.0,0.42340840499753574,0.6204456543973778,0
PINA,20260904,22,2.1,0.46794875597442176,0.6204456543973778,0
PINA,20260904,22,2.2,0.39180752914241535,0.6204456543973778,0
PINA,20260904,22,2.3,0.5633607658156331,0.6204456543973778,0
PINA,20260904,22,2.4,0.47057768831853863,0.6204456543973778,0
PINA,20260904,22,2.5,0.5408633008519274,0.6204456543973778,0
PINA,20260904,22,2.6,0.5074739593400638,0.6204456543973778,0
PINA,20260904,22,2.7,0.4727359215101431,0.6204456543973778,0
PINA,20260904,22,2.8,0.3016865660106469,0.6204456543973778,0
PINA,20260904,22,2.9,0.2974058793499377,0.6204456543973778,0
PINA,20260904,22,3.0,0.30360920358187515,0.6204456543973778,0
PINA,20260904,22,3.1,0.20730551326595067,0.6204456543973778,0
PINA,20260904,22,3.2,0.38823510592739224,0.6204456543973778,0
PINA,20260904,22,3.3,0.3843904058062006,0.6204456543973778,0
PINA,20260904,22,3.4,0.4536974649618493,0.6204456543973778,0
PINA,20260904,22,3.5,0.4105645172472638,0.6204456543973778,0
PINA,20260904,22,3.6,0.45093994224587003,0.6204456543973778,0
PINA,20260904,22,3.7,0.5011585690120153,0.6204456543973778,0
PINA,20260904,22,3.8,0.5209605080386677,0.6204456543973778,0
PINA,20260904,22,3.9,0.49023324720688954,0.6204456543973778,0
PINA,20260904,22,4.0,0.5089350579230969,0.6204456543973778,0
PINA,20260904,22,4.1,0.4428487649733512,0.6204456543973778,0
PINA,20260904,22,4.2,0.44897674831472556,0.6204456543973778,0
PINA,20260904,22,4.3,0.43269309439871095,0.6204456543973778,0
PINA,20260904,22,4.4,0.5275262213833842,0.6204456543973778,0
PINA,20260904,22,4.5,0.45478063710705063,0.6204456543973778,0
PINA,20260904,22,4.6,0.3205803593757716,0.6204456543973778,0
PINA,20260904,22,4.7,0.3412507718998163,0.6204456543973778,0
PINA,20260904,22,4.8,0.3322625976186507,0.6204456543973778,0
PINA,20260904,22,4.9,0.47694190988492696,0.6204456543973778,0
PINA,20260904,22,5.0,0.5107648886679519,0.6204456543973778,0
PINA,20260904,22,5.1,0.5831714896638094,0.6204456543973778,0
PINA,20260904,22,5.2,0.5868361404036473,0.6204456543973778,0
PINA,20260904,22,5.3,0.5144172689431323,0.6204456543973778,0
PINA,20260904,22,5.4,0.5070620932626185,0.6204456543973778,0
PINA,20260904,22,5.5,0.3595097412431243,0.6204456543973778,0
PINA,20260904,22,5.6,0.3932805909872853,0.6204456543973778,0
PINA,20260904,22,5.7,0.44463896599181324,0.6204456543973778,0
PINA,20260904,22,5.8,0.34822098524355827,0.6204456543973778,0
PINA,20260904,22,5.9,0.3040836281464596,0.6204456543973778,0
PINA,20260904,22,6.0,0.2688391977786112,0.6204456543973778,0
PINA,20260904,22,6.1,0.2581111399169257,0.6204456543973778,0
PINA,20260904,22,6.2,0.37480642245634527,0.6204456543973778,0
PINA,20260904,22,6.3,0.45920146482956015,0.6204456543973778,0
PINA,20260904,22,6.4,0.5616094102123874,0.6204456543973778,0
PINA,20260904,22,6.5,0.4325664265373032,0.6204456543973778,0
PINA,20260904,22,6.6,0.34685319603639797,0.6204456543973778,0
PINA,20260904,22,6.7,0.30978207151408005,0.6204456543973778,0
PINA,20260904,22,6.8,0.39274833971590645,0.6204456543973778,0
PINA,20260904,22,6.9,0.4945102218817777,0.6204456543973778,0
PINA,20260904,22,7.0,0.513339555143481,0.6204456543973778,0
PINA,20260904,22,7.1,0.3586466771621032,0.6204456543973778,0
PINA,20260904,22,7.2,0.25449068023031174,0.6204456543973778,0
PINA,20260904,22,7.3,0.45993258510715596,0.6204456543973778,0
PINA,20260904,22,7.4,0.5820345818458237,0.6204456543973778,0
PINA,20260904,22,7.5,0.6256557067632992,0.6204456543973778,1
PINA,20260904,22,7.6,0.6540747516143327,0.6204456543973778,1
PINA,20260904,22,7.7,0.5969833184121924,0.6204456543973778,0
PINA,20260904,22,7.8,0.5822382293467663,0.6204456543973778,0
PINA,20260904,22,7.9,0.33842489151856375,0.6204456543973778,0
PINA,20260904,22,8.0,0.23063824234072933,0.6204456543973778,0
PINA,20260904,22,8.1,0.2749353337454631,0.6204456543973778,0
PINA,20260904,22,8.2,0.2845307529436101,0.6204456543973778,0
PINA,20260904,22,8.3,0.38502125914517854,0.6204456543973778,0
PINA,20260904,22,8.4,0.3604681758193063,0.6204456543973778,0
PINA,20260904,22,8.5,0.5774923599590842,0.6204456543973778,0
PINA,20260904,22,8.6,0.605505962664685,0.6204456543973778,0
PINA,20260904,22,8.7,0.6142497517092497,0.6204456543973778,0
PINA,20260904,22,8.8,0.5944579569800011,0.6204456543973778,0
PINA,20260904,22,8.9,0.43606162345723437,0.6204456543973778,0
PINA,20260904,22,9.0,0.47577703637012203,0.6204456543973778,0
PINA,20260904,22,9.1,0.3258703369574663,0.6204456543973778,0
PINA,20260904,22,9.2,0.25844096109815956,0.6204456543973778,0
PINA,20260904,22,9.3,0.24578569924180582,0.6204456543973778,0
PINA,20260904,22,9.4,0.4860801687577253,0.6204456543973778,0
PINA,20260904,22,9.5,0.6286645209916506,0.6204456543973778,1
PINA,20260904,23,1.0,0.59502714512991,0.587636158757553,1
PINA,20260904,23,1.1,0.6244390800513789,0.587636158757553,1
PINA,20260904,23,1.2,0.4926733017713026,0.587636158757553,0
PINA,20260904,23,1.3,0.4480188632398585,0.587636158757553,0
PINA,20260904,23,1.4,0.41374592579746255,0.587636158757553,0
PINA,20260904,23,1.5,0.5255313298829422,0.587636158757553,0
PINA,20260904,23,1.6,0.6465005634180659,0.587636158757553,1
PINA,20260904,23,1.7,0.62409004751214,0.587636158757553,1
PINA,20260904,23,1.8,0.5001254010279961,0.587636158757553,0
PINA,20260904,23,1.9,0.45949464300396436,0.587636158757553,0
PINA,20260904,23,2.0,0.40724366181988775,0.587636158757553,0
PINA,20260904,23,2.1,0.4927565539473709,0.587636158757553,0
PINA,20260904,23,2.2,0.48159917155372245,0.587636158757553,0
PINA,20260904,23,2.3,0.42894403386565444,0.587636158757553,0
PINA,20260904,23,2.4,0.3151304324908549,0.587636158757553,0
PINA,20260904,23,2.5,0.3162572101048996,0.587636158757553,0
PINA,20260904,23,2.6,0.3950110585852929,0.587636158757553,0
PINA,20260904,23,2.7,0.40060014520731996,0.587636158757553,0
PINA,20260904,23,2.8,0.5060778585900522,0.587636158757553,0
PINA,20260904,23,2.9,0.6270821988781483,0.587636158757553,1
PINA,20260904,23,3.0,0.5212039750628518,0.587636158757553,0
PINA,20260904,23,3.1,0.563137502119415,0.587636158757553,0
PINA,20260904,23,3.2,0.5797760924617584,0.587636158757553,0
PINA,20260904,23,3.3,0.6936000595919418,0.587636158757553,1
PINA,20260904,23,3.4,0.7383406497715737,0.587636158757553,1
PINA,20260904,23,3.5,0.5671995253721502,0.587636158757553,0
PINA,20260904,23,3.6,0.5660066590788262,0.587636158757553,0
PINA,20260904,23,3.7,0.5862691420574851,0.587636158757553,0
PINA,20260904,23,3.8,0.6288747872354482,0.587636158757553,1
PINA,20260904,23,3.9,0.42678265613189076,0.587636158757553,0
PINA,20260904,23,4.0,0.34874000026628893,0.587636158757553,0
PINA,20260904,23,4.1,0.29908552100453706,0.587636158757553,0
PINA,20260904,23,4.2,0.4321235210663397,0.587636158757553,0
PINA,20260904,23,4.3,0.5075544586080121,0.587636158757553,0
PINA,20260904,23,4.4,0.3949160665805481,0.587636158757553,0
PINA,20260904,23,4.5,0.39998443225441954,0.587636158757553,0
PINA,20260904,23,4.6,0.24487537364078574,0.587636158757553,0
PINA,20260904,23,4.7,0.3193926347179036,0.587636158757553,0
PINA,20260904,23,4.8,0.39005600183343486,0.587636158757553,0
PINA,20260904,23,4.9,0.40148388649909805,0.587636158757553,0
PINA,20260904,23,5.0,0.3639759157350439,0.587636158757553,0
PINA,20260904,23,5.1,0.3681593108040935,0.587636158757553,0
PINA,20260904,23,5.2,0.33402606227785203,0.587636158757553,0
PINA,20260904,23,5.3,0.28462097898615557,0.587636158757553,0
PINA,20260904,23,5.4,0.3047518977587547,0.587636158757553,0
PINA,20260904,23,5.5,0.34753013950310874,0.587636158757553,0
PINA,20260904,23,5.6,0.4273555633884277,0.587636158757553,0
PINA,20260904,23,5.7,0.5150831094698198,0.587636158757553,0
PINA,20260904,23,5.8,0.5200412641745055,0.587636158757553,0
PINA,20260904,23,5.9,0.42842204146282237,0.587636158757553,0
PINA,20260904,23,6.0,0.3363529509237573,0.587636158757553,0
PINA,20260904,23,6.1,0.26807387714839015,0.587636158757553,0
PINA,20260904,23,6.2,0.41510060305419955,0.587636158757553,0
PINA,20260904,23,6.3,0.42200473398107946,0.587636158757553,0
PINA,20260904,23,6.4,0.42786811591687174,0.587636158757553,0
PINA,20260904,23,6.5,0.38438647465597336,0.587636158757553,0
PINA,20260904,23,6.6,0.4526674775454312,0.587636158757553,0
PINA,20260904,23,6.7,0.49333961450636543,0.587636158757553,0
PINA,20260904,23,6.8,0.5235658027639525,0.587636158757553,0
PINA,20260904,23,6.9,0.5450195242040564,0.587636158757553,0
PINA,20260904,23,7.0,0.45584746012623634,0.587636158757553,0
PINA,20260904,23,7.1,0.23726791893498475,0.587636158757553,0
PINA,20260904,23,7.2,0.3468522245850397,0.587636158757553,0
PINA,20260904,23,7.3,0.26708918095167017,0.587636158757553,0
PINA,20260904,23,7.4,0.2619234634266537,0.587636158757553,0
PINA,20260904,23,7.5,0.307742670379531,0.587636158757553,0
PINA,20260904,23,7.6,0.3953345958657799,0.587636158757553,0
PINA,20260904,23,7.7,0.48465796220949225,0.587636158757553,0
PINA,20260904,23,7.8,0.32997964607339314,0.587636158757553,0
PINA,20260904,23,7.9,0.33407860310157933,0.587636158757553,0
PINA,20260904,23,8.0,0.2189893858934109,0.587636158757553,0
PINA,20260904,23,8.1,0.16826900972946124,0.587636158757553,0
PINA,20260904,23,8.2,0.17811454648967986,0.587636158757553,0
PINA,20260904,23,8.3,0.1484144761090857,0.587636158757553,0
PINA,20260904,23,8.4,0.29685169102780035,0.587636158757553,0
PINA,20260904,23,8.5,0.43869686351609954,0.587636158757553,0
PINA,20260904,23,8.6,0.4314962393436581,0.587636158757553,0
PINA,20260904,23,8.7,0.48684988966417464,0.587636158757553,0
PINA,20260904,23,8.8,0.4141543290781775,0.587636158757553,0
PINA,20260904,23,8.9,0.35414965183991204,0.587636158757553,0
PINA,20260904,23,9.0,0.44931334823173213,0.587636158757553,0
PINA,20260904,23,9.1,0.48495176916107,0.587636158757553,0
PINA,20260904,23,9.2,0.3546911289405139,0.587636158757553,0
PINA,20260904,23,9.3,0.5035596893541596,0.587636158757553,0
PINA,20260904,23,9.4,0.4620593687128353,0.587636158757553,0
PINA,20260904,23,9.5,0.5290091798908345,0.587636158757553,0
