Station,Frequency_Hz,Mean_PLV,Median_PLV,Hours_Available
IST,6.3,0.45636154793229183,0.46411544430705354,24
IST,6.301,0.4572691352015746,0.469190527826598,24
IST,6.302,0.45833039036766415,0.47266255645921357,24
IST,6.303,0.4608911900751758,0.47278087852206874,24
IST,6.304,0.4629347692550298,0.47236188824947734,24
IST,6.305,0.4637213557942254,0.4765790512768492,24
IST,6.306,0.4634003896973073,0.4757250448660326,24
IST,6.307,0.46277147736256,0.4798393457620699,24
IST,6.308,0.4606543558162464,0.4855586322870291,24
IST,6.309,0.4592113444382271,0.49253244072150926,24
IST,6.31,0.45876054713207637,0.5026099424425285,24
IST,6.311,0.45832319316951436,0.5090652729770886,24
IST,6.312,0.45746228299744934,0.5160149282545727,24
IST,6.313,0.4573101495482786,0.5230827238654892,24
IST,6.314,0.45934220045994584,0.5258983010044654,24
IST,6.315,0.4623364609027773,0.5266284680475765,24
IST,6.316,0.46405839189376413,0.5189695658578846,24
IST,6.317,0.4647979721828932,0.5169552880225341,24
IST,6.318,0.46464749397148125,0.5185081505534921,24
IST,6.319,0.4641882471563293,0.5185167618879115,24
IST,6.32,0.4631764330319168,0.5184553778893177,24
IST,6.321,0.4616239306371493,0.5267401146247437,24
IST,6.322,0.4594226101389211,0.5244238899709717,24
IST,6.323,0.45693367748652536,0.5230537397366523,24
IST,6.324,0.45527811495164694,0.5278228660720821,24
IST,6.325,0.4546997735801557,0.5395107845288778,24
IST,6.326,0.45318308744389607,0.5392871692950785,24
IST,6.327,0.45181121180944994,0.5397450998590916,24
IST,6.328,0.45137710825120253,0.5419465611214382,24
IST,6.329,0.4516933822497957,0.5469535206589458,24
IST,6.33,0.4527013828231125,0.5513239600822204,24
IST,6.331,0.4540489539822928,0.5489660720531906,24
IST,6.332,0.45473864394830904,0.5426168609663482,24
IST,6.333,0.455069198349233,0.5441719779696161,24
IST,6.334,0.4549569273198146,0.5406559123976351,24
IST,6.335,0.45440119890259356,0.5375582130100941,24
IST,6.336,0.4536713328452418,0.5354513482662808,24
IST,6.337,0.45289707719184924,0.5291898032809143,24
IST,6.338,0.451652510919039,0.5154831249656343,24
IST,6.339,0.44945170036394444,0.5013451595526789,24
IST,6.34,0.44779678904688097,0.4878376933397348,24
IST,6.341,0.4467861713455357,0.48065737577154427,24
IST,6.342,0.4462106169475655,0.4739070983441355,24
IST,6.343,0.445278206226899,0.46727420279681553,24
IST,6.344,0.44507642239679335,0.4630569972576881,24
IST,6.345,0.4442097310241324,0.46441330787126445,24
IST,6.346,0.4423324650904135,0.4644484670946909,24
IST,6.347,0.4414638401912223,0.4652424310435743,24
IST,6.348,0.4406610113427814,0.4670237859853001,24
IST,6.349,0.4403515946833039,0.4662597635749517,24
IST,6.35,0.43891131221331353,0.4687233282112432,24
IST,6.351,0.43780936171502377,0.46974547356235913,24
IST,6.352,0.4373008992207681,0.4688855980737352,24
IST,6.353,0.4377509638553725,0.4679399590939486,24
IST,6.354,0.43876725717513526,0.46727490225915647,24
IST,6.355,0.43891883499142387,0.4681304009473488,24
IST,6.356,0.4384327545301429,0.4649058138721185,24
IST,6.357,0.43771541832619865,0.4640812032690912,24
IST,6.358,0.43795503804343755,0.4567727810586093,24
IST,6.359,0.4378227948724149,0.4475681949002732,24
IST,6.36,0.43698689423202025,0.4374888126052917,24
IST,6.361,0.43631143174995274,0.42577308295675553,24
IST,6.362,0.4360348919410417,0.41272806833682985,24
IST,6.363,0.43646265073694934,0.40919292181488176,24
IST,6.364,0.43718357511760225,0.40983155575695723,24
IST,6.365,0.43778782384903464,0.40790377479736173,24
IST,6.366,0.43719971729327556,0.40518531153597137,24
IST,6.367,0.43720944623879215,0.4006229055233557,24
IST,6.368,0.4378925122601058,0.3974306492572217,24
IST,6.369,0.43900591971469066,0.39441640824427515,24
IST,6.37,0.44060747074353096,0.3972227582632471,24
IST,6.371,0.44178169112657795,0.4002101456550121,24
IST,6.372,0.4424224843845362,0.4019076288191969,24
IST,6.373,0.4432917657275364,0.4026975745057433,24
IST,6.374,0.444571685057201,0.4025841451894251,24
IST,6.375,0.44605513171380484,0.408132043780923,24
IST,6.376,0.44678666175252024,0.4187766351515556,24
IST,6.377,0.4475114500091242,0.42247620460928154,24
IST,6.378,0.4484280616925264,0.42091498112871717,24
IST,6.379,0.44969017122940375,0.420413129616392,24
IST,6.38,0.4508450788525537,0.4191734243180171,24
IST,6.381,0.4518466662978666,0.41645997664451995,24
IST,6.382,0.45370112648934063,0.4093078862873245,24
IST,6.383,0.4555156519310364,0.3965405446175253,24
IST,6.384,0.45581177886890806,0.39125036146432957,24
IST,6.385,0.4562088540229144,0.40127944097975704,24
IST,6.386,0.4567263647935806,0.40299650282269406,24
IST,6.387,0.45744065926038857,0.3967564183138284,24
IST,6.388,0.4583501252103928,0.39029264471531505,24
IST,6.389,0.45891256085538235,0.3827287934784411,24
IST,6.39,0.45948894348693153,0.3848472312495584,24
IST,6.391,0.4588019228993286,0.39126023937491805,24
IST,6.392,0.4592765527582401,0.3946056289870127,24
IST,6.393,0.4597636621887391,0.3966045815498678,24
IST,6.394,0.4593580580143877,0.4026891157289081,24
IST,6.395,0.4585934895108885,0.4085120828252002,24
IST,6.396,0.45750223160740283,0.4034306588825446,24
IST,6.397,0.4561593277629778,0.39214451922679683,24
IST,6.398,0.45412917192150154,0.3896520524519006,24
IST,6.399,0.45160164343867226,0.37790856553985125,24
IST,6.4,0.44915085862531096,0.3732488944564508,24
IST,6.401,0.4474453126106431,0.3793644062078637,24
IST,6.402,0.44531997039503407,0.3845690738842935,24
IST,6.403,0.4433069447618594,0.38892748375619157,24
IST,6.404,0.44299148099647495,0.3932437323116236,24
IST,6.405,0.4444404684188521,0.40174357186053367,24
IST,6.406,0.4452197463819119,0.40509976106776246,24
IST,6.407,0.44573694012297227,0.40921599313430446,24
IST,6.408,0.4468077961483284,0.4138678906710481,24
IST,6.409,0.4483895476084538,0.41877428411491796,24
IST,6.41,0.44944229546716147,0.4237536968452589,24
IST,6.411,0.4495202436368891,0.42872204784155954,24
IST,6.412,0.4505726299944539,0.4265020234279921,24
IST,6.413,0.45129346523524605,0.4246843317469451,24
IST,6.414,0.4521415138394766,0.4301713534092324,24
IST,6.415,0.4532832254923264,0.43556291048481427,24
IST,6.416,0.45459050487602176,0.4293061226968278,24
IST,6.417,0.45650006386333586,0.42308646456826426,24
IST,6.418,0.45814116546770417,0.41683939136814707,24
IST,6.419,0.4595448758591825,0.41037603192074495,24
IST,6.42,0.46091556876227363,0.40343570011576235,24
IST,6.421,0.46247192499273715,0.39714666098173435,24
IST,6.422,0.46320179331469746,0.39792320319687846,24
IST,6.423,0.4638696335090488,0.39989402439180366,24
IST,6.424,0.46459420835911486,0.4038705400259378,24
IST,6.425,0.4647407473289129,0.4068512107410368,24
IST,6.426,0.4647173995736189,0.4095162017039114,24
IST,6.427,0.4644485776990151,0.41538218233892243,24
IST,6.428,0.46432093694626486,0.4238251893936555,24
IST,6.429,0.46411526592257646,0.4368940596936341,24
IST,6.43,0.4646115904101651,0.44876127315933967,24
IST,6.431,0.46558031378789827,0.4604257615059121,24
IST,6.432,0.4666941139530083,0.4730682101561603,24
IST,6.433,0.4682667317574208,0.4774725951613594,24
IST,6.434,0.47005185584048154,0.48464602804819884,24
IST,6.435,0.4728406249134494,0.48968464951303575,24
IST,6.436,0.4744476232202371,0.48579584301726736,24
IST,6.437,0.47505297339151675,0.48324704618833103,24
IST,6.438,0.47587250832616496,0.4809770157227259,24
IST,6.439,0.47814528201509465,0.4786815199188601,24
IST,6.44,0.481643150218243,0.4768159489393385,24
IST,6.441,0.48557122490759874,0.4830642854940098,24
IST,6.442,0.48990994975673496,0.49373608681021486,24
IST,6.443,0.4944190472427141,0.5053509114673599,24
IST,6.444,0.49889715583401695,0.5101041434382468,24
IST,6.445,0.5039319502590819,0.5151702360155237,24
IST,6.446,0.5073341829742387,0.5216888868846485,24
IST,6.447,0.5098829010870484,0.5372036220952964,24
IST,6.448,0.5121115681149274,0.5517064501310192,24
IST,6.449,0.5143227708477391,0.5629834627954666,24
IST,6.45,0.516505858582402,0.5704021223814262,24
IST,6.451,0.5183888958142696,0.575913340757295,24
IST,6.452,0.5196204754358752,0.576802221510843,24
IST,6.453,0.5201955957207537,0.5808158261322478,24
IST,6.454,0.520668397828817,0.5841797049185211,24
IST,6.455,0.5220427574959331,0.5858083052557244,24
IST,6.456,0.5237699569863989,0.5865867814012661,24
IST,6.457,0.526298343323521,0.5853352652857851,24
IST,6.458,0.5286046388768127,0.583727646212862,24
IST,6.459,0.5303838357868618,0.5818400833563695,24
IST,6.46,0.5301954627097056,0.5799672148194182,24
IST,6.461,0.5301819095753998,0.5777996144323185,24
IST,6.462,0.5303554577573807,0.5757033404681382,24
IST,6.463,0.5305930739141707,0.5738614324886138,24
IST,6.464,0.53064547964119,0.5723544236193592,24
IST,6.465,0.5305413707577461,0.570573227743685,24
IST,6.466,0.530503001379906,0.5707358575531565,24
IST,6.467,0.5305292062862605,0.5642660043092194,24
IST,6.468,0.5303781397106357,0.5629239579857191,24
IST,6.469,0.5294824399788719,0.5594931202660138,24
IST,6.47,0.5277448107187289,0.5527496993577493,24
IST,6.471,0.5259387717058565,0.5435543858181331,24
IST,6.472,0.5241285911490997,0.5291272050865281,24
IST,6.473,0.5224088115939695,0.516658952673399,24
IST,6.474,0.5218266737269258,0.5139811330071637,24
IST,6.475,0.5219035142272536,0.5064378610934844,24
IST,6.476,0.5205471261610106,0.4990659088004128,24
IST,6.477,0.519196749900452,0.49144625658246177,24
IST,6.478,0.5191768795798122,0.48513392987945547,24
IST,6.479,0.5187433888610036,0.4815244882645997,24
IST,6.48,0.5176943341622355,0.4800057749722392,24
IST,6.481,0.5157464449017252,0.4859481116743034,24
IST,6.482,0.5155316451823474,0.49153209728365627,24
IST,6.483,0.5171828043401949,0.49772937614741863,24
IST,6.484,0.5201554487776963,0.5058342617250502,24
IST,6.485,0.5234382224474146,0.5133326166872072,24
IST,6.486,0.5256564266082984,0.5226547511652417,24
IST,6.487,0.5279821797479897,0.5337189309242347,24
IST,6.488,0.5311628542643761,0.5375185020604832,24
IST,6.489,0.5355036769720799,0.5471133494036221,24
IST,6.49,0.541092852136856,0.5473206097974439,24
IST,6.491,0.5466235360619611,0.5490812013053032,24
IST,6.492,0.5509883795665509,0.5457230976470305,24
IST,6.493,0.5543864392336104,0.5377224879259603,24
IST,6.494,0.5574447266469569,0.532931656055966,24
IST,6.495,0.5595143435023276,0.540848363113436,24
IST,6.496,0.5607896725163249,0.5486532452066761,24
IST,6.497,0.5614115878715064,0.5562548747758413,24
IST,6.498,0.5615584078513595,0.5638997958788036,24
IST,6.499,0.5609796016663073,0.571605595490336,24
IST,6.5,0.5610652375362065,0.5698535953275832,24
IST,6.501,0.561611359348454,0.5675573825338227,24
IST,6.502,0.5634057205178215,0.5650744572715745,24
IST,6.503,0.5656902251675672,0.5624795069885005,24
IST,6.504,0.567384615457115,0.5602055711312883,24
IST,6.505,0.568162282060761,0.558073722130207,24
IST,6.506,0.5675176286179328,0.5563132128440658,24
IST,6.507,0.5669984314588729,0.5552694584839948,24
IST,6.508,0.566511342659196,0.5555672518820114,24
IST,6.509,0.564700242699231,0.5595935209020597,24
IST,6.51,0.5619781109681167,0.5671242641876323,24
IST,6.511,0.5592189195053885,0.5696907358706416,24
IST,6.512,0.556407173978266,0.573546015671976,24
IST,6.513,0.5520219511379669,0.5790817386447502,24
IST,6.514,0.5476923320253732,0.5754935442683499,24
IST,6.515,0.5433587532780618,0.5648771727564135,24
IST,6.516,0.5388402576154288,0.5478388547505446,24
IST,6.517,0.533940468218424,0.5433551514691645,24
IST,6.518,0.5304878465954511,0.5446645183545876,24
IST,6.519,0.5284490505041258,0.5506999725359101,24
IST,6.52,0.527318983427407,0.5595997973366438,24
IST,6.521,0.5273397386081384,0.5663455428636637,24
IST,6.522,0.5285093672972544,0.5691113720413749,24
IST,6.523,0.5302742535710118,0.5711315621922737,24
IST,6.524,0.5326542918014198,0.5724751647496338,24
IST,6.525,0.5345737926408111,0.5732053777902677,24
IST,6.526,0.5368086144073747,0.5736215141777636,24
IST,6.527,0.5396417688174105,0.5774256366759568,24
IST,6.528,0.5433224590669788,0.578267091056089,24
IST,6.529,0.5474613648604288,0.5791969489534041,24
IST,6.53,0.5523310945907214,0.5859772916884122,24
IST,6.531,0.5575291185963325,0.5883601514563686,24
IST,6.532,0.561805322601182,0.5891904246599904,24
IST,6.533,0.5647643063282682,0.5894177498230599,24
IST,6.534,0.5671372358917742,0.5905238550531388,24
IST,6.535,0.5706943270885634,0.6074997825291133,24
IST,6.536,0.5743595473731924,0.6197126792002146,24
IST,6.537,0.5778031900533016,0.6297324622393898,24
IST,6.538,0.5813452731543384,0.6351153022492679,24
IST,6.539,0.5848401686218091,0.6346462558570116,24
IST,6.54,0.5878113228178469,0.6325539628102779,24
IST,6.541,0.5892643427650335,0.6290500661061971,24
IST,6.542,0.5899700523763283,0.6302771204494739,24
IST,6.543,0.5901758990975737,0.6324362292061485,24
IST,6.544,0.5901374745551365,0.6322605380411697,24
IST,6.545,0.5898821255176477,0.6272469644584204,24
IST,6.546,0.5898815855517849,0.6226510330192631,24
IST,6.547,0.5894666025705025,0.612291711953038,24
IST,6.548,0.5875166814822506,0.5996141805269063,24
IST,6.549,0.5859646233950153,0.5921846952541863,24
IST,6.55,0.5840763959146016,0.5912516500138143,24
IST,6.551,0.5816245750627224,0.5893821892376797,24
IST,6.552,0.5782039407815961,0.586234436273005,24
IST,6.553,0.5739396798309556,0.5797506213420633,24
IST,6.554,0.5695517523243278,0.5744724978283291,24
IST,6.555,0.5660729611757253,0.57444693148692,24
IST,6.556,0.5628777966140329,0.5724626539636984,24
IST,6.557,0.559716046061344,0.5656463543247284,24
IST,6.558,0.5566773405251567,0.5647359526972444,24
IST,6.559,0.5537207136258265,0.5618785812382474,24
IST,6.56,0.5507945833755045,0.5568106515533177,24
IST,6.561,0.5478493532587151,0.5533993970112703,24
IST,6.562,0.5453961677037955,0.5501377780652026,24
IST,6.563,0.5428606849607404,0.5431250162920072,24
IST,6.564,0.540361850662147,0.5370396576144432,24
IST,6.565,0.5380152952078304,0.5318184924774703,24
IST,6.566,0.5340148059223698,0.5343232394475146,24
IST,6.567,0.5305580293412564,0.5363809564105078,24
IST,6.568,0.5269065637288958,0.5398972997971921,24
IST,6.569,0.5233770736852156,0.5451898133690369,24
IST,6.57,0.5206113468913106,0.5662824580755053,24
IST,6.571,0.5195218279405716,0.5559429310735,24
IST,6.572,0.5204754716144383,0.5407255441810959,24
IST,6.573,0.5216575927574845,0.5384078295189062,24
IST,6.574,0.5233935924816239,0.5367310215296381,24
IST,6.575,0.5245818554523276,0.5274000416969895,24
IST,6.576,0.5257931357869349,0.525811942056222,24
IST,6.577,0.5267786454774784,0.5241323505254626,24
IST,6.578,0.5281290417759424,0.5250348811953881,24
IST,6.579,0.5291799552198339,0.5300633215858022,24
IST,6.58,0.5290544062656553,0.5285856017058537,24
IST,6.581,0.5283450779294628,0.5261844469750823,24
IST,6.582,0.526520364122459,0.5221294754929497,24
IST,6.583,0.5247046030715716,0.5194691479286688,24
IST,6.584,0.5223829163456902,0.5180431550936933,24
IST,6.585,0.5191559226968392,0.5174790333379771,24
IST,6.586,0.5160826318946633,0.5167822254565833,24
IST,6.587,0.5141443721371476,0.5146330865090106,24
IST,6.588,0.5128971334371158,0.5137372736426331,24
IST,6.589,0.5114056088234272,0.5140036440419491,24
IST,6.59,0.5100204292649154,0.5150073656157172,24
IST,6.591,0.5088499266774754,0.5166858868815551,24
IST,6.592,0.5080373407651885,0.519038219027228,24
IST,6.593,0.5078795234776206,0.5221982440077277,24
IST,6.594,0.5078919627790385,0.5203138559154559,24
IST,6.595,0.5078212853671861,0.5134098681723769,24
IST,6.596,0.5078610500668511,0.5057614763045868,24
IST,6.597,0.5077755646786822,0.4970718828150459,24
IST,6.598,0.5077003385009071,0.49872387302715127,24
IST,6.599,0.5074015815428388,0.5095076971385952,24
IST,6.6,0.5062021876615673,0.5055867816514303,24
IST,6.601,0.5046347876109606,0.5009062535295534,24
IST,6.602,0.5025455311613233,0.49456052082954916,24
IST,6.603,0.49969848373791437,0.4843184340644252,24
IST,6.604,0.4986466974690244,0.47730522202233105,24
IST,6.605,0.4984124949341115,0.4677113781056018,24
IST,6.606,0.49757177952621295,0.4637323720194151,24
IST,6.607,0.4969530247647507,0.46446521135314256,24
IST,6.608,0.49522195652011164,0.4627023610155594,24
IST,6.609,0.4920274840863879,0.4775521423002028,24
IST,6.61,0.48919625598722516,0.5001612477082155,24
IST,6.611,0.48809817826721974,0.5048845158241738,24
IST,6.612,0.48879007014260667,0.5091557655751924,24
IST,6.613,0.490692498284278,0.5130098199050073,24
IST,6.614,0.4937116154690948,0.5164833998743537,24
IST,6.615,0.4965011392181198,0.519596582826894,24
IST,6.616,0.4994075872493429,0.5142507310754902,24
IST,6.617,0.50218020075989,0.5129871819114178,24
IST,6.618,0.5040116064594052,0.5158380662132449,24
IST,6.619,0.5054159345093999,0.5173887716297663,24
IST,6.62,0.5077572090986542,0.5180185232246416,24
IST,6.621,0.5105259737883148,0.5113286935635795,24
IST,6.622,0.5126044065588733,0.5167129525502172,24
IST,6.623,0.5138246386853665,0.5150807930232746,24
IST,6.624,0.5128595776076107,0.5098719173567465,24
IST,6.625,0.5107337690794173,0.4900990682111186,24
IST,6.626,0.5076237449778351,0.47997668350775025,24
IST,6.627,0.5048295161331537,0.47232172409086937,24
IST,6.628,0.5025326424033378,0.4663212407481099,24
IST,6.629,0.5003611742216,0.45815907103770215,24
IST,6.63,0.4980270805037647,0.45343089843409456,24
IST,6.631,0.4960839638572092,0.455224533510182,24
IST,6.632,0.49467183297874556,0.45601837925748445,24
IST,6.633,0.4939583034098562,0.45860748570208365,24
IST,6.634,0.4924590695270559,0.4621929582143656,24
IST,6.635,0.49080392850065796,0.4662209509561388,24
IST,6.636,0.4902233279209503,0.4707352660244797,24
IST,6.637,0.49105563747631376,0.47574212028016816,24
IST,6.638,0.49288128711636164,0.47938362868712475,24
IST,6.639,0.4944766334097798,0.477098064734361,24
IST,6.64,0.4958018362623032,0.47465918922919936,24
IST,6.641,0.4971947273310445,0.4714065033740181,24
IST,6.642,0.49902803906520465,0.47247859238417744,24
IST,6.643,0.5012448745920194,0.47791820901614135,24
IST,6.644,0.5036000035454538,0.49657093172528,24
IST,6.645,0.5058572927743974,0.5125921677214635,24
IST,6.646,0.5088088238716656,0.5252025428669765,24
IST,6.647,0.5118671186057372,0.5358377882223908,24
IST,6.648,0.5132565824744834,0.5422134405164707,24
IST,6.649,0.5139715806951212,0.5445904694410453,24
IST,6.65,0.5152996416277299,0.5475332677980678,24
IST,6.651,0.5166198066957851,0.5516877193593361,24
IST,6.652,0.5171540363095649,0.5508828475466969,24
IST,6.653,0.5168686386229048,0.5567769708404191,24
IST,6.654,0.515777497823951,0.5603380604444288,24
IST,6.655,0.5140323211215426,0.5629822700591658,24
IST,6.656,0.5116554496037748,0.5649354730467546,24
IST,6.657,0.5088777117621278,0.5618901494141526,24
IST,6.658,0.5055543253475705,0.5611021328551893,24
IST,6.659,0.5024472364156952,0.5607859557949824,24
IST,6.66,0.4994149996736823,0.5599527086573177,24
IST,6.661,0.4957793536231012,0.55691874161686,24
IST,6.662,0.4916878141253438,0.5523224550285559,24
IST,6.663,0.4872003670625933,0.5410777646291527,24
IST,6.664,0.4825128584088707,0.5196626273768934,24
IST,6.665,0.4767218188815618,0.499361531086694,24
IST,6.666,0.4714383605290458,0.48206101099494847,24
IST,6.667,0.46675477271274796,0.46611931850184785,24
IST,6.668,0.46296108526878604,0.44972450378223583,24
IST,6.669,0.4582971852863647,0.43721128768192336,24
IST,6.67,0.4538762351536059,0.4308661726448736,24
IST,6.671,0.44963915509464,0.42731520496654285,24
IST,6.672,0.44666295468059736,0.4282624071773975,24
IST,6.673,0.4449916268409562,0.42621303641748176,24
IST,6.674,0.445193094099249,0.42552822377321164,24
IST,6.675,0.44722756976363415,0.4273982780883108,24
IST,6.676,0.44951328356336506,0.43033513724443695,24
IST,6.677,0.4528335375141101,0.42997942916570514,24
IST,6.678,0.4558346632296038,0.4457566008928196,24
IST,6.679,0.45748520480255106,0.4553588348687308,24
IST,6.68,0.45878186413254957,0.4606655112001833,24
IST,6.681,0.46001475086058613,0.4632117084178376,24
IST,6.682,0.46048296469995725,0.45114681621517805,24
IST,6.683,0.4597232535825109,0.43187123436089514,24
IST,6.684,0.4579050655267131,0.4399611937024217,24
IST,6.685,0.4562415145087846,0.44586603164620164,24
IST,6.686,0.45466748821123487,0.45023794306115966,24
IST,6.687,0.4531920815728079,0.4514357886196534,24
IST,6.688,0.4515883910967116,0.44697759952511223,24
IST,6.689,0.4501633561618656,0.44372020141032864,24
IST,6.69,0.45016108517592257,0.44447819537177524,24
IST,6.691,0.4510770378484552,0.44512769158649257,24
IST,6.692,0.4525177197872225,0.4447273960799621,24
IST,6.693,0.45347765704235626,0.4437837025593925,24
IST,6.694,0.454096737630276,0.4470061844268598,24
IST,6.695,0.4542049049015862,0.4593408726304653,24
IST,6.696,0.45444794052833154,0.4704831255019921,24
IST,6.697,0.45473072063896075,0.47647499324480447,24
IST,6.698,0.454653636360635,0.47809257768818525,24
IST,6.699,0.45487501009890613,0.47905615399773493,24
IST,6.7,0.45545404722097554,0.4791970595247633,24
IST,6.701,0.4561346319980148,0.4785772589106486,24
IST,6.702,0.45630564848652694,0.4770836761728749,24
IST,6.703,0.4568361931649572,0.47474336172609743,24
IST,6.704,0.4574471732197924,0.473277597257345,24
IST,6.705,0.4578192738049731,0.482160385033633,24
IST,6.706,0.4580753656378938,0.4899616089375397,24
IST,6.707,0.4575714726652936,0.49851262317796347,24
IST,6.708,0.4572388064108936,0.5046381710535828,24
IST,6.709,0.4570540503389735,0.5084153952569856,24
IST,6.71,0.4596388822099373,0.5177586949740847,24
IST,6.711,0.4636413152427972,0.528265279820797,24
IST,6.712,0.466603295398214,0.5284875507708844,24
IST,6.713,0.46866786960990625,0.5203093447484886,24
IST,6.714,0.4697567724725171,0.5283738800893543,24
IST,6.715,0.4705134517876793,0.5381528743895705,24
IST,6.716,0.47018469945268926,0.5352510150223335,24
IST,6.717,0.468802661108114,0.5288051559267916,24
IST,6.718,0.4677194885505809,0.5262045465878791,24
IST,6.719,0.4672833991480052,0.5256261824372344,24
IST,6.72,0.46624488355934046,0.5240314376585538,24
IST,6.721,0.46455557006893117,0.5178314045418375,24
IST,6.722,0.4634554372545659,0.5120040668791592,24
IST,6.723,0.46323285697251165,0.5151990440137618,24
IST,6.724,0.46229593196969904,0.5198790571182393,24
IST,6.725,0.46173129577899186,0.5108354630415368,24
IST,6.726,0.46249991292299003,0.5035175916912704,24
IST,6.727,0.46383503092935946,0.49794827084994664,24
IST,6.728,0.4639999700701521,0.49353646156666586,24
IST,6.729,0.46475015471166586,0.49158837372223163,24
IST,6.73,0.465784305237628,0.49272873166885955,24
IST,6.731,0.46628587556686757,0.49760144652488997,24
IST,6.732,0.46601591481698373,0.5027066521481544,24
IST,6.733,0.4656713369922196,0.501074062490428,24
IST,6.734,0.4658061563858103,0.4931175772923055,24
IST,6.735,0.4669551226078867,0.48636277036063547,24
IST,6.736,0.4677740598386479,0.48019908190728333,24
IST,6.737,0.46814813506405367,0.4742636505870619,24
IST,6.738,0.4683912964913935,0.46636903551066766,24
IST,6.739,0.46941967955925784,0.4742666359529658,24
IST,6.74,0.4701414292474306,0.4913284121613668,24
IST,6.741,0.4708358017200423,0.5003015017201713,24
IST,6.742,0.4725544804100652,0.4883276257352416,24
IST,6.743,0.47505924058826604,0.5042203974258523,24
IST,6.744,0.47757989740915785,0.5144021807390036,24
IST,6.745,0.47833141071164187,0.5142932659851396,24
IST,6.746,0.47787080801929355,0.514125003699196,24
IST,6.747,0.4770873433118639,0.5144527888307643,24
IST,6.748,0.4767356922059982,0.5132532405809543,24
IST,6.749,0.47616003830651654,0.5024230275077615,24
IST,6.75,0.47693912545496914,0.5001221627092197,24
IST,6.751,0.4779202615499516,0.4831559873138848,24
IST,6.752,0.4789440982687334,0.47618821428035407,24
IST,6.753,0.4800867664811777,0.474957772893268,24
IST,6.754,0.4805587496685151,0.47407649986159034,24
IST,6.755,0.4809282866301417,0.4735598421378673,24
IST,6.756,0.4817211667246928,0.4733271561902473,24
IST,6.757,0.48228045277110465,0.4738733878830165,24
IST,6.758,0.483095949787906,0.47614200159052894,24
IST,6.759,0.4839321683682811,0.4698381298773372,24
IST,6.76,0.4850812445822734,0.4683104685067163,24
IST,6.761,0.48679199479498886,0.47281538738536977,24
IST,6.762,0.48721705553539535,0.47292235488584894,24
IST,6.763,0.4869107346182218,0.4745684588966124,24
IST,6.764,0.48670410919195395,0.47743517279485603,24
IST,6.765,0.4872262322527203,0.4755018067942196,24
IST,6.766,0.488378068641454,0.46835903893261266,24
IST,6.767,0.4903343675348559,0.46145016918018233,24
IST,6.768,0.49287566150794065,0.46560961224725694,24
IST,6.769,0.49578931989019986,0.46097630103206,24
IST,6.77,0.4990004188006762,0.45835014178037836,24
IST,6.771,0.5017767936400842,0.4602996411642565,24
IST,6.772,0.5051142791467947,0.4754975163998977,24
IST,6.773,0.5094457550959267,0.49488871562577763,24
IST,6.774,0.5139683281265377,0.5111305222742866,24
IST,6.775,0.5187904236335664,0.5307821190238589,24
IST,6.776,0.5222516385980939,0.5408298912667593,24
IST,6.777,0.5244519630489731,0.5454996719864437,24
IST,6.778,0.5258514323902418,0.5461039739084645,24
IST,6.779,0.5273662137122727,0.5386167960421261,24
IST,6.78,0.529457331195516,0.5356073984423486,24
IST,6.781,0.531595658247691,0.5380074170958566,24
IST,6.782,0.5326149385282514,0.5357100363402364,24
IST,6.783,0.5316907862630281,0.5340421307696784,24
IST,6.784,0.5304087543100192,0.5280902129019893,24
IST,6.785,0.5281799023246294,0.5286244595062944,24
IST,6.786,0.5251038432458699,0.5172115751909421,24
IST,6.787,0.5225414367167961,0.5096468595697579,24
IST,6.788,0.5202184306720822,0.5026910475251968,24
IST,6.789,0.5192365734427687,0.4952616173851283,24
IST,6.79,0.5176157533226915,0.49602638055118964,24
IST,6.791,0.5156375574439268,0.5044498530667724,24
IST,6.792,0.5128304455530291,0.5096783034437321,24
IST,6.793,0.5118153245507672,0.5077420043254893,24
IST,6.794,0.5111479693916129,0.502031545734948,24
IST,6.795,0.5104563019283767,0.4975580867250165,24
IST,6.796,0.509950532754596,0.49521165924930577,24
IST,6.797,0.5100485397892202,0.4922840395379908,24
IST,6.798,0.5105107716799812,0.48867470017902087,24
IST,6.799,0.5103442877876071,0.4872149113314419,24
IST,6.8,0.5110109004549883,0.49008242014925607,24
IST,6.801,0.511628101373251,0.49850555992175183,24
IST,6.802,0.5136282377571492,0.5114387438252541,24
IST,6.803,0.5158888158495553,0.5192660485203362,24
IST,6.804,0.5179181057000646,0.5163904076728827,24
IST,6.805,0.5178697692825678,0.5049976318522886,24
IST,6.806,0.5179563105402801,0.5001108637043843,24
IST,6.807,0.5177577295395186,0.4975720295127407,24
IST,6.808,0.5168309562780433,0.49881314799620924,24
IST,6.809,0.5152680903744596,0.5074973797857081,24
IST,6.81,0.5141323891351903,0.52094565102935,24
IST,6.811,0.5130773152844819,0.5286339956223696,24
IST,6.812,0.5113595472996225,0.5313848247519007,24
IST,6.813,0.5095392973180458,0.5319316589171004,24
IST,6.814,0.5067388402010338,0.5308356670685415,24
IST,6.815,0.5042986536193167,0.5290750767207817,24
IST,6.816,0.5019094117105473,0.5269778121289376,24
IST,6.817,0.4996432722267103,0.5246867042324505,24
IST,6.818,0.49720802630307387,0.5217177106156003,24
IST,6.819,0.4947653777466153,0.5143441741516517,24
IST,6.82,0.4923020591591381,0.5104918815914057,24
IST,6.821,0.4899886207004622,0.5119467310111967,24
IST,6.822,0.4883832955893453,0.5184148895934035,24
IST,6.823,0.48685684090690673,0.5205416960772503,24
IST,6.824,0.4845047248141032,0.5177718995308664,24
IST,6.825,0.48187577155128153,0.5140799517653902,24
IST,6.826,0.4792663016753412,0.5073954828520397,24
IST,6.827,0.4766677676748863,0.5014850505988828,24
IST,6.828,0.474277736496278,0.5021740735952238,24
IST,6.829,0.4726321293272418,0.5047827519493184,24
IST,6.83,0.47133804234809196,0.5051415250726885,24
IST,6.831,0.47020523187074154,0.5060609062937136,24
IST,6.832,0.46841598546813706,0.5057487802254956,24
IST,6.833,0.4665631589218991,0.5032972742555787,24
IST,6.834,0.46542134938367746,0.5013846104890824,24
IST,6.835,0.46431610155584724,0.5001550771782193,24
IST,6.836,0.4633472898444304,0.4989302038165213,24
IST,6.837,0.46353866307069835,0.49725421003504233,24
IST,6.838,0.4638112935106528,0.4952534195319848,24
IST,6.839,0.4639914950999438,0.49397105296695365,24
IST,6.84,0.4638747724984474,0.49314097203862833,24
IST,6.841,0.46427321197385013,0.4973515213634694,24
IST,6.842,0.46351205603037493,0.5050940054476487,24
IST,6.843,0.462830572496713,0.5125025786268178,24
IST,6.844,0.46194066079502755,0.5193471695227354,24
IST,6.845,0.4607340054379667,0.5122206419213641,24
IST,6.846,0.46007888620516746,0.5000914965796187,24
IST,6.847,0.4599853825408536,0.49127305337654636,24
IST,6.848,0.46002635330896413,0.4905912866377439,24
IST,6.849,0.46042301145173087,0.4899280440794901,24
IST,6.85,0.460347639502817,0.48836356238006573,24
IST,6.851,0.46104741613513217,0.486519228499344,24
IST,6.852,0.4627983494100061,0.48678416790832896,24
IST,6.853,0.46568242090650536,0.4869207172728043,24
IST,6.854,0.46919991410921735,0.48829234162307633,24
IST,6.855,0.47296487496684114,0.493034349049321,24
IST,6.856,0.47760199697369804,0.502692738402434,24
IST,6.857,0.48262698358936124,0.5051526579600834,24
IST,6.858,0.48789446248575136,0.5042824447887492,24
IST,6.859,0.4924201326408524,0.5072530794522945,24
IST,6.86,0.4955952184103516,0.5113971207069179,24
IST,6.861,0.49816903500518905,0.5139251426669568,24
IST,6.862,0.5005598363636699,0.5148786996577775,24
IST,6.863,0.5025992032385356,0.5161414105712212,24
IST,6.864,0.5045161472405879,0.5123015631117503,24
IST,6.865,0.5068381085834504,0.5157918019138895,24
IST,6.866,0.5089559435330789,0.5218373194935844,24
IST,6.867,0.510927066482198,0.5260552986891092,24
IST,6.868,0.5131396825817269,0.5302447273305266,24
IST,6.869,0.5159608447933959,0.5453521481623085,24
IST,6.87,0.5194298556212783,0.5591310443287447,24
IST,6.871,0.5223716117986426,0.5599554813582442,24
IST,6.872,0.5245050806846386,0.5555277232649034,24
IST,6.873,0.5267344788153056,0.5550172777136761,24
IST,6.874,0.5291105764917223,0.5547988543876312,24
IST,6.875,0.5315230971554463,0.549472439619545,24
IST,6.876,0.5335984300586435,0.5442555035354241,24
IST,6.877,0.534495524966092,0.5432002233904261,24
IST,6.878,0.534256976807222,0.546405506169992,24
IST,6.879,0.533933185169112,0.5489128112836074,24
IST,6.88,0.5334292505957927,0.5475764958501697,24
IST,6.881,0.5326167064156943,0.5447748142986725,24
IST,6.882,0.5315480208581362,0.5426197553176855,24
IST,6.883,0.5297549302411765,0.5466413784638944,24
IST,6.884,0.5279822834024119,0.5527683437803097,24
IST,6.885,0.5268531861042736,0.5600312319327965,24
IST,6.886,0.5264831338165021,0.5714446145321428,24
IST,6.887,0.5266412887921825,0.5543544519280916,24
IST,6.888,0.526011470701013,0.543950721390627,24
IST,6.889,0.5249087060136615,0.5357746894953435,24
IST,6.89,0.5237710497240028,0.5284815592769316,24
IST,6.891,0.5229496917459251,0.5238725395595252,24
IST,6.892,0.5221114861171029,0.5245080514639743,24
IST,6.893,0.5210980414720502,0.5247544324733586,24
IST,6.894,0.5194963642383646,0.523185271610433,24
IST,6.895,0.5166713897581349,0.5216351476944648,24
IST,6.896,0.515829354395691,0.5162355918110483,24
IST,6.897,0.515806276183962,0.5018937636116256,24
IST,6.898,0.5161696838928047,0.49412686453869503,24
IST,6.899,0.5169671940709603,0.49186784037842957,24
IST,6.9,0.518691114942068,0.5030730230770185,24
IST,6.901,0.5205338930416569,0.5165190976290743,24
IST,6.902,0.5233615314233865,0.5302910396772131,24
IST,6.903,0.5269923661301149,0.5474309411893169,24
IST,6.904,0.5305667927975607,0.5669842049860154,24
IST,6.905,0.5341081058918875,0.5744278740262652,24
IST,6.906,0.5376489921521598,0.5809073630424169,24
IST,6.907,0.5416395489252454,0.5873734349721049,24
IST,6.908,0.5452184717703165,0.5906276566744777,24
IST,6.909,0.5475381330431818,0.5889013735539372,24
IST,6.91,0.5498167321213261,0.5879021605532333,24
IST,6.911,0.5514971426810287,0.5870006303549249,24
IST,6.912,0.5519767024911936,0.5842850381527971,24
IST,6.913,0.5528558836142733,0.588178515369981,24
IST,6.914,0.553685225177585,0.5856501376388096,24
IST,6.915,0.5549887977332438,0.5734452909095014,24
IST,6.916,0.55633904682543,0.5574950492197123,24
IST,6.917,0.5575130042804496,0.5505130402345879,24
IST,6.918,0.5576910579483851,0.5526110443521686,24
IST,6.919,0.5577965853627324,0.5545853285451913,24
IST,6.92,0.558300983054865,0.5553058837226925,24
IST,6.921,0.5585239504466833,0.555189471659058,24
IST,6.922,0.5590645161805529,0.5541541795019058,24
IST,6.923,0.5598072926254769,0.5518647681864919,24
IST,6.924,0.5596031620789617,0.5495393201471622,24
IST,6.925,0.5580104320669738,0.5532366961541821,24
IST,6.926,0.5563212211889809,0.5558578223080348,24
IST,6.927,0.5550544461688397,0.5548832485711676,24
IST,6.928,0.5525931808806572,0.5509313425005617,24
IST,6.929,0.5500576991883386,0.547716200843003,24
IST,6.93,0.548048121560301,0.5447995008383077,24
IST,6.931,0.5458635290670605,0.5412747913781679,24
IST,6.932,0.5429884331289245,0.5371008667374048,24
IST,6.933,0.539650075448996,0.5320570299577684,24
IST,6.934,0.5357225140112681,0.5260144876906505,24
IST,6.935,0.531489157416737,0.5181498923939774,24
IST,6.936,0.527958902986128,0.5062215478798273,24
IST,6.937,0.5259907531707111,0.5002037202972871,24
IST,6.938,0.5241936254036554,0.4962156073148703,24
IST,6.939,0.5226972646333153,0.4902745577006703,24
IST,6.94,0.5205584289858216,0.47458863060946,24
IST,6.941,0.5187069604907123,0.45962613170420014,24
IST,6.942,0.5182286902095841,0.4640312717787242,24
IST,6.943,0.5184570225971508,0.47364684361767373,24
IST,6.944,0.5187786719235415,0.4839878020142686,24
IST,6.945,0.519136816976202,0.48372818911794846,24
IST,6.946,0.5196491414166712,0.4797010891398209,24
IST,6.947,0.5200560291900459,0.48700227352374986,24
IST,6.948,0.5200094377171299,0.4796631637346476,24
IST,6.949,0.5213252735024111,0.4717513523127689,24
IST,6.95,0.5227603551970799,0.464101472505544,24
IST,6.951,0.5218964075282169,0.46109045732565246,24
IST,6.952,0.5217091289220647,0.46451485565600126,24
IST,6.953,0.5214139122526489,0.47366602614802344,24
IST,6.954,0.5199567428761227,0.48083499590980927,24
IST,6.955,0.5191480123633394,0.48729017621306064,24
IST,6.956,0.5186240824196774,0.4935753448037976,24
IST,6.957,0.5178700503855738,0.49918508388260574,24
IST,6.958,0.5171134736619921,0.5039044176792604,24
IST,6.959,0.5164780583301765,0.5076999306023654,24
IST,6.96,0.5157185836296069,0.510574889353715,24
IST,6.961,0.5150766538957864,0.5128627344112013,24
IST,6.962,0.5140708980792578,0.5145427643498677,24
IST,6.963,0.5125317001027367,0.5166374070499662,24
IST,6.964,0.5109221917943977,0.5193386925530601,24
IST,6.965,0.5095797400967798,0.5223845372760784,24
IST,6.966,0.5071917754798089,0.525626576962411,24
IST,6.967,0.5045655852709917,0.5289505888715081,24
IST,6.968,0.5020739167559801,0.5332379939331284,24
IST,6.969,0.5009062524262494,0.5285051175462031,24
IST,6.97,0.5010936225234058,0.5061876454399017,24
IST,6.971,0.5010846566073223,0.5052349416418256,24
IST,6.972,0.5006301513453714,0.5099056529078281,24
IST,6.973,0.500085435737051,0.5113386810971212,24
IST,6.974,0.5000910303229705,0.5123789023075055,24
IST,6.975,0.4993007848578714,0.5137302709865261,24
IST,6.976,0.4981549643444359,0.5156684700009606,24
IST,6.977,0.4962510849326498,0.5176143539127052,24
IST,6.978,0.49360301230368203,0.509971532168912,24
IST,6.979,0.4905216676995227,0.5100955765927537,24
IST,6.98,0.48719814267873596,0.5154597421258144,24
IST,6.981,0.4848820494375558,0.5144406794734586,24
IST,6.982,0.4839778415637604,0.5117861887920299,24
IST,6.983,0.4830136746968552,0.5158053512469059,24
IST,6.984,0.48248749158114806,0.5202680886192399,24
IST,6.985,0.4835872987175935,0.5212542077431933,24
IST,6.986,0.48392720616973905,0.5216886118402273,24
IST,6.987,0.48445291640945304,0.5220292356002141,24
IST,6.988,0.48529838761184024,0.5156245810179736,24
IST,6.989,0.4865231943445894,0.5056174651842931,24
IST,6.99,0.4880269113366426,0.5014414254012564,24
IST,6.991,0.48958600045740236,0.5011264500374558,24
IST,6.992,0.4908255342357583,0.5008511773726425,24
IST,6.993,0.4928728457464982,0.5004749100865982,24
IST,6.994,0.4953620352489802,0.5003270570348323,24
IST,6.995,0.4972371395770831,0.5018669498348365,24
IST,6.996,0.4990862331012873,0.5026688118848996,24
IST,6.997,0.5015260287942732,0.5091021309425041,24
IST,6.998,0.5045447987149706,0.51586112278561,24
IST,6.999,0.50701784484947,0.5230070412737475,24
IST,7.0,0.5087192938617141,0.5311441844800489,24
IST,7.001,0.5104965549938832,0.5319155320172833,24
IST,7.002,0.5117977153691212,0.5282469018100882,24
IST,7.003,0.5132169727716864,0.5229083506035883,24
IST,7.004,0.5143197121609446,0.5234501020380686,24
IST,7.005,0.5155869544271955,0.5331976580937219,24
IST,7.006,0.5174182630054259,0.5436985523024868,24
IST,7.007,0.520409534242528,0.5575223504173223,24
IST,7.008,0.5236209191122859,0.5550063517366951,24
IST,7.009,0.5270279507601091,0.5520146176481843,24
IST,7.01,0.5300679027306786,0.5484895271167857,24
IST,7.011,0.5326518334133982,0.5501360181488673,24
IST,7.012,0.5344435130957098,0.5444297136545305,24
IST,7.013,0.5367272871554536,0.5555836404611971,24
IST,7.014,0.5395145479171993,0.5585978544600638,24
IST,7.015,0.5426868516497179,0.5600379861681468,24
IST,7.016,0.5446997814207762,0.5632139600935091,24
IST,7.017,0.546046232361927,0.5766901546702495,24
IST,7.018,0.5473108690581427,0.5843740744712189,24
IST,7.019,0.5482167562825444,0.5955961193162773,24
IST,7.02,0.5486062903328832,0.5933458464017874,24
IST,7.021,0.5485556244890326,0.5862582051927747,24
IST,7.022,0.5478945828030276,0.5825246825495969,24
IST,7.023,0.5478255456183155,0.5835720757444673,24
IST,7.024,0.5486242407457748,0.5851503005592966,24
IST,7.025,0.54957359615111,0.5865821070733875,24
IST,7.026,0.550138514284855,0.5879666906701257,24
IST,7.027,0.5491419439326454,0.5869950681477909,24
IST,7.028,0.5473649103190907,0.5792039626345296,24
IST,7.029,0.5447341085148831,0.5789141699222164,24
IST,7.03,0.5413039823683934,0.5775553246614558,24
IST,7.031,0.5369782062100059,0.5680711977285258,24
IST,7.032,0.5325553081382789,0.5633548256603654,24
IST,7.033,0.5279564928475908,0.5617758880452091,24
IST,7.034,0.5240575949852356,0.5601646938859669,24
IST,7.035,0.5209158516259833,0.5584610647095829,24
IST,7.036,0.5181812628294994,0.556543112250402,24
IST,7.037,0.5166866418917461,0.5542042817247856,24
IST,7.038,0.5162303366367665,0.5493994676453517,24
IST,7.039,0.5152283196780439,0.5418652463761038,24
IST,7.04,0.5144756853382114,0.5347918991802394,24
IST,7.041,0.5142330107840766,0.5295299876275488,24
IST,7.042,0.514023168648397,0.5312749924773621,24
IST,7.043,0.513984371961314,0.5325590268332594,24
IST,7.044,0.5137549613114502,0.533640015057197,24
IST,7.045,0.5131285667608249,0.5350400065214101,24
IST,7.046,0.5109281327883396,0.5369819050115209,24
IST,7.047,0.5077527567302098,0.5406116624357322,24
IST,7.048,0.5037493083798653,0.5433829948311008,24
IST,7.049,0.49939352182866115,0.5426684484121393,24
IST,7.05,0.4953649954909662,0.5307776521812453,24
IST,7.051,0.491313435119677,0.529074751606345,24
IST,7.052,0.4870841304505102,0.5319656381989583,24
IST,7.053,0.4841937540683272,0.533551702609703,24
IST,7.054,0.4826477440736144,0.5347305008664907,24
IST,7.055,0.48295945794805234,0.5337224472080744,24
IST,7.056,0.4839690109542613,0.5253170826380864,24
IST,7.057,0.48576223930684687,0.5164895768132587,24
IST,7.058,0.487754826015079,0.5079992368204951,24
IST,7.059,0.489077695560602,0.5053461253143816,24
IST,7.06,0.4897541549896753,0.50220081760441,24
IST,7.061,0.4903085593701244,0.49847564618097995,24
IST,7.062,0.4904308353390983,0.5066484403306768,24
IST,7.063,0.4903103921342173,0.5205387254509177,24
IST,7.064,0.4899201918332973,0.5257400587967374,24
IST,7.065,0.4893582946598875,0.526775940071295,24
IST,7.066,0.49017113454585565,0.5274211220450838,24
IST,7.067,0.4919264769123657,0.5244943582145961,24
IST,7.068,0.4927059119830092,0.5220519895976261,24
IST,7.069,0.49254487841478417,0.5196714529436326,24
IST,7.07,0.4932301652803183,0.5149905028949927,24
IST,7.071,0.4942216583262517,0.5123829582799517,24
IST,7.072,0.49497142295519386,0.5085596121986528,24
IST,7.073,0.4956827963445944,0.5025488700021883,24
IST,7.074,0.4967433575176042,0.4952536187643849,24
IST,7.075,0.49789271228880666,0.49044239548749746,24
IST,7.076,0.49881375989082716,0.48837733309386216,24
IST,7.077,0.49901554367402157,0.48806260530388273,24
IST,7.078,0.4992564666812675,0.49286352291916036,24
IST,7.079,0.49986591268835495,0.4983727308948323,24
IST,7.08,0.5005981379673315,0.4804816351614686,24
IST,7.081,0.5007016961509867,0.4570518126362363,24
IST,7.082,0.5018300455528527,0.4517066170718893,24
IST,7.083,0.5036540081073495,0.4516785152853029,24
IST,7.084,0.5053953532394587,0.45513271777721087,24
IST,7.085,0.5073797862372766,0.46015543700843003,24
IST,7.086,0.5090649856028212,0.4740599781195517,24
IST,7.087,0.5097672853517159,0.48881244458088907,24
IST,7.088,0.5106058262987526,0.5066964145175875,24
IST,7.089,0.511957330277229,0.5237464418817965,24
IST,7.09,0.5134423852358475,0.5244259637383631,24
IST,7.091,0.5158026860134453,0.5257041577480768,24
IST,7.092,0.517913620128709,0.5276731058895954,24
IST,7.093,0.5196105222991133,0.5392497204796679,24
IST,7.094,0.520319157377489,0.5528858297435091,24
IST,7.095,0.5202898929343738,0.5513337659019126,24
IST,7.096,0.5197665739575853,0.5493544283284643,24
IST,7.097,0.5193835439806398,0.5517636432298696,24
IST,7.098,0.5185302164339337,0.5563950914206868,24
IST,7.099,0.5178284960457988,0.5604630777767228,24
IST,7.1,0.5161275732842442,0.5549482412017436,24
IST,7.101,0.5146093958464588,0.5481772628085845,24
IST,7.102,0.5126303409635585,0.5418024216940769,24
IST,7.103,0.5104861030585409,0.5379308856360263,24
IST,7.104,0.5089104201166909,0.5339457949568587,24
IST,7.105,0.5074436430239522,0.5267260498877715,24
IST,7.106,0.5058067478686001,0.5179784813028477,24
IST,7.107,0.5038997272269659,0.5088525684895496,24
IST,7.108,0.5005768153075414,0.5075553396954595,24
IST,7.109,0.4972182814075239,0.5063709933496999,24
IST,7.11,0.49450496837320373,0.5051934709033046,24
IST,7.111,0.49195739826258716,0.4928484782865315,24
IST,7.112,0.490873790514515,0.4911244589198228,24
IST,7.113,0.4904931651305369,0.48809403572897553,24
IST,7.114,0.4912733136235023,0.48286551885843854,24
IST,7.115,0.49322526298769986,0.4805983232623984,24
IST,7.116,0.49509232988644447,0.4799683128255046,24
IST,7.117,0.49802053413055436,0.4854181127928394,24
IST,7.118,0.5013137790255796,0.49726574022415104,24
IST,7.119,0.5040930587841388,0.505893169600045,24
IST,7.12,0.5056683129653309,0.5168766190871343,24
IST,7.121,0.5064822769605651,0.5275528440157096,24
IST,7.122,0.5061788211219759,0.5383750415359599,24
IST,7.123,0.5048824301107243,0.5510831229332928,24
IST,7.124,0.5038687537145757,0.5635192036479172,24
IST,7.125,0.5022845781461928,0.5666844834961665,24
IST,7.126,0.5006678537239873,0.5670828212397161,24
IST,7.127,0.4993203878085808,0.5668152432223004,24
IST,7.128,0.49769537703819683,0.5630631642041557,24
IST,7.129,0.49591875034013144,0.5513222463108494,24
IST,7.13,0.4944175904259364,0.5377427295453989,24
IST,7.131,0.49294008568640174,0.5210119585917452,24
IST,7.132,0.4928139940350233,0.5089649550043059,24
IST,7.133,0.4930225489741647,0.4990487877869221,24
IST,7.134,0.49410544223076985,0.5037713828651695,24
IST,7.135,0.49532614697902266,0.511936845179009,24
IST,7.136,0.49587195855178384,0.5196072642698735,24
IST,7.137,0.4966160261415229,0.5265942093109951,24
IST,7.138,0.4973488799349332,0.5330021062508353,24
IST,7.139,0.4981427351730543,0.5389285939490591,24
IST,7.14,0.49858461551991096,0.544451750294936,24
IST,7.141,0.49857814976349024,0.5496348986813855,24
IST,7.142,0.4978708251401209,0.5543666616831722,24
IST,7.143,0.4968708769992954,0.5587831502842444,24
IST,7.144,0.49637262141433913,0.5630061146390916,24
IST,7.145,0.49554941926539303,0.566237032274296,24
IST,7.146,0.49516238612314206,0.5645326034297474,24
IST,7.147,0.4953693448143452,0.5609363385653057,24
IST,7.148,0.49598675762484307,0.5592511953424213,24
IST,7.149,0.4970188666307767,0.548868712326799,24
IST,7.15,0.4984682246893697,0.5395799188152661,24
IST,7.151,0.5005715648282264,0.5313984276308259,24
IST,7.152,0.5035399826900991,0.5244087037669607,24
IST,7.153,0.5064394337865736,0.5187054284481303,24
IST,7.154,0.5097313985629864,0.5145587099672281,24
IST,7.155,0.5137892903010449,0.5120896318786988,24
IST,7.156,0.5174741149578985,0.5120203456514434,24
IST,7.157,0.5208305304768183,0.5301328083219469,24
IST,7.158,0.5226552260037435,0.5206546332248347,24
IST,7.159,0.5246769219011835,0.5153461443528238,24
IST,7.16,0.5266634075776685,0.5092973372898207,24
IST,7.161,0.5282622924411094,0.5050797067536633,24
IST,7.162,0.5290574444616387,0.5098130489428663,24
IST,7.163,0.5294153403247056,0.5170237293007773,24
IST,7.164,0.5300833350875123,0.5268274323760394,24
IST,7.165,0.5303436728765115,0.5370382964747726,24
IST,7.166,0.5294404072540208,0.5448978240665003,24
IST,7.167,0.5296502255052473,0.5527699549494471,24
IST,7.168,0.5305210786213655,0.5608168156407831,24
IST,7.169,0.5302548099747034,0.56426464089574,24
IST,7.17,0.528896129473463,0.5679833924590189,24
IST,7.171,0.5270336113963815,0.5683575517295035,24
IST,7.172,0.525545205040259,0.5687444880314765,24
IST,7.173,0.5244078773210725,0.5693453973586988,24
IST,7.174,0.5224700690602235,0.5626404006723089,24
IST,7.175,0.5204380508425697,0.552821305653626,24
IST,7.176,0.5188337276902972,0.552267992980378,24
IST,7.177,0.5167112906288513,0.5571175791690831,24
IST,7.178,0.5155086655410525,0.5803954508681094,24
IST,7.179,0.5145817767087127,0.5853569776987527,24
IST,7.18,0.514734125453733,0.5921236778423795,24
IST,7.181,0.5157876439048316,0.5846627586184965,24
IST,7.182,0.5156729220282598,0.581190662475507,24
IST,7.183,0.5157019818992299,0.5833399335861419,24
IST,7.184,0.516208339567728,0.5849613261015181,24
IST,7.185,0.5176771538272756,0.5942880175135501,24
IST,7.186,0.5197918368368603,0.5895809084338586,24
IST,7.187,0.5229533185887691,0.5920268345896285,24
IST,7.188,0.5275387249577269,0.6000509230095781,24
IST,7.189,0.5317434073331054,0.6069625608738591,24
IST,7.19,0.536041819238047,0.6134309375814373,24
IST,7.191,0.5390568811246741,0.6173742274462237,24
IST,7.192,0.5415546600371914,0.6188324259800526,24
IST,7.193,0.5437654987576463,0.6172646166810662,24
IST,7.194,0.5466336326265449,0.6149323321482144,24
IST,7.195,0.550232026016156,0.6120693882401627,24
IST,7.196,0.5539918887249983,0.6087203826523233,24
IST,7.197,0.5577318044763722,0.6048431882039571,24
IST,7.198,0.5604687823665413,0.6049549131077518,24
IST,7.199,0.5631107494096015,0.6023154529471113,24
IST,7.2,0.5669360954338285,0.6022227678261146,24
IST,7.201,0.5712971527884868,0.604814194116395,24
IST,7.202,0.575191643072451,0.6044000692407292,24
IST,7.203,0.5790530860337666,0.6050124949201858,24
IST,7.204,0.5828261860299294,0.6072653168556829,24
IST,7.205,0.5854169365612497,0.6123445585384621,24
IST,7.206,0.5870757198021107,0.6107131906841282,24
IST,7.207,0.5879969135022631,0.6119121361443678,24
IST,7.208,0.5886217472833187,0.616648201257096,24
IST,7.209,0.5881203538978016,0.6227380164998688,24
IST,7.21,0.5878935914953788,0.6248877854558355,24
IST,7.211,0.5883923439380051,0.6164659644490129,24
IST,7.212,0.5875410307526606,0.6075426119711713,24
IST,7.213,0.586026987380854,0.6007762464303879,24
IST,7.214,0.5837148032709357,0.5975856582284843,24
IST,7.215,0.5805808916987681,0.5893495141761773,24
IST,7.216,0.5777995934834372,0.5788961422522964,24
IST,7.217,0.5756426227409707,0.585893608113685,24
IST,7.218,0.574175811089671,0.6016224365174707,24
IST,7.219,0.5714915587027257,0.6076956269642595,24
IST,7.22,0.5679212398336231,0.6025290885542249,24
IST,7.221,0.5649003251244412,0.5981034347901562,24
IST,7.222,0.5621564283441421,0.6006926792018947,24
IST,7.223,0.559272158221762,0.6096579072706287,24
IST,7.224,0.5564602703276466,0.6146763930933767,24
IST,7.225,0.5534581236012345,0.6020991297833775,24
IST,7.226,0.5496878362465198,0.5749156809954635,24
IST,7.227,0.5452426032071643,0.5629072790179057,24
IST,7.228,0.5420134289880113,0.5508546684348181,24
IST,7.229,0.5398588462385019,0.5386123260586669,24
IST,7.23,0.5376545724319348,0.5332565328348188,24
IST,7.231,0.535474323721231,0.5277797602685224,24
IST,7.232,0.5326231905808386,0.5222152327350837,24
IST,7.233,0.5295172116830562,0.5160965857869504,24
IST,7.234,0.5281349049246441,0.5091056981892298,24
IST,7.235,0.5279341977922676,0.5085164710481261,24
IST,7.236,0.5281536608225931,0.5070015966080494,24
IST,7.237,0.5291555381253114,0.5033097105438877,24
IST,7.238,0.530152681945732,0.4999551376050969,24
IST,7.239,0.5309170264045712,0.5050699874802667,24
IST,7.24,0.5322503480823972,0.5085411741976233,24
IST,7.241,0.5335335155967236,0.5105609449005061,24
IST,7.242,0.5343983079135223,0.5073575206918804,24
IST,7.243,0.5354051142635183,0.5097961358046756,24
IST,7.244,0.536614771007662,0.5084003625358539,24
IST,7.245,0.5372312029681808,0.5163408443537233,24
IST,7.246,0.5372652657212807,0.5257429672182203,24
IST,7.247,0.5372006000352272,0.5326804221597872,24
IST,7.248,0.5380041098796823,0.5308251648176749,24
IST,7.249,0.5394690036405214,0.5272855139216384,24
IST,7.25,0.5405650579320608,0.524793735293003,24
IST,7.251,0.5405598513561767,0.532826494254744,24
IST,7.252,0.5398282456216813,0.544564845337771,24
IST,7.253,0.5397889778950083,0.5591430545794451,24
IST,7.254,0.5392210247492752,0.5652291264726395,24
IST,7.255,0.5384852186724937,0.5667206659970485,24
IST,7.256,0.53804128704046,0.5719268253856526,24
IST,7.257,0.5381935336263837,0.5668618676243272,24
IST,7.258,0.5383653315126978,0.551575851979021,24
IST,7.259,0.5384093164943775,0.5444010299235683,24
IST,7.26,0.5384359806981042,0.5447049547564631,24
IST,7.261,0.5394598255333739,0.5464642432486154,24
IST,7.262,0.5404468999526104,0.5469802107847472,24
IST,7.263,0.5418981492909367,0.5495784656600209,24
IST,7.264,0.5433636912874266,0.5547211227390993,24
IST,7.265,0.5448162686946771,0.5671728596597456,24
IST,7.266,0.5468380593373549,0.5697035471093864,24
IST,7.267,0.5482964142746054,0.5724114583457538,24
IST,7.268,0.5489706601843999,0.57395941339071,24
IST,7.269,0.5494867265338749,0.5736894410869438,24
IST,7.27,0.5498483990204747,0.5730816433139823,24
IST,7.271,0.549539966858773,0.5720915360477196,24
IST,7.272,0.5480655776354019,0.5708233321751333,24
IST,7.273,0.5454051312502507,0.5678471986653146,24
IST,7.274,0.5430197003099971,0.5630801469073989,24
IST,7.275,0.5407154018295365,0.5580266334599561,24
IST,7.276,0.5379932312340061,0.5526588905216606,24
IST,7.277,0.5349879950450204,0.5469740717799644,24
IST,7.278,0.5310900326999377,0.5410615807145613,24
IST,7.279,0.5268224745904436,0.5452356975969985,24
IST,7.28,0.522373887562886,0.5489341913727733,24
IST,7.281,0.5175191422508784,0.5382976888469089,24
IST,7.282,0.5124685122180465,0.5348914646667912,24
IST,7.283,0.5076633082272753,0.5294287516550831,24
IST,7.284,0.5025548316267723,0.5251324106395611,24
IST,7.285,0.4970555849446609,0.5180943386610887,24
IST,7.286,0.49224616551191924,0.5118404898744957,24
IST,7.287,0.4883348733142178,0.5045418402021132,24
IST,7.288,0.48458019626404975,0.4942481591383774,24
IST,7.289,0.4791158120053915,0.4863573644241414,24
IST,7.29,0.4732609557349788,0.48528350813321386,24
IST,7.291,0.4694207882221098,0.4849292437789915,24
IST,7.292,0.46689117953540954,0.48038198954871114,24
IST,7.293,0.46479791466856324,0.4749293080721533,24
IST,7.294,0.46336181527852255,0.46801869959093845,24
IST,7.295,0.4624133328282518,0.45908357588428256,24
IST,7.296,0.46057064881108056,0.4456018886675074,24
IST,7.297,0.45967067827591923,0.4313539682677751,24
IST,7.298,0.45877296385078425,0.43292990604217385,24
IST,7.299,0.45870811734441364,0.44280017179715275,24
IST,7.3,0.45915981352192636,0.4430988558876941,24
IST,7.301,0.45896161299378657,0.44792085723760644,24
IST,7.302,0.45823358494311556,0.4487147142219725,24
IST,7.303,0.45812512765384894,0.4453466450507743,24
IST,7.304,0.4585579886369844,0.4402618630391413,24
IST,7.305,0.4590453292846109,0.4340861621097847,24
IST,7.306,0.45822983465234096,0.4247542437890686,24
IST,7.307,0.4576941410264263,0.43301534054005847,24
IST,7.308,0.45690068963198743,0.43388496933213827,24
IST,7.309,0.4567630258370297,0.4313945215184257,24
IST,7.31,0.4557969024966198,0.42754608447900033,24
IST,7.311,0.45420854554998796,0.4220462284059857,24
IST,7.312,0.4521014695054238,0.4248349530719895,24
IST,7.313,0.4499935671116562,0.42819434786692356,24
IST,7.314,0.4481222805071921,0.4316465047153026,24
IST,7.315,0.4460071718053982,0.4354639396204988,24
IST,7.316,0.4437860505813465,0.43982486030769186,24
IST,7.317,0.4423996114504168,0.44473814321493405,24
IST,7.318,0.44027461313005617,0.4477210297899556,24
IST,7.319,0.44040723492302364,0.4469401272507021,24
IST,7.32,0.44076061080924495,0.4450519148648049,24
IST,7.321,0.44090127152172026,0.44452307759740023,24
IST,7.322,0.4410022404812574,0.4450827617638179,24
IST,7.323,0.44136163302855524,0.4483235194919547,24
IST,7.324,0.4407541080145536,0.45091236723455264,24
IST,7.325,0.4400737950730358,0.4571945591918569,24
IST,7.326,0.4394340550013156,0.4598280991011693,24
IST,7.327,0.4380831595943144,0.45815381958621426,24
IST,7.328,0.43640031364189696,0.45736264270100535,24
IST,7.329,0.4339326344981051,0.4561094511328313,24
IST,7.33,0.43291656371058584,0.4447884570414443,24
IST,7.331,0.43381393077033154,0.44258373847975835,24
IST,7.332,0.4354187739522987,0.45051349291116194,24
IST,7.333,0.4388949522115322,0.44808570975789536,24
IST,7.334,0.4430595344481778,0.44459314203993283,24
IST,7.335,0.44609999370803366,0.4390568742004207,24
IST,7.336,0.4487820950196657,0.4373602071031274,24
IST,7.337,0.4515817927737202,0.441071205124944,24
IST,7.338,0.4539930014262672,0.44420723927103883,24
IST,7.339,0.4567759171695979,0.4471661961826246,24
IST,7.34,0.460064590751899,0.4492253210439263,24
IST,7.341,0.4630872387767588,0.4504776036491032,24
IST,7.342,0.4659774921545074,0.45140867256681483,24
IST,7.343,0.4692114501513902,0.4515350070040236,24
IST,7.344,0.47223201919953084,0.45811364083347333,24
IST,7.345,0.47458671655424184,0.481716223229123,24
IST,7.346,0.47572484357301636,0.49526062551495953,24
IST,7.347,0.4764867151762627,0.49208223698174514,24
IST,7.348,0.47735016000145647,0.48717796632390137,24
IST,7.349,0.4781436226344569,0.4797091575081801,24
IST,7.35,0.47799869530917793,0.4756050408590461,24
IST,7.351,0.47965646012608265,0.4764280228342046,24
IST,7.352,0.48167051918467235,0.47689209989625686,24
IST,7.353,0.48319326346664576,0.4786627384633846,24
IST,7.354,0.4857104042974312,0.4873390923426326,24
IST,7.355,0.488367448504655,0.4956312381529069,24
IST,7.356,0.49124588263042773,0.4862037992682863,24
IST,7.357,0.4922957120304869,0.47977795111814603,24
IST,7.358,0.49547035722875327,0.4764928809885684,24
IST,7.359,0.4995061292668401,0.4887384933931479,24
IST,7.36,0.5043536982503006,0.511580973023402,24
IST,7.361,0.5097585898979481,0.5322233426500419,24
IST,7.362,0.5152401845794264,0.5508509792142247,24
IST,7.363,0.5205560687958763,0.5656180413263684,24
IST,7.364,0.5260930283516961,0.5739092438740327,24
IST,7.365,0.5313096280378794,0.5783307401799295,24
IST,7.366,0.5361575563134465,0.5825536414977631,24
IST,7.367,0.539440381809832,0.5869464712316741,24
IST,7.368,0.5423807376499915,0.5856878884569439,24
IST,7.369,0.5450561162223213,0.5967634783835457,24
IST,7.37,0.548067369350682,0.6027690739143934,24
IST,7.371,0.5507805498354424,0.6005279994808418,24
IST,7.372,0.5529786801973772,0.5954421023289866,24
IST,7.373,0.554205355956602,0.597079556145199,24
IST,7.374,0.5552674125425279,0.6000507433744885,24
IST,7.375,0.5568154218935619,0.6026318112253684,24
IST,7.376,0.5592205123195554,0.6050481415877538,24
IST,7.377,0.561250910594694,0.6002210046430634,24
IST,7.378,0.563011102459707,0.5937511268264961,24
IST,7.379,0.5645807871667877,0.5862695837414702,24
IST,7.38,0.565587955057128,0.5804224314608144,24
IST,7.381,0.566246617246243,0.58734792379535,24
IST,7.382,0.5675311661894423,0.5946306804323821,24
IST,7.383,0.568113516113803,0.6039546560631888,24
IST,7.384,0.5682313732968195,0.6077363086129528,24
IST,7.385,0.5685122215134101,0.6098627633747649,24
IST,7.386,0.5681402965826058,0.612983025354869,24
IST,7.387,0.5667833954235368,0.6145289100534956,24
IST,7.388,0.5648457926550069,0.6156827618774174,24
IST,7.389,0.5628604568560447,0.6114750758269374,24
IST,7.39,0.561315533272951,0.6033404510303131,24
IST,7.391,0.5606073668960024,0.594386954911482,24
IST,7.392,0.5599313636157728,0.5845531110769484,24
IST,7.393,0.5582485973362906,0.5735672468619974,24
IST,7.394,0.5561850504424927,0.5676798547128336,24
IST,7.395,0.553999369305458,0.5767807093627453,24
IST,7.396,0.5511372549355559,0.5881766641630866,24
IST,7.397,0.5481208612434695,0.6009642749283317,24
IST,7.398,0.5458743656876581,0.6162313729461497,24
IST,7.399,0.5446814390720874,0.6218283597566284,24
IST,7.4,0.5430753623957646,0.6195619831034089,24
IST,7.401,0.5409593800421738,0.6158831586237691,24
IST,7.402,0.538002606927103,0.6083892305777604,24
IST,7.403,0.5342707238119767,0.5983398011712882,24
IST,7.404,0.5298770434141434,0.584611576785044,24
IST,7.405,0.5263267837119973,0.5728303991842951,24
IST,7.406,0.5232726240052537,0.566003849353271,24
IST,7.407,0.5219625997286859,0.5706096332603838,24
IST,7.408,0.5220624951373091,0.5763918571790199,24
IST,7.409,0.5223186962318147,0.5820860603099648,24
IST,7.41,0.5225627879906997,0.5862477529196186,24
IST,7.411,0.5220195801553734,0.5845734570952137,24
IST,7.412,0.5212064614679651,0.5826855925309018,24
IST,7.413,0.5202031692313794,0.5801503758293273,24
IST,7.414,0.519135970833325,0.5768391259365113,24
IST,7.415,0.5175134089566619,0.5722556181602918,24
IST,7.416,0.5161943635839455,0.5643739744700491,24
IST,7.417,0.5161235474755383,0.5549721581945231,24
IST,7.418,0.5176007548068727,0.5393645202102191,24
IST,7.419,0.5192130515072476,0.5290151977299433,24
IST,7.42,0.5208677187627447,0.5216055508052728,24
IST,7.421,0.5223596317860927,0.5147506458600781,24
IST,7.422,0.5239305709482057,0.5200602077746188,24
IST,7.423,0.525290057911813,0.5281346928189136,24
IST,7.424,0.5262550642845921,0.5309472669106342,24
IST,7.425,0.5280118702845867,0.532259329474603,24
IST,7.426,0.5304470188142872,0.5325752742806937,24
IST,7.427,0.5326424266265006,0.5314291239417098,24
IST,7.428,0.5348540666470395,0.528364143059,24
IST,7.429,0.538380342395961,0.5213851986769353,24
IST,7.43,0.5416387391726831,0.517630644078351,24
IST,7.431,0.5444209256748517,0.5199265865115907,24
IST,7.432,0.5465005151396404,0.5244862384836991,24
IST,7.433,0.5483440628907298,0.5321596715268708,24
IST,7.434,0.5494785278155568,0.5366630022296073,24
IST,7.435,0.5510207593386373,0.5411566893272259,24
IST,7.436,0.5510114291612399,0.5402218335831495,24
IST,7.437,0.5509384701941624,0.5385901565518627,24
IST,7.438,0.5504700101560858,0.5395761169503059,24
IST,7.439,0.5498589747089774,0.5455242333079701,24
IST,7.44,0.5490320678855751,0.5533290392176521,24
IST,7.441,0.5473129911267711,0.5436334705176642,24
IST,7.442,0.5457040342304084,0.5343501595262481,24
IST,7.443,0.5442144155073799,0.5276887563187265,24
IST,7.444,0.5422056423078082,0.5242847925546137,24
IST,7.445,0.5406494006720741,0.5193832207473483,24
IST,7.446,0.5397024064914953,0.5151025776445546,24
IST,7.447,0.5389186358993666,0.5105242202153997,24
IST,7.448,0.5376861867384561,0.5044361653184066,24
IST,7.449,0.5370020474440499,0.49953740011708614,24
IST,7.45,0.5371237080364654,0.4974798598998974,24
IST,7.451,0.5381259470559985,0.5020551213089824,24
IST,7.452,0.5393404976192434,0.5066664553289855,24
IST,7.453,0.5412724128273564,0.5098898887487753,24
IST,7.454,0.5435072851704496,0.5118715543810551,24
IST,7.455,0.5454802862522604,0.5120281476904862,24
IST,7.456,0.5460666369252108,0.518338655618666,24
IST,7.457,0.545890952217403,0.519086308284118,24
IST,7.458,0.5457241759156327,0.5223557677539765,24
IST,7.459,0.5449883732523734,0.5198920815281004,24
IST,7.46,0.5451173255081389,0.5242612831495647,24
IST,7.461,0.5458383757362761,0.5358553006960595,24
IST,7.462,0.544980220511957,0.5349272066905904,24
IST,7.463,0.5454125992524169,0.5313602956287815,24
IST,7.464,0.5451400092570701,0.5281665414974234,24
IST,7.465,0.5445435988458579,0.5252247732099836,24
IST,7.466,0.5437721441019504,0.5235880327992695,24
IST,7.467,0.5431901085051979,0.5212655652237429,24
IST,7.468,0.5426945732468046,0.5230388508702724,24
IST,7.469,0.5424227899636757,0.5433674477009464,24
IST,7.47,0.5413153026251377,0.5501518972104975,24
IST,7.471,0.5420845702185179,0.555950180344353,24
IST,7.472,0.5432564750977333,0.5645258298717077,24
IST,7.473,0.5435632536434025,0.5571917170526078,24
IST,7.474,0.543315991943793,0.5520340556061187,24
IST,7.475,0.5432631016937357,0.5540747953481517,24
IST,7.476,0.5428522073580623,0.5560190305210784,24
IST,7.477,0.5423130891099731,0.5567909449731943,24
IST,7.478,0.5422424823277284,0.5565849592156031,24
IST,7.479,0.5429753990155525,0.5555775020612089,24
IST,7.48,0.5448142538632966,0.5538399997432026,24
IST,7.481,0.5461704037739289,0.5646828476710726,24
IST,7.482,0.5466947744961527,0.5622824692563693,24
IST,7.483,0.5461163711818348,0.5576837724726251,24
IST,7.484,0.5460698976760731,0.5622415608194409,24
IST,7.485,0.54627434272774,0.5674185850911612,24
IST,7.486,0.5474710457982618,0.5736742715200918,24
IST,7.487,0.5492140792397275,0.5853149993158713,24
IST,7.488,0.552028366624574,0.586289883009029,24
IST,7.489,0.5551996620125106,0.5936071538134803,24
IST,7.49,0.5587868933902301,0.6040038482299108,24
IST,7.491,0.5616752727098068,0.6064690108542201,24
IST,7.492,0.5632181372503282,0.607574969186208,24
IST,7.493,0.5642325794529149,0.6062398694578158,24
IST,7.494,0.5652704783438212,0.6053608386039294,24
IST,7.495,0.5671695220700946,0.6064683018468313,24
IST,7.496,0.5684881594296,0.6183119448842855,24
IST,7.497,0.569892960303787,0.6180061398627743,24
IST,7.498,0.5714375457308601,0.6169679099851592,24
IST,7.499,0.5735480248070676,0.616091188537903,24
IST,7.5,0.575843488958872,0.6137006479834202,24
IST,7.501,0.5776973351093461,0.6140709951700414,24
IST,7.502,0.578713728823714,0.6148817692203804,24
IST,7.503,0.5785390077434268,0.6112700602330331,24
IST,7.504,0.5781292766501526,0.605656189226925,24
IST,7.505,0.5784536099069305,0.6099976847180542,24
IST,7.506,0.5793448330564575,0.612028564254369,24
IST,7.507,0.5800654815538911,0.6170092288519283,24
IST,7.508,0.5805786016147676,0.6157022603799465,24
IST,7.509,0.5810324296708036,0.6161052039934969,24
IST,7.51,0.5815667827555446,0.6150992224691412,24
IST,7.511,0.5825311062947583,0.6121104592718551,24
IST,7.512,0.5847825894971632,0.6085737247399589,24
IST,7.513,0.5867963896267432,0.6043792505956547,24
IST,7.514,0.5890707332049705,0.5997767375631702,24
IST,7.515,0.590395377180496,0.6013128043070091,24
IST,7.516,0.5903938259728069,0.6016206106124287,24
IST,7.517,0.5896667328706836,0.6001157575766829,24
IST,7.518,0.5884426384743247,0.5969211385286863,24
IST,7.519,0.5861412101175831,0.5920684088533094,24
IST,7.52,0.5831299803140353,0.5901015516580131,24
IST,7.521,0.5799323235434285,0.5899335162684447,24
IST,7.522,0.5759291182972356,0.592713628449529,24
IST,7.523,0.5709630713317931,0.5834467090327962,24
IST,7.524,0.5659954786134959,0.5770309598601724,24
IST,7.525,0.5619899283753513,0.5716617801313428,24
IST,7.526,0.5586428638054161,0.5686164847756444,24
IST,7.527,0.5554923438296843,0.5745043208061431,24
IST,7.528,0.5528930657910491,0.5772453113239759,24
IST,7.529,0.5517233382992842,0.577778679016598,24
IST,7.53,0.551368126030202,0.5752195273513473,24
IST,7.531,0.5507738049715842,0.5625549994269646,24
IST,7.532,0.5501563819422235,0.5513662867042357,24
IST,7.533,0.5493776108152956,0.5406370366140957,24
IST,7.534,0.5486025192469393,0.5298249795594843,24
IST,7.535,0.5476626027888715,0.5201035184953564,24
IST,7.536,0.5473427122575825,0.5198983972874298,24
IST,7.537,0.5472717508639539,0.5215502574910311,24
IST,7.538,0.5473126701862713,0.5234677262961149,24
IST,7.539,0.5475231191369287,0.537986403734307,24
IST,7.54,0.5475382098300595,0.5517089958880748,24
IST,7.541,0.5481473046303309,0.5672411819926314,24
IST,7.542,0.5484133435338521,0.5843014641376094,24
IST,7.543,0.5489667231038233,0.5885641808490327,24
IST,7.544,0.5490671167389009,0.5917744179031261,24
IST,7.545,0.5491480466229667,0.5944267900665821,24
IST,7.546,0.5496432552123911,0.5962920197018684,24
IST,7.547,0.5500655427617377,0.5892184311371589,24
IST,7.548,0.5506346267808229,0.5799716365917468,24
IST,7.549,0.5508457250216786,0.5788966849766436,24
IST,7.55,0.5501045221410034,0.5577596705724062,24
IST,7.551,0.5490737118738879,0.5395001471220993,24
IST,7.552,0.5478645770370205,0.5271739027047352,24
IST,7.553,0.5461736361054917,0.5210075771486311,24
IST,7.554,0.5451255997720513,0.525086209929926,24
IST,7.555,0.5436250436926455,0.5312070648463202,24
IST,7.556,0.5409175717516035,0.5338026892234695,24
IST,7.557,0.5389243857782677,0.5333588712660329,24
IST,7.558,0.5363120728358656,0.5341561087384834,24
IST,7.559,0.5330590174384667,0.5312763730088637,24
IST,7.56,0.5299979600761086,0.5287956771779899,24
IST,7.561,0.5272405004729567,0.5304482900557131,24
IST,7.562,0.524678154712377,0.5340940576215932,24
IST,7.563,0.5225276742292517,0.5397298773596676,24
IST,7.564,0.5201918221691169,0.5409013189100764,24
IST,7.565,0.5175224263238826,0.5417716411063184,24
IST,7.566,0.5148296721911582,0.5355828848276056,24
IST,7.567,0.5126049221049019,0.5308110019308723,24
IST,7.568,0.5113711470574164,0.5293189986717413,24
IST,7.569,0.5111760968462181,0.5297625685162934,24
IST,7.57,0.5120793745361469,0.531911845704703,24
IST,7.571,0.5151625633236036,0.5355575534427487,24
IST,7.572,0.5189366226486269,0.5404649986152628,24
IST,7.573,0.5222382741540619,0.5467525826356,24
IST,7.574,0.5254000918303839,0.5551633437417035,24
IST,7.575,0.5293811986292533,0.565674122211721,24
IST,7.576,0.5331132525840253,0.5676746532181758,24
IST,7.577,0.5369015130241894,0.5692359437370977,24
IST,7.578,0.5402046742269202,0.5708534225399003,24
IST,7.579,0.5425260566091202,0.567542257564793,24
IST,7.58,0.5453829777684931,0.5653758221543794,24
IST,7.581,0.5494992936956574,0.5814978838859115,24
IST,7.582,0.5539690609938349,0.5970509257472172,24
IST,7.583,0.5579941978280633,0.6071520914831059,24
IST,7.584,0.5615643883240384,0.6011570100744209,24
IST,7.585,0.5647064368597424,0.5926257477600401,24
IST,7.586,0.5668626698501186,0.5803966961215776,24
IST,7.587,0.5681232030350617,0.577508911091831,24
IST,7.588,0.5690387077887198,0.5761927348686308,24
IST,7.589,0.5701842588642815,0.5724940944585438,24
IST,7.59,0.5707477796719959,0.5734108355751542,24
IST,7.591,0.5713155925191373,0.5778666894939765,24
IST,7.592,0.5717038248023258,0.5814894675669076,24
IST,7.593,0.5738239567372209,0.5891054060631511,24
IST,7.594,0.5771000294152299,0.5920258708329383,24
IST,7.595,0.5810232300794482,0.5943287689407031,24
IST,7.596,0.5854537991101944,0.5961458551316783,24
IST,7.597,0.5904302554387729,0.5994171358586469,24
IST,7.598,0.5953067363697019,0.6024450959054338,24
IST,7.599,0.5998449128326545,0.6049798419994636,24
IST,7.6,0.6045671148631462,0.6073406047632,24
IST,7.601,0.6098167613784421,0.614764827450013,24
IST,7.602,0.6137391231376942,0.6249086767057818,24
IST,7.603,0.6177680624424113,0.6328984712143115,24
IST,7.604,0.6215303069392769,0.6347842388863472,24
IST,7.605,0.6256775503764191,0.6375433216106436,24
IST,7.606,0.6293370757353886,0.6459890607990815,24
IST,7.607,0.6316477167101786,0.6558733136386918,24
IST,7.608,0.6332443444077133,0.6590314821163497,24
IST,7.609,0.6338604219484821,0.6533157878882105,24
IST,7.61,0.632921093064135,0.6417186947355821,24
IST,7.611,0.6311132665869031,0.6270652824592724,24
IST,7.612,0.630143224679102,0.6205586455326546,24
IST,7.613,0.628487932956851,0.6169261067598051,24
IST,7.614,0.6257556576594808,0.6096600727612573,24
IST,7.615,0.622673284929291,0.6040363326092684,24
IST,7.616,0.6204251196305067,0.605047508100032,24
IST,7.617,0.6189771506180893,0.5959937536111302,24
IST,7.618,0.6177061819050783,0.5863197921549159,24
IST,7.619,0.6156716414547684,0.585847660135121,24
IST,7.62,0.6131314496036209,0.586749257496787,24
IST,7.621,0.6096859219643186,0.586785602740487,24
IST,7.622,0.606808445388883,0.5860803491018551,24
IST,7.623,0.6047818731906465,0.5851766816714075,24
IST,7.624,0.6023452888746109,0.581536671719589,24
IST,7.625,0.6004976560377072,0.5755094733765223,24
IST,7.626,0.5991192546607658,0.5681573066516792,24
IST,7.627,0.5967327741783209,0.563216326739425,24
IST,7.628,0.5947656951797791,0.569338690462009,24
IST,7.629,0.5940031620871611,0.5681892491482612,24
IST,7.63,0.5940614640265344,0.5673422236633046,24
IST,7.631,0.5938634987160869,0.5688449335886603,24
IST,7.632,0.5937110751430577,0.5763757752424418,24
IST,7.633,0.5939943664397797,0.5829074216341121,24
IST,7.634,0.5957652492139132,0.5852592759664434,24
IST,7.635,0.5985798758418877,0.5970984903874641,24
IST,7.636,0.6019131671271699,0.6043025558839097,24
IST,7.637,0.6056855354055296,0.6113837140222746,24
IST,7.638,0.6094660214772057,0.6180663045389975,24
IST,7.639,0.613923748375205,0.6246116081977899,24
IST,7.64,0.6175160741548377,0.6311487787165658,24
IST,7.641,0.6203812210583153,0.6390893511773585,24
IST,7.642,0.6228267278939414,0.6459500525035888,24
IST,7.643,0.6245847602730937,0.6504515452208703,24
IST,7.644,0.6251340928341337,0.6547732316483995,24
IST,7.645,0.6265389560972244,0.6582356904741453,24
IST,7.646,0.6260196477287273,0.660737186379778,24
IST,7.647,0.6256220478520993,0.6516654195803941,24
IST,7.648,0.625323433382819,0.6445091034020217,24
IST,7.649,0.6253982510253802,0.6395972135811159,24
IST,7.65,0.6255930667936062,0.6393742320776348,24
IST,7.651,0.6256632707551045,0.647517534375665,24
IST,7.652,0.6266865039032918,0.6550433423876129,24
IST,7.653,0.6281227311733676,0.6623294666198658,24
IST,7.654,0.6291973591231964,0.6687627892905394,24
IST,7.655,0.630536932001283,0.6753152641611129,24
IST,7.656,0.6318727558874867,0.6812690310055012,24
IST,7.657,0.6335099380354227,0.6836507290116248,24
IST,7.658,0.6354615082439641,0.6835462897075404,24
IST,7.659,0.6373707705337358,0.6861643463900673,24
IST,7.66,0.6392485260786629,0.6887545498555053,24
IST,7.661,0.6412114494118278,0.6788898995178647,24
IST,7.662,0.6436870087603461,0.6745689224193783,24
IST,7.663,0.6462577559410366,0.6767195026248547,24
IST,7.664,0.6483035770121295,0.6769756673545012,24
IST,7.665,0.64952494248262,0.6778037516937706,24
IST,7.666,0.6505426380727696,0.6826024834662449,24
IST,7.667,0.6509720486242311,0.6839710262170562,24
IST,7.668,0.6505349823223844,0.6793390445239625,24
IST,7.669,0.6491695559556282,0.6748838114841094,24
IST,7.67,0.6468219180216512,0.6701139766971178,24
IST,7.671,0.6441127511245334,0.6650733933905316,24
IST,7.672,0.6414558535708462,0.6650093916341253,24
IST,7.673,0.6388288530768241,0.6597373326555693,24
IST,7.674,0.6358427972412616,0.656054284362195,24
IST,7.675,0.6333106997154748,0.6520033787011651,24
IST,7.676,0.6305471775495038,0.6504989289654096,24
IST,7.677,0.6270077884322897,0.6484427324876956,24
IST,7.678,0.6232232018119801,0.6470562146463521,24
IST,7.679,0.6193674133274686,0.6463976293865161,24
IST,7.68,0.6169452147725499,0.6466196892856519,24
IST,7.681,0.616496766730045,0.6629762521646272,24
IST,7.682,0.6154307012567323,0.6676552144043347,24
IST,7.683,0.6134796945549427,0.6673887971229866,24
IST,7.684,0.6129145643837965,0.6656031212948985,24
IST,7.685,0.6142108777899061,0.6663042574469098,24
IST,7.686,0.6170689555500358,0.6766650408334024,24
IST,7.687,0.619709414069339,0.6940494631238465,24
IST,7.688,0.6210049100546474,0.7032935448755703,24
IST,7.689,0.6219356075087525,0.7081735684414863,24
IST,7.69,0.6224012131588221,0.7091980453436587,24
IST,7.691,0.6219956826539926,0.7090323676370576,24
IST,7.692,0.6225172653282659,0.7046469637126416,24
IST,7.693,0.6233138535933972,0.7038057489077132,24
IST,7.694,0.6247990697956666,0.7056603382657161,24
IST,7.695,0.6271914949588767,0.7076513918887137,24
IST,7.696,0.6304121840972141,0.7021996823178431,24
IST,7.697,0.6326105455852351,0.7002774001962639,24
IST,7.698,0.6347123061687335,0.7048993149341796,24
IST,7.699,0.6362483735378018,0.7090496515638596,24
IST,7.7,0.6380036372390739,0.7102574580501608,24
IST,7.701,0.6387240640347148,0.7086875023934478,24
IST,7.702,0.6393905465590882,0.7069109785307787,24
IST,7.703,0.639994965261347,0.7045511152186452,24
IST,7.704,0.6399827179390662,0.7047249118968876,24
IST,7.705,0.6394489764960839,0.7073499519063726,24
IST,7.706,0.6379711371529153,0.7100381500891488,24
IST,7.707,0.6359461942067773,0.7127259390171666,24
IST,7.708,0.6336931944177425,0.7184055424510079,24
IST,7.709,0.6320812504264167,0.7174817946246023,24
IST,7.71,0.6307824416768164,0.7150968672280531,24
IST,7.711,0.630251384791409,0.711013403587539,24
IST,7.712,0.6297995117907832,0.7074616436138923,24
IST,7.713,0.6293832811791902,0.7040416549002246,24
IST,7.714,0.6291660472112172,0.7005817962596412,24
IST,7.715,0.6281626181331968,0.6969089730698006,24
IST,7.716,0.6274576376179026,0.6929257397506767,24
IST,7.717,0.6266810860516336,0.6872547036426095,24
IST,7.718,0.6259788737084574,0.6797411000834972,24
IST,7.719,0.6268334353963484,0.6723338490264126,24
IST,7.72,0.6274769558261335,0.6647918374060557,24
IST,7.721,0.6273627297517058,0.6561870066083308,24
IST,7.722,0.6261600295411593,0.6472794484716194,24
IST,7.723,0.6251754594689113,0.6459233715001785,24
IST,7.724,0.6252096588326633,0.6425551783589258,24
IST,7.725,0.6254233926025201,0.6402031901850408,24
IST,7.726,0.6258983214201502,0.6325737743583704,24
IST,7.727,0.6260824231466117,0.6251426053928051,24
IST,7.728,0.6266636519794849,0.6225765488751823,24
IST,7.729,0.6275805546480683,0.6216097903642039,24
IST,7.73,0.6287265669290345,0.6260596363814359,24
IST,7.731,0.6293942920951664,0.6310975899244509,24
IST,7.732,0.6297961825564705,0.6317108758447589,24
IST,7.733,0.6299655631546186,0.6313817949446308,24
IST,7.734,0.6294018389558803,0.631390904756304,24
IST,7.735,0.6284733823319494,0.6342480719510803,24
IST,7.736,0.6272643901719016,0.6370053454302238,24
IST,7.737,0.6254832184386773,0.6369222665380918,24
IST,7.738,0.6229215389374978,0.6216490657179318,24
IST,7.739,0.6192990324551358,0.6203881428120246,24
IST,7.74,0.6153025196896628,0.6156880141836683,24
IST,7.741,0.6114382694637792,0.6100737664818707,24
IST,7.742,0.607773590824064,0.6034405281312683,24
IST,7.743,0.6059880663427587,0.5958479013636911,24
IST,7.744,0.6048125380892507,0.592379651875913,24
IST,7.745,0.6040586277956868,0.5948103208559077,24
IST,7.746,0.6034999784763105,0.5971169633219757,24
IST,7.747,0.6031210717377142,0.5995286337820466,24
IST,7.748,0.6029708109939617,0.6025202055422363,24
IST,7.749,0.6025513772323373,0.6062541294648658,24
IST,7.75,0.6031561338343882,0.6102344120759768,24
IST,7.751,0.6037083743397051,0.6147518874863569,24
IST,7.752,0.6045546924107013,0.6206060686127169,24
IST,7.753,0.6057945148935661,0.6260582742675134,24
IST,7.754,0.6066385143189911,0.6271289403344587,24
IST,7.755,0.6070632511786813,0.6279477540320593,24
IST,7.756,0.6072552342287386,0.6280951975144968,24
IST,7.757,0.6074833087871726,0.6269122986677864,24
IST,7.758,0.6078201994926413,0.6242748751105966,24
IST,7.759,0.6085886627449996,0.6247732357332545,24
IST,7.76,0.6084161130401122,0.6168968743058536,24
IST,7.761,0.6080500223484798,0.6066141111656574,24
IST,7.762,0.6084450958808768,0.6014691286579961,24
IST,7.763,0.6094263063469066,0.6021421282376322,24
IST,7.764,0.6118119420233308,0.611890259718918,24
IST,7.765,0.6146192994878457,0.6202878149387375,24
IST,7.766,0.6165056508586592,0.626375003651586,24
IST,7.767,0.6178865129408952,0.6335451750574697,24
IST,7.768,0.6191676603377697,0.6494224349552807,24
IST,7.769,0.6222887504622098,0.6629615503570543,24
IST,7.77,0.6248735856904906,0.674777357884468,24
IST,7.771,0.6266948851018147,0.6795305590654238,24
IST,7.772,0.6281894361273549,0.6829036409294293,24
IST,7.773,0.6294441033398773,0.6865459823086216,24
IST,7.774,0.6305282198149907,0.6909068182906655,24
IST,7.775,0.6311259046594585,0.6959984508245212,24
IST,7.776,0.6309934155023976,0.7022850901798051,24
IST,7.777,0.6292339006515846,0.7076097477144974,24
IST,7.778,0.6269096994329157,0.7060340897850524,24
IST,7.779,0.6253415295059435,0.7069271713216942,24
IST,7.78,0.6238997850019424,0.7057049448642385,24
IST,7.781,0.6230816522991929,0.7040983003813734,24
IST,7.782,0.6226816309204565,0.701793425931513,24
IST,7.783,0.6223865465523183,0.7009415209868666,24
IST,7.784,0.6220897338094435,0.6968661724085847,24
IST,7.785,0.6213911510399301,0.6898992440353644,24
IST,7.786,0.6208555260041001,0.6833407276747334,24
IST,7.787,0.620220821184155,0.6722746048686639,24
IST,7.788,0.6205899219995321,0.6670213051233884,24
IST,7.789,0.621043119338498,0.6656882093847143,24
IST,7.79,0.622519965318535,0.6672829544410357,24
IST,7.791,0.624235266741673,0.6897850729753958,24
IST,7.792,0.6245182813919556,0.6946285578686602,24
IST,7.793,0.6241446753560858,0.6932096954683481,24
IST,7.794,0.6235909571160692,0.6892064100191568,24
IST,7.795,0.623629138629905,0.6825803755756955,24
IST,7.796,0.6247779073049299,0.6780632742392079,24
IST,7.797,0.6257209078511453,0.6744025432237031,24
IST,7.798,0.6257785168943403,0.6712596845180938,24
IST,7.799,0.6257289192391532,0.66926702605246,24
IST,7.8,0.6256551205215559,0.672080698686361,24
IST,7.801,0.6253063443859096,0.6743428770949769,24
IST,7.802,0.6253718802038616,0.6820354811006312,24
IST,7.803,0.6252379423839972,0.6874366868661371,24
IST,7.804,0.6247406930568477,0.6823967334865667,24
IST,7.805,0.6236104701516647,0.6790427345345922,24
IST,7.806,0.6215638380602422,0.6728695245442184,24
IST,7.807,0.6186726325892277,0.6603419261871992,24
IST,7.808,0.616315581070661,0.6481681355368152,24
IST,7.809,0.6142155898703107,0.6359644472694063,24
IST,7.81,0.6122931636925756,0.6233333637562898,24
IST,7.811,0.6109520334131648,0.6226787396685002,24
IST,7.812,0.6094096860722654,0.6347489300526203,24
IST,7.813,0.6071004392816516,0.6246732598563292,24
IST,7.814,0.604442175984735,0.6103477173005831,24
IST,7.815,0.6021332306433426,0.6007805995419779,24
IST,7.816,0.6001116889659247,0.593560588460025,24
IST,7.817,0.5978397515013162,0.5909015270492171,24
IST,7.818,0.5945055378030083,0.5880487933650879,24
IST,7.819,0.5909052288463019,0.591156897749244,24
IST,7.82,0.5871331144387382,0.5944073964968051,24
IST,7.821,0.5832632406630706,0.5982482523384249,24
IST,7.822,0.5803797704933389,0.594989507420254,24
IST,7.823,0.5777365522455961,0.5965133694955049,24
IST,7.824,0.5750234687066398,0.6039974629884767,24
IST,7.825,0.5737904206662778,0.6115909012893339,24
IST,7.826,0.572643888172235,0.6189220715777308,24
IST,7.827,0.5715541378544103,0.6199169083133805,24
IST,7.828,0.5693150893968142,0.6181519040141067,24
IST,7.829,0.5653320824220195,0.6189605688698573,24
IST,7.83,0.5604151089066937,0.6157101370945757,24
IST,7.831,0.5555804357809487,0.6158098038211381,24
IST,7.832,0.5505777685982721,0.6170734238810025,24
IST,7.833,0.5475598081287963,0.6118514956212084,24
IST,7.834,0.545979794873879,0.6097344145388657,24
IST,7.835,0.5446281562046807,0.6094635773833804,24
IST,7.836,0.5439118151862459,0.6104219711081355,24
IST,7.837,0.543258513548759,0.6141891106287322,24
IST,7.838,0.5423483969734555,0.6155071672330008,24
IST,7.839,0.540978998495255,0.6073247549923474,24
IST,7.84,0.5403899188441904,0.5957971034622649,24
IST,7.841,0.5401405173844585,0.5816720917884464,24
IST,7.842,0.5403161683277488,0.5636722948246407,24
IST,7.843,0.5398740728457652,0.5505520505054929,24
IST,7.844,0.5401276723836331,0.5585712799087639,24
IST,7.845,0.5411059023792001,0.5823518015173167,24
IST,7.846,0.541334541084877,0.6023216986949794,24
IST,7.847,0.5419857911251161,0.6110811261615733,24
IST,7.848,0.5423965367872835,0.6125408993108246,24
IST,7.849,0.5430819555303348,0.6096810202742875,24
IST,7.85,0.5444060878088103,0.6074781249638177,24
IST,7.851,0.5457859464234348,0.6063166597780388,24
IST,7.852,0.5473165014801414,0.605890905380077,24
IST,7.853,0.5493299356248708,0.6039607663303546,24
IST,7.854,0.5518237721494285,0.5958239197798127,24
IST,7.855,0.5533711055155771,0.5895548860341202,24
IST,7.856,0.554909390599734,0.5851949893453167,24
IST,7.857,0.5565083958873365,0.5881430465943451,24
IST,7.858,0.5582183621831835,0.5966162343533844,24
IST,7.859,0.5585724351502633,0.6040045160714442,24
IST,7.86,0.5595266269458332,0.6133522908501983,24
IST,7.861,0.5610691369486364,0.6173166658207598,24
IST,7.862,0.5632776194310783,0.6142619110764359,24
IST,7.863,0.5648111973877586,0.6083620681481927,24
IST,7.864,0.5663715583343795,0.6087810884133782,24
IST,7.865,0.5680517297862879,0.6092621999623206,24
IST,7.866,0.5698086451169843,0.6099429746566662,24
IST,7.867,0.5710837090909814,0.610564995494986,24
IST,7.868,0.5721049147673436,0.6111116652367066,24
IST,7.869,0.5728545642493891,0.6123659958804484,24
IST,7.87,0.573415712030576,0.6136433361336975,24
IST,7.871,0.5738503912263347,0.6118773278608347,24
IST,7.872,0.5742752723284072,0.6198333493192435,24
IST,7.873,0.5785269222427286,0.6244369567396364,24
IST,7.874,0.5806267680982519,0.6221685284155762,24
IST,7.875,0.5813814968006787,0.6192697987799332,24
IST,7.876,0.5818049580260687,0.615532333603297,24
IST,7.877,0.5825439301440728,0.616412030281841,24
IST,7.878,0.5837137384832117,0.6118329550790638,24
IST,7.879,0.585957908521317,0.5993116745028431,24
IST,7.88,0.5868151409877287,0.5853594852407865,24
IST,7.881,0.5865962369662552,0.5806222273715218,24
IST,7.882,0.585704241235542,0.5798254896702049,24
IST,7.883,0.5847290909715148,0.5706144323911222,24
IST,7.884,0.5827876782599395,0.5711031150280403,24
IST,7.885,0.58092657517417,0.568238164882733,24
IST,7.886,0.5791896006119587,0.561981720905361,24
IST,7.887,0.5770024726126982,0.5506710923746274,24
IST,7.888,0.5745151596013078,0.5424345938609303,24
IST,7.889,0.57161529191202,0.5366417573035867,24
IST,7.89,0.5686305451914883,0.5356886998033433,24
IST,7.891,0.5656678221492338,0.5422657424504667,24
IST,7.892,0.5630022245415838,0.5361589196898133,24
IST,7.893,0.5612008526363583,0.5350417951582815,24
IST,7.894,0.5596242928489271,0.5479887257107181,24
IST,7.895,0.5582829325599762,0.5571360496981768,24
IST,7.896,0.5569451984695791,0.5593724933915118,24
IST,7.897,0.5555650233681525,0.5568504027867762,24
IST,7.898,0.5544229086864509,0.5577673030601384,24
IST,7.899,0.5536015503488166,0.5620225209747056,24
IST,7.9,0.5535270216616913,0.5717592889430512,24
IST,7.901,0.5538823679778356,0.5776132071585565,24
IST,7.902,0.5533105638015833,0.5726863912751389,24
IST,7.903,0.5527350909719515,0.5669859593660671,24
IST,7.904,0.5523884108825863,0.5597489695878284,24
IST,7.905,0.5508581301681003,0.5495483622595334,24
IST,7.906,0.5492916323929531,0.5415116755752173,24
IST,7.907,0.5474179174280788,0.5293002336807815,24
IST,7.908,0.5454826654747749,0.5231753324989749,24
IST,7.909,0.5436317705444572,0.5151818835908228,24
IST,7.91,0.5419184794988385,0.5033698068080585,24
IST,7.911,0.539904580640577,0.49574227687514505,24
IST,7.912,0.5371711950090697,0.4918337325817701,24
IST,7.913,0.5344621126900261,0.49476031500000484,24
IST,7.914,0.531914129036147,0.5026475977822903,24
IST,7.915,0.5296914065572641,0.507730577859914,24
IST,7.916,0.5272051391103086,0.5087770984819432,24
IST,7.917,0.5243894061072808,0.5154245624732003,24
IST,7.918,0.5203695272609854,0.5160224773537704,24
IST,7.919,0.5152050737641631,0.5146775406715434,24
IST,7.92,0.5097446104202269,0.5043740254636954,24
IST,7.921,0.5042190091715554,0.4903170219542964,24
IST,7.922,0.49797199954346044,0.47782690152113716,24
IST,7.923,0.49167180130477384,0.4779265897091528,24
IST,7.924,0.48618749436119874,0.4866327713969547,24
IST,7.925,0.4799173444667059,0.4914100378592556,24
IST,7.926,0.4745546064887168,0.49406296240056924,24
IST,7.927,0.4699490272284706,0.4896133551426106,24
IST,7.928,0.46638538179010247,0.47968083321846167,24
IST,7.929,0.4626739342331692,0.4656899757262172,24
IST,7.93,0.4603775771725202,0.4559178297777394,24
IST,7.931,0.4592654835378645,0.45350520919658693,24
IST,7.932,0.4585237334379178,0.45276292354301784,24
IST,7.933,0.4588380655072288,0.4515279123157247,24
IST,7.934,0.4590360346552214,0.45069561672942376,24
IST,7.935,0.45912974829018777,0.4443974959808693,24
IST,7.936,0.45894238534781245,0.4371366565453753,24
IST,7.937,0.45908170980437674,0.4429376851610711,24
IST,7.938,0.45981706373253894,0.4517216264310674,24
IST,7.939,0.46118263315479346,0.4602868035099851,24
IST,7.94,0.4637306786686984,0.4601109904231405,24
IST,7.941,0.4668881956020887,0.46045667569338855,24
IST,7.942,0.47063954290979165,0.4613238189879168,24
IST,7.943,0.47471600138779163,0.4592461708853659,24
IST,7.944,0.47962808463501894,0.45424460467128047,24
IST,7.945,0.4839939008167375,0.45320262457782584,24
IST,7.946,0.4883581111434248,0.4585518507970757,24
IST,7.947,0.4931912177602975,0.46922818016791784,24
IST,7.948,0.49880419887496513,0.4704987893442566,24
IST,7.949,0.5051123909627749,0.47386604452376085,24
IST,7.95,0.5112796361768446,0.48440801804192213,24
IST,7.951,0.5162084856389165,0.4927014979840652,24
IST,7.952,0.5200809675575863,0.497276413769709,24
IST,7.953,0.5238739720341637,0.49647418659149195,24
IST,7.954,0.5269456450888385,0.49612858885571237,24
IST,7.955,0.529983777816035,0.4996622682467611,24
IST,7.956,0.5324108166322622,0.5028282035804169,24
IST,7.957,0.5355799914995499,0.5024648884526173,24
IST,7.958,0.5398413083497469,0.5097761693717742,24
IST,7.959,0.543468865031478,0.5125027686173398,24
IST,7.96,0.5477277230800869,0.5135156442835593,24
IST,7.961,0.5515544969843692,0.5149986814776719,24
IST,7.962,0.5538089375995264,0.5161920080488152,24
IST,7.963,0.5554788116621056,0.518227986046958,24
IST,7.964,0.5564881927753406,0.5201916254841255,24
IST,7.965,0.5570499999884183,0.5218053000165206,24
IST,7.966,0.5580963825273374,0.5227228777728039,24
IST,7.967,0.5598552590708544,0.5276296914166603,24
IST,7.968,0.5616723319246616,0.5425047468185635,24
IST,7.969,0.5626590858919965,0.5550536965342137,24
IST,7.97,0.5637170767381273,0.5619050370891596,24
IST,7.971,0.5656332616117362,0.5698217799982495,24
IST,7.972,0.5673492949140445,0.5802379391734097,24
IST,7.973,0.5685830227641002,0.5906458747028869,24
IST,7.974,0.5696145796786964,0.5950189733390632,24
IST,7.975,0.5705019411434723,0.5826734544177916,24
IST,7.976,0.5710374858054481,0.572915545770931,24
IST,7.977,0.5712130101554965,0.5782131231579875,24
IST,7.978,0.5704540513968187,0.5673978938473155,24
IST,7.979,0.5690960655309215,0.5525895176689166,24
IST,7.98,0.5677151089620343,0.556045273749657,24
IST,7.981,0.5656230263732099,0.5621699887104772,24
IST,7.982,0.5640917541821736,0.5619141170646398,24
IST,7.983,0.562605908781089,0.5627576652704058,24
IST,7.984,0.5618090979181286,0.5714918849646022,24
IST,7.985,0.5613634326194729,0.5794523144935517,24
IST,7.986,0.5611554833747642,0.5815511626164354,24
IST,7.987,0.5612341395281412,0.58499991900694,24
IST,7.988,0.5617002649152016,0.5941403674528893,24
IST,7.989,0.5628686737260763,0.6140185130680171,24
IST,7.99,0.5657852297433075,0.6289623097640675,24
IST,7.991,0.5688242626647972,0.6296235498400171,24
IST,7.992,0.5719896027026111,0.6269568554794958,24
IST,7.993,0.5750649900587778,0.624082830802723,24
IST,7.994,0.5776089657024327,0.6214051541159531,24
IST,7.995,0.5795041002667726,0.6194171942145437,24
IST,7.996,0.5808985382275378,0.6238092313211832,24
IST,7.997,0.5819145735110767,0.6252768267958564,24
IST,7.998,0.5814172606816884,0.6145010746038398,24
IST,7.999,0.5792704686287456,0.6072676725779729,24
IST,8.0,0.5789810209190782,0.6091711753607878,24
IST,8.001,0.5783880766167574,0.6109419141919277,24
IST,8.002,0.5780300729807594,0.6134732708574255,24
IST,8.003,0.5787429163460108,0.6098517969817762,24
IST,8.004,0.5780757815786728,0.6004544429758414,24
IST,8.005,0.5771107165876771,0.5897275179100546,24
IST,8.006,0.575647823559781,0.5777495399062419,24
IST,8.007,0.5740239351830759,0.5663135623653979,24
IST,8.008,0.5724255768825454,0.5534294526081185,24
IST,8.009,0.571169948462753,0.5414569181947602,24
IST,8.01,0.5711809480733923,0.5366738934202633,24
IST,8.011,0.5720064168873823,0.5430609702566085,24
IST,8.012,0.5728989367178089,0.5519371239062341,24
IST,8.013,0.5733345812686573,0.5571127543153617,24
IST,8.014,0.5733298846954805,0.5612542494905786,24
IST,8.015,0.5726165636342212,0.5642484793616761,24
IST,8.016,0.5714733790482266,0.5668065562954345,24
IST,8.017,0.5697972378826719,0.5688022195306461,24
IST,8.018,0.5684864254733375,0.5697275809228795,24
IST,8.019,0.5672483868133037,0.5698852102890055,24
IST,8.02,0.5655460562007057,0.5697146141496497,24
IST,8.021,0.5631464357257274,0.5704695176668123,24
IST,8.022,0.5608658677855312,0.5717695392736184,24
IST,8.023,0.557849422927389,0.5733854774669102,24
IST,8.024,0.5550836224069357,0.5652265323333712,24
IST,8.025,0.5524283219031322,0.5493504930791083,24
IST,8.026,0.5493511866899717,0.5532573420607577,24
IST,8.027,0.5449901418283787,0.5586430035568736,24
IST,8.028,0.5407259532525043,0.5622046878724896,24
IST,8.029,0.5378907533571055,0.5640269120758011,24
IST,8.03,0.5349818693206344,0.5555137041513434,24
IST,8.031,0.5323370547486298,0.5533658256792723,24
IST,8.032,0.5300192478992086,0.5590742800045043,24
IST,8.033,0.5280515657506288,0.5638923357305536,24
IST,8.034,0.5261202650137019,0.5611370373517619,24
IST,8.035,0.5248253069385093,0.5498211933339247,24
IST,8.036,0.5256721151373093,0.5384724980627453,24
IST,8.037,0.5284727634486319,0.528999162642434,24
IST,8.038,0.531823311913088,0.5212352862992571,24
IST,8.039,0.5345631686187604,0.5287285772505863,24
IST,8.04,0.5359653138399602,0.5361195284947395,24
IST,8.041,0.5368903231934179,0.5338407246632377,24
IST,8.042,0.5381439530420079,0.5320431971029859,24
IST,8.043,0.5399955325784784,0.5314737322985522,24
IST,8.044,0.541683962845756,0.5481229210562487,24
IST,8.045,0.5431944792531525,0.5432792204195183,24
IST,8.046,0.5441203913923628,0.5494754810597751,24
IST,8.047,0.5444075961936717,0.5565729302489504,24
IST,8.048,0.5451058862879455,0.5632038870280802,24
IST,8.049,0.5464964160671183,0.5673560400570925,24
IST,8.05,0.5476556158501258,0.5679605771701155,24
IST,8.051,0.5483383872223792,0.569068294293744,24
IST,8.052,0.548543199871204,0.5710732118759458,24
IST,8.053,0.5484026451173751,0.574470778258682,24
IST,8.054,0.5482190151329845,0.5742688039868928,24
IST,8.055,0.5477622815734081,0.5717151597136563,24
IST,8.056,0.5474429127820968,0.567676748116604,24
IST,8.057,0.5474428312671163,0.5636729682747459,24
IST,8.058,0.5476756911272277,0.5616515154539059,24
IST,8.059,0.5488734305709915,0.5606703379441471,24
IST,8.06,0.549275530688596,0.557488294066669,24
IST,8.061,0.549749637497419,0.5566124019585341,24
IST,8.062,0.550726417167507,0.556701967091203,24
IST,8.063,0.5515177235409455,0.5534537002266156,24
IST,8.064,0.5522615674882402,0.5505179478467569,24
IST,8.065,0.5533279753156023,0.5682023943492888,24
IST,8.066,0.5546842437997039,0.5654957780524394,24
IST,8.067,0.5561032495541328,0.5620882907055933,24
IST,8.068,0.5570989353850148,0.5637073686777947,24
IST,8.069,0.5585574945571131,0.5685177236334726,24
IST,8.07,0.5608985846210076,0.5738060521134851,24
IST,8.071,0.5636965428803105,0.575510176165921,24
IST,8.072,0.5664568337061057,0.5683309378838735,24
IST,8.073,0.5695762485931567,0.5575883507865673,24
IST,8.074,0.5737756096570438,0.5553928197841307,24
IST,8.075,0.578254972095316,0.5596348553609448,24
IST,8.076,0.5826497171940962,0.565557197566138,24
IST,8.077,0.5870218060775212,0.5737889149683231,24
IST,8.078,0.5916066405909507,0.5858684013693886,24
IST,8.079,0.5961240789324346,0.6004410174402002,24
IST,8.08,0.6002965136261458,0.6143953753143236,24
IST,8.081,0.6045825532625827,0.6242409037061463,24
IST,8.082,0.6084455545295734,0.634697689201702,24
IST,8.083,0.6119391495556322,0.6408164024597961,24
IST,8.084,0.6145378009089885,0.6428495170768018,24
IST,8.085,0.6164782792300528,0.6437739062184733,24
IST,8.086,0.6170360399278613,0.636755614741572,24
IST,8.087,0.6174942742917754,0.629115128783373,24
IST,8.088,0.6175101951993964,0.6302032938504556,24
IST,8.089,0.6165061426728008,0.6364567901426489,24
IST,8.09,0.6142561708736806,0.6401320497558727,24
IST,8.091,0.612158412731091,0.6433549036757698,24
IST,8.092,0.6105324900017807,0.6464420632707131,24
IST,8.093,0.6091312945423061,0.650061989851334,24
IST,8.094,0.6082414743268649,0.6549913463613687,24
IST,8.095,0.6064164858812724,0.6561419305702452,24
IST,8.096,0.6048668247379326,0.6529448786416473,24
IST,8.097,0.6040001983311621,0.6506158305702929,24
IST,8.098,0.602789986630143,0.6458994527196497,24
IST,8.099,0.6003010718308972,0.6436545932745072,24
IST,8.1,0.5968758892891932,0.6429455570903744,24
IST,8.101,0.5951091988484777,0.6397072539142015,24
IST,8.102,0.5936445707620276,0.6346375257479342,24
IST,8.103,0.5919746867802761,0.6343631775255922,24
IST,8.104,0.5907397428619007,0.6377134594111795,24
IST,8.105,0.5892365404982177,0.6360209258693912,24
IST,8.106,0.5877226940732275,0.633737725703733,24
IST,8.107,0.5865042889952966,0.6315674400278206,24
IST,8.108,0.5857756473605576,0.6292159736557204,24
IST,8.109,0.5850090116467701,0.6265154599322822,24
IST,8.11,0.5838895255322846,0.6237003612056335,24
IST,8.111,0.5830952611883995,0.6163332465446344,24
IST,8.112,0.5827808700542473,0.609031954730586,24
IST,8.113,0.5829327023278257,0.6018179168034795,24
IST,8.114,0.5832002468590539,0.5946643044063559,24
IST,8.115,0.5829916341801762,0.5982318018538713,24
IST,8.116,0.5827934095052941,0.6097753130838837,24
IST,8.117,0.5837947701789098,0.6208559414618888,24
IST,8.118,0.5848913211189606,0.6260485792257786,24
IST,8.119,0.5856128554684089,0.6224841690330563,24
IST,8.12,0.5859467370649803,0.6159008885022592,24
IST,8.121,0.5861023387137555,0.605371714991852,24
IST,8.122,0.5873439692880648,0.6104146128984758,24
IST,8.123,0.5886224191805832,0.6146213145571133,24
IST,8.124,0.5898951440186941,0.6178422835754107,24
IST,8.125,0.5890394115875589,0.6199798977913132,24
IST,8.126,0.5891014234073899,0.6210141201339484,24
IST,8.127,0.5892686273744323,0.6207269534228652,24
IST,8.128,0.5889955887048378,0.6190863670987109,24
IST,8.129,0.5882647338170818,0.6076097771044029,24
IST,8.13,0.5875850784646314,0.591504672416884,24
IST,8.131,0.5856408807558583,0.5707462230371307,24
IST,8.132,0.5823005867685759,0.5605766972478439,24
IST,8.133,0.5782613424385153,0.5542816091997385,24
IST,8.134,0.5736749235359555,0.5509609599154501,24
IST,8.135,0.5699656005674292,0.5464971123961603,24
IST,8.136,0.566129838358243,0.5434006829728154,24
IST,8.137,0.5620790314683192,0.5405422223875482,24
IST,8.138,0.5584959215993334,0.5346857181737007,24
IST,8.139,0.5554333593936946,0.5314600716181102,24
IST,8.14,0.5524317250296128,0.535283765461666,24
IST,8.141,0.5488171029452517,0.5379136069741037,24
IST,8.142,0.5449701530472911,0.5359273797893924,24
IST,8.143,0.5424918972028824,0.5335998620569884,24
IST,8.144,0.5398397659841759,0.5322136018671446,24
IST,8.145,0.5365943048416696,0.5296636172933089,24
IST,8.146,0.5342425034415962,0.5191387859703221,24
IST,8.147,0.5316993703697271,0.5097089224252753,24
IST,8.148,0.5295617417204,0.5002258436040781,24
IST,8.149,0.5287791726008304,0.503320926406154,24
IST,8.15,0.5290737182357351,0.5132309642655749,24
IST,8.151,0.5299346158778291,0.5160614956030816,24
IST,8.152,0.5309591405163,0.515948441697748,24
IST,8.153,0.5319416377080448,0.5165741719664063,24
IST,8.154,0.5331705712531695,0.5178326093601653,24
IST,8.155,0.533915571952373,0.5203458541655597,24
IST,8.156,0.5337258272273969,0.5195510315146548,24
IST,8.157,0.5329822311890245,0.5148321952007896,24
IST,8.158,0.5320576066195398,0.5172665481777428,24
IST,8.159,0.5316044299833705,0.5199798360572119,24
IST,8.16,0.5316569502330192,0.5228972533511613,24
IST,8.161,0.5321359206405591,0.5264616311171296,24
IST,8.162,0.5323965508095869,0.5323894290913649,24
IST,8.163,0.5327141115422679,0.5403694025597263,24
IST,8.164,0.5323973134848901,0.5369755838937947,24
IST,8.165,0.5313075594998268,0.5369469348561631,24
IST,8.166,0.5297185446646121,0.540693362181235,24
IST,8.167,0.5282917263564546,0.5413164827097623,24
IST,8.168,0.5265185219043969,0.5320309535098111,24
IST,8.169,0.5252381249253673,0.5227491469211564,24
IST,8.17,0.5251856572734164,0.5154320048332033,24
IST,8.171,0.5254229612852738,0.5104402093982697,24
IST,8.172,0.5260275945689284,0.5059804548468214,24
IST,8.173,0.5257329467946816,0.5016499505911448,24
IST,8.174,0.5247109497672422,0.4970708014150532,24
IST,8.175,0.522593098368024,0.4945522077559046,24
IST,8.176,0.5197800834228736,0.49286538823732146,24
IST,8.177,0.5175212851304322,0.4904005952197452,24
IST,8.178,0.5152613467848827,0.4874375841896712,24
IST,8.179,0.5129168520276134,0.4797173451171134,24
IST,8.18,0.5105176395756914,0.46848438069034715,24
IST,8.181,0.5084876667626214,0.46566484580652356,24
IST,8.182,0.5079098756728231,0.4646188831453796,24
IST,8.183,0.5079958876689561,0.47313240192368156,24
IST,8.184,0.5057973500486125,0.47619699684772804,24
IST,8.185,0.5030219847401016,0.47810242714553575,24
IST,8.186,0.4986420854983888,0.4809915208261738,24
IST,8.187,0.4940073945123118,0.4824283467598095,24
IST,8.188,0.48976657405755497,0.48127866594027835,24
IST,8.189,0.48535498391320414,0.48071987466919575,24
IST,8.19,0.4813013336158903,0.48221089191939526,24
IST,8.191,0.4773626323412347,0.48255332668463435,24
IST,8.192,0.4730693808959347,0.47987932806583233,24
IST,8.193,0.4676631066151225,0.4737125368733005,24
IST,8.194,0.4615231095948767,0.46928445334482094,24
IST,8.195,0.45508925606852796,0.46428164733050004,24
IST,8.196,0.44836536355579887,0.4587357716270402,24
IST,8.197,0.44272616709669027,0.45365860394964397,24
IST,8.198,0.43775232306650064,0.45162874811604126,24
IST,8.199,0.4326577613680544,0.4471701612812029,24
IST,8.2,0.42878476178004044,0.4401595797989492,24
IST,8.201,0.42572059757165964,0.4336981651790053,24
IST,8.202,0.4234237808041797,0.43136492029656015,24
IST,8.203,0.42074966489245247,0.42604043491184185,24
IST,8.204,0.41834413749181737,0.4213214186805897,24
IST,8.205,0.4160547090932647,0.4310612939566631,24
IST,8.206,0.41407580375610037,0.4358125877859827,24
IST,8.207,0.41189853339361865,0.42421083023201545,24
IST,8.208,0.41041060831336046,0.4119690769198444,24
IST,8.209,0.40975498853186565,0.40004194479813404,24
IST,8.21,0.40775844345610174,0.3985537052754772,24
IST,8.211,0.4057160964652538,0.40635737463341076,24
IST,8.212,0.40390331943931784,0.4118875704364618,24
IST,8.213,0.403614308290388,0.41565584698186864,24
IST,8.214,0.4034250454437885,0.41765527231303223,24
IST,8.215,0.40366292606001014,0.4205289043017827,24
IST,8.216,0.4048732654414941,0.4210819600055621,24
IST,8.217,0.40694385823927764,0.4179341904376976,24
IST,8.218,0.4099076730749757,0.4151914482593548,24
IST,8.219,0.4140027407976076,0.4134038786095737,24
IST,8.22,0.41804939146729475,0.41643803312961947,24
IST,8.221,0.4229126268799242,0.40907875388356585,24
IST,8.222,0.42771813404635245,0.4018476974752802,24
IST,8.223,0.43197173099076713,0.40417997092040747,24
IST,8.224,0.4364158463652641,0.41057110774411754,24
IST,8.225,0.4407204082240636,0.4193073749468717,24
IST,8.226,0.4442745324162029,0.43250918321039755,24
IST,8.227,0.44754488982479157,0.4446772338444599,24
IST,8.228,0.45051781346132075,0.45589454971536103,24
IST,8.229,0.45371745156227433,0.47117321884255503,24
IST,8.23,0.45709061812092405,0.47235333994302964,24
IST,8.231,0.45994355906562845,0.4711861479042189,24
IST,8.232,0.46236559579695435,0.471763738590966,24
IST,8.233,0.4642375585222857,0.46864248521728036,24
IST,8.234,0.4662073265288083,0.46633155668553494,24
IST,8.235,0.4677456242127745,0.4637598343395196,24
IST,8.236,0.46874334580200294,0.46186384530978153,24
IST,8.237,0.46937363515399017,0.4607324958900252,24
IST,8.238,0.46994895400426184,0.46210566882622417,24
IST,8.239,0.4709433302098606,0.46093521233163826,24
IST,8.24,0.4716630885453821,0.4610156192760465,24
IST,8.241,0.47227963360724784,0.46423110205621954,24
IST,8.242,0.4727395898089555,0.4652666634622317,24
IST,8.243,0.4729746096015633,0.4654742194285116,24
IST,8.244,0.4741563541104852,0.46598946591035817,24
IST,8.245,0.4757613277268771,0.47022655190939144,24
IST,8.246,0.4767564931258672,0.4729779522284425,24
IST,8.247,0.4771801518658654,0.4739582941060223,24
IST,8.248,0.47776285404032076,0.4756874621754338,24
IST,8.249,0.4780991097556578,0.4701351890174105,24
IST,8.25,0.47808129779252767,0.4673459159712491,24
IST,8.251,0.47693550543717445,0.46562850151220697,24
IST,8.252,0.47615148421150577,0.46953687704285474,24
IST,8.253,0.47320910866169247,0.4646420028025805,24
IST,8.254,0.46993249618878125,0.46372142184085646,24
IST,8.255,0.46583624381997013,0.4599979385225015,24
IST,8.256,0.462431849877351,0.4546190033925497,24
IST,8.257,0.4596270124954576,0.4479743073733192,24
IST,8.258,0.4573120162615689,0.43939333024254756,24
IST,8.259,0.45509330761352446,0.4276988618251248,24
IST,8.26,0.45264184201316965,0.4180788379962683,24
IST,8.261,0.44925768146176015,0.40891303421621106,24
IST,8.262,0.44483249037886985,0.39973649064933137,24
IST,8.263,0.4398752484467639,0.37891953452721033,24
IST,8.264,0.43434208733889895,0.36573857538412924,24
IST,8.265,0.42936448317361187,0.3700108450030026,24
IST,8.266,0.4251796242007146,0.3736823810315174,24
IST,8.267,0.4212902332353577,0.3663515228266879,24
IST,8.268,0.4174635434571825,0.3582119480874635,24
IST,8.269,0.41372407443299447,0.35644552198264334,24
IST,8.27,0.4105270567396408,0.35595615915378864,24
IST,8.271,0.4098278408526326,0.35534267394809793,24
IST,8.272,0.409150553999605,0.3548148108360313,24
IST,8.273,0.40857878657649954,0.3676646722675028,24
IST,8.274,0.4088178405692118,0.370552717963068,24
IST,8.275,0.408962108937605,0.3695384111228106,24
IST,8.276,0.40952880425941296,0.36431085579259914,24
IST,8.277,0.4111224700859985,0.3601684701511091,24
IST,8.278,0.4131891687864459,0.3574522968042602,24
IST,8.279,0.41526243606585816,0.3652793552852841,24
IST,8.28,0.4174006146688392,0.3754019376082623,24
IST,8.281,0.4193685445988748,0.38435438349001827,24
IST,8.282,0.42085753201222015,0.3824945226628769,24
IST,8.283,0.42173298764613554,0.37894264832599955,24
IST,8.284,0.4224074441179202,0.3762927370222543,24
IST,8.285,0.42426640007906186,0.37594868865958847,24
IST,8.286,0.42677608545355294,0.3782467327619667,24
IST,8.287,0.4296771800705717,0.3843807154542737,24
IST,8.288,0.43308396157114376,0.3909558846966714,24
IST,8.289,0.43721871054862094,0.3980627280498763,24
IST,8.29,0.44286011784530105,0.4091341849523866,24
IST,8.291,0.4481308385563351,0.4163660370482687,24
IST,8.292,0.45273175578931085,0.42356724299309545,24
IST,8.293,0.4567485185750953,0.42810225066934465,24
IST,8.294,0.46027592165779835,0.4301242845202774,24
IST,8.295,0.46333454849805,0.4317203738681519,24
IST,8.296,0.4653866078012771,0.43475488708161036,24
IST,8.297,0.46750900786570426,0.4381300681598911,24
IST,8.298,0.4686911571868526,0.4416744865331205,24
IST,8.299,0.4679432764434737,0.4480129667813718,24
IST,8.3,0.46671069360470435,0.4561899479394554,24
IST,8.301,0.46538744212296934,0.4607090275720607,24
IST,8.302,0.4629852317909929,0.46446007215244145,24
IST,8.303,0.4607145625827192,0.4703426154143805,24
IST,8.304,0.4594523561291414,0.46758549439787067,24
IST,8.305,0.458717842776621,0.4580494409118969,24
IST,8.306,0.4592122489229249,0.4492011013169501,24
IST,8.307,0.45886322422205955,0.4444158741221774,24
IST,8.308,0.4577731179375484,0.43678150268518123,24
IST,8.309,0.4585568599411396,0.450347215612272,24
IST,8.31,0.45991317099846185,0.46647442425386343,24
IST,8.311,0.46135519594089475,0.4773615311693811,24
IST,8.312,0.46325666525740195,0.478891133563685,24
IST,8.313,0.4654297508866226,0.48426144706040525,24
IST,8.314,0.4676832703264093,0.49016514159444624,24
IST,8.315,0.46988297738459234,0.4971173003065374,24
IST,8.316,0.4709990545602456,0.5066931895295079,24
IST,8.317,0.4724243828767605,0.5126653235014006,24
IST,8.318,0.47326961796735345,0.5105848756402409,24
IST,8.319,0.47321001743894686,0.5072315601712523,24
IST,8.32,0.4716865777226921,0.5018897526124049,24
IST,8.321,0.46879254112959606,0.4976004084648918,24
IST,8.322,0.4655652287011223,0.4930595572300277,24
IST,8.323,0.46195984309304455,0.48843551678198466,24
IST,8.324,0.45930405590762335,0.481968875670125,24
IST,8.325,0.4563839798541554,0.47069710089139194,24
IST,8.326,0.45345423286190584,0.4579042541162578,24
IST,8.327,0.45050967374597084,0.454875158183902,24
IST,8.328,0.44737505792121074,0.4522390820048482,24
IST,8.329,0.443456946511277,0.4458381760935869,24
IST,8.33,0.4398123660891586,0.44142462574344504,24
IST,8.331,0.43572686708725733,0.4371622374378086,24
IST,8.332,0.4314220774054067,0.43207306622578223,24
IST,8.333,0.4290710925331515,0.4278116534877356,24
IST,8.334,0.42699810985441905,0.4193109856395555,24
IST,8.335,0.42498244026521004,0.410314474038063,24
IST,8.336,0.4226417154017064,0.40881203275455574,24
IST,8.337,0.41984694256473104,0.40703034960941176,24
IST,8.338,0.4186122785503486,0.40613927973074015,24
IST,8.339,0.4201650357344986,0.41864455720240634,24
IST,8.34,0.4234395867399725,0.437903741141296,24
IST,8.341,0.4289693592405211,0.4589222592519663,24
IST,8.342,0.435758767385642,0.48038656230985566,24
IST,8.343,0.44305020877620765,0.48166561430986543,24
IST,8.344,0.4518146709954693,0.4803089235290233,24
IST,8.345,0.4593024464580129,0.4774527964198856,24
IST,8.346,0.46577799742610076,0.47540466722253893,24
IST,8.347,0.4723360409864931,0.4742176706032971,24
IST,8.348,0.4781637614320666,0.4734528251987547,24
IST,8.349,0.4827854073274369,0.4731708060219231,24
IST,8.35,0.48683590888881983,0.47321166319030095,24
IST,8.351,0.49077033567775835,0.4787969081987683,24
IST,8.352,0.4949347969328716,0.48427149518238954,24
IST,8.353,0.4979010867394238,0.48275432614087654,24
IST,8.354,0.4998228028960876,0.47989016051976646,24
IST,8.355,0.5012209936802833,0.47714642568223364,24
IST,8.356,0.5019283745602786,0.4785235013221999,24
IST,8.357,0.5019737544787581,0.4809491227350022,24
IST,8.358,0.5018054243563965,0.48276591629290505,24
IST,8.359,0.503481913170605,0.4871482738319415,24
IST,8.36,0.5042743083119737,0.49174029147800413,24
IST,8.361,0.5047430508851598,0.4949624155151454,24
IST,8.362,0.5051667659502002,0.500569694345052,24
IST,8.363,0.5053439277750881,0.502044426056798,24
IST,8.364,0.5054755630865245,0.5020353869518416,24
IST,8.365,0.5052984536005217,0.5021885884395247,24
IST,8.366,0.5039783083161667,0.4990935458818882,24
IST,8.367,0.5015112255888398,0.48241116313410304,24
IST,8.368,0.49863316901542887,0.4728643192110903,24
IST,8.369,0.49543949450954083,0.47052777152795966,24
IST,8.37,0.49135797335177206,0.46845273802337034,24
IST,8.371,0.48606545143281127,0.46426868294348933,24
IST,8.372,0.4809189113919399,0.45872133631204903,24
IST,8.373,0.47589151220692943,0.4545225784507777,24
IST,8.374,0.47044686354063175,0.44963764207773393,24
IST,8.375,0.4641783238679709,0.45009317494897244,24
IST,8.376,0.4593314869378918,0.45462559951609127,24
IST,8.377,0.45506508402351614,0.46002195857245276,24
IST,8.378,0.4513113034723449,0.4678244793179427,24
IST,8.379,0.44738002175085173,0.47438682812119065,24
IST,8.38,0.4438429684244591,0.4665722997091488,24
IST,8.381,0.44126948889873113,0.45978064911442784,24
IST,8.382,0.4399161325805278,0.4700543829545454,24
IST,8.383,0.43881157017027556,0.4701140202628283,24
IST,8.384,0.4382116024072984,0.4717455223127385,24
IST,8.385,0.4375357259112673,0.47373778914511033,24
IST,8.386,0.43673555149878424,0.4750345527848373,24
IST,8.387,0.4382973729955371,0.47189405330828305,24
IST,8.388,0.44018699827410246,0.46507676380486657,24
IST,8.389,0.4415866786612641,0.45957886547451665,24
IST,8.39,0.442601840984709,0.4619924206171059,24
IST,8.391,0.44363220943282816,0.4711623551189521,24
IST,8.392,0.4442863767102871,0.48315195465381966,24
IST,8.393,0.4442801443462335,0.4925358570597108,24
IST,8.394,0.44418779368568634,0.48556909246183333,24
IST,8.395,0.4461033834410743,0.47953153549981986,24
IST,8.396,0.44846025148343366,0.47453533285984006,24
IST,8.397,0.4507375697188374,0.4699544496636272,24
IST,8.398,0.45293413859501513,0.4663126689956899,24
IST,8.399,0.45589002842554477,0.463253759157043,24
IST,8.4,0.4597536232688399,0.4605562077592206,24
IST,8.401,0.4623914270169267,0.4612552856452892,24
IST,8.402,0.4649401903898824,0.47988231312399354,24
IST,8.403,0.46727342388424403,0.49682704270994804,24
IST,8.404,0.4691482802082669,0.510950791564615,24
IST,8.405,0.47072114255091385,0.5239207461829634,24
IST,8.406,0.4722997660644772,0.5262826889270673,24
IST,8.407,0.47361803232143423,0.5247867499000778,24
IST,8.408,0.4746022496617974,0.5232045296132447,24
IST,8.409,0.4760133250143701,0.5215900365249544,24
IST,8.41,0.4773906382556013,0.5201230834868575,24
IST,8.411,0.47874744452783363,0.5186556547796206,24
IST,8.412,0.479420589057054,0.5171134504277621,24
IST,8.413,0.4799897518377238,0.515394300059077,24
IST,8.414,0.480582160545246,0.5134795504327738,24
IST,8.415,0.480881351903041,0.5113138505828467,24
IST,8.416,0.48105403181643963,0.5051708091494044,24
IST,8.417,0.480629394288129,0.4911713375128835,24
IST,8.418,0.48012635464467524,0.4759528618731501,24
IST,8.419,0.4797901045361335,0.46141278682346265,24
IST,8.42,0.4792670271628942,0.46560843280327435,24
IST,8.421,0.47853525707703154,0.47117729421026755,24
IST,8.422,0.4775043737582944,0.4673072114648695,24
IST,8.423,0.4770179480164034,0.46271872691636184,24
IST,8.424,0.47733567359673096,0.4570432217533127,24
IST,8.425,0.47734734591617123,0.4505537037240229,24
IST,8.426,0.4770992903207581,0.4481400573784757,24
IST,8.427,0.4764805732619817,0.4476440765499081,24
IST,8.428,0.4749270524765084,0.44791075237460864,24
IST,8.429,0.472957541662173,0.45407419986599795,24
IST,8.43,0.47069180247461667,0.457257734517748,24
IST,8.431,0.46912400140853666,0.460045559689379,24
IST,8.432,0.4676538815737998,0.4579341199536149,24
IST,8.433,0.4668167934693939,0.44614994855194645,24
IST,8.434,0.46635614569726447,0.44044762267510695,24
IST,8.435,0.46589639728596727,0.4408549517722369,24
IST,8.436,0.46640538501491163,0.4402489358070615,24
IST,8.437,0.46785980965545454,0.44631151486725085,24
IST,8.438,0.4689887189893087,0.4588161172851285,24
IST,8.439,0.47087818322905256,0.4687399287324818,24
IST,8.44,0.47194636418628066,0.4749452439385413,24
IST,8.441,0.4726394484624296,0.47620343225995243,24
IST,8.442,0.4733114663580684,0.48263899718659314,24
IST,8.443,0.47309310980409564,0.4878389759662147,24
IST,8.444,0.47260473301938766,0.4818970954572731,24
IST,8.445,0.4721226725737609,0.4775672059702489,24
IST,8.446,0.47105849860527615,0.47461248314626514,24
IST,8.447,0.46964043537648936,0.4598707891948451,24
IST,8.448,0.46904162958014006,0.43444411439222297,24
IST,8.449,0.468960995196458,0.42154886236196154,24
IST,8.45,0.4689451358812897,0.4204576410882336,24
IST,8.451,0.4685474456162513,0.42816180341938903,24
IST,8.452,0.4671088934532793,0.4356860291083877,24
IST,8.453,0.4644223013698439,0.4408198389807122,24
IST,8.454,0.4612907334862962,0.44026274722224534,24
IST,8.455,0.4569823985135766,0.4276013820225484,24
IST,8.456,0.45314629613207164,0.4149753479009577,24
IST,8.457,0.45006892826333567,0.4067994668486144,24
IST,8.458,0.4476099124528568,0.4030960789163617,24
IST,8.459,0.44577679405530507,0.4013627808626349,24
IST,8.46,0.4441712186590343,0.4005782618209759,24
IST,8.461,0.44198007563937836,0.4004628100033146,24
IST,8.462,0.43801503964185207,0.4015519050338451,24
IST,8.463,0.4335045258337796,0.40675363681415666,24
IST,8.464,0.4282503284875907,0.40610122676831395,24
IST,8.465,0.42155309082017317,0.40685026927605283,24
IST,8.466,0.41542054418668367,0.39569272606619976,24
IST,8.467,0.4099895073684272,0.3802339695579002,24
IST,8.468,0.40455737267558073,0.36188587345257817,24
IST,8.469,0.3982819053672597,0.34382387702620554,24
IST,8.47,0.39177120072980415,0.324888971389244,24
IST,8.471,0.3865408955643698,0.3164470083375081,24
IST,8.472,0.3824015910190035,0.3212194132802096,24
IST,8.473,0.3809973027010202,0.3153253714839213,24
IST,8.474,0.3801352574240464,0.30804640259183774,24
IST,8.475,0.3788956308534473,0.32461625689143847,24
IST,8.476,0.37885526433781996,0.33228693321927216,24
IST,8.477,0.38141351797557216,0.32915532183246965,24
IST,8.478,0.38332785267803704,0.3081271598454305,24
IST,8.479,0.3860310148888379,0.30785341476854755,24
IST,8.48,0.38833096306963216,0.30809074529252756,24
IST,8.481,0.3898780540907842,0.30756664070575535,24
IST,8.482,0.39030463785967356,0.3073131406764096,24
IST,8.483,0.3894141121345689,0.3063171667119781,24
IST,8.484,0.39003244170727586,0.3134585388040965,24
IST,8.485,0.39163980011684574,0.32709761084142297,24
IST,8.486,0.3937735114901195,0.3332665622505387,24
IST,8.487,0.3965868857072896,0.3336420499597376,24
IST,8.488,0.3985283647810532,0.3344441980097763,24
IST,8.489,0.3998251662346375,0.335844518590224,24
IST,8.49,0.400383573804247,0.3384608956062731,24
IST,8.491,0.39956461057584186,0.3442467445861951,24
IST,8.492,0.40062279303592135,0.34815987946282856,24
IST,8.493,0.40186100735865654,0.351660326274046,24
IST,8.494,0.4029664118621194,0.35532470310238007,24
IST,8.495,0.4042348145734926,0.35375557532922763,24
IST,8.496,0.4058592485512311,0.3515465807136547,24
IST,8.497,0.4070635512345864,0.35071346895178446,24
IST,8.498,0.40801148641007345,0.3585005984155464,24
IST,8.499,0.40883653739732967,0.3619189114793439,24
IST,8.5,0.4098868418911117,0.36387698590100914,24
