t_s,mx,my,mz,yaw_deg
0.002874,5958,7183,5767,37.859
0.003194,5959,7182,5767,37.859
0.006636,5960,7182,5768,37.859
0.012382,5959,7183,5766,37.859
0.018362,5958,7186,5765,37.859
0.023509,5956,7189,5765,37.859
0.028706,5956,7191,5763,37.859
0.032952,5955,7190,5761,37.859
0.037032,5956,7188,5760,37.859
0.042089,5955,7186,5758,37.859
0.047447,5956,7184,5758,37.859
0.052556,5956,7184,5759,37.859
0.057416,5956,7185,5760,37.859
0.061779,5956,7185,5759,37.859
0.067432,5956,7186,5758,37.859
0.071922,5957,7186,5756,37.859
0.077652,5957,7186,5754,37.859
0.082054,5957,7186,5749,37.859
0.086515,5958,7184,5745,37.859
0.092249,5956,7182,5743,37.859
0.096568,5955,7181,5743,37.859
0.102430,5952,7180,5745,37.859
0.106947,5950,7180,5748,37.859
0.112454,5949,7180,5749,37.859
0.117120,5948,7179,5749,37.859
0.121499,5948,7178,5750,37.859
0.127269,5949,7177,5752,37.859
0.131686,5949,7177,5753,37.859
0.137233,5949,7177,5759,37.859
0.141774,5948,7178,5763,37.859
0.147545,5947,7178,5768,37.859
0.151933,5947,7178,5773,37.859
0.157642,5949,7177,5775,37.859
0.162143,5951,7178,5773,37.859
0.166467,5952,7179,5771,37.859
0.172216,5955,7180,5768,37.859
0.176593,5956,7182,5766,37.859
0.182315,5956,7183,5768,37.859
0.186752,5954,7183,5769,37.859
0.192452,5954,7185,5770,37.859
0.196888,5952,7186,5771,37.859
0.201305,5952,7185,5769,37.859
0.207027,5951,7185,5766,37.859
0.211435,5952,7182,5762,37.859
0.217130,5954,7181,5760,37.859
0.221602,5955,7180,5759,37.859
0.227247,5956,7180,5759,37.859
0.231705,5958,7182,5759,37.859
0.237411,5958,7183,5756,37.859
0.241853,5959,7183,5754,37.859
0.246237,5959,7183,5752,37.859
0.252048,5960,7183,5751,37.859
0.256396,5961,7183,5752,37.859
0.262069,5961,7184,5753,37.859
0.266564,5962,7185,5753,37.859
0.272245,5964,7185,5753,37.859
0.276625,5964,7184,5752,37.859
0.281062,5963,7184,5750,37.859
0.286765,5961,7184,5749,37.859
0.291210,5959,7184,5750,37.859
0.296853,5958,7183,5750,37.859
0.301391,5958,7183,5753,37.859
0.306853,5958,7183,5755,37.859
0.311157,5959,7184,5756,37.859
0.316911,5960,7185,5759,37.859
0.321348,5960,7185,5759,37.859
0.325701,5959,7184,5760,37.859
0.331493,5958,7186,5759,37.859
0.335874,5958,7187,5760,37.859
0.341578,5957,7189,5761,37.859
0.346017,5955,7191,5761,37.859
0.351700,5954,7191,5759,37.859
0.356134,5951,7191,5757,37.859
0.360538,5949,7191,5759,37.859
0.366370,5951,7190,5762,37.859
0.370682,5951,7190,5766,37.859
0.376376,5952,7190,5770,37.859
0.380867,5953,7188,5775,37.859
0.386533,5953,7185,5775,37.859
0.391018,5953,7182,5775,37.859
0.396673,5953,7179,5775,37.859
0.401158,5952,7179,5770,37.859
0.405584,5953,7180,5768,37.859
0.411220,5954,7181,5766,37.859
0.415628,5954,7182,5767,37.859
0.421358,5955,7184,5770,37.859
0.425836,5957,7184,5774,37.859
0.431440,5958,7185,5776,37.859
0.436205,5959,7185,5774,37.859
0.440667,5960,7183,5772,37.859
0.446166,5960,7180,5772,37.859
0.450776,5959,7180,5772,37.859
0.456484,5959,7180,5775,37.859
0.460901,5960,7182,5777,37.859
0.466599,5959,7185,5779,37.859
0.470999,5959,7186,5779,37.859
0.476721,5960,7187,5777,37.859
0.481152,5961,7188,5777,37.859
0.485569,5962,7190,5779,37.859
0.491275,5961,7190,5780,37.859
0.495760,5959,7191,5783,37.859
0.501381,5958,7193,5786,37.859
0.505819,5955,7195,5789,37.859
0.511577,5955,7197,5792,37.859
0.515959,5953,7197,5797,37.859
0.520407,5950,7197,5800,37.859
0.526169,5949,7196,5800,37.859
0.530306,5948,7195,5802,37.859
0.536245,5949,7193,5799,37.859
0.540747,5949,7192,5800,37.859
0.546386,5950,7194,5802,37.859
0.550843,5950,7194,5801,37.859
0.556539,5949,7196,5800,37.859
0.560956,5949,7198,5798,37.859
0.565370,5949,7200,5794,37.859
0.571154,5947,7201,5790,37.859
0.575492,5946,7201,5787,37.859
0.581228,5944,7201,5786,37.859
0.585597,5944,7199,5785,37.859
0.591321,5944,7198,5783,37.859
0.595763,5943,7197,5782,37.859
0.600180,5944,7198,5779,37.859
0.605885,5945,7199,5776,37.859
0.610345,5946,7199,5774,37.859
0.616053,5946,7197,5770,37.859
0.620485,5946,7194,5767,37.859
0.626170,5945,7190,5766,37.859
0.630614,5944,7189,5764,37.859
0.636296,5946,7189,5763,37.859
0.640784,5947,7190,5762,37.859
0.645151,5946,7191,5760,37.859
0.650913,5946,7191,5759,37.859
0.655056,5943,7192,5758,37.859
0.660961,5941,7191,5756,37.859
0.665397,5941,7189,5757,37.859
0.671121,5942,7187,5760,37.859
0.675572,5941,7185,5767,37.859
0.679944,5942,7184,5774,37.859
0.685685,5943,7183,5779,37.859
0.690162,5943,7183,5779,37.859
0.695761,5944,7183,5774,37.859
0.700218,5945,7183,5769,37.859
0.705915,5946,7181,5766,37.859
0.710341,5950,7180,5767,37.859
0.716074,5954,7178,5768,37.859
0.720468,5957,7177,5771,37.859
0.724904,5959,7178,5770,37.859
0.730628,5958,7179,5768,37.859
0.735029,5958,7181,5770,37.859
0.740747,5955,7182,5770,37.859
0.745155,5956,7183,5774,37.859
0.750851,5955,7183,5777,37.859
0.755306,5955,7184,5778,37.859
0.759766,5957,7184,5781,37.859
0.765435,5955,7182,5784,37.859
0.769890,5955,7181,5784,37.859
0.775526,5954,7180,5784,37.859
0.779992,5953,7179,5784,37.859
0.785660,5954,7179,5780,37.859
0.790119,5958,7181,5777,37.859
0.795828,5960,7182,5774,37.859
0.800247,5962,7185,5769,37.859
0.804487,5962,7184,5770,37.859
0.810430,5963,7184,5770,37.859
0.814795,5963,7184,5772,37.859
0.820501,5962,7184,5773,37.859
0.824927,5963,7183,5776,37.859
0.830634,5963,7183,5778,37.859
0.835101,5963,7182,5780,37.859
0.839531,5965,7181,5785,37.859
0.845203,5968,7180,5789,37.859
0.849680,5970,7180,5792,37.859
0.855274,5971,7179,5794,37.859
0.859785,5969,7179,5793,37.859
0.865433,5964,7180,5794,37.859
0.869924,5961,7179,5793,37.859
0.875618,5959,7180,5792,37.859
0.880079,5957,7180,5792,37.859
0.884427,5957,7181,5790,37.859
0.890219,5955,7182,5786,37.859
0.894569,5954,7184,5785,37.859
0.900267,5952,7185,5783,37.859
0.904715,5951,7185,5786,37.859
0.910414,5951,7182,5790,37.859
0.914839,5951,7181,5792,37.859
0.919361,5950,7181,5795,37.859
0.925012,5951,7180,5795,37.859
0.929428,5953,7181,5794,37.859
0.935071,5956,7181,5796,37.859
0.939599,5961,7182,5795,37.859
0.945228,5963,7182,5791,37.859
0.949645,5965,7185,5786,37.859
0.955368,5967,7186,5781,37.859
0.959837,5966,7188,5772,37.859
0.964187,5965,7188,5764,37.859
0.969942,5964,7189,5759,37.859
0.974356,5961,7189,5755,37.859
0.980092,5960,7187,5756,37.859
0.984500,5959,7185,5760,37.859
0.990259,5958,7181,5762,37.859
0.994317,5957,7175,5764,37.859
0.998767,5957,7173,5766,37.859
1.004525,5957,7172,5767,37.859
1.008878,5958,7171,5769,37.859
1.014571,5960,7174,5772,37.859
1.019029,5960,7175,5774,37.859
1.024789,5960,7177,5774,37.859
1.029161,5959,7178,5774,37.859
1.034904,5959,7179,5772,37.859
1.039577,5955,7180,5771,37.859
1.043672,5954,7180,5768,37.859
1.049728,5951,7182,5766,37.859
1.054156,5946,7181,5767,37.859
1.059785,5943,7180,5764,37.859
1.064248,5941,7180,5760,37.859
1.069995,5940,7179,5757,37.859
1.074383,5940,7180,5752,37.859
1.078768,5941,7183,5749,37.859
1.084516,5940,7186,5749,37.859
1.088957,5939,7190,5750,37.859
1.094620,5938,7193,5751,37.859
1.099091,5938,7194,5752,37.859
1.104738,5939,7194,5753,37.859
1.109216,5939,7195,5756,37.859
1.114942,5942,7196,5757,37.859
1.119339,5945,7197,5759,37.859
1.123780,5947,7198,5758,37.859
1.129462,5948,7197,5757,37.859
1.133900,5948,7195,5759,37.859
1.139572,5949,7194,5762,37.859
1.144071,5947,7193,5763,37.859
1.149722,5948,7192,5764,37.859
1.154182,5948,7191,5763,37.859
1.158602,5948,7190,5762,37.859
1.164319,5947,7190,5766,37.859
1.168727,5946,7190,5768,37.859
1.174378,5946,7190,5770,37.859
1.178877,5945,7189,5771,37.859
1.184500,5948,7188,5770,37.859
1.188950,5951,7186,5769,37.859
1.194690,5954,7186,5769,37.859
1.199102,5956,7185,5765,37.859
1.203502,5956,7185,5762,37.859
1.209323,5954,7188,5759,37.859
1.213359,5952,7190,5754,37.859
1.219124,5950,7193,5752,37.859
1.223533,5950,7195,5750,37.859
1.229232,5949,7195,5748,37.859
1.233591,5950,7195,5749,37.859
1.237982,5952,7194,5750,37.859
1.243825,5953,7193,5753,37.859
1.248198,5955,7192,5754,37.859
1.253878,5957,7190,5755,37.859
1.258317,5958,7187,5755,37.859
1.264054,5958,7184,5752,37.859
1.268438,5958,7183,5752,37.859
1.274216,5956,7183,5754,37.859
1.278599,5954,7184,5755,37.859
1.283052,5952,7186,5757,37.859
1.288808,5951,7187,5760,37.859
1.293412,5951,7188,5758,37.859
1.299102,5952,7188,5755,37.859
1.303550,5954,7190,5752,37.859
1.309282,5955,7192,5748,37.859
1.313690,5958,7194,5746,37.859
1.318080,5958,7194,5746,37.859
1.323817,5956,7193,5744,37.859
1.328255,5955,7193,5743,37.859
1.333902,5952,7192,5744,37.859
1.338412,5951,7191,5744,37.859
1.344083,5951,7192,5745,37.859
1.348490,5951,7192,5746,37.859
1.354218,5952,7192,5744,37.859
1.358645,5952,7192,5745,37.859
1.363062,5954,7193,5747,37.859
1.368776,5954,7194,5745,37.859
1.373252,5954,7196,5744,37.859
1.378627,5956,7196,5745,37.859
1.383360,5958,7195,5747,37.859
1.389129,5960,7194,5754,37.859
1.393197,5962,7193,5760,37.859
1.397853,5962,7191,5766,37.859
1.403594,5959,7191,5772,37.859
1.408006,5957,7190,5774,37.859
1.413655,5956,7190,5774,37.859
1.418139,5957,7189,5773,37.859
1.423821,5959,7187,5772,37.859
1.428268,5959,7186,5774,37.859
1.433996,5960,7185,5774,37.859
1.438398,5963,7186,5774,37.859
1.442828,5964,7187,5773,37.859
1.448587,5965,7188,5771,37.859
1.452967,5966,7188,5767,37.859
1.458645,5966,7185,5764,37.859
1.462976,5964,7185,5760,37.859
1.468825,5962,7185,5756,37.859
1.473211,5959,7184,5756,37.859
1.477632,5956,7187,5758,37.859
1.483399,5954,7190,5761,37.859
1.487795,5953,7194,5760,37.859
1.493461,5954,7197,5756,37.859
1.497914,5956,7197,5751,37.859
1.503372,5957,7196,5747,37.859
1.508053,5959,7193,5744,37.859
1.513754,5961,7191,5747,37.859
1.518169,5962,7189,5749,37.859
1.522587,5963,7190,5747,37.859
1.528306,5962,7190,5747,37.859
1.532428,5960,7189,5747,37.859
1.538416,5958,7189,5748,37.859
1.542906,5959,7188,5749,37.859
1.548735,5961,7186,5749,37.859
1.553049,5961,7182,5748,37.859
1.557425,5962,7180,5745,37.859
1.563229,5961,7178,5743,37.859
1.567602,5958,7178,5744,37.859
1.573241,5955,7178,5743,37.859
1.577779,5954,7179,5744,37.859
1.583371,5952,7178,5742,37.859
1.587824,5951,7177,5738,37.859
1.593546,5949,7176,5740,37.859
1.597964,5948,7175,5742,37.859
1.602420,5946,7176,5746,37.859
1.608121,5946,7176,5747,37.859
1.612517,5945,7178,5747,37.859
1.618260,5944,7179,5746,37.859
1.622646,5944,7182,5744,37.859
1.628353,5944,7184,5744,37.859
1.632778,5942,7185,5746,37.859
1.637172,5941,7185,5751,37.859
1.642948,5939,7185,5757,37.859
1.647328,5937,7185,5763,37.859
1.652956,5935,7186,5768,37.859
1.657455,5935,7187,5774,37.859
1.663018,5937,7186,5779,37.859
1.667583,5940,7186,5782,37.859
1.673346,5943,7186,5783,37.859
1.677730,5945,7186,5785,37.859
1.682179,5948,7186,5782,37.859
1.687879,5949,7184,5781,37.859
1.692286,5949,7182,5781,37.859
1.697951,5951,7181,5780,37.859
1.702483,5951,7181,5779,37.859
1.708119,5950,7182,5779,37.859
1.712553,5950,7182,5780,37.859
1.716961,5949,7184,5782,37.859
1.722709,5950,7185,5784,37.859
1.727163,5951,7186,5786,37.859
1.732713,5954,7186,5787,37.859
1.737258,5957,7187,5786,37.859
1.742784,5958,7189,5781,37.859
1.747345,5959,7190,5774,37.859
1.753040,5960,7192,5767,37.859
1.757517,5960,7194,5763,37.859
1.761906,5960,7194,5761,37.859
1.767695,5960,7195,5759,37.859
1.772086,5959,7195,5757,37.859
1.777783,5959,7195,5758,37.859
1.782209,5959,7196,5757,37.859
1.787933,5959,7196,5759,37.859
1.792341,5961,7198,5762,37.859
1.796696,5963,7197,5764,37.859
1.802488,5966,7195,5766,37.859
1.806857,5966,7194,5768,37.859
1.812547,5965,7193,5768,37.859
1.817014,5964,7192,5770,37.859
1.822678,5962,7191,5773,37.859
1.827147,5962,7190,5774,37.859
1.832843,5961,7188,5777,37.859
1.837265,5962,7185,5779,37.859
1.841564,5962,7182,5777,37.859
1.847426,5962,7180,5776,37.859
1.851889,5959,7178,5773,37.859
1.857540,5956,7177,5773,37.859
1.861979,5953,7178,5774,37.859
1.867648,5950,7178,5774,37.859
1.872141,5948,7178,5775,37.859
1.876488,5947,7177,5773,37.859
1.882239,5948,7177,5775,37.859
1.886620,5949,7175,5780,37.859
1.892317,5950,7174,5783,37.859
1.896782,5949,7174,5786,37.859
1.902453,5947,7173,5785,37.859
1.906867,5945,7174,5780,37.859
1.912592,5944,7175,5776,37.859
1.917054,5943,7175,5773,37.859
1.921453,5944,7176,5774,37.859
1.927155,5944,7176,5773,37.859
1.931581,5945,7176,5773,37.859
1.937253,5947,7175,5771,37.859
1.941752,5948,7174,5771,37.859
1.947391,5949,7173,5775,37.859
1.951863,5950,7173,5779,37.859
1.956255,5951,7174,5784,37.859
1.962052,5951,7174,5787,37.859
1.966406,5952,7174,5786,37.859
1.972088,5953,7175,5782,37.859
1.976555,5954,7176,5778,37.859
1.982225,5956,7177,5775,37.859
1.986637,5956,7179,5774,37.859
1.992378,5955,7181,5773,37.859
1.996785,5952,7182,5772,37.859
2.001208,5948,7182,5770,37.859
2.006955,5947,7180,5767,37.859
2.011033,5947,7177,5765,37.859
2.017048,5948,7174,5762,37.859
2.021490,5949,7172,5765,37.859
2.026891,5950,7171,5770,37.859
2.031588,5948,7171,5772,37.859
2.035805,5946,7172,5774,37.859
2.041760,5944,7172,5769,37.859
2.045985,5941,7174,5763,37.859
2.051916,5939,7176,5760,37.859
2.056317,5939,7177,5761,37.859
2.062024,5940,7177,5763,37.859
2.066445,5942,7177,5768,37.859
2.072150,5942,7175,5770,37.859
2.076624,5943,7173,5772,37.859
2.081013,5942,7171,5774,37.859
2.086728,5943,7171,5777,37.859
2.091156,5944,7169,5778,37.859
2.096801,5946,7169,5776,37.859
2.101262,5949,7171,5776,37.859
2.106932,5950,7172,5774,37.859
2.111447,5949,7174,5769,37.859
2.115848,5948,7176,5770,37.859
2.121524,5948,7177,5771,37.859
2.125917,5946,7178,5766,37.859
2.131631,5946,7179,5762,37.859
2.136139,5947,7180,5757,37.859
2.141796,5948,7181,5750,37.859
2.146362,5948,7182,5749,37.859
2.151932,5948,7184,5751,37.859
2.156403,5948,7185,5753,37.859
2.160748,5946,7185,5756,37.859
2.166533,5946,7184,5757,37.859
2.170895,5947,7185,5758,37.859
2.176595,5948,7187,5759,37.859
2.181049,5950,7189,5759,37.859
2.186740,5948,7191,5759,37.859
2.191149,5946,7192,5758,37.859
2.195559,5945,7192,5756,37.859
2.201284,5944,7193,5758,37.859
2.205715,5944,7193,5758,37.859
2.211389,5947,7194,5758,37.859
2.215836,5948,7195,5760,37.859
2.221532,5949,7194,5760,37.859
2.225967,5950,7194,5760,37.859
2.231673,5951,7192,5761,37.859
2.236116,5950,7190,5759,37.859
2.240579,5949,7190,5756,37.859
2.246338,5949,7191,5755,37.859
2.250699,5948,7193,5755,37.859
2.256394,5948,7194,5758,37.859
2.260811,5949,7195,5762,37.859
2.266455,5950,7194,5765,37.859
2.270935,5950,7195,5764,37.859
2.275331,5952,7195,5764,37.859
2.281115,5954,7197,5764,37.859
2.285459,5957,7199,5764,37.859
2.291169,5958,7201,5767,37.859
2.295663,5956,7202,5769,37.859
2.301327,5953,7202,5769,37.859
2.305738,5950,7202,5769,37.859
2.311447,5947,7201,5769,37.859
2.315882,5945,7202,5765,37.859
2.320301,5945,7202,5762,37.859
2.326033,5947,7202,5761,37.859
2.330488,5948,7201,5762,37.859
2.336127,5949,7198,5768,37.859
2.340593,5951,7197,5773,37.859
2.346279,5951,7195,5778,37.859
2.350753,5949,7193,5784,37.859
2.355136,5947,7192,5786,37.859
2.360885,5945,7191,5788,37.859
2.365241,5942,7192,5788,37.859
2.370988,5943,7193,5784,37.859
2.375388,5945,7194,5782,37.859
2.381111,5948,7195,5780,37.859
2.385510,5952,7195,5780,37.859
2.391248,5956,7196,5779,37.859
2.395707,5959,7196,5781,37.859
2.400058,5960,7196,5783,37.859
2.405511,5961,7195,5785,37.859
2.410003,5962,7193,5789,37.859
2.415920,5963,7191,5790,37.859
2.420394,5964,7189,5788,37.859
2.426063,5965,7187,5785,37.859
2.430483,5967,7187,5782,37.859
2.434897,5967,7188,5779,37.859
2.440660,5968,7188,5778,37.859
2.445038,5969,7188,5776,37.859
2.450749,5970,7188,5774,37.859
2.455213,5971,7186,5771,37.859
2.460932,5972,7187,5768,37.859
2.465300,5970,7188,5766,37.859
2.471012,5967,7190,5764,37.859
2.475464,5965,7192,5761,37.859
2.479869,5961,7193,5758,37.859
2.485601,5959,7192,5757,37.859
2.490013,5956,7190,5756,37.859
2.495664,5954,7189,5758,37.859
2.500122,5952,7189,5761,37.859
2.505811,5952,7189,5764,37.859
2.510227,5954,7189,5766,37.859
2.514634,5955,7187,5768,37.859
2.520420,5956,7187,5771,37.859
2.524839,5956,7186,5772,37.859
2.530538,5955,7186,5770,37.859
2.534940,5955,7188,5768,37.859
2.540648,5953,7190,5762,37.859
2.545103,5953,7192,5754,37.859
2.550767,5952,7192,5750,37.859
2.555206,5951,7191,5744,37.859
2.559647,5951,7191,5739,37.859
2.565353,5950,7189,5737,37.859
2.569784,5949,7188,5735,37.859
2.575429,5949,7187,5735,37.859
2.579889,5949,7186,5734,37.859
2.585597,5947,7184,5733,37.859
2.590026,5945,7183,5734,37.859
2.594439,5944,7183,5732,37.859
2.600180,5943,7183,5733,37.859
2.604556,5943,7185,5734,37.859
2.610340,5945,7186,5731,37.859
2.614727,5945,7186,5732,37.859
2.620416,5946,7186,5732,37.859
2.624839,5948,7186,5735,37.859
2.630559,5949,7186,5736,37.859
2.634983,5950,7186,5736,37.859
2.639404,5950,7186,5734,37.859
2.645155,5951,7187,5735,37.859
2.649605,5953,7186,5737,37.859
2.655321,5954,7186,5741,37.859
2.659673,5957,7186,5742,37.859
2.665377,5958,7185,5741,37.859
2.669800,5958,7183,5739,37.859
2.674043,5960,7182,5737,37.859
2.679930,5961,7181,5738,37.859
2.684360,5960,7182,5739,37.859
2.690067,5962,7184,5742,37.859
2.694493,5961,7186,5744,37.859
2.700178,5961,7186,5742,37.859
2.704626,5959,7184,5741,37.859
2.710345,5958,7182,5742,37.859
2.714771,5956,7181,5742,37.859
2.719156,5957,7180,5742,37.859
2.724915,5957,7183,5742,37.859
2.729345,5957,7185,5740,37.859
2.734765,5957,7187,5738,37.859
2.739471,5956,7188,5736,37.859
2.745122,5956,7189,5736,37.859
2.749665,5956,7188,5736,37.859
2.754030,5958,7188,5737,37.859
2.759741,5959,7188,5738,37.859
2.764174,5961,7187,5738,37.859
2.769859,5963,7187,5740,37.859
2.774298,5963,7186,5743,37.859
2.780002,5964,7185,5745,37.859
2.784214,5963,7184,5747,37.859
2.790113,5961,7184,5752,37.859
2.794530,5958,7184,5757,37.859
2.798992,5956,7185,5761,37.859
2.804698,5955,7185,5768,37.859
2.809140,5954,7184,5770,37.859
2.814804,5953,7183,5773,37.859
2.819236,5951,7181,5772,37.859
2.824933,5950,7181,5771,37.859
2.829370,5950,7181,5769,37.859
2.833807,5951,7180,5764,37.859
2.839522,5950,7181,5762,37.859
2.843928,5951,7180,5761,37.859
2.849645,5952,7180,5760,37.859
2.854081,5953,7180,5758,37.859
2.859807,5955,7179,5757,37.859
2.864049,5958,7180,5754,37.859
2.869921,5958,7179,5753,37.859
2.874347,5960,7179,5752,37.859
2.878730,5960,7178,5751,37.859
2.884502,5961,7178,5750,37.859
2.888893,5961,7178,5749,37.859
2.894590,5962,7177,5746,37.859
2.899013,5961,7176,5747,37.859
2.904734,5960,7175,5749,37.859
2.909143,5959,7175,5748,37.859
2.913541,5957,7176,5750,37.859
2.919284,5955,7176,5751,37.859
2.923727,5953,7175,5752,37.859
2.929420,5952,7175,5754,37.859
2.933860,5952,7176,5759,37.859
2.939528,5951,7178,5762,37.859
2.944000,5952,7180,5763,37.859
2.949671,5951,7180,5762,37.859
2.954101,5952,7181,5763,37.859
2.958548,5952,7181,5763,37.859
2.964307,5954,7180,5765,37.859
2.968758,5956,7181,5765,37.859
2.974404,5958,7182,5765,37.859
2.978829,5961,7183,5765,37.859
2.984512,5963,7183,5761,37.859
2.988922,5965,7182,5761,37.859
2.993319,5966,7181,5761,37.859
2.999120,5967,7181,5762,37.859
3.003460,5967,7180,5765,37.859
3.008863,5965,7179,5769,37.859
3.013652,5964,7181,5768,37.859
3.019320,5963,7183,5768,37.859
3.023731,5962,7185,5766,37.859
3.029452,5961,7188,5764,37.859
3.033914,5961,7190,5763,37.859
3.038271,5961,7189,5764,37.859
3.043729,5962,7187,5767,37.859
3.048414,5963,7182,5769,37.859
3.054114,5965,7179,5771,37.859
3.058563,5967,7178,5771,37.859
3.064267,5968,7178,5771,37.859
3.068676,5968,7177,5771,37.859
3.073162,5966,7178,5768,37.859
3.078857,5965,7178,5766,37.859
3.083237,5962,7178,5765,37.859
3.088945,5960,7178,5767,37.859
3.093385,5959,7177,5770,37.859
3.099118,5957,7175,5776,37.859
3.103484,5957,7175,5779,37.859
3.109231,5957,7174,5779,37.859
3.113655,5955,7175,5781,37.859
3.118095,5953,7176,5783,37.859
3.123806,5951,7177,5783,37.859
3.128242,5950,7178,5785,37.859
3.133898,5950,7179,5787,37.859
3.138404,5951,7181,5789,37.859
3.144053,5950,7183,5788,37.859
3.148497,5952,7184,5786,37.859
3.152930,5951,7183,5783,37.859
3.158648,5950,7182,5779,37.859
3.162880,5950,7182,5774,37.859
3.168746,5948,7181,5775,37.859
3.173033,5948,7180,5772,37.859
3.178865,5949,7181,5770,37.859
3.183136,5949,7181,5770,37.859
3.189012,5951,7183,5768,37.859
3.193450,5952,7186,5768,37.859
3.197871,5953,7188,5768,37.859
3.203597,5954,7190,5768,37.859
3.207896,5954,7191,5768,37.859
3.213660,5954,7191,5769,37.859
3.218179,5955,7191,5769,37.859
3.223845,5955,7192,5769,37.859
3.228238,5955,7192,5768,37.859
3.232663,5953,7193,5766,37.859
3.238428,5951,7194,5763,37.859
3.242792,5949,7194,5761,37.859
3.248483,5947,7195,5759,37.859
3.253031,5947,7195,5756,37.859
3.258697,5947,7195,5754,37.859
3.263148,5947,7194,5753,37.859
3.268839,5949,7194,5754,37.859
3.273240,5950,7193,5756,37.859
3.277492,5951,7192,5759,37.859
3.283373,5951,7191,5761,37.859
3.287766,5949,7190,5763,37.859
3.293480,5948,7188,5763,37.859
3.297876,5944,7188,5765,37.859
3.303578,5939,7190,5766,37.859
3.308031,5938,7190,5767,37.859
3.312491,5938,7190,5769,37.859
3.318199,5940,7188,5768,37.859
3.322651,5943,7185,5770,37.859
3.328292,5946,7184,5771,37.859
3.332567,5948,7183,5770,37.859
3.338426,5948,7183,5772,37.859
3.342875,5949,7183,5776,37.859
3.348638,5951,7182,5780,37.859
3.353016,5953,7182,5782,37.859
3.357423,5957,7182,5783,37.859
3.363145,5960,7182,5780,37.859
3.367543,5963,7180,5777,37.859
3.373247,5964,7179,5774,37.859
3.377550,5964,7178,5770,37.859
3.383368,5965,7179,5768,37.859
3.387833,5964,7181,5766,37.859
3.392276,5964,7182,5764,37.859
3.397995,5963,7182,5762,37.859
3.402402,5962,7181,5762,37.859
3.408054,5961,7179,5762,37.859
3.412538,5959,7178,5763,37.859
3.418196,5959,7179,5764,37.859
3.422655,5959,7182,5764,37.859
3.428364,5958,7185,5761,37.859
3.432795,5957,7189,5757,37.859
3.437209,5955,7193,5756,37.859
3.442924,5955,7196,5757,37.859
3.447365,5955,7196,5758,37.859
3.453016,5957,7196,5760,37.859
3.457488,5959,7195,5760,37.859
3.463186,5961,7192,5759,37.859
3.467618,5961,7191,5756,37.859
3.472074,5961,7189,5754,37.859
3.477743,5958,7188,5752,37.859
3.482165,5955,7187,5750,37.859
3.487830,5952,7186,5749,37.859
3.492347,5951,7185,5748,37.859
3.497974,5951,7185,5745,37.859
3.502457,5951,7186,5743,37.859
3.508130,5953,7187,5742,37.859
3.512570,5954,7188,5739,37.859
3.516981,5955,7186,5742,37.859
3.522747,5954,7186,5747,37.859
3.527170,5954,7185,5755,37.859
3.532593,5954,7183,5762,37.859
3.537257,5954,7182,5770,37.859
3.542946,5957,7180,5776,37.859
3.547439,5960,7179,5781,37.859
3.551795,5962,7179,5785,37.859
3.557562,5963,7180,5785,37.859
3.562031,5965,7180,5787,37.859
3.567628,5965,7179,5788,37.859
3.572100,5967,7177,5786,37.859
3.577750,5970,7176,5784,37.859
3.582209,5971,7175,5782,37.859
3.587932,5972,7176,5783,37.859
3.592360,5972,7177,5785,37.859
3.596714,5971,7178,5784,37.859
3.602515,5968,7177,5786,37.859
3.606885,5966,7177,5787,37.859
3.612577,5967,7176,5787,37.859
3.617035,5967,7176,5786,37.859
3.622761,5969,7177,5786,37.859
3.627175,5971,7177,5784,37.859
3.631559,5972,7177,5780,37.859
3.637292,5973,7178,5776,37.859
3.641732,5974,7178,5771,37.859
3.647423,5975,7179,5771,37.859
3.651921,5977,7179,5771,37.859
3.657593,5978,7178,5772,37.859
3.662022,5980,7179,5773,37.859
3.667692,5983,7180,5773,37.859
3.672072,5985,7181,5773,37.859
3.676519,5985,7184,5773,37.859
3.682283,5984,7185,5773,37.859
3.686668,5981,7186,5774,37.859
3.692338,5978,7188,5777,37.859
3.696768,5975,7190,5779,37.859
3.702504,5971,7191,5781,37.859
3.706948,5968,7192,5780,37.859
3.711323,5964,7193,5780,37.859
3.717118,5963,7192,5779,37.859
3.721505,5964,7192,5777,37.859
3.727151,5964,7193,5777,37.859
3.731634,5966,7193,5776,37.859
3.737309,5966,7194,5776,37.859
3.741805,5965,7193,5778,37.859
3.747471,5964,7192,5779,37.859
3.751914,5964,7191,5779,37.859
3.756313,5962,7191,5778,37.859
3.762040,5960,7191,5778,37.859
3.766454,5958,7191,5778,37.859
3.771974,5957,7191,5780,37.859
3.776591,5955,7190,5783,37.859
3.782261,5957,7189,5784,37.859
3.786728,5959,7189,5784,37.859
3.791150,5957,7190,5783,37.859
3.796837,5956,7192,5779,37.859
3.801279,5953,7194,5778,37.859
3.806964,5951,7195,5777,37.859
3.811434,5950,7196,5776,37.859
3.817118,5950,7195,5776,37.859
3.821521,5952,7194,5777,37.859
3.827230,5953,7194,5780,37.859
3.831674,5955,7194,5780,37.859
3.836135,5955,7194,5779,37.859
3.841913,5956,7195,5780,37.859
3.846291,5957,7197,5776,37.859
3.851927,5959,7199,5774,37.859
3.856428,5959,7201,5774,37.859
3.862103,5959,7202,5776,37.859
3.866498,5959,7202,5777,37.859
3.870917,5958,7202,5779,37.859
3.876636,5957,7202,5778,37.859
3.881072,5958,7201,5778,37.859
3.886785,5957,7200,5778,37.859
3.891184,5957,7197,5779,37.859
3.896853,5958,7192,5779,37.859
3.901344,5958,7188,5778,37.859
3.907051,5959,7186,5778,37.859
3.911433,5960,7185,5777,37.859
3.915862,5961,7184,5776,37.859
3.921595,5961,7185,5775,37.859
3.926008,5961,7184,5773,37.859
3.931718,5959,7185,5773,37.859
3.936119,5958,7184,5772,37.859
3.941841,5957,7181,5772,37.859
3.946317,5955,7180,5772,37.859
3.950673,5954,7179,5770,37.859
3.956460,5953,7178,5772,37.859
3.960848,5953,7179,5774,37.859
3.966538,5953,7179,5776,37.859
3.971014,5953,7180,5781,37.859
3.976657,5953,7180,5783,37.859
3.981114,5953,7179,5786,37.859
3.986798,5953,7178,5788,37.859
3.991239,5955,7177,5792,37.859
3.995677,5956,7177,5798,37.859
4.001399,5956,7177,5804,37.859
4.005807,5953,7178,5809,37.859
4.011270,5952,7180,5815,37.859
4.015899,5950,7183,5819,37.859
4.021660,5950,7186,5817,37.859
4.025909,5950,7188,5814,37.859
4.030478,5951,7191,5811,37.859
4.035998,5952,7192,5808,37.859
4.040638,5953,7191,5801,37.859
4.046325,5955,7190,5796,37.859
4.050790,5955,7191,5793,37.859
4.056444,5955,7191,5788,37.859
4.060922,5953,7192,5785,37.859
4.066591,5952,7192,5784,37.859
4.071092,5950,7189,5783,37.859
4.075437,5949,7186,5779,37.859
4.081212,5949,7182,5776,37.859
4.085592,5950,7180,5774,37.859
4.091263,5950,7179,5773,37.859
4.095736,5951,7180,5772,37.859
4.101395,5951,7180,5776,37.859
4.105849,5950,7182,5779,37.859
4.110280,5951,7184,5781,37.859
4.115961,5952,7184,5783,37.859
4.120385,5954,7186,5783,37.859
4.126050,5953,7187,5785,37.859
4.130559,5951,7188,5785,37.859
4.136229,5948,7188,5785,37.859
4.140717,5945,7187,5788,37.859
4.146359,5943,7187,5789,37.859
4.150822,5943,7188,5790,37.859
4.155212,5943,7188,5792,37.859
4.161006,5943,7190,5792,37.859
4.165363,5943,7190,5791,37.859
4.171070,5943,7189,5790,37.859
4.175501,5943,7188,5789,37.859
4.181229,5943,7187,5792,37.859
4.185636,5945,7185,5792,37.859
4.190038,5946,7183,5793,37.859
4.195815,5948,7183,5793,37.859
4.200186,5948,7182,5790,37.859
4.205827,5950,7182,5789,37.859
4.210353,5949,7183,5787,37.859
4.216000,5950,7182,5782,37.859
4.220457,5952,7183,5781,37.859
4.226171,5951,7182,5778,37.859
4.230591,5952,7182,5775,37.859
4.234992,5952,7183,5772,37.859
4.240726,5951,7183,5768,37.859
4.245144,5952,7183,5763,37.859
4.250820,5952,7182,5763,37.859
4.255268,5952,7180,5767,37.859
4.260967,5951,7177,5768,37.859
4.265404,5951,7175,5771,37.859
4.269822,5950,7174,5772,37.859
4.275542,5949,7172,5772,37.859
4.279969,5949,7171,5771,37.859
4.285631,5950,7170,5772,37.859
4.290208,5952,7168,5770,37.859
4.295785,5952,7167,5766,37.859
4.300072,5954,7168,5763,37.859
4.305913,5953,7170,5760,37.859
4.310355,5952,7174,5758,37.859
4.314790,5951,7178,5756,37.859
4.320503,5952,7180,5753,37.859
4.324960,5952,7181,5752,37.859
4.330596,5950,7180,5748,37.859
4.335063,5949,7178,5746,37.859
4.340745,5947,7177,5747,37.859
4.345189,5944,7176,5748,37.859
4.349608,5941,7177,5749,37.859
4.355305,5940,7178,5752,37.859
4.359763,5938,7177,5751,37.859
4.365437,5936,7178,5751,37.859
4.369922,5935,7177,5752,37.859
4.375623,5934,7176,5755,37.859
4.380017,5933,7177,5762,37.859
4.385744,5934,7176,5769,37.859
4.390141,5933,7177,5774,37.859
4.394564,5933,7178,5775,37.859
4.400322,5932,7179,5775,37.859
4.404717,5932,7180,5774,37.859
4.410389,5932,7180,5771,37.859
4.414843,5934,7179,5770,37.859
4.420566,5936,7179,5766,37.859
4.424959,5939,7179,5764,37.859
4.429401,5942,7181,5763,37.859
4.435128,5942,7184,5762,37.859
4.439602,5945,7186,5760,37.859
4.445241,5946,7188,5759,37.859
4.449744,5947,7187,5757,37.859
4.455227,5949,7185,5755,37.859
4.459774,5950,7183,5755,37.859
4.465479,5953,7182,5757,37.859
4.469988,5954,7179,5760,37.859
4.474326,5957,7179,5764,37.859
4.480116,5958,7179,5766,37.859
4.484464,5959,7181,5770,37.859
4.490177,5959,7184,5772,37.859
4.494611,5959,7185,5775,37.859
4.500328,5959,7187,5778,37.859
4.504737,5960,7189,5780,37.859
4.509233,5961,7189,5784,37.859
4.514907,5959,7189,5787,37.859
4.519033,5956,7187,5788,37.859
4.524780,5953,7186,5789,37.859
4.529423,5950,7184,5788,37.859
4.534925,5948,7181,5788,37.859
4.539294,5948,7179,5787,37.859
4.545037,5949,7176,5788,37.859
4.549455,5949,7174,5788,37.859
4.553882,5948,7173,5789,37.859
4.559594,5948,7173,5791,37.859
4.563975,5947,7173,5792,37.859
4.569922,5947,7173,5795,37.859
4.574374,5947,7172,5799,37.859
4.580077,5948,7172,5799,37.859
4.584507,5950,7172,5798,37.859
4.588990,5950,7173,5798,37.859
4.594673,5948,7174,5797,37.859
4.599167,5947,7175,5798,37.859
4.604765,5946,7176,5797,37.859
4.609221,5946,7176,5794,37.859
4.614928,5946,7177,5791,37.859
4.619340,5947,7176,5789,37.859
4.625069,5947,7175,5788,37.859
4.629514,5949,7176,5787,37.859
4.633914,5950,7177,5787,37.859
4.639548,5953,7179,5784,37.859
4.644017,5955,7180,5781,37.859
4.649751,5956,7181,5778,37.859
4.653944,5956,7181,5779,37.859
4.659917,5955,7180,5778,37.859
4.664140,5954,7180,5777,37.859
4.668744,5951,7181,5776,37.859
4.674256,5951,7181,5774,37.859
4.678849,5951,7182,5771,37.859
4.684502,5952,7183,5770,37.859
4.689059,5956,7182,5768,37.859
4.694695,5958,7181,5768,37.859
4.699137,5961,7180,5767,37.859
4.704708,5962,7180,5770,37.859
4.709243,5963,7180,5774,37.859
4.713689,5965,7181,5779,37.859
4.719470,5965,7181,5785,37.859
4.723673,5964,7183,5788,37.859
4.729500,5962,7185,5787,37.859
4.733978,5960,7185,5788,37.859
4.739393,5958,7188,5787,37.859
4.743878,5956,7189,5787,37.859
4.748275,5955,7191,5789,37.859
4.753984,5954,7194,5789,37.859
4.758658,5954,7195,5787,37.859
4.764338,5954,7196,5784,37.859
4.768811,5954,7198,5780,37.859
4.774493,5955,7198,5775,37.859
4.779067,5957,7199,5770,37.859
4.784616,5958,7197,5764,37.859
4.789079,5958,7196,5759,37.859
4.793496,5959,7194,5757,37.859
4.799177,5957,7193,5757,37.859
4.803466,5956,7191,5760,37.859
4.809297,5954,7191,5764,37.859
4.813728,5950,7192,5770,37.859
4.819440,5948,7193,5771,37.859
4.823862,5946,7194,5772,37.859
4.828302,5944,7196,5771,37.859
4.834007,5944,7195,5768,37.859
4.838469,5944,7192,5768,37.859
4.844138,5944,7191,5767,37.859
4.848621,5946,7190,5766,37.859
4.854327,5947,7190,5765,37.859
4.858891,5949,7189,5763,37.859
4.864406,5950,7187,5761,37.859
4.868799,5950,7186,5761,37.859
4.873179,5953,7187,5759,37.859
4.879007,5954,7187,5758,37.859
4.883415,5956,7187,5755,37.859
4.889105,5959,7185,5753,37.859
4.893517,5960,7182,5754,37.859
4.899209,5961,7179,5753,37.859
4.903637,5961,7178,5754,37.859
4.908050,5961,7178,5754,37.859
4.913752,5959,7180,5753,37.859
4.918197,5958,7181,5756,37.859
4.923868,5956,7182,5759,37.859
4.928352,5956,7182,5759,37.859
4.934041,5957,7183,5759,37.859
4.938512,5958,7184,5758,37.859
4.944197,5959,7184,5757,37.859
4.948732,5960,7184,5756,37.859
4.952840,5959,7184,5757,37.859
4.958838,5958,7184,5757,37.859
4.963198,5958,7184,5753,37.859
4.968870,5956,7185,5751,37.859
4.973288,5955,7185,5748,37.859
4.979030,5955,7186,5746,37.859
4.983417,5953,7187,5748,37.859
4.987905,5951,7189,5750,37.859
4.993550,5950,7189,5753,37.859
4.997994,5947,7188,5756,37.859
5.003424,5946,7188,5758,37.859
5.008124,5946,7189,5759,37.859
5.013628,5945,7189,5759,37.859
5.018245,5945,7190,5757,37.859
5.023948,5945,7190,5753,37.859
5.028130,5945,7191,5749,37.859
5.032880,5945,7190,5746,37.859
5.038527,5944,7190,5745,37.859
5.042728,5945,7190,5743,37.859
5.048625,5946,7189,5743,37.859
5.053133,5947,7187,5746,37.859
5.058701,5950,7184,5747,37.859
5.063211,5952,7182,5749,37.859
5.067621,5952,7178,5754,37.859
5.073342,5952,7174,5754,37.859
5.077802,5951,7172,5754,37.859
5.083424,5951,7172,5754,37.859
5.087890,5952,7174,5752,37.859
5.093574,5953,7176,5753,37.859
5.098057,5952,7179,5756,37.859
5.103761,5951,7182,5758,37.859
5.108185,5948,7183,5760,37.859
5.112592,5946,7184,5759,37.859
5.118293,5945,7187,5760,37.859
5.122774,5945,7189,5757,37.859
5.128411,5945,7193,5757,37.859
5.132897,5945,7196,5755,37.859
5.138566,5946,7198,5755,37.859
5.143033,5947,7199,5758,37.859
5.147416,5949,7198,5761,37.859
5.152965,5952,7198,5763,37.859
5.157595,5955,7197,5765,37.859
5.163237,5957,7196,5764,37.859
5.167722,5957,7195,5766,37.859
5.173373,5956,7194,5766,37.859
5.177831,5954,7192,5770,37.859
5.183525,5953,7190,5777,37.859
5.187944,5952,7188,5782,37.859
5.192366,5951,7187,5787,37.859
5.198109,5951,7186,5791,37.859
5.202552,5950,7185,5791,37.859
5.208211,5952,7186,5791,37.859
5.212685,5954,7188,5791,37.859
5.218338,5956,7190,5791,37.859
5.222810,5958,7192,5792,37.859
5.227218,5957,7192,5791,37.859
5.232914,5957,7191,5790,37.859
5.237367,5955,7188,5787,37.859
5.243004,5956,7187,5782,37.859
5.247506,5958,7187,5778,37.859
5.253200,5957,7187,5776,37.859
5.257602,5957,7187,5778,37.859
5.263347,5956,7189,5779,37.859
5.267743,5955,7189,5780,37.859
5.272147,5954,7189,5781,37.859
5.277893,5954,7188,5779,37.859
5.282346,5954,7188,5778,37.859
5.288003,5954,7191,5777,37.859
5.292434,5956,7193,5778,37.859
5.298151,5957,7196,5777,37.859
5.302435,5958,7198,5777,37.859
5.306943,5958,7200,5776,37.859
5.312730,5955,7200,5773,37.859
5.317130,5954,7198,5767,37.859
5.322807,5951,7197,5760,37.859
5.327301,5950,7196,5757,37.859
5.332969,5951,7196,5757,37.859
5.337401,5952,7195,5758,37.859
5.342995,5953,7194,5761,37.859
5.347573,5953,7193,5764,37.859
5.351996,5952,7193,5764,37.859
5.357644,5950,7193,5762,37.859
5.362174,5948,7194,5761,37.859
5.367768,5947,7196,5759,37.859
5.372217,5948,7196,5758,37.859
5.377841,5949,7197,5759,37.859
5.382333,5950,7196,5757,37.859
5.386715,5952,7196,5754,37.859
5.392474,5953,7196,5752,37.859
5.396901,5955,7197,5747,37.859
5.402571,5955,7197,5743,37.859
5.407036,5956,7198,5739,37.859
5.412772,5956,7197,5736,37.859
5.417138,5954,7197,5734,37.859
5.422928,5952,7196,5735,37.859
5.427275,5949,7196,5738,37.859
5.431720,5947,7196,5740,37.859
5.437440,5946,7196,5744,37.859
5.441886,5946,7195,5746,37.859
5.447556,5945,7194,5749,37.859
5.452049,5946,7193,5747,37.859
5.457697,5946,7192,5747,37.859
5.462142,5945,7192,5747,37.859
5.466515,5948,7192,5746,37.859
5.472305,5949,7192,5748,37.859
5.476660,5950,7191,5749,37.859
5.482221,5951,7191,5751,37.859
5.486800,5953,7190,5753,37.859
5.492518,5954,7189,5754,37.859
5.496901,5955,7190,5756,37.859
5.502692,5956,7190,5760,37.859
5.507094,5956,7190,5763,37.859
5.511487,5955,7188,5769,37.859
5.517237,5952,7186,5778,37.859
5.521664,5950,7184,5785,37.859
5.527287,5948,7183,5787,37.859
5.531968,5946,7182,5789,37.859
5.537479,5946,7181,5785,37.859
5.541883,5947,7179,5778,37.859
5.546296,5947,7178,5773,37.859
5.552065,5945,7178,5768,37.859
5.556374,5944,7178,5763,37.859
5.562187,5943,7181,5759,37.859
5.566617,5943,7184,5759,37.859
5.572287,5940,7186,5760,37.859
5.576722,5939,7188,5762,37.859
5.582426,5938,7187,5766,37.859
5.586828,5937,7185,5767,37.859
5.591294,5937,7183,5769,37.859
5.596996,5936,7182,5771,37.859
5.601408,5934,7180,5774,37.859
5.607102,5931,7179,5776,37.859
5.611515,5929,7178,5782,37.859
5.617276,5927,7176,5785,37.859
5.621684,5926,7174,5787,37.859
5.626128,5926,7172,5788,37.859
5.631838,5928,7170,5787,37.859
5.636222,5931,7169,5783,37.859
5.641894,5932,7168,5778,37.859
5.646358,5934,7169,5776,37.859
5.652058,5936,7170,5774,37.859
5.656527,5936,7169,5772,37.859
5.662209,5938,7168,5769,37.859
5.666649,5940,7168,5768,37.859
5.671031,5941,7170,5763,37.859
5.676792,5942,7170,5759,37.859
5.681196,5944,7172,5759,37.859
5.686850,5944,7171,5761,37.859
5.691333,5945,7171,5767,37.859
5.697042,5945,7171,5773,37.859
5.701422,5943,7169,5776,37.859
5.705856,5942,7168,5780,37.859
5.711615,5940,7169,5783,37.859
5.715988,5939,7169,5782,37.859
5.721689,5939,7171,5784,37.859
5.726154,5938,7174,5782,37.859
5.731830,5937,7177,5778,37.859
5.736287,5936,7178,5773,37.859
5.742003,5935,7180,5764,37.859
5.746450,5934,7180,5756,37.859
5.750841,5934,7177,5750,37.859
5.756575,5935,7175,5748,37.859
5.760943,5937,7173,5750,37.859
5.766641,5937,7171,5754,37.859
5.771148,5939,7172,5756,37.859
5.776798,5939,7174,5759,37.859
5.781050,5938,7177,5759,37.859
5.785610,5938,7179,5758,37.859
5.791400,5938,7180,5759,37.859
5.795754,5938,7180,5760,37.859
5.801452,5940,7179,5762,37.859
5.805859,5939,7178,5766,37.859
5.811602,5940,7177,5768,37.859
5.816027,5939,7176,5769,37.859
5.821824,5940,7176,5771,37.859
5.826178,5941,7176,5770,37.859
5.830621,5943,7177,5768,37.859
5.836325,5944,7179,5766,37.859
5.840762,5944,7179,5764,37.859
5.846436,5944,7180,5761,37.859
5.850845,5945,7180,5759,37.859
5.856568,5946,7179,5760,37.859
5.861059,5949,7178,5763,37.859
5.865382,5950,7177,5768,37.859
5.871162,5951,7178,5773,37.859
5.875537,5951,7180,5775,37.859
5.881264,5951,7181,5774,37.859
5.885689,5953,7181,5772,37.859
5.891372,5952,7179,5770,37.859
5.895813,5952,7178,5770,37.859
5.901518,5952,7176,5770,37.859
5.905935,5952,7176,5771,37.859
5.910375,5953,7176,5773,37.859
5.915937,5953,7178,5773,37.859
5.920550,5952,7179,5773,37.859
5.926214,5952,7181,5771,37.859
5.930647,5951,7183,5769,37.859
5.936341,5950,7185,5765,37.859
5.940764,5950,7187,5763,37.859
5.945163,5951,7190,5764,37.859
5.950915,5951,7191,5765,37.859
5.955335,5950,7192,5765,37.859
5.961098,5950,7192,5765,37.859
5.965496,5949,7192,5766,37.859
5.971158,5948,7191,5767,37.859
5.975580,5949,7192,5768,37.859
5.981285,5949,7192,5771,37.859
5.985756,5950,7193,5775,37.859
5.990184,5950,7194,5777,37.859
5.995627,5949,7194,5780,37.859
6.000026,5950,7195,5785,37.859
6.005716,5950,7196,5785,37.859
6.010134,5950,7195,5784,37.859
6.015887,5949,7194,5782,37.859
6.020301,5947,7193,5779,37.859
6.024687,5947,7192,5775,37.859
6.030449,5946,7192,5772,37.859
6.034855,5944,7192,5770,37.859
6.040761,5944,7194,5768,37.859
6.045185,5943,7194,5767,37.859
6.050931,5944,7193,5764,37.859
6.055389,5944,7191,5761,37.859
6.061084,5944,7190,5759,37.859
6.065498,5943,7189,5759,37.859
6.069919,5941,7188,5761,37.859
6.075666,5940,7190,5762,37.859
6.080087,5939,7191,5762,37.859
6.085775,5939,7192,5759,37.859
6.090243,5939,7193,5757,37.859
6.095916,5940,7191,5757,37.859
6.100342,5942,7189,5759,37.859
6.104739,5946,7186,5759,37.859
6.110470,5947,7185,5760,37.859
6.114864,5948,7185,5761,37.859
6.120603,5949,7186,5759,37.859
6.125008,5949,7186,5760,37.859
6.130729,5950,7186,5762,37.859
6.135168,5952,7186,5763,37.859
6.140872,5952,7185,5762,37.859
6.145310,5952,7185,5763,37.859
6.149757,5952,7184,5763,37.859
6.155407,5952,7184,5763,37.859
6.159919,5953,7182,5764,37.859
6.165522,5952,7181,5766,37.859
6.170026,5953,7181,5767,37.859
6.175682,5954,7180,5768,37.859
6.180075,5955,7178,5768,37.859
6.184486,5955,7178,5764,37.859
6.190258,5955,7179,5763,37.859
6.194638,5954,7179,5760,37.859
6.200408,5952,7181,5759,37.859
6.204840,5952,7181,5761,37.859
6.210501,5951,7181,5762,37.859
6.214932,5951,7180,5764,37.859
6.220678,5951,7180,5764,37.859
6.225102,5951,7182,5762,37.859
6.229500,5952,7184,5759,37.859
6.235203,5952,7185,5757,37.859
6.239454,5952,7185,5754,37.859
6.245328,5953,7185,5755,37.859
6.249776,5954,7185,5757,37.859
6.255434,5954,7184,5760,37.859
6.259928,5955,7182,5763,37.859
6.264284,5954,7179,5768,37.859
6.270097,5952,7178,5771,37.859
6.274443,5950,7178,5773,37.859
6.280125,5948,7179,5776,37.859
6.284556,5947,7181,5776,37.859
6.290270,5946,7181,5774,37.859
6.294707,5945,7181,5771,37.859
6.300448,5944,7181,5767,37.859
6.304813,5943,7179,5763,37.859
6.309053,5944,7180,5760,37.859
6.314979,5944,7180,5759,37.859
6.319425,5943,7182,5758,37.859
6.325076,5941,7184,5755,37.859
6.329542,5940,7185,5754,37.859
6.335232,5940,7186,5753,37.859
6.339670,5942,7184,5753,37.859
6.344095,5944,7183,5756,37.859
6.349839,5945,7183,5755,37.859
6.354213,5945,7183,5755,37.859
6.359961,5946,7183,5756,37.859
6.364191,5946,7186,5758,37.859
6.370096,5946,7187,5762,37.859
6.374445,5947,7188,5769,37.859
6.380248,5947,7188,5772,37.859
6.384610,5947,7188,5772,37.859
6.389037,5949,7188,5769,37.859
6.394738,5952,7188,5767,37.859
6.399165,5954,7188,5763,37.859
6.404867,5956,7188,5761,37.859
6.409339,5958,7188,5759,37.859
6.414916,5959,7186,5758,37.859
6.419408,5961,7185,5755,37.859
6.423828,5962,7185,5753,37.859
6.429572,5962,7184,5752,37.859
6.434016,5961,7184,5749,37.859
6.439743,5959,7183,5751,37.859
6.444134,5958,7182,5755,37.859
6.449846,5956,7183,5758,37.859
6.454296,5955,7183,5762,37.859
6.459974,5954,7183,5764,37.859
6.464405,5954,7184,5765,37.859
6.468836,5953,7185,5762,37.859
6.474536,5954,7185,5759,37.859
6.478965,5954,7184,5755,37.859
6.484650,5955,7186,5751,37.859
6.489137,5956,7187,5752,37.859
6.494767,5956,7188,5751,37.859
6.499231,5956,7189,5749,37.859
6.503405,5955,7189,5749,37.859
6.509452,5956,7192,5747,37.859
6.513756,5955,7192,5748,37.859
6.519483,5954,7193,5747,37.859
6.523893,5953,7192,5747,37.859
6.529605,5951,7190,5748,37.859
6.533892,5950,7190,5749,37.859
6.539782,5948,7189,5750,37.859
6.544155,5948,7188,5751,37.859
6.548636,5947,7186,5754,37.859
6.554356,5947,7184,5752,37.859
6.558802,5948,7181,5751,37.859
6.564432,5948,7182,5753,37.859
6.568905,5950,7181,5753,37.859
6.574549,5951,7181,5755,37.859
6.579013,5952,7182,5759,37.859
6.583402,5953,7182,5765,37.859
6.589165,5955,7184,5768,37.859
6.593537,5955,7186,5768,37.859
6.599201,5955,7187,5766,37.859
6.603709,5954,7188,5762,37.859
6.609379,5953,7187,5757,37.859
6.613846,5953,7186,5753,37.859
6.619523,5953,7185,5752,37.859
6.623957,5953,7183,5756,37.859
6.628387,5953,7183,5757,37.859
6.634105,5954,7183,5760,37.859
6.638471,5954,7184,5760,37.859
6.644218,5953,7185,5758,37.859
6.648670,5953,7186,5756,37.859
6.654223,5950,7186,5754,37.859
6.658796,5949,7184,5752,37.859
6.663218,5948,7184,5752,37.859
6.668964,5947,7184,5756,37.859
6.673276,5947,7182,5758,37.859
6.679085,5945,7183,5759,37.859
6.683455,5943,7183,5758,37.859
6.689178,5941,7184,5756,37.859
6.693581,5939,7184,5755,37.859
6.699291,5939,7184,5753,37.859
6.703712,5938,7183,5754,37.859
6.708186,5939,7182,5755,37.859
6.713858,5940,7182,5756,37.859
6.718303,5941,7182,5756,37.859
6.723981,5942,7182,5755,37.859
6.728446,5942,7184,5754,37.859
6.734123,5943,7187,5754,37.859
6.738608,5941,7189,5755,37.859
6.742805,5940,7193,5757,37.859
6.748936,5939,7195,5757,37.859
6.753170,5938,7196,5759,37.859
6.758807,5938,7196,5760,37.859
6.763237,5940,7195,5760,37.859
6.768982,5941,7194,5760,37.859
6.773369,5943,7193,5758,37.859
6.779115,5946,7193,5758,37.859
6.783477,5949,7192,5759,37.859
6.787909,5952,7190,5761,37.859
6.793651,5955,7189,5762,37.859
6.798057,5955,7189,5759,37.859
6.803746,5955,7189,5754,37.859
6.808179,5953,7191,5749,37.859
6.813932,5951,7191,5745,37.859
6.818361,5951,7190,5742,37.859
6.822640,5951,7190,5742,37.859
6.828475,5952,7190,5744,37.859
6.832914,5954,7190,5746,37.859
6.838573,5955,7191,5749,37.859
6.843067,5956,7192,5752,37.859
6.848731,5957,7193,5755,37.859
6.853181,5958,7195,5759,37.859
6.858886,5958,7197,5764,37.859
6.863335,5957,7200,5768,37.859
6.867696,5957,7201,5771,37.859
6.873439,5955,7203,5773,37.859
6.877861,5955,7204,5775,37.859
6.883415,5953,7206,5774,37.859
6.887987,5952,7207,5770,37.859
6.893655,5951,7207,5766,37.859
6.898132,5950,7206,5762,37.859
6.902520,5952,7204,5759,37.859
6.908258,5953,7202,5756,37.859
6.912701,5954,7201,5753,37.859
6.918343,5956,7199,5749,37.859
6.922809,5955,7198,5745,37.859
6.928500,5954,7196,5741,37.859
6.932945,5954,7196,5737,37.859
6.938608,5953,7197,5734,37.859
6.943113,5953,7200,5731,37.859
6.947495,5954,7203,5730,37.859
6.953264,5955,7205,5730,37.859
6.957642,5957,7206,5734,37.859
6.963281,5958,7205,5739,37.859
6.967788,5959,7204,5739,37.859
6.973469,5959,7202,5740,37.859
6.977876,5960,7201,5741,37.859
6.982311,5960,7200,5743,37.859
6.988049,5962,7199,5745,37.859
6.992476,5962,7196,5746,37.859
6.998123,5963,7192,5745,37.859
7.002631,5964,7188,5744,37.859
7.008265,5964,7186,5743,37.859
7.012446,5964,7186,5744,37.859
7.018402,5965,7186,5748,37.859
7.022872,5967,7186,5753,37.859
7.027028,5967,7184,5759,37.859
7.032837,5968,7182,5763,37.859
7.037438,5968,7180,5764,37.859
7.042870,5965,7180,5761,37.859
7.047543,5964,7180,5759,37.859
7.053248,5964,7180,5757,37.859
7.057664,5962,7181,5756,37.859
7.062131,5962,7179,5754,37.859
7.067815,5962,7180,5752,37.859
7.072242,5961,7180,5749,37.859
7.077916,5960,7183,5746,37.859
7.082368,5959,7186,5747,37.859
7.088091,5958,7189,5747,37.859
7.092512,5957,7192,5748,37.859
7.098196,5956,7193,5750,37.859
7.102651,5956,7195,5753,37.859
7.107044,5955,7195,5755,37.859
7.112835,5955,7197,5757,37.859
7.117165,5956,7199,5758,37.859
7.122676,5957,7199,5760,37.859
7.127308,5959,7199,5763,37.859
7.132886,5961,7198,5767,37.859
7.137424,5964,7197,5769,37.859
7.141957,5965,7197,5772,37.859
7.147582,5965,7200,5772,37.859
7.152092,5965,7201,5770,37.859
7.157678,5964,7201,5770,37.859
7.162172,5963,7200,5768,37.859
7.167824,5963,7198,5766,37.859
7.172305,5965,7197,5763,37.859
7.177979,5966,7196,5759,37.859
7.182428,5967,7197,5757,37.859
7.186825,5967,7197,5756,37.859
7.192567,5965,7196,5755,37.859
7.196943,5965,7195,5754,37.859
7.202632,5964,7193,5753,37.859
7.207119,5963,7192,5751,37.859
7.212789,5963,7191,5752,37.859
7.217185,5962,7191,5754,37.859
7.221638,5962,7192,5757,37.859
7.227331,5964,7192,5759,37.859
7.231795,5965,7192,5761,37.859
7.237472,5967,7193,5762,37.859
7.241986,5966,7195,5761,37.859
7.247622,5963,7196,5763,37.859
7.252115,5959,7196,5763,37.859
7.257791,5956,7198,5764,37.859
7.262312,5953,7200,5764,37.859
7.266631,5952,7200,5762,37.859
7.272364,5950,7201,5760,37.859
7.276743,5947,7200,5758,37.859
7.282423,5945,7200,5761,37.859
7.286847,5944,7200,5763,37.859
7.292609,5942,7199,5766,37.859
7.296985,5943,7198,5767,37.859
7.301404,5944,7196,5768,37.859
7.306951,5944,7195,5770,37.859
7.311536,5946,7191,5772,37.859
7.317233,5946,7189,5771,37.859
7.321678,5947,7189,5769,37.859
7.327356,5947,7188,5767,37.859
7.331815,5947,7190,5763,37.859
7.337539,5949,7191,5761,37.859
7.342060,5951,7192,5760,37.859
7.346407,5955,7193,5756,37.859
7.352133,5958,7193,5755,37.859
7.356561,5960,7192,5755,37.859
7.362211,5962,7192,5755,37.859
7.366638,5963,7193,5756,37.859
7.372332,5963,7193,5757,37.859
7.376763,5963,7193,5757,37.859
7.381190,5963,7192,5758,37.859
7.386890,5961,7191,5761,37.859
7.391332,5957,7193,5764,37.859
7.396977,5955,7197,5766,37.859
7.401476,5953,7199,5766,37.859
7.407148,5953,7199,5764,37.859
7.411567,5953,7198,5757,37.859
7.417282,5955,7197,5752,37.859
7.421703,5956,7195,5747,37.859
7.426137,5955,7195,5744,37.859
7.431878,5952,7196,5741,37.859
7.436328,5951,7196,5742,37.859
7.441989,5949,7198,5745,37.859
7.446481,5948,7198,5747,37.859
7.452140,5948,7198,5750,37.859
7.456564,5947,7198,5752,37.859
7.460961,5945,7198,5755,37.859
7.466690,5945,7198,5759,37.859
7.471131,5947,7198,5759,37.859
7.476797,5949,7197,5759,37.859
7.481226,5954,7197,5758,37.859
7.486930,5956,7197,5756,37.859
7.491346,5956,7197,5756,37.859
7.497074,5955,7198,5756,37.859
7.501315,5953,7199,5756,37.859
7.505900,5951,7201,5758,37.859
7.511639,5951,7204,5756,37.859
7.516055,5951,7204,5756,37.859
7.521717,5951,7205,5756,37.859
7.526204,5950,7206,5756,37.859
7.531893,5951,7206,5754,37.859
7.536337,5951,7207,5754,37.859
7.540766,5951,7206,5756,37.859
7.546473,5951,7206,5758,37.859
7.550861,5951,7204,5758,37.859
7.556512,5951,7203,5759,37.859
7.561026,5952,7201,5761,37.859
7.566724,5952,7200,5763,37.859
7.571141,5951,7197,5765,37.859
7.576901,5949,7195,5766,37.859
7.581171,5947,7193,5763,37.859
7.585713,5947,7191,5759,37.859
7.591419,5946,7190,5757,37.859
7.595849,5946,7191,5756,37.859
7.601516,5949,7190,5757,37.859
7.606056,5952,7190,5757,37.859
7.611657,5954,7190,5757,37.859
7.616099,5956,7190,5759,37.859
7.620509,5957,7192,5760,37.859
7.626260,5956,7192,5764,37.859
7.630650,5957,7192,5765,37.859
7.636345,5957,7193,5761,37.859
7.640842,5956,7193,5755,37.859
7.646465,5955,7194,5750,37.859
7.650933,5956,7195,5748,37.859
7.656666,5954,7195,5749,37.859
7.661069,5952,7195,5751,37.859
7.665445,5951,7194,5749,37.859
7.671212,5950,7193,5747,37.859
7.675592,5950,7193,5744,37.859
7.681295,5950,7194,5745,37.859
7.685741,5950,7195,5746,37.859
7.691449,5948,7194,5749,37.859
7.695818,5946,7193,5751,37.859
7.700263,5944,7193,5752,37.859
7.706025,5943,7192,5753,37.859
7.710448,5942,7192,5754,37.859
7.716121,5944,7191,5756,37.859
7.720581,5946,7190,5756,37.859
7.726269,5948,7190,5757,37.859
7.730752,5950,7189,5759,37.859
7.736407,5951,7190,5758,37.859
7.740903,5950,7191,5756,37.859
7.745238,5948,7190,5754,37.859
7.751053,5947,7188,5752,37.859
7.755405,5947,7185,5752,37.859
7.761126,5950,7183,5754,37.859
7.765550,5953,7182,5760,37.859
7.771276,5956,7183,5761,37.859
7.775389,5957,7183,5761,37.859
7.780067,5958,7183,5759,37.859
7.785793,5957,7183,5756,37.859
7.790238,5956,7181,5754,37.859
7.795906,5954,7179,5756,37.859
7.800376,5953,7178,5757,37.859
7.806051,5951,7178,5758,37.859
7.810472,5950,7179,5759,37.859
7.816196,5950,7181,5759,37.859
7.820617,5949,7181,5761,37.859
7.825013,5948,7182,5763,37.859
7.830779,5949,7183,5765,37.859
7.835175,5949,7183,5767,37.859
7.840869,5948,7184,5768,37.859
7.845306,5947,7185,5768,37.859
7.851068,5944,7185,5767,37.859
7.855480,5943,7186,5765,37.859
7.859893,5943,7185,5764,37.859
7.865595,5943,7185,5763,37.859
7.870021,5945,7185,5763,37.859
7.875720,5948,7185,5764,37.859
7.880149,5950,7186,5764,37.859
7.885858,5951,7188,5763,37.859
7.890273,5951,7190,5760,37.859
7.895866,5950,7191,5760,37.859
7.900403,5950,7194,5760,37.859
7.904845,5952,7196,5759,37.859
7.910575,5955,7197,5763,37.859
7.914969,5956,7200,5762,37.859
7.920633,5958,7201,5761,37.859
7.925111,5959,7202,5760,37.859
7.930794,5959,7202,5757,37.859
7.935136,5958,7202,5754,37.859
7.939688,5957,7202,5753,37.859
7.945375,5956,7202,5753,37.859
7.949781,5956,7200,5750,37.859
7.955470,5956,7197,5750,37.859
7.959755,5954,7195,5749,37.859
7.965621,5953,7193,5748,37.859
7.970157,5953,7192,5747,37.859
7.975770,5955,7190,5749,37.859
7.980225,5958,7189,5749,37.859
7.984594,5959,7190,5747,37.859
7.990341,5959,7189,5746,37.859
7.994738,5957,7190,5744,37.859
8.000441,5955,7190,5742,37.859
8.004876,5951,7191,5743,37.859
8.010312,5950,7191,5741,37.859
8.015014,5952,7190,5739,37.859
8.019431,5955,7190,5736,37.859
8.025166,5958,7190,5733,37.859
8.029268,5962,7188,5733,37.859
8.035230,5965,7188,5734,37.859
8.039721,5966,7190,5733,37.859
8.045195,5966,7192,5733,37.859
8.049878,5966,7195,5733,37.859
8.055391,5967,7196,5732,37.859
8.059978,5967,7195,5733,37.859
8.064411,5969,7192,5735,37.859
8.070111,5970,7189,5736,37.859
8.074535,5971,7187,5738,37.859
8.080225,5972,7184,5741,37.859
8.084650,5971,7184,5741,37.859
8.090383,5969,7185,5741,37.859
8.094783,5967,7187,5741,37.859
8.099186,5963,7189,5740,37.859
8.104913,5961,7190,5740,37.859
8.109356,5960,7190,5742,37.859
8.115052,5959,7187,5742,37.859
8.119505,5959,7187,5747,37.859
8.125151,5961,7187,5753,37.859
8.129619,5962,7188,5757,37.859
8.135301,5962,7189,5760,37.859
8.139766,5962,7189,5760,37.859
8.144210,5963,7189,5761,37.859
8.149940,5961,7188,5762,37.859
8.154296,5959,7188,5766,37.859
8.160001,5959,7186,5769,37.859
8.164426,5959,7186,5771,37.859
8.170178,5960,7187,5772,37.859
8.174574,5961,7190,5773,37.859
8.178980,5962,7191,5776,37.859
8.184732,5963,7191,5780,37.859
8.189148,5964,7192,5785,37.859
8.194800,5964,7190,5785,37.859
8.199277,5965,7191,5784,37.859
8.204938,5966,7192,5781,37.859
8.209446,5966,7194,5780,37.859
8.215111,5965,7196,5779,37.859
8.219502,5964,7197,5777,37.859
8.223934,5960,7199,5778,37.859
8.229697,5957,7198,5780,37.859
8.234099,5954,7198,5783,37.859
8.239803,5952,7195,5786,37.859
8.244244,5951,7192,5789,37.859
8.249953,5949,7191,5793,37.859
8.254292,5947,7191,5796,37.859
8.258783,5946,7192,5797,37.859
8.264539,5947,7193,5800,37.859
8.268919,5948,7194,5802,37.859
8.274607,5950,7194,5802,37.859
8.279087,5951,7194,5800,37.859
8.284751,5950,7193,5796,37.859
8.289169,5949,7192,5792,37.859
8.294617,5949,7193,5787,37.859
8.299348,5949,7192,5785,37.859
8.303727,5951,7192,5784,37.859
8.309496,5953,7192,5780,37.859
8.313890,5956,7192,5775,37.859
8.319550,5958,7192,5771,37.859
8.324000,5959,7192,5769,37.859
8.329698,5960,7192,5768,37.859
8.334173,5961,7191,5771,37.859
8.338542,5959,7192,5771,37.859
8.344296,5958,7193,5770,37.859
8.348774,5956,7194,5765,37.859
8.354399,5953,7195,5761,37.859
8.358847,5950,7193,5759,37.859
8.364561,5948,7190,5756,37.859
8.368945,5946,7188,5757,37.859
8.374689,5947,7185,5761,37.859
8.379120,5947,7183,5763,37.859
8.383549,5946,7184,5764,37.859
8.389179,5945,7184,5765,37.859
8.393664,5942,7186,5764,37.859
8.399370,5941,7187,5763,37.859
8.403776,5939,7190,5768,37.859
8.409505,5938,7191,5772,37.859
8.413918,5940,7192,5776,37.859
8.418355,5942,7193,5784,37.859
8.424095,5946,7195,5786,37.859
8.428501,5950,7196,5787,37.859
8.434146,5951,7198,5787,37.859
8.438656,5953,7199,5786,37.859
8.444343,5953,7200,5785,37.859
8.448775,5955,7202,5780,37.859
8.454493,5956,7203,5775,37.859
8.458876,5958,7205,5770,37.859
8.463322,5957,7205,5767,37.859
8.469071,5955,7207,5765,37.859
8.473470,5953,7208,5765,37.859
8.479149,5951,7207,5767,37.859
8.483554,5951,7205,5766,37.859
8.489342,5952,7203,5763,37.859
8.493581,5953,7202,5759,37.859
8.498143,5952,7199,5754,37.859
8.503645,5951,7198,5750,37.859
8.508260,5949,7198,5747,37.859
8.513938,5948,7197,5745,37.859
8.518409,5949,7196,5741,37.859
8.524104,5948,7194,5738,37.859
8.528547,5948,7191,5733,37.859
8.534292,5948,7187,5732,37.859
8.538471,5947,7185,5735,37.859
8.543096,5949,7185,5737,37.859
8.548822,5951,7184,5739,37.859
8.553229,5952,7185,5740,37.859
8.558963,5953,7186,5742,37.859
8.563355,5955,7185,5743,37.859
8.569084,5956,7184,5748,37.859
8.573476,5957,7183,5754,37.859
8.577886,5957,7185,5756,37.859
8.583623,5957,7187,5761,37.859
8.588038,5958,7188,5761,37.859
8.593720,5958,7191,5761,37.859
8.598200,5960,7191,5760,37.859
8.603846,5961,7190,5756,37.859
8.608163,5960,7190,5756,37.859
8.614049,5960,7189,5755,37.859
8.618452,5960,7187,5756,37.859
8.622921,5960,7188,5756,37.859
8.628578,5960,7187,5754,37.859
8.633061,5959,7186,5755,37.859
8.638708,5957,7185,5755,37.859
8.643180,5955,7184,5758,37.859
8.648869,5953,7182,5763,37.859
8.653158,5952,7179,5768,37.859
8.657710,5951,7177,5774,37.859
8.663389,5949,7176,5782,37.859
8.667798,5947,7174,5786,37.859
8.673513,5946,7175,5787,37.859
8.677958,5946,7176,5781,37.859
8.683628,5948,7177,5773,37.859
8.688125,5949,7180,5768,37.859
8.693761,5950,7182,5764,37.859
8.698222,5950,7184,5761,37.859
8.702491,5951,7187,5761,37.859
8.708385,5949,7188,5762,37.859
8.712549,5949,7189,5761,37.859
8.718429,5949,7190,5760,37.859
8.722938,5948,7190,5759,37.859
8.728594,5949,7190,5757,37.859
8.733020,5947,7191,5755,37.859
8.737481,5945,7193,5754,37.859
8.743002,5942,7195,5756,37.859
8.747651,5938,7198,5756,37.859
8.753281,5935,7200,5759,37.859
8.757732,5934,7201,5762,37.859
8.763437,5935,7200,5762,37.859
8.767833,5935,7198,5762,37.859
8.773619,5936,7196,5763,37.859
8.778010,5936,7195,5762,37.859
8.782428,5936,7194,5759,37.859
8.788169,5935,7194,5756,37.859
8.792569,5933,7193,5753,37.859
8.798221,5932,7193,5752,37.859
8.802798,5931,7193,5755,37.859
8.808398,5932,7193,5761,37.859
8.812855,5931,7193,5764,37.859
8.817266,5932,7193,5763,37.859
8.823045,5932,7194,5762,37.859
8.827425,5932,7196,5759,37.859
8.833124,5934,7197,5758,37.859
8.837562,5936,7199,5758,37.859
8.843212,5936,7199,5756,37.859
8.847704,5937,7198,5754,37.859
8.853365,5936,7196,5752,37.859
8.857794,5934,7195,5749,37.859
8.862219,5933,7194,5749,37.859
8.867924,5931,7194,5747,37.859
8.872347,5931,7195,5747,37.859
8.878075,5932,7194,5749,37.859
8.882501,5934,7193,5754,37.859
8.888165,5938,7192,5757,37.859
8.892607,5941,7192,5760,37.859
8.896992,5943,7192,5762,37.859
8.902869,5944,7193,5761,37.859
8.907193,5947,7192,5761,37.859
8.912860,5948,7192,5762,37.859
8.917333,5950,7193,5762,37.859
8.923006,5951,7194,5764,37.859
8.927443,5951,7194,5764,37.859
8.933140,5952,7195,5763,37.859
8.937584,5953,7194,5762,37.859
8.942078,5953,7194,5761,37.859
8.947693,5955,7193,5760,37.859
8.952180,5957,7192,5756,37.859
8.957832,5956,7193,5754,37.859
8.962273,5957,7192,5755,37.859
8.967997,5956,7193,5753,37.859
8.972413,5953,7192,5752,37.859
8.976819,5953,7191,5751,37.859
8.982537,5952,7191,5750,37.859
8.986919,5953,7190,5750,37.859
8.992659,5955,7190,5752,37.859
8.997135,5956,7188,5756,37.859
9.002867,5956,7186,5763,37.859
9.007206,5954,7183,5768,37.859
9.012798,5953,7183,5771,37.859
9.017409,5952,7184,5774,37.859
9.021807,5952,7185,5773,37.859
9.027430,5952,7186,5772,37.859
9.032056,5952,7186,5770,37.859
9.037655,5953,7186,5769,37.859
9.042209,5951,7186,5769,37.859
9.047829,5950,7185,5771,37.859
9.052303,5947,7185,5771,37.859
9.056684,5946,7185,5770,37.859
9.062431,5948,7184,5771,37.859
9.066794,5950,7184,5769,37.859
9.072494,5954,7183,5767,37.859
9.076974,5956,7183,5766,37.859
9.082659,5957,7183,5765,37.859
9.087041,5957,7182,5764,37.859
9.092803,5957,7183,5763,37.859
9.097237,5958,7182,5762,37.859
9.101644,5959,7181,5760,37.859
9.107365,5960,7179,5760,37.859
9.111858,5961,7180,5761,37.859
9.117452,5961,7182,5761,37.859
9.121988,5961,7184,5762,37.859
9.127667,5959,7185,5760,37.859
9.132088,5957,7187,5757,37.859
9.136487,5956,7189,5756,37.859
9.142201,5958,7190,5754,37.859
9.146581,5959,7191,5751,37.859
9.152297,5961,7190,5747,37.859
9.156794,5962,7188,5749,37.859
9.162452,5962,7186,5749,37.859
9.166872,5960,7185,5752,37.859
9.172568,5959,7183,5753,37.859
9.177010,5958,7183,5752,37.859
9.181354,5958,7183,5751,37.859
9.187120,5959,7184,5752,37.859
9.191599,5960,7185,5755,37.859
9.197078,5962,7185,5759,37.859
9.201691,5964,7187,5761,37.859
9.207388,5965,7189,5761,37.859
9.211895,5967,7191,5761,37.859
9.216253,5967,7192,5762,37.859
9.222023,5966,7192,5761,37.859
9.226425,5966,7191,5765,37.859
9.232025,5966,7190,5769,37.859
9.236553,5967,7188,5772,37.859
9.242194,5967,7186,5773,37.859
9.246663,5967,7184,5775,37.859
9.252325,5966,7184,5775,37.859
9.256827,5963,7186,5771,37.859
9.261213,5962,7189,5768,37.859
9.266980,5960,7193,5765,37.859
9.271364,5959,7195,5761,37.859
9.277050,5959,7198,5757,37.859
9.281459,5958,7198,5755,37.859
9.287188,5960,7198,5756,37.859
9.291572,5961,7197,5757,37.859
9.296023,5962,7196,5757,37.859
9.301751,5962,7197,5756,37.859
9.306180,5962,7198,5755,37.859
9.311861,5963,7200,5755,37.859
9.316327,5964,7201,5755,37.859
9.322011,5965,7203,5753,37.859
9.326451,5966,7202,5755,37.859
9.332155,5966,7200,5757,37.859
9.336572,5965,7198,5757,37.859
9.340997,5962,7196,5762,37.859
9.346681,5959,7194,5765,37.859
9.351185,5957,7192,5765,37.859
9.356827,5955,7192,5765,37.859
9.361309,5954,7191,5760,37.859
9.366950,5952,7190,5753,37.859
9.371369,5952,7190,5746,37.859
9.375788,5951,7190,5742,37.859
9.381551,5949,7190,5739,37.859
9.385919,5949,7190,5737,37.859
9.391639,5948,7191,5737,37.859
9.395922,5949,7193,5739,37.859
9.401794,5950,7194,5740,37.859
9.406182,5951,7196,5742,37.859
9.411890,5953,7197,5744,37.859
9.416335,5951,7196,5745,37.859
9.420786,5952,7195,5747,37.859
9.426460,5952,7194,5750,37.859
9.430953,5952,7192,5753,37.853
9.436610,5951,7191,5759,37.859
9.441076,5949,7192,5762,37.853
9.446751,5947,7193,5760,37.859
9.451210,5945,7195,5757,37.859
9.455605,5943,7197,5754,37.853
9.461341,5942,7198,5753,37.853
9.465734,5942,7200,5754,37.853
9.471456,5942,7200,5759,37.853
9.475872,5944,7199,5761,37.853
9.481518,5945,7197,5761,37.853
9.485962,5945,7195,5763,37.853
9.491672,5945,7195,5762,37.853
9.496133,5944,7195,5762,37.853
9.500517,5943,7195,5761,37.853
9.506227,5943,7194,5762,37.853
9.510535,5942,7193,5762,37.853
9.516380,5941,7192,5765,37.848
9.520819,5940,7190,5765,37.848
9.526541,5941,7189,5764,37.848
9.530958,5942,7187,5763,37.853
9.535414,5945,7185,5761,37.853
9.541103,5949,7183,5759,37.853
9.545410,5951,7182,5759,37.853
9.551091,5953,7181,5760,37.853
9.555641,5954,7182,5763,37.853
9.561373,5952,7184,5762,37.853
9.565759,5953,7187,5761,37.853
9.571456,5955,7189,5760,37.853
9.575889,5956,7191,5761,37.853
9.580306,5959,7189,5763,37.853
9.585977,5961,7187,5766,37.853
9.590415,5962,7185,5768,37.853
9.596081,5965,7182,5767,37.853
9.600555,5967,7182,5767,37.853
9.606295,5968,7181,5765,37.853
9.610642,5967,7182,5765,37.853
9.615152,5964,7184,5767,37.853
9.620773,5959,7186,5768,37.853
9.625190,5955,7188,5767,37.853
9.630921,5953,7189,5765,37.853
9.635389,5954,7190,5764,37.853
9.641078,5955,7190,5762,37.853
9.645524,5956,7189,5759,37.853
9.651240,5958,7190,5760,37.853
9.655683,5959,7190,5761,37.853
9.660019,5960,7189,5762,37.853
9.665747,5962,7189,5764,37.853
9.670173,5962,7189,5764,37.853
9.675893,5963,7189,5763,37.853
9.680335,5963,7189,5763,37.853
9.685978,5961,7190,5763,37.853
9.690461,5960,7190,5762,37.853
9.694888,5960,7190,5761,37.853
9.700626,5959,7190,5764,37.853
9.704952,5957,7189,5766,37.853
9.710702,5955,7187,5769,37.853
9.715161,5954,7186,5771,37.853
9.720850,5955,7184,5770,37.853
9.725306,5954,7182,5768,37.853
9.731001,5953,7181,5764,37.853
9.735447,5952,7180,5764,37.859
9.739863,5949,7178,5761,37.859
9.745557,5948,7177,5762,37.859
9.750147,5947,7176,5765,37.859
9.755674,5946,7176,5766,37.859
9.760171,5945,7175,5770,37.859
9.765809,5945,7174,5773,37.859
9.770199,5946,7173,5776,37.859
9.774678,5948,7170,5780,37.859
9.780432,5950,7169,5781,37.859
9.784852,5953,7168,5779,37.859
9.790498,5955,7167,5777,37.859
9.794883,5956,7167,5776,37.859
9.800647,5957,7169,5774,37.859
9.805099,5959,7169,5772,37.859
9.810814,5961,7171,5772,37.859
9.815160,5963,7171,5770,37.859
9.819631,5965,7171,5766,37.859
9.825379,5966,7171,5766,37.859
9.829793,5967,7171,5766,37.859
9.835472,5968,7172,5768,37.859
9.839989,5970,7173,5769,37.859
9.845581,5971,7173,5773,37.859
9.850025,5971,7173,5774,37.864
9.854423,5972,7172,5778,37.864
9.860191,5972,7172,5784,37.864
9.864593,5972,7172,5790,37.864
9.870269,5974,7169,5794,37.864
9.874752,5975,7167,5797,37.864
9.880408,5976,7165,5799,37.864
9.884847,5976,7164,5799,37.864
9.890563,5974,7166,5801,37.864
9.895018,5971,7167,5802,37.864
9.899415,5969,7169,5802,37.864
9.905131,5967,7171,5800,37.864
9.909561,5965,7171,5795,37.870
9.915179,5964,7171,5791,37.870
9.919708,5961,7170,5787,37.870
9.925373,5960,7171,5785,37.870
9.929838,5959,7172,5785,37.870
9.934210,5960,7174,5783,37.870
9.939994,5961,7177,5781,37.870
9.944364,5962,7178,5778,37.870
9.950094,5961,7179,5776,37.870
9.954446,5959,7178,5772,37.870
9.960244,5958,7177,5770,37.870
9.964637,5957,7177,5765,37.870
9.970365,5958,7177,5762,37.870
9.974751,5959,7177,5761,37.870
9.979184,5960,7177,5761,37.870
9.984885,5960,7177,5763,37.870
9.989235,5961,7176,5769,37.870
9.995064,5962,7176,5770,37.870
9.999464,5961,7174,5770,37.870
10.005132,5960,7173,5771,37.870
10.009587,5960,7171,5770,37.870
10.013706,5960,7170,5770,37.870
10.019715,5963,7169,5770,37.870
10.024192,5964,7169,5766,37.870
10.029583,5966,7172,5763,37.875
10.034348,5967,7174,5761,37.875
10.039936,5966,7175,5756,37.875
10.044221,5964,7177,5753,37.875
10.050119,5962,7177,5749,37.875
10.054529,5958,7177,5746,37.875
10.058962,5954,7177,5746,37.875
10.064700,5951,7178,5750,37.875
10.069168,5949,7179,5754,37.875
10.074779,5949,7180,5754,37.875
10.079209,5949,7181,5754,37.875
10.084936,5951,7182,5755,37.875
10.089349,5953,7182,5755,37.875
10.093765,5954,7181,5759,37.875
10.099523,5956,7180,5768,37.875
10.103940,5956,7180,5770,37.875
10.109620,5955,7180,5772,37.875
10.113992,5955,7181,5772,37.875
10.119753,5954,7181,5768,37.875
10.124161,5954,7181,5764,37.875
10.129909,5954,7180,5761,37.875
10.134308,5955,7178,5759,37.875
10.138742,5956,7177,5756,37.875
10.144504,5956,7176,5755,37.875
10.148821,5956,7174,5756,37.875
10.154559,5955,7174,5755,37.875
10.159035,5955,7173,5755,37.875
10.164655,5955,7172,5756,37.875
10.169165,5956,7172,5755,37.875
10.173511,5958,7173,5758,37.875
10.179278,5959,7175,5759,37.875
10.183689,5960,7177,5762,37.881
10.189374,5961,7180,5761,37.881
10.193832,5961,7183,5760,37.881
10.199510,5964,7186,5760,37.881
10.203959,5964,7187,5760,37.881
10.209663,5964,7186,5759,37.881
10.214136,5964,7184,5759,37.881
10.218485,5960,7181,5760,37.881
10.224204,5959,7179,5760,37.881
10.228686,5958,7179,5757,37.881
10.234345,5957,7179,5753,37.881
10.238779,5957,7181,5749,37.881
10.244468,5957,7183,5747,37.881
10.248961,5955,7184,5745,37.881
10.253296,5954,7184,5745,37.881
10.259030,5955,7184,5745,37.881
10.263438,5958,7184,5744,37.881
10.269176,5960,7185,5744,37.881
10.273563,5959,7186,5746,37.881
10.279275,5958,7186,5749,37.881
10.283686,5954,7186,5752,37.881
10.289450,5951,7187,5755,37.881
10.293817,5950,7186,5755,37.881
10.298267,5949,7186,5752,37.881
10.303997,5950,7186,5750,37.881
10.308429,5950,7186,5747,37.881
10.313920,5951,7185,5746,37.881
10.318525,5952,7184,5745,37.881
10.324226,5953,7185,5746,37.881
10.328661,5954,7188,5748,37.881
10.333134,5955,7190,5746,37.881
10.338869,5955,7192,5749,37.881
10.343237,5955,7193,5754,37.881
10.348849,5954,7194,5757,37.881
10.353456,5952,7195,5761,37.881
10.359113,5951,7194,5765,37.881
10.363476,5951,7193,5765,37.881
10.369210,5953,7192,5766,37.881
10.373620,5955,7187,5764,37.881
10.377988,5957,7185,5764,37.881
10.383728,5958,7182,5761,37.881
10.388177,5961,7179,5760,37.881
10.393877,5962,7177,5760,37.881
10.398337,5962,7175,5761,37.881
10.404063,5962,7172,5764,37.881
10.408478,5961,7170,5767,37.881
10.412926,5958,7170,5770,37.881
10.418592,5955,7169,5774,37.881
10.422959,5952,7170,5773,37.881
10.428698,5950,7172,5774,37.881
10.433199,5949,7174,5773,37.881
10.438896,5949,7177,5773,37.886
10.443131,5949,7180,5775,37.881
10.449000,5949,7183,5776,37.881
10.453431,5950,7184,5778,37.881
10.457803,5950,7185,5779,37.881
10.463585,5948,7185,5780,37.881
10.467937,5948,7186,5777,37.881
10.473650,5949,7187,5774,37.881
10.478134,5950,7187,5771,37.881
10.483775,5951,7185,5768,37.881
10.488222,5953,7182,5765,37.881
10.492641,5954,7180,5761,37.881
10.498384,5957,7177,5758,37.881
10.502784,5960,7175,5757,37.881
10.508483,5961,7173,5757,37.881
10.512696,5962,7173,5759,37.881
10.518556,5962,7174,5761,37.881
10.522881,5963,7176,5765,37.881
10.528760,5963,7177,5767,37.881
10.533252,5963,7178,5771,37.881
10.537416,5965,7179,5774,37.881
10.543372,5966,7178,5778,37.881
10.547735,5968,7177,5782,37.881
10.553471,5971,7176,5782,37.881
10.557907,5971,7174,5781,37.881
10.563585,5970,7174,5779,37.881
10.568033,5971,7174,5777,37.886
10.572438,5970,7175,5774,37.886
10.578175,5971,7178,5770,37.886
10.582600,5972,7183,5767,37.886
10.588255,5973,7187,5763,37.886
10.592712,5972,7190,5759,37.886
10.598479,5970,7192,5757,37.886
10.602738,5968,7192,5755,37.886
10.608529,5967,7190,5753,37.886
10.612740,5967,7189,5755,37.886
10.617426,5968,7187,5756,37.886
10.622933,5969,7187,5754,37.886
10.627615,5970,7187,5753,37.886
10.633222,5969,7187,5751,37.886
10.637733,5968,7186,5750,37.886
10.643403,5965,7184,5751,37.886
10.647857,5963,7182,5753,37.886
10.652250,5959,7180,5752,37.886
10.657954,5957,7177,5753,37.886
10.662386,5957,7174,5753,37.886
10.668098,5955,7172,5755,37.886
10.672487,5954,7170,5756,37.886
10.678193,5953,7169,5756,37.886
10.682604,5950,7169,5755,37.886
10.688318,5948,7170,5756,37.886
10.692759,5946,7171,5753,37.886
10.696968,5946,7171,5753,37.886
10.702932,5947,7171,5756,37.886
10.707309,5949,7169,5760,37.886
10.712996,5952,7169,5765,37.886
10.717447,5954,7169,5771,37.886
10.723113,5956,7168,5773,37.892
10.727581,5957,7170,5774,37.892
10.732059,5958,7173,5775,37.886
10.737702,5957,7175,5777,37.886
10.742260,5957,7178,5781,37.886
10.747824,5957,7180,5784,37.886
10.752316,5955,7182,5788,37.886
10.758002,5953,7184,5790,37.886
10.762380,5952,7185,5791,37.886
10.768156,5952,7185,5790,37.886
10.772544,5952,7185,5787,37.886
10.776945,5953,7184,5787,37.886
10.782665,5954,7184,5787,37.886
10.787049,5954,7184,5787,37.886
10.792801,5953,7184,5787,37.886
10.797242,5954,7185,5788,37.886
10.802969,5953,7187,5789,37.886
10.807358,5953,7188,5790,37.892
10.811781,5953,7191,5792,37.892
10.817523,5953,7194,5792,37.892
10.822037,5951,7196,5791,37.886
10.827582,5950,7200,5790,37.886
10.832092,5953,7201,5789,37.886
10.837774,5954,7202,5789,37.886
10.842237,5956,7203,5788,37.886
10.847881,5958,7203,5784,37.886
10.852368,5957,7202,5781,37.886
10.856693,5957,7201,5778,37.886
10.862453,5958,7198,5775,37.886
10.866887,5959,7197,5772,37.886
10.872565,5961,7196,5769,37.886
10.876977,5962,7196,5768,37.886
10.882703,5963,7199,5767,37.886
10.887100,5964,7201,5767,37.886
10.891552,5965,7203,5766,37.886
10.897278,5966,7204,5763,37.886
10.901696,5967,7204,5760,37.886
10.907367,5969,7202,5757,37.886
10.911870,5970,7202,5758,37.886
10.917518,5970,7202,5761,37.886
10.921947,5969,7201,5767,37.886
10.927671,5967,7200,5771,37.886
10.932139,5964,7199,5771,37.886
10.936534,5962,7198,5769,37.886
10.942295,5961,7197,5768,37.886
10.946690,5960,7197,5766,37.886
10.952349,5960,7196,5767,37.886
10.956823,5959,7195,5767,37.886
10.962554,5956,7196,5767,37.886
10.966938,5953,7197,5769,37.886
10.971326,5950,7199,5767,37.886
10.977034,5948,7201,5769,37.886
10.981443,5949,7202,5771,37.886
10.987150,5952,7203,5773,37.886
10.991611,5955,7204,5776,37.886
10.996974,5957,7204,5777,37.886
11.001391,5958,7204,5780,37.886
11.007202,5958,7205,5783,37.886
11.011609,5956,7204,5787,37.881
11.015971,5954,7203,5788,37.881
11.021766,5954,7201,5790,37.881
11.026136,5955,7200,5790,37.881
11.031834,5956,7199,5788,37.881
11.036254,5956,7197,5790,37.881
11.042269,5955,7196,5788,37.881
11.046704,5954,7195,5785,37.881
11.051159,5954,7195,5784,37.881
11.056853,5955,7196,5783,37.881
11.061178,5958,7197,5780,37.881
11.066959,5957,7196,5776,37.881
11.071393,5957,7194,5774,37.881
11.077111,5955,7193,5768,37.881
11.081507,5951,7191,5764,37.881
11.087257,5950,7190,5761,37.881
11.091668,5948,7189,5759,37.881
11.096035,5947,7189,5758,37.881
11.101924,5949,7189,5757,37.881
11.106187,5949,7187,5758,37.881
11.111965,5949,7186,5759,37.881
11.116358,5949,7185,5759,37.881
11.122061,5948,7184,5759,37.881
11.126449,5949,7184,5758,37.881
11.130882,5949,7184,5755,37.881
11.136598,5950,7183,5755,37.881
11.141056,5951,7183,5757,37.881
11.146699,5949,7183,5759,37.881
11.151167,5950,7183,5764,37.881
11.156867,5950,7184,5771,37.881
11.161293,5950,7185,5776,37.881
11.167032,5952,7184,5781,37.881
11.171409,5955,7183,5785,37.881
11.175839,5956,7183,5783,37.881
11.181570,5956,7183,5783,37.881
11.186017,5954,7184,5782,37.881
11.191651,5951,7185,5780,37.881
11.195967,5947,7186,5779,37.881
11.201859,5946,7186,5778,37.881
11.206231,5944,7187,5774,37.881
11.210650,5943,7188,5772,37.881
11.216382,5943,7190,5770,37.881
11.220802,5943,7190,5767,37.881
11.226481,5944,7191,5767,37.881
11.230926,5945,7191,5767,37.881
11.236619,5946,7189,5767,37.881
11.241149,5948,7188,5767,37.881
11.246828,5950,7188,5767,37.881
11.251230,5954,7187,5769,37.881
11.255658,5956,7186,5771,37.881
11.261512,5958,7185,5774,37.881
11.265768,5959,7184,5775,37.881
11.271486,5958,7184,5775,37.881
11.275879,5958,7184,5775,37.881
11.281661,5959,7186,5775,37.881
11.286016,5960,7189,5775,37.881
11.290468,5962,7189,5778,37.881
11.296090,5962,7190,5780,37.881
11.300535,5961,7189,5783,37.881
11.306271,5959,7188,5783,37.881
11.310732,5956,7187,5781,37.881
11.316356,5955,7187,5779,37.881
11.320878,5953,7185,5776,37.881
11.326550,5951,7184,5776,37.881
11.331015,5951,7183,5778,37.881
11.335402,5949,7181,5776,37.881
11.341141,5946,7181,5774,37.881
11.345509,5944,7181,5771,37.881
11.351211,5941,7182,5767,37.881
11.355650,5940,7184,5763,37.881
11.361403,5942,7187,5761,37.875
11.365784,5942,7190,5759,37.875
11.370200,5942,7193,5759,37.875
11.375940,5942,7193,5762,37.875
11.380373,5940,7193,5765,37.875
11.386049,5940,7193,5767,37.875
11.390508,5942,7192,5769,37.875
11.396030,5944,7192,5769,37.875
11.400672,5948,7191,5767,37.875
11.406339,5951,7189,5765,37.875
11.410751,5952,7186,5763,37.875
11.415133,5954,7183,5764,37.875
11.420898,5957,7181,5765,37.875
11.425263,5958,7180,5770,37.875
11.430975,5960,7181,5774,37.875
11.435444,5960,7183,5775,37.875
11.441137,5957,7184,5777,37.875
11.445497,5954,7184,5776,37.875
11.450003,5952,7184,5775,37.875
11.455732,5951,7182,5778,37.875
11.460114,5950,7181,5779,37.875
11.465800,5950,7181,5777,37.875
11.470310,5950,7181,5775,37.875
11.475958,5948,7181,5770,37.875
11.480356,5947,7184,5769,37.875
11.486068,5945,7185,5772,37.875
11.490528,5942,7186,5771,37.875
11.494936,5941,7185,5772,37.875
11.500646,5942,7185,5770,37.875
11.505062,5942,7185,5762,37.875
11.510568,5945,7185,5756,37.875
11.515232,5947,7185,5751,37.875
11.520898,5947,7186,5752,37.875
11.525282,5946,7185,5755,37.875
11.529754,5945,7186,5756,37.875
11.535482,5943,7186,5759,37.875
11.539617,5942,7186,5762,37.875
11.545599,5942,7187,5765,37.875
11.550095,5943,7187,5768,37.875
11.555732,5945,7188,5775,37.875
11.560106,5947,7189,5780,37.875
11.565778,5948,7189,5783,37.875
11.570288,5949,7188,5785,37.875
11.574714,5950,7187,5785,37.875
11.580241,5952,7186,5783,37.875
11.584847,5954,7186,5782,37.875
11.590568,5956,7185,5781,37.875
11.594974,5957,7183,5780,37.875
11.600690,5958,7180,5777,37.875
11.605124,5957,7176,5776,37.875
11.609513,5955,7175,5775,37.875
11.615258,5953,7175,5774,37.875
11.619506,5951,7177,5771,37.875
11.625357,5950,7180,5770,37.875
11.629779,5949,7181,5770,37.875
11.635480,5948,7182,5770,37.875
11.639974,5947,7183,5770,37.875
11.645631,5946,7181,5773,37.875
11.650058,5947,7181,5771,37.875
11.654462,5950,7181,5771,37.875
11.660236,5952,7180,5769,37.875
11.664562,5953,7181,5766,37.875
11.670310,5954,7183,5766,37.875
11.674752,5953,7184,5765,37.875
11.680492,5953,7185,5767,37.875
11.684624,5952,7187,5767,37.875
11.689311,5951,7189,5767,37.875
11.695014,5950,7189,5765,37.875
11.699394,5949,7191,5760,37.875
11.705061,5949,7193,5756,37.875
11.709605,5950,7193,5755,37.875
11.715266,5950,7192,5756,37.875
11.719786,5950,7192,5757,37.875
11.725429,5950,7191,5761,37.875
11.729843,5949,7191,5765,37.875
11.734328,5948,7190,5767,37.875
11.740025,5947,7190,5771,37.875
11.744451,5946,7190,5773,37.875
11.750124,5945,7190,5772,37.875
11.754551,5945,7191,5768,37.875
11.760262,5946,7194,5763,37.875
11.764675,5948,7196,5759,37.875
11.769150,5950,7197,5757,37.875
11.774749,5952,7198,5759,37.870
11.779252,5953,7196,5760,37.870
11.784928,5953,7195,5763,37.870
11.789336,5953,7195,5765,37.870
11.795084,5952,7195,5767,37.870
11.799213,5951,7196,5768,37.870
11.805230,5950,7195,5770,37.870
11.809622,5951,7194,5771,37.870
11.814051,5953,7191,5771,37.870
11.819776,5953,7189,5772,37.870
11.824185,5953,7188,5775,37.870
11.829886,5953,7187,5771,37.870
11.834364,5952,7187,5771,37.870
11.840084,5951,7186,5772,37.870
11.844514,5951,7185,5770,37.870
11.848915,5952,7184,5771,37.870
11.854596,5952,7182,5766,37.870
11.859004,5952,7181,5763,37.870
11.864695,5953,7181,5759,37.870
11.869165,5954,7181,5754,37.870
11.874825,5953,7180,5753,37.870
11.879268,5953,7179,5751,37.870
11.884957,5951,7176,5751,37.870
11.889449,5949,7173,5754,37.870
11.893818,5947,7171,5757,37.870
11.899500,5946,7170,5759,37.870
11.903717,5947,7173,5760,37.870
11.909646,5948,7178,5762,37.870
11.914112,5951,7181,5761,37.870
11.919822,5954,7186,5762,37.870
11.924218,5955,7189,5765,37.870
11.928707,5955,7191,5766,37.870
11.934368,5956,7192,5768,37.870
11.938809,5955,7191,5766,37.870
11.944517,5956,7191,5762,37.870
11.948780,5956,7191,5762,37.870
11.954551,5955,7191,5759,37.870
11.959041,5955,7191,5759,37.870
11.964763,5955,7189,5757,37.870
11.969194,5959,7187,5757,37.870
11.973616,5961,7184,5757,37.870
11.979300,5962,7183,5755,37.870
11.983704,5963,7183,5758,37.870
11.989456,5963,7183,5761,37.870
11.993882,5963,7181,5760,37.870
11.999563,5963,7179,5758,37.870
12.003899,5963,7178,5757,37.870
12.008362,5963,7177,5756,37.870
12.013856,5964,7178,5756,37.875
12.018533,5964,7179,5756,37.875
12.024081,5964,7180,5757,37.875
12.028399,5964,7182,5759,37.875
12.034329,5965,7183,5764,37.875
12.038760,5966,7185,5771,37.875
12.044363,5965,7186,5776,37.875
12.048908,5964,7187,5781,37.875
12.053313,5964,7188,5786,37.875
12.059157,5963,7190,5786,37.875
12.063463,5962,7192,5785,37.875
12.069168,5962,7192,5782,37.875
12.073597,5961,7190,5776,37.875
12.079301,5960,7187,5773,37.875
12.083707,5960,7185,5769,37.875
12.088163,5958,7185,5767,37.875
12.093862,5958,7184,5766,37.875
12.098068,5958,7184,5763,37.875
12.103763,5959,7183,5760,37.875
12.108218,5959,7183,5758,37.875
12.114132,5958,7183,5759,37.875
12.118537,5958,7185,5759,37.875
12.124307,5958,7185,5757,37.875
12.128683,5957,7188,5754,37.875
12.133187,5958,7189,5748,37.875
12.138828,5960,7190,5742,37.875
12.143274,5959,7192,5737,37.875
12.148895,5959,7191,5734,37.875
12.153385,5957,7191,5736,37.875
12.159077,5954,7190,5738,37.875
12.163496,5953,7191,5741,37.875
12.167935,5951,7193,5743,37.875
12.173654,5949,7195,5745,37.875
12.178068,5948,7196,5750,37.875
12.183736,5945,7197,5757,37.875
12.188202,5945,7196,5765,37.875
12.193929,5945,7196,5770,37.875
12.198309,5945,7195,5772,37.875
12.204062,5946,7192,5771,37.875
12.208500,5947,7191,5767,37.875
12.212965,5947,7191,5766,37.875
12.218831,5946,7191,5765,37.875
12.223080,5946,7193,5764,37.875
12.228727,5947,7194,5766,37.875
12.233014,5947,7193,5768,37.875
12.238875,5947,7191,5767,37.875
12.243366,5950,7189,5765,37.870
12.247764,5952,7188,5760,37.870
12.253508,5954,7188,5757,37.870
12.257945,5955,7188,5755,37.870
12.263549,5955,7186,5757,37.870
12.267982,5955,7184,5761,37.870
12.273684,5956,7180,5766,37.870
12.278117,5958,7177,5770,37.875
12.283804,5961,7176,5772,37.875
12.288273,5963,7175,5769,37.875
12.292683,5963,7176,5765,37.875
12.298354,5960,7178,5762,37.875
12.302850,5956,7180,5759,37.875
12.308540,5952,7182,5758,37.875
12.312882,5949,7182,5761,37.875
12.318680,5948,7185,5767,37.875
12.323077,5948,7186,5772,37.875
12.327504,5950,7186,5774,37.875
12.332990,5953,7186,5774,37.875
12.337610,5954,7186,5772,37.875
12.343350,5954,7187,5771,37.875
12.347820,5953,7188,5770,37.875
12.353468,5951,7188,5773,37.875
12.357897,5950,7191,5774,37.875
12.363594,5950,7191,5776,37.875
12.368070,5951,7192,5773,37.875
12.372512,5953,7193,5770,37.875
12.378170,5954,7192,5765,37.875
12.382601,5955,7192,5761,37.875
12.388267,5955,7193,5762,37.875
12.392577,5955,7193,5763,37.875
12.398410,5956,7195,5763,37.875
12.402898,5958,7195,5765,37.875
12.407242,5959,7194,5764,37.875
12.413043,5963,7194,5765,37.875
12.417396,5964,7194,5765,37.875
12.423060,5964,7192,5768,37.875
12.427623,5963,7192,5769,37.875
12.433204,5960,7192,5769,37.875
12.437674,5959,7190,5769,37.875
12.443250,5960,7190,5769,37.875
12.447854,5961,7189,5768,37.875
12.452235,5962,7189,5766,37.875
12.457936,5963,7190,5765,37.875
12.462369,5961,7190,5763,37.875
12.468055,5958,7191,5762,37.875
12.472337,5955,7190,5761,37.875
12.478254,5953,7188,5762,37.875
12.482644,5950,7187,5763,37.875
12.487026,5948,7185,5763,37.875
12.492783,5946,7184,5765,37.875
12.497165,5944,7184,5765,37.875
12.502610,5943,7183,5765,37.875
12.507338,5941,7183,5767,37.875
12.513073,5939,7184,5767,37.870
12.517432,5936,7185,5767,37.870
12.523110,5935,7188,5770,37.870
12.527619,5935,7191,5770,37.870
12.532081,5936,7194,5771,37.870
12.537765,5939,7196,5770,37.870
12.542143,5941,7197,5771,37.870
12.547885,5943,7199,5768,37.870
12.552290,5946,7200,5766,37.870
12.558021,5949,7201,5766,37.870
12.562415,5951,7203,5766,37.870
12.566792,5953,7203,5765,37.870
12.572550,5955,7200,5767,37.870
12.576943,5957,7199,5767,37.870
12.582668,5958,7197,5765,37.870
12.587093,5959,7195,5763,37.870
12.592823,5959,7195,5762,37.870
12.597230,5958,7194,5762,37.870
12.602967,5958,7194,5763,37.870
12.607352,5959,7194,5767,37.870
12.611781,5960,7195,5776,37.870
12.617474,5962,7198,5781,37.870
12.621936,5961,7200,5785,37.870
12.627629,5959,7202,5786,37.870
12.632198,5957,7204,5788,37.870
12.637760,5955,7204,5787,37.870
12.642184,5953,7205,5784,37.870
12.646604,5953,7204,5783,37.870
12.652340,5954,7203,5780,37.870
12.656776,5956,7201,5779,37.870
12.662423,5954,7197,5779,37.870
12.666874,5952,7195,5779,37.870
12.672578,5950,7192,5779,37.864
12.677117,5948,7192,5779,37.864
12.682729,5947,7191,5778,37.864
12.687166,5946,7193,5777,37.864
12.691557,5946,7195,5776,37.864
12.697256,5946,7196,5776,37.864
12.701686,5946,7198,5779,37.864
12.707400,5947,7198,5782,37.864
12.711835,5948,7198,5782,37.864
12.717561,5950,7198,5781,37.864
12.721983,5953,7197,5781,37.864
12.726375,5956,7196,5784,37.864
12.732144,5959,7194,5788,37.864
12.736571,5960,7193,5792,37.864
12.742196,5960,7192,5793,37.864
12.746688,5958,7191,5792,37.864
12.752356,5956,7191,5787,37.864
12.756801,5956,7191,5780,37.864
12.762496,5956,7191,5778,37.864
12.766926,5956,7191,5778,37.864
12.771309,5955,7193,5778,37.864
12.777064,5953,7194,5778,37.864
12.781484,5951,7195,5778,37.864
12.787165,5950,7195,5776,37.864
12.791610,5950,7195,5776,37.864
12.797294,5951,7197,5774,37.864
12.801723,5952,7198,5773,37.864
12.806140,5953,7202,5768,37.864
12.811919,5955,7203,5765,37.864
12.816274,5956,7205,5763,37.864
12.822024,5955,7204,5759,37.864
12.826433,5955,7202,5761,37.864
12.832123,5955,7198,5761,37.864
12.836555,5954,7194,5764,37.864
12.842241,5955,7193,5767,37.864
12.846699,5956,7193,5767,37.864
12.851135,5957,7193,5767,37.864
12.856857,5959,7192,5766,37.864
12.861311,5958,7191,5762,37.864
12.866988,5957,7188,5760,37.864
12.871352,5957,7186,5757,37.864
12.877085,5954,7183,5755,37.864
12.881481,5952,7180,5756,37.864
12.885936,5952,7180,5758,37.864
12.891648,5951,7181,5760,37.864
12.896081,5951,7183,5763,37.864
12.901747,5951,7185,5766,37.864
12.906194,5950,7186,5766,37.864
12.911945,5952,7186,5769,37.864
12.916332,5951,7185,5771,37.864
12.922072,5950,7184,5771,37.864
12.926468,5950,7183,5770,37.864
12.930932,5947,7181,5768,37.864
12.936633,5947,7181,5765,37.864
12.941070,5945,7180,5767,37.864
12.946706,5944,7180,5770,37.864
12.951191,5944,7183,5773,37.864
12.956852,5943,7184,5777,37.864
12.961201,5942,7187,5779,37.859
12.965732,5941,7188,5778,37.859
12.971445,5939,7189,5777,37.859
12.975835,5938,7189,5776,37.859
12.981521,5936,7190,5771,37.859
12.985974,5934,7190,5768,37.859
12.991672,5934,7191,5764,37.859
12.996097,5935,7190,5761,37.859
13.001853,5935,7189,5757,37.859
13.006251,5936,7189,5754,37.859
13.010737,5937,7188,5754,37.859
13.016412,5941,7187,5755,37.859
13.020817,5942,7187,5755,37.859
13.026547,5944,7186,5757,37.859
13.030951,5945,7187,5759,37.859
13.036738,5946,7187,5762,37.859
13.041154,5944,7187,5763,37.859
13.045241,5941,7185,5766,37.859
13.051255,5939,7184,5770,37.859
13.055615,5937,7182,5772,37.859
13.061341,5937,7180,5774,37.859
13.065768,5939,7180,5772,37.859
13.071472,5939,7180,5767,37.859
13.075960,5939,7181,5763,37.859
13.081580,5940,7181,5761,37.859
13.086009,5939,7181,5760,37.859
13.090204,5939,7181,5763,37.859
13.096106,5938,7180,5763,37.853
13.100622,5939,7179,5760,37.853
13.106315,5939,7179,5758,37.853
13.110715,5939,7179,5756,37.853
13.116407,5940,7180,5754,37.853
13.120851,5941,7181,5753,37.853
13.125319,5941,7183,5753,37.853
13.130981,5942,7185,5753,37.853
13.135428,5944,7187,5752,37.853
13.141127,5945,7187,5752,37.853
13.145540,5946,7186,5752,37.853
13.151256,5947,7185,5751,37.853
13.155634,5947,7183,5752,37.853
13.161443,5946,7183,5752,37.853
13.165816,5946,7185,5751,37.853
13.170231,5947,7185,5748,37.853
13.175923,5949,7187,5744,37.853
13.180352,5949,7188,5742,37.853
13.186052,5949,7189,5741,37.853
13.190522,5950,7192,5743,37.853
13.196207,5951,7194,5744,37.853
13.200646,5951,7195,5745,37.853
13.205019,5951,7197,5746,37.853
13.210749,5951,7197,5748,37.853
13.215170,5952,7196,5749,37.853
13.220870,5953,7195,5751,37.853
13.225290,5955,7192,5750,37.853
13.231001,5955,7189,5754,37.853
13.235406,5957,7186,5757,37.853
13.241164,5957,7184,5757,37.853
13.245627,5957,7183,5758,37.853
13.249998,5957,7182,5753,37.853
13.255711,5958,7182,5751,37.853
13.260194,5959,7183,5751,37.853
13.265819,5961,7182,5754,37.853
13.270253,5961,7183,5755,37.853
13.275973,5961,7182,5759,37.853
13.280375,5962,7182,5762,37.853
13.284809,5962,7183,5762,37.853
13.290509,5962,7183,5762,37.853
13.294933,5963,7184,5760,37.853
13.300626,5963,7186,5755,37.853
13.305083,5962,7187,5751,37.853
13.310755,5959,7188,5746,37.853
13.315203,5955,7189,5744,37.853
13.320918,5951,7189,5741,37.853
13.325370,5947,7188,5736,37.853
13.329813,5944,7188,5734,37.853
13.335497,5942,7188,5735,37.853
13.339750,5941,7188,5735,37.853
13.345312,5940,7188,5740,37.853
13.349840,5938,7188,5745,37.853
13.355710,5936,7188,5747,37.853
13.360156,5936,7188,5750,37.853
13.364579,5937,7189,5754,37.853
13.370311,5941,7188,5755,37.853
13.374733,5945,7188,5758,37.853
13.380432,5947,7189,5760,37.853
13.384869,5949,7187,5761,37.853
13.390551,5949,7187,5764,37.853
13.394990,5949,7186,5764,37.853
13.400722,5948,7186,5764,37.853
13.405131,5947,7185,5764,37.853
13.409556,5946,7184,5763,37.853
13.415283,5945,7181,5764,37.853
13.419748,5949,7178,5766,37.853
13.425356,5950,7176,5769,37.853
13.429855,5954,7176,5770,37.853
13.435481,5955,7179,5772,37.853
13.439933,5956,7181,5775,37.853
13.444364,5956,7183,5773,37.853
13.450160,5956,7184,5771,37.853
13.454522,5954,7183,5768,37.853
13.460185,5955,7182,5766,37.853
13.464610,5956,7180,5764,37.853
13.470323,5958,7180,5762,37.853
13.474775,5960,7180,5761,37.853
13.480453,5961,7181,5757,37.853
13.485051,5961,7184,5756,37.853
13.489282,5961,7184,5755,37.853
13.495019,5961,7184,5754,37.853
13.499473,5960,7184,5752,37.853
13.505124,5958,7183,5748,37.853
13.509588,5957,7183,5744,37.859
13.515248,5955,7184,5738,37.859
13.519699,5954,7185,5734,37.859
13.524148,5953,7185,5737,37.859
13.529860,5952,7186,5743,37.859
13.534313,5951,7187,5750,37.859
13.539807,5950,7188,5756,37.859
13.544402,5952,7188,5760,37.859
13.550148,5953,7188,5762,37.859
13.554337,5954,7187,5764,37.859
13.560228,5958,7186,5766,37.859
13.564666,5960,7185,5767,37.859
13.569110,5961,7185,5765,37.859
13.574784,5963,7186,5761,37.859
13.579226,5964,7187,5758,37.859
13.584885,5964,7188,5756,37.859
13.589410,5965,7188,5756,37.859
13.595053,5965,7188,5757,37.859
13.599470,5966,7188,5757,37.859
13.603894,5965,7187,5757,37.859
13.609642,5965,7186,5755,37.859
13.614004,5965,7185,5752,37.859
13.619753,5965,7184,5750,37.859
13.623947,5967,7182,5752,37.859
13.629876,5966,7183,5752,37.859
13.634290,5965,7185,5753,37.859
13.640004,5962,7187,5755,37.859
13.644480,5961,7192,5757,37.859
13.648876,5960,7195,5758,37.859
13.654596,5961,7198,5760,37.859
13.658988,5960,7200,5759,37.859
13.664700,5960,7202,5755,37.859
13.669134,5960,7203,5754,37.859
13.674808,5961,7202,5757,37.859
13.679256,5962,7200,5758,37.859
13.683632,5963,7197,5764,37.859
13.689416,5963,7193,5768,37.859
13.693599,5964,7190,5770,37.859
13.699506,5964,7188,5769,37.859
13.703940,5963,7187,5765,37.859
13.709661,5961,7186,5760,37.859
13.714101,5959,7186,5755,37.859
13.719825,5956,7187,5753,37.859
13.724235,5955,7186,5754,37.859
13.728676,5955,7186,5755,37.859
13.734380,5956,7186,5758,37.859
13.738763,5956,7187,5761,37.859
13.744476,5956,7186,5762,37.859
13.748781,5955,7186,5760,37.859
13.754343,5954,7187,5758,37.859
13.759043,5954,7185,5754,37.859
13.763284,5953,7185,5749,37.859
13.769197,5953,7184,5743,37.859
13.773607,5953,7185,5740,37.859
13.779291,5952,7186,5739,37.859
13.783729,5954,7187,5739,37.859
13.789443,5953,7190,5744,37.864
13.793874,5953,7192,5751,37.859
13.799556,5952,7194,5757,37.859
13.803982,5951,7198,5763,37.859
13.808401,5950,7200,5769,37.859
13.814155,5951,7201,5774,37.859
13.818590,5954,7199,5776,37.859
13.824205,5956,7199,5781,37.859
13.828698,5956,7199,5786,37.859
13.834353,5955,7200,5791,37.859
13.838834,5953,7203,5792,37.859
13.843042,5952,7205,5793,37.859
13.849006,5952,7206,5789,37.859
13.853359,5953,7209,5783,37.859
13.859123,5953,7209,5777,37.859
13.863263,5955,7208,5773,37.859
13.869222,5956,7208,5774,37.859
13.873633,5960,7206,5773,37.859
13.879342,5963,7206,5772,37.859
13.883752,5965,7205,5770,37.859
13.888202,5965,7205,5766,37.859
13.893914,5966,7205,5760,37.859
13.898358,5964,7205,5757,37.859
13.904057,5963,7205,5756,37.859
13.908460,5961,7205,5753,37.859
13.914153,5961,7205,5753,37.859
13.918598,5960,7205,5754,37.859
13.923033,5960,7204,5753,37.859
13.928779,5960,7205,5751,37.859
13.933184,5959,7205,5749,37.859
13.938848,5957,7203,5750,37.859
13.943099,5954,7203,5750,37.859
13.949013,5953,7203,5749,37.859
13.953122,5952,7205,5747,37.859
13.959175,5952,7206,5747,37.859
13.963567,5954,7205,5748,37.859
13.968000,5954,7204,5749,37.859
13.973687,5954,7201,5751,37.859
13.978151,5953,7198,5751,37.859
13.983808,5952,7195,5750,37.859
13.988235,5953,7192,5748,37.859
13.993898,5956,7191,5749,37.859
13.998398,5958,7188,5749,37.859
14.002860,5961,7188,5749,37.859
14.008571,5961,7187,5749,37.859
14.012755,5961,7187,5748,37.859
14.018669,5959,7188,5747,37.859
14.023151,5958,7190,5748,37.859
14.028563,5959,7191,5749,37.859
14.033253,5961,7192,5753,37.859
14.038957,5964,7190,5756,37.859
14.043244,5966,7188,5756,37.859
14.047770,5970,7186,5754,37.859
14.053563,5970,7186,5753,37.859
14.057966,5968,7187,5752,37.859
14.063625,5966,7188,5753,37.859
14.068131,5964,7190,5758,37.859
14.073768,5961,7191,5761,37.859
14.078194,5960,7190,5764,37.859
14.082651,5960,7190,5765,37.859
14.088426,5958,7191,5760,37.859
14.092760,5956,7191,5759,37.859
14.098497,5956,7192,5758,37.859
14.102905,5956,7193,5760,37.859
14.108594,5955,7193,5765,37.859
14.112800,5956,7191,5770,37.859
14.118728,5956,7191,5773,37.859
14.123146,5955,7191,5769,37.859
14.127603,5955,7192,5766,37.859
14.133087,5956,7192,5764,37.859
14.137761,5957,7193,5764,37.859
14.143418,5959,7194,5765,37.859
14.147875,5960,7194,5765,37.859
14.153246,5962,7195,5766,37.859
14.158019,5962,7196,5764,37.859
14.162414,5964,7197,5762,37.859
14.168153,5966,7197,5758,37.859
14.172559,5967,7198,5754,37.859
14.178230,5967,7196,5755,37.859
14.182691,5967,7193,5757,37.859
14.188369,5966,7192,5761,37.859
14.192877,5964,7193,5764,37.859
14.198482,5963,7194,5764,37.859
14.203039,5961,7194,5763,37.859
14.207357,5961,7195,5763,37.859
14.213023,5962,7193,5760,37.859
14.217489,5962,7193,5758,37.859
14.223162,5963,7193,5756,37.859
14.227673,5963,7192,5754,37.859
14.233318,5962,7191,5754,37.859
14.237773,5961,7190,5752,37.859
14.242198,5961,7190,5750,37.859
14.247915,5961,7189,5750,37.859
14.252355,5962,7189,5753,37.859
14.257963,5963,7189,5757,37.859
14.262473,5966,7190,5761,37.859
14.268165,5968,7190,5763,37.859
14.272603,5970,7190,5762,37.859
14.278168,5971,7191,5760,37.864
14.282745,5971,7192,5756,37.864
14.287104,5971,7193,5753,37.864
14.292887,5969,7192,5752,37.864
14.297280,5967,7192,5751,37.864
14.302966,5966,7191,5751,37.864
14.307208,5966,7190,5750,37.864
14.313222,5966,7189,5748,37.864
14.317544,5967,7189,5747,37.864
14.321964,5968,7187,5746,37.864
14.327400,5968,7186,5745,37.864
14.332140,5967,7185,5744,37.864
14.337801,5968,7184,5745,37.864
14.342249,5968,7185,5744,37.864
14.348005,5970,7187,5745,37.864
14.352021,5970,7187,5745,37.864
14.358066,5971,7188,5743,37.864
14.362216,5970,7189,5739,37.864
14.366913,5967,7190,5735,37.864
14.372680,5967,7192,5732,37.864
14.377049,5967,7192,5732,37.864
14.382727,5968,7191,5735,37.864
14.387171,5969,7190,5742,37.864
14.392688,5969,7187,5748,37.864
14.397305,5969,7185,5753,37.870
14.401760,5968,7183,5757,37.870
14.407472,5969,7184,5758,37.870
14.411856,5972,7184,5761,37.870
14.417536,5974,7184,5762,37.870
14.422070,5976,7184,5762,37.870
14.427724,5978,7185,5761,37.870
14.431926,5977,7187,5759,37.870
14.437872,5976,7189,5757,37.870
14.442308,5974,7190,5755,37.870
14.446639,5971,7190,5754,37.870
14.452396,5969,7189,5757,37.870
14.456836,5969,7189,5760,37.870
14.462510,5968,7190,5765,37.870
14.466946,5968,7189,5769,37.870
14.472508,5968,7190,5772,37.870
14.477118,5968,7189,5774,37.870
14.481524,5967,7189,5773,37.870
14.487256,5966,7191,5772,37.870
14.491680,5964,7191,5767,37.870
14.497331,5962,7192,5762,37.870
14.501813,5961,7194,5758,37.870
14.507453,5961,7195,5754,37.870
14.511680,5960,7193,5749,37.870
14.517610,5961,7192,5748,37.870
14.522085,5962,7192,5747,37.870
14.526504,5964,7192,5749,37.870
14.532208,5965,7193,5755,37.870
14.536378,5966,7195,5759,37.875
14.542048,5968,7196,5761,37.875
14.546472,5971,7196,5762,37.875
14.552107,5974,7196,5762,37.875
14.556874,5975,7196,5761,37.875
14.561315,5974,7194,5761,37.875
14.567030,5971,7193,5763,37.875
14.571430,5967,7192,5764,37.875
14.577125,5965,7190,5764,37.875
14.581585,5965,7188,5763,37.875
14.587280,5966,7185,5763,37.875
14.591705,5967,7182,5761,37.875
14.597373,5966,7180,5764,37.875
14.601927,5963,7177,5762,37.875
14.606247,5962,7176,5761,37.875
14.612004,5961,7175,5760,37.875
14.616376,5961,7174,5758,37.875
14.622061,5964,7173,5756,37.875
14.626497,5967,7173,5757,37.875
14.632218,5968,7171,5764,37.881
14.636647,5969,7171,5769,37.881
14.641072,5969,7172,5771,37.881
14.646654,5968,7173,5771,37.881
14.651208,5965,7174,5769,37.881
14.656885,5962,7176,5766,37.881
14.661400,5959,7177,5764,37.881
14.667051,5956,7178,5764,37.881
14.671454,5956,7177,5766,37.881
14.677175,5957,7178,5768,37.881
14.681603,5959,7177,5769,37.881
14.686017,5961,7177,5768,37.881
14.691765,5964,7179,5767,37.881
14.696150,5965,7180,5769,37.881
14.701851,5964,7180,5769,37.881
14.706294,5963,7181,5769,37.881
14.712008,5963,7182,5771,37.881
14.716406,5963,7183,5770,37.881
14.720904,5962,7184,5766,37.881
14.726575,5963,7185,5764,37.881
14.731065,5962,7186,5759,37.881
14.736688,5963,7188,5753,37.881
14.741177,5964,7190,5750,37.881
14.746849,5964,7191,5751,37.881
14.750975,5963,7192,5754,37.881
14.756978,5964,7192,5758,37.881
14.761399,5964,7190,5761,37.881
14.765790,5964,7188,5764,37.881
14.771562,5963,7186,5766,37.881
14.775937,5960,7186,5767,37.881
14.781631,5960,7186,5770,37.881
14.786060,5959,7187,5771,37.881
14.791770,5958,7188,5770,37.881
14.796105,5961,7188,5766,37.881
14.800733,5963,7187,5763,37.881
14.806343,5965,7187,5755,37.881
14.810761,5966,7188,5749,37.881
14.816445,5964,7189,5746,37.881
14.821113,5962,7191,5742,37.881
14.826578,5957,7192,5742,37.881
14.831031,5953,7192,5742,37.881
14.836730,5949,7193,5745,37.881
14.841180,5948,7193,5747,37.881
14.845566,5947,7194,5751,37.881
14.851371,5948,7194,5755,37.881
14.855719,5950,7194,5759,37.881
14.861399,5951,7194,5763,37.881
14.865828,5952,7195,5766,37.881
14.871577,5952,7196,5768,37.881
14.875965,5951,7196,5768,37.881
14.880362,5951,7196,5769,37.881
14.886104,5951,7195,5768,37.881
14.890529,5952,7194,5768,37.881
14.896103,5954,7194,5771,37.881
14.900654,5954,7193,5771,37.881
14.906367,5953,7193,5771,37.881
14.910808,5953,7192,5770,37.881
14.916418,5953,7191,5769,37.881
14.920933,5954,7189,5768,37.875
14.925315,5954,7187,5769,37.875
14.931155,5954,7187,5773,37.875
14.935490,5953,7186,5777,37.875
14.941199,5953,7187,5780,37.875
14.945600,5953,7189,5783,37.875
14.951315,5954,7190,5783,37.875
14.955711,5956,7190,5781,37.875
14.960140,5958,7188,5779,37.875
14.965888,5958,7186,5776,37.875
14.970335,5959,7186,5773,37.875
14.975980,5959,7185,5772,37.875
14.980452,5957,7186,5772,37.875
14.986140,5955,7187,5770,37.875
14.990547,5955,7188,5770,37.875
14.996279,5955,7188,5771,37.875
15.000702,5956,7189,5769,37.875
15.005141,5958,7188,5766,37.875
15.010859,5959,7187,5764,37.875
15.014970,5960,7189,5761,37.875
15.020982,5960,7191,5758,37.875
15.025395,5960,7192,5760,37.875
15.030844,5960,7195,5760,37.875
15.035433,5959,7195,5760,37.875
15.039964,5959,7194,5762,37.875
15.045346,5961,7194,5763,37.875
15.050053,5964,7193,5768,37.875
15.055753,5967,7193,5771,37.875
15.060084,5969,7194,5774,37.875
15.065684,5968,7194,5776,37.875
15.070377,5965,7196,5777,37.875
15.076068,5963,7197,5778,37.875
15.080503,5962,7197,5776,37.875
15.084883,5962,7197,5774,37.875
15.090606,5962,7197,5773,37.875
15.094994,5961,7195,5774,37.875
15.100698,5960,7192,5775,37.875
15.105115,5958,7191,5775,37.875
15.110894,5956,7191,5772,37.875
15.115290,5954,7193,5768,37.875
15.119720,5953,7196,5765,37.875
15.125408,5954,7198,5764,37.875
15.129849,5953,7199,5764,37.875
15.135524,5953,7198,5769,37.875
15.140000,5952,7195,5773,37.875
15.145648,5951,7192,5777,37.875
15.150133,5953,7189,5781,37.875
15.155814,5953,7187,5783,37.875
15.160274,5955,7187,5781,37.875
15.164616,5956,7187,5784,37.875
15.170436,5956,7187,5783,37.875
15.174750,5956,7187,5783,37.875
15.180381,5955,7186,5786,37.875
15.184901,5953,7185,5783,37.875
15.190593,5953,7184,5781,37.875
15.195007,5953,7183,5780,37.875
15.199483,5954,7182,5775,37.875
15.205247,5955,7183,5771,37.875
15.209632,5955,7185,5767,37.875
15.215277,5958,7188,5765,37.875
15.219769,5957,7191,5766,37.875
15.225406,5958,7193,5764,37.875
15.229894,5958,7192,5766,37.875
15.235560,5957,7191,5767,37.875
15.239996,5956,7189,5766,37.875
15.244380,5955,7187,5765,37.875
15.250140,5955,7189,5761,37.875
15.254555,5954,7191,5756,37.875
15.260253,5954,7192,5751,37.875
15.264671,5954,7192,5747,37.875
15.270410,5954,7192,5745,37.875
15.274811,5954,7189,5744,37.875
15.279255,5954,7186,5744,37.875
15.284959,5954,7183,5741,37.875
15.289286,5954,7181,5739,37.875
15.294854,5953,7182,5738,37.875
15.299537,5951,7183,5737,37.875
15.305177,5950,7184,5736,37.875
15.309652,5949,7185,5738,37.875
15.315329,5950,7185,5739,37.875
15.319780,5952,7184,5744,37.875
15.324141,5953,7184,5749,37.875
15.329944,5954,7184,5752,37.875
15.334377,5954,7187,5757,37.875
15.340067,5952,7190,5761,37.875
15.344158,5952,7194,5762,37.875
15.349842,5951,7198,5763,37.875
15.354268,5949,7200,5760,37.875
15.358982,5949,7201,5759,37.875
15.364747,5950,7200,5759,37.875
15.369150,5951,7200,5759,37.875
15.374869,5952,7201,5761,37.875
15.379304,5954,7201,5761,37.875
15.384960,5955,7202,5761,37.875
15.389446,5956,7201,5761,37.875
15.395091,5955,7200,5763,37.875
15.399547,5956,7198,5765,37.875
15.403741,5955,7197,5768,37.875
15.409722,5951,7197,5771,37.875
15.414131,5948,7196,5773,37.875
15.419774,5945,7195,5774,37.870
15.424234,5942,7194,5773,37.870
15.429927,5940,7195,5769,37.870
15.434456,5937,7198,5768,37.870
15.438785,5936,7202,5767,37.870
15.444538,5936,7206,5768,37.870
15.448892,5937,7209,5771,37.870
15.454531,5937,7211,5771,37.870
15.459078,5937,7213,5770,37.870
15.464756,5938,7212,5770,37.870
15.469190,5939,7209,5771,37.870
15.474886,5942,7207,5772,37.870
15.479347,5946,7205,5773,37.870
15.483740,5949,7203,5773,37.864
15.489457,5951,7203,5772,37.864
15.493875,5953,7202,5773,37.864
15.499556,5955,7200,5772,37.864
15.503807,5955,7197,5773,37.864
15.509716,5955,7195,5774,37.864
15.513909,5953,7192,5774,37.864
15.518479,5952,7191,5775,37.864
15.524230,5954,7191,5773,37.864
15.528554,5956,7191,5769,37.864
15.534350,5959,7192,5765,37.864
15.538781,5960,7192,5760,37.864
15.544556,5961,7193,5760,37.864
15.548823,5960,7195,5759,37.864
15.554660,5959,7196,5758,37.864
15.559028,5959,7197,5756,37.864
15.563409,5958,7199,5755,37.864
15.569272,5959,7199,5754,37.864
15.573663,5961,7201,5754,37.864
15.579051,5962,7202,5756,37.864
15.583803,5962,7202,5758,37.864
15.589432,5962,7203,5761,37.864
15.593906,5962,7203,5763,37.864
15.598263,5961,7203,5761,37.864
15.603862,5960,7203,5759,37.864
15.608491,5959,7202,5755,37.864
15.614171,5959,7200,5752,37.864
15.618703,5959,7198,5752,37.864
15.624275,5960,7196,5752,37.864
15.628478,5961,7194,5750,37.864
15.634432,5961,7192,5750,37.864
15.638930,5962,7191,5753,37.864
15.643300,5963,7191,5757,37.864
15.649089,5963,7194,5760,37.864
15.653419,5963,7196,5764,37.864
15.659180,5962,7198,5766,37.864
15.663567,5963,7198,5765,37.864
15.669328,5963,7198,5763,37.864
15.673713,5963,7196,5764,37.864
15.678101,5965,7194,5767,37.864
15.683804,5966,7193,5769,37.864
15.688251,5967,7192,5773,37.864
15.693908,5968,7190,5777,37.864
15.698313,5968,7186,5775,37.870
15.704072,5967,7184,5773,37.870
15.708548,5967,7182,5772,37.870
15.714218,5968,7180,5770,37.870
15.718642,5970,7180,5767,37.870
15.723042,5970,7182,5767,37.870
15.728771,5970,7184,5769,37.870
15.732966,5967,7186,5769,37.870
15.738896,5964,7187,5770,37.870
15.743295,5961,7188,5770,37.870
15.748873,5959,7187,5768,37.870
15.753279,5957,7186,5766,37.870
15.757884,5957,7185,5765,37.870
15.763615,5956,7186,5767,37.870
15.768065,5958,7187,5768,37.870
15.773687,5960,7189,5768,37.870
15.778140,5961,7190,5767,37.870
15.783810,5960,7192,5767,37.870
15.788255,5958,7194,5766,37.875
15.794002,5957,7194,5764,37.875
15.798404,5956,7194,5763,37.875
15.802797,5958,7195,5762,37.875
15.808576,5958,7195,5762,37.875
15.812840,5960,7197,5760,37.875
15.818620,5960,7199,5763,37.875
15.823163,5959,7200,5765,37.875
15.828802,5958,7199,5766,37.875
15.833251,5958,7198,5769,37.875
15.837688,5959,7195,5768,37.875
15.843396,5963,7194,5767,37.875
15.847815,5966,7193,5766,37.875
15.853218,5969,7191,5766,37.875
15.857955,5971,7189,5763,37.875
15.863616,5971,7187,5759,37.875
15.868090,5970,7186,5758,37.875
15.873749,5970,7185,5758,37.875
15.878233,5969,7184,5761,37.875
15.882626,5967,7184,5764,37.881
15.888323,5966,7185,5766,37.881
15.892742,5965,7184,5765,37.881
15.898407,5966,7184,5764,37.881
15.902948,5966,7186,5763,37.881
15.908497,5965,7186,5762,37.881
15.913016,5965,7187,5760,37.881
15.917428,5963,7188,5758,37.881
15.922924,5962,7188,5758,37.881
15.927605,5959,7189,5758,37.881
15.933249,5956,7190,5760,37.881
15.937757,5956,7191,5763,37.881
15.943376,5955,7191,5761,37.881
15.947843,5954,7190,5759,37.881
15.953522,5955,7190,5757,37.881
15.957965,5955,7189,5755,37.881
15.962415,5953,7188,5754,37.881
15.967882,5952,7187,5754,37.881
15.972560,5950,7185,5752,37.881
15.978157,5947,7187,5748,37.881
15.982635,5946,7188,5745,37.886
15.988365,5947,7188,5742,37.886
15.992786,5948,7188,5740,37.886
15.996955,5950,7189,5739,37.886
16.002647,5950,7188,5741,37.886
16.007071,5947,7187,5742,37.886
16.012850,5948,7184,5745,37.886
16.017227,5948,7181,5752,37.886
16.022964,5951,7179,5755,37.886
16.027321,5954,7179,5758,37.886
16.033075,5957,7178,5757,37.886
16.037436,5959,7179,5755,37.886
16.041855,5960,7179,5753,37.886
16.047709,5961,7179,5751,37.886
16.052349,5963,7179,5754,37.886
16.057922,5962,7179,5757,37.886
16.062451,5963,7178,5759,37.886
16.068118,5965,7176,5762,37.886
16.072570,5965,7175,5766,37.886
16.076982,5966,7173,5769,37.886
16.082735,5965,7171,5773,37.892
16.087133,5964,7169,5775,37.892
16.092819,5963,7169,5777,37.892
16.097236,5961,7171,5778,37.892
16.102906,5957,7174,5777,37.892
16.107359,5955,7176,5775,37.892
16.113123,5954,7180,5773,37.892
16.117481,5953,7184,5771,37.892
16.122011,5953,7186,5770,37.892
16.127795,5953,7188,5774,37.892
16.132099,5951,7187,5774,37.892
16.137765,5950,7184,5773,37.892
16.142330,5949,7182,5774,37.892
16.147966,5948,7179,5770,37.892
16.152352,5949,7178,5766,37.892
16.156722,5950,7179,5763,37.892
16.162507,5951,7180,5763,37.892
16.166817,5952,7182,5764,37.892
16.172523,5953,7184,5763,37.892
16.177064,5955,7185,5760,37.892
16.182721,5956,7187,5758,37.892
16.187170,5958,7188,5757,37.892
16.192669,5959,7189,5753,37.892
16.197210,5960,7189,5752,37.897
16.201710,5960,7189,5749,37.897
16.207369,5960,7189,5747,37.897
16.211923,5960,7190,5745,37.897
16.217550,5961,7190,5745,37.897
16.222122,5961,7191,5746,37.897
16.227674,5960,7191,5746,37.897
16.232214,5959,7191,5745,37.897
16.236542,5958,7190,5741,37.897
16.242297,5958,7189,5735,37.897
16.246717,5959,7189,5730,37.897
16.252390,5958,7188,5728,37.897
16.256734,5960,7187,5728,37.897
16.262518,5962,7188,5733,37.897
16.266940,5963,7189,5738,37.897
16.272656,5965,7190,5740,37.897
16.277106,5965,7190,5742,37.897
16.281458,5964,7192,5741,37.897
16.287194,5963,7193,5741,37.897
16.291493,5961,7193,5739,37.897
16.297076,5959,7193,5736,37.897
16.302846,5956,7194,5738,37.897
16.308312,5955,7195,5743,37.897
16.312484,5954,7197,5748,37.897
16.316271,5951,7200,5755,37.897
16.321862,5950,7201,5757,37.892
16.326262,5950,7202,5761,37.892
16.331929,5950,7202,5764,37.892
16.336435,5952,7201,5767,37.892
16.342101,5953,7201,5770,37.892
16.346510,5953,7202,5773,37.897
16.352485,5953,7202,5774,37.897
16.356919,5952,7203,5777,37.892
16.361301,5951,7203,5781,37.892
16.367032,5951,7203,5782,37.892
16.371452,5951,7201,5781,37.892
16.377115,5952,7200,5780,37.892
16.381587,5951,7198,5777,37.892
16.387276,5950,7198,5776,37.892
16.391693,5950,7199,5777,37.892
16.396146,5950,7199,5778,37.892
16.401861,5950,7199,5777,37.886
16.406235,5951,7200,5774,37.886
16.412080,5951,7201,5771,37.886
16.416429,5952,7200,5771,37.886
16.422103,5954,7201,5775,37.886
16.426474,5956,7201,5779,37.886
16.432252,5957,7199,5782,37.886
16.436667,5958,7197,5783,37.886
16.441121,5959,7194,5786,37.886
16.446824,5961,7193,5786,37.886
16.451233,5961,7190,5784,37.886
16.456884,5962,7188,5782,37.886
16.461338,5963,7186,5779,37.886
16.467064,5963,7184,5778,37.886
16.471472,5964,7183,5778,37.886
16.475862,5963,7182,5778,37.886
16.481621,5963,7181,5777,37.886
16.485853,5962,7179,5773,37.886
16.491711,5959,7178,5768,37.886
16.496163,5957,7178,5766,37.886
16.501921,5955,7178,5765,37.886
16.506284,5953,7178,5762,37.886
16.512007,5953,7179,5760,37.886
16.516449,5953,7181,5760,37.886
16.520857,5954,7183,5760,37.886
16.526582,5955,7185,5763,37.886
16.530963,5954,7188,5764,37.886
16.536664,5953,7189,5763,37.886
16.541125,5952,7189,5762,37.886
16.546811,5952,7189,5761,37.886
16.551274,5953,7187,5763,37.886
16.555680,5953,7184,5765,37.886
16.561443,5956,7183,5767,37.886
16.565790,5958,7183,5768,37.886
16.571501,5959,7184,5769,37.886
16.575923,5959,7186,5771,37.886
16.581647,5958,7187,5773,37.886
16.586058,5956,7187,5777,37.886
16.591751,5954,7186,5779,37.886
16.596106,5953,7185,5778,37.886
16.600612,5954,7184,5779,37.886
16.606394,5955,7185,5777,37.886
16.610776,5957,7186,5777,37.886
16.616403,5958,7187,5778,37.886
16.620869,5959,7188,5776,37.886
16.626585,5959,7188,5774,37.886
16.631003,5959,7188,5773,37.886
16.635440,5959,7189,5771,37.886
16.641130,5958,7188,5771,37.886
16.645537,5958,7187,5771,37.886
16.651267,5958,7186,5771,37.886
16.655721,5960,7185,5772,37.886
16.661373,5961,7186,5774,37.886
16.665846,5961,7188,5775,37.886
16.671532,5961,7190,5773,37.886
16.675956,5960,7192,5770,37.886
16.680393,5959,7193,5765,37.886
16.686106,5959,7193,5764,37.886
16.690520,5959,7193,5764,37.886
16.696178,5959,7193,5766,37.886
16.700643,5960,7193,5767,37.886
16.706347,5961,7195,5770,37.886
16.710769,5963,7196,5774,37.886
16.715204,5965,7197,5777,37.886
16.720941,5965,7198,5781,37.886
16.725353,5965,7198,5782,37.886
16.730997,5965,7199,5783,37.886
16.735369,5963,7199,5786,37.886
16.741128,5961,7197,5788,37.886
16.745523,5958,7195,5788,37.886
16.751212,5955,7192,5788,37.886
16.755471,5953,7190,5786,37.886
16.760207,5953,7190,5783,37.886
16.765864,5955,7191,5781,37.886
16.770283,5958,7193,5782,37.886
16.775985,5961,7194,5781,37.881
16.780436,5964,7194,5780,37.881
16.786093,5964,7191,5778,37.881
16.790577,5964,7189,5773,37.881
16.794956,5964,7187,5775,37.881
16.800673,5964,7186,5776,37.881
16.805139,5966,7185,5774,37.881
16.810796,5968,7185,5773,37.881
16.815253,5969,7184,5771,37.881
16.820918,5968,7185,5770,37.881
16.825371,5966,7186,5773,37.881
16.831051,5964,7188,5774,37.881
16.835503,5962,7189,5775,37.881
16.839907,5961,7189,5776,37.881
16.845636,5962,7189,5775,37.881
16.849980,5963,7188,5775,37.881
16.855710,5964,7187,5778,37.881
16.860180,5967,7187,5781,37.881
16.865872,5968,7188,5783,37.881
16.870062,5967,7188,5782,37.881
16.874723,5966,7189,5781,37.881
16.880427,5963,7190,5778,37.881
16.884884,5961,7190,5777,37.881
16.890578,5960,7188,5779,37.881
16.894981,5960,7187,5783,37.881
16.900681,5961,7186,5787,37.881
16.905097,5962,7184,5790,37.881
16.910853,5963,7184,5792,37.881
16.915274,5963,7182,5797,37.881
16.919705,5963,7182,5799,37.886
16.925395,5961,7183,5800,37.886
16.929865,5959,7182,5799,37.886
16.935507,5956,7183,5798,37.886
16.939942,5954,7181,5796,37.886
16.946637,5953,7179,5793,37.886
16.950293,5953,7179,5789,37.881
16.954458,5955,7179,5786,37.881
16.960399,5956,7179,5779,37.886
16.964913,5956,7182,5775,37.886
16.970600,5957,7184,5774,37.886
16.975079,5956,7186,5774,37.886
16.980181,5956,7187,5777,37.886
16.984630,5957,7189,5781,37.886
16.990405,5956,7190,5780,37.886
16.994779,5955,7193,5778,37.886
16.999454,5956,7196,5773,37.881
17.005229,5955,7199,5766,37.881
17.009593,5955,7201,5761,37.881
17.015083,5954,7202,5758,37.881
17.019458,5953,7203,5757,37.881
17.025417,5953,7202,5760,37.881
17.029575,5954,7200,5762,37.881
17.034262,5954,7199,5763,37.881
17.039983,5956,7198,5767,37.881
17.044187,5958,7197,5769,37.881
17.050077,5959,7197,5769,37.881
17.054549,5963,7195,5770,37.881
17.060241,5965,7195,5769,37.881
17.064763,5968,7194,5768,37.881
17.070450,5969,7195,5770,37.881
17.074824,5969,7195,5770,37.881
17.079276,5967,7195,5770,37.881
17.084986,5966,7197,5771,37.881
17.089421,5965,7197,5773,37.881
17.094845,5964,7197,5776,37.881
17.099442,5963,7198,5776,37.881
17.105232,5964,7198,5776,37.881
17.109649,5964,7197,5774,37.881
17.114052,5963,7195,5770,37.881
17.119793,5964,7193,5765,37.881
17.124144,5963,7190,5761,37.881
17.129861,5963,7189,5757,37.881
17.134316,5962,7188,5756,37.881
17.140026,5961,7186,5757,37.881
17.144433,5961,7184,5758,37.881
17.150185,5959,7181,5756,37.881
17.154628,5959,7181,5754,37.881
17.159018,5960,7182,5753,37.881
17.164748,5961,7184,5750,37.881
17.169165,5961,7186,5748,37.881
17.174809,5961,7187,5748,37.881
17.179312,5959,7188,5749,37.881
17.184961,5957,7188,5751,37.881
17.189421,5955,7188,5753,37.881
17.193815,5954,7189,5755,37.881
17.199600,5955,7188,5753,37.875
17.203960,5955,7188,5753,37.875
17.209638,5955,7189,5751,37.875
17.214171,5954,7190,5746,37.875
17.219796,5952,7190,5742,37.875
17.224280,5952,7190,5742,37.875
17.229973,5952,7188,5744,37.875
17.234373,5953,7184,5751,37.875
17.238860,5954,7181,5756,37.875
17.244505,5955,7180,5756,37.875
17.248914,5956,7181,5754,37.875
17.254560,5956,7182,5754,37.875
17.259063,5955,7184,5755,37.875
17.264774,5952,7185,5760,37.875
17.269171,5949,7186,5763,37.875
17.273579,5947,7188,5763,37.875
17.279351,5946,7186,5762,37.875
17.283729,5947,7185,5759,37.875
17.289449,5949,7184,5759,37.875
17.293885,5951,7184,5758,37.875
17.299567,5952,7184,5760,37.875
17.304032,5952,7184,5763,37.875
17.309725,5952,7184,5765,37.875
17.314173,5953,7184,5766,37.875
17.318489,5953,7184,5768,37.875
17.324302,5954,7183,5770,37.875
17.328661,5954,7183,5774,37.875
17.334396,5953,7183,5780,37.875
17.338904,5953,7183,5784,37.875
17.344504,5953,7181,5788,37.875
17.348938,5954,7180,5789,37.875
17.353348,5954,7179,5789,37.875
17.359132,5954,7177,5790,37.875
17.363496,5953,7177,5789,37.875
17.369218,5953,7178,5787,37.875
17.373651,5952,7179,5785,37.875
17.379399,5951,7182,5782,37.875
17.383782,5952,7184,5779,37.875
17.389489,5953,7185,5778,37.875
17.393905,5953,7188,5780,37.875
17.398268,5956,7188,5783,37.875
17.404047,5957,7188,5787,37.875
17.408460,5957,7190,5789,37.875
17.414173,5958,7191,5790,37.875
17.418589,5958,7192,5788,37.875
17.424279,5959,7193,5785,37.875
17.428758,5960,7192,5778,37.875
17.433064,5960,7190,5772,37.875
17.438943,5959,7188,5762,37.875
17.443283,5960,7186,5757,37.875
17.448993,5961,7187,5757,37.875
17.453457,5960,7189,5757,37.875
17.459142,5959,7190,5758,37.875
17.463577,5959,7191,5759,37.875
17.469247,5958,7192,5760,37.875
17.473723,5957,7194,5760,37.875
17.478151,5955,7197,5763,37.875
17.483800,5953,7199,5766,37.875
17.488240,5950,7201,5769,37.875
17.493924,5947,7202,5774,37.870
17.498372,5946,7202,5775,37.870
17.504038,5945,7202,5778,37.870
17.508566,5946,7201,5779,37.870
17.512716,5946,7201,5778,37.870
17.518640,5945,7201,5775,37.870
17.522878,5942,7202,5771,37.870
17.528812,5938,7204,5768,37.870
17.533245,5935,7205,5768,37.870
17.538932,5932,7204,5770,37.870
17.543116,5931,7203,5774,37.870
17.549045,5931,7200,5777,37.870
17.553516,5933,7197,5779,37.864
17.557859,5937,7196,5777,37.864
17.563618,5940,7194,5774,37.864
17.568027,5942,7193,5771,37.864
17.573732,5943,7192,5771,37.864
17.578164,5943,7191,5773,37.864
17.583833,5942,7189,5773,37.864
17.588322,5944,7187,5772,37.864
17.592795,5944,7188,5769,37.864
17.598446,5946,7189,5766,37.864
17.602796,5949,7190,5762,37.864
17.608528,5950,7194,5758,37.864
17.613053,5951,7197,5757,37.864
17.618675,5951,7200,5754,37.864
17.622935,5951,7202,5752,37.864
17.628827,5952,7204,5750,37.864
17.633301,5951,7204,5749,37.864
17.637707,5952,7203,5747,37.864
17.643293,5951,7202,5744,37.864
17.647831,5950,7201,5742,37.864
17.653448,5950,7201,5742,37.864
17.657618,5948,7203,5742,37.864
17.663641,5948,7204,5744,37.864
17.668079,5949,7203,5748,37.864
17.672498,5950,7202,5748,37.864
17.678231,5953,7200,5747,37.864
17.682560,5955,7198,5746,37.864
17.688369,5957,7195,5745,37.864
17.692750,5956,7193,5745,37.864
17.698479,5955,7189,5746,37.864
17.702854,5954,7186,5746,37.864
17.708624,5951,7185,5747,37.864
17.712858,5950,7185,5750,37.864
17.717460,5949,7186,5753,37.864
17.723002,5949,7186,5756,37.864
17.727614,5950,7187,5758,37.864
17.733082,5950,7186,5762,37.864
17.737654,5951,7184,5767,37.864
17.743393,5952,7182,5772,37.864
17.747825,5952,7181,5778,37.864
17.752280,5953,7180,5780,37.864
17.758038,5954,7179,5778,37.864
17.762362,5955,7179,5772,37.864
17.768092,5955,7179,5768,37.864
17.772226,5956,7179,5766,37.864
17.778251,5957,7179,5765,37.864
17.782700,5958,7180,5766,37.864
17.788387,5960,7182,5766,37.864
17.792856,5962,7184,5766,37.864
17.797131,5961,7186,5766,37.864
17.802910,5960,7186,5768,37.864
17.807379,5959,7186,5770,37.864
17.812978,5956,7186,5771,37.864
17.817487,5955,7185,5768,37.864
17.823100,5955,7186,5766,37.864
17.827617,5955,7186,5762,37.864
17.832081,5955,7185,5759,37.864
17.837814,5955,7185,5758,37.864
17.842205,5955,7186,5755,37.864
17.847913,5953,7189,5754,37.864
17.852363,5952,7192,5754,37.864
17.858046,5949,7194,5753,37.864
17.862449,5947,7194,5756,37.864
17.868149,5947,7194,5759,37.864
17.872571,5949,7192,5762,37.864
17.877013,5951,7194,5763,37.864
17.882462,5953,7195,5765,37.864
17.887147,5953,7194,5771,37.864
17.892829,5951,7193,5775,37.864
17.897269,5950,7191,5777,37.864
17.902977,5948,7189,5780,37.864
17.907398,5948,7187,5781,37.864
17.911933,5949,7189,5776,37.864
17.917502,5948,7190,5772,37.864
17.922027,5949,7189,5770,37.864
17.927645,5949,7188,5767,37.864
17.932114,5950,7187,5766,37.864
17.937784,5951,7185,5765,37.864
17.942218,5950,7183,5762,37.864
17.947902,5948,7183,5762,37.864
17.952459,5947,7183,5761,37.864
17.956749,5946,7185,5759,37.864
17.962464,5944,7188,5757,37.864
17.966913,5944,7191,5753,37.864
17.972592,5942,7192,5750,37.864
17.977045,5941,7193,5750,37.864
17.982753,5941,7193,5751,37.859
17.987117,5941,7191,5753,37.859
17.991571,5942,7189,5754,37.859
17.997083,5943,7188,5758,37.859
18.001755,5945,7187,5762,37.859
18.007345,5947,7185,5765,37.859
18.011629,5948,7185,5768,37.859
18.017591,5949,7185,5769,37.859
18.022032,5949,7185,5767,37.859
18.027651,5947,7184,5764,37.859
18.032184,5945,7183,5762,37.859
18.036588,5943,7181,5761,37.859
18.042272,5942,7180,5762,37.859
18.046387,5942,7180,5761,37.859
18.052405,5943,7179,5760,37.859
18.056780,5945,7179,5759,37.859
18.062505,5944,7179,5756,37.859
18.066949,5945,7178,5758,37.859
18.071338,5943,7179,5761,37.859
18.077052,5943,7181,5763,37.859
18.081514,5943,7182,5764,37.859
18.087177,5944,7182,5770,37.859
18.091619,5946,7183,5772,37.859
18.097374,5946,7182,5771,37.859
18.101762,5945,7181,5771,37.859
18.107458,5944,7180,5766,37.859
18.111575,5943,7178,5763,37.859
18.116309,5942,7179,5759,37.859
18.122071,5941,7179,5755,37.859
18.126480,5940,7180,5749,37.859
18.132153,5940,7181,5742,37.859
18.136661,5941,7182,5739,37.859
18.142225,5942,7183,5738,37.859
18.146675,5943,7183,5740,37.859
18.151161,5944,7184,5742,37.859
18.156907,5945,7185,5744,37.859
18.161271,5948,7184,5748,37.859
18.167021,5950,7186,5749,37.859
18.171378,5952,7186,5753,37.859
18.177117,5954,7185,5755,37.859
18.181500,5954,7187,5755,37.859
18.187267,5953,7189,5755,37.859
18.191667,5953,7190,5755,37.859
18.195930,5952,7190,5755,37.859
18.201819,5951,7191,5757,37.859
18.206250,5952,7191,5758,37.859
18.212017,5953,7193,5754,37.859
18.216349,5952,7196,5754,37.859
18.221833,5952,7199,5752,37.859
18.226471,5949,7201,5751,37.859
18.230918,5948,7201,5755,37.859
18.236728,5948,7200,5759,37.859
18.241039,5947,7197,5759,37.859
18.246757,5949,7194,5759,37.859
18.251236,5950,7192,5759,37.859
18.256902,5952,7191,5758,37.859
18.261306,5953,7190,5760,37.859
18.267114,5954,7191,5762,37.859
18.271511,5954,7193,5763,37.859
18.275837,5954,7193,5763,37.859
18.281627,5954,7193,5759,37.859
18.285922,5955,7193,5757,37.859
18.291697,5954,7193,5754,37.859
18.296119,5952,7194,5755,37.859
18.301766,5950,7195,5754,37.859
18.306285,5947,7196,5750,37.859
18.310679,5946,7194,5753,37.859
18.316409,5947,7193,5751,37.859
18.320869,5949,7192,5752,37.859
18.326468,5951,7191,5754,37.859
18.330979,5953,7193,5755,37.859
18.336361,5953,7194,5757,37.859
18.341151,5953,7196,5762,37.859
18.346614,5952,7197,5766,37.859
18.351156,5950,7197,5769,37.859
18.355616,5950,7198,5770,37.859
18.361420,5949,7198,5770,37.859
18.365484,5948,7198,5768,37.859
18.371435,5948,7199,5764,37.859
18.375860,5949,7199,5762,37.859
18.381547,5947,7200,5759,37.859
18.386082,5946,7200,5758,37.859
18.390440,5946,7199,5755,37.859
18.396105,5944,7199,5751,37.859
18.400586,5944,7198,5747,37.859
18.406286,5945,7197,5745,37.859
18.410718,5944,7196,5743,37.859
18.416375,5943,7193,5744,37.859
18.420858,5941,7191,5745,37.859
18.426525,5938,7189,5747,37.859
18.430954,5937,7186,5748,37.859
18.435430,5936,7184,5746,37.859
18.440997,5936,7182,5745,37.853
18.445472,5938,7181,5744,37.853
18.451230,5940,7183,5745,37.853
18.455599,5942,7183,5744,37.853
18.461409,5942,7186,5745,37.853
18.465796,5942,7186,5747,37.853
18.470211,5941,7185,5749,37.853
18.475886,5942,7184,5752,37.853
18.480381,5942,7184,5756,37.853
18.486065,5943,7183,5760,37.853
18.490531,5946,7183,5764,37.853
18.496168,5950,7185,5768,37.853
18.500570,5953,7186,5772,37.853
18.506280,5954,7189,5773,37.853
18.510776,5954,7192,5773,37.853
18.515143,5954,7194,5773,37.853
18.520857,5954,7195,5771,37.853
18.525264,5954,7197,5768,37.853
18.530960,5954,7198,5763,37.853
18.535400,5953,7199,5758,37.853
18.541117,5950,7199,5757,37.853
18.545289,5948,7197,5755,37.853
18.549726,5946,7195,5756,37.853
18.555662,5945,7193,5758,37.853
18.559938,5945,7191,5758,37.853
18.565772,5943,7191,5755,37.853
18.570286,5942,7191,5756,37.853
18.575885,5941,7193,5755,37.853
18.580365,5940,7193,5755,37.853
18.586084,5940,7194,5760,37.853
18.590492,5940,7193,5765,37.853
18.594928,5942,7191,5767,37.853
18.600626,5943,7189,5768,37.853
18.605035,5945,7189,5768,37.853
18.610702,5947,7191,5768,37.853
18.615180,5948,7193,5768,37.853
18.620904,5951,7196,5768,37.853
18.625311,5952,7199,5768,37.853
18.629666,5953,7203,5767,37.853
18.635454,5954,7205,5766,37.853
18.639881,5954,7205,5767,37.853
18.645543,5953,7203,5768,37.853
18.650056,5951,7200,5767,37.853
18.655684,5950,7199,5767,37.853
18.660160,5949,7199,5766,37.853
18.665808,5948,7199,5766,37.853
18.670294,5950,7200,5766,37.853
18.674411,5952,7201,5765,37.853
18.680422,5954,7201,5762,37.853
18.684795,5956,7200,5761,37.853
18.690507,5957,7199,5760,37.853
18.694924,5958,7197,5757,37.853
18.700649,5960,7195,5756,37.853
18.705098,5960,7194,5755,37.853
18.709491,5960,7192,5753,37.853
18.715206,5959,7191,5752,37.853
18.719632,5958,7190,5753,37.853
18.725304,5957,7189,5756,37.853
18.729895,5955,7189,5760,37.853
18.735513,5954,7187,5765,37.853
18.739925,5954,7186,5768,37.853
18.745607,5955,7187,5770,37.853
18.750032,5956,7188,5773,37.853
18.754520,5957,7189,5776,37.853
18.760193,5956,7189,5777,37.853
18.764599,5952,7190,5779,37.853
18.770297,5950,7190,5779,37.853
18.774738,5947,7190,5778,37.853
18.780486,5946,7193,5777,37.853
18.784914,5946,7196,5774,37.853
18.789237,5946,7197,5774,37.853
18.795023,5946,7197,5774,37.853
18.799416,5945,7198,5772,37.853
18.805098,5942,7197,5773,37.853
18.809548,5940,7194,5770,37.848
18.815240,5937,7194,5768,37.848
18.819665,5937,7193,5767,37.848
18.825350,5938,7192,5769,37.848
18.829837,5941,7194,5772,37.848
18.834273,5944,7194,5773,37.848
18.839973,5946,7195,5771,37.848
18.844400,5947,7195,5768,37.848
18.850068,5949,7194,5765,37.848
18.854539,5951,7193,5763,37.848
18.860202,5953,7192,5764,37.848
18.864650,5953,7193,5766,37.848
18.869045,5954,7193,5768,37.848
18.874850,5954,7192,5769,37.848
18.879162,5954,7192,5770,37.848
18.884837,5954,7192,5770,37.848
18.889345,5954,7190,5772,37.848
18.894982,5951,7189,5773,37.848
18.899160,5950,7187,5776,37.848
18.905128,5949,7186,5779,37.848
18.909575,5951,7183,5778,37.848
18.913961,5953,7181,5779,37.848
18.919751,5954,7180,5776,37.848
18.924150,5956,7180,5774,37.848
18.929836,5957,7181,5774,37.848
18.934277,5956,7182,5774,37.853
18.939946,5956,7182,5774,37.853
18.944404,5955,7184,5773,37.853
18.948755,5954,7185,5771,37.853
18.954530,5952,7186,5768,37.853
18.958959,5951,7187,5766,37.853
18.964608,5950,7189,5765,37.853
18.969117,5952,7188,5768,37.853
18.974781,5954,7188,5771,37.853
18.979227,5957,7189,5773,37.853
18.984921,5959,7187,5775,37.853
18.989378,5961,7185,5776,37.853
18.993741,5961,7186,5775,37.853
18.999486,5959,7187,5775,37.853
19.003673,5958,7187,5777,37.853
19.009596,5957,7188,5777,37.853
19.013765,5955,7188,5778,37.853
19.019733,5954,7187,5780,37.853
19.024230,5952,7186,5780,37.853
19.028416,5948,7186,5779,37.853
19.034308,5945,7186,5776,37.853
19.038475,5943,7186,5772,37.853
19.044219,5941,7187,5766,37.853
19.048868,5941,7188,5761,37.853
19.054552,5942,7189,5757,37.853
19.058991,5940,7190,5752,37.853
19.064683,5938,7191,5749,37.853
19.069153,5935,7191,5748,37.853
19.073603,5933,7191,5746,37.853
19.079286,5932,7190,5747,37.848
19.083668,5933,7189,5750,37.848
19.089378,5936,7189,5754,37.848
19.093778,5939,7188,5757,37.848
19.099482,5941,7188,5758,37.848
19.103885,5941,7188,5758,37.848
19.108344,5940,7188,5757,37.848
19.114110,5939,7189,5757,37.848
19.118477,5936,7190,5756,37.848
19.124220,5935,7191,5753,37.848
19.128561,5936,7193,5748,37.848
19.134335,5937,7193,5743,37.848
19.138731,5939,7193,5741,37.848
19.144454,5940,7193,5743,37.848
19.148826,5941,7191,5745,37.848
19.153314,5939,7191,5748,37.848
19.159107,5936,7192,5752,37.848
19.163485,5933,7193,5752,37.848
19.169145,5931,7194,5755,37.848
19.173581,5930,7193,5759,37.848
19.179293,5931,7192,5762,37.848
19.183684,5932,7190,5766,37.848
19.188157,5933,7189,5769,37.848
19.193833,5935,7189,5769,37.848
19.198297,5937,7189,5770,37.842
19.203932,5939,7188,5770,37.842
19.208432,5941,7187,5772,37.842
19.214080,5941,7186,5771,37.842
19.218522,5939,7186,5769,37.842
19.224252,5937,7188,5765,37.842
19.228685,5936,7192,5763,37.842
19.232943,5935,7195,5761,37.842
19.238555,5934,7196,5759,37.842
19.243279,5934,7197,5758,37.842
19.248909,5935,7196,5755,37.842
19.253395,5937,7195,5751,37.842
19.259066,5939,7195,5750,37.842
19.263462,5942,7195,5748,37.842
19.267890,5946,7197,5748,37.842
19.273614,5949,7200,5751,37.842
19.278037,5953,7201,5756,37.842
19.283745,5955,7202,5759,37.842
19.288178,5955,7202,5763,37.842
19.293877,5953,7202,5765,37.842
19.298284,5950,7202,5764,37.842
19.303985,5949,7202,5764,37.842
19.308475,5948,7202,5765,37.842
19.312886,5948,7200,5769,37.842
19.318584,5947,7196,5771,37.842
19.322805,5947,7192,5774,37.842
19.328654,5947,7189,5776,37.842
19.332961,5947,7188,5776,37.842
19.338824,5948,7191,5774,37.842
19.343392,5948,7192,5775,37.842
19.347707,5948,7193,5776,37.842
19.353378,5947,7194,5776,37.842
19.357824,5945,7194,5775,37.842
19.363468,5944,7195,5774,37.842
19.367954,5943,7196,5773,37.842
19.373660,5943,7198,5772,37.842
19.378140,5943,7198,5773,37.842
19.383806,5944,7198,5774,37.842
19.388245,5945,7198,5773,37.842
19.392726,5947,7196,5775,37.842
19.398407,5947,7197,5777,37.842
19.402929,5946,7196,5780,37.842
19.408446,5946,7196,5781,37.842
19.412937,5945,7196,5781,37.842
19.418599,5945,7195,5781,37.842
19.423069,5948,7193,5781,37.842
19.427481,5950,7192,5782,37.842
19.433187,5951,7194,5781,37.842
19.437623,5951,7194,5778,37.842
19.443279,5951,7194,5776,37.842
19.447805,5952,7192,5770,37.842
19.453446,5953,7187,5767,37.842
19.457846,5957,7183,5765,37.842
19.463336,5958,7179,5765,37.842
19.467996,5958,7179,5763,37.842
19.472476,5956,7178,5763,37.842
19.478029,5952,7179,5760,37.842
19.482596,5948,7179,5756,37.842
19.488241,5945,7178,5752,37.842
19.492727,5944,7177,5748,37.842
19.498359,5944,7176,5749,37.842
19.502928,5945,7175,5752,37.842
19.507238,5946,7173,5758,37.842
19.512802,5946,7173,5764,37.842
19.517360,5947,7173,5769,37.842
19.522943,5947,7172,5775,37.842
19.527505,5946,7173,5779,37.842
19.533202,5947,7173,5784,37.842
19.537694,5949,7173,5785,37.842
19.543415,5953,7175,5785,37.842
19.547786,5957,7176,5781,37.842
19.552192,5961,7176,5778,37.842
19.557714,5965,7176,5777,37.842
19.562271,5967,7175,5778,37.842
19.568008,5969,7177,5779,37.842
19.572488,5970,7178,5780,37.848
19.578086,5970,7180,5782,37.848
19.582593,5970,7183,5779,37.848
19.587020,5971,7184,5773,37.848
19.592763,5971,7185,5766,37.848
19.597150,5968,7185,5758,37.848
19.602643,5965,7184,5752,37.848
19.607365,5962,7184,5748,37.848
19.612982,5959,7184,5745,37.848
19.617412,5958,7184,5742,37.848
19.623138,5957,7184,5741,37.848
19.627524,5957,7184,5740,37.848
19.631991,5956,7184,5738,37.848
19.637849,5957,7184,5740,37.848
19.642100,5956,7185,5741,37.848
19.647793,5954,7186,5739,37.848
19.652304,5953,7188,5740,37.848
19.657963,5953,7189,5740,37.848
19.662384,5952,7190,5741,37.848
19.666768,5954,7190,5739,37.848
19.672607,5957,7189,5738,37.848
19.676902,5958,7188,5736,37.848
19.682608,5959,7189,5733,37.848
19.687127,5958,7191,5731,37.848
19.692751,5957,7193,5733,37.848
19.697121,5956,7196,5736,37.848
19.702943,5954,7197,5739,37.848
19.707313,5953,7196,5742,37.848
19.711736,5954,7196,5742,37.848
19.717457,5954,7195,5741,37.848
19.721886,5955,7192,5740,37.848
19.727560,5955,7191,5741,37.848
19.732020,5956,7190,5743,37.848
19.737688,5956,7189,5747,37.848
19.742165,5956,7191,5751,37.848
19.746603,5957,7193,5756,37.848
19.752288,5957,7194,5757,37.848
19.756683,5956,7197,5757,37.848
19.762221,5956,7196,5756,37.848
19.766813,5956,7193,5755,37.848
19.772590,5954,7192,5755,37.848
19.776979,5954,7190,5756,37.848
19.782707,5955,7192,5758,37.848
19.787108,5956,7193,5761,37.848
19.791505,5956,7193,5765,37.848
19.797235,5957,7193,5769,37.848
19.801649,5956,7192,5773,37.848
19.807317,5954,7191,5773,37.853
19.811762,5952,7189,5772,37.853
19.817472,5952,7188,5769,37.853
19.821988,5954,7188,5768,37.853
19.826327,5957,7190,5768,37.853
19.832145,5958,7192,5768,37.853
19.836501,5960,7194,5771,37.853
19.842164,5961,7197,5771,37.853
19.846611,5959,7198,5771,37.853
19.852319,5958,7197,5769,37.853
19.856788,5956,7197,5765,37.853
19.862449,5954,7197,5764,37.853
19.866897,5951,7196,5762,37.853
19.871272,5949,7193,5760,37.853
19.877001,5946,7191,5762,37.853
19.881420,5944,7189,5764,37.853
19.887103,5945,7188,5763,37.853
19.891547,5946,7190,5761,37.853
19.897274,5948,7191,5758,37.853
19.901677,5949,7191,5757,37.853
19.906135,5950,7190,5759,37.853
19.911852,5952,7189,5760,37.853
19.916278,5952,7188,5762,37.853
19.922036,5951,7186,5762,37.853
19.926389,5949,7185,5763,37.853
19.932075,5945,7184,5762,37.853
19.936536,5941,7184,5757,37.853
19.942241,5939,7184,5752,37.853
19.946686,5938,7184,5749,37.853
19.951051,5938,7186,5745,37.848
19.956821,5938,7187,5746,37.848
19.961193,5938,7187,5754,37.848
19.966762,5939,7187,5760,37.848
19.971350,5940,7185,5765,37.848
19.977101,5942,7184,5771,37.848
19.981452,5942,7184,5772,37.848
19.985860,5942,7185,5771,37.848
19.991627,5941,7185,5773,37.848
19.996036,5942,7185,5774,37.848
20.001682,5944,7185,5776,37.848
20.006179,5947,7185,5776,37.848
20.011755,5950,7186,5772,37.848
20.016036,5951,7188,5768,37.848
20.022021,5951,7190,5763,37.848
20.026415,5951,7191,5759,37.848
20.030528,5952,7192,5757,37.848
20.036577,5953,7194,5753,37.848
20.040987,5955,7193,5749,37.848
20.046401,5956,7194,5748,37.848
20.051162,5956,7195,5747,37.848
20.056865,5957,7194,5746,37.848
20.061250,5958,7193,5747,37.848
20.065644,5959,7192,5750,37.848
20.071432,5960,7191,5756,37.848
20.075809,5960,7192,5763,37.848
20.081478,5958,7193,5768,37.848
20.085934,5957,7193,5773,37.848
20.091661,5956,7191,5776,37.848
20.096011,5954,7189,5775,37.848
20.101792,5951,7186,5775,37.848
20.106203,5950,7183,5773,37.848
20.110632,5949,7183,5773,37.848
20.116424,5949,7182,5775,37.848
20.120764,5948,7180,5777,37.848
20.126431,5948,7179,5777,37.848
20.130962,5945,7179,5777,37.848
20.136556,5942,7180,5776,37.848
20.140997,5941,7182,5774,37.848
20.145421,5939,7184,5774,37.848
20.151157,5940,7187,5774,37.848
20.155560,5942,7189,5776,37.848
20.161280,5944,7190,5778,37.848
20.165721,5947,7191,5777,37.848
20.171450,5949,7194,5776,37.848
20.175826,5950,7196,5773,37.848
20.181583,5950,7198,5773,37.848
20.185964,5950,7200,5777,37.848
20.190378,5949,7203,5781,37.848
20.196005,5948,7204,5786,37.848
20.200531,5947,7205,5793,37.848
20.206192,5946,7205,5795,37.848
20.210706,5945,7203,5795,37.848
20.216356,5945,7201,5793,37.848
20.220795,5945,7199,5789,37.848
20.225253,5946,7198,5786,37.848
20.230916,5947,7198,5782,37.848
20.235314,5948,7199,5782,37.848
20.241062,5950,7199,5782,37.848
20.245488,5952,7198,5783,37.848
20.251177,5954,7196,5786,37.848
20.255587,5954,7195,5787,37.848
20.261293,5954,7193,5788,37.848
20.265725,5952,7191,5788,37.848
20.270150,5950,7190,5787,37.848
20.275902,5949,7189,5783,37.848
20.280304,5949,7188,5778,37.848
20.285964,5950,7189,5772,37.848
20.290423,5951,7189,5767,37.848
20.296040,5950,7191,5765,37.848
20.300562,5950,7192,5761,37.848
20.304957,5948,7192,5756,37.848
20.310713,5948,7194,5755,37.848
20.315136,5947,7195,5754,37.848
20.320767,5946,7196,5754,37.848
20.325280,5945,7197,5756,37.848
20.330942,5944,7198,5758,37.848
20.335417,5943,7197,5761,37.848
20.341093,5942,7196,5761,37.842
20.345527,5943,7195,5762,37.842
20.349919,5946,7193,5762,37.842
20.355640,5947,7192,5761,37.842
20.360089,5948,7191,5765,37.842
20.365731,5949,7190,5767,37.842
20.370216,5948,7190,5771,37.842
20.375936,5949,7188,5773,37.842
20.380324,5949,7187,5770,37.842
20.384742,5950,7187,5769,37.842
20.390465,5952,7188,5768,37.842
20.394903,5954,7188,5767,37.842
20.400566,5954,7188,5764,37.848
20.405037,5952,7188,5759,37.848
20.410681,5949,7185,5757,37.848
20.415160,5946,7183,5757,37.848
20.420966,5942,7182,5759,37.848
20.425274,5939,7180,5763,37.848
20.429686,5938,7179,5765,37.848
20.435406,5938,7180,5768,37.848
20.439853,5939,7179,5770,37.842
20.445507,5941,7180,5773,37.842
20.449967,5942,7179,5776,37.842
20.455695,5943,7179,5777,37.842
20.460173,5946,7178,5778,37.848
20.464517,5947,7179,5776,37.848
20.470282,5949,7179,5775,37.848
20.474637,5949,7181,5773,37.848
20.480195,5948,7183,5772,37.848
20.484790,5948,7185,5772,37.848
20.490496,5949,7186,5772,37.848
20.494888,5949,7186,5775,37.848
20.500662,5949,7185,5774,37.848
20.505029,5949,7183,5773,37.848
20.509477,5948,7182,5771,37.848
20.515202,5947,7182,5769,37.848
20.519605,5947,7181,5769,37.848
20.525272,5947,7181,5769,37.848
20.529726,5946,7180,5770,37.848
20.535465,5947,7178,5767,37.848
20.539895,5948,7178,5763,37.848
20.544311,5949,7178,5759,37.848
20.550003,5951,7177,5754,37.848
20.554471,5949,7178,5749,37.848
20.560126,5946,7178,5744,37.848
20.564569,5944,7179,5740,37.848
20.570285,5943,7182,5737,37.848
20.574809,5939,7184,5733,37.848
20.580424,5938,7186,5730,37.848
20.584812,5937,7188,5730,37.848
20.589252,5935,7188,5734,37.848
20.594993,5935,7188,5740,37.848
20.599378,5934,7188,5743,37.842
20.605048,5932,7187,5748,37.842
20.609513,5931,7186,5751,37.842
20.615203,5932,7186,5752,37.842
20.619677,5933,7188,5750,37.842
20.624057,5934,7190,5749,37.842
20.629803,5934,7194,5750,37.842
20.634184,5933,7196,5750,37.842
20.639880,5933,7199,5757,37.842
20.644373,5936,7199,5762,37.842
20.650064,5937,7199,5765,37.842
20.654513,5939,7199,5768,37.842
20.660166,5940,7199,5767,37.842
20.664594,5940,7201,5766,37.842
20.669038,5941,7201,5763,37.842
20.674771,5943,7200,5760,37.842
20.679151,5946,7198,5758,37.842
20.684846,5948,7197,5754,37.842
20.689287,5951,7196,5753,37.842
20.694996,5953,7195,5750,37.842
20.699432,5955,7196,5747,37.842
20.703832,5956,7195,5747,37.842
20.709600,5956,7196,5750,37.842
20.713988,5956,7198,5751,37.842
20.719673,5954,7199,5754,37.842
20.724133,5954,7198,5755,37.842
20.729796,5953,7196,5758,37.842
20.734267,5952,7195,5761,37.842
20.739981,5951,7193,5763,37.842
20.744403,5950,7192,5765,37.842
20.748744,5948,7192,5767,37.842
20.754538,5948,7192,5768,37.842
20.758953,5948,7192,5769,37.842
20.764608,5948,7192,5768,37.842
20.769169,5948,7192,5768,37.842
20.774792,5948,7192,5768,37.842
20.779223,5949,7191,5769,37.842
20.783587,5952,7190,5767,37.842
20.789343,5952,7189,5765,37.842
20.793740,5953,7186,5762,37.842
20.799480,5952,7185,5759,37.842
20.803920,5951,7185,5757,37.842
20.809633,5953,7187,5755,37.842
20.814040,5955,7189,5752,37.842
20.819745,5957,7191,5750,37.842
20.824249,5960,7190,5748,37.842
20.828613,5961,7189,5747,37.842
20.834301,5960,7188,5748,37.842
20.838730,5958,7187,5746,37.842
20.844418,5955,7186,5743,37.842
20.848908,5953,7185,5738,37.842
20.854419,5952,7184,5735,37.842
20.859056,5952,7184,5733,37.842
20.863289,5952,7183,5733,37.842
20.869213,5953,7184,5734,37.842
20.873535,5953,7184,5736,37.842
20.879252,5951,7182,5737,37.842
20.883662,5951,7182,5735,37.842
20.889375,5950,7183,5734,37.842
20.893778,5949,7184,5730,37.842
20.899519,5948,7185,5728,37.842
20.903965,5947,7188,5727,37.842
20.908370,5946,7188,5729,37.842
20.914098,5947,7190,5731,37.842
20.918508,5947,7190,5730,37.842
20.924195,5947,7189,5731,37.842
20.928640,5948,7189,5732,37.842
20.934350,5949,7189,5734,37.842
20.938795,5949,7187,5740,37.842
20.943165,5949,7186,5744,37.842
20.948933,5949,7185,5747,37.842
20.953329,5949,7185,5748,37.842
20.959104,5949,7186,5747,37.842
20.963290,5949,7187,5745,37.842
20.969200,5950,7189,5745,37.842
20.973585,5950,7190,5746,37.842
20.979358,5952,7193,5748,37.842
20.983689,5952,7195,5752,37.842
20.988149,5953,7197,5755,37.842
20.993879,5952,7199,5757,37.842
20.998055,5952,7200,5758,37.842
21.003679,5952,7201,5759,37.842
21.008161,5952,7201,5762,37.842
21.013907,5951,7200,5766,37.842
21.018267,5951,7200,5769,37.842
21.022728,5951,7199,5768,37.842
21.028416,5950,7198,5770,37.842
21.032901,5948,7199,5771,37.842
21.038496,5947,7198,5771,37.842
21.043250,5944,7197,5773,37.842
21.048931,5941,7197,5774,37.842
21.053382,5941,7198,5774,37.842
21.059102,5941,7199,5775,37.842
21.063545,5941,7199,5775,37.842
21.067937,5941,7199,5777,37.842
21.073689,5941,7199,5776,37.842
21.078087,5943,7197,5771,37.842
21.083732,5946,7195,5767,37.842
21.088186,5947,7192,5765,37.842
21.093902,5950,7190,5763,37.842
21.098340,5951,7190,5765,37.842
21.102775,5950,7191,5765,37.842
21.108456,5950,7191,5765,37.842
21.112883,5949,7189,5766,37.842
21.118566,5949,7188,5766,37.842
21.122836,5947,7190,5767,37.842
21.128697,5945,7192,5769,37.842
21.133113,5942,7194,5770,37.842
21.138916,5942,7196,5772,37.837
21.143072,5941,7198,5771,37.837
21.147739,5942,7198,5767,37.837
21.153467,5943,7197,5764,37.837
21.157865,5946,7196,5765,37.837
21.163539,5949,7194,5765,37.837
21.167956,5951,7194,5769,37.837
21.173720,5953,7194,5771,37.837
21.178119,5954,7193,5772,37.837
21.182542,5956,7192,5770,37.837
21.188247,5957,7190,5771,37.837
21.192705,5959,7189,5774,37.837
21.198372,5960,7189,5775,37.837
21.202889,5960,7189,5775,37.837
21.208523,5960,7188,5775,37.837
21.212968,5959,7189,5773,37.837
21.218630,5957,7189,5773,37.837
21.223143,5957,7190,5771,37.837
21.227529,5957,7190,5772,37.837
21.233203,5955,7192,5774,37.837
21.237664,5956,7193,5775,37.842
21.243300,5956,7194,5777,37.842
21.247786,5957,7193,5776,37.842
21.253472,5958,7191,5773,37.842
21.257908,5960,7188,5770,37.842
21.262177,5962,7186,5769,37.842
21.268046,5963,7183,5770,37.842
21.272498,5962,7181,5772,37.842
21.278200,5960,7182,5772,37.842
21.282583,5958,7182,5771,37.842
21.288285,5957,7182,5770,37.842
21.292766,5957,7182,5770,37.842
21.298393,5957,7180,5773,37.842
21.302903,5957,7179,5774,37.842
21.307252,5957,7180,5772,37.842
21.313059,5956,7183,5770,37.842
21.317391,5955,7187,5767,37.842
21.323119,5955,7189,5766,37.842
21.327531,5956,7190,5765,37.842
21.333236,5957,7190,5764,37.842
21.337658,5959,7191,5763,37.842
21.342093,5960,7191,5762,37.842
21.347847,5959,7193,5762,37.842
21.352256,5959,7195,5761,37.842
21.357929,5957,7195,5763,37.842
21.362377,5955,7196,5763,37.842
21.368088,5954,7197,5766,37.842
21.372491,5950,7197,5767,37.842
21.378211,5946,7195,5768,37.842
21.382675,5944,7192,5767,37.842
21.387053,5943,7189,5765,37.842
21.392785,5945,7186,5767,37.842
21.397190,5948,7185,5767,37.842
21.402896,5950,7184,5766,37.842
21.407297,5952,7185,5767,37.842
21.413077,5953,7186,5770,37.842
21.417434,5955,7186,5773,37.842
21.421928,5956,7187,5777,37.842
21.427563,5955,7186,5781,37.842
21.431996,5955,7186,5782,37.842
21.437668,5957,7183,5783,37.842
21.442217,5958,7181,5785,37.842
21.447832,5958,7182,5788,37.842
21.452290,5959,7183,5788,37.842
21.457969,5958,7186,5789,37.842
21.462505,5959,7188,5787,37.842
21.466789,5960,7189,5784,37.848
21.472568,5960,7191,5783,37.848
21.476991,5959,7193,5782,37.848
21.482702,5957,7194,5778,37.848
21.487140,5958,7194,5774,37.848
21.492790,5957,7193,5769,37.848
21.497043,5957,7191,5767,37.848
21.501626,5956,7190,5764,37.848
21.507346,5954,7189,5763,37.848
21.511819,5953,7189,5765,37.848
21.517443,5952,7189,5766,37.848
21.521945,5951,7190,5768,37.848
21.527599,5951,7193,5771,37.848
21.532064,5952,7195,5775,37.848
21.537746,5954,7197,5775,37.848
21.542195,5957,7197,5774,37.848
21.546384,5959,7197,5770,37.848
21.552328,5959,7197,5766,37.848
21.556749,5959,7196,5760,37.848
21.562429,5960,7195,5757,37.848
21.566891,5963,7194,5754,37.848
21.572569,5965,7194,5752,37.848
21.577027,5967,7192,5751,37.848
21.581427,5968,7191,5751,37.848
21.587125,5968,7190,5751,37.848
21.591543,5967,7189,5753,37.848
21.597221,5965,7188,5755,37.848
21.601735,5963,7187,5757,37.848
21.607345,5961,7185,5759,37.848
21.611897,5959,7185,5758,37.848
21.617548,5958,7186,5755,37.848
21.622063,5956,7184,5755,37.848
21.626460,5954,7183,5754,37.848
21.632126,5951,7182,5754,37.848
21.636561,5948,7182,5754,37.848
21.642244,5945,7185,5754,37.848
21.646659,5942,7188,5755,37.848
21.652376,5941,7189,5758,37.848
21.656799,5942,7189,5760,37.848
21.661199,5943,7188,5762,37.848
21.666963,5942,7187,5764,37.848
21.671329,5943,7187,5762,37.848
21.676974,5941,7187,5762,37.848
21.681482,5940,7189,5763,37.848
21.687167,5942,7190,5762,37.848
21.691618,5942,7191,5761,37.848
21.697305,5943,7192,5765,37.848
21.701771,5944,7194,5770,37.848
21.706137,5945,7195,5776,37.848
21.711891,5944,7198,5780,37.848
21.716303,5943,7199,5779,37.848
21.722028,5943,7196,5773,37.848
21.726394,5943,7193,5768,37.848
21.732110,5944,7191,5766,37.848
21.736562,5944,7189,5764,37.848
21.741034,5944,7187,5761,37.848
21.746742,5945,7187,5759,37.848
21.751165,5945,7187,5758,37.848
21.756804,5945,7187,5756,37.848
21.761257,5944,7187,5755,37.848
21.766948,5946,7187,5754,37.848
21.771358,5946,7185,5751,37.848
21.777119,5946,7184,5751,37.848
21.781497,5946,7184,5750,37.848
21.785976,5945,7184,5750,37.848
21.791641,5944,7185,5755,37.848
21.796057,5945,7184,5756,37.848
21.801768,5945,7185,5759,37.848
21.806031,5945,7186,5761,37.848
21.811946,5945,7188,5759,37.848
21.816356,5947,7188,5759,37.848
21.820732,5949,7189,5762,37.848
21.826532,5951,7190,5765,37.848
21.830883,5952,7193,5772,37.848
21.836562,5952,7196,5777,37.848
21.841066,5951,7198,5780,37.848
21.846710,5949,7198,5780,37.848
21.851168,5946,7197,5784,37.848
21.856873,5942,7196,5785,37.848
21.861317,5940,7196,5787,37.848
21.865683,5938,7196,5790,37.848
21.871486,5937,7196,5792,37.848
21.875823,5936,7197,5793,37.848
21.881552,5935,7197,5799,37.848
21.885976,5936,7196,5801,37.848
21.891731,5939,7198,5804,37.842
21.896039,5943,7198,5804,37.842
21.900489,5947,7197,5804,37.842
21.906245,5949,7198,5805,37.842
21.910647,5949,7196,5804,37.842
21.916367,5949,7194,5801,37.842
21.920959,5950,7194,5800,37.842
21.926496,5952,7194,5797,37.842
21.930900,5955,7195,5793,37.842
21.936611,5958,7197,5787,37.842
21.941050,5960,7199,5781,37.842
21.945479,5962,7200,5775,37.842
21.951218,5961,7201,5769,37.842
21.955599,5961,7203,5766,37.842
21.961371,5959,7202,5766,37.842
21.965741,5956,7200,5765,37.842
21.971442,5955,7198,5763,37.842
21.975862,5956,7195,5760,37.842
21.980276,5958,7193,5759,37.842
21.986030,5961,7192,5758,37.842
21.990446,5964,7191,5758,37.842
21.996100,5965,7189,5758,37.848
22.000526,5964,7188,5754,37.848
22.006237,5960,7188,5750,37.848
22.010674,5956,7189,5747,37.848
22.016090,5952,7192,5745,37.848
22.020796,5951,7194,5746,37.848
22.025208,5952,7196,5744,37.848
22.030715,5953,7198,5742,37.848
22.035398,5954,7198,5740,37.848
22.041046,5955,7196,5737,37.848
22.045317,5956,7195,5737,37.848
22.051182,5956,7194,5739,37.848
22.055612,5955,7194,5740,37.848
22.060065,5953,7193,5740,37.848
22.065757,5949,7193,5736,37.848
22.070225,5946,7193,5733,37.848
22.075875,5943,7193,5731,37.848
22.080371,5941,7193,5731,37.848
22.085986,5940,7191,5734,37.848
22.090414,5939,7189,5738,37.848
22.096056,5938,7190,5740,37.848
22.100590,5938,7190,5743,37.853
22.104964,5939,7192,5743,37.853
22.110722,5940,7194,5744,37.853
22.115214,5941,7192,5747,37.853
22.120831,5940,7189,5752,37.853
22.125238,5937,7188,5757,37.853
22.130951,5936,7186,5761,37.853
22.135410,5934,7184,5763,37.853
22.139876,5933,7183,5763,37.853
22.145535,5933,7181,5764,37.853
22.149992,5932,7179,5765,37.853
22.155630,5932,7177,5767,37.853
22.160101,5931,7176,5769,37.853
22.165757,5929,7176,5770,37.853
22.170221,5928,7176,5770,37.853
22.175909,5928,7177,5768,37.853
22.180350,5929,7178,5764,37.853
22.184739,5932,7178,5760,37.853
22.190485,5934,7179,5757,37.853
22.194894,5935,7179,5757,37.853
22.200599,5937,7181,5757,37.853
22.205064,5937,7181,5760,37.853
22.210775,5940,7182,5760,37.853
22.215198,5942,7182,5757,37.859
22.219581,5943,7182,5753,37.859
22.225307,5945,7183,5749,37.859
22.229765,5946,7185,5748,37.859
22.235404,5946,7186,5751,37.859
22.239924,5946,7186,5753,37.859
22.245569,5948,7187,5756,37.859
22.249972,5950,7185,5758,37.859
22.255701,5951,7186,5757,37.859
22.260141,5952,7187,5756,37.859
22.264513,5953,7188,5757,37.859
22.270296,5953,7188,5758,37.859
22.274678,5955,7189,5760,37.859
22.280393,5957,7187,5762,37.859
22.284805,5957,7187,5763,37.859
22.290532,5956,7187,5762,37.859
22.294921,5957,7185,5762,37.859
22.299405,5956,7186,5763,37.859
22.305107,5956,7187,5765,37.859
22.309507,5957,7188,5766,37.859
22.315200,5957,7188,5767,37.859
22.319656,5957,7189,5765,37.859
22.325322,5957,7188,5758,37.859
22.329760,5957,7186,5752,37.859
22.335473,5958,7184,5743,37.859
22.339897,5956,7183,5737,37.864
22.344264,5955,7183,5733,37.864
22.350060,5954,7183,5729,37.864
22.354217,5953,7184,5728,37.864
22.360169,5952,7184,5729,37.864
22.364588,5952,7183,5730,37.864
22.370282,5952,7180,5730,37.864
22.374713,5952,7177,5732,37.864
22.379144,5952,7175,5733,37.864
22.384859,5952,7176,5734,37.864
22.389323,5952,7177,5733,37.864
22.394947,5951,7180,5734,37.864
22.399472,5951,7182,5738,37.864
22.405102,5952,7182,5741,37.864
22.409547,5953,7183,5747,37.864
22.415256,5954,7183,5752,37.864
22.419698,5956,7182,5757,37.864
22.424078,5957,7181,5762,37.864
22.429838,5960,7181,5765,37.864
22.434225,5962,7182,5766,37.864
22.439917,5962,7183,5765,37.864
22.444428,5960,7186,5764,37.864
22.450073,5958,7188,5764,37.864
22.454546,5954,7190,5765,37.864
22.458910,5953,7190,5768,37.864
22.464667,5951,7191,5769,37.864
22.469126,5950,7192,5770,37.864
22.474750,5951,7193,5772,37.870
22.479215,5953,7192,5770,37.870
22.484869,5957,7192,5769,37.870
22.489344,5961,7190,5767,37.870
22.495050,5966,7189,5765,37.870
22.499471,5969,7188,5763,37.870
22.503627,5970,7186,5762,37.870
22.509612,5970,7184,5758,37.870
22.513998,5970,7182,5752,37.870
22.519724,5969,7182,5750,37.870
22.524143,5968,7182,5746,37.870
22.529876,5969,7183,5743,37.870
22.534280,5970,7184,5741,37.870
22.538722,5970,7184,5740,37.870
22.544410,5971,7186,5737,37.870
22.548553,5973,7188,5735,37.870
22.554559,5972,7189,5736,37.870
22.559021,5971,7189,5737,37.870
22.564606,5970,7188,5743,37.870
22.569111,5969,7186,5749,37.870
22.574805,5967,7186,5752,37.870
22.579246,5965,7184,5752,37.870
22.583640,5964,7186,5752,37.870
22.589404,5962,7185,5750,37.870
22.593813,5963,7184,5751,37.870
22.599475,5964,7184,5754,37.870
22.603900,5966,7183,5757,37.870
22.609632,5968,7182,5761,37.870
22.614127,5969,7181,5763,37.870
22.618473,5969,7179,5765,37.875
22.624175,5970,7176,5766,37.875
22.628589,5969,7173,5767,37.875
22.634305,5968,7171,5768,37.875
22.638821,5966,7171,5767,37.875
22.644401,5964,7172,5766,37.875
22.648886,5962,7173,5764,37.875
22.654566,5962,7175,5763,37.875
22.659032,5962,7176,5761,37.875
22.663474,5961,7177,5759,37.875
22.669179,5959,7176,5759,37.875
22.673563,5956,7177,5758,37.875
22.679262,5954,7178,5754,37.875
22.683683,5953,7177,5753,37.875
22.689441,5953,7177,5753,37.875
22.693837,5952,7178,5749,37.875
22.698247,5951,7179,5752,37.875
22.703961,5949,7182,5754,37.875
22.708457,5949,7187,5752,37.875
22.714077,5948,7190,5753,37.875
22.718554,5948,7194,5751,37.875
22.724178,5949,7196,5751,37.875
22.728651,5949,7197,5748,37.875
22.734324,5951,7197,5747,37.875
22.738785,5955,7196,5746,37.875
22.743265,5960,7196,5743,37.875
22.748928,5963,7196,5741,37.875
22.753369,5964,7196,5738,37.875
22.759106,5963,7196,5736,37.875
22.763460,5960,7197,5735,37.875
22.769200,5957,7197,5733,37.875
22.773601,5957,7197,5733,37.881
22.778015,5958,7197,5733,37.881
22.783731,5959,7198,5734,37.881
22.788154,5960,7198,5734,37.881
22.793832,5963,7198,5736,37.881
22.798285,5964,7198,5737,37.881
22.803961,5964,7196,5739,37.881
22.808434,5962,7195,5742,37.881
22.814124,5960,7192,5745,37.881
22.818576,5958,7191,5748,37.881
22.822766,5957,7189,5750,37.881
22.828695,5956,7188,5752,37.881
22.833195,5956,7189,5753,37.881
22.838821,5955,7190,5755,37.881
22.843259,5955,7191,5760,37.881
22.848952,5954,7193,5766,37.881
22.853393,5953,7194,5768,37.881
22.857836,5951,7196,5767,37.881
22.863553,5948,7197,5766,37.881
22.867932,5946,7197,5763,37.881
22.873611,5947,7197,5764,37.881
22.878097,5947,7196,5766,37.881
22.883770,5948,7194,5766,37.881
22.888193,5947,7193,5762,37.881
22.893877,5946,7191,5757,37.881
22.898364,5945,7189,5751,37.881
22.902845,5946,7188,5748,37.881
22.908559,5948,7186,5747,37.881
22.912910,5948,7184,5751,37.881
22.918608,5949,7183,5755,37.881
22.923049,5947,7182,5758,37.881
22.928743,5946,7183,5760,37.881
22.933163,5945,7183,5762,37.881
22.937576,5944,7184,5761,37.881
22.943317,5945,7184,5762,37.881
22.947774,5946,7185,5762,37.881
22.953452,5947,7184,5761,37.886
22.957875,5951,7184,5760,37.886
22.963581,5954,7184,5759,37.886
22.967961,5960,7183,5760,37.886
22.973731,5965,7183,5761,37.886
22.978174,5968,7184,5761,37.886
22.982608,5968,7185,5762,37.886
22.988317,5967,7187,5765,37.886
22.992707,5963,7187,5767,37.886
22.998353,5962,7186,5771,37.886
23.002844,5961,7185,5774,37.886
23.008543,5959,7184,5779,37.886
23.012774,5958,7183,5779,37.886
23.017079,5958,7184,5780,37.886
23.022915,5958,7185,5778,37.886
23.027702,5959,7188,5774,37.886
23.032949,5960,7189,5772,37.886
23.037617,5960,7191,5769,37.886
23.043299,5960,7192,5767,37.886
23.047435,5960,7192,5767,37.886
23.053487,5961,7192,5769,37.886
23.057912,5961,7193,5770,37.886
23.062413,5961,7194,5771,37.886
23.068037,5959,7194,5772,37.886
23.072501,5958,7194,5770,37.886
23.078162,5956,7193,5768,37.886
23.082633,5955,7192,5767,37.886
23.088324,5955,7190,5765,37.886
23.092740,5955,7188,5763,37.886
23.097138,5955,7187,5764,37.886
23.102888,5955,7185,5763,37.886
23.107253,5956,7184,5764,37.886
23.112968,5958,7183,5764,37.886
23.117465,5961,7181,5765,37.886
23.123065,5962,7179,5766,37.886
23.127560,5961,7178,5767,37.886
23.133307,5960,7177,5767,37.886
23.137665,5959,7177,5768,37.886
23.142118,5959,7178,5768,37.886
23.147848,5959,7178,5768,37.892
23.152255,5958,7179,5767,37.892
23.157930,5957,7179,5770,37.892
23.162432,5957,7179,5772,37.892
23.168105,5956,7179,5774,37.892
23.172589,5958,7178,5774,37.892
23.176890,5959,7178,5769,37.892
23.182663,5960,7179,5764,37.892
23.187034,5960,7179,5755,37.892
23.192741,5959,7180,5747,37.892
23.197186,5958,7180,5744,37.892
23.202903,5957,7180,5743,37.892
23.207280,5955,7179,5744,37.892
23.212994,5955,7178,5745,37.892
23.217340,5956,7176,5745,37.892
23.221893,5957,7175,5745,37.892
23.227576,5957,7173,5745,37.892
23.232158,5958,7173,5744,37.892
23.237674,5958,7174,5745,37.892
23.242172,5959,7176,5745,37.892
23.247821,5960,7178,5744,37.892
23.252286,5959,7180,5742,37.892
23.256674,5956,7182,5740,37.892
23.262432,5954,7183,5737,37.892
23.266854,5950,7184,5737,37.892
23.272510,5946,7184,5739,37.892
23.276946,5943,7184,5742,37.892
23.282658,5943,7184,5745,37.892
23.287102,5945,7184,5746,37.892
23.292804,5948,7184,5747,37.892
23.297206,5951,7184,5748,37.892
23.301633,5955,7185,5748,37.892
23.307359,5958,7184,5748,37.892
23.311776,5961,7184,5749,37.892
23.317439,5963,7185,5751,37.892
23.322016,5965,7186,5754,37.892
23.327600,5967,7188,5756,37.892
23.332076,5969,7190,5755,37.892
23.336484,5971,7190,5752,37.892
23.342192,5973,7191,5749,37.892
23.346591,5973,7192,5744,37.892
23.352292,5973,7193,5741,37.892
23.356782,5971,7192,5738,37.892
23.362497,5971,7189,5739,37.892
23.366861,5969,7188,5743,37.892
23.372587,5967,7187,5749,37.897
23.377003,5967,7187,5756,37.897
23.381412,5967,7188,5762,37.897
23.387185,5968,7188,5766,37.897
23.391541,5968,7187,5767,37.897
23.397200,5969,7184,5767,37.897
23.401689,5971,7182,5764,37.897
23.407391,5972,7181,5761,37.897
23.411845,5971,7181,5757,37.897
23.416251,5972,7182,5748,37.897
23.422072,5971,7182,5742,37.897
23.426390,5970,7180,5737,37.897
23.432052,5968,7179,5733,37.897
23.436516,5967,7178,5731,37.897
23.442206,5965,7178,5729,37.897
23.446676,5963,7179,5730,37.897
23.452368,5962,7180,5731,37.897
23.456777,5961,7181,5736,37.897
23.461231,5961,7184,5741,37.897
23.466951,5961,7186,5745,37.897
23.471332,5960,7189,5749,37.897
23.477092,5960,7190,5751,37.897
23.481440,5961,7190,5751,37.897
23.487181,5961,7191,5749,37.897
23.491623,5961,7189,5749,37.897
23.495900,5962,7188,5748,37.897
23.501725,5958,7189,5750,37.897
23.506177,5956,7187,5753,37.897
23.511878,5954,7187,5758,37.897
23.516325,5953,7186,5764,37.897
23.521998,5951,7185,5768,37.897
23.526407,5950,7186,5770,37.897
23.532133,5948,7187,5770,37.897
23.536550,5946,7189,5770,37.897
23.541034,5945,7191,5769,37.897
23.546853,5944,7192,5768,37.897
23.551142,5943,7193,5767,37.897
23.556846,5943,7195,5767,37.897
23.561315,5943,7197,5764,37.897
23.566961,5944,7196,5761,37.897
23.571388,5946,7194,5762,37.897
23.575796,5948,7191,5761,37.897
23.581551,5950,7189,5760,37.897
23.585944,5950,7187,5762,37.897
23.591624,5949,7187,5760,37.897
23.596017,5949,7187,5757,37.897
23.601741,5949,7186,5755,37.897
23.606251,5950,7186,5753,37.897
23.611962,5952,7185,5754,37.897
23.616318,5953,7185,5758,37.897
23.620737,5951,7185,5762,37.897
23.626461,5950,7185,5765,37.897
23.630904,5951,7185,5767,37.903
23.636583,5951,7186,5767,37.903
23.641062,5953,7188,5766,37.903
23.646710,5953,7190,5765,37.903
23.651173,5956,7191,5766,37.903
23.655711,5958,7190,5767,37.903
23.661349,5956,7188,5768,37.903
23.665688,5957,7186,5769,37.903
23.671436,5956,7183,5768,37.903
23.675870,5955,7180,5769,37.903
23.681547,5955,7179,5769,37.903
23.685930,5954,7179,5766,37.903
23.691695,5954,7180,5763,37.903
23.696151,5953,7183,5760,37.903
23.700528,5951,7185,5756,37.903
23.706243,5951,7187,5756,37.903
23.710681,5953,7191,5757,37.903
23.716354,5953,7194,5759,37.903
23.720821,5954,7194,5759,37.903
23.726507,5955,7194,5756,37.903
23.730928,5955,7190,5752,37.903
23.735374,5957,7187,5749,37.903
23.741149,5960,7185,5748,37.903
23.745487,5961,7184,5745,37.903
23.751166,5961,7184,5747,37.903
23.755658,5961,7186,5748,37.903
23.761355,5959,7186,5749,37.903
23.765766,5959,7185,5755,37.903
23.771460,5959,7186,5757,37.903
23.775889,5959,7187,5759,37.903
23.780334,5959,7188,5760,37.903
23.786050,5958,7189,5759,37.903
23.790456,5956,7189,5760,37.903
23.796045,5955,7186,5764,37.903
23.800590,5954,7185,5765,37.903
23.806267,5953,7183,5766,37.903
23.810694,5953,7183,5765,37.903
23.815127,5954,7184,5763,37.903
23.820847,5953,7184,5764,37.903
23.825230,5952,7184,5765,37.903
23.830974,5953,7183,5769,37.903
23.835406,5953,7182,5769,37.903
23.841118,5955,7184,5767,37.903
23.845511,5956,7185,5766,37.903
23.851276,5956,7187,5764,37.903
23.855651,5957,7188,5763,37.903
23.860088,5958,7187,5762,37.903
23.865804,5958,7186,5761,37.903
23.870271,5958,7185,5758,37.903
23.875910,5959,7186,5754,37.903
23.880358,5959,7187,5752,37.903
23.886050,5958,7188,5751,37.903
23.890477,5956,7187,5753,37.903
23.894907,5954,7185,5755,37.903
23.900634,5953,7183,5757,37.903
23.905062,5953,7182,5759,37.903
23.910706,5952,7181,5759,37.903
23.915206,5952,7181,5759,37.903
23.920895,5951,7179,5760,37.903
23.925303,5950,7178,5759,37.903
23.931000,5950,7177,5760,37.903
23.935452,5949,7176,5760,37.903
23.939875,5950,7175,5761,37.908
23.945585,5951,7176,5760,37.908
23.949986,5953,7178,5757,37.908
23.955664,5955,7180,5756,37.908
23.960132,5957,7180,5754,37.908
23.965847,5958,7181,5752,37.908
23.970263,5959,7182,5751,37.908
23.974636,5962,7183,5749,37.908
23.980393,5961,7185,5749,37.908
23.984808,5961,7186,5748,37.908
23.990482,5962,7187,5745,37.908
23.994964,5961,7189,5740,37.908
24.000650,5963,7190,5733,37.908
24.005031,5965,7192,5734,37.908
24.010774,5968,7193,5736,37.908
24.014981,5969,7194,5741,37.908
24.019662,5968,7193,5749,37.908
24.025417,5967,7190,5754,37.908
24.029567,5964,7187,5755,37.908
24.035437,5962,7184,5755,37.908
24.039878,5961,7183,5754,37.908
24.045360,5962,7180,5751,37.908
24.050066,5962,7180,5747,37.908
24.054453,5962,7178,5745,37.908
24.060189,5962,7176,5744,37.908
24.064594,5962,7175,5746,37.908
24.070316,5963,7174,5748,37.908
24.074742,5963,7172,5751,37.908
24.080427,5964,7171,5750,37.908
24.084845,5963,7171,5748,37.908
24.090611,5960,7170,5748,37.908
24.094989,5957,7172,5747,37.908
24.099415,5956,7174,5745,37.908
24.105167,5954,7176,5744,37.908
24.109574,5954,7178,5737,37.908
24.115274,5954,7179,5733,37.908
24.119678,5954,7179,5732,37.908
24.125422,5955,7180,5731,37.908
24.129827,5956,7179,5732,37.908
24.134309,5955,7180,5730,37.908
24.139960,5955,7182,5728,37.908
24.144401,5955,7183,5725,37.908
24.150068,5955,7184,5722,37.908
24.154560,5955,7183,5720,37.908
24.160207,5956,7182,5719,37.908
24.164637,5956,7182,5718,37.908
24.170368,5958,7182,5720,37.908
24.174778,5960,7184,5720,37.908
24.179204,5960,7186,5721,37.908
24.184911,5962,7187,5724,37.908
24.189327,5963,7187,5725,37.908
24.195080,5964,7187,5727,37.908
24.199481,5965,7186,5731,37.908
24.205160,5963,7185,5736,37.908
24.209620,5964,7185,5740,37.908
24.214001,5965,7185,5742,37.908
24.219774,5963,7186,5742,37.908
24.224162,5963,7188,5737,37.908
24.229857,5964,7191,5733,37.908
24.234298,5963,7194,5729,37.908
24.239987,5964,7195,5728,37.908
24.244429,5964,7194,5729,37.908
24.250126,5965,7192,5729,37.908
24.254555,5966,7190,5730,37.908
24.258984,5966,7190,5731,37.908
24.264712,5965,7190,5733,37.908
24.269150,5963,7189,5736,37.908
24.274783,5960,7186,5743,37.908
24.279256,5960,7184,5748,37.908
24.284933,5960,7183,5751,37.908
24.289373,5960,7183,5753,37.908
24.293774,5959,7186,5753,37.908
24.299531,5958,7187,5752,37.908
24.303915,5959,7186,5749,37.908
24.309632,5960,7186,5744,37.908
24.314076,5961,7186,5740,37.914
24.319770,5961,7186,5737,37.914
24.324170,5961,7186,5734,37.914
24.329926,5959,7187,5730,37.914
24.334329,5960,7187,5729,37.914
24.338783,5961,7187,5729,37.914
24.344492,5962,7186,5735,37.914
24.348935,5964,7185,5741,37.914
24.354605,5964,7184,5745,37.914
24.359057,5965,7183,5750,37.914
24.364787,5966,7185,5752,37.914
24.369168,5967,7187,5752,37.914
24.373411,5969,7186,5754,37.914
24.379314,5969,7186,5755,37.914
24.383692,5970,7184,5755,37.914
24.389420,5970,7181,5756,37.914
24.393830,5970,7182,5757,37.914
24.399549,5971,7182,5758,37.914
24.404019,5969,7185,5760,37.914
24.409684,5968,7187,5763,37.914
24.414140,5966,7188,5763,37.914
24.418546,5964,7190,5764,37.914
24.424259,5962,7191,5765,37.914
24.428755,5962,7191,5766,37.914
24.434409,5961,7190,5768,37.914
24.438855,5959,7192,5768,37.914
24.444546,5959,7192,5768,37.914
24.448978,5959,7192,5766,37.914
24.453399,5958,7192,5765,37.914
24.459163,5957,7192,5768,37.914
24.463540,5955,7192,5772,37.914
24.469225,5953,7193,5778,37.914
24.473664,5952,7193,5782,37.914
24.479377,5952,7193,5786,37.914
24.483766,5952,7193,5785,37.914
24.489525,5952,7192,5783,37.914
24.493928,5954,7192,5778,37.914
24.498317,5957,7192,5772,37.914
24.503781,5960,7192,5769,37.914
24.508468,5962,7194,5767,37.914
24.514125,5963,7193,5769,37.914
24.518617,5962,7194,5772,37.914
24.524325,5962,7194,5773,37.914
24.528775,5961,7194,5777,37.914
24.533211,5959,7195,5779,37.914
24.538943,5958,7193,5783,37.914
24.543361,5956,7191,5788,37.914
24.548870,5954,7188,5789,37.914
24.553441,5954,7184,5790,37.914
24.559168,5953,7183,5788,37.914
24.563580,5953,7181,5785,37.914
24.569255,5954,7181,5784,37.914
24.573695,5953,7181,5783,37.914
24.578174,5953,7179,5784,37.914
24.583872,5954,7176,5787,37.914
24.588282,5955,7175,5788,37.914
24.593964,5955,7176,5788,37.914
24.598374,5957,7176,5789,37.914
24.604090,5958,7176,5787,37.914
24.608465,5959,7175,5788,37.914
24.612987,5960,7173,5790,37.914
24.618682,5961,7173,5790,37.914
24.623172,5960,7174,5790,37.914
24.628792,5960,7176,5786,37.914
24.633222,5961,7179,5780,37.914
24.638901,5960,7179,5775,37.914
24.643366,5960,7181,5773,37.914
24.649052,5959,7182,5768,37.914
24.653510,5957,7182,5764,37.914
24.657917,5955,7183,5763,37.914
24.663686,5955,7184,5758,37.914
24.668041,5956,7183,5754,37.914
24.673768,5958,7182,5750,37.914
24.678161,5960,7182,5747,37.914
24.683880,5961,7180,5743,37.914
24.688298,5964,7180,5742,37.914
24.692787,5966,7180,5740,37.914
24.698431,5971,7181,5737,37.914
24.702951,5974,7181,5738,37.914
24.708578,5975,7181,5739,37.914
24.713018,5973,7182,5740,37.914
24.718694,5970,7180,5740,37.914
24.723171,5966,7178,5740,37.914
24.728851,5963,7176,5740,37.914
24.733089,5962,7174,5742,37.914
24.737714,5960,7173,5743,37.914
24.743412,5959,7174,5744,37.914
24.747869,5958,7175,5741,37.914
24.753542,5957,7176,5736,37.914
24.757976,5958,7176,5732,37.914
24.763680,5960,7175,5728,37.914
24.768137,5962,7177,5728,37.914
24.772615,5962,7179,5731,37.914
24.778269,5960,7183,5737,37.914
24.782707,5955,7187,5743,37.914
24.788361,5952,7189,5747,37.914
24.792808,5951,7188,5755,37.914
24.798504,5952,7186,5759,37.919
24.802939,5952,7185,5763,37.919
24.808664,5953,7185,5765,37.919
24.812972,5953,7185,5763,37.919
24.817475,5952,7187,5762,37.919
24.823202,5951,7188,5761,37.919
24.827613,5949,7188,5761,37.919
24.833317,5948,7188,5760,37.919
24.837787,5948,7188,5757,37.919
24.843454,5947,7187,5756,37.919
24.847906,5946,7184,5755,37.919
24.852296,5946,7183,5757,37.919
24.858109,5946,7183,5760,37.919
24.862577,5948,7184,5759,37.919
24.868181,5951,7186,5758,37.919
24.872604,5953,7188,5756,37.919
24.878289,5956,7189,5757,37.919
24.882524,5959,7191,5759,37.919
24.888421,5958,7194,5761,37.919
24.892709,5955,7196,5761,37.919
24.897272,5953,7198,5759,37.919
24.903002,5950,7198,5754,37.919
24.907389,5951,7198,5754,37.919
24.913068,5951,7197,5755,37.919
24.917526,5953,7197,5757,37.919
24.923225,5953,7198,5758,37.919
24.927655,5954,7197,5760,37.919
24.932107,5954,7197,5759,37.919
24.937828,5953,7197,5760,37.919
24.942245,5953,7194,5761,37.919
24.947929,5953,7192,5760,37.919
24.952369,5951,7191,5760,37.919
24.958097,5947,7190,5761,37.919
24.962488,5944,7190,5758,37.919
24.968180,5942,7190,5758,37.919
24.972483,5940,7190,5757,37.919
24.977058,5942,7190,5757,37.919
24.982824,5945,7190,5757,37.919
24.987157,5947,7191,5759,37.919
24.992851,5951,7192,5758,37.919
24.997296,5952,7193,5758,37.919
25.002831,5953,7195,5761,37.919
25.007433,5952,7197,5762,37.919
25.011919,5949,7198,5763,37.919
25.017326,5947,7198,5762,37.919
25.021704,5946,7197,5761,37.919
25.027433,5946,7196,5761,37.919
25.031867,5948,7194,5759,37.919
25.037824,5951,7192,5759,37.919
25.042250,5955,7191,5757,37.919
25.047792,5958,7190,5756,37.919
25.052396,5957,7190,5756,37.919
25.056825,5956,7190,5756,37.919
25.062652,5955,7190,5757,37.919
25.067001,5953,7189,5759,37.919
25.072676,5953,7190,5759,37.919
25.077122,5955,7190,5758,37.919
25.082808,5955,7191,5760,37.919
25.087196,5957,7191,5757,37.919
25.091629,5958,7192,5754,37.919
25.097191,5959,7192,5753,37.919
25.101829,5957,7193,5751,37.919
25.107427,5957,7194,5751,37.919
25.111967,5957,7195,5753,37.919
25.117608,5954,7195,5754,37.919
25.122068,5952,7194,5757,37.919
25.127783,5951,7193,5759,37.919
25.132197,5950,7195,5758,37.919
25.136415,5951,7195,5759,37.919
25.142338,5952,7194,5757,37.919
25.146797,5953,7196,5754,37.919
25.152447,5955,7195,5752,37.919
25.156898,5956,7194,5746,37.919
25.162644,5957,7194,5741,37.919
25.167033,5957,7192,5738,37.919
25.171425,5958,7190,5736,37.919
25.177195,5958,7187,5738,37.919
25.181543,5959,7184,5742,37.919
25.187246,5960,7181,5745,37.919
25.191706,5961,7180,5747,37.919
25.197377,5962,7180,5748,37.919
25.201870,5960,7182,5749,37.919
25.207522,5961,7184,5750,37.919
25.212065,5959,7186,5753,37.919
25.216376,5955,7186,5755,37.919
25.222168,5954,7186,5757,37.919
25.226566,5952,7185,5759,37.919
25.232189,5952,7184,5758,37.919
25.236685,5952,7184,5757,37.919
25.242339,5952,7185,5756,37.919
25.246812,5949,7184,5756,37.919
25.251247,5946,7184,5755,37.919
25.256967,5942,7184,5756,37.919
25.261347,5939,7184,5757,37.919
25.267063,5938,7185,5760,37.919
25.271504,5938,7186,5760,37.919
25.277154,5938,7188,5759,37.919
25.281610,5939,7190,5758,37.919
25.287356,5940,7191,5754,37.919
25.291741,5942,7192,5751,37.919
25.296176,5943,7193,5749,37.919
25.301887,5945,7194,5746,37.919
25.306305,5945,7195,5743,37.919
25.312012,5946,7196,5741,37.919
25.316422,5945,7198,5739,37.919
25.322197,5945,7199,5741,37.919
25.326583,5946,7198,5741,37.919
25.330970,5944,7197,5741,37.919
25.336779,5943,7198,5741,37.919
25.341194,5941,7197,5740,37.919
25.346836,5939,7198,5742,37.919
25.351262,5938,7199,5744,37.919
25.356967,5939,7199,5744,37.919
25.361374,5940,7198,5742,37.919
25.366915,5941,7197,5740,37.919
25.371552,5941,7195,5741,37.919
25.375944,5940,7194,5747,37.919
25.381665,5940,7194,5755,37.919
25.386072,5939,7195,5762,37.919
25.391794,5940,7197,5768,37.919
25.396129,5942,7197,5769,37.919
25.401952,5943,7196,5768,37.919
25.406326,5944,7196,5768,37.919
25.410762,5945,7196,5766,37.919
25.416509,5947,7197,5768,37.919
25.420882,5948,7198,5768,37.919
25.426583,5949,7198,5767,37.919
25.431055,5950,7197,5765,37.919
25.436726,5949,7195,5763,37.919
25.441193,5948,7193,5764,37.919
25.446885,5946,7192,5767,37.919
25.451374,5945,7191,5771,37.919
25.455644,5944,7189,5771,37.919
25.461504,5944,7188,5770,37.919
25.465858,5946,7186,5768,37.919
25.471583,5949,7185,5763,37.919
25.476004,5951,7184,5762,37.919
25.481714,5953,7183,5761,37.919
25.486146,5952,7184,5762,37.925
25.490562,5949,7186,5762,37.925
25.496276,5947,7187,5764,37.925
25.500707,5947,7188,5765,37.925
25.506378,5948,7187,5765,37.925
25.510818,5950,7186,5764,37.925
25.516519,5953,7187,5763,37.925
25.520935,5953,7187,5764,37.925
25.526670,5952,7187,5764,37.925
25.531107,5952,7188,5764,37.925
25.535522,5951,7186,5766,37.925
25.541270,5950,7184,5767,37.925
25.545668,5950,7185,5765,37.925
25.551109,5950,7187,5764,37.925
25.555793,5950,7190,5762,37.925
25.561492,5953,7193,5760,37.925
25.565887,5954,7194,5760,37.925
25.570330,5954,7195,5757,37.925
25.576117,5954,7196,5756,37.925
25.580465,5955,7196,5754,37.925
25.586126,5956,7197,5749,37.925
25.590640,5958,7194,5746,37.925
25.596119,5958,7192,5745,37.925
25.600703,5960,7191,5748,37.925
25.606463,5961,7192,5748,37.925
25.610850,5962,7194,5753,37.925
25.615269,5962,7197,5755,37.925
25.621022,5963,7198,5755,37.925
25.625443,5963,7197,5756,37.925
25.631126,5965,7196,5758,37.925
25.635596,5968,7194,5762,37.925
25.641280,5970,7193,5765,37.925
25.645697,5971,7193,5768,37.925
25.650172,5972,7194,5771,37.925
25.655849,5970,7193,5774,37.925
25.660253,5968,7193,5774,37.925
25.665934,5967,7193,5773,37.925
25.670404,5965,7193,5771,37.925
25.676074,5963,7193,5768,37.925
25.680501,5962,7194,5767,37.925
25.686227,5960,7195,5766,37.925
25.690643,5958,7195,5766,37.925
25.695057,5955,7195,5765,37.925
25.700817,5953,7195,5761,37.925
25.705008,5952,7197,5754,37.925
25.710909,5949,7199,5748,37.925
25.715318,5948,7201,5744,37.925
25.721063,5947,7201,5741,37.925
25.725472,5946,7199,5743,37.925
25.729952,5946,7195,5744,37.925
25.735607,5945,7190,5746,37.925
25.740061,5945,7186,5746,37.925
25.745709,5948,7183,5744,37.925
25.750190,5949,7180,5742,37.925
25.755835,5952,7179,5743,37.925
25.760320,5955,7180,5745,37.925
25.766053,5957,7179,5747,37.925
25.770472,5959,7178,5752,37.925
25.774854,5960,7180,5755,37.925
25.780657,5959,7180,5758,37.925
25.785010,5960,7183,5762,37.925
25.790669,5961,7185,5764,37.925
25.795132,5960,7188,5765,37.925
25.800825,5962,7189,5769,37.925
25.805256,5962,7190,5771,37.925
25.809706,5963,7191,5772,37.925
25.815407,5964,7192,5775,37.925
25.819827,5964,7193,5776,37.925
25.825344,5963,7195,5778,37.925
25.830035,5961,7198,5776,37.925
25.835633,5962,7200,5775,37.925
25.840120,5963,7201,5768,37.925
25.845786,5965,7200,5762,37.925
25.850220,5966,7200,5758,37.925
25.854672,5967,7199,5754,37.925
25.860385,5969,7198,5755,37.925
25.864790,5969,7197,5753,37.925
25.870522,5968,7194,5750,37.925
25.874910,5967,7191,5750,37.925
25.880618,5964,7188,5749,37.925
25.885105,5962,7187,5750,37.925
25.889500,5960,7185,5750,37.925
25.895177,5960,7185,5749,37.925
25.899415,5960,7185,5750,37.925
25.905318,5959,7185,5746,37.925
25.909730,5960,7185,5745,37.925
25.915510,5960,7185,5743,37.925
25.919878,5960,7183,5743,37.925
25.925555,5961,7178,5748,37.925
25.929995,5960,7175,5753,37.925
25.934445,5958,7171,5759,37.925
25.940169,5955,7168,5763,37.925
25.944616,5953,7166,5767,37.925
25.950240,5951,7166,5766,37.925
25.954687,5951,7168,5764,37.925
25.960374,5950,7170,5764,37.925
25.964836,5949,7175,5765,37.925
25.969278,5949,7179,5764,37.925
25.974968,5950,7182,5764,37.925
25.979151,5951,7185,5766,37.925
25.985023,5952,7187,5769,37.925
25.989247,5953,7188,5771,37.925
25.995015,5952,7188,5773,37.925
25.999443,5951,7187,5769,37.925
26.005088,5952,7184,5764,37.925
26.009589,5954,7182,5758,37.925
26.013945,5956,7180,5754,37.925
26.019671,5958,7179,5749,37.925
26.024059,5959,7179,5745,37.925
26.029844,5960,7181,5741,37.925
26.034218,5962,7182,5740,37.925
26.039934,5964,7182,5739,37.925
26.044642,5968,7182,5739,37.925
26.049061,5969,7182,5740,37.925
26.054739,5969,7181,5740,37.925
26.059174,5967,7180,5740,37.925
26.064862,5964,7178,5744,37.925
26.069332,5960,7176,5748,37.925
26.075001,5957,7175,5752,37.925
26.079483,5955,7175,5756,37.925
26.085152,5955,7176,5760,37.925
26.089592,5956,7177,5761,37.925
26.093969,5957,7178,5761,37.925
26.099752,5958,7179,5761,37.925
26.104139,5958,7179,5757,37.925
26.109824,5956,7180,5754,37.925
26.114260,5955,7181,5754,37.925
26.119973,5956,7182,5755,37.925
26.124379,5956,7182,5757,37.925
26.128837,5955,7182,5762,37.925
26.134559,5956,7183,5767,37.925
26.138964,5956,7184,5770,37.925
26.144650,5955,7185,5775,37.925
26.149170,5956,7186,5776,37.925
26.154762,5955,7185,5776,37.925
26.159292,5954,7184,5775,37.925
26.164914,5955,7184,5771,37.925
26.169375,5954,7184,5766,37.925
26.173776,5954,7185,5764,37.925
26.179562,5953,7186,5763,37.925
26.183934,5951,7188,5765,37.925
26.189602,5949,7190,5768,37.925
26.194063,5950,7191,5771,37.925
26.199784,5950,7188,5772,37.925
26.204177,5948,7187,5771,37.925
26.208605,5947,7185,5767,37.925
26.214366,5946,7182,5764,37.925
26.218732,5945,7182,5762,37.925
26.224424,5944,7182,5760,37.925
26.228908,5944,7184,5762,37.925
26.234584,5945,7185,5761,37.925
26.239050,5945,7186,5762,37.925
26.244574,5944,7186,5762,37.925
26.249186,5942,7185,5762,37.925
26.253378,5941,7185,5760,37.925
26.259276,5940,7185,5761,37.925
26.263728,5938,7185,5762,37.925
26.269433,5937,7187,5759,37.925
26.273785,5935,7190,5756,37.925
26.279538,5934,7192,5754,37.925
26.283959,5935,7194,5752,37.925
26.288408,5936,7194,5755,37.925
26.294127,5939,7192,5756,37.925
26.298553,5941,7190,5758,37.925
26.304158,5946,7188,5758,37.925
26.308683,5949,7188,5759,37.925
26.314379,5950,7190,5757,37.925
26.318785,5952,7191,5758,37.925
26.324501,5952,7194,5759,37.925
26.328953,5951,7196,5760,37.925
26.333215,5952,7197,5761,37.925
26.339152,5951,7200,5764,37.925
26.343581,5948,7200,5763,37.925
26.349114,5948,7199,5762,37.925
26.353653,5948,7198,5760,37.925
26.359375,5950,7196,5759,37.925
26.363738,5951,7194,5757,37.925
26.368162,5953,7193,5756,37.925
26.373922,5952,7192,5756,37.925
26.378315,5951,7191,5756,37.925
26.383990,5951,7190,5758,37.925
26.388455,5950,7189,5760,37.925
26.394100,5947,7188,5757,37.925
26.398554,5945,7189,5757,37.925
26.404291,5943,7189,5757,37.925
26.408711,5941,7190,5758,37.925
26.412930,5942,7192,5762,37.925
26.418842,5943,7193,5764,37.925
26.423290,5944,7194,5764,37.925
26.428977,5944,7195,5763,37.925
26.433385,5943,7194,5762,37.925
26.439142,5943,7193,5763,37.925
26.443551,5943,7193,5762,37.925
26.447976,5945,7194,5764,37.925
26.453737,5947,7193,5765,37.925
26.458149,5948,7194,5765,37.925
26.463798,5948,7195,5767,37.925
26.468255,5946,7195,5768,37.925
26.473691,5945,7196,5766,37.925
26.478418,5944,7197,5765,37.925
26.484061,5945,7199,5765,37.925
26.488554,5946,7199,5765,37.925
26.492913,5947,7199,5767,37.925
26.498634,5948,7199,5769,37.925
26.502823,5947,7199,5769,37.925
26.508727,5945,7197,5768,37.925
26.513252,5945,7195,5766,37.925
26.518643,5945,7194,5762,37.925
26.523318,5946,7193,5757,37.925
26.527745,5948,7193,5754,37.925
26.533426,5947,7193,5753,37.925
26.537888,5946,7194,5753,37.925
26.543601,5945,7195,5753,37.925
26.547977,5944,7194,5755,37.925
26.553758,5943,7194,5755,37.925
26.558178,5942,7193,5755,37.925
26.563850,5940,7192,5754,37.925
26.568268,5939,7191,5752,37.925
26.572696,5940,7191,5751,37.925
26.578429,5941,7190,5749,37.925
26.582876,5943,7189,5750,37.925
26.588523,5943,7189,5750,37.925
26.593009,5943,7189,5748,37.925
26.598673,5943,7190,5749,37.925
26.603099,5941,7191,5750,37.925
26.607520,5942,7192,5752,37.925
26.613039,5942,7192,5757,37.925
26.617661,5942,7191,5758,37.925
26.623126,5944,7190,5760,37.925
26.627877,5945,7188,5762,37.925
26.633480,5945,7188,5762,37.925
26.637965,5946,7190,5760,37.925
26.643642,5945,7192,5759,37.925
26.648158,5946,7193,5757,37.925
26.652520,5947,7193,5752,37.925
26.658216,5948,7191,5749,37.925
26.662610,5949,7189,5745,37.930
26.668310,5951,7186,5745,37.930
26.672754,5952,7184,5749,37.930
26.678487,5952,7185,5756,37.930
26.682888,5952,7187,5762,37.930
26.687288,5953,7191,5766,37.930
26.693056,5954,7193,5766,37.930
26.697445,5955,7195,5765,37.930
26.702947,5957,7196,5763,37.930
26.707595,5957,7195,5763,37.930
26.713067,5958,7193,5761,37.930
26.717697,5957,7193,5760,37.930
26.723415,5955,7194,5758,37.930
26.727835,5954,7195,5752,37.930
26.732289,5952,7196,5748,37.930
26.738023,5950,7194,5746,37.930
26.742452,5949,7192,5747,37.930
26.748140,5947,7189,5751,37.930
26.752645,5946,7187,5751,37.930
26.758279,5944,7188,5752,37.930
26.762678,5942,7188,5751,37.930
26.767140,5939,7188,5751,37.930
26.772828,5936,7189,5753,37.930
26.777218,5935,7188,5755,37.930
26.782966,5933,7189,5758,37.930
26.787391,5932,7190,5758,37.930
26.793089,5933,7191,5757,37.930
26.797480,5932,7192,5755,37.930
26.803189,5932,7193,5755,37.930
26.807638,5933,7195,5756,37.930
26.812143,5934,7194,5758,37.930
26.817807,5935,7195,5760,37.930
26.822205,5936,7195,5761,37.930
26.827879,5937,7196,5762,37.930
26.832355,5936,7197,5764,37.930
26.838078,5936,7197,5767,37.930
26.842497,5936,7196,5768,37.930
26.846892,5937,7195,5766,37.930
26.852652,5938,7194,5764,37.930
26.857011,5939,7194,5761,37.930
26.862786,5940,7193,5760,37.930
26.867134,5941,7193,5757,37.930
26.872864,5943,7192,5755,37.930
26.877283,5945,7191,5754,37.930
26.883064,5947,7190,5753,37.930
26.887484,5949,7189,5755,37.930
26.891942,5949,7188,5758,37.930
26.897532,5948,7187,5761,37.930
26.902020,5948,7186,5762,37.930
26.907673,5948,7186,5765,37.930
26.912159,5950,7187,5769,37.930
26.917819,5951,7189,5772,37.930
26.922280,5954,7190,5778,37.930
26.926701,5955,7191,5781,37.930
26.932387,5955,7190,5784,37.930
26.936818,5955,7192,5782,37.930
26.942495,5954,7193,5780,37.930
26.946968,5953,7196,5777,37.930
26.952662,5954,7197,5773,37.930
26.957065,5954,7197,5769,37.930
26.962788,5955,7195,5768,37.930
26.966989,5958,7192,5769,37.930
26.971607,5960,7189,5768,37.930
26.977372,5960,7187,5765,37.930
26.981777,5961,7185,5762,37.930
26.987433,5959,7182,5759,37.930
26.991917,5958,7182,5757,37.930
26.997593,5957,7181,5760,37.930
27.002103,5957,7183,5765,37.930
27.006451,5956,7185,5771,37.930
27.012283,5956,7187,5774,37.930
27.016305,5955,7188,5777,37.930
27.022244,5954,7188,5777,37.930
27.026764,5953,7187,5775,37.930
27.032094,5953,7189,5775,37.930
27.036852,5955,7191,5774,37.930
27.042561,5956,7192,5771,37.930
27.046798,5958,7193,5768,37.930
27.051389,5960,7194,5763,37.930
27.057199,5961,7193,5762,37.930
27.061555,5963,7191,5764,37.930
27.067239,5965,7190,5768,37.930
27.071677,5968,7190,5770,37.930
27.077397,5971,7189,5772,37.930
27.081827,5970,7191,5773,37.930
27.086187,5970,7192,5769,37.930
27.091959,5969,7192,5766,37.930
27.096186,5966,7191,5763,37.930
27.102064,5964,7190,5762,37.930
27.106519,5963,7191,5759,37.930
27.112228,5963,7194,5762,37.930
27.116635,5962,7198,5764,37.930
27.122347,5961,7202,5767,37.930
27.126791,5959,7203,5770,37.930
27.131212,5956,7202,5775,37.930
27.136927,5953,7200,5778,37.930
27.141401,5950,7200,5776,37.930
27.147017,5948,7198,5774,37.930
27.151548,5947,7198,5770,37.930
27.157168,5948,7197,5769,37.930
27.161591,5950,7194,5770,37.930
27.166020,5950,7191,5771,37.930
27.171723,5951,7190,5772,37.930
27.176174,5951,7190,5773,37.930
27.181840,5951,7191,5774,37.930
27.186314,5952,7193,5771,37.930
27.191981,5952,7194,5768,37.930
27.196290,5952,7194,5766,37.930
27.202165,5952,7194,5765,37.930
27.206539,5952,7193,5765,37.930
27.211081,5954,7191,5767,37.930
27.216712,5956,7190,5769,37.930
27.221173,5959,7190,5770,37.930
27.226783,5960,7190,5771,37.930
27.231466,5960,7189,5768,37.930
27.236940,5960,7188,5766,37.930
27.241394,5958,7187,5764,37.930
27.245792,5959,7186,5762,37.930
27.251523,5958,7185,5761,37.930
27.255943,5959,7185,5759,37.930
27.261693,5960,7187,5756,37.930
27.266071,5962,7189,5751,37.930
27.271765,5963,7191,5750,37.930
27.276205,5963,7192,5752,37.930
27.281926,5962,7193,5756,37.930
27.286346,5962,7193,5760,37.930
27.290759,5962,7192,5763,37.930
27.296477,5964,7192,5764,37.930
27.300916,5965,7191,5761,37.930
27.306583,5966,7189,5756,37.930
27.311040,5966,7188,5751,37.930
27.316726,5964,7186,5750,37.930
27.321144,5961,7185,5750,37.930
27.325563,5959,7183,5749,37.930
27.331290,5957,7182,5750,37.930
27.335690,5954,7181,5752,37.930
27.341418,5954,7181,5754,37.930
27.345924,5952,7181,5759,37.930
27.351585,5949,7182,5762,37.930
27.355993,5947,7182,5764,37.930
27.361696,5947,7182,5765,37.930
27.366115,5948,7181,5764,37.930
27.370536,5950,7182,5759,37.930
27.376268,5951,7181,5756,37.930
27.380710,5950,7181,5754,37.930
27.386355,5949,7181,5753,37.930
27.390816,5948,7182,5752,37.930
27.396505,5947,7182,5753,37.930
27.400949,5947,7183,5752,37.930
27.405341,5947,7185,5752,37.930
27.411120,5948,7187,5752,37.930
27.415465,5950,7188,5752,37.930
27.421161,5955,7188,5754,37.930
27.425643,5957,7188,5753,37.930
27.431364,5960,7187,5754,37.930
27.435733,5962,7186,5758,37.930
27.441527,5962,7185,5759,37.930
27.445891,5963,7185,5760,37.930
27.450293,5963,7185,5760,37.930
27.456082,5963,7186,5758,37.930
27.460483,5963,7188,5758,37.930
27.466126,5963,7189,5761,37.930
27.470588,5960,7191,5765,37.930
27.476310,5957,7192,5770,37.930
27.480693,5954,7194,5772,37.930
27.485137,5951,7195,5775,37.930
27.490865,5949,7195,5777,37.930
27.495291,5948,7194,5778,37.930
27.500986,5947,7192,5775,37.930
27.505429,5946,7189,5772,37.930
27.511113,5947,7189,5768,37.930
27.515526,5947,7190,5767,37.930
27.521227,5946,7189,5766,37.930
27.525656,5946,7189,5766,37.930
27.530036,5946,7187,5762,37.930
27.535829,5947,7183,5757,37.930
27.540261,5949,7180,5753,37.930
27.545899,5950,7179,5750,37.930
27.550220,5950,7177,5751,37.930
27.556085,5948,7178,5753,37.930
27.560530,5946,7178,5756,37.930
27.564907,5944,7178,5760,37.930
27.570624,5944,7178,5763,37.930
27.575020,5945,7179,5762,37.930
27.580734,5945,7181,5762,37.930
27.585188,5946,7184,5761,37.930
27.590898,5946,7187,5759,37.930
27.595267,5946,7188,5759,37.930
27.601150,5947,7188,5761,37.930
27.605462,5949,7188,5763,37.930
27.609843,5949,7187,5767,37.930
27.615610,5948,7189,5768,37.930
27.620024,5947,7189,5770,37.930
27.625683,5945,7189,5768,37.930
27.630154,5945,7187,5767,37.930
27.635837,5947,7185,5767,37.930
27.640296,5949,7185,5764,37.930
27.644657,5951,7186,5758,37.930
27.650475,5952,7188,5753,37.930
27.654825,5952,7190,5748,37.930
27.660475,5952,7192,5744,37.930
27.664863,5951,7193,5742,37.930
27.670687,5950,7193,5742,37.930
27.675115,5951,7193,5743,37.930
27.680819,5952,7193,5739,37.930
27.685256,5952,7193,5736,37.930
27.689642,5951,7194,5735,37.930
27.695364,5950,7194,5733,37.930
27.699800,5948,7193,5733,37.930
27.705466,5949,7192,5734,37.930
27.709883,5951,7190,5735,37.930
27.715605,5954,7188,5738,37.930
27.720027,5958,7187,5741,37.930
27.724469,5961,7186,5743,37.930
27.730218,5964,7185,5745,37.930
27.734621,5966,7184,5747,37.930
27.740270,5967,7184,5750,37.930
27.744721,5969,7184,5748,37.930
27.750439,5969,7186,5746,37.930
27.754840,5969,7185,5743,37.930
27.760597,5969,7185,5740,37.930
27.765057,5967,7186,5740,37.930
27.769403,5964,7186,5743,37.930
27.775131,5962,7188,5745,37.930
27.779569,5961,7189,5751,37.930
27.785223,5960,7190,5755,37.930
27.789691,5961,7190,5754,37.930
27.795359,5962,7190,5754,37.930
27.799812,5961,7190,5754,37.930
27.804185,5962,7192,5754,37.930
27.809972,5961,7192,5758,37.930
27.814363,5959,7192,5764,37.930
27.820129,5958,7191,5767,37.930
27.824517,5956,7190,5770,37.930
27.830196,5955,7189,5770,37.930
27.834607,5955,7190,5767,37.930
27.840310,5955,7188,5765,37.930
27.844732,5954,7186,5763,37.930
27.849214,5954,7185,5764,37.930
27.854913,5953,7185,5765,37.930
27.859360,5953,7186,5765,37.930
27.865054,5954,7186,5764,37.930
27.869440,5953,7186,5762,37.930
27.875129,5953,7188,5762,37.930
27.879597,5953,7189,5762,37.930
27.883977,5955,7191,5759,37.930
27.889730,5955,7191,5757,37.930
27.894224,5954,7191,5752,37.930
27.899820,5953,7191,5746,37.930
27.904276,5952,7189,5743,37.930
27.909952,5952,7189,5741,37.930
27.914380,5954,7189,5741,37.930
27.920092,5957,7188,5742,37.930
27.924531,5960,7187,5740,37.930
27.928937,5962,7187,5738,37.930
27.934674,5963,7188,5737,37.930
27.939185,5963,7188,5736,37.930
27.944751,5962,7189,5737,37.930
27.949242,5962,7190,5736,37.930
27.954903,5961,7188,5737,37.930
27.959400,5962,7188,5737,37.930
27.963750,5962,7187,5737,37.930
27.969545,5962,7187,5738,37.930
27.973900,5961,7187,5740,37.930
27.979628,5960,7187,5744,37.930
27.984042,5959,7187,5749,37.930
27.989723,5958,7188,5754,37.930
27.994134,5958,7189,5755,37.930
27.999893,5960,7189,5752,37.930
28.004091,5961,7188,5749,37.930
28.008714,5962,7186,5746,37.930
28.014188,5962,7185,5743,37.930
28.018912,5962,7184,5742,37.930
28.024539,5960,7184,5742,37.930
28.029020,5959,7180,5744,37.930
28.034529,5960,7176,5750,37.930
28.039078,5958,7174,5756,37.930
28.043213,5957,7172,5762,37.930
28.049259,5957,7172,5765,37.930
28.053647,5955,7174,5763,37.930
28.059251,5954,7176,5762,37.930
28.063771,5951,7179,5761,37.930
28.069501,5949,7182,5763,37.930
28.073916,5949,7183,5767,37.930
28.079694,5949,7185,5769,37.930
28.084100,5952,7187,5769,37.930
28.088506,5953,7189,5768,37.930
28.094228,5955,7189,5768,37.930
28.098650,5955,7190,5766,37.930
28.104293,5956,7189,5763,37.930
28.108774,5955,7188,5761,37.930
28.114455,5954,7189,5761,37.930
28.118887,5955,7190,5763,37.930
28.123351,5955,7190,5765,37.930
28.129054,5955,7189,5768,37.930
28.133533,5955,7187,5770,37.930
28.139126,5953,7186,5771,37.930
28.143613,5952,7184,5771,37.930
28.149299,5952,7183,5771,37.930
28.153734,5953,7183,5770,37.930
28.159292,5952,7184,5767,37.930
28.163872,5952,7183,5767,37.930
28.168297,5951,7183,5768,37.930
28.173984,5950,7181,5774,37.930
28.178473,5950,7179,5779,37.930
28.183938,5950,7180,5781,37.930
28.188519,5951,7181,5781,37.930
28.194225,5950,7181,5778,37.930
28.198719,5949,7182,5777,37.930
28.203175,5949,7181,5776,37.930
28.208861,5950,7180,5774,37.930
28.213066,5952,7181,5773,37.930
28.218936,5953,7181,5768,37.930
28.223343,5952,7181,5766,37.930
28.229041,5952,7181,5767,37.930
28.233552,5952,7181,5767,37.930
28.239197,5949,7180,5768,37.930
28.243643,5948,7180,5768,37.930
28.248108,5949,7179,5767,37.930
28.253758,5949,7180,5766,37.930
28.258263,5951,7182,5767,37.930
28.263901,5952,7185,5766,37.930
28.268295,5953,7187,5764,37.930
28.274059,5954,7189,5763,37.930
28.278474,5954,7192,5761,37.930
28.282887,5954,7193,5757,37.930
28.288598,5956,7194,5754,37.930
28.293050,5956,7193,5749,37.930
28.298721,5956,7191,5745,37.930
28.302964,5956,7190,5742,37.930
28.308836,5957,7188,5740,37.930
28.313279,5958,7187,5740,37.930
28.318981,5957,7186,5740,37.930
28.323398,5958,7185,5739,37.930
28.327894,5958,7185,5739,37.930
28.333552,5956,7186,5738,37.930
28.337944,5954,7186,5736,37.930
28.343672,5951,7187,5733,37.930
28.348167,5950,7186,5730,37.930
28.353827,5950,7186,5730,37.930
28.358282,5952,7185,5730,37.930
28.362698,5955,7185,5730,37.930
28.368423,5957,7185,5733,37.930
28.372815,5957,7185,5735,37.930
28.378521,5958,7185,5740,37.930
28.383022,5958,7185,5746,37.930
28.388655,5958,7187,5752,37.930
28.392904,5956,7190,5755,37.930
28.398759,5955,7192,5755,37.930
28.403218,5954,7193,5755,37.930
28.407611,5952,7192,5755,37.930
28.413322,5954,7191,5755,37.930
28.417726,5956,7189,5754,37.930
28.423427,5957,7187,5753,37.930
28.427897,5958,7186,5751,37.930
28.433545,5959,7186,5746,37.930
28.438037,5961,7188,5744,37.930
28.442405,5964,7188,5742,37.930
28.448165,5965,7189,5744,37.930
28.452606,5965,7189,5746,37.930
28.458248,5967,7189,5749,37.930
28.462708,5967,7188,5748,37.930
28.468196,5965,7187,5744,37.930
28.472748,5964,7186,5742,37.930
28.478549,5961,7185,5739,37.930
28.482981,5959,7185,5737,37.930
28.487361,5958,7185,5736,37.930
28.493156,5957,7184,5734,37.930
28.497525,5957,7184,5733,37.930
28.502972,5958,7183,5735,37.930
28.507654,5959,7182,5738,37.930
28.513385,5961,7182,5743,37.930
28.517782,5961,7180,5749,37.930
28.522217,5960,7180,5755,37.930
28.527932,5960,7178,5758,37.930
28.532342,5959,7177,5763,37.930
28.538102,5959,7177,5769,37.930
28.542471,5958,7176,5775,37.930
28.548185,5958,7178,5780,37.930
28.552361,5958,7178,5782,37.930
28.558321,5957,7178,5779,37.930
28.562754,5956,7179,5776,37.930
28.567138,5957,7180,5773,37.930
28.572909,5957,7180,5772,37.930
28.577289,5958,7182,5774,37.930
28.582945,5959,7183,5772,37.930
28.587395,5958,7184,5770,37.930
28.593093,5958,7186,5767,37.930
28.597531,5957,7188,5764,37.930
28.602025,5956,7187,5765,37.930
28.607681,5956,7187,5765,37.930
28.612135,5955,7186,5763,37.930
28.617777,5954,7185,5761,37.930
28.622239,5954,7185,5758,37.930
28.627926,5953,7185,5756,37.930
28.632372,5952,7186,5751,37.930
28.638065,5951,7186,5746,37.930
28.642489,5951,7187,5742,37.930
28.646925,5950,7188,5735,37.930
28.652699,5949,7188,5729,37.930
28.657080,5949,7188,5725,37.930
28.662723,5948,7189,5723,37.930
28.667183,5949,7189,5724,37.930
28.672874,5949,7189,5726,37.930
28.677409,5949,7188,5729,37.930
28.681690,5950,7188,5731,37.930
28.687417,5951,7186,5736,37.930
28.691916,5952,7185,5743,37.930
28.697410,5952,7185,5747,37.930
28.702105,5952,7185,5751,37.930
28.707680,5951,7186,5755,37.930
28.712130,5949,7187,5758,37.930
28.717840,5947,7187,5760,37.930
28.722289,5946,7188,5761,37.930
28.726726,5945,7189,5760,37.930
28.732424,5944,7189,5759,37.930
28.736835,5945,7190,5758,37.930
28.742509,5943,7190,5756,37.930
28.746950,5943,7192,5754,37.930
28.752638,5942,7194,5749,37.930
28.757142,5942,7196,5743,37.930
28.761499,5942,7197,5740,37.930
28.767296,5942,7196,5736,37.930
28.771631,5941,7195,5736,37.930
28.777329,5941,7192,5736,37.930
28.781499,5941,7189,5738,37.930
28.787469,5941,7188,5736,37.930
28.791883,5942,7188,5733,37.930
28.797598,5943,7189,5732,37.930
28.802043,5943,7191,5731,37.930
28.806398,5944,7191,5728,37.930
28.812080,5944,7192,5726,37.930
28.816584,5945,7193,5725,37.930
28.822277,5946,7193,5723,37.930
28.826768,5947,7194,5723,37.930
28.832577,5946,7196,5726,37.930
28.836863,5945,7197,5728,37.930
28.841286,5945,7198,5729,37.930
28.847079,5944,7198,5728,37.930
28.851219,5944,7196,5729,37.930
28.857154,5943,7194,5731,37.930
28.861578,5943,7190,5735,37.930
28.867227,5944,7188,5739,37.930
28.871672,5943,7186,5744,37.930
28.877396,5943,7186,5746,37.930
28.881783,5943,7186,5749,37.930
28.886252,5940,7188,5749,37.930
28.892129,5938,7190,5750,37.930
28.896242,5935,7192,5752,37.930
28.902078,5935,7193,5754,37.930
28.906300,5935,7195,5757,37.930
28.912220,5935,7194,5762,37.930
28.916612,5935,7193,5764,37.930
28.921039,5934,7192,5765,37.930
28.926771,5933,7189,5766,37.930
28.931179,5932,7188,5762,37.930
28.936621,5932,7186,5760,37.930
28.941338,5933,7185,5759,37.930
28.947013,5932,7186,5757,37.930
28.951475,5931,7187,5760,37.930
28.957211,5929,7189,5758,37.930
28.961555,5927,7190,5755,37.930
28.965991,5926,7190,5752,37.930
28.971727,5927,7190,5751,37.930
28.976135,5927,7191,5746,37.930
28.981839,5928,7192,5746,37.930
28.986311,5928,7195,5745,37.930
28.992106,5928,7197,5745,37.930
28.996392,5929,7198,5748,37.930
29.000802,5930,7197,5749,37.930
29.006597,5931,7196,5749,37.930
29.010982,5932,7195,5747,37.930
29.016412,5935,7196,5743,37.930
29.020912,5938,7197,5742,37.930
29.026783,5942,7197,5742,37.930
29.031041,5945,7197,5744,37.930
29.036952,5946,7197,5746,37.930
29.041349,5946,7194,5747,37.930
29.045749,5945,7192,5745,37.930
29.051555,5944,7191,5745,37.930
29.055917,5943,7189,5743,37.930
29.061630,5942,7188,5745,37.930
29.066041,5942,7187,5748,37.930
29.071754,5942,7187,5751,37.930
29.076193,5944,7185,5754,37.930
29.080559,5946,7184,5757,37.930
29.086329,5949,7183,5756,37.930
29.090734,5950,7183,5756,37.930
29.096355,5949,7183,5756,37.930
29.100910,5948,7183,5756,37.930
29.106551,5945,7183,5758,37.930
29.111002,5941,7183,5761,37.930
29.116708,5937,7182,5762,37.930
29.121144,5936,7181,5765,37.930
29.125564,5935,7181,5766,37.930
29.131295,5937,7182,5767,37.930
29.135693,5939,7182,5768,37.930
29.141394,5939,7183,5772,37.930
29.145804,5942,7184,5777,37.930
29.151549,5942,7185,5781,37.930
29.155963,5944,7186,5783,37.930
29.160352,5944,7189,5785,37.930
29.166099,5943,7191,5785,37.930
29.170563,5944,7194,5786,37.930
29.176213,5945,7196,5785,37.930
29.180655,5947,7199,5786,37.930
29.186342,5949,7200,5785,37.930
29.190846,5952,7202,5780,37.930
29.196480,5953,7203,5777,37.930
29.200908,5953,7202,5770,37.930
29.205299,5952,7201,5764,37.930
29.211051,5951,7200,5761,37.930
29.215491,5952,7198,5757,37.930
29.221147,5953,7196,5754,37.930
29.225572,5953,7197,5750,37.930
29.231298,5954,7197,5748,37.930
29.235724,5954,7198,5748,37.930
29.240198,5953,7197,5747,37.930
29.245894,5953,7196,5745,37.930
29.250280,5954,7196,5743,37.930
29.255959,5953,7195,5741,37.930
29.260427,5953,7196,5738,37.930
29.266146,5954,7195,5738,37.930
29.270572,5956,7196,5737,37.930
29.276266,5960,7195,5738,37.930
29.280713,5962,7193,5737,37.930
29.285138,5964,7193,5734,37.930
29.290849,5966,7192,5731,37.930
29.295372,5966,7192,5729,37.930
29.300927,5964,7191,5728,37.930
29.305374,5962,7191,5726,37.930
29.311103,5958,7191,5725,37.930
29.315508,5956,7190,5723,37.930
29.319907,5955,7192,5721,37.930
29.325662,5954,7193,5721,37.930
29.330074,5954,7194,5720,37.930
29.335735,5952,7195,5718,37.930
29.340260,5951,7195,5718,37.930
29.345864,5947,7193,5719,37.930
29.350370,5943,7192,5722,37.930
29.356050,5940,7192,5727,37.930
29.360501,5935,7191,5732,37.930
29.364908,5932,7192,5737,37.930
29.370602,5932,7191,5738,37.930
29.375043,5931,7189,5741,37.930
29.380721,5931,7187,5746,37.930
29.385144,5930,7186,5750,37.930
29.390840,5931,7186,5755,37.930
29.395001,5930,7187,5756,37.930
29.399697,5930,7189,5756,37.930
29.405440,5932,7188,5756,37.930
29.409668,5934,7188,5756,37.930
29.415504,5936,7187,5758,37.930
29.420005,5939,7187,5758,37.930
29.425431,5940,7187,5759,37.930
29.430118,5941,7187,5761,37.930
29.435820,5943,7186,5761,37.930
29.440281,5945,7186,5763,37.930
29.444703,5946,7186,5765,37.930
29.450288,5946,7187,5768,37.930
29.454838,5946,7189,5768,37.930
29.460533,5946,7191,5766,37.930
29.464941,5946,7192,5762,37.930
29.470672,5946,7192,5755,37.930
29.475044,5947,7192,5751,37.930
29.479503,5948,7190,5750,37.930
29.485182,5949,7188,5746,37.930
29.489602,5951,7186,5742,37.930
29.495347,5951,7184,5740,37.930
29.499737,5952,7183,5737,37.930
29.505422,5951,7183,5737,37.930
29.509912,5948,7182,5740,37.930
29.515607,5944,7183,5738,37.930
29.520031,5941,7183,5735,37.930
29.524480,5937,7184,5733,37.930
29.530314,5937,7185,5729,37.930
29.534571,5936,7185,5727,37.930
29.540319,5936,7186,5726,37.930
29.544719,5938,7189,5724,37.930
29.550468,5940,7191,5725,37.930
29.554840,5942,7192,5724,37.930
29.559254,5943,7194,5724,37.930
29.564984,5943,7196,5727,37.930
29.569428,5942,7197,5730,37.930
29.575104,5941,7199,5734,37.930
29.579535,5941,7201,5738,37.930
29.585246,5941,7202,5742,37.930
29.589642,5942,7202,5747,37.930
29.595372,5942,7201,5750,37.930
29.599805,5942,7198,5754,37.930
29.604187,5943,7197,5759,37.930
29.609938,5943,7195,5763,37.930
29.614340,5944,7193,5766,37.930
29.620073,5944,7193,5768,37.930
29.624477,5944,7192,5769,37.930
29.630218,5943,7191,5769,37.930
29.634606,5942,7189,5768,37.930
29.639079,5941,7188,5770,37.930
29.644761,5938,7185,5769,37.930
29.649186,5937,7184,5769,37.930
29.654832,5937,7184,5771,37.930
29.659339,5938,7185,5771,37.930
29.665000,5940,7188,5768,37.930
29.669443,5942,7191,5762,37.930
29.675129,5945,7192,5754,37.930
29.679574,5947,7193,5749,37.930
29.683961,5949,7193,5746,37.930
29.689754,5951,7193,5744,37.930
29.694129,5952,7194,5741,37.930
29.699864,5953,7195,5738,37.930
29.704297,5953,7197,5739,37.930
29.709952,5952,7199,5740,37.930
29.714385,5952,7199,5742,37.930
29.718832,5951,7200,5744,37.930
29.724562,5951,7200,5742,37.930
29.728992,5952,7200,5743,37.930
29.734640,5952,7201,5743,37.930
29.738919,5952,7202,5741,37.930
29.744827,5953,7203,5741,37.930
29.749218,5952,7202,5742,37.930
29.754917,5953,7202,5744,37.930
29.759381,5951,7202,5748,37.930
29.763765,5949,7201,5752,37.930
29.769517,5949,7200,5753,37.930
29.773922,5950,7198,5756,37.930
29.779634,5952,7196,5759,37.930
29.784023,5954,7194,5759,37.930
29.789749,5956,7192,5758,37.930
29.794151,5957,7190,5755,37.930
29.798566,5958,7189,5751,37.930
29.804033,5959,7189,5747,37.930
29.808491,5959,7190,5747,37.930
29.814447,5959,7190,5750,37.930
29.818862,5958,7190,5753,37.930
29.824546,5957,7189,5758,37.930
29.828987,5956,7186,5762,37.930
29.834685,5955,7184,5766,37.930
29.839299,5955,7183,5768,37.930
29.843369,5954,7182,5769,37.930
29.849317,5954,7182,5765,37.930
29.853709,5954,7182,5762,37.930
29.859322,5953,7183,5758,37.930
29.863813,5952,7184,5754,37.930
29.869554,5950,7183,5752,37.930
29.873938,5948,7183,5750,37.930
29.878384,5946,7182,5749,37.930
29.884101,5945,7180,5748,37.930
29.888541,5945,7179,5743,37.930
29.894179,5946,7179,5740,37.930
29.898465,5947,7180,5737,37.930
29.904326,5945,7181,5733,37.930
29.908776,5942,7182,5731,37.930
29.914459,5939,7185,5730,37.930
29.918919,5937,7186,5731,37.930
29.923405,5935,7186,5734,37.930
29.929056,5936,7184,5736,37.930
29.933476,5939,7184,5736,37.930
29.939159,5941,7183,5735,37.930
29.943690,5942,7184,5734,37.930
29.949291,5942,7185,5735,37.930
29.953756,5943,7186,5735,37.930
29.958172,5942,7187,5734,37.930
29.963887,5941,7187,5733,37.930
29.968313,5941,7187,5731,37.930
29.973980,5940,7188,5731,37.930
29.978490,5940,7189,5732,37.930
29.984119,5941,7191,5734,37.930
29.988551,5940,7193,5739,37.930
29.994293,5940,7194,5741,37.930
29.998727,5938,7194,5743,37.930
30.002878,5937,7195,5743,37.930
30.008762,5936,7195,5741,37.930
30.013308,5937,7193,5741,37.930
30.018909,5939,7192,5741,37.930
30.023174,5942,7188,5740,37.930
30.029081,5946,7186,5741,37.930
30.033352,5949,7185,5742,37.930
30.037943,5952,7187,5743,37.930
30.043468,5955,7188,5749,37.930
30.047741,5957,7188,5754,37.930
30.053769,5960,7187,5760,37.930
30.058202,5962,7186,5762,37.930
30.063916,5962,7186,5762,37.930
30.068335,5962,7185,5761,37.930
30.073878,5962,7183,5759,37.930
30.078474,5962,7181,5760,37.930
30.082917,5963,7179,5760,37.930
30.088621,5963,7178,5758,37.930
30.093067,5965,7178,5757,37.930
30.098726,5965,7179,5758,37.930
30.103172,5963,7179,5755,37.930
30.108879,5962,7180,5749,37.930
30.113248,5961,7179,5746,37.930
30.117685,5961,7180,5740,37.930
30.123415,5961,7180,5740,37.930
30.127879,5958,7181,5741,37.930
30.133532,5957,7183,5743,37.930
30.138089,5956,7184,5745,37.930
30.143672,5958,7183,5744,37.930
30.148133,5962,7183,5744,37.930
30.153814,5966,7183,5746,37.930
30.158300,5968,7182,5746,37.930
30.162681,5967,7184,5748,37.930
30.168429,5967,7186,5751,37.930
30.172824,5965,7187,5751,37.930
30.178507,5964,7187,5750,37.930
30.182946,5963,7188,5751,37.930
30.188642,5962,7187,5752,37.930
30.193065,5961,7187,5753,37.930
30.197504,5960,7186,5752,37.930
30.203176,5960,7185,5752,37.930
30.207570,5961,7184,5753,37.930
30.213278,5962,7182,5754,37.930
30.217753,5964,7181,5758,37.930
30.223500,5966,7181,5763,37.930
30.227939,5966,7181,5767,37.930
30.233637,5965,7181,5767,37.930
30.238063,5965,7181,5766,37.930
30.242464,5964,7180,5763,37.930
30.248220,5964,7181,5760,37.930
30.252611,5964,7182,5757,37.930
30.258318,5962,7184,5756,37.930
30.262745,5961,7186,5754,37.930
30.268456,5960,7187,5752,37.930
30.272856,5960,7188,5751,37.930
30.277261,5961,7189,5751,37.930
30.283012,5963,7188,5752,37.930
30.287412,5965,7188,5754,37.930
30.292947,5966,7189,5755,37.930
30.297521,5967,7190,5756,37.930
30.303199,5967,7191,5756,37.930
30.307669,5965,7193,5755,37.930
30.313369,5963,7193,5753,37.930
30.317789,5960,7192,5755,37.930
30.322211,5956,7191,5754,37.930
30.327951,5954,7189,5757,37.930
30.332448,5953,7191,5760,37.930
30.338061,5952,7193,5762,37.930
30.342496,5951,7196,5762,37.930
30.348177,5952,7199,5761,37.930
30.352652,5954,7201,5759,37.930
30.357060,5955,7201,5761,37.930
30.362785,5955,7201,5762,37.930
30.367165,5954,7199,5764,37.930
30.372873,5953,7198,5766,37.930
30.377312,5952,7195,5765,37.930
30.383000,5951,7192,5763,37.930
30.387436,5950,7190,5761,37.930
30.393161,5951,7188,5758,37.930
30.397595,5951,7188,5755,37.930
30.402048,5953,7189,5753,37.930
30.407753,5955,7190,5751,37.930
30.412132,5956,7191,5749,37.930
30.417795,5958,7192,5748,37.930
30.422243,5959,7193,5748,37.930
30.427979,5960,7193,5749,37.930
30.432467,5961,7193,5749,37.930
30.436818,5962,7192,5750,37.930
30.442573,5962,7191,5748,37.930
30.446936,5961,7190,5748,37.930
30.452650,5960,7189,5747,37.930
30.457098,5960,7189,5745,37.930
30.462799,5959,7187,5745,37.930
30.467239,5959,7185,5744,37.930
30.472934,5957,7185,5746,37.930
30.477345,5958,7184,5746,37.930
30.481772,5959,7186,5748,37.930
30.487510,5959,7187,5750,37.930
30.491935,5959,7188,5753,37.930
30.497625,5959,7189,5754,37.930
30.502106,5957,7189,5755,37.930
30.507745,5955,7191,5758,37.930
30.512213,5954,7193,5762,37.930
30.516618,5952,7195,5764,37.930
30.522340,5952,7194,5765,37.930
30.526777,5952,7193,5763,37.930
30.532436,5951,7191,5760,37.930
30.536885,5953,7188,5755,37.930
30.542556,5952,7186,5752,37.930
30.547026,5952,7187,5748,37.930
30.552531,5952,7190,5745,37.930
30.557128,5951,7194,5745,37.930
30.561553,5950,7197,5742,37.930
30.567294,5951,7197,5743,37.930
30.571686,5952,7198,5743,37.930
30.577370,5954,7197,5743,37.930
30.581808,5956,7196,5747,37.930
30.587514,5959,7194,5748,37.930
30.591912,5961,7193,5746,37.930
30.596326,5963,7193,5744,37.930
30.602132,5965,7194,5742,37.930
30.606529,5965,7195,5742,37.930
30.612192,5965,7197,5744,37.930
30.616561,5965,7198,5749,37.930
30.622340,5965,7197,5753,37.930
30.626759,5965,7198,5757,37.930
30.632310,5967,7198,5760,37.930
30.636908,5970,7198,5760,37.930
30.641356,5973,7197,5759,37.930
30.647144,5974,7196,5760,37.930
30.651489,5973,7194,5759,37.930
30.657162,5971,7192,5756,37.930
30.661613,5968,7191,5758,37.930
30.667307,5966,7190,5755,37.930
30.671733,5964,7189,5754,37.930
30.676183,5961,7188,5753,37.930
30.681885,5959,7189,5749,37.930
30.686264,5956,7189,5748,37.930
30.692077,5953,7188,5745,37.930
30.696230,5951,7187,5744,37.930
30.702098,5947,7186,5743,37.930
30.706515,5946,7185,5742,37.930
30.712270,5945,7184,5744,37.930
30.716683,5946,7184,5745,37.930
30.721152,5946,7184,5750,37.930
30.726852,5948,7185,5752,37.930
30.731243,5949,7186,5749,37.930
30.736953,5948,7187,5748,37.930
30.741382,5947,7187,5746,37.930
30.747108,5947,7186,5748,37.930
30.751493,5947,7185,5753,37.930
30.755892,5947,7184,5757,37.930
30.761609,5950,7183,5762,37.930
30.766022,5952,7183,5768,37.930
30.771722,5953,7183,5773,37.930
30.776199,5952,7184,5777,37.930
30.781912,5950,7185,5778,37.930
30.786283,5947,7186,5778,37.930
30.792073,5946,7187,5774,37.930
30.796252,5945,7189,5769,37.930
30.800890,5946,7189,5763,37.930
30.806582,5949,7189,5757,37.930
30.811004,5952,7188,5750,37.930
30.816693,5954,7188,5747,37.930
30.821211,5955,7190,5746,37.930
30.826827,5954,7192,5746,37.930
30.831326,5953,7194,5749,37.930
30.835737,5952,7196,5752,37.930
30.841447,5951,7198,5750,37.930
30.845909,5951,7201,5746,37.930
30.851519,5952,7203,5741,37.930
30.855951,5953,7205,5738,37.930
30.861647,5955,7206,5736,37.930
30.866107,5958,7207,5736,37.930
30.871827,5960,7203,5736,37.930
30.876224,5960,7202,5732,37.930
30.880649,5958,7199,5728,37.930
30.886366,5954,7196,5728,37.930
30.890794,5951,7196,5729,37.930
30.896454,5948,7195,5730,37.930
30.900938,5948,7195,5734,37.930
30.906548,5949,7195,5735,37.930
30.911121,5949,7195,5735,37.930
30.915451,5948,7195,5740,37.930
30.921221,5947,7194,5745,37.930
30.925617,5946,7192,5751,37.930
30.931279,5946,7190,5760,37.930
30.935744,5949,7188,5767,37.930
30.941457,5952,7186,5771,37.930
30.945829,5955,7186,5769,37.930
30.951636,5958,7187,5766,37.930
30.956020,5960,7187,5763,37.930
30.960426,5961,7188,5762,37.930
30.966163,5962,7189,5761,37.930
30.970561,5962,7188,5762,37.930
30.976260,5961,7188,5761,37.930
30.980687,5958,7190,5760,37.930
30.986377,5958,7191,5758,37.930
30.990823,5959,7192,5759,37.930
30.994995,5960,7193,5757,37.930
31.000690,5961,7193,5755,37.930
31.005150,5961,7192,5756,37.930
31.010808,5960,7192,5757,37.930
31.015262,5960,7192,5755,37.930
31.020934,5959,7193,5752,37.930
31.025330,5961,7194,5750,37.930
31.031179,5962,7195,5749,37.930
31.035563,5962,7194,5751,37.930
31.039854,5961,7193,5754,37.930
31.045771,5957,7191,5759,37.930
31.050308,5953,7190,5762,37.930
31.056053,5952,7191,5765,37.930
31.060486,5953,7192,5765,37.930
31.066196,5957,7194,5765,37.930
31.070632,5962,7193,5763,37.930
31.075040,5966,7192,5760,37.930
31.080765,5967,7191,5755,37.930
31.085171,5968,7189,5751,37.930
31.090848,5968,7188,5750,37.930
31.095351,5968,7187,5749,37.930
31.101000,5968,7187,5750,37.930
31.105408,5970,7187,5753,37.930
31.111118,5971,7187,5756,37.930
31.115648,5972,7187,5756,37.930
31.119983,5974,7187,5758,37.930
31.125711,5975,7189,5758,37.930
31.130207,5975,7191,5759,37.930
31.135784,5977,7193,5762,37.930
31.140238,5978,7194,5767,37.930
31.145953,5979,7194,5774,37.930
31.150417,5979,7194,5779,37.930
31.154809,5979,7195,5783,37.930
31.160566,5978,7195,5784,37.930
31.164924,5978,7198,5782,37.930
31.170597,5978,7199,5779,37.930
31.175140,5976,7199,5778,37.930
31.180769,5975,7199,5776,37.930
31.185176,5974,7198,5775,37.930
31.190915,5972,7195,5773,37.930
31.195346,5970,7193,5775,37.930
31.199503,5970,7193,5772,37.930
31.205459,5970,7193,5768,37.930
31.209904,5970,7193,5769,37.930
31.215568,5970,7193,5766,37.930
31.220017,5970,7192,5766,37.930
31.225741,5969,7190,5769,37.930
31.230163,5969,7190,5769,37.930
31.234634,5968,7190,5770,37.930
31.240330,5967,7189,5770,37.930
31.244721,5967,7188,5772,37.930
31.250404,5966,7186,5772,37.930
31.254873,5964,7185,5768,37.930
31.260222,5962,7185,5767,37.930
31.264943,5960,7185,5769,37.930
31.270690,5959,7187,5771,37.930
31.275111,5959,7188,5774,37.930
31.279526,5961,7189,5777,37.930
31.285248,5963,7189,5777,37.930
31.289661,5964,7188,5775,37.930
31.295337,5964,7187,5772,37.930
31.299818,5964,7186,5768,37.930
31.305491,5963,7186,5761,37.930
31.309922,5962,7187,5756,37.930
31.314318,5962,7187,5751,37.930
31.320121,5964,7187,5747,37.930
31.324374,5964,7188,5745,37.930
31.330169,5965,7190,5742,37.930
31.334670,5967,7191,5739,37.930
31.340331,5967,7192,5735,37.930
31.344745,5965,7192,5734,37.930
31.350469,5964,7193,5734,37.930
31.354886,5963,7193,5734,37.930
31.359369,5961,7195,5734,37.930
31.365032,5960,7196,5736,37.930
31.369457,5960,7197,5737,37.930
31.375101,5958,7199,5739,37.930
31.379417,5957,7201,5743,37.930
31.385271,5957,7202,5748,37.930
31.389807,5956,7202,5753,37.930
31.394132,5956,7200,5759,37.930
31.399874,5956,7198,5763,37.930
31.404251,5957,7196,5767,37.930
31.409970,5958,7194,5768,37.930
31.414395,5958,7192,5769,37.930
31.420092,5955,7188,5771,37.930
31.424545,5953,7185,5770,37.930
31.430241,5951,7183,5768,37.930
31.434778,5949,7183,5766,37.930
31.439147,5949,7182,5766,37.930
31.444809,5948,7181,5766,37.930
31.449277,5949,7179,5766,37.930
31.454949,5950,7177,5766,37.930
31.459400,5951,7176,5764,37.930
31.465052,5953,7175,5763,37.930
31.469503,5953,7175,5763,37.930
31.473880,5952,7175,5763,37.930
31.479568,5952,7177,5762,37.930
31.484012,5952,7179,5757,37.930
31.489706,5951,7180,5751,37.930
31.494173,5949,7182,5747,37.930
31.499886,5948,7182,5746,37.930
31.504088,5947,7181,5746,37.930
31.510066,5946,7181,5749,37.930
31.514426,5945,7181,5750,37.930
31.518918,5945,7182,5750,37.930
31.524742,5945,7181,5751,37.930
31.529028,5945,7181,5751,37.930
31.534682,5947,7181,5749,37.930
31.539153,5948,7181,5749,37.930
31.544740,5948,7182,5749,37.930
31.549265,5948,7183,5749,37.930
31.553516,5949,7183,5748,37.930
31.559414,5950,7183,5749,37.930
31.563819,5951,7182,5750,37.930
31.569543,5952,7182,5751,37.930
31.573907,5953,7183,5752,37.930
31.579716,5953,7183,5751,37.930
31.584148,5953,7184,5750,37.930
31.589868,5954,7184,5749,37.930
31.594229,5955,7183,5745,37.930
31.598636,5957,7182,5740,37.930
31.604193,5957,7183,5737,37.930
31.608793,5956,7184,5736,37.930
31.614455,5955,7185,5736,37.930
31.618910,5953,7185,5738,37.930
31.624608,5951,7185,5740,37.930
31.629039,5949,7185,5738,37.930
31.633526,5947,7185,5736,37.930
31.639205,5946,7186,5735,37.930
31.643657,5945,7187,5732,37.930
31.649315,5943,7189,5731,37.930
31.653749,5943,7191,5730,37.930
31.659442,5943,7193,5730,37.930
31.663858,5943,7194,5732,37.930
31.669598,5944,7195,5733,37.930
31.673985,5946,7196,5734,37.930
31.678399,5945,7195,5734,37.930
31.684127,5948,7194,5731,37.930
31.688568,5951,7191,5731,37.930
31.694248,5954,7189,5732,37.930
31.698680,5957,7189,5733,37.930
31.704393,5959,7190,5734,37.930
31.708823,5959,7192,5734,37.930
31.713241,5959,7193,5737,37.930
31.718961,5958,7194,5739,37.930
31.723412,5958,7195,5742,37.930
31.729069,5958,7196,5745,37.930
31.733568,5957,7198,5744,37.930
31.739180,5959,7199,5743,37.930
31.743651,5960,7201,5742,37.930
31.749343,5959,7201,5742,37.930
31.753771,5958,7201,5745,37.930
31.758216,5955,7201,5748,37.930
31.763925,5953,7202,5751,37.930
31.768347,5952,7202,5753,37.930
31.773997,5951,7202,5755,37.930
31.778471,5951,7203,5756,37.930
31.784178,5951,7204,5757,37.930
31.788623,5950,7203,5758,37.930
31.793020,5949,7203,5760,37.930
31.798717,5948,7202,5762,37.930
31.802957,5948,7202,5764,37.930
31.808854,5948,7203,5764,37.930
31.813295,5949,7202,5762,37.930
31.818963,5951,7201,5761,37.930
31.823378,5950,7201,5759,37.930
31.829111,5950,7201,5760,37.930
31.833546,5950,7202,5759,37.930
31.837966,5950,7202,5758,37.930
31.843681,5951,7201,5756,37.930
31.848190,5953,7198,5753,37.930
31.853793,5953,7196,5750,37.930
31.858377,5951,7195,5747,37.930
31.863982,5949,7192,5746,37.930
31.868391,5947,7191,5744,37.930
31.872815,5945,7189,5746,37.930
31.878529,5946,7186,5746,37.930
31.882946,5946,7183,5746,37.930
31.888647,5946,7182,5746,37.930
31.893076,5948,7183,5744,37.930
31.898806,5949,7186,5743,37.930
31.902999,5951,7189,5742,37.930
31.908928,5953,7189,5743,37.930
31.913295,5954,7189,5746,37.930
31.917800,5954,7188,5748,37.930
31.923453,5954,7187,5753,37.930
31.927909,5955,7187,5756,37.930
31.933553,5956,7187,5757,37.930
31.938053,5955,7189,5757,37.930
31.943621,5955,7189,5758,37.930
31.948184,5956,7190,5758,37.930
31.952593,5956,7191,5759,37.930
31.958336,5958,7193,5761,37.930
31.962699,5958,7195,5764,37.930
31.968386,5958,7195,5767,37.930
31.972853,5957,7195,5769,37.930
31.978550,5957,7194,5768,37.930
31.982772,5956,7193,5765,37.930
31.988698,5956,7191,5760,37.930
31.993133,5957,7191,5756,37.930
31.997503,5958,7189,5754,37.930
32.003261,5960,7188,5753,37.930
32.007640,5960,7187,5754,37.930
32.013305,5960,7186,5755,37.930
32.017497,5960,7184,5756,37.930
32.023484,5961,7184,5757,37.930
32.027905,5962,7184,5756,37.930
32.032048,5964,7183,5756,37.930
32.038055,5967,7182,5758,37.930
32.042622,5967,7181,5759,37.930
32.047897,5966,7180,5762,37.930
32.052669,5965,7182,5764,37.930
32.058349,5963,7185,5766,37.930
32.062648,5963,7189,5767,37.930
32.068523,5964,7192,5765,37.930
32.072946,5965,7193,5764,37.930
32.077294,5965,7193,5763,37.930
32.083052,5963,7193,5762,37.930
32.087413,5960,7195,5763,37.930
32.093125,5957,7195,5762,37.930
32.097576,5955,7195,5761,37.930
32.103265,5954,7195,5760,37.930
32.107732,5953,7195,5759,37.930
32.112169,5953,7194,5761,37.930
32.117889,5952,7194,5762,37.930
32.122293,5951,7193,5762,37.930
32.127958,5950,7191,5761,37.930
32.132420,5950,7190,5757,37.930
32.138095,5949,7189,5755,37.930
32.142531,5948,7190,5757,37.930
32.148326,5947,7192,5759,37.930
32.152664,5947,7194,5765,37.930
32.157065,5947,7194,5770,37.930
32.162786,5949,7193,5769,37.930
32.167237,5950,7192,5766,37.930
32.172937,5950,7192,5762,37.930
32.177361,5949,7191,5755,37.930
32.183072,5948,7192,5751,37.930
32.187485,5946,7192,5751,37.930
32.191964,5944,7194,5753,37.930
32.197653,5943,7195,5755,37.930
32.202073,5943,7196,5757,37.930
32.207701,5942,7196,5760,37.930
32.212275,5943,7196,5760,37.930
32.217851,5944,7196,5759,37.930
32.222320,5944,7197,5759,37.930
32.228050,5945,7198,5757,37.930
32.232467,5948,7197,5760,37.930
32.236856,5949,7195,5763,37.930
32.242607,5949,7193,5763,37.930
32.246983,5950,7190,5762,37.930
32.252706,5949,7189,5760,37.930
32.257118,5949,7188,5754,37.930
32.262851,5949,7187,5754,37.930
32.267246,5946,7188,5752,37.930
32.271683,5944,7189,5751,37.930
32.277197,5943,7191,5750,37.930
32.281846,5942,7192,5750,37.930
32.287471,5942,7192,5751,37.930
32.291963,5942,7193,5752,37.930
32.297631,5941,7192,5753,37.930
32.302143,5939,7193,5751,37.930
32.307760,5938,7194,5747,37.930
32.312244,5938,7195,5743,37.930
32.316645,5937,7195,5742,37.930
32.322381,5936,7195,5741,37.930
32.326786,5935,7195,5742,37.930
32.332494,5935,7194,5742,37.930
32.336939,5934,7193,5742,37.930
32.342624,5933,7192,5742,37.930
32.347045,5934,7189,5744,37.930
32.351436,5936,7186,5745,37.930
32.357247,5939,7184,5743,37.930
32.361578,5944,7182,5741,37.930
32.367313,5949,7183,5735,37.930
32.371746,5952,7185,5729,37.930
32.377392,5955,7186,5727,37.930
32.381845,5955,7188,5724,37.930
32.387558,5955,7189,5722,37.930
32.392009,5954,7188,5723,37.930
32.396406,5953,7187,5727,37.930
32.402109,5953,7186,5728,37.930
32.406278,5954,7187,5727,37.930
32.412232,5954,7187,5728,37.930
32.416695,5954,7188,5725,37.930
32.422402,5955,7188,5723,37.930
32.426812,5954,7188,5722,37.930
32.431223,5953,7188,5724,37.930
32.436950,5951,7189,5727,37.930
32.441387,5948,7190,5732,37.930
32.447130,5947,7190,5734,37.930
32.451528,5946,7189,5734,37.930
32.457153,5947,7188,5733,37.930
32.461646,5947,7186,5728,37.930
32.467121,5947,7183,5724,37.930
32.471749,5946,7185,5719,37.930
32.476202,5945,7187,5718,37.930
32.481894,5946,7189,5722,37.930
32.486287,5946,7191,5725,37.930
32.491999,5947,7191,5729,37.930
32.496283,5947,7191,5732,37.930
32.502227,5946,7190,5736,37.930
32.506561,5945,7190,5740,37.930
32.511025,5944,7189,5741,37.930
32.516733,5944,7189,5740,37.930
32.521177,5943,7189,5737,37.930
32.526804,5943,7188,5735,37.930
32.531347,5943,7188,5735,37.930
32.536936,5943,7186,5737,37.930
32.541423,5945,7183,5739,37.930
32.547098,5946,7182,5741,37.930
32.551590,5949,7181,5742,37.930
32.555919,5952,7181,5742,37.930
32.561725,5954,7182,5744,37.930
32.566070,5956,7183,5745,37.930
32.571808,5957,7183,5744,37.930
32.576213,5959,7184,5744,37.930
32.581986,5960,7184,5741,37.930
32.586358,5962,7184,5740,37.930
32.590780,5964,7183,5742,37.930
32.596265,5965,7182,5744,37.930
32.600878,5967,7181,5747,37.930
32.606583,5969,7179,5748,37.930
32.611036,5969,7177,5748,37.930
32.616710,5971,7176,5749,37.930
32.621170,5973,7177,5752,37.930
32.626893,5975,7177,5754,37.930
32.631299,5975,7178,5754,37.930
32.635711,5974,7176,5755,37.930
32.641494,5973,7175,5755,37.930
32.645871,5970,7174,5756,37.930
32.651571,5968,7175,5758,37.930
32.656026,5967,7176,5756,37.930
32.661725,5966,7178,5756,37.930
32.666172,5966,7180,5754,37.930
32.670528,5966,7181,5754,37.930
32.676262,5966,7182,5756,37.930
32.680665,5966,7184,5757,37.930
32.686367,5966,7187,5760,37.930
32.690810,5965,7190,5760,37.930
32.696474,5963,7192,5757,37.930
32.700911,5961,7194,5752,37.930
32.706659,5959,7194,5750,37.930
32.711119,5957,7195,5750,37.930
32.715490,5956,7196,5751,37.930
32.721248,5956,7195,5751,37.930
32.725617,5957,7195,5750,37.930
32.731321,5957,7196,5752,37.930
32.735751,5956,7195,5751,37.930
32.741444,5954,7194,5752,37.930
32.745885,5952,7193,5752,37.930
32.750321,5951,7191,5752,37.930
32.756054,5952,7190,5749,37.930
32.760456,5952,7191,5745,37.930
32.766173,5952,7191,5740,37.930
32.770582,5952,7192,5734,37.930
32.776266,5951,7193,5727,37.930
32.780711,5951,7192,5722,37.930
32.786427,5952,7192,5717,37.930
32.790844,5953,7191,5717,37.930
32.795243,5954,7190,5718,37.930
32.800998,5953,7189,5719,37.930
32.805388,5952,7188,5721,37.930
32.811112,5951,7187,5727,37.930
32.815526,5950,7187,5734,37.930
32.821242,5950,7187,5741,37.930
32.825666,5950,7186,5749,37.930
32.830119,5950,7186,5753,37.930
32.835817,5949,7187,5751,37.930
32.840273,5946,7188,5747,37.930
32.845909,5944,7188,5744,37.930
32.850401,5942,7189,5742,37.930
32.856067,5943,7189,5746,37.930
32.860503,5944,7189,5748,37.930
32.866177,5944,7189,5749,37.930
32.870655,5944,7190,5749,37.930
32.874998,5944,7191,5748,37.930
32.880787,5945,7190,5749,37.930
32.885109,5946,7189,5747,37.930
32.890882,5947,7187,5745,37.930
32.895325,5946,7185,5742,37.930
32.901004,5945,7184,5738,37.930
32.905454,5944,7185,5739,37.930
32.909860,5945,7184,5744,37.930
32.915607,5946,7185,5745,37.930
32.920018,5948,7186,5747,37.930
32.925679,5950,7186,5749,37.930
32.930218,5950,7187,5750,37.930
32.935817,5951,7189,5750,37.930
32.940284,5952,7190,5753,37.930
32.945925,5953,7191,5756,37.930
32.950447,5957,7191,5756,37.930
32.954796,5960,7191,5756,37.930
32.960532,5962,7191,5755,37.930
32.964981,5963,7192,5755,37.930
32.970672,5961,7194,5757,37.930
32.975014,5960,7193,5759,37.930
32.980805,5958,7191,5762,37.930
32.985251,5957,7190,5763,37.930
32.989631,5957,7189,5760,37.930
32.995406,5955,7190,5757,37.930
32.999773,5953,7191,5754,37.930
33.005431,5952,7191,5753,37.930
33.009918,5951,7191,5754,37.930
33.015358,5951,7190,5758,37.930
33.019827,5952,7189,5762,37.930
33.025726,5952,7188,5768,37.930
33.030088,5950,7187,5771,37.930
33.034592,5946,7186,5771,37.930
33.040123,5944,7186,5770,37.930
33.044716,5941,7186,5769,37.930
33.050339,5941,7186,5771,37.930
33.054869,5944,7187,5770,37.930
33.060572,5945,7187,5773,37.930
33.065001,5945,7189,5771,37.930
33.069404,5944,7191,5768,37.930
33.075128,5942,7192,5766,37.930
33.079581,5941,7191,5764,37.930
33.085288,5942,7191,5762,37.930
33.089690,5942,7191,5761,37.930
33.095358,5944,7191,5759,37.930
33.099808,5948,7192,5760,37.930
33.105534,5953,7191,5759,37.930
33.109952,5957,7190,5759,37.930
33.114379,5960,7188,5760,37.930
33.120160,5962,7187,5762,37.930
33.124488,5962,7188,5764,37.930
33.130225,5961,7190,5766,37.930
33.134633,5961,7191,5767,37.930
33.140388,5961,7191,5764,37.930
33.144798,5959,7188,5760,37.930
33.149195,5957,7187,5755,37.930
33.154901,5955,7186,5752,37.930
33.159382,5953,7185,5752,37.930
33.165051,5953,7185,5753,37.930
33.169507,5955,7184,5755,37.930
33.175153,5954,7181,5755,37.930
33.179405,5955,7181,5754,37.930
33.185319,5955,7181,5752,37.930
33.189714,5954,7182,5750,37.930
33.194151,5954,7184,5747,37.930
33.199859,5954,7185,5744,37.930
33.204302,5955,7185,5743,37.930
33.209970,5957,7183,5741,37.930
33.214479,5957,7180,5740,37.930
33.220128,5956,7178,5741,37.930
33.224537,5956,7176,5741,37.930
33.228981,5955,7175,5742,37.930
33.234700,5956,7175,5746,37.930
33.239139,5957,7176,5749,37.930
33.244782,5958,7177,5750,37.930
33.249265,5958,7178,5748,37.930
33.254780,5960,7179,5743,37.930
33.259395,5962,7180,5738,37.930
33.265154,5964,7180,5736,37.930
33.269564,5965,7180,5734,37.930
33.273935,5966,7181,5735,37.930
33.279652,5966,7181,5735,37.930
33.284057,5965,7180,5740,37.930
33.289736,5962,7178,5745,37.930
33.294213,5958,7177,5749,37.930
33.299889,5957,7176,5755,37.930
33.304301,5956,7176,5759,37.930
33.308736,5956,7175,5762,37.930
33.314484,5958,7175,5763,37.930
33.318907,5959,7176,5760,37.930
33.324551,5961,7177,5755,37.930
33.329065,5962,7178,5750,37.930
33.334713,5964,7179,5746,37.930
33.339191,5967,7178,5746,37.930
33.344837,5968,7178,5748,37.930
33.349291,5967,7176,5752,37.930
33.353688,5966,7175,5756,37.930
33.359477,5964,7176,5756,37.930
33.363769,5964,7176,5755,37.930
33.369544,5963,7176,5753,37.930
33.373975,5962,7176,5751,37.930
33.379673,5962,7177,5752,37.930
33.384140,5961,7179,5754,37.930
33.388560,5960,7181,5757,37.930
33.394229,5959,7184,5762,37.930
33.398661,5958,7186,5765,37.930
33.404295,5958,7188,5768,37.930
33.408808,5957,7190,5771,37.930
33.414488,5957,7190,5771,37.930
33.418933,5958,7190,5769,37.930
33.424655,5958,7188,5766,37.930
33.429156,5958,7189,5760,37.930
33.433496,5958,7191,5756,37.930
33.439256,5960,7192,5754,37.930
33.443646,5963,7194,5751,37.930
33.449371,5965,7195,5749,37.930
33.453811,5968,7195,5747,37.930
33.459507,5969,7194,5747,37.930
33.463889,5970,7191,5748,37.930
33.468288,5969,7190,5755,37.930
33.474026,5967,7190,5763,37.930
33.478455,5965,7190,5770,37.930
33.484031,5964,7190,5777,37.930
33.488568,5963,7191,5780,37.930
33.494257,5962,7192,5777,37.930
33.498707,5960,7190,5774,37.930
33.504403,5957,7188,5771,37.930
33.508850,5954,7186,5768,37.930
33.513348,5952,7184,5767,37.930
33.519025,5949,7185,5766,37.930
33.523398,5949,7186,5762,37.930
33.529080,5947,7187,5760,37.930
33.533519,5946,7187,5759,37.930
33.539218,5946,7187,5759,37.930
33.543651,5945,7187,5761,37.930
33.548084,5946,7187,5761,37.930
33.553538,5946,7189,5758,37.930
33.558227,5946,7190,5754,37.930
33.563926,5946,7189,5753,37.930
33.568415,5947,7188,5753,37.930
33.574055,5947,7188,5752,37.930
33.578501,5949,7189,5753,37.930
33.584202,5949,7190,5751,37.930
33.588349,5949,7189,5750,37.930
33.593064,5950,7187,5747,37.930
33.598781,5950,7185,5743,37.930
33.603204,5950,7186,5740,37.930
33.608863,5951,7185,5738,37.930
33.613317,5950,7188,5739,37.930
33.619003,5949,7191,5739,37.930
33.623428,5947,7191,5739,37.930
33.627931,5944,7191,5739,37.930
33.633551,5941,7192,5738,37.930
33.638030,5940,7191,5740,37.930
33.643662,5939,7190,5743,37.930
33.648174,5940,7189,5745,37.930
33.653852,5941,7187,5746,37.930
33.658258,5943,7187,5744,37.930
33.664038,5944,7187,5739,37.930
33.668421,5945,7187,5733,37.930
33.672862,5948,7188,5728,37.930
33.678502,5948,7191,5726,37.930
33.683001,5949,7194,5724,37.930
33.688622,5951,7198,5725,37.930
33.693130,5952,7200,5725,37.930
33.698851,5953,7201,5725,37.930
33.703223,5955,7202,5726,37.930
33.707654,5957,7201,5731,37.930
33.713365,5956,7201,5736,37.930
33.717853,5955,7202,5739,37.930
33.723432,5954,7202,5740,37.930
33.727912,5952,7202,5739,37.930
33.733589,5952,7200,5739,37.930
33.738059,5950,7198,5739,37.930
33.743813,5948,7196,5743,37.930
33.748332,5946,7195,5746,37.930
33.752617,5945,7197,5748,37.930
33.758380,5943,7197,5747,37.930
33.762749,5941,7198,5746,37.930
33.768444,5940,7197,5746,37.930
33.772877,5940,7194,5746,37.930
33.778605,5940,7191,5748,37.930
33.782828,5944,7189,5748,37.930
33.787442,5945,7189,5746,37.930
33.793150,5945,7189,5741,37.930
33.797543,5945,7190,5738,37.930
33.803201,5942,7191,5737,37.930
33.807707,5940,7192,5735,37.930
33.813376,5938,7193,5736,37.930
33.817803,5938,7195,5735,37.930
33.823522,5940,7196,5736,37.930
33.827948,5943,7198,5737,37.930
33.832401,5947,7197,5737,37.930
33.838149,5948,7194,5739,37.930
33.842546,5948,7191,5739,37.930
33.848229,5949,7189,5737,37.930
33.852591,5948,7186,5736,37.930
33.858391,5949,7186,5737,37.930
33.862789,5951,7185,5737,37.930
33.867203,5953,7184,5736,37.930
33.872952,5953,7184,5736,37.930
33.877313,5953,7182,5737,37.930
33.883068,5954,7182,5737,37.930
33.887492,5955,7183,5738,37.930
33.893186,5957,7183,5738,37.930
33.897607,5960,7186,5739,37.930
33.903339,5962,7189,5740,37.930
33.907775,5963,7191,5740,37.930
33.912184,5964,7193,5741,37.930
33.917874,5964,7195,5742,37.930
33.922328,5966,7195,5744,37.930
33.927972,5966,7196,5745,37.930
33.932343,5967,7197,5748,37.930
33.938143,5968,7196,5749,37.930
33.942573,5967,7196,5750,37.930
33.947008,5966,7195,5751,37.930
33.952734,5963,7193,5750,37.930
33.957151,5960,7193,5751,37.930
33.962800,5957,7193,5754,37.930
33.967459,5955,7194,5756,37.930
33.972746,5953,7193,5761,37.930
33.977381,5952,7194,5763,37.930
33.983110,5953,7193,5764,37.930
33.987510,5952,7192,5766,37.930
33.991955,5952,7192,5766,37.930
33.997658,5952,7191,5767,37.930
34.001822,5951,7190,5768,37.930
34.007773,5949,7189,5768,37.930
34.012189,5947,7188,5771,37.930
34.017691,5946,7187,5777,37.930
34.022349,5946,7186,5783,37.930
34.026775,5946,7186,5788,37.930
34.032204,5946,7187,5793,37.930
34.036926,5946,7185,5795,37.930
34.042582,5946,7185,5795,37.930
34.046810,5947,7184,5795,37.930
34.052725,5950,7182,5791,37.930
34.057145,5952,7181,5787,37.930
34.062831,5955,7180,5780,37.930
34.067295,5956,7179,5773,37.930
34.071701,5955,7179,5771,37.930
34.077450,5954,7180,5769,37.930
34.081890,5954,7182,5768,37.930
34.087547,5953,7184,5766,37.930
34.092025,5953,7188,5763,37.930
34.097686,5952,7190,5761,37.930
34.102160,5950,7192,5763,37.930
34.106537,5949,7193,5766,37.930
34.112260,5950,7193,5768,37.930
34.116716,5950,7193,5774,37.930
34.122332,5951,7194,5778,37.930
34.126816,5951,7193,5782,37.930
34.132523,5951,7191,5786,37.930
34.136993,5952,7188,5788,37.930
34.142677,5952,7186,5789,37.930
34.147150,5952,7183,5790,37.930
34.151492,5953,7180,5792,37.930
34.157261,5951,7181,5791,37.930
34.161629,5950,7184,5790,37.930
34.167358,5949,7187,5787,37.930
34.171765,5950,7188,5784,37.930
34.177443,5953,7188,5781,37.930
34.181914,5954,7188,5777,37.930
34.186327,5957,7188,5775,37.930
34.192067,5958,7188,5772,37.930
34.196285,5957,7189,5770,37.930
34.202151,5955,7188,5769,37.930
34.206572,5953,7187,5771,37.930
34.212261,5951,7186,5772,37.930
34.216467,5949,7186,5776,37.930
34.222479,5948,7184,5774,37.930
34.226874,5946,7184,5770,37.930
34.231288,5948,7185,5765,37.930
34.237036,5949,7186,5762,37.930
34.241446,5952,7186,5762,37.930
34.247134,5955,7184,5764,37.930
34.251599,5957,7181,5766,37.930
34.257262,5957,7180,5767,37.930
34.261684,5956,7180,5768,37.930
34.266051,5953,7179,5767,37.930
34.271862,5951,7181,5762,37.930
34.276236,5950,7181,5758,37.930
34.281934,5949,7182,5753,37.930
34.286391,5949,7183,5749,37.930
34.292080,5948,7184,5748,37.930
34.296464,5948,7185,5748,37.930
34.302235,5948,7185,5747,37.930
34.306663,5948,7185,5746,37.930
34.311060,5948,7186,5743,37.930
34.316763,5948,7187,5741,37.930
34.321190,5950,7188,5739,37.930
34.326865,5950,7190,5736,37.930
34.331321,5952,7191,5736,37.930
34.336986,5952,7192,5738,37.930
34.341432,5951,7191,5738,37.930
34.345840,5950,7190,5738,37.930
34.351617,5950,7188,5738,37.930
34.356021,5952,7187,5738,37.930
34.361715,5955,7186,5738,37.930
34.366183,5957,7185,5740,37.930
34.371841,5959,7185,5742,37.930
34.376256,5957,7184,5742,37.930
34.382011,5954,7184,5744,37.930
34.386403,5951,7183,5745,37.930
34.390819,5949,7183,5748,37.930
34.396553,5948,7182,5751,37.930
34.400954,5950,7182,5751,37.930
34.406655,5950,7183,5752,37.930
34.411123,5951,7185,5748,37.930
34.416847,5951,7187,5749,37.930
34.421218,5950,7189,5752,37.930
34.425633,5951,7189,5757,37.930
34.431399,5951,7188,5763,37.930
34.435857,5951,7186,5767,37.930
34.441496,5953,7182,5768,37.930
34.445938,5953,7183,5768,37.930
34.451623,5951,7182,5767,37.930
34.456014,5950,7184,5763,37.930
34.461752,5947,7186,5757,37.930
34.466195,5946,7186,5755,37.930
34.470595,5947,7186,5753,37.930
34.476209,5948,7185,5753,37.930
34.480728,5948,7182,5757,37.930
34.486445,5949,7180,5761,37.930
34.490941,5950,7179,5763,37.930
34.496576,5952,7178,5766,37.930
34.501001,5954,7180,5767,37.930
34.505415,5956,7182,5766,37.930
34.511157,5956,7183,5766,37.930
34.515564,5956,7186,5767,37.930
34.521242,5955,7186,5767,37.930
34.525492,5955,7187,5766,37.930
34.531127,5955,7188,5762,37.930
34.535548,5957,7190,5757,37.930
34.541267,5961,7191,5754,37.930
34.545708,5965,7193,5751,37.930
34.550095,5967,7193,5751,37.930
34.555850,5969,7194,5752,37.930
34.560244,5970,7194,5752,37.930
34.566255,5970,7194,5752,37.930
34.570732,5970,7193,5751,37.930
34.576321,5969,7193,5747,37.930
34.580781,5969,7193,5746,37.930
34.585195,5967,7192,5745,37.930
34.590643,5964,7193,5744,37.930
34.595388,5962,7192,5746,37.930
34.601085,5960,7191,5746,37.930
34.605197,5959,7192,5745,37.930
34.610844,5957,7191,5745,37.930
34.615342,5954,7193,5746,37.930
34.621054,5951,7194,5748,37.930
34.625502,5948,7194,5750,37.930
34.629948,5946,7195,5752,37.930
34.635576,5945,7195,5752,37.930
34.640030,5944,7195,5749,37.930
34.645727,5942,7193,5748,37.930
34.650118,5940,7193,5748,37.930
34.655850,5937,7193,5750,37.930
34.660573,5936,7194,5748,37.930
34.664890,5939,7196,5751,37.930
34.670707,5941,7198,5751,37.930
34.675139,5944,7198,5749,37.930
34.680798,5945,7197,5747,37.930
34.685267,5944,7197,5744,37.930
34.690934,5942,7197,5744,37.930
34.695358,5942,7197,5742,37.930
34.701118,5941,7197,5738,37.930
34.705523,5938,7196,5737,37.930
34.709916,5937,7194,5734,37.930
34.715652,5934,7192,5736,37.930
34.720070,5932,7191,5742,37.930
34.725737,5931,7189,5749,37.930
34.730247,5930,7189,5752,37.930
34.735885,5929,7189,5754,37.930
34.740359,5930,7189,5754,37.930
34.744790,5931,7190,5751,37.930
34.750474,5933,7191,5748,37.930
34.754896,5933,7192,5746,37.930
34.760599,5932,7193,5743,37.930
34.765037,5931,7194,5741,37.930
34.770730,5932,7196,5741,37.930
34.775020,5934,7197,5743,37.930
34.780867,5936,7199,5743,37.930
34.785273,5939,7200,5740,37.930
34.789733,5942,7200,5740,37.930
34.795434,5943,7198,5738,37.930
34.799832,5946,7198,5737,37.930
34.805505,5946,7196,5738,37.930
34.810031,5949,7195,5737,37.930
34.815598,5950,7196,5734,37.930
34.820121,5951,7196,5733,37.930
34.824522,5952,7198,5732,37.930
34.830228,5952,7199,5733,37.930
34.834660,5952,7200,5733,37.930
34.840340,5951,7201,5734,37.930
34.844834,5948,7200,5738,37.930
34.850540,5946,7198,5743,37.930
34.854950,5943,7197,5747,37.930
34.860683,5940,7196,5750,37.930
34.865117,5940,7196,5750,37.930
34.869456,5940,7198,5751,37.930
34.875207,5942,7197,5752,37.930
34.879640,5943,7197,5755,37.930
34.885283,5945,7196,5757,37.930
34.889752,5947,7194,5759,37.930
34.895458,5949,7193,5760,37.930
34.899650,5951,7191,5758,37.930
34.904316,5952,7189,5753,37.930
34.910054,5952,7189,5749,37.930
34.914442,5952,7190,5742,37.930
34.920117,5952,7191,5737,37.930
34.924576,5955,7193,5736,37.930
34.930272,5957,7195,5738,37.930
34.934678,5959,7195,5739,37.930
34.940426,5961,7195,5741,37.930
34.944817,5962,7195,5745,37.930
34.949084,5961,7196,5748,37.930
34.955003,5960,7197,5751,37.930
34.959405,5960,7198,5751,37.930
34.965093,5960,7199,5752,37.930
34.969557,5959,7199,5751,37.930
34.975206,5958,7198,5752,37.930
34.979661,5956,7196,5755,37.930
34.984097,5956,7194,5758,37.930
34.989805,5956,7193,5761,37.930
34.994230,5956,7192,5760,37.930
34.999895,5957,7191,5763,37.930
35.004146,5959,7190,5764,37.930
35.010096,5960,7189,5765,37.930
35.014495,5961,7190,5768,37.930
35.020109,5961,7191,5769,37.930
35.024625,5961,7191,5768,37.930
35.029060,5960,7191,5766,37.930
35.034767,5959,7190,5764,37.930
35.039283,5958,7188,5763,37.930
35.044831,5956,7187,5760,37.930
35.049054,5956,7185,5760,37.930
35.055078,5956,7183,5762,37.930
35.059448,5956,7184,5764,37.930
35.063701,5958,7185,5763,37.930
35.069619,5958,7189,5764,37.930
35.073983,5959,7193,5765,37.930
35.079709,5958,7196,5762,37.930
35.084153,5959,7197,5760,37.930
35.089818,5959,7197,5755,37.930
35.094285,5959,7197,5749,37.930
35.099981,5960,7196,5747,37.930
35.104402,5961,7195,5750,37.930
35.108855,5961,7195,5754,37.930
35.114542,5961,7194,5758,37.930
35.118970,5960,7195,5760,37.930
35.124631,5961,7195,5761,37.930
35.129170,5961,7196,5758,37.930
35.134769,5962,7199,5755,37.930
35.139314,5961,7201,5755,37.930
35.143670,5960,7204,5753,37.930
35.149437,5957,7205,5754,37.930
35.153772,5955,7203,5757,37.930
35.159487,5954,7203,5756,37.930
35.163892,5953,7203,5755,37.930
35.169614,5954,7202,5752,37.930
35.174035,5954,7202,5750,37.930
35.179751,5954,7202,5749,37.930
35.184173,5953,7204,5751,37.930
35.188564,5952,7204,5750,37.930
35.194354,5952,7205,5748,37.930
35.198741,5950,7202,5748,37.930
35.204427,5950,7199,5746,37.930
35.208868,5949,7197,5746,37.930
35.214560,5949,7193,5747,37.930
35.218956,5951,7191,5748,37.930
35.223400,5952,7192,5750,37.930
35.229147,5952,7193,5753,37.930
35.233553,5952,7195,5753,37.930
35.239200,5951,7197,5752,37.930
35.243693,5950,7199,5752,37.930
35.249435,5949,7199,5753,37.930
35.253780,5947,7197,5758,37.930
35.259570,5947,7196,5761,37.930
35.263944,5946,7194,5763,37.930
35.268379,5944,7193,5764,37.930
35.274085,5944,7192,5764,37.930
35.278533,5943,7191,5766,37.930
35.284210,5943,7191,5771,37.930
35.288668,5945,7191,5775,37.930
35.294347,5946,7192,5775,37.930
35.298746,5948,7191,5772,37.930
35.303224,5949,7189,5772,37.930
35.308900,5951,7188,5770,37.930
35.313131,5953,7187,5768,37.930
35.318995,5952,7184,5767,37.930
35.323507,5949,7183,5765,37.930
35.329147,5944,7184,5760,37.930
35.333592,5940,7185,5757,37.930
35.339340,5938,7186,5754,37.930
35.343818,5936,7186,5753,37.930
35.348319,5936,7185,5753,37.930
35.353898,5936,7185,5753,37.930
35.358265,5935,7184,5757,37.930
35.364015,5934,7185,5761,37.930
35.368447,5933,7184,5765,37.930
35.374091,5931,7183,5769,37.930
35.378573,5931,7182,5774,37.930
35.382995,5930,7181,5778,37.930
35.388710,5931,7181,5781,37.930
35.392953,5932,7182,5783,37.930
35.398761,5932,7183,5786,37.930
35.403068,5932,7185,5786,37.930
35.408951,5933,7185,5784,37.930
35.413361,5934,7184,5785,37.930
35.419066,5936,7185,5781,37.930
35.423520,5938,7185,5778,37.930
35.427930,5938,7184,5774,37.930
35.433634,5938,7187,5770,37.930
35.438117,5938,7188,5771,37.930
35.443820,5938,7188,5774,37.930
35.448177,5938,7188,5780,37.930
35.453858,5939,7186,5783,37.930
35.458310,5940,7185,5786,37.930
35.462797,5943,7185,5787,37.930
35.468447,5945,7185,5787,37.930
35.472898,5948,7185,5786,37.930
35.478571,5951,7185,5784,37.930
35.482841,5953,7184,5781,37.930
35.488719,5953,7184,5778,37.930
35.492914,5953,7184,5774,37.930
35.498892,5952,7184,5769,37.930
35.503042,5952,7185,5767,37.930
35.507748,5952,7187,5766,37.930
35.513415,5953,7191,5765,37.930
35.517866,5953,7192,5767,37.930
35.523502,5952,7193,5766,37.930
35.527990,5953,7193,5765,37.930
35.533671,5951,7192,5763,37.930
35.537922,5948,7190,5760,37.930
35.542603,5947,7190,5756,37.930
35.548297,5945,7189,5752,37.930
35.552641,5947,7189,5749,37.930
35.558310,5946,7190,5750,37.930
35.562786,5945,7188,5755,37.930
35.568510,5943,7187,5761,37.930
35.572899,5941,7188,5768,37.930
35.578651,5939,7189,5768,37.930
35.583126,5938,7188,5765,37.930
35.587474,5936,7189,5759,37.930
35.593176,5936,7189,5757,37.930
35.597637,5937,7188,5757,37.930
35.603129,5938,7188,5759,37.930
35.607558,5940,7188,5761,37.930
35.613425,5942,7187,5762,37.930
35.617906,5944,7187,5762,37.930
35.622307,5947,7185,5761,37.930
35.628017,5949,7182,5761,37.930
35.632436,5949,7182,5759,37.930
35.638186,5949,7183,5755,37.930
35.642589,5949,7184,5750,37.930
35.648284,5948,7186,5747,37.930
35.652512,5946,7187,5745,37.930
35.658452,5946,7188,5746,37.930
35.662872,5945,7188,5748,37.930
35.667271,5945,7189,5748,37.930
35.673004,5945,7189,5746,37.930
35.677391,5946,7189,5745,37.930
35.683067,5945,7189,5742,37.930
35.687509,5945,7187,5742,37.930
35.693201,5945,7187,5744,37.930
35.697645,5946,7185,5747,37.930
35.702104,5948,7183,5750,37.930
35.707966,5949,7181,5749,37.930
35.712222,5949,7178,5749,37.930
35.717871,5949,7177,5750,37.930
35.722413,5950,7178,5750,37.930
35.728051,5949,7178,5749,37.930
35.732486,5950,7180,5751,37.930
35.738188,5952,7181,5751,37.930
35.742609,5954,7182,5750,37.930
35.747055,5955,7182,5750,37.930
35.752766,5955,7183,5748,37.930
35.757178,5955,7185,5745,37.930
35.762847,5953,7185,5744,37.930
35.767288,5951,7186,5744,37.930
35.772959,5951,7187,5745,37.930
35.777451,5950,7187,5748,37.930
35.781875,5951,7188,5752,37.930
35.787596,5952,7189,5754,37.930
35.792040,5952,7189,5759,37.930
35.797687,5952,7190,5761,37.930
35.802161,5951,7190,5763,37.930
35.807577,5952,7190,5764,37.930
35.812271,5952,7188,5763,37.930
35.817964,5951,7188,5762,37.930
35.822399,5951,7188,5760,37.930
35.826784,5950,7189,5760,37.930
35.832546,5949,7190,5760,37.930
35.836977,5950,7190,5761,37.930
35.842620,5951,7187,5763,37.930
35.847131,5952,7186,5765,37.930
35.852808,5954,7184,5771,37.930
35.857224,5954,7183,5776,37.930
35.861615,5955,7181,5778,37.930
35.867368,5953,7180,5780,37.930
35.871783,5953,7179,5782,37.930
35.877439,5952,7179,5781,37.930
35.881959,5950,7180,5781,37.930
35.887620,5950,7180,5783,37.930
35.892056,5951,7180,5778,37.930
35.897735,5951,7180,5774,37.930
35.902215,5952,7179,5771,37.930
35.906563,5953,7180,5766,37.930
35.912362,5952,7179,5764,37.930
35.916724,5952,7177,5761,37.930
35.922444,5951,7177,5757,37.930
35.926880,5951,7176,5754,37.930
35.932578,5951,7178,5753,37.930
35.937051,5951,7179,5755,37.930
35.941458,5951,7181,5758,37.930
35.947182,5952,7182,5761,37.930
35.951550,5952,7181,5761,37.930
35.957299,5954,7181,5763,37.930
35.961740,5955,7180,5763,37.930
35.967426,5955,7180,5764,37.930
35.971862,5955,7181,5765,37.930
35.977515,5956,7183,5764,37.930
35.981985,5957,7185,5759,37.930
35.986357,5959,7183,5755,37.930
35.992194,5961,7183,5753,37.930
35.996305,5961,7182,5751,37.930
36.001986,5962,7183,5753,37.930
36.006365,5962,7183,5756,37.930
36.012097,5961,7185,5757,37.930
36.016645,5960,7186,5759,37.930
36.020974,5959,7188,5760,37.930
36.026707,5956,7190,5761,37.930
36.031072,5954,7191,5761,37.930
36.036807,5953,7192,5758,37.930
36.041181,5952,7195,5753,37.930
36.046954,5950,7197,5750,37.930
36.051609,5949,7199,5746,37.930
36.057345,5948,7200,5744,37.930
36.061738,5948,7198,5746,37.930
36.066153,5948,7196,5745,37.930
36.071960,5950,7195,5744,37.930
36.076290,5952,7194,5745,37.930
36.081984,5953,7193,5746,37.930
36.086435,5952,7193,5748,37.930
36.092154,5950,7193,5750,37.930
36.096480,5947,7193,5754,37.930
36.100969,5944,7191,5754,37.930
36.106726,5944,7191,5756,37.930
36.111155,5943,7193,5758,37.930
36.116902,5943,7195,5758,37.930
36.121345,5944,7197,5760,37.930
36.126936,5945,7200,5761,37.930
36.131387,5946,7201,5762,37.930
36.137074,5947,7201,5766,37.930
36.141584,5948,7200,5764,37.930
36.145952,5950,7198,5764,37.930
36.151739,5952,7197,5763,37.930
36.156089,5953,7197,5762,37.930
36.161767,5954,7197,5761,37.930
36.166263,5956,7197,5763,37.930
36.171948,5958,7197,5764,37.930
36.176377,5959,7195,5763,37.930
36.180777,5959,7193,5762,37.930
36.186509,5957,7192,5761,37.930
36.190941,5954,7190,5760,37.930
36.196618,5952,7189,5762,37.930
36.201044,5949,7189,5766,37.930
36.206733,5950,7188,5767,37.930
36.211168,5949,7188,5768,37.930
36.216923,5949,7187,5766,37.930
36.221347,5952,7185,5766,37.930
36.225742,5954,7184,5767,37.930
36.231488,5957,7184,5764,37.930
36.235904,5958,7184,5761,37.930
36.241569,5958,7185,5756,37.930
36.246001,5957,7186,5753,37.930
36.251779,5957,7186,5751,37.930
36.256174,5955,7185,5750,37.930
36.260653,5954,7184,5749,37.930
36.266330,5951,7184,5744,37.930
36.270730,5948,7184,5736,37.930
36.276390,5945,7185,5735,37.930
36.280863,5943,7185,5733,37.930
36.286526,5941,7187,5735,37.930
36.290952,5939,7188,5742,37.930
36.296688,5939,7190,5745,37.930
36.301161,5939,7191,5749,37.930
36.305520,5939,7193,5751,37.930
36.311246,5941,7193,5753,37.930
36.315658,5944,7193,5755,37.930
36.321370,5944,7191,5756,37.930
36.325821,5945,7188,5759,37.930
36.331543,5945,7186,5759,37.930
36.335913,5943,7184,5760,37.930
36.340375,5943,7184,5763,37.930
36.346114,5943,7185,5763,37.930
36.350509,5943,7186,5761,37.930
36.356176,5943,7187,5758,37.930
36.360660,5944,7186,5756,37.930
36.366325,5947,7186,5756,37.930
36.370778,5950,7187,5760,37.930
36.376520,5951,7189,5763,37.930
36.380884,5952,7191,5764,37.930
36.385291,5953,7192,5764,37.930
36.391062,5956,7193,5761,37.930
36.395490,5958,7194,5760,37.930
36.401123,5960,7195,5761,37.930
36.405548,5960,7194,5762,37.930
36.411300,5960,7192,5762,37.930
36.415690,5959,7189,5761,37.930
36.420184,5957,7187,5761,37.930
36.425855,5955,7186,5759,37.930
36.430283,5951,7186,5759,37.930
36.435937,5951,7187,5761,37.930
36.440434,5953,7188,5758,37.930
36.446077,5955,7188,5754,37.930
36.450576,5958,7188,5750,37.930
36.456244,5960,7186,5746,37.930
36.460747,5961,7185,5743,37.930
36.465077,5959,7184,5741,37.930
36.470861,5959,7184,5740,37.930
36.475214,5958,7184,5738,37.930
36.480910,5959,7183,5736,37.930
36.485337,5959,7182,5735,37.930
36.491068,5956,7183,5732,37.930
36.495503,5953,7184,5732,37.930
36.499889,5951,7185,5733,37.930
36.505607,5950,7187,5735,37.930
36.510127,5949,7188,5735,37.930
36.515722,5949,7189,5735,37.930
36.520233,5948,7189,5733,37.930
36.525903,5947,7190,5732,37.930
36.530121,5947,7191,5731,37.930
36.536142,5947,7193,5732,37.930
36.540480,5947,7195,5736,37.930
36.544894,5945,7195,5738,37.930
36.550611,5945,7195,5740,37.930
36.555109,5945,7194,5741,37.930
36.560734,5945,7194,5742,37.930
36.565146,5948,7194,5743,37.930
36.570865,5949,7194,5744,37.930
36.575277,5951,7194,5745,37.930
36.579688,5952,7194,5747,37.930
36.585402,5954,7193,5753,37.930
36.589811,5954,7192,5758,37.930
36.595510,5955,7192,5761,37.930
36.599964,5956,7190,5763,37.930
36.605635,5957,7188,5764,37.930
36.610124,5958,7186,5765,37.930
36.615807,5958,7183,5770,37.930
36.620246,5956,7183,5772,37.930
36.624640,5954,7182,5776,37.930
36.630391,5953,7183,5776,37.930
36.634775,5952,7184,5776,37.930
36.640500,5951,7185,5774,37.930
36.644933,5951,7188,5771,37.930
36.650661,5950,7190,5769,37.930
36.655050,5951,7192,5766,37.930
36.659470,5951,7192,5765,37.930
36.665208,5951,7193,5764,37.930
36.669609,5950,7193,5762,37.930
36.675275,5950,7193,5762,37.930
36.679786,5949,7193,5760,37.930
36.685454,5949,7192,5756,37.930
36.689921,5949,7190,5751,37.930
36.695581,5949,7187,5749,37.930
36.700009,5948,7186,5744,37.930
36.704418,5946,7185,5742,37.930
36.710168,5944,7187,5741,37.930
36.714566,5944,7186,5740,37.930
36.720305,5944,7185,5745,37.930
36.724721,5944,7183,5747,37.930
36.730415,5945,7182,5751,37.930
36.734865,5945,7183,5755,37.930
36.739105,5946,7185,5757,37.930
36.745013,5946,7187,5760,37.930
36.749426,5947,7188,5764,37.930
36.755126,5948,7188,5767,37.930
36.759554,5948,7187,5770,37.930
36.765211,5948,7186,5770,37.930
36.769677,5948,7184,5772,37.930
36.775393,5949,7182,5772,37.930
36.779807,5949,7180,5772,37.930
36.784215,5949,7180,5771,37.930
36.789961,5949,7179,5769,37.930
36.794367,5948,7179,5770,37.930
36.800018,5947,7178,5770,37.930
36.804481,5948,7176,5770,37.930
36.810194,5947,7174,5771,37.930
36.814643,5947,7173,5771,37.930
36.819036,5944,7174,5772,37.930
36.824785,5942,7175,5770,37.930
36.829202,5941,7176,5769,37.930
36.834858,5942,7177,5767,37.930
36.839378,5944,7177,5764,37.930
36.845051,5946,7178,5761,37.930
36.849445,5947,7179,5760,37.930
36.855162,5948,7179,5757,37.930
36.859616,5949,7179,5755,37.930
36.863987,5951,7178,5756,37.930
36.869729,5951,7178,5758,37.930
36.874131,5952,7178,5761,37.930
36.879825,5952,7178,5764,37.930
36.884266,5954,7178,5768,37.930
36.889983,5956,7177,5768,37.930
36.894378,5958,7178,5764,37.930
36.898819,5959,7177,5760,37.930
36.904572,5959,7177,5756,37.930
36.908982,5957,7176,5756,37.930
36.914632,5957,7175,5757,37.930
36.919184,5955,7173,5758,37.930
36.924808,5954,7173,5760,37.930
36.929286,5955,7173,5759,37.930
36.934938,5955,7174,5756,37.930
36.939431,5956,7174,5755,37.930
36.943790,5956,7175,5753,37.930
36.949561,5955,7175,5751,37.930
36.953940,5953,7176,5751,37.930
36.959649,5951,7177,5752,37.930
36.964113,5949,7178,5752,37.930
36.969831,5950,7181,5749,37.930
36.974201,5952,7183,5747,37.930
36.978605,5952,7184,5745,37.930
36.984331,5953,7186,5742,37.930
36.988752,5954,7187,5739,37.930
36.994450,5953,7187,5740,37.930
36.998886,5952,7186,5742,37.930
37.004559,5951,7185,5745,37.930
37.009003,5949,7184,5748,37.930
37.014540,5947,7183,5753,37.930
37.019134,5947,7184,5755,37.930
37.023578,5948,7185,5757,37.930
37.029305,5949,7186,5758,37.930
37.033472,5951,7187,5757,37.930
37.039537,5954,7189,5757,37.930
37.043866,5955,7189,5755,37.930
37.049280,5955,7190,5753,37.930
37.053967,5954,7189,5753,37.930
37.058377,5953,7189,5750,37.930
37.064119,5953,7189,5749,37.930
37.068527,5954,7189,5746,37.930
37.074189,5955,7189,5745,37.930
37.078682,5958,7190,5742,37.930
37.084334,5960,7189,5739,37.930
37.088811,5964,7188,5740,37.930
37.094523,5966,7188,5740,37.930
37.098955,5968,7188,5740,37.930
37.103056,5970,7189,5737,37.930
37.109098,5971,7190,5736,37.930
37.113477,5970,7191,5734,37.930
37.119152,5968,7189,5733,37.930
37.123614,5968,7186,5736,37.930
37.129324,5967,7186,5741,37.930
37.133786,5968,7185,5746,37.930
37.138177,5968,7184,5750,37.930
37.143911,5967,7184,5757,37.930
37.148345,5966,7183,5761,37.930
37.154027,5964,7183,5761,37.930
37.158457,5963,7184,5760,37.930
37.164140,5961,7186,5756,37.930
37.168544,5959,7187,5751,37.930
37.174265,5956,7188,5745,37.930
37.178722,5953,7188,5742,37.930
37.183172,5954,7189,5741,37.930
37.188861,5954,7189,5740,37.930
37.193270,5954,7188,5743,37.930
37.198935,5955,7186,5745,37.930
37.203439,5956,7185,5747,37.930
37.209086,5957,7184,5752,37.930
37.213510,5959,7184,5754,37.930
37.217930,5960,7185,5755,37.930
37.223651,5958,7185,5755,37.930
37.228162,5955,7186,5751,37.930
37.233767,5953,7187,5749,37.930
37.238265,5953,7189,5746,37.930
37.243893,5953,7190,5747,37.930
37.248350,5953,7191,5748,37.930
37.254077,5955,7192,5749,37.930
37.258521,5958,7191,5754,37.930
37.262899,5959,7189,5757,37.930
37.268598,5958,7189,5760,37.930
37.273048,5957,7189,5762,37.930
37.278733,5955,7189,5763,37.930
37.283203,5953,7190,5763,37.930
37.288859,5952,7190,5762,37.930
37.293317,5951,7189,5763,37.930
37.297717,5952,7188,5764,37.930
37.303405,5950,7185,5765,37.930
37.307855,5949,7183,5767,37.930
37.313503,5950,7182,5768,37.930
37.318046,5950,7180,5768,37.930
37.323677,5950,7180,5768,37.930
37.328142,5950,7181,5768,37.930
37.333839,5950,7181,5768,37.930
37.338294,5949,7181,5770,37.930
37.342685,5950,7179,5773,37.930
37.348547,5952,7176,5779,37.930
37.352798,5955,7174,5784,37.930
37.358564,5956,7173,5786,37.930
37.362986,5956,7173,5789,37.930
37.368648,5955,7174,5792,37.930
37.373103,5954,7176,5792,37.930
37.377490,5954,7177,5791,37.930
37.383219,5957,7179,5791,37.930
37.387635,5958,7180,5788,37.930
37.393281,5959,7181,5785,37.930
37.397770,5959,7183,5784,37.930
37.403424,5956,7185,5783,37.930
37.407942,5955,7187,5782,37.930
37.413586,5953,7189,5780,37.930
37.418032,5952,7192,5778,37.930
37.422431,5953,7193,5774,37.930
37.428219,5952,7194,5771,37.930
37.432621,5950,7193,5770,37.930
37.438305,5948,7192,5770,37.930
37.442786,5945,7191,5770,37.930
37.448449,5943,7190,5767,37.930
37.452942,5943,7190,5763,37.930
37.457250,5943,7189,5756,37.930
37.463028,5943,7189,5751,37.930
37.467393,5944,7190,5749,37.930
37.472932,5946,7192,5751,37.930
37.477554,5947,7194,5753,37.930
37.483217,5948,7194,5756,37.930
37.487635,5949,7194,5760,37.930
37.493371,5949,7191,5762,37.930
37.497806,5949,7191,5765,37.930
37.502206,5948,7191,5768,37.930
37.507956,5947,7192,5771,37.930
37.512286,5948,7193,5775,37.930
37.518067,5949,7193,5774,37.930
37.522508,5952,7192,5775,37.930
37.528117,5956,7191,5777,37.930
37.532671,5959,7189,5778,37.930
37.537037,5961,7188,5779,37.930
37.542747,5963,7188,5779,37.930
37.547178,5965,7188,5777,37.930
37.552713,5965,7189,5773,37.930
37.557110,5965,7190,5767,37.930
37.563105,5965,7189,5766,37.930
37.567421,5962,7189,5764,37.930
37.573127,5960,7188,5763,37.930
37.577600,5957,7186,5763,37.930
37.582030,5954,7186,5764,37.930
37.587753,5953,7187,5763,37.930
37.592142,5951,7188,5764,37.930
37.597819,5951,7188,5768,37.930
37.602351,5951,7187,5773,37.930
37.607959,5954,7186,5778,37.930
37.612159,5956,7184,5778,37.930
37.616798,5959,7184,5777,37.930
37.622539,5962,7185,5775,37.930
37.626996,5963,7186,5773,37.930
37.632671,5964,7187,5773,37.930
37.637114,5964,7188,5772,37.930
37.642780,5964,7188,5769,37.930
37.647185,5966,7189,5766,37.930
37.652954,5968,7187,5762,37.930
37.657378,5969,7186,5756,37.930
37.661759,5967,7185,5753,37.930
37.667517,5965,7184,5750,37.930
37.671911,5961,7186,5748,37.930
37.677580,5959,7187,5746,37.930
37.682037,5957,7189,5745,37.930
37.687747,5956,7191,5742,37.930
37.692176,5955,7191,5741,37.930
37.696608,5955,7192,5743,37.930
37.702361,5955,7193,5745,37.930
37.706729,5955,7194,5749,37.930
37.712424,5956,7197,5750,37.930
37.716855,5956,7199,5750,37.930
37.722563,5955,7201,5749,37.930
37.727004,5954,7202,5746,37.930
37.732740,5955,7202,5744,37.930
37.737197,5954,7202,5741,37.930
37.741540,5954,7201,5739,37.930
37.747306,5956,7202,5740,37.930
37.751724,5955,7203,5743,37.930
37.757401,5954,7205,5748,37.930
37.761834,5954,7205,5755,37.930
37.767506,5953,7206,5762,37.930
37.771986,5952,7206,5768,37.930
37.776364,5953,7205,5769,37.930
37.782125,5954,7205,5767,37.930
37.786496,5955,7204,5763,37.930
37.792171,5957,7202,5759,37.930
37.796618,5956,7201,5756,37.930
37.802325,5955,7199,5756,37.930
37.806618,5952,7198,5758,37.930
37.812503,5950,7197,5763,37.930
37.817004,5950,7196,5767,37.930
37.821311,5950,7196,5769,37.930
37.827143,5951,7197,5769,37.930
37.831493,5951,7199,5768,37.930
37.837138,5951,7200,5767,37.930
37.841661,5951,7200,5767,37.930
37.847319,5952,7200,5770,37.930
37.851741,5954,7199,5767,37.930
37.856138,5955,7197,5765,37.930
37.861954,5956,7197,5759,37.930
37.866278,5958,7197,5753,37.930
37.871951,5958,7197,5748,37.930
37.876408,5957,7196,5745,37.930
37.882121,5955,7196,5744,37.930
37.886509,5951,7195,5744,37.930
37.892239,5949,7194,5745,37.930
37.896655,5948,7194,5748,37.930
37.901101,5947,7194,5751,37.930
37.906786,5947,7195,5756,37.930
37.911236,5947,7196,5759,37.930
37.916923,5945,7196,5760,37.930
37.921375,5943,7197,5759,37.930
37.927054,5941,7196,5756,37.930
37.931557,5940,7195,5752,37.930
37.935890,5939,7196,5748,37.930
37.941710,5939,7196,5743,37.930
37.946038,5940,7196,5737,37.930
37.951734,5942,7196,5729,37.930
37.956165,5941,7197,5723,37.930
37.961921,5939,7198,5718,37.930
37.966305,5936,7199,5720,37.930
37.972093,5933,7201,5724,37.930
37.976460,5931,7203,5727,37.930
37.980900,5930,7203,5731,37.930
37.986560,5931,7202,5734,37.930
37.991015,5933,7201,5736,37.930
37.996681,5934,7200,5735,37.930
38.001121,5936,7199,5732,37.930
38.006832,5938,7199,5728,37.930
38.011247,5939,7199,5723,37.930
38.015417,5942,7197,5723,37.930
38.021426,5944,7196,5725,37.930
38.025816,5945,7195,5731,37.930
38.031248,5946,7194,5738,37.930
38.035954,5943,7193,5741,37.930
38.041392,5941,7192,5745,37.930
38.046118,5939,7191,5746,37.930
38.051755,5937,7190,5746,37.930
38.056188,5937,7189,5748,37.930
38.060609,5937,7188,5750,37.930
38.066349,5937,7185,5750,37.930
38.070763,5938,7181,5751,37.930
38.076444,5938,7178,5751,37.930
38.080914,5939,7177,5754,37.930
38.086573,5939,7175,5757,37.930
38.090996,5939,7175,5759,37.930
38.095448,5940,7176,5762,37.930
38.101153,5942,7177,5763,37.930
38.105612,5944,7178,5763,37.930
38.111254,5946,7179,5762,37.930
38.115694,5947,7179,5761,37.930
38.121412,5947,7180,5761,37.930
38.125859,5946,7180,5761,37.930
38.131524,5945,7179,5762,37.930
38.135943,5945,7177,5764,37.930
38.140418,5944,7177,5765,37.930
38.146119,5943,7177,5768,37.930
38.150506,5942,7178,5772,37.930
38.156215,5941,7180,5774,37.930
38.160674,5941,7181,5772,37.930
38.166375,5943,7183,5773,37.930
38.170804,5946,7185,5768,37.930
38.175200,5948,7187,5764,37.930
38.180903,5949,7188,5761,37.930
38.185343,5948,7189,5755,37.930
38.191014,5947,7190,5752,37.930
38.195437,5947,7191,5751,37.930
38.201144,5946,7193,5752,37.930
38.205568,5945,7196,5752,37.930
38.211319,5945,7199,5754,37.930
38.215791,5944,7201,5756,37.930
38.220188,5942,7203,5756,37.930
38.225870,5941,7203,5757,37.930
38.230338,5940,7202,5757,37.930
38.235941,5940,7200,5754,37.930
38.240618,5940,7199,5752,37.930
38.246109,5941,7199,5751,37.930
38.250591,5942,7199,5753,37.930
38.254982,5942,7199,5754,37.930
38.260710,5940,7201,5757,37.930
38.265072,5939,7203,5760,37.930
38.270843,5940,7202,5763,37.930
38.275236,5941,7201,5765,37.930
38.280937,5942,7200,5765,37.930
38.285340,5944,7200,5763,37.930
38.291067,5945,7200,5757,37.930
38.295568,5947,7201,5755,37.930
38.299895,5948,7202,5752,37.930
38.305709,5948,7204,5747,37.930
38.310060,5949,7204,5744,37.930
38.315725,5949,7202,5746,37.930
38.320196,5950,7201,5747,37.930
38.325858,5951,7199,5750,37.930
38.330318,5951,7199,5756,37.930
38.334738,5951,7199,5758,37.930
38.340473,5951,7200,5759,37.930
38.344838,5952,7198,5763,37.930
38.350552,5950,7196,5765,37.930
38.354999,5948,7193,5768,37.930
38.360681,5947,7193,5767,37.930
38.365059,5946,7195,5763,37.930
38.370829,5946,7195,5761,37.930
38.375287,5947,7197,5760,37.930
38.379685,5946,7199,5758,37.930
38.385374,5943,7200,5756,37.930
38.389812,5941,7204,5753,37.930
38.395493,5940,7206,5748,37.930
38.399958,5939,7208,5745,37.930
38.405638,5937,7207,5746,37.930
38.410117,5937,7205,5748,37.930
38.414502,5937,7202,5751,37.930
38.420224,5939,7199,5752,37.930
38.424666,5942,7197,5755,37.930
38.430325,5946,7196,5756,37.930
38.434851,5948,7196,5760,37.930
38.440521,5949,7196,5766,37.930
38.444905,5950,7197,5770,37.930
38.450651,5950,7196,5769,37.930
38.455055,5948,7196,5768,37.930
38.459465,5947,7195,5765,37.930
38.465191,5945,7194,5762,37.930
38.469615,5942,7192,5760,37.930
38.475257,5941,7190,5760,37.930
38.479745,5939,7189,5763,37.930
38.485405,5937,7188,5765,37.930
38.489873,5937,7188,5768,37.930
38.494259,5939,7188,5769,37.930
38.500031,5940,7189,5770,37.930
38.504172,5943,7191,5775,37.930
38.510096,5946,7193,5781,37.930
38.514303,5948,7194,5786,37.930
38.520227,5951,7195,5788,37.930
38.524660,5952,7196,5789,37.930
38.530412,5953,7197,5788,37.930
38.534798,5952,7196,5788,37.930
38.539285,5950,7196,5791,37.930
38.544935,5950,7198,5793,37.930
38.549375,5949,7200,5794,37.930
38.555060,5948,7202,5793,37.930
38.559287,5948,7201,5789,37.930
38.565226,5949,7201,5785,37.930
38.569653,5950,7201,5782,37.930
38.574031,5952,7201,5780,37.930
38.579802,5954,7202,5783,37.930
38.584027,5954,7201,5782,37.930
38.589860,5954,7201,5776,37.930
38.594321,5952,7201,5769,37.930
38.600051,5951,7201,5762,37.930
38.604509,5950,7200,5757,37.930
38.610155,5950,7197,5755,37.930
38.614581,5949,7195,5754,37.930
38.618986,5948,7193,5754,37.930
38.624732,5947,7191,5755,37.930
38.629181,5946,7189,5753,37.930
38.634804,5946,7189,5753,37.930
38.639283,5948,7187,5753,37.930
38.644955,5948,7187,5747,37.930
38.649425,5948,7187,5749,37.930
38.653856,5950,7186,5748,37.930
38.659582,5952,7185,5749,37.930
38.663953,5956,7185,5753,37.930
38.669683,5957,7184,5752,37.930
38.674148,5960,7184,5749,37.930
38.679778,5961,7186,5747,37.930
38.684188,5961,7189,5742,37.930
38.689941,5961,7192,5738,37.930
38.694360,5961,7193,5735,37.930
38.698825,5961,7193,5733,37.930
38.704489,5961,7193,5731,37.930
38.708933,5961,7193,5734,37.930
38.714571,5960,7194,5738,37.930
38.719067,5959,7194,5741,37.930
38.724728,5958,7195,5743,37.930
38.729227,5958,7195,5744,37.930
38.733600,5957,7194,5744,37.930
38.739361,5956,7193,5745,37.930
38.743745,5954,7193,5746,37.930
38.749396,5951,7192,5750,37.930
38.753889,5949,7191,5756,37.930
38.759600,5947,7191,5761,37.930
38.763979,5945,7190,5764,37.930
38.769716,5943,7191,5765,37.930
38.774115,5941,7191,5761,37.930
38.778555,5939,7191,5757,37.930
38.784268,5938,7192,5755,37.930
38.788692,5937,7192,5753,37.930
38.794373,5937,7192,5755,37.930
38.798829,5939,7192,5759,37.930
38.804495,5940,7191,5762,37.930
38.808828,5942,7190,5764,37.930
38.813356,5943,7188,5767,37.930
38.819124,5944,7186,5770,37.930
38.823529,5945,7185,5773,37.930
38.829170,5944,7184,5775,37.930
38.833730,5943,7183,5779,37.930
38.839341,5942,7183,5780,37.930
38.843782,5942,7183,5781,37.930
38.849456,5942,7182,5780,37.930
38.853930,5942,7182,5780,37.930
38.858306,5942,7182,5779,37.930
38.864163,5939,7182,5777,37.930
38.868457,5937,7182,5776,37.930
38.874146,5935,7181,5775,37.930
38.878616,5933,7178,5776,37.930
38.884276,5933,7176,5780,37.930
38.888706,5933,7173,5781,37.930
38.893184,5932,7171,5780,37.930
38.898866,5933,7172,5778,37.930
38.903263,5933,7173,5777,37.930
38.909011,5936,7173,5777,37.930
38.913411,5938,7174,5775,37.930
38.919129,5939,7173,5773,37.930
38.923556,5941,7173,5770,37.930
38.929252,5940,7174,5766,37.930
38.933648,5938,7176,5761,37.930
38.938170,5937,7179,5759,37.930
38.943799,5936,7182,5758,37.930
38.948248,5937,7183,5760,37.930
38.953947,5938,7184,5763,37.930
38.958390,5937,7186,5766,37.930
38.964108,5936,7187,5770,37.930
38.968531,5934,7187,5771,37.930
38.972977,5933,7189,5769,37.930
38.978651,5934,7189,5769,37.930
38.983037,5935,7189,5766,37.930
38.988725,5938,7189,5760,37.930
38.992957,5942,7189,5757,37.930
38.998858,5945,7189,5753,37.930
39.003096,5949,7189,5750,37.930
39.009026,5953,7190,5749,37.930
39.013493,5954,7192,5749,37.930
39.017572,5955,7194,5751,37.930
39.023595,5956,7196,5751,37.930
39.028030,5955,7197,5750,37.930
39.033418,5954,7196,5748,37.930
39.038133,5954,7196,5749,37.930
39.043801,5954,7193,5750,37.930
39.048002,5954,7192,5754,37.930
39.052690,5954,7190,5757,37.930
39.058383,5955,7188,5757,37.930
39.062907,5955,7187,5757,37.930
39.068500,5956,7185,5755,37.930
39.072764,5955,7185,5754,37.930
39.078672,5955,7187,5754,37.930
39.082986,5954,7188,5754,37.930
39.088822,5954,7191,5757,37.930
39.092934,5954,7192,5757,37.930
39.097396,5953,7193,5759,37.930
39.103220,5954,7193,5760,37.930
39.107782,5954,7193,5762,37.930
39.113445,5955,7191,5767,37.930
39.117923,5956,7190,5769,37.930
39.123598,5956,7188,5769,37.930
39.128050,5957,7186,5769,37.930
39.132503,5959,7184,5767,37.930
39.138235,5961,7182,5766,37.930
39.142608,5962,7180,5767,37.930
39.148336,5963,7181,5768,37.930
39.152777,5961,7181,5768,37.930
39.158492,5957,7183,5770,37.930
39.162915,5954,7185,5767,37.930
39.168553,5952,7188,5764,37.930
39.173046,5949,7189,5761,37.930
39.177421,5947,7190,5760,37.930
39.182985,5946,7191,5760,37.930
39.187553,5946,7190,5759,37.930
39.193203,5946,7189,5761,37.930
39.197652,5948,7188,5761,37.930
39.203355,5949,7188,5758,37.930
39.207799,5948,7187,5754,37.930
39.212241,5945,7186,5750,37.930
39.217976,5942,7185,5745,37.930
39.222412,5941,7184,5741,37.930
39.228069,5941,7183,5740,37.930
39.232589,5942,7182,5742,37.930
39.238186,5943,7181,5741,37.930
39.242674,5944,7180,5743,37.930
39.248357,5947,7180,5744,37.930
39.252771,5949,7179,5746,37.930
39.257178,5951,7179,5747,37.930
39.262897,5952,7180,5748,37.930
39.267526,5950,7180,5752,37.930
39.272907,5947,7181,5755,37.930
39.277463,5944,7180,5759,37.930
39.283118,5943,7180,5763,37.930
39.287573,5942,7179,5765,37.930
39.292178,5941,7178,5764,37.930
39.297724,5940,7178,5762,37.930
39.302175,5937,7179,5760,37.930
39.307818,5934,7178,5758,37.930
39.312329,5933,7178,5759,37.930
39.317945,5933,7179,5761,37.930
39.322437,5934,7180,5760,37.930
39.328119,5933,7182,5758,37.930
39.332537,5933,7184,5757,37.930
39.336965,5932,7185,5757,37.930
39.342583,5933,7185,5752,37.930
39.347126,5936,7183,5751,37.930
39.352786,5939,7182,5749,37.930
39.357248,5941,7179,5747,37.930
39.362933,5944,7177,5747,37.930
39.367346,5943,7175,5748,37.930
39.371789,5943,7175,5749,37.930
39.377500,5944,7176,5751,37.930
39.381936,5944,7177,5752,37.930
39.387657,5945,7179,5749,37.930
39.392080,5946,7181,5746,37.930
39.397733,5948,7183,5745,37.930
39.402263,5949,7184,5744,37.930
39.407872,5950,7184,5745,37.930
39.412432,5950,7184,5748,37.930
39.416725,5951,7183,5752,37.930
39.422452,5951,7181,5757,37.930
39.426849,5952,7179,5761,37.930
39.432549,5951,7178,5765,37.930
39.437020,5951,7175,5767,37.930
39.442727,5952,7175,5767,37.930
39.447103,5951,7175,5767,37.930
39.451560,5952,7176,5766,37.930
39.457295,5953,7177,5765,37.930
39.461709,5953,7177,5765,37.930
39.467348,5952,7175,5765,37.930
39.471861,5951,7173,5764,37.930
39.477564,5950,7172,5763,37.930
39.481999,5948,7171,5762,37.930
39.487654,5946,7172,5759,37.930
39.492144,5941,7172,5758,37.930
39.496480,5938,7173,5758,37.930
39.502308,5937,7173,5759,37.930
39.506654,5937,7174,5760,37.930
39.512342,5938,7175,5760,37.930
39.516788,5939,7177,5759,37.930
39.522514,5938,7179,5758,37.930
39.526913,5935,7182,5758,37.930
39.531358,5932,7185,5757,37.930
39.537055,5931,7188,5756,37.930
39.541518,5932,7189,5754,37.930
39.547126,5934,7190,5754,37.930
39.551637,5936,7190,5752,37.930
39.557367,5939,7189,5750,37.930
39.561708,5939,7191,5747,37.930
39.567433,5940,7191,5746,37.930
39.571898,5940,7192,5746,37.930
39.576288,5940,7193,5748,37.930
39.582069,5941,7192,5749,37.930
39.586443,5943,7191,5748,37.930
39.592127,5945,7188,5745,37.930
39.596387,5947,7187,5743,37.930
39.602263,5948,7187,5740,37.930
39.606679,5947,7187,5742,37.930
39.611091,5948,7188,5747,37.930
39.616826,5948,7187,5754,37.930
39.621331,5948,7186,5759,37.930
39.626940,5949,7183,5762,37.930
39.631415,5950,7183,5762,37.930
39.637068,5950,7183,5758,37.930
39.641555,5950,7184,5758,37.930
39.647256,5951,7185,5759,37.930
39.651681,5951,7184,5762,37.930
39.656059,5951,7183,5766,37.930
39.661885,5950,7182,5768,37.930
39.666228,5950,7182,5771,37.930
39.671893,5950,7183,5773,37.930
39.676342,5951,7183,5771,37.930
39.682079,5952,7183,5771,37.930
39.686445,5953,7182,5770,37.930
39.690886,5954,7181,5769,37.930
39.696589,5954,7180,5768,37.930
39.701009,5953,7180,5773,37.930
39.706724,5953,7180,5775,37.930
39.711137,5953,7181,5774,37.930
39.716848,5953,7183,5773,37.930
39.721265,5953,7185,5769,37.930
39.726971,5953,7184,5766,37.930
39.731421,5953,7184,5762,37.930
39.735812,5954,7183,5760,37.930
39.741625,5954,7184,5758,37.930
39.745989,5952,7185,5757,37.930
39.751649,5951,7185,5758,37.930
39.756122,5949,7185,5758,37.930
39.761821,5948,7185,5755,37.930
39.766278,5947,7185,5752,37.930
39.770654,5946,7186,5748,37.930
39.776374,5946,7189,5743,37.930
39.780804,5947,7191,5739,37.930
39.786478,5948,7192,5739,37.930
39.790960,5949,7192,5742,37.930
39.796639,5949,7191,5745,37.930
39.801042,5949,7192,5747,37.930
39.806819,5950,7192,5752,37.930
39.811196,5951,7192,5752,37.930
39.815615,5951,7191,5752,37.930
39.821348,5949,7190,5753,37.930
39.825751,5946,7188,5751,37.930
39.831453,5943,7186,5748,37.930
39.835911,5941,7185,5743,37.930
39.841631,5941,7186,5738,37.930
39.846016,5942,7186,5733,37.930
39.850429,5942,7188,5730,37.930
39.856198,5943,7189,5730,37.930
39.860578,5944,7191,5731,37.930
39.866252,5944,7192,5732,37.930
39.870719,5947,7193,5735,37.930
39.876422,5949,7195,5736,37.930
39.880830,5951,7196,5740,37.930
39.886574,5951,7196,5742,37.930
39.891004,5951,7197,5746,37.930
39.895420,5950,7196,5749,37.930
39.901119,5950,7197,5749,37.930
39.905515,5950,7198,5750,37.930
39.911272,5952,7200,5749,37.930
39.915669,5954,7202,5748,37.930
39.921329,5957,7203,5748,37.930
39.925801,5960,7201,5747,37.930
39.930248,5964,7199,5745,37.930
39.935918,5966,7198,5746,37.930
39.940386,5965,7195,5746,37.930
39.946060,5964,7193,5749,37.930
39.950495,5963,7192,5754,37.930
39.956205,5963,7190,5756,37.930
39.960627,5963,7190,5754,37.930
39.966352,5963,7191,5752,37.930
39.970768,5964,7195,5749,37.930
39.975165,5964,7197,5748,37.930
39.980932,5965,7199,5749,37.930
39.985316,5967,7200,5749,37.930
39.991004,5968,7200,5750,37.930
39.995481,5968,7199,5749,37.930
40.001165,5967,7198,5745,37.930
40.005596,5965,7196,5746,37.930
40.009994,5963,7193,5746,37.930
40.015460,5961,7190,5750,37.930
40.020155,5959,7188,5755,37.930
40.025812,5958,7187,5757,37.930
40.030280,5957,7187,5759,37.930
40.035969,5955,7188,5760,37.930
40.040431,5954,7190,5762,37.930
40.046111,5952,7189,5761,37.930
40.050262,5950,7188,5762,37.930
40.054644,5947,7189,5759,37.930
40.060696,5945,7190,5755,37.930
40.064907,5944,7191,5750,37.930
40.070799,5944,7191,5749,37.930
40.075215,5945,7191,5750,37.930
40.080949,5944,7189,5752,37.930
40.085371,5943,7189,5754,37.930
40.089826,5943,7189,5752,37.930
40.095569,5943,7190,5747,37.930
40.099945,5944,7191,5742,37.930
40.105580,5945,7193,5740,37.930
40.110069,5945,7195,5739,37.930
40.115734,5944,7195,5742,37.930
40.120193,5944,7197,5746,37.930
40.125860,5943,7198,5748,37.930
40.130294,5943,7198,5750,37.930
40.134732,5944,7198,5750,37.930
40.140457,5944,7198,5748,37.930
40.144835,5944,7200,5745,37.930
40.150545,5944,7202,5743,37.930
40.155028,5942,7205,5742,37.930
40.160553,5942,7207,5743,37.930
40.165105,5943,7207,5744,37.930
40.169531,5943,7207,5745,37.930
40.175258,5944,7205,5747,37.930
40.179684,5945,7202,5750,37.930
40.185356,5947,7200,5751,37.930
40.189499,5949,7199,5753,37.930
40.195486,5952,7199,5751,37.930
40.199949,5954,7199,5750,37.930
40.205636,5955,7198,5750,37.930
40.210134,5956,7197,5749,37.930
40.214499,5956,7196,5751,37.930
40.220222,5955,7197,5753,37.930
40.224661,5955,7195,5756,37.930
40.230348,5954,7196,5758,37.930
40.234762,5952,7197,5759,37.930
40.240471,5951,7197,5760,37.930
40.244903,5948,7198,5760,37.930
40.249362,5946,7199,5761,37.930
40.255036,5945,7198,5761,37.930
40.259454,5943,7196,5762,37.930
40.265099,5943,7194,5762,37.930
40.269593,5943,7191,5763,37.930
40.275252,5944,7189,5765,37.930
40.279692,5944,7187,5767,37.930
40.285445,5944,7187,5764,37.930
40.289879,5945,7185,5764,37.930
40.294261,5946,7184,5762,37.930
40.300012,5948,7185,5761,37.930
40.304414,5950,7185,5763,37.930
40.310122,5950,7186,5766,37.930
40.314536,5949,7187,5770,37.930
40.320222,5948,7188,5773,37.930
40.324656,5945,7188,5774,37.930
40.329099,5944,7188,5777,37.930
40.334802,5945,7188,5780,37.930
40.339267,5946,7189,5782,37.930
40.344684,5949,7191,5782,37.930
40.349371,5950,7193,5777,37.930
40.355074,5950,7194,5775,37.930
40.359473,5950,7196,5769,37.930
40.365194,5949,7197,5765,37.930
40.369631,5949,7199,5763,37.930
40.374054,5951,7199,5760,37.930
40.379735,5952,7198,5762,37.930
40.384195,5954,7196,5762,37.930
40.389847,5957,7193,5764,37.930
40.394295,5957,7193,5766,37.930
40.399999,5955,7192,5767,37.930
40.404407,5954,7191,5766,37.930
40.408849,5951,7192,5764,37.930
40.414560,5948,7189,5764,37.930
40.419005,5947,7187,5767,37.930
40.424676,5946,7185,5772,37.930
40.429192,5945,7183,5778,37.930
40.434828,5945,7181,5782,37.930
40.439386,5945,7180,5786,37.930
40.444937,5947,7180,5790,37.930
40.449412,5949,7179,5791,37.930
40.453818,5952,7177,5793,37.930
40.459541,5954,7177,5794,37.930
40.463934,5956,7177,5793,37.930
40.469674,5957,7177,5790,37.930
40.474054,5959,7178,5785,37.930
40.479792,5958,7179,5779,37.930
40.484189,5957,7180,5775,37.930
40.488604,5955,7182,5770,37.930
40.494349,5953,7182,5768,37.930
40.498756,5951,7182,5765,37.930
40.504469,5949,7184,5762,37.930
40.508909,5950,7184,5758,37.930
40.514626,5950,7184,5755,37.930
40.519031,5950,7183,5751,37.930
40.524758,5951,7182,5753,37.930
40.529168,5948,7182,5753,37.930
40.533625,5947,7182,5752,37.930
40.539318,5946,7183,5751,37.930
40.543780,5946,7185,5749,37.930
40.549456,5948,7186,5747,37.930
40.553860,5952,7186,5746,37.930
40.559408,5955,7186,5748,37.930
40.563989,5956,7184,5752,37.930
40.568372,5957,7184,5755,37.930
40.574104,5956,7186,5757,37.930
40.578533,5954,7186,5761,37.930
40.584205,5952,7186,5763,37.930
40.588682,5949,7187,5764,37.930
40.594355,5946,7188,5761,37.930
40.598800,5945,7188,5755,37.930
40.604528,5947,7188,5754,37.930
40.609031,5949,7188,5752,37.930
40.613385,5950,7187,5751,37.930
40.619121,5951,7187,5750,37.930
40.623511,5951,7189,5750,37.930
40.629196,5948,7192,5748,37.930
40.633632,5947,7194,5749,37.930
40.639334,5947,7196,5753,37.930
40.643812,5946,7196,5757,37.930
40.648209,5947,7196,5761,37.930
40.653893,5948,7196,5764,37.930
40.658358,5948,7196,5768,37.930
40.664037,5949,7195,5774,37.930
40.668495,5949,7195,5775,37.930
40.674177,5950,7193,5775,37.930
40.678570,5951,7192,5772,37.930
40.684300,5952,7191,5768,37.930
40.688708,5953,7189,5763,37.930
40.693159,5956,7188,5763,37.930
40.698847,5958,7187,5765,37.930
40.703268,5959,7186,5768,37.930
40.708974,5961,7184,5773,37.930
40.713448,5962,7183,5775,37.930
40.719114,5963,7183,5778,37.930
40.723454,5964,7184,5781,37.930
40.727934,5965,7186,5782,37.930
40.733660,5963,7188,5785,37.930
40.738088,5961,7189,5783,37.930
40.743792,5960,7190,5781,37.930
40.748321,5960,7190,5779,37.930
40.753938,5960,7189,5777,37.930
40.758358,5960,7190,5776,37.930
40.763916,5959,7191,5780,37.930
40.768541,5958,7194,5781,37.930
40.772937,5957,7196,5781,37.930
40.778655,5956,7199,5778,37.930
40.783058,5956,7200,5776,37.930
40.788752,5956,7199,5773,37.930
40.793091,5956,7198,5770,37.930
40.798873,5956,7197,5770,37.930
40.803278,5956,7196,5769,37.930
40.807742,5955,7195,5768,37.930
40.813459,5956,7195,5768,37.930
40.817869,5956,7195,5770,37.930
40.823542,5956,7195,5772,37.930
40.828055,5957,7195,5772,37.930
40.833701,5958,7193,5774,37.930
40.838155,5961,7192,5775,37.930
40.843857,5963,7190,5775,37.930
40.848303,5962,7189,5777,37.930
40.852707,5962,7187,5776,37.930
40.858468,5959,7187,5775,37.930
40.862893,5956,7186,5775,37.930
40.868539,5954,7185,5774,37.930
40.872974,5952,7185,5773,37.930
40.878667,5952,7185,5771,37.930
40.883121,5951,7184,5770,37.930
40.887491,5950,7184,5769,37.930
40.893225,5951,7183,5772,37.930
40.897656,5951,7181,5775,37.930
40.903323,5953,7179,5777,37.930
40.907810,5953,7178,5777,37.930
40.913452,5953,7178,5777,37.930
40.917928,5950,7179,5773,37.930
40.923613,5948,7180,5771,37.930
40.928044,5947,7181,5771,37.930
40.932466,5948,7180,5772,37.930
40.938229,5949,7180,5771,37.930
40.942617,5950,7181,5770,37.930
40.948388,5949,7181,5766,37.930
40.952775,5949,7181,5762,37.930
40.958505,5950,7181,5757,37.930
40.962881,5949,7181,5757,37.930
40.967278,5949,7182,5756,37.930
40.973118,5947,7184,5754,37.930
40.977415,5945,7186,5755,37.930
40.982937,5945,7188,5754,37.930
40.987640,5947,7190,5751,37.930
40.993271,5948,7190,5751,37.930
40.997392,5951,7189,5750,37.930
41.003151,5953,7188,5752,37.930
41.007592,5954,7187,5753,37.930
41.011969,5956,7186,5753,37.930
41.017688,5958,7186,5752,37.930
41.022082,5961,7185,5755,37.930
41.027832,5963,7184,5754,37.930
41.032442,5965,7185,5756,37.930
41.037951,5964,7185,5756,37.930
41.042414,5962,7185,5754,37.930
41.047120,5960,7186,5754,37.930
41.052850,5959,7186,5756,37.930
41.057212,5958,7187,5757,37.930
41.062785,5957,7187,5759,37.930
41.067364,5956,7189,5760,37.930
41.073086,5955,7189,5761,37.930
41.077464,5954,7188,5762,37.930
41.082966,5956,7186,5762,37.930
41.087636,5958,7184,5762,37.930
41.092103,5959,7183,5763,37.930
41.097757,5959,7181,5762,37.930
41.102289,5958,7181,5759,37.930
41.107870,5958,7182,5759,37.930
41.112321,5957,7182,5760,37.930
41.118113,5957,7184,5761,37.930
41.122459,5958,7184,5765,37.930
41.126905,5959,7186,5766,37.930
41.132621,5962,7187,5762,37.930
41.137060,5966,7187,5757,37.930
41.142714,5968,7189,5748,37.930
41.147215,5968,7189,5741,37.930
41.152829,5967,7190,5739,37.930
41.157267,5966,7194,5740,37.930
41.162970,5965,7196,5743,37.930
41.167432,5965,7198,5746,37.930
41.171808,5966,7199,5749,37.930
41.177589,5968,7200,5751,37.930
41.182057,5969,7200,5754,37.930
41.187646,5970,7201,5757,37.930
41.192090,5969,7202,5760,37.930
41.197771,5968,7203,5760,37.930
41.202255,5967,7203,5762,37.930
41.206628,5966,7202,5763,37.930
41.212406,5966,7201,5762,37.930
41.216798,5964,7202,5762,37.930
41.222507,5961,7200,5759,37.930
41.226727,5959,7200,5757,37.930
41.232614,5956,7198,5756,37.930
41.237063,5955,7197,5754,37.930
41.242838,5955,7197,5751,37.930
41.247232,5954,7196,5749,37.930
41.251593,5953,7195,5749,37.930
41.257351,5953,7193,5750,37.930
41.261723,5953,7191,5753,37.930
41.267469,5951,7191,5756,37.930
41.271888,5950,7191,5756,37.930
41.277574,5948,7192,5757,37.930
41.282043,5947,7192,5756,37.930
41.286402,5946,7192,5755,37.930
41.292167,5945,7191,5754,37.930
41.296348,5944,7190,5753,37.930
41.302297,5943,7191,5751,37.930
41.306677,5943,7192,5748,37.930
41.312382,5944,7191,5746,37.930
41.316814,5946,7191,5748,37.930
41.322530,5945,7192,5749,37.930
41.326978,5946,7193,5749,37.930
41.331412,5947,7197,5750,37.930
41.337134,5949,7199,5749,37.930
41.341582,5952,7200,5750,37.930
41.347229,5954,7201,5753,37.930
41.351689,5956,7202,5754,37.930
41.357377,5956,7201,5754,37.930
41.361815,5957,7201,5755,37.930
41.366206,5957,7201,5756,37.930
41.371929,5957,7200,5756,37.930
41.376315,5957,7199,5758,37.930
41.382009,5958,7199,5755,37.930
41.386481,5960,7197,5753,37.930
41.392184,5962,7198,5751,37.930
41.396549,5964,7198,5751,37.930
41.402326,5964,7200,5753,37.930
41.406711,5962,7200,5754,37.930
41.411155,5960,7200,5755,37.930
41.416863,5957,7203,5756,37.930
41.421357,5954,7205,5756,37.930
41.426959,5952,7207,5760,37.930
41.431457,5952,7208,5763,37.930
41.437098,5952,7207,5765,37.930
41.441587,5952,7204,5766,37.930
41.445941,5952,7202,5768,37.930
41.451747,5952,7200,5771,37.930
41.456153,5952,7199,5773,37.930
41.461812,5952,7199,5778,37.930
41.466277,5952,7199,5780,37.930
41.471873,5952,7197,5782,37.930
41.476382,5952,7196,5781,37.930
41.482129,5953,7196,5782,37.930
41.486537,5954,7195,5778,37.930
41.490960,5953,7197,5772,37.930
41.496659,5953,7201,5764,37.930
41.501091,5953,7204,5752,37.930
41.506735,5952,7207,5742,37.930
41.511192,5951,7209,5734,37.930
41.516757,5951,7208,5732,37.930
41.521034,5951,7205,5732,37.930
41.525447,5952,7201,5734,37.930
41.531497,5952,7198,5736,37.930
41.535929,5953,7196,5736,37.930
41.541624,5954,7195,5736,37.930
41.546023,5955,7195,5735,37.930
41.551776,5954,7196,5735,37.930
41.556180,5953,7196,5739,37.930
41.561655,5951,7197,5740,37.930
41.566301,5950,7197,5746,37.930
41.570732,5949,7198,5749,37.930
41.576448,5949,7198,5748,37.930
41.580883,5950,7197,5747,37.930
41.586536,5953,7196,5747,37.930
41.590965,5954,7195,5747,37.930
41.596667,5954,7195,5753,37.930
41.601119,5953,7195,5759,37.930
41.605537,5952,7194,5766,37.930
41.611254,5951,7193,5772,37.930
41.615646,5950,7194,5779,37.930
41.621394,5950,7194,5784,37.930
41.625797,5949,7194,5788,37.930
41.631499,5948,7195,5789,37.930
41.635910,5948,7196,5788,37.930
41.641676,5949,7197,5785,37.930
41.646106,5952,7197,5780,37.930
41.650482,5953,7197,5779,37.930
41.656257,5954,7196,5779,37.930
41.660676,5955,7196,5779,37.930
41.666322,5954,7196,5778,37.930
41.670789,5954,7197,5777,37.930
41.676451,5952,7198,5770,37.930
41.680873,5951,7198,5766,37.930
41.685313,5950,7198,5761,37.930
41.691039,5950,7198,5758,37.930
41.695439,5950,7199,5753,37.930
41.701111,5951,7198,5752,37.930
41.705582,5952,7197,5751,37.930
41.711277,5952,7197,5751,37.930
41.715679,5951,7197,5752,37.930
41.721443,5948,7197,5752,37.930
41.725837,5946,7196,5752,37.930
41.730319,5946,7196,5751,37.930
41.736005,5947,7196,5748,37.930
41.740441,5950,7195,5744,37.930
41.746151,5952,7198,5743,37.930
41.750620,5953,7198,5744,37.930
41.756286,5953,7199,5744,37.930
41.760681,5952,7198,5746,37.930
41.765088,5952,7197,5747,37.930
41.770811,5950,7195,5748,37.930
41.775211,5950,7192,5752,37.930
41.780996,5947,7190,5753,37.930
41.785370,5944,7189,5754,37.930
41.791068,5942,7188,5756,37.930
41.795517,5942,7187,5755,37.930
41.801192,5944,7185,5751,37.930
41.805621,5947,7184,5746,37.930
41.810039,5948,7181,5739,37.930
41.815782,5946,7179,5734,37.930
41.820239,5943,7178,5729,37.930
41.825894,5941,7177,5725,37.930
41.830348,5942,7176,5722,37.930
41.835988,5942,7175,5721,37.930
41.840505,5942,7177,5723,37.930
41.844853,5943,7179,5726,37.930
41.850623,5943,7180,5730,37.930
41.855009,5944,7182,5737,37.930
41.860754,5946,7184,5741,37.930
41.865150,5946,7184,5742,37.930
41.870873,5948,7184,5743,37.930
41.875258,5948,7184,5742,37.930
41.880900,5949,7184,5739,37.930
41.885381,5951,7184,5737,37.930
41.889818,5951,7184,5735,37.930
41.895539,5953,7183,5737,37.930
41.899961,5955,7183,5741,37.930
41.905645,5958,7183,5746,37.930
41.910130,5960,7183,5751,37.930
41.915785,5958,7184,5756,37.930
41.920222,5954,7184,5758,37.930
41.924607,5949,7184,5761,37.930
41.930346,5946,7185,5761,37.930
41.934818,5944,7186,5762,37.930
41.940490,5946,7185,5762,37.930
41.944946,5949,7184,5764,37.930
41.950603,5949,7184,5768,37.930
41.955017,5951,7182,5771,37.930
41.960792,5953,7180,5774,37.930
41.965160,5954,7180,5773,37.930
41.969607,5957,7180,5771,37.930
41.975309,5958,7181,5769,37.930
41.979733,5958,7183,5766,37.930
41.985409,5959,7185,5766,37.930
41.989891,5958,7187,5763,37.930
41.995547,5958,7187,5761,37.930
41.999986,5958,7187,5761,37.930
42.004387,5957,7185,5761,37.930
42.010139,5956,7184,5762,37.930
42.014566,5954,7184,5764,37.930
42.020205,5952,7183,5765,37.930
42.024517,5951,7183,5767,37.930
42.030356,5949,7183,5766,37.930
42.034599,5948,7184,5762,37.930
42.040526,5947,7186,5757,37.930
42.044957,5948,7188,5754,37.930
42.049126,5948,7189,5752,37.930
42.055102,5949,7189,5751,37.930
42.059540,5950,7187,5756,37.930
42.065042,5951,7187,5759,37.930
42.069709,5952,7187,5762,37.930
42.075341,5953,7186,5766,37.930
42.079809,5953,7186,5768,37.930
42.084186,5953,7186,5767,37.930
42.089912,5952,7186,5767,37.930
42.094324,5952,7186,5767,37.930
42.100069,5952,7190,5767,37.930
42.104489,5952,7192,5767,37.930
42.110121,5952,7194,5768,37.930
42.114587,5950,7196,5770,37.930
42.120334,5951,7196,5770,37.930
42.124753,5953,7198,5772,37.930
42.129169,5954,7199,5774,37.930
42.134887,5954,7200,5772,37.930
42.139278,5954,7201,5770,37.930
42.144976,5955,7202,5770,37.930
42.149444,5955,7203,5772,37.930
42.155127,5955,7201,5775,37.930
42.159593,5953,7201,5777,37.930
42.163970,5950,7202,5779,37.930
42.169744,5948,7202,5780,37.930
42.174148,5948,7200,5781,37.930
42.179824,5949,7197,5780,37.930
42.184230,5950,7194,5778,37.930
42.189907,5952,7192,5775,37.930
42.194383,5952,7191,5774,37.930
42.200092,5951,7191,5774,37.930
42.204482,5950,7192,5772,37.930
42.208939,5950,7192,5775,37.930
42.214651,5949,7193,5775,37.930
42.219090,5950,7193,5777,37.930
42.224757,5951,7194,5778,37.930
42.229206,5951,7194,5773,37.930
42.234918,5951,7194,5768,37.930
42.239355,5950,7193,5763,37.930
42.243813,5950,7191,5764,37.930
42.249511,5948,7190,5765,37.930
42.253894,5948,7189,5766,37.930
42.259646,5949,7190,5768,37.930
42.264059,5949,7190,5767,37.930
42.269751,5950,7190,5767,37.930
42.274128,5950,7190,5769,37.930
42.279875,5951,7192,5770,37.930
42.284274,5951,7194,5770,37.930
42.288730,5951,7195,5771,37.930
42.294426,5950,7194,5768,37.930
42.298876,5949,7192,5762,37.930
42.304518,5949,7190,5756,37.930
42.309002,5950,7187,5751,37.930
42.314684,5951,7185,5749,37.930
42.319120,5952,7185,5748,37.930
42.323513,5956,7185,5751,37.930
42.329266,5958,7185,5754,37.930
42.333687,5962,7184,5756,37.930
42.339346,5963,7183,5757,37.930
42.343861,5962,7182,5754,37.930
42.349544,5961,7180,5751,37.930
42.353968,5960,7177,5748,37.930
42.359654,5961,7178,5748,37.930
42.364109,5960,7177,5749,37.930
42.368478,5960,7178,5753,37.930
42.374211,5959,7179,5760,37.930
42.378634,5957,7181,5764,37.930
42.384329,5955,7183,5766,37.930
42.388817,5953,7184,5768,37.930
42.394470,5952,7185,5766,37.930
42.398899,5950,7187,5764,37.930
42.403298,5948,7190,5764,37.930
42.409055,5948,7191,5764,37.930
42.413450,5947,7193,5763,37.930
42.419144,5948,7193,5763,37.930
42.423591,5949,7192,5760,37.930
42.429271,5947,7193,5757,37.930
42.433585,5946,7192,5756,37.930
42.439447,5946,7192,5755,37.930
42.443696,5945,7191,5755,37.930
42.448287,5944,7191,5755,37.930
42.454028,5945,7192,5750,37.930
42.458398,5945,7192,5746,37.930
42.464108,5945,7193,5743,37.930
42.468558,5945,7193,5739,37.930
42.474233,5944,7193,5737,37.930
42.478713,5944,7193,5739,37.930
42.483171,5945,7192,5739,37.930
42.488839,5946,7192,5740,37.930
42.493221,5947,7193,5742,37.930
42.498928,5948,7193,5745,37.930
42.503145,5948,7194,5748,37.930
42.509102,5949,7192,5748,37.930
42.513516,5948,7190,5748,37.930
42.519227,5948,7187,5747,37.930
42.523643,5947,7185,5745,37.930
42.528098,5947,7185,5745,37.930
42.533776,5948,7184,5745,37.930
42.538012,5948,7183,5742,37.930
42.543885,5950,7181,5744,37.930
42.548418,5951,7178,5749,37.930
42.553869,5953,7176,5755,37.930
42.558470,5955,7175,5760,37.930
42.562687,5954,7176,5764,37.930
42.568603,5954,7180,5767,37.930
42.573053,5953,7185,5769,37.930
42.578699,5954,7188,5771,37.930
42.583173,5952,7190,5772,37.930
42.588854,5952,7190,5774,37.930
42.593331,5952,7189,5776,37.930
42.598976,5950,7188,5778,37.930
42.603392,5949,7187,5779,37.930
42.607668,5948,7187,5780,37.930
42.613547,5948,7186,5780,37.930
42.617947,5948,7186,5782,37.930
42.623650,5949,7186,5781,37.930
42.628142,5949,7186,5782,37.930
42.633785,5950,7186,5780,37.930
42.638289,5951,7186,5779,37.930
42.642451,5952,7186,5781,37.930
42.648395,5954,7187,5781,37.930
42.652811,5955,7187,5781,37.930
42.658523,5956,7189,5777,37.930
42.662954,5956,7189,5776,37.930
42.668627,5956,7188,5773,37.930
42.673062,5953,7188,5771,37.930
42.678759,5951,7186,5771,37.930
42.683196,5948,7187,5768,37.930
42.687601,5946,7188,5765,37.930
42.693327,5944,7190,5763,37.930
42.697649,5945,7191,5763,37.930
42.703401,5945,7193,5764,37.930
42.707885,5946,7194,5764,37.930
42.713557,5946,7194,5761,37.930
42.718037,5946,7194,5760,37.930
42.722468,5946,7194,5759,37.930
42.728156,5946,7194,5760,37.930
42.732562,5947,7193,5761,37.930
42.738219,5947,7192,5761,37.930
42.742695,5947,7192,5762,37.930
42.748429,5948,7191,5759,37.930
42.752858,5949,7193,5758,37.930
42.758544,5950,7196,5757,37.930
42.762871,5952,7198,5756,37.930
42.767446,5955,7200,5757,37.930
42.773150,5958,7200,5757,37.930
42.777490,5961,7199,5759,37.930
42.783190,5961,7198,5758,37.930
42.787588,5962,7198,5757,37.930
42.793301,5962,7196,5759,37.930
42.797749,5961,7196,5761,37.930
42.802162,5962,7195,5764,37.930
42.807904,5964,7194,5766,37.930
42.812317,5964,7194,5767,37.930
42.817998,5965,7194,5767,37.930
42.822511,5963,7194,5766,37.930
42.828141,5960,7194,5763,37.930
42.832573,5958,7193,5761,37.930
42.838294,5957,7193,5758,37.930
42.842606,5957,7192,5757,37.930
42.847152,5957,7192,5756,37.930
42.852935,5955,7189,5758,37.930
42.857286,5952,7188,5759,37.930
42.862985,5949,7187,5761,37.930
42.867428,5947,7185,5763,37.930
42.873114,5946,7183,5765,37.930
42.877532,5945,7182,5768,37.930
42.881937,5944,7182,5770,37.930
42.887707,5943,7184,5772,37.930
42.892174,5942,7188,5772,37.930
42.897776,5942,7192,5775,37.930
42.902354,5940,7194,5777,37.930
42.907922,5940,7196,5779,37.930
42.912388,5940,7197,5780,37.930
42.918074,5940,7196,5779,37.930
42.922362,5940,7196,5779,37.930
42.926863,5941,7194,5777,37.930
42.932696,5943,7192,5777,37.930
42.937109,5945,7191,5777,37.930
42.942824,5948,7190,5779,37.930
42.947186,5951,7190,5783,37.930
42.952875,5953,7191,5786,37.930
42.957327,5953,7193,5788,37.930
42.961754,5952,7194,5786,37.930
42.967493,5950,7194,5779,37.930
42.971904,5949,7192,5776,37.930
42.977593,5949,7189,5774,37.930
42.982048,5948,7187,5771,37.930
42.987715,5948,7188,5772,37.930
42.992119,5946,7188,5770,37.930
42.997845,5945,7187,5769,37.930
43.002315,5944,7188,5770,37.930
43.006663,5944,7186,5772,37.930
43.012469,5943,7186,5776,37.930
43.016592,5941,7187,5779,37.930
43.022522,5940,7187,5781,37.930
43.027020,5937,7188,5780,37.930
43.032465,5935,7188,5780,37.930
43.037130,5936,7189,5781,37.930
43.041392,5935,7189,5780,37.930
43.047362,5936,7187,5781,37.930
43.051518,5936,7186,5782,37.930
43.057344,5937,7185,5780,37.930
43.061798,5938,7183,5779,37.930
43.067449,5940,7183,5776,37.930
43.071990,5941,7183,5774,37.930
43.077688,5941,7184,5771,37.930
43.082077,5941,7185,5771,37.930
43.086473,5942,7185,5771,37.930
43.092222,5942,7187,5771,37.930
43.096377,5943,7188,5770,37.930
43.102297,5946,7190,5771,37.930
43.106733,5947,7192,5771,37.930
43.112448,5947,7194,5773,37.930
43.116859,5946,7196,5778,37.930
43.121257,5945,7198,5782,37.930
43.127018,5944,7200,5785,37.930
43.131473,5943,7201,5787,37.930
43.137077,5942,7202,5789,37.930
43.141614,5942,7203,5790,37.930
43.147254,5942,7203,5792,37.930
43.151672,5941,7202,5794,37.930
43.157400,5940,7201,5789,37.930
43.161862,5939,7201,5786,37.930
43.166254,5941,7199,5782,37.930
43.172061,5943,7199,5779,37.930
43.176403,5947,7199,5774,37.930
43.182081,5948,7199,5772,37.930
43.186526,5951,7199,5772,37.930
43.192233,5953,7197,5771,37.930
43.196635,5957,7195,5770,37.930
43.201060,5960,7192,5768,37.930
43.206757,5962,7190,5766,37.930
43.211229,5962,7188,5764,37.930
43.216930,5959,7189,5762,37.930
43.221348,5957,7191,5761,37.930
43.227053,5955,7193,5758,37.930
43.231481,5954,7194,5752,37.930
43.237152,5954,7195,5749,37.930
43.241600,5954,7196,5746,37.930
43.246034,5954,7195,5747,37.930
43.251773,5955,7195,5752,37.930
43.256164,5957,7195,5756,37.930
43.261868,5958,7194,5764,37.930
43.266265,5961,7193,5767,37.930
43.272007,5963,7193,5772,37.930
43.276374,5964,7192,5775,37.930
43.280814,5964,7192,5777,37.930
43.286558,5965,7192,5779,37.930
43.290973,5965,7191,5781,37.930
43.296619,5965,7191,5781,37.930
43.301183,5965,7190,5781,37.930
43.306760,5963,7192,5780,37.930
43.311224,5960,7193,5778,37.930
43.316906,5958,7194,5781,37.930
43.321372,5956,7194,5786,37.930
43.325768,5956,7192,5789,37.930
43.331516,5956,7190,5793,37.930
43.335896,5958,7187,5792,37.930
43.341617,5958,7184,5789,37.930
43.346025,5959,7182,5787,37.930
43.351816,5958,7181,5785,37.930
43.356217,5957,7181,5781,37.930
43.360612,5955,7182,5780,37.930
43.366355,5954,7183,5780,37.930
43.370764,5952,7183,5779,37.930
43.376440,5949,7183,5780,37.930
43.380903,5948,7185,5781,37.930
43.386578,5946,7185,5783,37.930
43.391022,5943,7185,5785,37.930
43.396693,5942,7184,5787,37.930
43.401145,5940,7183,5787,37.930
43.405404,5939,7182,5785,37.930
43.411294,5941,7182,5784,37.930
43.415683,5943,7183,5783,37.930
43.421364,5943,7183,5780,37.930
43.425800,5945,7184,5780,37.930
43.431439,5945,7184,5780,37.930
43.435961,5946,7183,5782,37.930
43.440159,5945,7182,5785,37.930
43.446116,5943,7181,5786,37.930
43.450543,5944,7180,5786,37.930
43.456217,5943,7183,5787,37.930
43.460655,5943,7186,5786,37.930
43.466338,5944,7188,5783,37.930
43.470780,5945,7189,5781,37.930
43.476540,5945,7189,5777,37.930
43.480923,5947,7188,5773,37.930
43.485287,5949,7188,5770,37.930
43.491121,5950,7188,5767,37.930
43.495491,5949,7189,5766,37.930
43.501170,5949,7188,5765,37.930
43.505640,5948,7188,5761,37.930
43.511294,5947,7187,5757,37.930
43.515718,5948,7187,5752,37.930
43.520152,5949,7189,5750,37.930
43.525861,5949,7192,5750,37.930
43.530280,5950,7193,5751,37.930
43.535955,5953,7193,5749,37.930
43.540452,5954,7194,5748,37.930
43.546080,5955,7193,5747,37.930
43.550546,5955,7193,5744,37.930
43.556281,5953,7194,5743,37.930
43.560765,5953,7194,5745,37.930
43.565137,5953,7194,5747,37.930
43.570862,5953,7193,5752,37.930
43.575226,5952,7191,5757,37.930
43.580950,5953,7190,5761,37.930
43.585344,5954,7189,5763,37.930
43.591100,5954,7188,5762,37.930
43.595529,5956,7188,5760,37.930
43.599921,5956,7188,5760,37.930
43.605639,5956,7189,5760,37.930
43.610047,5954,7192,5760,37.930
43.615736,5953,7195,5760,37.930
43.620209,5951,7197,5762,37.930
43.625861,5948,7196,5765,37.930
43.630359,5947,7195,5769,37.930
43.636052,5946,7193,5773,37.930
43.640439,5946,7193,5775,37.930
43.644908,5947,7192,5773,37.930
43.650628,5950,7191,5772,37.930
43.654990,5952,7193,5768,37.930
43.660653,5951,7193,5767,37.930
43.665117,5949,7194,5767,37.930
43.670838,5947,7195,5766,37.930
43.675245,5943,7195,5764,37.930
43.679640,5941,7195,5764,37.930
43.685392,5943,7194,5764,37.930
43.689833,5943,7193,5765,37.930
43.695518,5946,7192,5768,37.930
43.699972,5948,7192,5770,37.930
43.705631,5949,7192,5771,37.930
43.710114,5950,7193,5771,37.930
43.715764,5949,7193,5771,37.930
43.720221,5950,7192,5768,37.930
43.724623,5952,7189,5765,37.930
43.730373,5954,7188,5762,37.930
43.734778,5955,7187,5757,37.930
43.740482,5953,7187,5756,37.930
43.744911,5951,7188,5757,37.930
43.750625,5950,7187,5757,37.930
43.755005,5951,7186,5755,37.930
43.759511,5952,7185,5753,37.930
43.765182,5955,7185,5748,37.930
43.769589,5956,7185,5744,37.930
43.775301,5954,7184,5745,37.930
43.779734,5952,7185,5746,37.930
43.785378,5950,7185,5750,37.930
43.789821,5948,7185,5754,37.930
43.795545,5945,7186,5754,37.930
43.799977,5944,7187,5752,37.930
43.804360,5943,7187,5752,37.930
43.810148,5945,7189,5753,37.930
43.814463,5946,7190,5756,37.930
43.820243,5948,7191,5761,37.930
43.824632,5951,7192,5763,37.930
43.830339,5953,7193,5761,37.930
43.834785,5954,7193,5760,37.930
43.839250,5954,7194,5760,37.930
43.845006,5954,7193,5762,37.930
43.849384,5954,7193,5763,37.930
43.854924,5954,7193,5762,37.930
43.859535,5955,7194,5760,37.930
43.865229,5955,7193,5757,37.930
43.869633,5954,7191,5761,37.930
43.875337,5953,7192,5763,37.930
43.879803,5951,7191,5766,37.930
43.884150,5949,7192,5771,37.930
43.889878,5947,7192,5773,37.930
43.894298,5945,7192,5771,37.930
43.899973,5944,7191,5770,37.930
43.904407,5943,7191,5766,37.930
43.910117,5940,7190,5763,37.930
43.914428,5938,7191,5765,37.930
43.918951,5937,7190,5766,37.930
43.924630,5938,7189,5770,37.930
43.928958,5939,7189,5771,37.930
43.934731,5942,7189,5768,37.930
43.939281,5946,7189,5764,37.930
43.944912,5949,7190,5761,37.930
43.949371,5950,7190,5761,37.930
43.955076,5950,7190,5764,37.930
43.959492,5950,7190,5768,37.930
43.963895,5950,7189,5771,37.930
43.969652,5949,7189,5773,37.930
43.974039,5948,7188,5775,37.930
43.979761,5947,7187,5775,37.930
43.984165,5945,7185,5774,37.930
43.989879,5944,7185,5773,37.930
43.994289,5943,7184,5772,37.930
43.998713,5943,7184,5771,37.930
44.004182,5944,7184,5771,37.930
44.008846,5947,7183,5771,37.930
44.014538,5948,7180,5770,37.930
44.018711,5948,7177,5771,37.930
44.024755,5947,7177,5771,37.930
44.029114,5945,7177,5770,37.930
44.034584,5943,7178,5770,37.930
44.039314,5941,7178,5765,37.930
44.043720,5939,7178,5763,37.930
44.049158,5938,7177,5758,37.930
44.053812,5936,7177,5754,37.930
44.059507,5936,7179,5752,37.930
44.064043,5936,7182,5750,37.930
44.069684,5936,7185,5746,37.930
44.074118,5937,7186,5743,37.930
44.078476,5939,7186,5742,37.930
44.084210,5940,7186,5741,37.930
44.088658,5942,7183,5741,37.930
44.094350,5941,7182,5745,37.930
44.098797,5940,7180,5750,37.930
44.104425,5941,7179,5754,37.930
44.108880,5941,7179,5756,37.930
44.114592,5943,7179,5761,37.930
44.119083,5945,7180,5766,37.930
44.123445,5947,7182,5767,37.930
44.129155,5947,7184,5767,37.930
44.133618,5946,7185,5766,37.930
44.139255,5945,7186,5761,37.930
44.143751,5945,7187,5758,37.930
44.149253,5946,7188,5756,37.930
44.153888,5947,7189,5755,37.930
44.158239,5948,7190,5753,37.930
44.164029,5947,7191,5753,37.930
44.168403,5947,7192,5754,37.930
44.174109,5947,7193,5756,37.930
44.178569,5947,7193,5758,37.930
44.184259,5949,7192,5759,37.930
44.188674,5951,7192,5762,37.930
44.194350,5952,7191,5763,37.930
44.198808,5952,7188,5764,37.930
44.203217,5947,7189,5762,37.930
44.208952,5945,7189,5760,37.930
44.213356,5942,7190,5757,37.930
44.219114,5939,7192,5752,37.930
44.223429,5937,7194,5748,37.930
44.229194,5937,7194,5745,37.930
44.233654,5937,7195,5744,37.930
44.238064,5939,7195,5745,37.930
44.243756,5943,7195,5744,37.930
44.248176,5944,7196,5746,37.930
44.253908,5945,7196,5749,37.930
44.258340,5947,7198,5752,37.930
44.264008,5948,7198,5755,37.930
44.268446,5949,7198,5757,37.930
44.274200,5951,7198,5757,37.930
44.278575,5951,7196,5759,37.930
44.283005,5950,7194,5758,37.930
44.288702,5948,7190,5760,37.930
44.293156,5947,7186,5763,37.930
44.298829,5947,7184,5765,37.930
44.303031,5946,7181,5768,37.930
44.308934,5944,7182,5766,37.930
44.313367,5943,7181,5761,37.930
44.317798,5941,7182,5757,37.930
44.323506,5942,7183,5753,37.930
44.327945,5943,7184,5752,37.930
44.333465,5944,7185,5753,37.930
44.338177,5944,7187,5754,37.930
44.343763,5943,7187,5755,37.930
44.348242,5942,7189,5756,37.930
44.353894,5943,7192,5758,37.930
44.358382,5944,7194,5761,37.930
44.362769,5945,7196,5765,37.930
44.368486,5946,7199,5766,37.930
44.372938,5947,7199,5768,37.930
44.378609,5948,7199,5768,37.930
44.383051,5948,7200,5765,37.930
44.388733,5949,7199,5764,37.930
44.393175,5949,7201,5758,37.930
44.397569,5948,7202,5753,37.930
44.403301,5948,7201,5749,37.930
44.407740,5948,7201,5747,37.930
44.413352,5948,7199,5746,37.930
44.417864,5948,7197,5743,37.930
44.423529,5948,7195,5742,37.930
44.427997,5947,7195,5741,37.930
44.433778,5946,7194,5744,37.930
44.438139,5944,7193,5750,37.930
44.442541,5944,7194,5754,37.930
44.448249,5943,7195,5755,37.930
44.452687,5944,7197,5756,37.930
44.458383,5946,7197,5755,37.930
44.462830,5947,7198,5755,37.930
44.468520,5947,7199,5756,37.930
44.473007,5948,7199,5757,37.930
44.477339,5949,7200,5757,37.930
44.482914,5948,7201,5756,37.930
44.487489,5947,7201,5755,37.930
44.493146,5947,7203,5754,37.930
44.497637,5948,7204,5752,37.930
44.503384,5948,7203,5753,37.930
44.507749,5948,7202,5752,37.930
44.513453,5948,7201,5752,37.930
44.517900,5948,7200,5752,37.930
44.522359,5949,7198,5751,37.930
44.528033,5951,7196,5751,37.930
44.532527,5952,7194,5752,37.930
44.538118,5952,7192,5753,37.930
44.542559,5953,7191,5753,37.930
44.548339,5953,7190,5754,37.930
44.552755,5953,7189,5754,37.930
44.557150,5954,7190,5756,37.930
44.562657,5953,7190,5759,37.930
44.567282,5953,7192,5761,37.930
44.572988,5953,7193,5766,37.930
44.577434,5953,7194,5767,37.930
44.583121,5954,7194,5769,37.930
44.587503,5954,7194,5768,37.930
44.593221,5955,7195,5765,37.930
44.597657,5954,7196,5764,37.930
44.602147,5954,7195,5761,37.930
44.607829,5955,7196,5759,37.930
44.612256,5955,7196,5759,37.930
44.617888,5956,7197,5760,37.930
44.622339,5959,7197,5760,37.930
44.628077,5961,7196,5762,37.930
44.632498,5962,7196,5763,37.930
44.636882,5962,7197,5764,37.930
44.642665,5961,7197,5765,37.930
44.647091,5960,7199,5765,37.930
44.652519,5960,7201,5768,37.930
44.657202,5959,7201,5770,37.930
44.662683,5960,7201,5769,37.930
44.667309,5961,7200,5769,37.930
44.673007,5962,7199,5766,37.930
44.677432,5961,7198,5764,37.930
44.681885,5960,7198,5762,37.930
44.687613,5959,7197,5762,37.930
44.692019,5957,7196,5758,37.930
44.697674,5957,7194,5758,37.930
44.702199,5957,7194,5759,37.930
44.707853,5956,7194,5757,37.930
44.712306,5956,7194,5757,37.930
44.716647,5957,7194,5753,37.930
44.722410,5957,7194,5752,37.930
44.726793,5958,7193,5751,37.930
44.732477,5958,7191,5753,37.930
44.736961,5958,7189,5754,37.930
44.742649,5956,7187,5756,37.930
44.747279,5956,7184,5759,37.930
44.752807,5956,7184,5758,37.930
44.757258,5956,7184,5760,37.930
44.761602,5956,7185,5760,37.930
44.767421,5956,7185,5762,37.930
44.771783,5956,7185,5764,37.930
44.777459,5954,7186,5768,37.930
44.781942,5952,7186,5769,37.930
44.787674,5952,7187,5768,37.930
44.792023,5951,7188,5766,37.930
44.796265,5952,7189,5763,37.930
44.802171,5953,7189,5760,37.930
44.806619,5954,7189,5759,37.930
44.812278,5955,7190,5758,37.930
44.816714,5955,7190,5758,37.930
44.822384,5956,7190,5759,37.930
44.826837,5956,7190,5760,37.930
44.832582,5954,7188,5764,37.930
44.836974,5954,7187,5769,37.930
44.841395,5955,7185,5771,37.930
44.847113,5957,7184,5769,37.930
44.851605,5958,7185,5767,37.930
44.857276,5960,7186,5766,37.930
44.861697,5961,7189,5766,37.930
44.867389,5962,7191,5771,37.930
44.871754,5963,7194,5776,37.930
44.876227,5964,7194,5781,37.930
44.881983,5964,7194,5784,37.930
44.886363,5962,7192,5785,37.930
44.892023,5961,7191,5785,37.930
44.896266,5956,7192,5782,37.930
44.902188,5952,7195,5779,37.930
44.906587,5950,7197,5776,37.930
44.912313,5949,7198,5774,37.930
44.916738,5948,7199,5770,37.930
44.921151,5950,7200,5769,37.930
44.926885,5948,7200,5766,37.930
44.931321,5947,7198,5766,37.930
44.936985,5945,7198,5769,37.930
44.941483,5943,7198,5773,37.930
44.947128,5942,7198,5777,37.930
44.951597,5941,7200,5784,37.930
44.955944,5941,7201,5787,37.930
44.961766,5942,7201,5788,37.930
44.966156,5944,7201,5789,37.930
44.971795,5946,7203,5787,37.930
44.976284,5947,7203,5784,37.930
44.981950,5949,7203,5783,37.930
44.986358,5952,7203,5780,37.930
44.992087,5955,7203,5776,37.930
44.996393,5958,7202,5774,37.930
45.000940,5961,7205,5771,37.930
45.006728,5962,7207,5770,37.930
45.011081,5963,7209,5770,37.930
45.016542,5965,7210,5771,37.930
45.021277,5963,7210,5775,37.930
45.026909,5962,7208,5775,37.930
45.031418,5961,7206,5773,37.930
45.035771,5960,7206,5771,37.930
45.041545,5960,7205,5764,37.930
45.045934,5960,7203,5759,37.930
45.051610,5959,7201,5756,37.930
45.055761,5959,7198,5753,37.930
45.061769,5957,7195,5754,37.930
45.066096,5955,7194,5756,37.930
45.071910,5953,7192,5758,37.930
45.076319,5951,7192,5757,37.930
45.080725,5950,7191,5755,37.930
45.086473,5948,7191,5752,37.930
45.090863,5947,7190,5749,37.930
45.096569,5947,7189,5746,37.930
45.100997,5946,7189,5747,37.930
45.106700,5946,7191,5745,37.930
45.111148,5945,7192,5743,37.930
45.115537,5944,7195,5741,37.930
45.121256,5945,7194,5737,37.930
45.125672,5946,7193,5733,37.930
45.131347,5947,7190,5730,37.930
45.135786,5948,7189,5727,37.930
45.141491,5949,7188,5726,37.930
45.145926,5948,7188,5728,37.930
45.151560,5949,7190,5732,37.930
45.156117,5949,7190,5736,37.930
45.160475,5950,7191,5740,37.930
45.166269,5951,7191,5744,37.930
45.170634,5951,7191,5746,37.930
45.176326,5952,7191,5750,37.930
45.180802,5951,7189,5753,37.930
45.186473,5948,7187,5755,37.930
45.190883,5947,7185,5754,37.930
45.195295,5947,7184,5753,37.930
45.201055,5946,7183,5753,37.930
45.205162,5948,7186,5753,37.930
45.210899,5948,7188,5750,37.930
45.215579,5948,7190,5751,37.930
45.221298,5949,7191,5750,37.930
45.225707,5949,7191,5750,37.930
45.231403,5949,7189,5750,37.930
45.235878,5948,7187,5750,37.930
45.240291,5948,7185,5749,37.930
45.245799,5947,7183,5749,37.930
45.250136,5946,7182,5753,37.930
45.256078,5944,7183,5757,37.930
45.260567,5941,7184,5759,37.930
45.266200,5938,7186,5760,37.930
45.270679,5937,7189,5757,37.930
45.275076,5935,7192,5755,37.930
45.280870,5934,7194,5757,37.930
45.285188,5934,7196,5761,37.930
45.290921,5936,7197,5764,37.930
45.295352,5939,7197,5769,37.930
45.301067,5941,7195,5771,37.930
45.305496,5943,7193,5770,37.930
45.311173,5944,7190,5770,37.930
45.315601,5943,7188,5770,37.930
45.320006,5943,7189,5770,37.930
45.325751,5942,7190,5773,37.930
45.330177,5941,7191,5777,37.930
45.335847,5941,7190,5776,37.930
45.340311,5941,7189,5773,37.930
45.345977,5943,7188,5770,37.930
45.350421,5944,7188,5765,37.930
45.354832,5944,7188,5761,37.930
45.360554,5944,7190,5759,37.930
45.365012,5942,7192,5756,37.930
45.370705,5941,7193,5752,37.930
45.375136,5938,7194,5746,37.930
45.380792,5934,7195,5744,37.930
45.385276,5933,7194,5743,37.930
45.390992,5932,7194,5744,37.930
45.395400,5933,7194,5747,37.930
45.399797,5936,7192,5750,37.930
45.405581,5938,7191,5751,37.930
45.409937,5939,7188,5753,37.930
45.415633,5941,7188,5752,37.930
45.420073,5941,7188,5751,37.930
45.425776,5942,7190,5751,37.930
45.430219,5944,7190,5753,37.930
45.434633,5946,7189,5757,37.930
45.440141,5946,7188,5762,37.930
45.444759,5947,7187,5765,37.930
45.450482,5946,7185,5770,37.930
45.454976,5947,7184,5776,37.930
45.460591,5949,7184,5780,37.930
45.465019,5950,7185,5788,37.930
45.470760,5951,7188,5791,37.930
45.475170,5951,7190,5789,37.930
45.479593,5950,7192,5787,37.930
45.485291,5950,7194,5783,37.930
45.489729,5950,7195,5784,37.930
45.495384,5952,7197,5784,37.930
45.499840,5952,7197,5784,37.930
45.505549,5953,7198,5784,37.930
45.509974,5954,7199,5782,37.930
45.514409,5955,7197,5780,37.930
45.520175,5956,7196,5777,37.930
45.524543,5956,7193,5771,37.930
45.530253,5956,7190,5766,37.930
45.534676,5955,7189,5764,37.930
45.540397,5955,7189,5762,37.930
45.544802,5954,7188,5761,37.930
45.550495,5953,7190,5762,37.930
45.554953,5952,7192,5762,37.930
45.559342,5952,7193,5762,37.930
45.564816,5952,7194,5763,37.930
45.569573,5955,7195,5764,37.930
45.575148,5960,7193,5765,37.930
45.579659,5964,7191,5764,37.930
45.585350,5965,7191,5763,37.930
45.589753,5963,7190,5759,37.930
45.594158,5960,7191,5755,37.930
45.599913,5957,7192,5754,37.930
45.604312,5955,7192,5752,37.930
45.609997,5955,7192,5751,37.930
45.614470,5953,7191,5753,37.930
45.620139,5951,7190,5753,37.930
45.624564,5948,7188,5750,37.930
45.630296,5945,7185,5748,37.930
45.634754,5942,7184,5746,37.930
45.639174,5940,7183,5745,37.930
45.644883,5940,7181,5746,37.930
45.649331,5940,7180,5749,37.930
45.654936,5941,7178,5751,37.930
45.659437,5942,7175,5754,37.930
45.665103,5943,7174,5756,37.930
45.669546,5946,7172,5757,37.930
45.673966,5949,7171,5758,37.930
45.679677,5951,7171,5759,37.930
45.684150,5954,7171,5760,37.930
45.689790,5957,7171,5759,37.930
45.694225,5959,7172,5760,37.930
45.699916,5959,7174,5757,37.930
45.704357,5957,7176,5757,37.930
45.710115,5953,7179,5756,37.930
45.714510,5950,7181,5755,37.930
45.718908,5947,7183,5753,37.930
45.724665,5947,7184,5752,37.930
45.729038,5947,7183,5753,37.930
45.734734,5949,7182,5752,37.930
45.739301,5949,7182,5752,37.930
45.744900,5949,7182,5752,37.930
45.749350,5950,7183,5750,37.930
45.753733,5952,7185,5747,37.930
45.759508,5953,7187,5746,37.930
45.763889,5955,7188,5750,37.930
45.769620,5954,7187,5751,37.930
45.773990,5953,7187,5753,37.930
45.779752,5951,7186,5752,37.930
45.784114,5948,7186,5750,37.930
45.789848,5944,7187,5749,37.930
45.794023,5942,7188,5748,37.930
45.798696,5941,7189,5749,37.930
45.804352,5941,7190,5753,37.930
45.808821,5943,7190,5757,37.930
45.814480,5945,7190,5762,37.930
45.819002,5945,7189,5768,37.930
45.824631,5944,7188,5773,37.930
45.829119,5943,7188,5775,37.930
45.833510,5942,7189,5774,37.930
45.839238,5942,7190,5771,37.930
45.843628,5944,7191,5767,37.930
45.849318,5944,7192,5763,37.930
45.853796,5945,7192,5757,37.930
45.859505,5946,7191,5748,37.930
45.863910,5947,7193,5744,37.930
45.869623,5947,7195,5742,37.930
45.874034,5948,7197,5741,37.930
45.878498,5948,7198,5742,37.930
45.884172,5947,7199,5742,37.930
45.888581,5947,7199,5738,37.930
45.894250,5947,7199,5734,37.930
45.898710,5949,7200,5731,37.930
45.904436,5951,7200,5731,37.930
45.908859,5954,7199,5731,37.930
45.913152,5957,7199,5733,37.930
45.919022,5958,7199,5734,37.930
45.923397,5959,7199,5735,37.930
45.929104,5957,7199,5738,37.930
45.933588,5956,7199,5740,37.930
45.939267,5955,7198,5746,37.930
45.943655,5955,7198,5752,37.930
45.949397,5955,7198,5755,37.930
45.953821,5953,7197,5754,37.930
45.958259,5953,7196,5755,37.930
45.963954,5953,7194,5754,37.930
45.968364,5952,7190,5757,37.930
45.974088,5950,7188,5758,37.930
45.978489,5948,7185,5762,37.930
45.984204,5947,7183,5765,37.930
45.988606,5946,7182,5768,37.930
45.993084,5946,7182,5772,37.930
45.998484,5946,7183,5777,37.930
46.002858,5945,7184,5780,37.930
46.008606,5944,7186,5782,37.930
46.013042,5943,7189,5783,37.930
46.018733,5944,7191,5777,37.930
46.023167,5943,7193,5772,37.930
46.028882,5943,7195,5766,37.930
46.033426,5943,7194,5763,37.930
46.037774,5943,7193,5761,37.930
46.043768,5943,7192,5760,37.930
46.048100,5945,7192,5758,37.930
46.053805,5945,7194,5758,37.930
46.058346,5944,7195,5755,37.930
46.064036,5944,7195,5756,37.930
46.068444,5943,7196,5757,37.930
46.072856,5941,7196,5759,37.930
46.078607,5940,7195,5762,37.930
46.082961,5939,7196,5765,37.930
46.088621,5938,7194,5767,37.930
46.092922,5938,7192,5771,37.930
46.098766,5938,7194,5771,37.930
46.103187,5937,7195,5771,37.930
46.108969,5939,7196,5770,37.930
46.113347,5941,7196,5770,37.930
46.117801,5943,7195,5771,37.930
46.123631,5943,7193,5772,37.930
46.127898,5942,7193,5772,37.930
46.133475,5940,7193,5772,37.930
46.138049,5938,7194,5770,37.930
46.143715,5937,7194,5766,37.930
46.148180,5936,7193,5763,37.930
46.152675,5936,7194,5761,37.930
46.158225,5938,7194,5758,37.930
46.162766,5940,7194,5754,37.930
46.168450,5942,7193,5751,37.930
46.172688,5942,7194,5750,37.930
46.178564,5942,7195,5752,37.930
46.182824,5943,7195,5756,37.930
46.188709,5943,7196,5762,37.930
46.193147,5944,7195,5768,37.930
46.197512,5945,7194,5772,37.930
46.203205,5945,7194,5777,37.930
46.207704,5945,7194,5778,37.930
46.213325,5944,7193,5776,37.930
46.217759,5944,7195,5772,37.930
46.223495,5943,7195,5767,37.930
46.227953,5944,7194,5759,37.930
46.232360,5945,7192,5755,37.930
46.238114,5943,7191,5754,37.930
46.242494,5944,7190,5751,37.930
46.248193,5943,7189,5752,37.930
46.252458,5943,7189,5751,37.930
46.258360,5944,7189,5753,37.930
46.262759,5945,7189,5756,37.930
46.268488,5946,7190,5760,37.930
46.272958,5946,7190,5759,37.930
46.277353,5946,7190,5757,37.930
46.283063,5947,7190,5757,37.930
46.287440,5949,7190,5757,37.930
46.293122,5952,7190,5757,37.930
46.297562,5955,7192,5757,37.930
46.303261,5958,7193,5755,37.930
46.307747,5958,7195,5750,37.930
46.312247,5957,7196,5745,37.930
46.317854,5955,7196,5740,37.930
46.322281,5952,7196,5735,37.930
46.327968,5952,7195,5733,37.930
46.332399,5951,7193,5732,37.930
46.338097,5951,7191,5731,37.930
46.342530,5950,7189,5733,37.930
46.348254,5949,7186,5732,37.930
46.352717,5949,7187,5730,37.930
46.357102,5948,7188,5731,37.930
46.362814,5948,7190,5735,37.930
46.367239,5949,7192,5739,37.930
46.372913,5951,7195,5742,37.930
46.377351,5951,7197,5746,37.930
46.383123,5952,7198,5745,37.930
46.387452,5953,7200,5743,37.930
46.391918,5955,7201,5741,37.930
46.397636,5959,7202,5738,37.930
46.402112,5961,7202,5736,37.930
46.407759,5964,7200,5735,37.930
46.412178,5964,7199,5733,37.930
46.417863,5962,7197,5730,37.930
46.422335,5959,7194,5729,37.930
46.428008,5957,7195,5730,37.930
46.432460,5957,7194,5732,37.930
46.436909,5958,7194,5734,37.930
46.442491,5958,7195,5737,37.930
46.447037,5957,7196,5738,37.930
46.452664,5954,7197,5737,37.930
46.457122,5951,7199,5735,37.930
46.462858,5948,7199,5732,37.930
46.467284,5944,7198,5735,37.930
46.471664,5941,7197,5740,37.930
46.477396,5940,7196,5744,37.930
46.481811,5941,7194,5748,37.930
46.487497,5942,7195,5750,37.930
46.492031,5944,7196,5749,37.930
46.497626,5947,7198,5751,37.930
46.502099,5950,7199,5751,37.930
46.507756,5951,7199,5751,37.930
46.512258,5952,7199,5752,37.930
46.516610,5952,7199,5752,37.930
46.522401,5952,7200,5753,37.930
46.526755,5952,7201,5754,37.930
46.532454,5950,7201,5759,37.930
46.536916,5948,7201,5760,37.930
46.542648,5947,7199,5757,37.930
46.547053,5947,7198,5755,37.930
46.551452,5947,7197,5750,37.930
46.557244,5948,7197,5747,37.930
46.561636,5949,7197,5747,37.930
46.567241,5949,7197,5750,37.930
46.571770,5950,7199,5755,37.930
46.577403,5949,7199,5757,37.930
46.581835,5949,7198,5757,37.930
46.587578,5948,7196,5759,37.930
46.591987,5948,7194,5759,37.930
46.596214,5948,7193,5761,37.930
46.602190,5948,7191,5765,37.930
46.606568,5949,7191,5765,37.930
46.612222,5949,7191,5764,37.930
46.616853,5950,7191,5762,37.930
46.622360,5950,7193,5759,37.930
46.626794,5949,7195,5756,37.930
46.631263,5947,7196,5757,37.930
46.636945,5946,7196,5760,37.930
46.641417,5945,7197,5762,37.930
46.647104,5945,7198,5761,37.930
46.651494,5945,7197,5759,37.930
46.657169,5944,7197,5755,37.930
46.661599,5944,7198,5751,37.930
46.667334,5943,7199,5750,37.930
46.671766,5943,7198,5750,37.930
46.676165,5943,7199,5752,37.930
46.681982,5944,7198,5754,37.930
46.686338,5945,7196,5755,37.930
46.692005,5944,7197,5753,37.930
46.696259,5945,7196,5752,37.930
46.702148,5946,7194,5749,37.930
46.706558,5950,7191,5747,37.930
46.710982,5953,7187,5749,37.930
46.716681,5956,7185,5751,37.930
46.721157,5958,7184,5752,37.930
46.726809,5959,7183,5750,37.930
46.731273,5962,7183,5746,37.930
46.736930,5963,7182,5744,37.930
46.741371,5964,7181,5744,37.930
46.747075,5965,7180,5746,37.930
46.751556,5964,7180,5747,37.930
46.755976,5964,7182,5747,37.930
46.761712,5962,7182,5748,37.930
46.766097,5959,7182,5748,37.930
46.771736,5956,7183,5748,37.930
46.776237,5953,7185,5747,37.930
46.781898,5953,7186,5750,37.930
46.786356,5953,7188,5752,37.930
46.790582,5953,7190,5753,37.930
46.796254,5952,7190,5755,37.930
46.800909,5949,7191,5751,37.930
46.806588,5946,7193,5747,37.930
46.811063,5944,7195,5745,37.930
46.816739,5943,7198,5744,37.930
46.821176,5942,7199,5746,37.930
46.826842,5943,7202,5749,37.930
46.831294,5943,7203,5750,37.930
46.835684,5944,7205,5756,37.930
46.841442,5944,7206,5761,37.930
46.845882,5941,7207,5763,37.930
46.851547,5938,7205,5765,37.930
46.855978,5935,7201,5767,37.930
46.861686,5934,7198,5769,37.930
46.866151,5935,7197,5771,37.930
46.870528,5937,7196,5770,37.930
46.876268,5938,7196,5768,37.930
46.880651,5938,7196,5765,37.930
46.886392,5937,7196,5762,37.930
46.890804,5937,7195,5761,37.930
46.896497,5936,7196,5760,37.930
46.900927,5936,7197,5759,37.930
46.906625,5935,7198,5759,37.930
46.911162,5935,7197,5759,37.930
46.915499,5935,7196,5762,37.930
46.921222,5937,7193,5764,37.930
46.925616,5940,7191,5765,37.930
46.931295,5942,7189,5763,37.930
46.935729,5944,7188,5761,37.930
46.941464,5944,7186,5761,37.930
46.945887,5942,7185,5763,37.930
46.950324,5941,7184,5766,37.930
46.956009,5940,7182,5771,37.930
46.960471,5938,7183,5772,37.930
46.966143,5940,7184,5769,37.930
46.970594,5942,7185,5764,37.930
46.976295,5944,7186,5759,37.930
46.980702,5944,7187,5756,37.930
46.986426,5944,7188,5752,37.930
46.990854,5944,7189,5750,37.930
46.995260,5943,7191,5750,37.930
47.000982,5944,7192,5751,37.930
47.005362,5943,7195,5752,37.930
47.011068,5944,7196,5753,37.930
47.015552,5946,7196,5751,37.930
47.021197,5945,7195,5749,37.930
47.025721,5944,7194,5745,37.930
47.030082,5943,7192,5745,37.930
47.035584,5941,7192,5747,37.930
47.040198,5941,7192,5751,37.930
47.045966,5942,7190,5757,37.930
47.050097,5944,7190,5759,37.930
47.056069,5945,7190,5758,37.930
47.060477,5947,7191,5756,37.930
47.066205,5948,7193,5752,37.930
47.070629,5949,7194,5753,37.930
47.075034,5950,7194,5757,37.930
47.080819,5950,7194,5762,37.930
47.085149,5949,7193,5766,37.930
47.090904,5948,7193,5771,37.930
47.095288,5946,7193,5775,37.930
47.101044,5944,7193,5777,37.930
47.105472,5943,7191,5778,37.930
47.109827,5942,7191,5777,37.930
47.115532,5941,7190,5774,37.930
47.119954,5942,7191,5768,37.930
47.125655,5943,7194,5763,37.930
47.130138,5943,7196,5759,37.930
47.135809,5944,7198,5756,37.930
47.140230,5943,7201,5753,37.930
47.145942,5944,7200,5750,37.930
47.150409,5944,7201,5747,37.930
47.154813,5944,7203,5744,37.930
47.160525,5944,7203,5744,37.930
47.164915,5942,7202,5740,37.930
47.170602,5941,7200,5737,37.930
47.175042,5941,7197,5734,37.930
47.180739,5940,7195,5733,37.930
47.185185,5941,7195,5736,37.930
47.189628,5941,7195,5739,37.930
47.195372,5941,7195,5742,37.930
47.199761,5941,7195,5747,37.930
47.205411,5940,7194,5753,37.930
47.209888,5942,7193,5754,37.930
47.215554,5945,7193,5757,37.930
47.220088,5946,7195,5760,37.930
47.225716,5948,7198,5759,37.930
47.230158,5947,7201,5757,37.930
47.234613,5947,7201,5754,37.930
47.240296,5946,7201,5751,37.930
47.244524,5946,7201,5750,37.930
47.250376,5948,7202,5750,37.930
47.254817,5950,7202,5753,37.930
47.260557,5950,7202,5758,37.930
47.264935,5951,7203,5760,37.930
47.269357,5951,7203,5763,37.930
47.275108,5953,7203,5761,37.930
47.279533,5954,7203,5759,37.930
47.285174,5955,7202,5756,37.930
47.289658,5956,7199,5753,37.930
47.295328,5955,7196,5753,37.930
47.299773,5953,7195,5751,37.930
47.305479,5951,7195,5751,37.930
47.309910,5950,7194,5747,37.930
47.314319,5949,7195,5744,37.930
47.320061,5950,7195,5741,37.930
47.324459,5951,7195,5739,37.930
47.330139,5952,7196,5742,37.930
47.334579,5952,7196,5745,37.930
47.340323,5951,7197,5748,37.930
47.344738,5948,7194,5753,37.930
47.349284,5947,7192,5756,37.930
47.354886,5946,7189,5760,37.930
47.359279,5945,7189,5762,37.930
47.364932,5945,7190,5763,37.930
47.369441,5944,7192,5762,37.930
47.375103,5944,7195,5759,37.930
47.379516,5947,7196,5758,37.930
47.385241,5951,7197,5759,37.930
47.389724,5954,7198,5758,37.930
47.394134,5957,7199,5756,37.930
47.399805,5956,7198,5755,37.930
47.404250,5955,7199,5756,37.930
47.409902,5955,7199,5760,37.930
47.414312,5953,7198,5762,37.930
47.420066,5954,7197,5764,37.930
47.424331,5956,7196,5766,37.930
47.428885,5958,7195,5766,37.930
47.434625,5959,7194,5767,37.930
47.439076,5960,7192,5769,37.930
47.444596,5960,7191,5769,37.930
47.449203,5958,7189,5769,37.930
47.454894,5956,7186,5770,37.930
47.459354,5954,7184,5770,37.930
47.465052,5954,7183,5768,37.930
47.469479,5956,7183,5765,37.930
47.473848,5958,7182,5762,37.930
47.479631,5958,7182,5759,37.930
47.484003,5957,7183,5759,37.930
47.489704,5955,7183,5760,37.930
47.494122,5953,7182,5762,37.930
47.499853,5952,7182,5765,37.930
47.504227,5950,7183,5769,37.930
47.508656,5949,7182,5770,37.930
47.514384,5949,7181,5772,37.930
47.518801,5947,7180,5771,37.930
47.524523,5946,7180,5770,37.930
47.528986,5946,7181,5771,37.930
47.534622,5945,7183,5770,37.930
47.539100,5943,7184,5770,37.930
47.544784,5944,7184,5774,37.930
47.549237,5945,7184,5774,37.930
47.553690,5945,7183,5776,37.930
47.559141,5945,7183,5775,37.930
47.563803,5945,7184,5773,37.930
47.569449,5945,7186,5771,37.930
47.573908,5948,7188,5769,37.930
47.579600,5951,7188,5768,37.930
47.584037,5952,7188,5767,37.930
47.588432,5953,7186,5767,37.930
47.594184,5952,7185,5768,37.930
47.598565,5952,7185,5769,37.930
47.604281,5952,7185,5770,37.930
47.608731,5953,7185,5771,37.930
47.614401,5954,7186,5774,37.930
47.618857,5955,7187,5775,37.930
47.624543,5956,7188,5774,37.930
47.629016,5955,7188,5772,37.930
47.633418,5954,7187,5766,37.930
47.639144,5953,7188,5762,37.930
47.643513,5954,7189,5759,37.930
47.649215,5954,7191,5758,37.930
47.653705,5956,7191,5757,37.930
47.659369,5958,7191,5756,37.930
47.663867,5959,7190,5756,37.930
47.668186,5960,7191,5755,37.930
47.673860,5959,7193,5752,37.930
47.678391,5957,7195,5749,37.930
47.684079,5955,7195,5748,37.930
47.688534,5953,7194,5748,37.930
47.694160,5952,7196,5748,37.930
47.698599,5952,7196,5751,37.930
47.704333,5952,7197,5755,37.930
47.708734,5951,7199,5759,37.930
47.713178,5949,7199,5763,37.930
47.718884,5948,7200,5768,37.930
47.723282,5948,7200,5772,37.930
47.728977,5948,7198,5776,37.930
47.733465,5948,7197,5775,37.930
47.739142,5948,7196,5772,37.930
47.743552,5948,7195,5769,37.930
47.748044,5948,7196,5763,37.930
47.753731,5949,7198,5761,37.930
47.758137,5949,7199,5759,37.930
47.763820,5948,7200,5759,37.930
47.768303,5949,7200,5759,37.930
47.773973,5948,7198,5759,37.930
47.778421,5946,7195,5759,37.930
47.784157,5945,7194,5756,37.930
47.788562,5943,7194,5755,37.930
47.792972,5941,7193,5752,37.930
47.798689,5939,7193,5751,37.930
47.802909,5938,7193,5752,37.930
47.808752,5939,7193,5750,37.930
47.813187,5939,7192,5747,37.930
47.818905,5939,7191,5742,37.930
47.823327,5938,7191,5741,37.930
47.827761,5938,7191,5741,37.930
47.833453,5937,7190,5743,37.930
47.837890,5938,7190,5747,37.930
47.843550,5938,7188,5747,37.930
47.848103,5939,7187,5749,37.930
47.853722,5940,7188,5751,37.930
47.858209,5942,7188,5751,37.930
47.863869,5945,7189,5753,37.930
47.868327,5946,7189,5753,37.930
47.872732,5946,7188,5755,37.930
47.878501,5946,7188,5756,37.930
47.882885,5944,7188,5756,37.930
47.888568,5941,7189,5756,37.930
47.892996,5942,7190,5755,37.930
47.898683,5941,7189,5757,37.930
47.903120,5940,7189,5757,37.930
47.907534,5938,7188,5759,37.930
47.913271,5938,7187,5761,37.930
47.917681,5937,7187,5760,37.930
47.923344,5937,7186,5761,37.930
47.927797,5937,7186,5761,37.930
47.933481,5937,7187,5757,37.930
47.937938,5936,7186,5754,37.930
47.943616,5935,7186,5750,37.930
47.948155,5934,7188,5749,37.930
47.952498,5933,7191,5750,37.930
47.958220,5933,7194,5752,37.930
47.962657,5934,7197,5756,37.930
47.968387,5935,7201,5757,37.930
47.972803,5935,7204,5758,37.930
47.978489,5936,7207,5757,37.930
47.982917,5935,7208,5755,37.930
47.987283,5934,7208,5754,37.930
47.993047,5933,7206,5754,37.930
47.997424,5932,7206,5756,37.930
48.002891,5932,7204,5759,37.930
48.007592,5933,7203,5762,37.930
48.013264,5936,7203,5763,37.930
48.017474,5939,7204,5760,37.930
48.023407,5943,7204,5759,37.930
48.027863,5945,7203,5758,37.930
48.032297,5946,7202,5755,37.930
48.037989,5948,7198,5755,37.930
48.042444,5948,7195,5754,37.930
48.048134,5947,7193,5754,37.930
48.052471,5947,7191,5755,37.930
48.058212,5945,7190,5755,37.930
48.062690,5944,7191,5757,37.930
48.067054,5945,7192,5760,37.930
48.072831,5946,7192,5763,37.930
48.077202,5947,7193,5765,37.930
48.082816,5947,7194,5766,37.930
48.087377,5947,7196,5765,37.930
48.092874,5946,7196,5759,37.930
48.097449,5946,7197,5752,37.930
48.103170,5947,7196,5747,37.930
48.107611,5947,7196,5743,37.930
48.112053,5947,7198,5743,37.930
48.117752,5948,7199,5744,37.930
48.122200,5948,7199,5745,37.930
48.127861,5950,7198,5744,37.930
48.132317,5953,7197,5740,37.930
48.137998,5954,7196,5736,37.930
48.142468,5955,7195,5734,37.930
48.146925,5955,7195,5738,37.930
48.152558,5953,7197,5745,37.930
48.157025,5953,7199,5751,37.930
48.162581,5954,7201,5756,37.930
48.167197,5956,7203,5758,37.930
48.172803,5958,7203,5760,37.930
48.177239,5957,7203,5758,37.930
48.182949,5954,7202,5760,37.930
48.187411,5951,7203,5762,37.930
48.191821,5948,7202,5763,37.930
48.197520,5946,7204,5765,37.930
48.201931,5947,7205,5768,37.930
48.207624,5948,7205,5770,37.930
48.212100,5948,7205,5769,37.930
48.217843,5947,7204,5768,37.930
48.222206,5947,7204,5763,37.930
48.226589,5948,7204,5758,37.930
48.232365,5949,7205,5754,37.930
48.236722,5950,7205,5751,37.930
48.242428,5951,7205,5750,37.930
48.246921,5951,7204,5751,37.930
48.252570,5950,7202,5756,37.930
48.257037,5949,7200,5761,37.930
48.262703,5949,7197,5760,37.930
48.267126,5949,7196,5759,37.930
48.271595,5950,7195,5757,37.930
48.277298,5951,7194,5754,37.930
48.281730,5953,7193,5755,37.930
48.287415,5954,7190,5758,37.930
48.291910,5955,7189,5759,37.930
48.297512,5957,7189,5760,37.930
48.302001,5957,7188,5760,37.930
48.306389,5958,7189,5759,37.930
48.312140,5959,7189,5758,37.930
48.316492,5958,7189,5755,37.930
48.322232,5958,7189,5754,37.930
48.326698,5958,7190,5754,37.930
48.332365,5958,7190,5754,37.930
48.336753,5958,7191,5754,37.930
48.342532,5960,7191,5754,37.930
48.346946,5961,7190,5753,37.930
48.351348,5961,7189,5751,37.930
48.356899,5959,7187,5750,37.930
48.361510,5958,7187,5750,37.930
48.367153,5958,7187,5751,37.930
48.371621,5958,7187,5753,37.930
48.377344,5960,7188,5755,37.930
48.381746,5962,7188,5754,37.930
48.386144,5962,7189,5756,37.930
48.391956,5962,7188,5758,37.930
48.396286,5962,7189,5759,37.930
48.402027,5960,7191,5760,37.930
48.406419,5961,7192,5759,37.930
48.412133,5961,7194,5757,37.930
48.416527,5960,7196,5754,37.930
48.422059,5959,7196,5752,37.930
48.426711,5960,7196,5751,37.930
48.431150,5960,7196,5753,37.930
48.436873,5963,7194,5755,37.930
48.441249,5964,7193,5753,37.930
48.446910,5964,7193,5756,37.930
48.451394,5964,7193,5762,37.930
48.457050,5963,7192,5764,37.930
48.461518,5961,7192,5766,37.930
48.465919,5961,7192,5767,37.930
48.471682,5959,7192,5764,37.930
48.476084,5959,7194,5765,37.930
48.481754,5959,7196,5765,37.930
48.486245,5959,7198,5765,37.930
48.491937,5959,7199,5763,37.930
48.496345,5958,7200,5761,37.930
48.502123,5956,7200,5759,37.930
48.506482,5954,7199,5757,37.930
48.510918,5951,7199,5756,37.930
48.516600,5948,7198,5757,37.930
48.521036,5945,7198,5760,37.930
48.526688,5942,7197,5762,37.930
48.531146,5942,7197,5762,37.930
48.536873,5943,7195,5761,37.930
48.541262,5945,7195,5758,37.930
48.545688,5946,7194,5755,37.930
48.551422,5947,7194,5753,37.930
48.555817,5947,7195,5750,37.930
48.561520,5947,7195,5749,37.930
48.565753,5948,7194,5747,37.930
48.571650,5947,7193,5747,37.930
48.576188,5948,7193,5746,37.930
48.581833,5947,7194,5746,37.930
48.586221,5947,7194,5748,37.930
48.590629,5949,7193,5749,37.930
48.596383,5952,7192,5751,37.930
48.600796,5954,7190,5753,37.930
48.606576,5955,7187,5755,37.930
48.610921,5955,7184,5756,37.930
48.616624,5954,7182,5755,37.930
48.621059,5954,7180,5753,37.930
48.625443,5954,7180,5751,37.930
48.631231,5953,7180,5749,37.930
48.635618,5953,7181,5744,37.930
48.641309,5953,7181,5743,37.930
48.645770,5954,7182,5743,37.930
48.651399,5956,7182,5742,37.930
48.655887,5956,7185,5746,37.930
48.661608,5957,7186,5748,37.930
48.666000,5958,7188,5750,37.930
48.670485,5958,7188,5753,37.930
48.676153,5959,7188,5757,37.930
48.680647,5960,7188,5760,37.930
48.686245,5960,7188,5760,37.930
48.690694,5959,7188,5760,37.930
48.696408,5958,7189,5762,37.930
48.700848,5958,7191,5761,37.930
48.705212,5958,7192,5763,37.930
48.710976,5959,7192,5766,37.930
48.715391,5960,7192,5768,37.930
48.721097,5961,7193,5769,37.930
48.725519,5961,7193,5769,37.930
48.731224,5959,7194,5769,37.930
48.735626,5959,7194,5768,37.930
48.741319,5957,7194,5766,37.930
48.745803,5955,7195,5766,37.930
48.750223,5953,7194,5765,37.930
48.755913,5952,7192,5765,37.930
48.760404,5953,7191,5767,37.930
48.766050,5954,7190,5767,37.930
48.770513,5956,7191,5767,37.930
48.776196,5957,7192,5767,37.930
48.780663,5960,7194,5767,37.930
48.785034,5961,7195,5768,37.930
48.790778,5960,7197,5768,37.930
48.795171,5959,7197,5768,37.930
48.800887,5956,7195,5767,37.930
48.805315,5954,7193,5764,37.930
48.810989,5954,7191,5764,37.930
48.815432,5955,7189,5764,37.930
48.821115,5955,7188,5764,37.930
48.825543,5956,7190,5764,37.930
48.829978,5957,7193,5765,37.930
48.835721,5956,7196,5768,37.930
48.840183,5955,7197,5770,37.930
48.845804,5955,7197,5771,37.930
48.850261,5955,7197,5771,37.930
48.855930,5955,7197,5769,37.930
48.860385,5953,7197,5768,37.930
48.864802,5952,7197,5770,37.930
48.870522,5949,7196,5772,37.930
48.874935,5946,7193,5774,37.930
48.880623,5944,7190,5775,37.930
48.885068,5943,7189,5775,37.930
48.890758,5944,7188,5774,37.930
48.895187,5945,7187,5772,37.930
48.900902,5947,7186,5770,37.930
48.905333,5947,7187,5769,37.930
48.909746,5946,7186,5769,37.930
48.915485,5945,7184,5768,37.930
48.919904,5944,7183,5767,37.930
48.925585,5943,7180,5767,37.930
48.930045,5943,7178,5766,37.930
48.935757,5943,7178,5767,37.930
48.940156,5943,7176,5770,37.930
48.944615,5943,7176,5770,37.930
48.950318,5943,7176,5768,37.930
48.954723,5942,7177,5766,37.930
48.960393,5941,7178,5764,37.930
48.964835,5942,7180,5763,37.930
48.970555,5941,7182,5766,37.930
48.974941,5943,7184,5768,37.930
48.980711,5944,7184,5769,37.930
48.985099,5945,7184,5769,37.930
48.989531,5946,7183,5768,37.930
48.995247,5947,7182,5766,37.930
48.999653,5946,7184,5767,37.930
49.005354,5943,7187,5768,37.930
49.009796,5942,7189,5768,37.930
49.015505,5941,7191,5766,37.930
49.019717,5942,7192,5762,37.930
49.024355,5944,7192,5760,37.930
49.030121,5945,7193,5758,37.930
49.034203,5946,7192,5757,37.930
49.040176,5946,7191,5760,37.930
49.044632,5946,7189,5761,37.930
49.050030,5946,7187,5761,37.930
49.054727,5946,7186,5760,37.930
49.060461,5944,7186,5756,37.930
49.064925,5943,7186,5755,37.930
49.069319,5943,7187,5752,37.930
49.074830,5943,7189,5753,37.930
49.079464,5944,7189,5753,37.930
49.085138,5946,7191,5753,37.930
49.089653,5947,7192,5753,37.930
49.095252,5949,7191,5753,37.930
49.099540,5949,7189,5753,37.930
49.104133,5948,7188,5751,37.930
49.109879,5946,7186,5751,37.930
49.114247,5944,7186,5750,37.930
49.119929,5943,7185,5750,37.930
49.124384,5944,7185,5750,37.930
49.130093,5945,7186,5748,37.930
49.134506,5946,7187,5750,37.930
49.140244,5945,7189,5751,37.930
49.144651,5945,7189,5748,37.930
49.149045,5945,7189,5746,37.930
49.154818,5946,7188,5744,37.930
49.159248,5947,7189,5740,37.930
49.164881,5948,7190,5738,37.930
49.169383,5949,7191,5735,37.930
49.175058,5949,7190,5735,37.930
49.179540,5951,7188,5737,37.930
49.183884,5952,7187,5737,37.930
49.189670,5951,7187,5740,37.930
49.194016,5949,7189,5745,37.930
49.199728,5947,7192,5746,37.930
49.204252,5946,7192,5750,37.930
49.209853,5944,7193,5754,37.930
49.214303,5944,7194,5755,37.930
49.220112,5944,7194,5756,37.930
49.224429,5943,7195,5760,37.930
49.228861,5942,7196,5763,37.930
49.234554,5942,7195,5764,37.930
49.238992,5940,7194,5764,37.930
49.244657,5940,7193,5763,37.930
49.249181,5940,7193,5761,37.930
49.254836,5942,7194,5760,37.930
49.259229,5944,7196,5759,37.930
49.263652,5947,7199,5757,37.930
49.269428,5949,7200,5754,37.930
49.273878,5948,7200,5750,37.930
49.279521,5947,7198,5747,37.930
49.283942,5945,7197,5746,37.930
49.289638,5944,7194,5745,37.930
49.294041,5943,7193,5744,37.930
49.299771,5944,7193,5743,37.930
49.303986,5943,7193,5742,37.930
49.308659,5942,7193,5742,37.930
49.314327,5941,7193,5741,37.930
49.318825,5939,7193,5740,37.930
49.324427,5939,7192,5739,37.930
49.328889,5940,7192,5739,37.930
49.334599,5940,7193,5740,37.930
49.339044,5941,7194,5745,37.930
49.343450,5942,7196,5750,37.930
49.349172,5942,7198,5755,37.930
49.353598,5945,7199,5758,37.930
49.359330,5948,7199,5759,37.930
49.363770,5951,7199,5758,37.930
49.369452,5953,7200,5757,37.930
49.373868,5954,7198,5759,37.930
49.379627,5953,7197,5763,37.930
49.384002,5953,7195,5769,37.930
49.388413,5953,7192,5774,37.930
49.394128,5951,7191,5779,37.930
49.398538,5950,7191,5783,37.930
49.404197,5948,7191,5782,37.930
49.408695,5947,7190,5780,37.930
49.414393,5946,7190,5779,37.930
49.418835,5945,7188,5777,37.930
49.423219,5947,7189,5774,37.930
49.428965,5948,7190,5771,37.930
49.433359,5949,7190,5769,37.930
49.439068,5951,7188,5768,37.930
49.443505,5953,7188,5766,37.930
49.449223,5954,7186,5766,37.930
49.453621,5954,7186,5766,37.930
49.459143,5954,7189,5766,37.930
49.463797,5953,7191,5768,37.930
49.468175,5952,7192,5769,37.930
49.473931,5951,7193,5770,37.930
49.478372,5951,7194,5770,37.930
49.484038,5953,7193,5766,37.930
49.488457,5955,7193,5763,37.930
49.494162,5958,7193,5758,37.930
49.498610,5960,7194,5757,37.930
49.503052,5962,7195,5758,37.930
49.508733,5962,7197,5759,37.930
49.513150,5961,7198,5761,37.930
49.518810,5961,7197,5764,37.930
49.523079,5960,7198,5765,37.930
49.528984,5959,7197,5767,37.930
49.533250,5958,7197,5767,37.930
49.539126,5955,7196,5766,37.930
49.543525,5954,7195,5768,37.930
49.547955,5954,7195,5768,37.930
49.553659,5953,7195,5767,37.930
49.558091,5954,7194,5764,37.930
49.563770,5953,7195,5762,37.930
49.567959,5952,7194,5759,37.930
49.573907,5951,7195,5756,37.930
49.578345,5952,7195,5753,37.930
49.582800,5954,7194,5753,37.930
49.588495,5955,7192,5750,37.930
49.592921,5955,7191,5746,37.930
49.598598,5954,7190,5744,37.930
49.603124,5951,7190,5739,37.930
49.608724,5951,7190,5736,37.930
49.613165,5951,7190,5738,37.930
49.618878,5952,7190,5739,37.930
49.623319,5952,7189,5742,37.930
49.627742,5952,7187,5744,37.930
49.633442,5951,7188,5747,37.930
49.637883,5949,7190,5749,37.930
49.643526,5948,7191,5750,37.930
49.648003,5948,7192,5752,37.930
49.653680,5948,7193,5753,37.930
49.658185,5948,7193,5753,37.930
49.662557,5949,7192,5754,37.930
49.668330,5950,7193,5756,37.930
49.672715,5954,7194,5759,37.930
49.678369,5957,7194,5763,37.930
49.682668,5960,7196,5766,37.930
49.688569,5962,7197,5767,37.930
49.693015,5961,7198,5769,37.930
49.698679,5960,7198,5774,37.930
49.703139,5957,7198,5773,37.930
49.707533,5954,7197,5772,37.930
49.713224,5953,7196,5771,37.930
49.717662,5950,7195,5768,37.930
49.723326,5948,7193,5770,37.930
49.727767,5948,7192,5770,37.930
49.733476,5949,7192,5769,37.930
49.737886,5948,7194,5765,37.930
49.742363,5949,7195,5760,37.930
49.748135,5948,7196,5755,37.930
49.752596,5949,7198,5753,37.930
49.758143,5950,7197,5755,37.930
49.762667,5952,7197,5756,37.930
49.768375,5953,7196,5759,37.930
49.772795,5952,7196,5762,37.930
49.778511,5952,7195,5764,37.930
49.782880,5952,7193,5764,37.930
49.787306,5953,7192,5766,37.930
49.793021,5953,7190,5764,37.930
49.797426,5954,7189,5763,37.930
49.802909,5954,7190,5762,37.930
49.807590,5956,7190,5758,37.930
49.813259,5958,7191,5754,37.930
49.817713,5961,7192,5752,37.930
49.822155,5963,7192,5752,37.930
49.827850,5963,7195,5756,37.930
49.832296,5963,7197,5763,37.930
49.837916,5962,7200,5770,37.930
49.842426,5962,7200,5775,37.930
49.848101,5962,7200,5774,37.930
49.852534,5962,7199,5772,37.930
49.858177,5962,7198,5771,37.930
49.862663,5960,7197,5769,37.930
49.867071,5959,7195,5769,37.930
49.872605,5958,7193,5770,37.930
49.877242,5955,7193,5769,37.930
49.882923,5954,7193,5765,37.930
49.887381,5954,7194,5761,37.930
49.893072,5955,7192,5758,37.930
49.897497,5955,7190,5756,37.930
49.901913,5956,7187,5757,37.930
49.907648,5958,7184,5757,37.930
49.912063,5958,7182,5758,37.930
49.917722,5959,7182,5754,37.930
49.922203,5960,7183,5752,37.930
49.927906,5959,7184,5751,37.930
49.932306,5958,7186,5748,37.930
49.938031,5957,7185,5746,37.930
49.942495,5956,7185,5745,37.930
49.946931,5956,7187,5744,37.930
49.952454,5954,7188,5743,37.930
49.957170,5954,7190,5742,37.930
49.962669,5954,7191,5743,37.930
49.967172,5952,7189,5747,37.930
49.972881,5951,7188,5749,37.930
49.977249,5951,7186,5754,37.930
49.981687,5950,7185,5760,37.930
49.987411,5950,7185,5763,37.930
49.991870,5952,7186,5767,37.930
49.997478,5953,7188,5767,37.930
50.001995,5954,7190,5764,37.930
50.007694,5954,7192,5763,37.930
50.012136,5954,7193,5760,37.930
50.017553,5954,7194,5760,37.930
50.022005,5955,7194,5758,37.930
50.026618,5955,7193,5758,37.930
50.032429,5955,7193,5757,37.930
50.036771,5957,7192,5758,37.930
50.042576,5960,7193,5758,37.930
50.046924,5962,7193,5756,37.930
50.052671,5965,7193,5758,37.930
50.057055,5964,7191,5758,37.930
50.061477,5963,7191,5757,37.930
50.067168,5961,7192,5757,37.930
50.071626,5959,7195,5757,37.930
50.077270,5958,7199,5757,37.930
50.081790,5955,7202,5759,37.930
50.087462,5953,7204,5761,37.930
50.091902,5953,7206,5763,37.930
50.097579,5953,7208,5766,37.930
50.102043,5953,7209,5765,37.930
50.106432,5954,7208,5765,37.930
50.112170,5955,7205,5767,37.930
50.116545,5954,7202,5765,37.930
50.122254,5954,7201,5760,37.930
50.126724,5952,7201,5753,37.930
50.132403,5950,7202,5746,37.930
50.136823,5948,7203,5740,37.930
50.141224,5948,7203,5736,37.930
50.146956,5948,7202,5734,37.930
50.151389,5948,7200,5734,37.930
50.157048,5948,7198,5734,37.930
50.161570,5947,7196,5733,37.930
50.167231,5946,7194,5733,37.930
50.171681,5945,7193,5734,37.930
50.177336,5943,7194,5738,37.930
50.181813,5945,7193,5742,37.930
50.186186,5947,7193,5747,37.930
50.192082,5950,7193,5748,37.930
50.196155,5952,7193,5748,37.930
50.202093,5951,7193,5747,37.930
50.206485,5950,7194,5746,37.930
50.212206,5949,7196,5748,37.930
50.216625,5947,7198,5751,37.930
50.221008,5949,7201,5755,37.930
50.226718,5951,7202,5759,37.930
50.231165,5952,7202,5762,37.930
50.236816,5953,7202,5763,37.930
50.241300,5953,7202,5763,37.930
50.246971,5953,7202,5759,37.930
50.251424,5956,7201,5754,37.930
50.257100,5959,7199,5751,37.930
50.261563,5959,7198,5752,37.930
50.265989,5959,7197,5755,37.930
50.271698,5957,7196,5757,37.930
50.276142,5954,7194,5760,37.930
50.281826,5952,7193,5762,37.930
50.286233,5952,7192,5762,37.930
50.291970,5952,7190,5761,37.930
50.296245,5952,7190,5759,37.930
50.300787,5953,7190,5757,37.930
50.306528,5954,7189,5755,37.930
50.310960,5953,7188,5754,37.930
50.316697,5952,7186,5751,37.930
50.321052,5952,7183,5748,37.930
50.326754,5951,7183,5744,37.930
50.331221,5951,7185,5740,37.930
50.336883,5951,7186,5739,37.930
50.341373,5950,7186,5741,37.930
50.345747,5949,7184,5743,37.930
50.351462,5948,7183,5747,37.930
50.355896,5947,7182,5752,37.930
50.361585,5948,7184,5754,37.930
50.366001,5947,7186,5756,37.930
50.371765,5948,7186,5756,37.930
50.376139,5949,7184,5756,37.930
50.380554,5950,7182,5759,37.930
50.386357,5952,7181,5760,37.930
50.390737,5954,7181,5758,37.930
50.396398,5956,7182,5755,37.930
50.400898,5957,7183,5749,37.930
50.406548,5957,7184,5745,37.930
50.410990,5956,7186,5744,37.930
50.416660,5952,7189,5746,37.930
50.421136,5949,7190,5750,37.930
50.425542,5946,7193,5756,37.930
50.431259,5946,7196,5764,37.930
50.435692,5946,7198,5768,37.930
50.441367,5948,7199,5770,37.930
50.445822,5949,7199,5768,37.930
50.451536,5950,7198,5763,37.930
50.455914,5950,7196,5760,37.930
50.460363,5949,7196,5758,37.930
50.466162,5949,7196,5756,37.930
50.470544,5947,7197,5757,37.930
50.476171,5948,7200,5759,37.930
50.480653,5950,7201,5762,37.930
50.486323,5952,7200,5764,37.930
50.490803,5953,7198,5766,37.930
50.496312,5954,7196,5767,37.930
50.500958,5954,7194,5767,37.930
50.505301,5955,7193,5766,37.930
50.511055,5956,7193,5767,37.930
50.515537,5958,7193,5767,37.930
50.521175,5961,7193,5766,37.930
50.525625,5961,7193,5767,37.930
50.531306,5960,7191,5764,37.930
50.535705,5961,7191,5761,37.930
50.540154,5959,7189,5759,37.930
50.545901,5957,7189,5757,37.930
50.550305,5957,7188,5754,37.930
50.555930,5954,7188,5753,37.930
50.560449,5953,7187,5753,37.930
50.566161,5954,7186,5752,37.930
50.570551,5957,7183,5752,37.930
50.576307,5961,7181,5754,37.930
50.580672,5966,7182,5756,37.930
50.585156,5970,7182,5757,37.930
50.590878,5970,7184,5759,37.930
50.595272,5970,7184,5758,37.930
50.600947,5966,7184,5756,37.930
50.605388,5962,7185,5753,37.930
50.611068,5959,7185,5752,37.930
50.615522,5958,7184,5750,37.930
50.619904,5957,7183,5749,37.930
50.625635,5959,7182,5754,37.930
50.630070,5962,7182,5755,37.930
50.635799,5963,7182,5760,37.930
50.640214,5963,7182,5765,37.930
50.645914,5963,7182,5767,37.930
50.650423,5964,7183,5769,37.930
50.656050,5964,7185,5769,37.930
50.660494,5964,7188,5763,37.930
50.664892,5964,7190,5759,37.930
50.670646,5964,7192,5756,37.930
50.675050,5964,7192,5756,37.930
50.680744,5964,7192,5756,37.930
50.685019,5967,7192,5756,37.930
50.690886,5968,7191,5756,37.930
50.695287,5968,7189,5755,37.930
50.699704,5967,7187,5753,37.930
50.705410,5965,7185,5753,37.930
50.709851,5962,7185,5754,37.930
50.715510,5960,7185,5753,37.930
50.719979,5957,7185,5752,37.930
50.725689,5955,7186,5752,37.930
50.730122,5954,7185,5752,37.930
50.735843,5951,7184,5753,37.930
50.740260,5949,7182,5754,37.930
50.744655,5948,7180,5757,37.930
50.750384,5948,7178,5759,37.930
50.754861,5948,7175,5761,37.930
50.760493,5948,7173,5761,37.930
50.764972,5949,7173,5760,37.930
50.770643,5952,7173,5761,37.930
50.775052,5954,7175,5759,37.930
50.779515,5957,7178,5759,37.930
50.785231,5958,7179,5757,37.930
50.789618,5959,7181,5757,37.930
50.795296,5959,7182,5754,37.930
50.799772,5960,7181,5752,37.930
50.805442,5960,7180,5749,37.930
50.809864,5961,7179,5745,37.930
50.815610,5963,7180,5741,37.930
50.820029,5963,7180,5737,37.930
50.824439,5964,7180,5733,37.930
50.830155,5964,7181,5731,37.930
50.834576,5966,7182,5729,37.930
50.840256,5966,7181,5728,37.930
50.844752,5967,7182,5729,37.930
50.850470,5968,7183,5732,37.930
50.854841,5967,7183,5733,37.930
50.859298,5967,7184,5735,37.930
50.864983,5967,7183,5740,37.930
50.869423,5965,7183,5743,37.930
50.875087,5964,7184,5746,37.930
50.879571,5963,7185,5748,37.930
50.885228,5964,7187,5749,37.930
50.889659,5965,7190,5749,37.930
50.895370,5965,7191,5748,37.930
50.899811,5965,7192,5747,37.930
50.904246,5965,7192,5746,37.930
50.909952,5965,7192,5747,37.930
50.914366,5962,7193,5749,37.930
50.920072,5960,7194,5750,37.930
50.924498,5958,7196,5750,37.930
50.930203,5957,7196,5747,37.930
50.934654,5955,7196,5742,37.930
50.939064,5953,7197,5739,37.930
50.944791,5952,7197,5736,37.930
50.949203,5952,7198,5736,37.930
50.954882,5951,7200,5734,37.930
50.959353,5950,7201,5734,37.930
50.965049,5947,7203,5736,37.930
50.969487,5945,7201,5738,37.930
50.975159,5945,7200,5741,37.930
50.979644,5945,7198,5744,37.930
50.984014,5945,7196,5747,37.930
50.989780,5945,7195,5750,37.930
50.994161,5945,7194,5752,37.930
50.999590,5943,7195,5749,37.930
51.004022,5943,7196,5746,37.930
51.009715,5942,7194,5741,37.930
51.014129,5942,7193,5736,37.930
51.018574,5943,7192,5736,37.930
51.024292,5942,7191,5736,37.930
51.028688,5944,7191,5736,37.930
51.034408,5945,7193,5737,37.930
51.038864,5944,7195,5736,37.930
51.044515,5944,7197,5733,37.930
51.049279,5941,7198,5730,37.930
51.054945,5938,7199,5727,37.930
51.059391,5936,7201,5729,37.930
51.063850,5936,7202,5731,37.930
51.069507,5937,7204,5731,37.930
51.073945,5940,7206,5735,37.930
51.079624,5942,7207,5739,37.930
51.084056,5943,7206,5746,37.930
51.089752,5943,7204,5755,37.930
51.094193,5941,7203,5761,37.930
51.098604,5941,7200,5766,37.930
51.104363,5941,7199,5764,37.930
51.108765,5942,7198,5761,37.930
51.114433,5943,7198,5760,37.930
51.118945,5943,7198,5757,37.930
51.124571,5944,7198,5758,37.930
51.129044,5946,7199,5759,37.930
51.134702,5947,7200,5760,37.930
51.139176,5949,7201,5758,37.930
51.143374,5950,7202,5756,37.930
51.149334,5951,7203,5752,37.930
51.153744,5951,7203,5748,37.930
51.159409,5951,7202,5750,37.930
51.163887,5951,7199,5752,37.930
51.169610,5950,7197,5756,37.930
51.173916,5949,7195,5764,37.930
51.178416,5947,7192,5768,37.930
51.184106,5945,7191,5771,37.930
51.188529,5945,7188,5771,37.930
51.194210,5947,7187,5769,37.930
51.198701,5947,7186,5767,37.930
51.204362,5949,7184,5767,37.930
51.208805,5949,7184,5765,37.930
51.214447,5951,7185,5764,37.930
51.218954,5951,7184,5765,37.930
51.223347,5951,7185,5765,37.930
51.229122,5951,7184,5763,37.930
51.233515,5950,7184,5757,37.930
51.239225,5951,7184,5754,37.930
51.243657,5953,7185,5751,37.930
51.249311,5954,7186,5752,37.930
51.253803,5957,7186,5758,37.930
51.258181,5959,7185,5763,37.930
51.263898,5961,7184,5768,37.930
51.268352,5962,7183,5771,37.930
51.274029,5962,7184,5772,37.930
51.278521,5961,7183,5772,37.930
51.284157,5958,7184,5774,37.930
51.288637,5956,7185,5773,37.930
51.294325,5955,7186,5771,37.930
51.298749,5953,7187,5770,37.930
51.302952,5952,7190,5766,37.930
51.308957,5951,7192,5764,37.930
51.313285,5949,7194,5762,37.930
51.318998,5949,7194,5763,37.930
51.323395,5949,7194,5765,37.930
51.329168,5949,7195,5767,37.930
51.333546,5950,7193,5768,37.930
51.337950,5949,7192,5769,37.930
51.343698,5948,7191,5771,37.930
51.348213,5949,7191,5772,37.930
51.353770,5948,7190,5769,37.930
51.358300,5945,7191,5766,37.930
51.363921,5945,7191,5763,37.930
51.368406,5946,7191,5758,37.930
51.374062,5949,7191,5755,37.930
51.378521,5952,7191,5754,37.930
51.382963,5954,7191,5753,37.930
51.388659,5954,7189,5750,37.930
51.393088,5952,7188,5747,37.930
51.398736,5951,7186,5744,37.930
51.402984,5951,7185,5740,37.930
51.408908,5951,7184,5738,37.930
51.413324,5951,7182,5739,37.930
51.417766,5949,7180,5738,37.930
51.423494,5947,7180,5738,37.930
51.427882,5946,7179,5738,37.930
51.433571,5944,7179,5741,37.930
51.438018,5943,7179,5742,37.930
51.443693,5943,7179,5746,37.930
51.448131,5944,7179,5752,37.930
51.453833,5946,7180,5757,37.930
51.458309,5947,7182,5760,37.930
51.462593,5947,7184,5761,37.930
51.468448,5946,7185,5762,37.930
51.472870,5945,7183,5761,37.930
51.478554,5946,7182,5760,37.930
51.483013,5945,7181,5760,37.930
51.488698,5944,7181,5759,37.930
51.493129,5944,7184,5759,37.930
51.497518,5943,7185,5760,37.930
51.503029,5942,7186,5759,37.930
51.507644,5942,7186,5758,37.930
51.513366,5941,7185,5758,37.930
51.517798,5939,7185,5756,37.930
51.523476,5939,7185,5753,37.930
51.527903,5939,7187,5752,37.930
51.533679,5940,7189,5753,37.930
51.538116,5941,7190,5755,37.930
51.542592,5941,7190,5758,37.930
51.548245,5942,7191,5764,37.930
51.552628,5942,7192,5767,37.930
51.558354,5943,7192,5772,37.930
51.562806,5946,7193,5775,37.930
51.568253,5948,7194,5775,37.930
51.572890,5948,7192,5773,37.930
51.577283,5949,7191,5772,37.930
51.582794,5948,7191,5768,37.930
51.587443,5947,7190,5764,37.930
51.593097,5945,7191,5761,37.930
51.597445,5945,7191,5757,37.930
51.603278,5946,7191,5754,37.930
51.607701,5947,7192,5753,37.930
51.613388,5950,7193,5753,37.930
51.617825,5951,7195,5755,37.930
51.622251,5951,7196,5758,37.930
51.627999,5951,7197,5762,37.930
51.632419,5951,7198,5767,37.930
51.638094,5951,7199,5769,37.930
51.642576,5950,7200,5771,37.930
51.648220,5949,7201,5771,37.930
51.652727,5949,7201,5772,37.930
51.657084,5949,7202,5772,37.930
51.662836,5949,7202,5774,37.930
51.667193,5949,7202,5776,37.930
51.672885,5948,7202,5774,37.930
51.677347,5947,7202,5772,37.930
51.682895,5945,7204,5768,37.930
51.687499,5946,7204,5768,37.930
51.693191,5946,7205,5766,37.930
51.697601,5947,7204,5765,37.930
51.702034,5948,7204,5764,37.930
51.707734,5948,7203,5760,37.930
51.712200,5947,7203,5757,37.930
51.717878,5947,7202,5756,37.930
51.722399,5945,7202,5755,37.930
51.728066,5943,7201,5755,37.930
51.732445,5942,7198,5761,37.930
51.736838,5942,7197,5765,37.930
51.742579,5942,7196,5768,37.930
51.747003,5943,7194,5770,37.930
51.752692,5942,7193,5769,37.930
51.757169,5943,7191,5767,37.930
51.762812,5945,7189,5765,37.930
51.767286,5947,7189,5763,37.930
51.772764,5949,7190,5762,37.930
51.777420,5949,7191,5762,37.930
51.781799,5947,7191,5763,37.930
51.787525,5947,7190,5765,37.930
51.792021,5947,7190,5767,37.930
51.797646,5946,7188,5769,37.930
51.802164,5947,7188,5769,37.930
51.807773,5947,7187,5768,37.930
51.812237,5948,7187,5764,37.930
51.816605,5947,7187,5763,37.930
51.822373,5947,7188,5762,37.930
51.826813,5949,7189,5763,37.930
51.832490,5953,7190,5765,37.930
51.836929,5958,7191,5768,37.930
51.842574,5960,7192,5770,37.930
51.847051,5962,7192,5770,37.930
51.852717,5962,7193,5770,37.930
51.857207,5962,7193,5768,37.930
51.861606,5962,7192,5768,37.930
51.867293,5962,7193,5767,37.930
51.871723,5962,7193,5767,37.930
51.877408,5962,7193,5765,37.930
51.881939,5962,7195,5763,37.930
51.887574,5962,7195,5760,37.930
51.892023,5960,7194,5761,37.930
51.896376,5958,7193,5763,37.930
51.902161,5954,7191,5765,37.930
51.906550,5953,7189,5766,37.930
51.912227,5951,7188,5768,37.930
51.916646,5951,7190,5767,37.930
51.922347,5952,7189,5767,37.930
51.926801,5952,7189,5764,37.930
51.932516,5951,7189,5759,37.930
51.936927,5950,7190,5755,37.930
51.941357,5949,7192,5754,37.930
51.947146,5949,7195,5752,37.930
51.951545,5949,7196,5754,37.930
51.957204,5952,7196,5762,37.930
51.961597,5952,7197,5767,37.930
51.967317,5952,7195,5776,37.930
51.971791,5952,7195,5784,37.930
51.976152,5951,7195,5786,37.930
51.982021,5950,7196,5783,37.930
51.986342,5949,7196,5779,37.930
51.992001,5950,7196,5775,37.930
51.996317,5951,7196,5774,37.930
52.002194,5952,7195,5774,37.930
52.006568,5954,7195,5774,37.930
52.012307,5954,7195,5774,37.930
52.016742,5956,7195,5773,37.930
52.020870,5956,7194,5775,37.930
52.026863,5955,7195,5777,37.930
52.031289,5954,7195,5780,37.930
52.036953,5953,7194,5784,37.930
52.041412,5952,7194,5784,37.930
52.047074,5950,7193,5782,37.930
52.051256,5948,7190,5778,37.930
52.055946,5946,7188,5775,37.930
52.061485,5944,7189,5773,37.930
52.065898,5943,7189,5770,37.930
52.071783,5943,7191,5765,37.930
52.076219,5944,7193,5759,37.930
52.081976,5946,7192,5752,37.930
52.086345,5949,7192,5750,37.930
52.092064,5951,7193,5748,37.930
52.096320,5954,7193,5748,37.930
52.100929,5954,7193,5748,37.930
52.106630,5955,7193,5746,37.930
52.111062,5955,7192,5746,37.930
52.116718,5955,7191,5746,37.930
52.121088,5955,7190,5746,37.930
52.126684,5955,7190,5746,37.930
52.131288,5952,7188,5747,37.930
52.135735,5951,7188,5747,37.930
52.141449,5948,7188,5747,37.930
52.145870,5946,7189,5749,37.930
52.151544,5944,7191,5751,37.930
52.156048,5941,7193,5754,37.930
52.161759,5940,7194,5757,37.930
52.166161,5940,7194,5759,37.930
52.171836,5941,7195,5759,37.930
52.176291,5944,7197,5757,37.930
52.180681,5946,7198,5756,37.930
52.186427,5947,7199,5752,37.930
52.190878,5948,7199,5748,37.930
52.196495,5950,7199,5746,37.930
52.200942,5952,7198,5745,37.930
52.206641,5952,7197,5745,37.930
52.211120,5951,7196,5749,37.930
52.215489,5950,7194,5752,37.930
52.221200,5948,7193,5757,37.930
52.225657,5948,7192,5759,37.930
52.231311,5949,7191,5764,37.930
52.235780,5950,7190,5767,37.930
52.241470,5952,7188,5768,37.930
52.245911,5952,7189,5769,37.930
52.251853,5953,7190,5765,37.930
52.256027,5952,7189,5762,37.930
52.260486,5951,7189,5760,37.930
52.266217,5950,7189,5759,37.930
52.270580,5950,7189,5761,37.930
52.276297,5950,7190,5765,37.930
52.280751,5950,7190,5769,37.930
52.286453,5949,7190,5771,37.930
52.290855,5947,7189,5771,37.930
52.295266,5945,7188,5770,37.930
52.301004,5942,7188,5768,37.930
52.305413,5941,7188,5767,37.930
52.311094,5939,7189,5765,37.930
52.315535,5939,7190,5767,37.930
52.321222,5939,7189,5769,37.930
52.325723,5938,7189,5774,37.930
52.331419,5938,7186,5777,37.930
52.335825,5940,7186,5780,37.930
52.340253,5940,7185,5780,37.930
52.345962,5940,7185,5776,37.930
52.350378,5941,7185,5771,37.930
52.356081,5941,7184,5766,37.930
52.360580,5942,7182,5762,37.930
52.366303,5943,7179,5759,37.930
52.370695,5941,7177,5757,37.930
52.375048,5941,7175,5756,37.930
52.380818,5940,7174,5757,37.930
52.385220,5939,7173,5758,37.930
52.390872,5937,7173,5756,37.930
52.395368,5936,7172,5755,37.930
52.401062,5936,7173,5757,37.930
52.405453,5936,7174,5757,37.930
52.411169,5937,7175,5758,37.930
52.415587,5937,7177,5756,37.930
52.420036,5938,7179,5754,37.930
52.425750,5938,7181,5752,37.930
52.430179,5940,7183,5753,37.930
52.435855,5941,7183,5758,37.930
52.440285,5940,7183,5762,37.930
52.446000,5938,7183,5764,37.930
52.450442,5937,7182,5765,37.930
52.454876,5936,7181,5765,37.930
52.460593,5937,7181,5763,37.930
52.464976,5939,7182,5762,37.930
52.470705,5941,7182,5763,37.930
52.475142,5941,7183,5762,37.930
52.480871,5942,7183,5762,37.930
52.485231,5942,7182,5764,37.930
52.490971,5941,7181,5767,37.930
52.495432,5939,7180,5767,37.930
52.499814,5937,7177,5766,37.930
52.505545,5936,7175,5762,37.930
52.509928,5935,7174,5759,37.930
52.515620,5935,7175,5755,37.930
52.520045,5935,7176,5754,37.930
52.525768,5933,7178,5756,37.930
52.530230,5934,7178,5758,37.930
52.534598,5935,7178,5762,37.930
52.540343,5938,7178,5763,37.930
52.544756,5941,7178,5763,37.930
52.550452,5944,7178,5761,37.930
52.554917,5946,7179,5762,37.930
52.560614,5948,7179,5763,37.930
52.564997,5949,7181,5761,37.930
52.570731,5948,7184,5760,37.930
52.575189,5946,7185,5759,37.930
52.579555,5945,7186,5759,37.930
52.585337,5945,7185,5763,37.930
52.589732,5947,7185,5769,37.930
52.595397,5947,7185,5771,37.930
52.599842,5949,7185,5773,37.930
52.605528,5951,7186,5772,37.930
52.609957,5950,7188,5773,37.930
52.614385,5948,7187,5773,37.930
52.620100,5946,7187,5775,37.930
52.624521,5944,7186,5774,37.930
52.630215,5942,7185,5771,37.930
52.634719,5941,7187,5766,37.930
52.640370,5940,7190,5762,37.930
52.644797,5939,7192,5758,37.930
52.650496,5941,7196,5759,37.930
52.654915,5941,7198,5760,37.930
52.659385,5943,7199,5763,37.930
52.665106,5945,7201,5766,37.930
52.669495,5948,7203,5767,37.930
52.675200,5950,7203,5765,37.930
52.679597,5953,7204,5764,37.930
52.685319,5953,7204,5762,37.930
52.689785,5953,7204,5761,37.930
52.694138,5952,7204,5758,37.930
52.699899,5952,7204,5754,37.930
52.704115,5952,7203,5752,37.930
52.709997,5951,7201,5750,37.930
52.714422,5950,7199,5747,37.930
52.720127,5949,7197,5748,37.930
52.724448,5948,7195,5749,37.930
52.730270,5947,7195,5752,37.930
52.734705,5946,7194,5756,37.930
52.739191,5946,7192,5760,37.930
52.744853,5947,7190,5765,37.930
52.749264,5948,7190,5767,37.930
52.754920,5949,7189,5765,37.930
52.759416,5948,7190,5764,37.930
52.765059,5947,7191,5762,37.930
52.769491,5948,7192,5763,37.930
52.773913,5948,7192,5764,37.930
52.779661,5949,7192,5763,37.930
52.784042,5950,7190,5763,37.930
52.789766,5950,7189,5762,37.930
52.794201,5948,7189,5762,37.930
52.799908,5947,7191,5763,37.930
52.804313,5945,7193,5768,37.930
52.810067,5946,7195,5772,37.930
52.814486,5945,7198,5774,37.930
52.818935,5945,7202,5774,37.930
52.824637,5945,7204,5770,37.930
52.829084,5945,7204,5766,37.930
52.834683,5945,7205,5762,37.930
52.839158,5944,7205,5759,37.930
52.844873,5943,7205,5760,37.930
52.849295,5943,7204,5764,37.930
52.853709,5942,7204,5768,37.930
52.859459,5941,7203,5769,37.930
52.863909,5942,7199,5766,37.930
52.869545,5943,7198,5761,37.930
52.874032,5944,7197,5759,37.930
52.879668,5946,7197,5757,37.930
52.884103,5944,7199,5758,37.930
52.889832,5944,7199,5759,37.930
52.894219,5946,7199,5757,37.930
52.898643,5948,7199,5753,37.930
52.904367,5949,7196,5750,37.930
52.908787,5949,7194,5749,37.930
52.914496,5947,7194,5749,37.930
52.918937,5943,7194,5751,37.930
52.924567,5940,7195,5751,37.930
52.928978,5939,7196,5751,37.930
52.933495,5939,7196,5748,37.930
52.939207,5941,7193,5743,37.930
52.943599,5942,7191,5741,37.930
52.949298,5944,7191,5740,37.930
52.953777,5944,7191,5743,37.930
52.959449,5945,7192,5745,37.930
52.963850,5945,7192,5748,37.930
52.969588,5945,7192,5750,37.930
52.974039,5946,7190,5750,37.930
52.978466,5946,7189,5749,37.930
52.984147,5946,7188,5748,37.930
52.988576,5945,7190,5747,37.930
52.994220,5944,7192,5749,37.930
52.998711,5941,7195,5752,37.930
53.004164,5940,7199,5752,37.930
53.008814,5940,7201,5753,37.930
53.013227,5942,7202,5751,37.930
53.018707,5945,7201,5753,37.930
53.023153,5947,7198,5752,37.930
53.029065,5947,7195,5754,37.930
53.033292,5948,7194,5753,37.930
53.039179,5947,7193,5754,37.930
53.043376,5947,7193,5755,37.930
53.049220,5948,7193,5756,37.930
53.053759,5948,7193,5758,37.930
53.058179,5950,7191,5757,37.930
53.063897,5950,7190,5755,37.930
53.068217,5949,7189,5755,37.930
53.073970,5948,7189,5754,37.930
53.078500,5947,7189,5754,37.930
53.084009,5947,7189,5756,37.930
53.088574,5947,7189,5763,37.930
53.092993,5948,7188,5765,37.930
53.098728,5947,7188,5769,37.930
53.103183,5945,7188,5770,37.930
53.108799,5946,7189,5772,37.930
53.113267,5945,7191,5773,37.930
53.118979,5944,7194,5774,37.930
53.123387,5945,7196,5776,37.930
53.129131,5945,7198,5775,37.930
53.133523,5946,7200,5774,37.930
53.137946,5947,7201,5772,37.930
53.143661,5948,7202,5772,37.930
53.148211,5948,7204,5768,37.930
53.153766,5948,7204,5764,37.930
53.158211,5950,7204,5759,37.930
53.163928,5952,7204,5759,37.930
53.168476,5952,7203,5759,37.930
53.172783,5955,7202,5759,37.930
53.178525,5956,7201,5760,37.930
53.182962,5956,7200,5761,37.930
53.188593,5956,7199,5763,37.930
53.192831,5956,7199,5761,37.930
53.198708,5956,7199,5760,37.930
53.202994,5954,7199,5757,37.930
53.208925,5954,7198,5754,37.930
53.213281,5952,7196,5749,37.930
53.217713,5951,7196,5748,37.930
53.223442,5950,7196,5746,37.930
53.227892,5951,7196,5740,37.930
53.233531,5951,7197,5737,37.930
53.238038,5951,7196,5734,37.930
53.243694,5951,7194,5732,37.930
53.248124,5950,7193,5731,37.930
53.252608,5949,7191,5733,37.930
53.258278,5947,7190,5733,37.930
53.262679,5947,7188,5734,37.930
53.268351,5946,7186,5738,37.930
53.272912,5945,7186,5742,37.930
53.278554,5945,7186,5744,37.930
53.283004,5945,7187,5745,37.930
53.288663,5947,7188,5744,37.930
53.293124,5948,7189,5745,37.930
53.297460,5949,7188,5746,37.930
53.303203,5949,7186,5746,37.930
53.307660,5950,7185,5747,37.930
53.313299,5950,7185,5744,37.930
53.317761,5950,7187,5743,37.930
53.323466,5949,7189,5742,37.930
53.327873,5948,7192,5743,37.930
53.332340,5946,7194,5743,37.930
53.338007,5945,7195,5741,37.930
53.342458,5944,7196,5741,37.930
53.348161,5943,7198,5738,37.930
53.352629,5944,7199,5740,37.930
53.358285,5944,7199,5741,37.930
53.362700,5946,7200,5743,37.930
53.368436,5947,7200,5745,37.930
53.372878,5946,7198,5746,37.930
53.377263,5946,7196,5746,37.930
53.382991,5945,7194,5748,37.930
53.387381,5945,7193,5748,37.930
53.393082,5945,7193,5747,37.930
53.397497,5945,7193,5747,37.930
53.403199,5946,7193,5745,37.930
53.407651,5946,7193,5744,37.930
53.412079,5946,7193,5744,37.930
53.417825,5947,7192,5746,37.930
53.422293,5947,7193,5748,37.930
53.427876,5948,7195,5751,37.930
53.432407,5948,7197,5754,37.930
53.438066,5949,7199,5759,37.930
53.442439,5951,7199,5763,37.930
53.448238,5953,7200,5768,37.930
53.452638,5954,7200,5770,37.930
53.457064,5951,7201,5769,37.930
53.462764,5950,7203,5767,37.930
53.467227,5947,7203,5759,37.930
53.472852,5945,7203,5752,37.930
53.477304,5944,7203,5749,37.930
53.482990,5945,7203,5744,37.930
53.487423,5947,7203,5741,37.930
53.491889,5948,7204,5740,37.930
53.497544,5950,7204,5739,37.930
53.502001,5950,7204,5741,37.930
53.507668,5949,7202,5745,37.930
53.512161,5949,7201,5749,37.930
53.517803,5948,7198,5751,37.930
53.522261,5947,7197,5750,37.930
53.528012,5947,7196,5747,37.930
53.532377,5948,7196,5744,37.930
53.536789,5948,7196,5742,37.930
53.542601,5948,7197,5740,37.930
53.546952,5947,7197,5738,37.930
53.552608,5946,7197,5737,37.930
53.557140,5946,7196,5736,37.930
53.562774,5947,7195,5738,37.930
53.567209,5948,7196,5739,37.930
53.571301,5949,7199,5740,37.930
53.577323,5950,7200,5739,37.930
53.581723,5950,7202,5741,37.930
53.587445,5951,7202,5742,37.930
53.591941,5951,7201,5744,37.930
53.597574,5951,7201,5748,37.930
53.602062,5950,7200,5749,37.930
53.607431,5950,7200,5749,37.930
53.611890,5952,7199,5746,37.930
53.616222,5953,7200,5745,37.930
53.621942,5955,7200,5745,37.930
53.626698,5956,7200,5747,37.930
53.632383,5955,7201,5751,37.930
53.636824,5954,7200,5753,37.930
53.642521,5952,7200,5753,37.930
53.646943,5950,7200,5752,37.930
53.651344,5950,7199,5750,37.930
53.657097,5950,7197,5749,37.930
53.661549,5950,7196,5751,37.930
53.667217,5952,7193,5756,37.930
53.671663,5953,7191,5762,37.930
53.677404,5953,7191,5765,37.930
53.681836,5953,7192,5763,37.930
53.687476,5952,7192,5758,37.930
53.691987,5952,7192,5755,37.930
53.696309,5950,7193,5751,37.930
53.702055,5949,7194,5748,37.930
53.706484,5946,7196,5746,37.930
53.712145,5945,7199,5746,37.930
53.716614,5944,7200,5744,37.930
53.722307,5946,7201,5745,37.930
53.726715,5946,7201,5748,37.930
53.731156,5946,7201,5747,37.930
53.736869,5946,7201,5752,37.930
53.741297,5944,7199,5759,37.930
53.746646,5943,7199,5760,37.930
53.751418,5942,7199,5765,37.930
53.757087,5941,7199,5765,37.930
53.761578,5941,7199,5764,37.930
53.767084,5940,7199,5765,37.930
53.771696,5941,7199,5766,37.930
53.776153,5941,7199,5765,37.930
53.781566,5940,7199,5765,37.930
53.786240,5941,7198,5765,37.930
53.791953,5940,7196,5764,37.930
53.796278,5940,7194,5762,37.930
53.802124,5940,7192,5759,37.930
53.806500,5940,7190,5753,37.930
53.810934,5939,7188,5749,37.930
53.816641,5939,7188,5748,37.930
53.821041,5940,7188,5747,37.930
53.826725,5942,7187,5748,37.930
53.831200,5944,7186,5749,37.930
53.836855,5945,7186,5749,37.930
53.841105,5947,7186,5751,37.930
53.847063,5949,7186,5753,37.930
53.851469,5949,7187,5755,37.930
53.855863,5950,7187,5758,37.930
53.861614,5950,7188,5760,37.930
53.866008,5949,7188,5757,37.930
53.871430,5948,7188,5755,37.930
53.876161,5949,7189,5754,37.930
53.881863,5949,7190,5751,37.930
53.886270,5950,7191,5753,37.930
53.890670,5951,7192,5757,37.930
53.896417,5952,7192,5763,37.930
53.900857,5953,7193,5769,37.930
53.906538,5954,7194,5769,37.930
53.910952,5953,7193,5771,37.930
53.916674,5954,7194,5768,37.930
53.921121,5954,7193,5764,37.930
53.926807,5954,7191,5764,37.930
53.931224,5954,7191,5760,37.930
53.935653,5955,7190,5759,37.930
53.941374,5955,7190,5760,37.930
53.945778,5954,7188,5758,37.930
53.951490,5953,7186,5759,37.930
53.955948,5952,7185,5761,37.930
53.961597,5950,7185,5763,37.930
53.966027,5949,7187,5764,37.930
53.970495,5950,7189,5762,37.930
53.976180,5951,7192,5759,37.930
53.980295,5951,7194,5757,37.930
53.986294,5952,7195,5755,37.930
53.990761,5953,7194,5755,37.930
53.996287,5955,7196,5754,37.930
54.000832,5957,7197,5752,37.930
54.006583,5958,7198,5751,37.930
54.010999,5960,7199,5751,37.930
54.015438,5961,7199,5752,37.930
54.020927,5961,7200,5754,37.930
54.025548,5961,7199,5755,37.930
54.031226,5960,7198,5752,37.930
54.035360,5959,7198,5749,37.930
54.041371,5957,7197,5748,37.930
54.045801,5956,7195,5749,37.930
54.049936,5954,7194,5753,37.930
54.055938,5952,7194,5757,37.930
54.060353,5949,7193,5761,37.930
54.065918,5946,7194,5764,37.930
54.070514,5943,7196,5768,37.930
54.076271,5941,7198,5768,37.930
54.080674,5941,7201,5767,37.930
54.086324,5941,7203,5767,37.930
54.090800,5941,7205,5767,37.930
54.095188,5939,7207,5766,37.930
54.100967,5937,7207,5766,37.930
54.105356,5937,7206,5765,37.930
54.110989,5939,7204,5763,37.930
54.115450,5942,7202,5761,37.930
54.121117,5945,7201,5759,37.930
54.125562,5945,7202,5758,37.930
54.130012,5945,7201,5757,37.930
54.135714,5941,7202,5755,37.930
54.140149,5941,7200,5757,37.930
54.145834,5942,7199,5758,37.930
54.150309,5943,7196,5757,37.930
54.155975,5944,7194,5758,37.930
54.160466,5946,7193,5759,37.930
54.166112,5947,7192,5760,37.930
54.170553,5946,7193,5762,37.930
54.174928,5947,7193,5762,37.930
54.180703,5948,7195,5761,37.930
54.185155,5947,7197,5758,37.930
54.190803,5947,7198,5750,37.930
54.195261,5945,7197,5746,37.930
54.200957,5942,7195,5744,37.930
54.205341,5941,7193,5742,37.930
54.209759,5940,7191,5743,37.930
54.215497,5939,7191,5744,37.930
54.219638,5940,7192,5741,37.930
54.225554,5940,7193,5738,37.930
54.230030,5941,7193,5737,37.930
54.235707,5941,7194,5737,37.930
54.240173,5942,7193,5740,37.930
54.245859,5942,7193,5743,37.930
54.250331,5942,7194,5746,37.930
54.254708,5944,7195,5748,37.930
54.260451,5944,7194,5750,37.930
54.264858,5945,7193,5751,37.930
54.270526,5947,7191,5751,37.930
54.275013,5948,7188,5751,37.930
54.280672,5949,7186,5750,37.930
54.285132,5949,7185,5751,37.930
54.289558,5950,7185,5754,37.930
54.295235,5950,7184,5754,37.930
54.299655,5950,7183,5753,37.930
54.305329,5950,7181,5750,37.930
54.309808,5949,7179,5747,37.930
54.315506,5950,7178,5746,37.930
54.319921,5950,7177,5744,37.930
54.325632,5953,7177,5746,37.930
54.330118,5956,7178,5746,37.930
54.334466,5959,7179,5746,37.930
54.340212,5960,7178,5747,37.930
54.344641,5959,7177,5745,37.930
54.350289,5958,7176,5746,37.930
54.354748,5957,7176,5747,37.930
54.360449,5956,7177,5749,37.930
54.364871,5954,7180,5751,37.930
54.369330,5952,7183,5750,37.930
54.375022,5951,7185,5748,37.930
54.379465,5950,7186,5746,37.930
54.385098,5950,7185,5746,37.930
54.389623,5951,7184,5746,37.930
54.395265,5952,7184,5746,37.930
54.399681,5952,7185,5746,37.930
54.405390,5953,7187,5747,37.930
54.409848,5952,7189,5749,37.930
54.414254,5952,7191,5751,37.930
54.419982,5953,7193,5750,37.930
54.424359,5952,7192,5748,37.930
54.430067,5950,7191,5746,37.930
54.434499,5946,7192,5743,37.930
54.440236,5942,7192,5746,37.930
54.444635,5939,7192,5748,37.930
54.449103,5938,7193,5750,37.930
54.454797,5938,7191,5753,37.930
54.459224,5937,7189,5754,37.930
54.464876,5937,7189,5755,37.930
54.469391,5937,7188,5757,37.930
54.475061,5939,7187,5762,37.930
54.479501,5939,7186,5767,37.930
54.485170,5940,7184,5770,37.930
54.489676,5941,7183,5770,37.930
54.493771,5942,7183,5767,37.930
54.499816,5944,7184,5764,37.930
54.504138,5945,7184,5760,37.930
54.509849,5945,7185,5757,37.930
54.514269,5944,7184,5754,37.930
54.519978,5944,7183,5752,37.930
54.524400,5944,7182,5754,37.930
54.528834,5944,7182,5756,37.930
54.534547,5945,7184,5757,37.930
54.538957,5946,7187,5756,37.930
54.544642,5946,7191,5753,37.930
54.549147,5946,7194,5751,37.930
54.554795,5944,7196,5750,37.930
54.559223,5943,7195,5749,37.930
54.564920,5941,7195,5748,37.930
54.569406,5941,7194,5746,37.930
54.573571,5940,7194,5746,37.930
54.579468,5939,7193,5748,37.930
54.583943,5938,7195,5750,37.930
54.589675,5937,7197,5755,37.930
54.594020,5937,7199,5755,37.930
54.599776,5936,7200,5755,37.930
54.604096,5933,7200,5755,37.930
54.608561,5932,7198,5754,37.930
54.614131,5932,7195,5752,37.930
54.618450,5933,7192,5750,37.930
54.624405,5935,7190,5749,37.930
54.628883,5938,7190,5749,37.930
54.634568,5939,7191,5748,37.930
54.638985,5941,7191,5746,37.930
54.644687,5942,7193,5744,37.930
54.649154,5940,7194,5742,37.930
54.653604,5937,7195,5738,37.930
54.659271,5936,7195,5736,37.930
54.663702,5935,7194,5736,37.930
54.669395,5934,7195,5735,37.930
54.673878,5935,7194,5735,37.930
54.679593,5935,7193,5736,37.930
54.684003,5935,7193,5737,37.930
54.688380,5935,7193,5740,37.930
54.694125,5935,7192,5741,37.930
54.698514,5937,7192,5743,37.930
54.704230,5940,7192,5743,37.930
54.708636,5941,7191,5743,37.930
54.714299,5943,7191,5743,37.930
54.718754,5944,7190,5743,37.930
54.724468,5942,7189,5745,37.930
54.728941,5943,7189,5748,37.930
54.733328,5945,7189,5751,37.930
54.739046,5946,7188,5753,37.930
54.743374,5945,7187,5752,37.930
54.749140,5945,7187,5750,37.930
54.753595,5944,7188,5748,37.930
54.759296,5943,7188,5744,37.930
54.763719,5942,7188,5740,37.930
54.768202,5941,7187,5739,37.930
54.773597,5941,7187,5738,37.930
54.778281,5940,7186,5737,37.930
54.783984,5939,7186,5736,37.930
54.788427,5941,7187,5735,37.930
54.793939,5942,7186,5734,37.930
54.798606,5942,7185,5735,37.930
54.804239,5944,7185,5738,37.930
54.808667,5945,7184,5743,37.930
54.813245,5946,7185,5747,37.930
54.818893,5948,7186,5753,37.930
54.823231,5949,7187,5756,37.930
54.828972,5950,7189,5762,37.930
54.833184,5951,7189,5766,37.930
54.839070,5953,7189,5770,37.930
54.843478,5955,7189,5774,37.930
54.847918,5956,7188,5777,37.930
54.853542,5955,7188,5779,37.930
54.858095,5955,7188,5780,37.930
54.863724,5954,7187,5781,37.930
54.868198,5953,7188,5780,37.930
54.873880,5951,7188,5779,37.930
54.878297,5949,7189,5776,37.930
54.884032,5948,7191,5775,37.930
54.888478,5947,7190,5774,37.930
54.892896,5948,7190,5773,37.930
54.898555,5949,7190,5772,37.930
54.902999,5947,7191,5769,37.930
54.908706,5947,7192,5765,37.930
54.913213,5946,7192,5763,37.930
54.918866,5945,7192,5764,37.930
54.923257,5946,7190,5767,37.930
54.927682,5948,7189,5767,37.930
54.933391,5949,7187,5769,37.930
54.937836,5950,7187,5769,37.930
54.943502,5949,7188,5767,37.930
54.947937,5948,7186,5766,37.930
54.953627,5949,7188,5763,37.930
54.958059,5948,7190,5760,37.930
54.963756,5949,7194,5756,37.930
54.968222,5950,7198,5751,37.930
54.972635,5950,7203,5746,37.930
54.978357,5950,7207,5740,37.930
54.982828,5950,7208,5738,37.930
54.988330,5949,7210,5739,37.930
54.992919,5949,7210,5744,37.930
54.998615,5949,7209,5748,37.930
55.003047,5951,7208,5750,37.930
55.007458,5953,7206,5753,37.930
55.013159,5955,7205,5754,37.930
55.017640,5956,7204,5755,37.930
55.023040,5957,7203,5756,37.930
55.027731,5956,7203,5756,37.930
55.033331,5954,7202,5760,37.930
55.037577,5953,7202,5762,37.930
55.043375,5954,7203,5765,37.930
55.047965,5955,7203,5764,37.930
55.052046,5957,7201,5764,37.930
55.058116,5959,7199,5764,37.930
55.062559,5959,7197,5762,37.930
55.068203,5959,7194,5766,37.930
55.072687,5960,7191,5766,37.930
55.078345,5961,7189,5765,37.930
55.082830,5962,7186,5765,37.930
55.087191,5961,7185,5767,37.930
55.092924,5962,7184,5768,37.930
55.097145,5961,7185,5772,37.930
55.102952,5960,7184,5774,37.930
55.107507,5958,7182,5775,37.930
55.113166,5954,7182,5774,37.930
55.117609,5951,7182,5772,37.930
55.123298,5949,7183,5767,37.930
55.127712,5949,7185,5764,37.930
55.132153,5950,7186,5762,37.930
55.137860,5952,7189,5763,37.930
55.142369,5953,7191,5762,37.930
55.148036,5952,7193,5761,37.930
55.152426,5951,7194,5758,37.930
55.158143,5950,7196,5754,37.930
55.162602,5950,7194,5751,37.930
55.166959,5950,7194,5749,37.930
55.172709,5950,7194,5748,37.930
55.177152,5950,7193,5746,37.930
55.182808,5948,7194,5744,37.930
55.187258,5947,7195,5742,37.930
55.193009,5945,7194,5740,37.930
55.197370,5946,7194,5742,37.930
55.203106,5946,7192,5743,37.930
55.207568,5950,7189,5745,37.930
55.211907,5954,7188,5746,37.930
55.217676,5957,7188,5746,37.930
55.222076,5959,7189,5746,37.930
55.227764,5961,7191,5745,37.930
55.232221,5960,7192,5745,37.930
55.237900,5960,7191,5744,37.930
55.242360,5958,7191,5746,37.930
55.246722,5958,7190,5747,37.930
55.252508,5958,7190,5750,37.930
55.256868,5957,7192,5752,37.930
55.262552,5956,7193,5751,37.930
55.267043,5955,7192,5750,37.930
55.272722,5952,7191,5747,37.930
55.277180,5949,7189,5744,37.930
55.282863,5948,7185,5743,37.930
55.287304,5946,7184,5744,37.930
55.291740,5946,7185,5747,37.930
55.297413,5945,7185,5752,37.930
55.301892,5947,7185,5753,37.930
55.307534,5950,7186,5757,37.930
55.312043,5951,7186,5758,37.930
55.317677,5951,7189,5757,37.930
55.322125,5950,7191,5759,37.930
55.326529,5948,7192,5759,37.930
55.332228,5948,7193,5759,37.930
55.336609,5949,7194,5758,37.930
55.342318,5948,7193,5760,37.930
55.346860,5948,7190,5761,37.930
55.352503,5947,7188,5761,37.930
55.356922,5947,7186,5762,37.930
55.362650,5946,7186,5760,37.930
55.367065,5945,7185,5756,37.930
55.371447,5944,7185,5751,37.930
55.377276,5943,7184,5745,37.930
55.381605,5941,7184,5742,37.930
55.387334,5939,7184,5742,37.930
55.391733,5936,7183,5745,37.930
55.397499,5934,7185,5747,37.930
55.401878,5934,7186,5748,37.930
55.406289,5937,7187,5744,37.930
55.412088,5938,7190,5741,37.930
55.416400,5940,7192,5737,37.930
55.422106,5942,7194,5735,37.930
55.426563,5942,7195,5737,37.930
55.432248,5944,7195,5740,37.930
55.436668,5945,7194,5744,37.930
55.442410,5945,7192,5748,37.930
55.446839,5946,7192,5752,37.930
55.451258,5946,7190,5753,37.930
55.456948,5947,7190,5753,37.930
55.461392,5949,7189,5751,37.930
55.467061,5950,7189,5747,37.930
55.471544,5949,7189,5747,37.930
55.477193,5949,7190,5742,37.930
55.481688,5947,7192,5738,37.930
55.485837,5946,7192,5739,37.930
55.491779,5947,7194,5741,37.930
55.496166,5947,7196,5745,37.930
55.501561,5947,7197,5751,37.930
55.506333,5946,7197,5752,37.930
55.512076,5945,7198,5750,37.930
55.516260,5945,7198,5747,37.930
55.522149,5944,7198,5745,37.930
55.526558,5945,7200,5745,37.930
55.531045,5943,7200,5745,37.930
55.536735,5942,7199,5746,37.930
55.541178,5941,7197,5746,37.930
55.546844,5939,7195,5747,37.930
55.551250,5939,7193,5748,37.930
55.556963,5939,7191,5753,37.930
55.561413,5938,7190,5758,37.930
55.565808,5936,7190,5762,37.930
55.571370,5936,7189,5766,37.930
55.575962,5936,7188,5768,37.930
55.581657,5936,7187,5768,37.930
55.586093,5937,7186,5766,37.930
55.591795,5938,7184,5764,37.930
55.596146,5938,7184,5760,37.930
55.601984,5940,7185,5756,37.930
55.606360,5943,7187,5752,37.930
55.610758,5944,7188,5746,37.930
55.616503,5942,7188,5742,37.930
55.621060,5941,7189,5739,37.930
55.626626,5940,7188,5736,37.930
55.631031,5940,7186,5736,37.930
55.636726,5940,7186,5739,37.930
55.641197,5940,7187,5744,37.930
55.645564,5942,7187,5747,37.930
55.651299,5944,7191,5749,37.930
55.655713,5948,7193,5748,37.930
55.661393,5951,7194,5747,37.930
55.665860,5953,7195,5747,37.930
55.671573,5953,7196,5747,37.930
55.675989,5952,7195,5748,37.930
55.681658,5951,7195,5750,37.930
55.686153,5949,7196,5752,37.930
55.690285,5947,7195,5753,37.930
55.696267,5948,7195,5754,37.930
55.700714,5951,7194,5755,37.930
55.706172,5953,7193,5755,37.930
55.710797,5957,7191,5757,37.930
55.716518,5958,7189,5758,37.930
55.720951,5959,7189,5762,37.930
55.725335,5960,7189,5765,37.930
55.731129,5962,7188,5769,37.930
55.735458,5962,7186,5773,37.930
55.741169,5963,7185,5775,37.930
55.745661,5962,7183,5777,37.930
55.751295,5959,7182,5779,37.930
55.755723,5954,7184,5777,37.930
55.761467,5950,7187,5774,37.930
55.765860,5947,7191,5770,37.930
55.770296,5944,7193,5765,37.930
55.776047,5944,7195,5760,37.930
55.780465,5944,7197,5754,37.930
55.786138,5944,7196,5752,37.930
55.790586,5943,7194,5753,37.930
55.796272,5943,7194,5756,37.930
55.800747,5943,7193,5760,37.930
55.805147,5944,7193,5762,37.930
55.810826,5945,7195,5760,37.930
55.815236,5946,7196,5760,37.930
55.820927,5948,7198,5759,37.930
55.825378,5949,7198,5759,37.930
55.831077,5949,7198,5757,37.930
55.835499,5949,7198,5755,37.930
55.841236,5949,7197,5755,37.930
55.845662,5949,7196,5754,37.930
55.850088,5949,7196,5754,37.930
55.855773,5949,7194,5755,37.930
55.860228,5950,7195,5751,37.930
55.865872,5952,7196,5747,37.930
55.870374,5952,7199,5743,37.930
55.876050,5953,7200,5743,37.930
55.880473,5954,7200,5747,37.930
55.884881,5955,7200,5751,37.930
55.890600,5955,7200,5754,37.930
55.895033,5953,7198,5757,37.930
55.900684,5952,7197,5757,37.930
55.905170,5949,7196,5757,37.930
55.910851,5947,7196,5760,37.930
55.915277,5944,7196,5763,37.930
55.920974,5941,7198,5766,37.930
55.925445,5937,7199,5768,37.930
55.929863,5936,7201,5769,37.930
55.935551,5935,7202,5772,37.930
55.939978,5937,7202,5775,37.930
55.945679,5940,7200,5781,37.930
55.950131,5944,7198,5788,37.930
55.955795,5945,7196,5791,37.930
55.960223,5945,7195,5792,37.930
55.964643,5943,7195,5791,37.930
55.970409,5940,7196,5788,37.930
55.974859,5936,7195,5786,37.930
55.980537,5934,7196,5781,37.930
55.984918,5931,7195,5776,37.930
55.990631,5928,7193,5771,37.930
55.995050,5926,7191,5767,37.930
56.000572,5926,7189,5764,37.930
56.004931,5926,7187,5762,37.930
56.009264,5930,7184,5763,37.930
56.015060,5933,7182,5764,37.930
56.019527,5935,7182,5764,37.930
56.025182,5935,7184,5763,37.930
56.029652,5935,7187,5762,37.930
56.035340,5937,7189,5761,37.930
56.039723,5939,7190,5759,37.930
56.044114,5943,7191,5757,37.930
56.049980,5946,7192,5755,37.930
56.054599,5947,7192,5755,37.930
56.060219,5949,7191,5755,37.930
56.064663,5950,7191,5753,37.930
56.070379,5950,7191,5750,37.930
56.074793,5950,7191,5747,37.930
56.080583,5950,7192,5745,37.930
56.084974,5950,7193,5745,37.930
56.089347,5950,7193,5743,37.930
56.095116,5948,7193,5746,37.930
56.099505,5946,7193,5746,37.930
56.105192,5944,7195,5744,37.930
56.109619,5943,7196,5742,37.930
56.115348,5943,7199,5742,37.930
56.119812,5943,7201,5746,37.930
56.124160,5943,7203,5752,37.930
56.129922,5944,7202,5760,37.930
56.134298,5945,7199,5765,37.930
56.140005,5949,7197,5766,37.930
56.144470,5952,7194,5761,37.930
56.150138,5953,7192,5755,37.930
56.154583,5952,7191,5754,37.930
56.160311,5949,7190,5750,37.930
56.164707,5948,7192,5748,37.930
56.169172,5947,7194,5747,37.930
56.174847,5946,7195,5742,37.930
56.179302,5944,7194,5738,37.930
56.184959,5942,7192,5736,37.930
56.189436,5937,7190,5733,37.930
56.195106,5936,7187,5733,37.930
56.199570,5937,7185,5734,37.930
56.203962,5938,7184,5734,37.930
56.209703,5939,7184,5734,37.930
56.214069,5939,7186,5732,37.930
56.219801,5938,7187,5732,37.930
56.224234,5938,7189,5729,37.930
56.229993,5940,7190,5729,37.930
56.234329,5942,7190,5729,37.930
56.240157,5944,7191,5728,37.930
56.244498,5945,7190,5729,37.930
56.248934,5946,7190,5731,37.930
56.254644,5946,7190,5731,37.930
56.258852,5945,7189,5732,37.930
56.264705,5945,7190,5732,37.930
56.269265,5944,7190,5734,37.930
56.274904,5944,7189,5739,37.930
56.279361,5944,7188,5745,37.930
56.283769,5944,7186,5751,37.930
56.289449,5944,7185,5756,37.930
56.293908,5944,7185,5760,37.930
56.299547,5944,7185,5762,37.930
56.303990,5946,7187,5764,37.930
56.309727,5946,7190,5766,37.930
56.314101,5947,7190,5767,37.930
56.319824,5949,7191,5770,37.930
56.324278,5949,7190,5771,37.930
56.328689,5951,7188,5772,37.930
56.334416,5952,7186,5771,37.930
56.338856,5951,7187,5769,37.930
56.344483,5950,7186,5767,37.930
56.348813,5950,7187,5763,37.930
56.354643,5950,7189,5760,37.930
56.359062,5948,7190,5754,37.930
56.363499,5948,7192,5750,37.930
56.369277,5947,7194,5746,37.930
56.373624,5947,7193,5742,37.930
56.379370,5947,7191,5742,37.930
56.383817,5949,7189,5743,37.930
56.389530,5949,7188,5744,37.930
56.393897,5948,7188,5747,37.930
56.399622,5946,7190,5749,37.930
56.403855,5943,7191,5750,37.930
56.408476,5941,7193,5749,37.930
56.414181,5940,7194,5748,37.930
56.418598,5940,7194,5746,37.930
56.424235,5940,7194,5744,37.930
56.428716,5942,7194,5746,37.930
56.434404,5942,7194,5748,37.930
56.438854,5941,7194,5749,37.930
56.443370,5941,7194,5749,37.930
56.448979,5942,7195,5747,37.930
56.453403,5942,7194,5745,37.930
56.459109,5942,7194,5745,37.930
56.463580,5942,7194,5748,37.930
56.469224,5941,7192,5752,37.930
56.473677,5940,7191,5756,37.930
56.479379,5940,7190,5759,37.930
56.483830,5940,7189,5761,37.930
56.488253,5940,7188,5762,37.930
56.494008,5940,7188,5763,37.930
56.498364,5942,7190,5767,37.930
56.504077,5944,7191,5771,37.930
56.508528,5947,7191,5776,37.930
56.514180,5949,7190,5778,37.930
56.518646,5952,7189,5778,37.930
56.522839,5954,7189,5775,37.930
56.528777,5956,7192,5771,37.930
56.533189,5959,7195,5766,37.930
56.538836,5960,7196,5763,37.930
56.543353,5960,7198,5765,37.930
56.549063,5959,7197,5765,37.930
56.553426,5957,7196,5766,37.930
56.559129,5955,7194,5766,37.930
56.563555,5953,7191,5766,37.930
56.568004,5950,7189,5765,37.930
56.573471,5949,7187,5765,37.930
56.578202,5947,7186,5764,37.930
56.583816,5945,7186,5762,37.930
56.588281,5944,7185,5763,37.930
56.593976,5940,7185,5762,37.930
56.598398,5938,7185,5760,37.930
56.602822,5937,7185,5759,37.930
56.608571,5935,7185,5761,37.930
56.612998,5939,7184,5763,37.930
56.618661,5942,7183,5767,37.930
56.623191,5945,7182,5769,37.930
56.628803,5946,7180,5766,37.930
56.633217,5946,7178,5764,37.930
56.638913,5944,7178,5760,37.930
56.643344,5942,7177,5759,37.930
56.647791,5942,7179,5759,37.930
56.653519,5943,7180,5760,37.930
56.657949,5946,7182,5758,37.930
56.663608,5947,7182,5757,37.930
56.668079,5950,7182,5755,37.930
56.673738,5952,7182,5755,37.930
56.678170,5953,7183,5757,37.930
56.682527,5952,7183,5756,37.930
56.688347,5951,7183,5755,37.930
56.692781,5951,7184,5755,37.930
56.698466,5953,7186,5755,37.930
56.702817,5955,7189,5755,37.930
56.708581,5957,7191,5754,37.930
56.712782,5958,7192,5752,37.930
56.718706,5958,7191,5749,37.930
56.722956,5960,7189,5751,37.930
56.727532,5962,7186,5755,37.930
56.733031,5965,7183,5759,37.930
56.737688,5967,7182,5762,37.930
56.743391,5969,7183,5764,37.930
56.747820,5968,7184,5763,37.930
56.753507,5966,7186,5761,37.930
56.757954,5963,7186,5761,37.930
56.762391,5958,7187,5760,37.930
56.768120,5955,7188,5761,37.930
56.772536,5953,7189,5759,37.930
56.778194,5952,7189,5757,37.930
56.782595,5951,7190,5752,37.930
56.788381,5950,7190,5747,37.930
56.792752,5949,7191,5747,37.930
56.798470,5951,7194,5745,37.930
56.802859,5953,7194,5747,37.930
56.807333,5954,7194,5749,37.930
56.813163,5957,7192,5747,37.930
56.817471,5959,7189,5745,37.930
56.823164,5960,7187,5743,37.930
56.827593,5960,7185,5741,37.930
56.833298,5958,7187,5741,37.930
56.837751,5956,7190,5742,37.930
56.842214,5954,7192,5742,37.930
56.847880,5953,7193,5746,37.930
56.852313,5953,7194,5751,37.930
56.857944,5953,7193,5755,37.930
56.862515,5953,7193,5759,37.930
56.868090,5952,7192,5757,37.930
56.872567,5951,7191,5755,37.930
56.878273,5951,7189,5755,37.930
56.882580,5950,7188,5755,37.930
56.887204,5949,7187,5756,37.930
56.892880,5948,7187,5758,37.930
56.897234,5946,7187,5758,37.930
56.902830,5942,7190,5758,37.930
56.907396,5939,7193,5758,37.930
56.913085,5938,7197,5756,37.930
56.917500,5936,7200,5753,37.930
56.921874,5934,7202,5753,37.930
56.927654,5934,7202,5758,37.930
56.932123,5934,7202,5764,37.930
56.937752,5937,7200,5766,37.930
56.942211,5940,7198,5766,37.930
56.947879,5943,7195,5764,37.930
56.952366,5946,7193,5761,37.930
56.958074,5947,7190,5759,37.930
56.962358,5946,7187,5758,37.930
56.966993,5947,7185,5757,37.930
56.972693,5945,7184,5758,37.930
56.977014,5945,7184,5757,37.930
56.982719,5946,7184,5757,37.930
56.987167,5947,7185,5757,37.930
56.992881,5947,7186,5753,37.930
56.997296,5949,7186,5749,37.930
57.001844,5951,7186,5742,37.930
57.007443,5953,7186,5739,37.930
57.011876,5954,7185,5738,37.930
57.017477,5955,7185,5738,37.930
57.021693,5956,7186,5738,37.930
57.027694,5957,7185,5740,37.930
57.032108,5959,7186,5740,37.930
57.037813,5960,7185,5743,37.930
57.042260,5961,7185,5745,37.930
57.046646,5960,7186,5748,37.930
57.052138,5960,7185,5754,37.930
57.056793,5959,7185,5756,37.930
57.062451,5959,7185,5757,37.930
57.066796,5958,7185,5757,37.930
57.072637,5955,7184,5754,37.930
57.077068,5953,7181,5752,37.930
57.081549,5952,7178,5751,37.930
57.087198,5951,7176,5749,37.930
57.091606,5951,7175,5747,37.930
57.097259,5952,7175,5746,37.930
57.101765,5955,7178,5746,37.930
57.107428,5956,7179,5746,37.930
57.111931,5955,7181,5750,37.930
57.117609,5954,7184,5753,37.930
57.122055,5953,7184,5756,37.930
57.126392,5953,7184,5758,37.930
57.132170,5953,7184,5761,37.930
57.136576,5955,7182,5764,37.930
57.142253,5955,7182,5768,37.930
57.146682,5956,7181,5770,37.930
57.152422,5955,7183,5770,37.930
57.156788,5950,7185,5769,37.930
57.161274,5947,7187,5768,37.930
57.166938,5944,7188,5769,37.930
57.171443,5942,7190,5769,37.930
57.177076,5941,7191,5770,37.930
57.181549,5939,7192,5773,37.930
57.187210,5938,7194,5771,37.930
57.191682,5937,7194,5768,37.930
57.197348,5936,7194,5764,37.930
57.201828,5936,7194,5758,37.930
57.206209,5936,7194,5753,37.930
57.211949,5934,7195,5754,37.930
57.216316,5934,7198,5758,37.930
57.222029,5935,7198,5763,37.930
57.226451,5938,7199,5766,37.930
57.232171,5942,7202,5768,37.930
57.236587,5945,7202,5770,37.930
57.241054,5948,7203,5768,37.930
57.246728,5949,7202,5768,37.930
57.251142,5946,7201,5767,37.930
57.256814,5943,7199,5767,37.930
57.261309,5940,7198,5768,37.930
57.266942,5939,7197,5767,37.930
57.271444,5940,7197,5764,37.930
57.277103,5940,7197,5759,37.930
57.281577,5941,7197,5756,37.930
57.285962,5941,7196,5754,37.930
57.291698,5941,7196,5754,37.930
57.296106,5943,7193,5756,37.930
57.301782,5944,7193,5758,37.930
57.306232,5945,7194,5762,37.930
57.311975,5947,7195,5763,37.930
57.316356,5947,7197,5766,37.930
57.320783,5947,7197,5769,37.930
57.326506,5948,7196,5775,37.930
57.330930,5949,7194,5780,37.930
57.336573,5949,7193,5784,37.930
57.341063,5948,7191,5785,37.930
57.346721,5947,7192,5781,37.930
57.351166,5945,7192,5777,37.930
57.356861,5944,7191,5776,37.930
57.361295,5944,7189,5775,37.930
57.365724,5945,7187,5777,37.930
57.371472,5946,7186,5778,37.930
57.375868,5947,7187,5777,37.930
57.381553,5949,7190,5774,37.930
57.385992,5952,7194,5767,37.930
57.391686,5955,7196,5760,37.930
57.396058,5957,7198,5753,37.930
57.400545,5958,7198,5747,37.930
57.406259,5958,7198,5742,37.930
57.410695,5956,7198,5741,37.930
57.416398,5956,7197,5742,37.930
57.420851,5955,7196,5743,37.930
57.426497,5954,7196,5746,37.930
57.430955,5953,7196,5747,37.930
57.436661,5953,7195,5745,37.930
57.441120,5952,7194,5745,37.930
57.445511,5952,7194,5744,37.930
57.451237,5951,7194,5742,37.930
57.455696,5952,7195,5742,37.930
57.461317,5952,7195,5744,37.930
57.465751,5952,7195,5746,37.930
57.471496,5952,7194,5748,37.930
57.475903,5954,7194,5751,37.930
57.480346,5954,7194,5751,37.930
57.486037,5954,7193,5749,37.930
57.490502,5954,7191,5749,37.930
57.496176,5953,7190,5748,37.930
57.500667,5953,7188,5747,37.930
57.506276,5951,7187,5747,37.930
57.510714,5949,7185,5748,37.930
57.516420,5946,7182,5751,37.930
57.520851,5945,7182,5752,37.930
57.525238,5943,7182,5753,37.930
57.531014,5942,7183,5751,37.930
57.535383,5941,7185,5750,37.930
57.541105,5940,7186,5748,37.930
57.545567,5941,7188,5746,37.930
57.551268,5943,7190,5744,37.930
57.555708,5944,7191,5744,37.930
57.560110,5946,7191,5744,37.930
57.565807,5947,7191,5745,37.930
57.570285,5949,7191,5743,37.930
57.575878,5949,7190,5741,37.930
57.580417,5950,7191,5740,37.930
57.585994,5948,7191,5739,37.930
57.590500,5947,7192,5740,37.930
57.596047,5946,7193,5740,37.930
57.600630,5944,7194,5739,37.930
57.605062,5941,7195,5737,37.930
57.610804,5940,7195,5736,37.930
57.615202,5940,7195,5735,37.930
57.620879,5941,7195,5735,37.930
57.625296,5943,7194,5732,37.930
57.631006,5945,7193,5734,37.930
57.635203,5946,7193,5736,37.930
57.639922,5948,7194,5739,37.930
57.645594,5949,7194,5744,37.930
57.650012,5950,7193,5749,37.930
57.655698,5950,7192,5752,37.930
57.660151,5950,7191,5755,37.930
57.665847,5951,7191,5758,37.930
57.670270,5952,7191,5764,37.930
57.675952,5953,7190,5772,37.930
57.680418,5952,7190,5780,37.930
57.684820,5951,7189,5785,37.930
57.690548,5951,7187,5790,37.930
57.694961,5951,7185,5791,37.930
57.700673,5951,7185,5792,37.930
57.705133,5950,7185,5792,37.930
57.710777,5949,7185,5791,37.930
57.715250,5947,7184,5790,37.930
57.719707,5946,7183,5793,37.930
57.725381,5943,7185,5791,37.930
57.729757,5942,7185,5790,37.930
57.735531,5943,7186,5788,37.930
57.740011,5942,7186,5783,37.930
57.745683,5944,7186,5779,37.930
57.750123,5945,7187,5778,37.930
57.755820,5946,7187,5778,37.930
57.760266,5946,7187,5776,37.930
57.764680,5946,7187,5777,37.930
57.770396,5945,7187,5775,37.930
57.774631,5945,7185,5773,37.930
57.780522,5943,7182,5773,37.930
57.784969,5941,7180,5771,37.930
57.790671,5940,7178,5768,37.930
57.795105,5938,7178,5769,37.930
57.799492,5937,7180,5767,37.930
57.805234,5937,7183,5767,37.925
57.809651,5938,7184,5769,37.925
57.815346,5941,7185,5768,37.925
57.819759,5944,7186,5768,37.925
57.825479,5947,7186,5770,37.925
57.829922,5948,7188,5768,37.925
57.835629,5949,7189,5768,37.925
57.840054,5948,7190,5765,37.925
57.844453,5948,7192,5765,37.925
57.850190,5949,7191,5767,37.925
57.854601,5948,7191,5769,37.925
57.860302,5948,7189,5772,37.925
57.864767,5948,7186,5772,37.925
57.870447,5948,7185,5772,37.925
57.874856,5949,7184,5771,37.925
57.879322,5949,7183,5768,37.925
57.885015,5948,7183,5768,37.925
57.889465,5948,7183,5769,37.925
57.895052,5945,7183,5770,37.925
57.899580,5944,7184,5771,37.925
57.905258,5943,7184,5773,37.925
57.909702,5941,7184,5770,37.925
57.915406,5940,7185,5766,37.919
57.919823,5938,7187,5762,37.919
57.924257,5937,7188,5760,37.919
57.929999,5937,7189,5762,37.919
57.934406,5937,7190,5765,37.919
57.940088,5940,7191,5767,37.919
57.944523,5942,7192,5769,37.919
57.950255,5943,7194,5768,37.919
57.954657,5944,7194,5766,37.919
57.959110,5944,7194,5766,37.919
57.964777,5944,7192,5766,37.919
57.969243,5943,7190,5766,37.919
57.974896,5942,7190,5766,37.919
57.979369,5941,7191,5767,37.914
57.985040,5942,7192,5766,37.914
57.989470,5942,7193,5767,37.914
57.995187,5942,7193,5766,37.914
57.999654,5941,7193,5763,37.914
58.003762,5941,7194,5763,37.914
58.009793,5940,7195,5761,37.914
58.014142,5940,7195,5761,37.914
58.019566,5940,7197,5760,37.914
58.024168,5939,7198,5759,37.914
58.030152,5941,7198,5755,37.914
58.034185,5943,7198,5752,37.914
58.038794,5946,7197,5752,37.914
58.044334,5949,7196,5755,37.914
58.048962,5950,7195,5757,37.914
58.054625,5949,7194,5758,37.914
58.059096,5948,7194,5759,37.908
58.064784,5946,7194,5760,37.908
58.069228,5944,7192,5759,37.908
58.074937,5940,7191,5760,37.908
58.079414,5938,7191,5760,37.908
58.083781,5936,7190,5760,37.908
58.089589,5937,7189,5759,37.908
58.093943,5940,7189,5759,37.908
58.099605,5944,7189,5759,37.908
58.104052,5945,7187,5757,37.908
58.109817,5944,7185,5757,37.908
58.114170,5942,7183,5756,37.908
58.118605,5942,7181,5755,37.908
58.124316,5944,7181,5752,37.908
58.128710,5946,7181,5751,37.908
58.134425,5947,7183,5752,37.908
58.138928,5948,7184,5754,37.908
58.144530,5948,7184,5759,37.908
58.148945,5947,7184,5762,37.908
58.154720,5946,7183,5764,37.908
58.159158,5946,7182,5767,37.908
58.163525,5946,7181,5767,37.908
58.169270,5947,7181,5767,37.908
58.173720,5947,7182,5768,37.908
58.179386,5947,7184,5767,37.903
58.183849,5948,7185,5765,37.903
58.189498,5948,7185,5762,37.903
58.193956,5947,7187,5759,37.903
58.198362,5947,7188,5755,37.903
58.204113,5947,7188,5753,37.903
58.208548,5947,7192,5755,37.903
58.214179,5946,7194,5758,37.903
58.218641,5946,7195,5759,37.903
58.224323,5944,7196,5758,37.903
58.228748,5942,7194,5759,37.903
58.234495,5942,7192,5758,37.903
58.238900,5941,7191,5759,37.903
58.243091,5943,7190,5760,37.903
58.249040,5943,7190,5762,37.903
58.253460,5942,7190,5763,37.903
58.259164,5940,7190,5763,37.903
58.263494,5939,7191,5762,37.903
58.269274,5937,7191,5762,37.897
58.273727,5937,7192,5762,37.897
58.278180,5938,7192,5761,37.897
58.283886,5940,7191,5761,37.897
58.288184,5941,7191,5760,37.897
58.294022,5943,7189,5760,37.897
58.298428,5944,7187,5760,37.897
58.304074,5945,7186,5761,37.897
58.308564,5946,7186,5760,37.897
58.314202,5947,7188,5758,37.897
58.318660,5947,7192,5755,37.897
58.323112,5946,7196,5750,37.897
58.328838,5946,7198,5748,37.897
58.333188,5946,7200,5747,37.897
58.338901,5946,7200,5744,37.897
58.343404,5947,7201,5747,37.897
58.349064,5947,7201,5748,37.897
58.353483,5946,7201,5751,37.897
58.357908,5946,7200,5755,37.897
58.363659,5945,7197,5754,37.897
58.368099,5946,7197,5757,37.897
58.373673,5948,7197,5759,37.892
58.378223,5950,7198,5759,37.892
58.383872,5952,7199,5758,37.892
58.388292,5953,7201,5757,37.892
58.394077,5954,7202,5755,37.892
58.398449,5954,7201,5753,37.892
58.402934,5953,7199,5749,37.892
58.408617,5952,7198,5746,37.892
58.412765,5951,7196,5745,37.892
58.418711,5950,7196,5745,37.892
58.423133,5948,7197,5745,37.892
58.428850,5947,7198,5744,37.892
58.433241,5946,7198,5744,37.892
58.437656,5944,7197,5742,37.892
58.443393,5943,7196,5740,37.892
58.447816,5943,7194,5744,37.892
58.453499,5942,7193,5749,37.892
58.457975,5942,7192,5755,37.892
58.463655,5942,7192,5761,37.892
58.468081,5942,7191,5763,37.892
58.473820,5941,7188,5766,37.892
58.478271,5941,7187,5767,37.892
58.482750,5941,7186,5767,37.892
58.488371,5939,7184,5767,37.892
58.492822,5939,7184,5767,37.892
58.498455,5939,7186,5766,37.892
58.502948,5941,7187,5766,37.892
58.508637,5945,7189,5767,37.892
58.513063,5947,7191,5768,37.892
58.517437,5949,7192,5770,37.892
58.523220,5949,7195,5770,37.886
58.527631,5947,7197,5771,37.886
58.533288,5945,7201,5769,37.886
58.537735,5942,7202,5763,37.886
58.543435,5941,7201,5760,37.886
58.547855,5938,7201,5757,37.886
58.553558,5938,7200,5755,37.886
58.558003,5938,7201,5754,37.886
58.562421,5938,7203,5753,37.886
58.568173,5938,7205,5753,37.886
58.572574,5939,7206,5753,37.886
58.578202,5939,7205,5756,37.886
58.582719,5939,7206,5757,37.886
58.588368,5940,7206,5761,37.886
58.592829,5941,7206,5764,37.881
58.597231,5941,7206,5766,37.881
58.602975,5940,7205,5767,37.881
58.607396,5941,7203,5767,37.881
58.613060,5941,7200,5765,37.881
58.617259,5943,7199,5764,37.881
58.623224,5945,7197,5764,37.881
58.627649,5947,7196,5765,37.881
58.633305,5949,7195,5766,37.881
58.637729,5950,7195,5769,37.881
58.642236,5950,7194,5774,37.881
58.647919,5950,7193,5775,37.881
58.652345,5950,7191,5777,37.881
58.658057,5950,7190,5779,37.881
58.662436,5952,7190,5779,37.881
58.668169,5952,7190,5780,37.881
58.672626,5949,7191,5785,37.881
58.677080,5947,7192,5786,37.881
58.682626,5944,7193,5788,37.881
58.687152,5942,7192,5788,37.881
58.692819,5941,7192,5787,37.875
58.697317,5940,7193,5786,37.875
58.702988,5939,7193,5784,37.875
58.707414,5938,7196,5782,37.875
58.713136,5936,7198,5780,37.875
58.717547,5935,7199,5774,37.875
58.721984,5934,7198,5772,37.875
58.727707,5934,7197,5772,37.875
58.732179,5935,7195,5772,37.875
58.737779,5938,7192,5771,37.875
58.742251,5941,7191,5769,37.875
58.747985,5943,7191,5765,37.875
58.752404,5943,7191,5760,37.875
58.756799,5942,7193,5755,37.875
58.762577,5940,7194,5750,37.875
58.766960,5937,7193,5746,37.875
58.772544,5936,7193,5743,37.875
58.777081,5935,7190,5738,37.875
58.782757,5935,7188,5737,37.875
58.787176,5936,7186,5739,37.870
58.792791,5937,7185,5741,37.870
58.797315,5938,7184,5746,37.870
58.801681,5938,7182,5747,37.870
58.807477,5938,7183,5748,37.870
58.811889,5940,7184,5748,37.870
58.817603,5941,7185,5746,37.870
58.822156,5942,7185,5743,37.870
58.827783,5943,7184,5744,37.870
58.832168,5942,7182,5744,37.870
58.836531,5941,7180,5745,37.870
58.842284,5940,7180,5745,37.870
58.846685,5940,7179,5741,37.870
58.852331,5941,7179,5736,37.870
58.856888,5942,7180,5732,37.870
58.862494,5945,7183,5730,37.870
58.866943,5948,7187,5730,37.870
58.872498,5951,7189,5731,37.870
58.877167,5955,7191,5731,37.870
58.881539,5956,7191,5730,37.870
58.887217,5957,7192,5732,37.870
58.891648,5954,7194,5731,37.870
58.897380,5951,7196,5733,37.870
58.901795,5949,7198,5735,37.870
58.907524,5947,7198,5733,37.870
58.911926,5946,7199,5737,37.870
58.916288,5947,7200,5741,37.870
58.922101,5947,7201,5745,37.870
58.926444,5949,7202,5750,37.870
58.932124,5951,7203,5754,37.870
58.936593,5951,7203,5758,37.870
58.942272,5949,7204,5761,37.870
58.946706,5947,7204,5763,37.870
58.952268,5945,7204,5761,37.870
58.956784,5945,7203,5758,37.870
58.961302,5945,7204,5755,37.870
58.966988,5945,7204,5756,37.870
58.971434,5944,7205,5757,37.864
58.977094,5940,7206,5759,37.864
58.981554,5937,7205,5761,37.864
58.987252,5935,7204,5761,37.864
58.991649,5935,7201,5762,37.864
58.995978,5934,7198,5761,37.864
59.001902,5935,7196,5758,37.864
59.006247,5936,7194,5752,37.864
59.011946,5937,7194,5749,37.864
59.016352,5939,7195,5746,37.864
59.021932,5941,7194,5746,37.864
59.026485,5942,7193,5746,37.864
59.032217,5943,7191,5746,37.864
59.036329,5944,7189,5745,37.864
59.041044,5945,7187,5744,37.864
59.046763,5946,7187,5749,37.864
59.050916,5948,7188,5755,37.864
59.056871,5949,7190,5758,37.864
59.061309,5948,7192,5762,37.864
59.066792,5948,7196,5761,37.864
59.071451,5948,7199,5759,37.864
59.075822,5947,7201,5758,37.864
59.081628,5946,7201,5757,37.859
59.085985,5946,7200,5757,37.859
59.091787,5945,7200,5754,37.859
59.096147,5945,7198,5749,37.859
59.101896,5945,7199,5745,37.859
59.106293,5945,7199,5744,37.859
59.111973,5946,7198,5744,37.859
59.116422,5945,7199,5742,37.859
59.120799,5944,7199,5745,37.859
59.126548,5942,7199,5748,37.859
59.130936,5941,7199,5753,37.859
59.136626,5941,7197,5762,37.859
59.141044,5940,7197,5766,37.859
59.146794,5939,7198,5766,37.859
59.151220,5938,7201,5765,37.859
59.155640,5937,7202,5763,37.859
59.161343,5938,7203,5760,37.859
59.165762,5937,7203,5760,37.859
59.171476,5937,7200,5758,37.859
59.175923,5935,7198,5757,37.853
59.181621,5934,7195,5755,37.853
59.186043,5934,7192,5753,37.853
59.191736,5933,7191,5750,37.853
59.196231,5933,7188,5745,37.853
59.200617,5933,7186,5741,37.853
59.206342,5935,7186,5738,37.853
59.210749,5935,7186,5736,37.853
59.216422,5935,7186,5737,37.853
59.220905,5936,7188,5738,37.853
59.226548,5938,7189,5740,37.853
59.230963,5939,7189,5741,37.853
59.235417,5940,7189,5742,37.853
59.241135,5941,7189,5745,37.853
59.245557,5943,7191,5745,37.853
59.251224,5946,7193,5745,37.853
59.255688,5948,7193,5747,37.853
59.261382,5950,7194,5747,37.853
59.265813,5952,7195,5748,37.853
59.271504,5953,7194,5751,37.853
59.275960,5952,7193,5752,37.853
59.280367,5952,7193,5752,37.853
59.286105,5949,7191,5752,37.853
59.290563,5947,7189,5751,37.853
59.296089,5946,7186,5749,37.853
59.300676,5943,7185,5746,37.853
59.306316,5942,7184,5745,37.853
59.310778,5942,7185,5741,37.853
59.315163,5941,7186,5739,37.853
59.320889,5942,7188,5735,37.853
59.325332,5942,7189,5733,37.853
59.331067,5944,7189,5731,37.853
59.335466,5947,7188,5731,37.853
59.341094,5950,7187,5731,37.853
59.345593,5952,7184,5732,37.853
59.351319,5953,7183,5733,37.853
59.355743,5953,7182,5735,37.853
59.360156,5951,7182,5738,37.853
59.365837,5949,7183,5739,37.853
59.370301,5946,7184,5744,37.853
59.375970,5943,7187,5748,37.853
59.380441,5940,7187,5749,37.853
59.386101,5939,7187,5750,37.853
59.390582,5940,7186,5747,37.853
59.394940,5942,7184,5745,37.853
59.400733,5943,7184,5745,37.853
59.405265,5945,7184,5748,37.853
59.410792,5946,7187,5749,37.853
59.415237,5947,7188,5749,37.853
59.420927,5947,7189,5748,37.853
59.425341,5947,7190,5742,37.853
59.431026,5947,7191,5738,37.853
59.435458,5948,7190,5739,37.853
59.439963,5950,7189,5743,37.853
59.445678,5950,7189,5746,37.853
59.450046,5949,7189,5752,37.853
59.455746,5949,7190,5756,37.853
59.460201,5947,7191,5756,37.853
59.465857,5945,7192,5757,37.853
59.470330,5945,7191,5757,37.853
59.474739,5945,7192,5757,37.853
59.480582,5943,7192,5756,37.853
59.484868,5943,7192,5755,37.853
59.490598,5943,7190,5757,37.853
59.494999,5944,7187,5757,37.853
59.500694,5946,7186,5757,37.853
59.505129,5947,7186,5757,37.853
59.510882,5949,7188,5755,37.853
59.515228,5952,7189,5754,37.853
59.519667,5953,7191,5755,37.853
59.525266,5954,7193,5755,37.853
59.529830,5957,7194,5756,37.853
59.535535,5959,7195,5757,37.853
59.539964,5960,7196,5755,37.853
59.545656,5959,7194,5752,37.853
59.550121,5958,7193,5751,37.853
59.554478,5957,7192,5749,37.853
59.560248,5954,7192,5744,37.853
59.564464,5952,7194,5743,37.853
59.570320,5951,7197,5738,37.853
59.574590,5948,7201,5735,37.853
59.580495,5946,7203,5734,37.853
59.584918,5944,7204,5734,37.853
59.590653,5941,7204,5737,37.853
59.595016,5939,7203,5741,37.853
59.599451,5938,7201,5744,37.848
59.605208,5938,7200,5747,37.848
59.609615,5939,7198,5746,37.848
59.615255,5940,7195,5743,37.848
59.619714,5940,7193,5744,37.848
59.625444,5941,7190,5743,37.848
59.629855,5941,7187,5744,37.848
59.634244,5942,7184,5746,37.848
59.639996,5943,7184,5750,37.848
59.644343,5945,7184,5755,37.848
59.650094,5946,7185,5758,37.848
59.654358,5943,7186,5758,37.848
59.660230,5940,7186,5757,37.848
59.664661,5938,7186,5755,37.848
59.670405,5937,7188,5754,37.848
59.674800,5938,7189,5756,37.848
59.679263,5941,7191,5757,37.848
59.684792,5943,7192,5757,37.848
59.689427,5945,7193,5761,37.848
59.695096,5946,7195,5762,37.848
59.699438,5947,7196,5763,37.848
59.705176,5947,7195,5763,37.848
59.709624,5946,7195,5759,37.848
59.714056,5946,7194,5758,37.848
59.719816,5946,7194,5756,37.848
59.724171,5945,7194,5756,37.848
59.729978,5946,7194,5756,37.848
59.734277,5947,7196,5754,37.848
59.740068,5948,7196,5753,37.848
59.744441,5951,7195,5753,37.848
59.750161,5954,7194,5753,37.848
59.754499,5955,7195,5752,37.848
59.759020,5954,7195,5751,37.848
59.764751,5952,7197,5748,37.848
59.769145,5950,7199,5747,37.848
59.774801,5951,7201,5747,37.848
59.779300,5950,7202,5749,37.848
59.784938,5951,7203,5751,37.848
59.789383,5951,7202,5752,37.848
59.793784,5950,7201,5753,37.848
59.799552,5951,7198,5752,37.848
59.803941,5951,7195,5749,37.848
59.809494,5952,7194,5747,37.848
59.814030,5953,7193,5750,37.848
59.819779,5951,7194,5752,37.848
59.824222,5948,7197,5754,37.848
59.829933,5945,7197,5758,37.848
59.834346,5945,7198,5760,37.848
59.838755,5945,7198,5762,37.848
59.844521,5944,7198,5766,37.848
59.848857,5944,7199,5770,37.848
59.854594,5944,7201,5774,37.848
59.859057,5944,7204,5776,37.848
59.864741,5945,7205,5777,37.848
59.869119,5947,7206,5778,37.848
59.873657,5950,7206,5778,37.842
59.879347,5953,7206,5780,37.842
59.883788,5955,7205,5781,37.842
59.889429,5955,7206,5783,37.842
59.893672,5956,7205,5786,37.842
59.899545,5953,7203,5788,37.842
59.903740,5951,7201,5789,37.842
59.909742,5948,7199,5789,37.842
59.914170,5945,7198,5788,37.842
59.918566,5943,7197,5786,37.842
59.924279,5941,7196,5784,37.842
59.928708,5939,7198,5782,37.842
59.934296,5937,7199,5782,37.842
59.938785,5935,7199,5784,37.842
59.944510,5934,7198,5783,37.842
59.948797,5933,7198,5781,37.842
59.953374,5933,7196,5778,37.842
59.959123,5935,7194,5777,37.842
59.963527,5938,7191,5776,37.842
59.969208,5941,7188,5774,37.842
59.973422,5943,7185,5774,37.842
59.979348,5942,7183,5771,37.842
59.983733,5943,7182,5768,37.842
59.989515,5944,7181,5767,37.842
59.993894,5945,7182,5766,37.842
59.998327,5946,7181,5765,37.842
60.003839,5947,7182,5765,37.842