t_s,mx,my,mz,yaw_deg
0.000515,3925,2054,4935,52.399
0.000956,3924,2054,4938,52.399
0.003932,3922,2052,4940,52.399
0.009713,3920,2050,4941,52.399
0.014126,3921,2048,4942,52.399
0.019707,3921,2045,4942,52.399
0.024212,3919,2047,4938,52.399
0.031488,3919,2048,4938,52.399
0.035866,3918,2050,4938,52.399
0.038928,3917,2052,4936,52.399
0.047148,3915,2052,4938,52.399
0.050026,3914,2053,4937,52.399
0.054594,3914,2054,4936,52.399
0.060882,3913,2056,4935,52.399
0.064847,3914,2057,4937,52.399
0.069215,3915,2057,4938,52.399
0.074999,3917,2057,4936,52.399
0.079275,3919,2056,4936,52.399
0.084004,3919,2057,4936,52.399
0.089730,3919,2058,4937,52.399
0.094154,3919,2058,4938,52.399
0.099767,3919,2060,4939,52.399
0.104299,3919,2061,4939,52.399
0.109941,3921,2061,4936,52.399
0.114397,3923,2062,4933,52.399
0.118840,3924,2063,4929,52.399
0.124562,3926,2063,4927,52.399
0.128984,3929,2063,4925,52.399
0.134668,3929,2065,4926,52.399
0.139056,3930,2065,4929,52.399
0.144726,3930,2064,4930,52.399
0.149042,3927,2064,4934,52.399
0.154963,3926,2062,4935,52.399
0.159410,3926,2060,4934,52.394
0.163755,3925,2059,4933,52.394
0.169526,3923,2059,4932,52.394
0.173926,3923,2059,4931,52.394
0.179494,3922,2060,4932,52.394
0.183989,3922,2061,4933,52.394
0.189747,3921,2061,4933,52.394
0.194370,3922,2060,4934,52.394
0.198553,3921,2060,4935,52.394
0.204280,3919,2060,4936,52.394
0.208779,3918,2060,4939,52.394
0.214443,3917,2059,4941,52.394
0.218914,3917,2057,4941,52.394
0.224582,3919,2055,4939,52.394
0.228961,3923,2054,4938,52.394
0.234444,3925,2054,4941,52.394
0.239180,3926,2054,4942,52.394
0.243621,3927,2054,4945,52.394
0.249335,3927,2054,4948,52.394
0.253716,3926,2056,4945,52.394
0.259205,3926,2056,4945,52.394
0.263827,3926,2057,4945,52.394
0.269577,3926,2058,4947,52.394
0.274011,3927,2059,4949,52.394
0.278412,3926,2060,4949,52.394
0.284138,3926,2059,4947,52.394
0.288454,3926,2059,4945,52.394
0.294233,3925,2058,4941,52.394
0.298668,3924,2057,4940,52.394
0.304327,3925,2054,4941,52.394
0.308728,3926,2052,4941,52.394
0.314493,3929,2050,4942,52.394
0.318961,3932,2048,4945,52.394
0.323357,3935,2047,4948,52.394
0.329077,3937,2046,4951,52.394
0.333462,3939,2047,4949,52.394
0.339215,3940,2046,4944,52.394
0.343603,3940,2045,4937,52.394
0.349302,3940,2044,4930,52.394
0.353777,3937,2044,4925,52.394
0.358180,3937,2044,4923,52.388
0.363929,3939,2045,4921,52.388
0.368325,3941,2044,4921,52.388
0.373952,3943,2043,4920,52.388
0.378460,3944,2045,4919,52.388
0.384093,3945,2047,4921,52.388
0.388570,3945,2050,4923,52.388
0.394322,3943,2052,4926,52.388
0.398713,3943,2054,4929,52.388
0.403105,3943,2053,4927,52.388
0.408780,3942,2052,4926,52.388
0.413301,3941,2051,4923,52.388
0.418982,3940,2051,4920,52.388
0.423390,3941,2050,4921,52.388
0.429113,3941,2050,4923,52.388
0.433588,3941,2048,4923,52.388
0.437982,3941,2047,4926,52.388
0.443707,3940,2047,4927,52.388
0.448118,3938,2047,4928,52.388
0.453821,3936,2048,4930,52.388
0.458307,3933,2048,4933,52.388
0.463970,3932,2049,4934,52.388
0.468378,3930,2049,4935,52.388
0.474098,3932,2049,4936,52.388
0.478515,3934,2050,4934,52.388
0.482928,3936,2050,4934,52.388
0.488625,3938,2050,4931,52.388
0.493075,3939,2052,4928,52.388
0.498750,3938,2053,4928,52.388
0.503192,3936,2055,4925,52.388
0.508886,3934,2057,4923,52.388
0.513248,3934,2059,4920,52.388
0.517729,3934,2059,4916,52.388
0.523510,3934,2059,4914,52.388
0.527897,3933,2059,4914,52.388
0.533565,3934,2058,4915,52.388
0.538059,3934,2055,4919,52.388
0.543676,3933,2053,4926,52.388
0.548176,3933,2051,4931,52.388
0.553755,3931,2051,4936,52.388
0.558296,3930,2053,4939,52.388
0.562716,3930,2054,4942,52.388
0.568455,3930,2056,4944,52.388
0.572822,3931,2056,4950,52.388
0.578547,3931,2055,4953,52.388
0.582963,3933,2052,4954,52.388
0.588651,3933,2051,4955,52.383
0.593097,3933,2051,4946,52.383
0.597403,3932,2051,4938,52.383
0.603193,3932,2051,4931,52.383
0.607678,3933,2050,4925,52.383
0.613235,3935,2051,4922,52.383
0.617791,3936,2050,4923,52.383
0.623495,3936,2050,4924,52.383
0.627909,3936,2050,4926,52.383
0.633600,3934,2049,4927,52.383
0.638006,3933,2048,4927,52.383
0.642504,3932,2049,4928,52.383
0.648272,3932,2049,4926,52.383
0.652578,3930,2050,4923,52.383
0.658238,3928,2050,4921,52.383
0.662751,3928,2050,4920,52.383
0.668392,3927,2049,4921,52.383
0.672881,3926,2049,4921,52.383
0.677331,3927,2049,4925,52.383
0.682991,3927,2049,4925,52.383
0.687475,3928,2049,4925,52.383
0.693085,3930,2049,4926,52.383
0.697544,3930,2048,4924,52.383
0.703221,3931,2047,4923,52.383
0.707603,3932,2046,4923,52.383
0.713431,3933,2045,4924,52.383
0.717838,3934,2043,4925,52.383
0.722342,3934,2043,4924,52.383
0.727914,3934,2044,4923,52.383
0.732354,3934,2046,4923,52.383
0.738031,3932,2049,4920,52.383
0.742497,3932,2051,4919,52.383
0.748213,3931,2054,4917,52.383
0.752604,3928,2056,4913,52.383
0.757040,3927,2057,4910,52.383
0.762547,3925,2056,4906,52.383
0.767084,3924,2055,4904,52.383
0.772840,3923,2054,4905,52.383
0.777311,3922,2055,4907,52.383
0.782940,3923,2056,4909,52.383
0.787434,3924,2057,4913,52.383
0.793147,3924,2057,4918,52.383
0.797581,3925,2057,4919,52.383
0.801960,3927,2055,4919,52.383
0.807700,3928,2054,4918,52.383
0.812103,3930,2053,4916,52.383
0.817790,3931,2052,4913,52.383
0.822271,3931,2052,4911,52.383
0.827987,3931,2053,4911,52.383
0.832191,3931,2053,4912,52.383
0.836468,3931,2052,4913,52.383
0.842512,3933,2050,4913,52.383
0.846918,3933,2050,4910,52.383
0.852635,3932,2050,4907,52.377
0.857142,3930,2049,4906,52.377
0.862739,3929,2051,4905,52.377
0.867189,3929,2052,4906,52.377
0.872905,3928,2054,4908,52.377
0.877353,3928,2054,4911,52.377
0.881750,3926,2053,4915,52.377
0.887478,3925,2052,4918,52.377
0.891890,3923,2051,4921,52.377
0.897619,3922,2051,4924,52.377
0.902074,3921,2052,4923,52.377
0.907743,3922,2053,4919,52.377
0.912185,3925,2054,4915,52.377
0.916657,3928,2056,4910,52.377
0.922029,3931,2058,4909,52.377
0.926472,3935,2060,4907,52.377
0.932426,3935,2061,4907,52.377
0.936934,3936,2061,4907,52.377
0.942613,3935,2057,4909,52.377
0.947047,3934,2054,4910,52.377
0.952742,3933,2051,4914,52.377
0.957189,3931,2049,4916,52.377
0.961588,3930,2048,4919,52.377
0.967267,3928,2049,4920,52.377
0.971703,3926,2050,4918,52.377
0.977423,3925,2051,4916,52.377
0.981862,3924,2051,4916,52.377
0.987572,3926,2053,4917,52.377
0.991692,3927,2054,4917,52.377
0.996048,3928,2054,4916,52.377
1.001806,3929,2055,4913,52.377
1.006241,3929,2055,4910,52.377
1.011941,3929,2056,4908,52.377
1.016410,3927,2056,4908,52.377
1.022054,3924,2056,4911,52.377
1.026459,3922,2057,4914,52.377
1.032088,3921,2059,4915,52.377
1.036895,3920,2060,4915,52.377
1.041354,3921,2061,4916,52.377
1.047027,3922,2061,4915,52.377
1.051496,3924,2059,4915,52.377
1.057231,3924,2057,4918,52.377
1.061659,3923,2056,4921,52.377
1.067278,3923,2055,4923,52.377
1.071737,3922,2055,4927,52.377
1.076077,3924,2055,4926,52.377
1.081895,3926,2054,4926,52.377
1.086307,3928,2053,4926,52.377
1.091929,3928,2051,4925,52.377
1.096421,3929,2051,4926,52.377
1.102100,3928,2052,4928,52.377
1.106528,3928,2052,4929,52.377
1.112222,3928,2054,4930,52.377
1.116677,3927,2054,4929,52.377
1.121072,3927,2053,4928,52.377
1.126806,3927,2053,4930,52.377
1.131151,3927,2052,4933,52.377
1.136904,3926,2053,4938,52.377
1.141366,3926,2053,4939,52.377
1.147069,3926,2053,4940,52.377
1.151458,3924,2053,4938,52.377
1.155897,3925,2052,4937,52.377
1.161405,3924,2049,4938,52.377
1.165613,3925,2046,4940,52.377
1.171411,3926,2043,4941,52.372
1.175861,3926,2042,4944,52.372
1.181628,3926,2041,4947,52.372
1.186000,3927,2041,4947,52.372
1.191766,3926,2041,4950,52.372
1.196208,3926,2042,4950,52.372
1.200561,3926,2044,4946,52.372
1.206320,3926,2045,4944,52.372
1.210626,3927,2045,4942,52.372
1.216449,3928,2046,4941,52.372
1.220832,3928,2046,4940,52.372
1.226673,3928,2048,4938,52.372
1.231150,3929,2050,4938,52.372
1.235434,3930,2052,4935,52.372
1.241162,3931,2053,4933,52.372
1.245639,3934,2052,4932,52.372
1.251213,3933,2053,4932,52.372
1.255586,3932,2053,4932,52.372
1.261292,3932,2053,4932,52.372
1.265738,3930,2054,4933,52.372
1.271525,3929,2054,4932,52.372
1.276003,3928,2054,4929,52.372
1.280377,3927,2055,4926,52.372
1.286120,3927,2053,4922,52.372
1.290603,3928,2052,4919,52.372
1.296221,3928,2053,4917,52.372
1.300599,3928,2052,4916,52.372
1.306373,3929,2053,4920,52.372
1.310820,3929,2055,4925,52.372
1.315519,3929,2056,4930,52.372
1.320973,3931,2055,4935,52.372
1.325603,3931,2053,4938,52.372
1.331017,3932,2051,4940,52.372
1.335526,3935,2050,4939,52.372
1.341191,3935,2048,4939,52.372
1.345674,3937,2048,4937,52.372
1.351324,3939,2049,4935,52.372
1.355694,3940,2050,4938,52.372
1.360157,3940,2052,4938,52.372
1.365959,3940,2054,4938,52.372
1.370581,3938,2054,4938,52.372
1.376204,3936,2053,4940,52.372
1.380436,3935,2050,4941,52.372
1.386432,3935,2047,4943,52.372
1.390787,3935,2045,4944,52.372
1.395188,3934,2043,4946,52.372
1.400909,3934,2042,4946,52.372
1.405383,3934,2041,4948,52.372
1.411034,3933,2041,4947,52.372
1.415499,3933,2042,4945,52.372
1.421203,3934,2043,4942,52.372
1.425676,3935,2043,4939,52.372
1.431381,3935,2042,4936,52.372
1.435840,3936,2040,4936,52.372
1.440250,3935,2039,4937,52.372
1.445972,3932,2038,4938,52.372
1.450442,3929,2038,4940,52.372
1.456073,3925,2040,4939,52.372
1.460550,3923,2041,4939,52.372
1.466162,3922,2042,4938,52.372
1.470702,3922,2042,4937,52.372
1.475000,3921,2041,4936,52.372
1.480729,3920,2040,4937,52.372
1.485152,3917,2040,4936,52.372
1.490884,3916,2041,4936,52.372
1.495329,3917,2042,4935,52.372
1.501021,3919,2043,4936,52.372
1.505461,3923,2045,4935,52.372
1.511039,3927,2046,4935,52.372
1.515624,3929,2048,4934,52.372
1.520022,3930,2050,4931,52.366
1.525678,3931,2053,4927,52.366
1.530180,3929,2055,4925,52.366
1.535737,3930,2057,4922,52.366
1.540313,3929,2058,4921,52.366
1.545956,3927,2059,4921,52.366
1.550453,3927,2060,4922,52.366
1.554528,3929,2061,4926,52.366
1.560203,3930,2062,4929,52.366
1.565034,3932,2061,4932,52.366
1.570639,3933,2059,4935,52.366
1.575130,3933,2057,4939,52.366
1.580784,3933,2055,4942,52.366
1.585248,3932,2053,4947,52.366
1.590940,3932,2054,4948,52.366
1.595381,3933,2055,4948,52.366
1.599806,3934,2056,4946,52.366
1.605442,3935,2058,4942,52.366
1.609970,3936,2058,4939,52.366
1.615532,3935,2058,4937,52.366
1.620056,3934,2057,4935,52.366
1.625775,3934,2055,4935,52.366
1.630250,3934,2053,4935,52.366
1.634539,3936,2052,4933,52.366
1.640318,3937,2053,4933,52.366
1.644828,3935,2053,4933,52.366
1.650451,3934,2054,4931,52.366
1.654862,3933,2054,4930,52.366
1.660501,3932,2054,4933,52.366
1.665040,3933,2055,4933,52.366
1.670738,3934,2056,4930,52.366
1.675200,3934,2057,4932,52.366
1.679533,3933,2058,4932,52.366
1.685256,3931,2057,4933,52.366
1.689756,3930,2057,4933,52.366
1.695177,3929,2057,4933,52.366
1.699859,3929,2057,4930,52.366
1.705541,3929,2059,4928,52.366
1.709853,3931,2061,4926,52.366
1.714404,3931,2064,4927,52.366
1.720140,3932,2065,4927,52.366
1.724594,3933,2065,4924,52.366
1.730206,3934,2065,4923,52.366
1.734691,3936,2066,4923,52.366
1.740341,3936,2065,4922,52.366
1.744816,3936,2063,4923,52.366
1.750163,3936,2060,4923,52.366
1.754936,3935,2057,4924,52.366
1.759412,3934,2055,4923,52.366
1.764829,3933,2053,4925,52.366
1.769516,3933,2053,4926,52.366
1.775251,3932,2052,4927,52.366
1.779389,3932,2051,4927,52.366
1.785263,3933,2051,4926,52.366
1.789760,3932,2051,4925,52.366
1.794077,3934,2050,4923,52.366
1.799904,3936,2049,4922,52.366
1.804300,3938,2047,4919,52.366
1.809970,3939,2045,4920,52.366
1.814461,3940,2043,4923,52.366
1.820242,3939,2043,4926,52.366
1.824568,3937,2043,4930,52.366
1.830290,3935,2044,4932,52.366
1.834722,3934,2044,4935,52.366
1.839140,3933,2046,4936,52.366
1.844781,3931,2049,4933,52.366
1.849356,3931,2050,4931,52.366
1.854955,3929,2051,4932,52.366
1.859447,3929,2050,4931,52.366
1.865134,3929,2048,4932,52.366
1.869530,3929,2047,4934,52.366
1.873980,3929,2046,4937,52.366
1.879624,3930,2045,4936,52.366
1.884081,3930,2046,4935,52.366
1.889748,3930,2048,4933,52.366
1.894224,3929,2048,4931,52.366
1.899831,3928,2048,4930,52.366
1.904367,3928,2048,4931,52.366
1.909981,3928,2048,4931,52.366
1.914459,3927,2047,4934,52.366
1.918917,3926,2048,4938,52.366
1.924311,3923,2047,4941,52.366
1.929059,3922,2046,4943,52.366
1.934735,3922,2044,4942,52.366
1.939187,3923,2044,4940,52.366
1.944810,3925,2044,4938,52.366
1.949274,3926,2043,4939,52.366
1.953685,3927,2044,4939,52.366
1.959396,3927,2047,4942,52.366
1.963806,3926,2048,4944,52.366
1.969517,3925,2050,4946,52.366
1.974046,3924,2052,4943,52.366
1.979635,3924,2054,4940,52.361
1.984045,3925,2055,4938,52.361
1.989771,3927,2056,4937,52.361
1.994266,3927,2057,4934,52.361
1.998641,3927,2058,4935,52.361
2.004376,3927,2059,4935,52.361
2.008492,3927,2059,4935,52.361
2.014209,3926,2059,4936,52.361
2.018941,3926,2059,4937,52.361
2.024580,3927,2059,4939,52.361
2.028865,3928,2061,4941,52.361
2.033464,3928,2063,4942,52.361
2.039173,3928,2064,4943,52.361
2.043601,3927,2065,4941,52.361
2.049271,3926,2067,4938,52.361
2.053774,3926,2069,4935,52.361
2.059427,3926,2070,4934,52.361
2.063849,3926,2071,4932,52.361
2.069587,3927,2071,4931,52.361
2.074017,3926,2068,4931,52.361
2.078425,3926,2066,4929,52.361
2.084129,3928,2063,4930,52.361
2.088537,3929,2060,4931,52.361
2.094202,3929,2059,4933,52.361
2.098669,3930,2057,4933,52.361
2.104389,3932,2056,4937,52.361
2.108805,3934,2056,4940,52.361
2.113213,3937,2054,4940,52.361
2.118943,3939,2053,4941,52.361
2.123357,3940,2052,4940,52.361
2.129075,3940,2050,4940,52.361
2.133508,3939,2049,4942,52.361
2.139209,3938,2049,4942,52.361
2.143654,3935,2049,4940,52.361
2.149377,3932,2050,4938,52.361
2.153768,3930,2050,4935,52.361
2.158211,3927,2047,4934,52.361
2.163969,3926,2044,4932,52.361
2.168289,3926,2042,4931,52.361
2.174031,3925,2041,4931,52.361
2.178442,3927,2042,4930,52.361
2.184196,3930,2045,4928,52.361
2.188626,3932,2048,4928,52.361
2.193082,3936,2048,4925,52.361
2.198733,3936,2048,4922,52.361
2.203150,3936,2048,4920,52.361
2.208806,3936,2047,4917,52.361
2.213305,3932,2046,4914,52.361
2.218943,3929,2046,4912,52.361
2.223394,3925,2046,4914,52.361
2.229117,3923,2046,4916,52.361
2.233536,3923,2048,4919,52.361
2.237972,3924,2050,4923,52.361
2.243746,3927,2052,4925,52.361
2.248136,3929,2053,4927,52.361
2.253827,3932,2053,4930,52.361
2.257922,3933,2053,4934,52.361
2.263654,3933,2053,4938,52.361
2.268400,3934,2054,4943,52.361
2.272726,3935,2055,4947,52.361
2.278554,3936,2056,4952,52.361
2.282894,3938,2057,4957,52.361
2.288587,3939,2056,4960,52.361
2.293053,3938,2055,4960,52.361
2.298768,3938,2054,4953,52.361
2.303160,3937,2051,4947,52.361
2.308850,3938,2050,4942,52.361
2.313334,3939,2048,4938,52.361
2.317558,3939,2046,4936,52.361
2.323412,3938,2045,4938,52.361
2.327908,3935,2043,4941,52.361
2.333500,3932,2043,4941,52.361
2.338011,3930,2043,4941,52.361
2.343669,3929,2042,4940,52.361
2.348092,3929,2043,4938,52.361
2.352523,3928,2044,4934,52.361
2.358294,3928,2046,4931,52.361
2.362668,3929,2047,4924,52.361
2.368300,3930,2048,4919,52.361
2.372862,3929,2047,4918,52.361
2.378548,3928,2045,4919,52.361
2.382919,3927,2045,4921,52.361
2.388681,3924,2046,4928,52.361
2.393094,3923,2048,4932,52.361
2.397485,3924,2050,4934,52.361
2.403345,3925,2049,4933,52.361
2.407641,3927,2048,4932,52.361
2.413310,3928,2046,4932,52.361
2.417790,3928,2043,4934,52.361
2.423454,3930,2041,4937,52.361
2.427871,3931,2039,4939,52.361
2.432304,3931,2037,4940,52.361
2.438041,3930,2037,4941,52.361
2.442443,3928,2039,4943,52.361
2.448126,3926,2040,4945,52.361
2.452652,3926,2043,4947,52.361
2.458275,3926,2046,4948,52.361
2.462734,3926,2047,4948,52.361
2.468428,3928,2049,4950,52.361
2.472619,3928,2051,4951,52.361
2.477306,3928,2051,4953,52.361
2.483055,3930,2052,4952,52.361
2.487435,3929,2052,4953,52.361
2.493098,3929,2052,4954,52.361
2.497557,3930,2052,4953,52.361
2.503226,3930,2052,4949,52.361
2.507642,3930,2050,4949,52.361
2.511830,3929,2050,4945,52.361
2.517787,3929,2049,4941,52.361
2.522225,3930,2050,4941,52.361
2.527902,3930,2051,4938,52.361
2.532412,3930,2051,4936,52.361
2.538061,3931,2053,4936,52.361
2.542529,3933,2052,4937,52.361
2.548221,3932,2052,4936,52.361
2.552666,3932,2053,4936,52.361
2.557074,3933,2054,4936,52.361
2.562769,3934,2053,4940,52.361
2.567161,3935,2053,4943,52.361
2.572902,3937,2054,4944,52.361
2.577368,3935,2053,4946,52.361
2.582993,3935,2054,4948,52.361
2.587448,3935,2053,4947,52.361
2.591850,3935,2051,4947,52.361
2.597494,3936,2050,4944,52.361
2.601989,3937,2051,4938,52.361
2.607672,3933,2051,4936,52.361
2.612166,3929,2051,4933,52.361
2.617799,3926,2053,4933,52.361
2.622309,3925,2054,4936,52.361
2.627957,3924,2053,4935,52.361
2.632415,3923,2054,4933,52.361
2.636862,3924,2054,4931,52.361
2.642522,3924,2053,4929,52.361
2.646968,3924,2054,4927,52.361
2.652639,3927,2053,4927,52.361
2.657156,3930,2053,4926,52.361
2.662834,3932,2051,4925,52.361
2.667291,3933,2048,4927,52.355
2.671617,3933,2045,4930,52.355
2.677386,3931,2043,4933,52.355
2.681781,3931,2041,4933,52.355
2.687431,3932,2040,4929,52.355
2.691909,3931,2040,4925,52.355
2.697577,3931,2041,4925,52.355
2.702071,3929,2042,4925,52.355
2.707604,3927,2043,4927,52.355
2.711931,3926,2045,4927,52.355
2.716600,3926,2045,4926,52.355
2.722314,3925,2047,4927,52.355
2.726729,3925,2050,4927,52.355
2.732393,3926,2051,4928,52.355
2.736908,3926,2053,4930,52.355
2.742547,3925,2055,4929,52.355
2.747031,3925,2056,4927,52.355
2.751140,3925,2059,4928,52.355
2.757166,3924,2060,4929,52.355
2.761538,3924,2059,4931,52.355
2.767241,3924,2057,4934,52.355
2.771685,3923,2055,4936,52.355
2.777415,3921,2054,4939,52.355
2.781796,3920,2054,4942,52.355
2.787539,3921,2055,4941,52.355
2.791923,3923,2057,4938,52.355
2.796371,3926,2059,4934,52.355
2.802170,3929,2061,4931,52.355
2.806520,3932,2060,4932,52.355
2.812212,3933,2059,4935,52.355
2.816619,3934,2057,4939,52.355
2.822417,3934,2057,4940,52.355
2.826764,3936,2056,4942,52.355
2.831195,3936,2057,4942,52.355
2.836904,3936,2057,4943,52.355
2.841388,3935,2059,4943,52.355
2.847031,3932,2060,4943,52.355
2.851537,3929,2061,4944,52.355
2.857155,3927,2060,4944,52.355
2.861609,3927,2060,4942,52.355
2.867285,3927,2058,4939,52.355
2.871760,3927,2057,4941,52.355
2.876139,3927,2057,4941,52.355
2.881932,3926,2057,4942,52.355
2.886329,3925,2058,4945,52.355
2.891955,3924,2059,4946,52.355
2.896412,3924,2059,4947,52.355
2.902168,3924,2061,4950,52.355
2.906543,3926,2063,4953,52.355
2.910951,3927,2064,4956,52.355
2.916698,3927,2064,4958,52.355
2.921103,3927,2064,4957,52.355
2.926779,3925,2063,4955,52.355
2.931554,3923,2063,4952,52.355
2.936924,3921,2064,4950,52.355
2.941415,3921,2065,4948,52.355
2.947122,3922,2064,4950,52.355
2.951500,3924,2063,4954,52.355
2.955786,3927,2064,4956,52.355
2.961695,3930,2064,4957,52.355
2.965881,3934,2064,4957,52.355
2.971788,3936,2064,4954,52.355
2.976212,3936,2062,4950,52.355
2.981891,3937,2060,4946,52.355
2.986304,3937,2059,4942,52.355
2.990779,3939,2059,4937,52.355
2.996428,3940,2059,4934,52.355
3.000908,3942,2059,4932,52.355
3.006321,3942,2061,4932,52.355
3.010832,3942,2060,4937,52.355
3.016474,3939,2060,4942,52.355
3.020882,3938,2060,4942,52.355
3.026839,3938,2059,4945,52.355
3.031019,3940,2057,4945,52.355
3.035732,3942,2056,4947,52.355
3.041418,3942,2052,4950,52.355
3.045690,3940,2050,4955,52.355
3.051532,3939,2049,4959,52.355
3.056026,3937,2049,4962,52.355
3.061701,3937,2052,4963,52.355
3.066138,3938,2053,4963,52.355
3.070537,3938,2054,4961,52.355
3.076294,3938,2054,4958,52.355
3.080733,3938,2053,4955,52.355
3.086376,3937,2053,4950,52.355
3.090866,3937,2055,4947,52.355
3.096519,3936,2057,4945,52.355
3.100910,3936,2059,4941,52.355
3.106622,3935,2060,4938,52.355
3.111056,3935,2060,4933,52.355
3.115682,3936,2057,4928,52.355
3.121269,3935,2054,4923,52.355
3.125641,3937,2050,4922,52.355
3.131343,3938,2047,4923,52.355
3.135734,3939,2045,4923,52.355
3.141442,3939,2045,4923,52.355
3.145937,3938,2046,4921,52.355
3.150348,3936,2046,4919,52.355
3.156071,3934,2048,4918,52.355
3.160465,3932,2048,4920,52.355
3.166149,3930,2048,4921,52.355
3.170596,3928,2048,4919,52.355
3.176296,3928,2048,4917,52.355
3.180752,3928,2048,4913,52.355
3.186446,3929,2047,4909,52.355
3.190869,3931,2047,4907,52.355
3.195305,3933,2047,4908,52.355
3.200985,3934,2047,4908,52.355
3.205409,3934,2049,4911,52.355
3.211049,3932,2048,4915,52.355
3.215529,3932,2048,4916,52.355
3.221215,3932,2048,4919,52.355
3.225652,3933,2046,4919,52.355
3.230138,3934,2047,4920,52.355
3.235812,3936,2047,4920,52.355
3.240258,3938,2047,4924,52.355
3.245882,3939,2048,4928,52.355
3.250384,3939,2048,4931,52.355
3.256071,3938,2048,4934,52.355
3.260525,3936,2049,4936,52.355
3.266216,3936,2048,4938,52.355
3.270655,3938,2049,4936,52.355
3.275013,3940,2050,4935,52.355
3.280789,3943,2049,4935,52.355
3.285235,3945,2048,4934,52.355
3.290922,3945,2046,4937,52.355
3.295312,3946,2043,4941,52.355
3.301014,3945,2041,4947,52.355
3.305448,3945,2040,4949,52.355
3.309829,3944,2039,4951,52.355
3.315626,3943,2041,4951,52.355
3.320026,3942,2043,4945,52.355
3.325652,3940,2043,4941,52.355
3.329896,3938,2046,4937,52.355
3.335804,3936,2046,4936,52.355
3.339995,3934,2047,4934,52.355
3.345770,3932,2049,4935,52.355
3.350148,3933,2053,4937,52.355
3.354819,3934,2057,4937,52.355
3.360316,3935,2057,4940,52.355
3.364669,3936,2057,4940,52.355
3.370589,3936,2056,4942,52.355
3.374907,3935,2053,4944,52.355
3.380502,3936,2050,4948,52.355
3.385255,3936,2049,4953,52.355
3.389357,3938,2049,4956,52.355
3.395199,3940,2049,4958,52.355
3.399455,3941,2050,4959,52.355
3.405351,3944,2050,4958,52.355
3.409938,3947,2051,4958,52.355
3.415632,3948,2050,4959,52.355
3.420037,3948,2050,4957,52.355
3.425749,3946,2051,4954,52.355
3.430170,3944,2051,4952,52.355
3.434645,3943,2053,4948,52.355
3.440317,3941,2053,4947,52.355
3.444796,3939,2054,4947,52.355
3.450430,3937,2054,4946,52.355
3.454888,3937,2055,4949,52.355
3.460583,3936,2056,4948,52.355
3.465041,3938,2056,4945,52.355
3.469447,3939,2056,4944,52.355
3.475129,3938,2053,4941,52.355
3.479562,3935,2052,4941,52.355
3.485261,3932,2052,4942,52.355
3.489694,3930,2052,4942,52.355
3.495378,3930,2052,4942,52.355
3.499798,3931,2051,4943,52.355
3.505519,3932,2049,4942,52.355
3.510017,3932,2048,4943,52.355
3.514367,3933,2049,4946,52.355
3.520108,3934,2051,4948,52.355
3.524487,3937,2052,4949,52.355
3.530216,3940,2052,4950,52.355
3.534645,3943,2050,4949,52.355
3.540315,3946,2049,4946,52.355
3.544797,3948,2048,4942,52.355
3.549212,3950,2048,4939,52.355
3.554948,3951,2047,4938,52.355
3.559379,3951,2048,4934,52.355
3.565002,3951,2049,4933,52.355
3.569466,3950,2049,4932,52.355
3.575119,3949,2049,4928,52.355
3.579499,3948,2048,4926,52.355
3.585072,3947,2047,4925,52.355
3.589610,3947,2046,4926,52.355
3.594198,3945,2046,4926,52.355
3.599689,3943,2047,4925,52.355
3.604317,3940,2046,4923,52.355
3.609860,3938,2047,4920,52.355
3.614411,3938,2047,4920,52.355
3.620000,3938,2049,4923,52.355
3.624617,3938,2051,4928,52.355
3.628770,3937,2052,4935,52.355
3.634463,3936,2051,4936,52.355
3.639001,3934,2050,4936,52.355
3.644577,3933,2047,4932,52.355
3.649359,3932,2046,4929,52.355
3.654738,3931,2044,4931,52.355
3.659158,3930,2043,4932,52.355
3.665057,3930,2044,4932,52.355
3.669272,3931,2043,4933,52.355
3.673673,3932,2045,4932,52.355
3.679425,3933,2049,4929,52.355
3.683982,3932,2049,4928,52.355
3.689536,3929,2050,4929,52.355
3.693997,3926,2051,4930,52.355
3.699744,3923,2050,4933,52.355
3.704083,3922,2051,4933,52.355
3.708520,3921,2051,4934,52.355
3.714243,3920,2050,4936,52.355
3.718636,3919,2049,4935,52.355
3.724254,3917,2050,4934,52.355
3.729036,3916,2050,4934,52.355
3.734718,3916,2053,4932,52.355
3.739143,3918,2055,4930,52.355
3.744839,3920,2057,4935,52.355
3.749259,3920,2058,4935,52.355
3.753675,3920,2059,4935,52.355
3.759459,3920,2057,4934,52.355
3.763667,3921,2055,4928,52.355
3.769753,3924,2052,4924,52.355
3.773996,3927,2049,4922,52.355
3.779477,3929,2047,4921,52.355
3.784091,3930,2045,4922,52.355
3.788533,3930,2045,4924,52.355
3.794282,3927,2046,4923,52.355
3.798623,3925,2048,4922,52.355
3.804122,3923,2049,4921,52.355
3.808512,3921,2050,4919,52.355
3.814274,3919,2051,4917,52.355
3.818641,3920,2051,4918,52.355
3.824374,3920,2050,4920,52.355
3.828790,3920,2049,4922,52.355
3.833176,3920,2050,4927,52.355
3.838947,3920,2051,4928,52.355
3.843337,3920,2053,4928,52.355
3.849039,3921,2053,4928,52.355
3.853444,3921,2052,4928,52.355
3.859216,3923,2048,4927,52.355
3.863594,3925,2045,4926,52.355
3.868322,3926,2044,4926,52.355
3.874085,3927,2045,4927,52.355
3.878437,3927,2046,4928,52.350
3.884120,3926,2049,4932,52.350
3.888620,3927,2049,4936,52.350
3.894294,3927,2050,4935,52.350
3.898697,3929,2049,4930,52.350
3.904419,3932,2048,4926,52.350
3.908849,3935,2048,4921,52.350
3.913295,3939,2048,4922,52.350
3.918992,3940,2049,4927,52.350
3.923411,3940,2050,4933,52.350
3.929084,3939,2049,4938,52.350
3.933537,3938,2049,4941,52.350
3.939237,3936,2050,4943,52.350
3.943725,3934,2049,4944,52.350
3.948115,3932,2049,4945,52.350
3.953616,3931,2048,4943,52.350
3.957989,3931,2047,4940,52.350
3.963687,3933,2045,4940,52.350
3.968104,3935,2044,4938,52.350
3.973768,3936,2044,4933,52.350
3.978217,3938,2044,4928,52.350
3.983960,3939,2045,4922,52.350
3.988595,3939,2045,4919,52.350
3.993016,3941,2046,4919,52.350
3.998791,3941,2047,4916,52.350
4.003185,3941,2049,4916,52.350
4.008629,3942,2050,4916,52.350
4.013113,3942,2052,4915,52.350
4.018986,3942,2053,4913,52.350
4.023411,3942,2053,4913,52.350
4.027902,3942,2052,4913,52.350
4.033565,3942,2053,4915,52.350
4.038029,3941,2053,4916,52.350
4.043729,3942,2055,4919,52.350
4.048142,3943,2055,4924,52.350
4.053838,3944,2057,4925,52.350
4.058304,3945,2057,4928,52.350
4.063934,3947,2057,4930,52.350
4.068460,3948,2057,4931,52.350
4.072539,3950,2057,4931,52.350
4.078370,3950,2056,4932,52.350
4.082992,3949,2056,4933,52.350
4.088418,3948,2055,4933,52.350
4.092861,3947,2055,4934,52.350
4.098591,3945,2054,4932,52.350
4.103043,3942,2054,4927,52.350
4.107430,3939,2055,4921,52.350
4.113129,3936,2052,4921,52.350
4.117515,3934,2051,4920,52.350
4.123227,3933,2050,4922,52.350
4.127715,3932,2050,4923,52.350
4.133300,3931,2052,4922,52.350
4.137818,3930,2053,4921,52.350
4.143435,3930,2053,4921,52.350
4.147917,3930,2052,4922,52.350
4.152331,3931,2052,4923,52.350
4.158069,3931,2053,4924,52.350
4.162482,3930,2054,4925,52.350
4.168179,3929,2056,4927,52.350
4.172592,3925,2057,4928,52.350
4.178342,3923,2057,4933,52.350
4.182728,3920,2057,4935,52.350
4.187156,3919,2057,4936,52.350
4.192884,3918,2056,4936,52.350
4.197298,3917,2056,4932,52.350
4.203015,3918,2056,4930,52.350
4.207425,3918,2055,4929,52.350
4.213154,3918,2054,4927,52.350
4.217524,3919,2054,4926,52.350
4.223280,3919,2055,4926,52.350
4.227749,3917,2054,4928,52.350
4.232126,3915,2054,4929,52.350
4.237881,3914,2052,4932,52.350
4.242240,3915,2049,4931,52.350
4.247992,3916,2046,4930,52.350
4.252398,3917,2043,4930,52.350
4.258118,3919,2042,4931,52.350
4.262549,3920,2040,4932,52.350
4.266927,3923,2038,4935,52.350
4.272676,3925,2037,4938,52.350
4.277317,3929,2037,4940,52.350
4.283004,3932,2037,4940,52.350
4.287501,3933,2037,4939,52.350
4.293206,3933,2037,4939,52.350
4.297568,3933,2038,4939,52.350
4.303316,3933,2038,4938,52.350
4.307787,3935,2039,4940,52.350
4.312159,3938,2038,4939,52.350
4.317899,3938,2036,4938,52.350
4.322353,3939,2035,4938,52.350
4.327960,3939,2034,4938,52.350
4.332193,3938,2033,4936,52.350
4.338094,3937,2035,4933,52.350
4.342605,3934,2038,4929,52.350
4.347019,3933,2040,4926,52.350
4.352739,3931,2043,4925,52.350
4.357125,3931,2044,4924,52.350
4.362544,3931,2045,4922,52.350
4.367048,3930,2046,4922,52.350
4.372691,3929,2045,4921,52.350
4.377089,3928,2044,4918,52.350
4.382833,3927,2041,4918,52.350
4.387277,3927,2040,4917,52.350
4.391651,3929,2041,4918,52.350
4.397407,3932,2042,4919,52.350
4.401801,3934,2043,4922,52.350
4.407771,3937,2043,4927,52.350
4.412216,3939,2042,4929,52.350
4.417889,3940,2041,4929,52.350
4.422346,3941,2040,4928,52.350
4.426801,3940,2042,4925,52.350
4.432473,3938,2045,4925,52.350
4.436985,3937,2046,4929,52.350
4.442595,3937,2046,4932,52.350
4.447114,3935,2048,4934,52.350
4.452761,3935,2049,4932,52.350
4.457189,3937,2051,4927,52.350
4.462897,3938,2054,4925,52.350
4.467297,3939,2055,4925,52.350
4.471756,3940,2055,4929,52.350
4.477430,3940,2055,4931,52.350
4.481875,3939,2053,4934,52.350
4.487607,3937,2053,4938,52.350
4.492014,3935,2053,4940,52.350
4.497692,3932,2053,4941,52.350
4.502144,3931,2053,4940,52.350
4.506552,3933,2052,4939,52.350
4.512334,3937,2051,4938,52.350
4.516700,3938,2049,4940,52.350
4.522361,3940,2048,4943,52.350
4.526857,3939,2049,4945,52.350
4.532533,3937,2051,4944,52.350
4.536938,3939,2053,4941,52.350
4.542640,3941,2054,4938,52.350
4.547149,3943,2055,4937,52.350
4.551534,3944,2057,4936,52.350
4.557296,3944,2054,4938,52.350
4.561668,3942,2054,4940,52.350
4.567323,3940,2053,4942,52.350
4.571501,3937,2054,4944,52.350
4.577492,3933,2056,4943,52.350
4.581870,3929,2058,4943,52.350
4.586322,3926,2059,4942,52.350
4.592090,3924,2061,4940,52.350
4.596459,3923,2060,4937,52.350
4.602210,3924,2058,4935,52.350
4.606634,3926,2056,4932,52.350
4.612290,3926,2055,4930,52.350
4.616701,3928,2056,4930,52.350
4.622437,3929,2056,4930,52.350
4.626855,3932,2056,4930,52.350
4.631307,3934,2057,4929,52.350
4.636824,3936,2058,4927,52.350
4.641206,3937,2059,4927,52.350
4.647110,3935,2061,4930,52.350
4.651564,3933,2061,4934,52.350
4.657233,3931,2062,4940,52.350
4.661681,3929,2062,4943,52.350
4.666140,3929,2062,4944,52.350
4.671840,3930,2059,4941,52.350
4.676232,3932,2058,4937,52.350
4.681955,3935,2057,4933,52.350
4.686382,3938,2057,4930,52.350
4.692107,3939,2057,4930,52.350
4.696488,3939,2057,4932,52.350
4.702213,3939,2056,4936,52.350
4.706666,3938,2054,4940,52.350
4.711069,3939,2051,4944,52.350
4.716766,3938,2049,4946,52.350
4.721196,3934,2048,4949,52.350
4.726917,3932,2047,4950,52.350
4.731215,3931,2047,4951,52.350
4.737067,3930,2048,4949,52.350
4.741478,3932,2049,4947,52.350
4.745907,3931,2051,4943,52.350
4.751311,3929,2051,4940,52.350
4.756050,3927,2049,4939,52.350
4.761754,3925,2047,4937,52.350
4.766163,3925,2043,4937,52.350
4.771917,3925,2043,4938,52.350
4.776305,3927,2041,4940,52.350
4.782006,3927,2039,4937,52.350
4.786421,3929,2038,4935,52.350
4.790865,3930,2036,4934,52.350
4.796605,3930,2037,4930,52.350
4.800979,3930,2039,4926,52.350
4.806650,3928,2041,4923,52.350
4.811136,3927,2044,4919,52.350
4.816836,3925,2046,4918,52.350
4.821267,3924,2048,4917,52.350
4.825728,3922,2049,4917,52.350
4.831391,3922,2050,4919,52.350
4.835862,3923,2050,4919,52.350
4.841495,3923,2050,4920,52.350
4.845977,3925,2048,4922,52.350
4.851621,3927,2049,4924,52.350
4.856097,3928,2051,4928,52.350
4.861779,3930,2052,4932,52.350
4.866218,3931,2052,4936,52.350
4.870637,3931,2051,4938,52.350
4.876345,3930,2049,4939,52.350
4.880772,3929,2048,4938,52.350
4.886486,3926,2048,4936,52.350
4.890878,3925,2048,4933,52.350
4.896596,3925,2049,4931,52.350
4.901018,3926,2048,4930,52.350
4.905465,3929,2047,4931,52.350
4.911181,3932,2048,4932,52.350
4.915643,3934,2048,4933,52.350
4.921268,3935,2050,4933,52.350
4.925742,3934,2052,4934,52.350
4.931503,3933,2054,4935,52.350
4.935894,3933,2055,4936,52.350
4.941541,3931,2056,4938,52.350
4.946035,3931,2056,4941,52.350
4.950464,3930,2054,4943,52.350
4.956147,3931,2053,4946,52.350
4.960533,3931,2052,4948,52.350
4.966224,3931,2051,4949,52.350
4.970599,3929,2049,4949,52.350
4.976423,3927,2048,4951,52.350
4.980558,3925,2049,4952,52.350
4.985289,3925,2049,4951,52.350
4.990949,3926,2050,4952,52.350
4.995554,3927,2052,4951,52.350
5.000855,3928,2052,4947,52.350
5.005268,3929,2050,4944,52.350
5.011225,3929,2050,4941,52.350
5.015361,3929,2050,4939,52.350
5.021097,3928,2051,4940,52.350
5.025755,3927,2051,4942,52.350
5.029946,3924,2051,4943,52.350
5.035892,3922,2051,4943,52.350
5.040346,3919,2051,4945,52.350
5.045835,3920,2052,4946,52.350
5.050497,3924,2054,4947,52.350
5.056149,3927,2053,4945,52.350
5.060622,3930,2053,4943,52.350
5.064977,3932,2052,4942,52.350
5.070792,3930,2053,4941,52.350
5.075158,3928,2054,4939,52.350
5.080855,3926,2055,4943,52.350
5.085305,3925,2058,4944,52.350
5.090993,3925,2058,4947,52.350
5.095395,3924,2059,4948,52.350
5.101093,3923,2058,4950,52.350
5.105500,3924,2057,4947,52.350
5.109951,3924,2056,4946,52.350
5.115592,3926,2055,4945,52.350
5.120062,3927,2053,4945,52.350
5.125799,3927,2051,4944,52.350
5.130216,3926,2048,4944,52.350
5.135920,3926,2047,4943,52.350
5.140384,3927,2047,4942,52.350
5.144805,3929,2049,4940,52.350
5.150524,3933,2050,4943,52.350
5.154638,3936,2050,4947,52.350
5.160560,3938,2051,4953,52.350
5.165090,3940,2050,4957,52.350
5.170788,3940,2049,4956,52.350
5.175147,3940,2049,4955,52.350
5.180925,3940,2050,4954,52.350
5.185293,3941,2051,4953,52.350
5.189708,3940,2051,4954,52.350
5.195461,3937,2052,4953,52.350
5.199858,3932,2052,4951,52.350
5.205551,3927,2053,4949,52.350
5.209970,3924,2053,4944,52.350
5.215686,3923,2053,4940,52.350
5.220140,3923,2050,4938,52.350
5.224566,3924,2047,4935,52.350
5.230265,3926,2045,4933,52.350
5.234709,3926,2044,4935,52.350
5.240341,3925,2045,4934,52.350
5.244852,3925,2046,4936,52.350
5.250511,3924,2046,4936,52.350
5.254935,3923,2047,4935,52.350
5.260661,3923,2046,4933,52.350
5.265046,3922,2045,4930,52.350
5.269508,3924,2045,4927,52.350
5.275305,3926,2045,4925,52.350
5.279671,3929,2046,4923,52.350
5.285320,3930,2047,4920,52.350
5.289785,3930,2049,4919,52.350
5.295476,3931,2051,4919,52.350
5.299912,3932,2051,4921,52.350
5.304321,3933,2051,4924,52.350
5.310015,3934,2050,4926,52.350
5.314454,3936,2050,4927,52.350
5.320134,3935,2049,4929,52.350
5.324619,3933,2048,4929,52.350
5.330263,3931,2048,4934,52.350
5.334729,3928,2050,4938,52.350
5.340419,3927,2051,4943,52.350
5.344863,3928,2053,4946,52.350
5.349328,3929,2055,4946,52.350
5.355011,3931,2055,4945,52.350
5.359448,3933,2053,4941,52.350
5.364967,3937,2053,4935,52.350
5.369560,3939,2053,4930,52.350
5.375254,3942,2055,4923,52.350
5.379642,3943,2058,4919,52.350
5.384061,3945,2059,4917,52.350
5.389833,3946,2060,4916,52.350
5.394308,3947,2061,4917,52.350
5.399890,3948,2062,4919,52.350
5.404366,3947,2063,4922,52.350
5.410046,3945,2063,4924,52.350
5.414475,3943,2062,4927,52.350
5.420209,3940,2060,4929,52.350
5.424620,3938,2059,4929,52.350
5.429086,3937,2058,4931,52.350
5.434752,3936,2059,4932,52.350
5.439207,3935,2061,4933,52.350
5.444892,3935,2062,4934,52.350
5.449366,3935,2060,4934,52.350
5.455030,3935,2057,4935,52.350
5.459463,3935,2055,4937,52.350
5.463878,3936,2052,4942,52.350
5.469598,3937,2052,4942,52.350
5.474046,3938,2052,4941,52.350
5.479719,3938,2051,4938,52.350
5.484159,3936,2052,4930,52.350
5.489810,3931,2052,4929,52.350
5.494265,3928,2053,4924,52.350
5.499979,3925,2053,4923,52.350
5.504435,3923,2055,4924,52.350
5.508851,3921,2057,4926,52.350
5.514374,3919,2058,4930,52.350
5.518978,3918,2059,4933,52.350
5.524632,3917,2058,4936,52.350
5.529164,3917,2057,4939,52.350
5.534805,3917,2055,4942,52.350
5.539303,3917,2055,4941,52.350
5.543678,3917,2055,4940,52.350
5.549395,3917,2056,4939,52.350
5.553814,3916,2057,4937,52.350
5.559474,3914,2057,4937,52.350
5.563935,3913,2057,4939,52.350
5.569625,3913,2056,4942,52.350
5.574048,3916,2056,4944,52.350
5.579773,3920,2057,4946,52.350
5.584192,3923,2059,4947,52.350
5.588609,3928,2059,4946,52.350
5.594333,3930,2060,4947,52.350
5.598742,3933,2059,4949,52.350
5.604415,3934,2057,4952,52.350
5.608878,3934,2056,4956,52.350
5.614596,3934,2054,4959,52.350
5.619014,3934,2053,4962,52.350
5.623441,3934,2052,4962,52.350
5.629167,3933,2051,4962,52.350
5.633584,3932,2051,4963,52.350
5.639265,3931,2051,4961,52.350
5.643747,3931,2051,4960,52.350
5.649408,3930,2050,4961,52.350
5.653849,3929,2050,4957,52.350
5.659563,3930,2049,4953,52.350
5.663996,3930,2049,4946,52.350
5.668371,3931,2050,4941,52.350
5.674105,3932,2052,4938,52.350
5.678561,3931,2053,4939,52.350
5.684220,3931,2055,4942,52.350
5.688656,3928,2057,4945,52.350
5.694373,3927,2057,4946,52.350
5.698787,3926,2058,4944,52.350
5.703203,3923,2058,4942,52.350
5.708982,3922,2057,4939,52.350
5.713357,3921,2057,4938,52.350
5.719033,3919,2055,4936,52.350
5.723486,3918,2053,4935,52.350
5.729209,3918,2051,4933,52.350
5.733598,3918,2050,4931,52.350
5.739325,3921,2049,4932,52.350
5.743778,3925,2051,4933,52.350
5.748224,3930,2051,4935,52.350
5.753917,3935,2052,4936,52.350
5.758330,3938,2053,4935,52.350
5.764028,3939,2054,4933,52.350
5.768440,3939,2054,4934,52.350
5.774134,3936,2053,4937,52.350
5.778589,3935,2053,4942,52.350
5.782985,3934,2053,4948,52.350
5.788719,3935,2051,4956,52.350
5.793161,3935,2050,4958,52.350
5.798786,3936,2047,4958,52.350
5.803306,3936,2044,4956,52.350
5.808957,3935,2043,4951,52.350
5.813429,3934,2043,4947,52.350
5.819086,3934,2045,4945,52.350
5.823567,3932,2049,4942,52.350
5.827947,3930,2051,4939,52.350
5.833713,3930,2053,4938,52.350
5.838107,3930,2053,4935,52.350
5.843763,3931,2051,4932,52.350
5.848251,3930,2052,4930,52.350
5.853937,3928,2052,4929,52.350
5.858389,3926,2052,4925,52.350
5.862791,3923,2053,4925,52.350
5.868530,3921,2055,4926,52.350
5.872892,3920,2055,4927,52.350
5.878607,3921,2057,4928,52.350
5.883043,3921,2057,4928,52.350
5.888773,3921,2056,4928,52.350
5.893171,3921,2056,4928,52.350
5.898900,3921,2056,4928,52.350
5.903295,3922,2055,4926,52.350
5.907717,3922,2055,4924,52.350
5.913451,3925,2054,4923,52.350
5.917879,3926,2053,4922,52.350
5.923541,3928,2055,4921,52.350
5.927980,3930,2057,4923,52.350
5.933696,3932,2058,4926,52.350
5.938114,3931,2060,4930,52.350
5.942583,3932,2061,4934,52.350
5.948321,3933,2060,4934,52.350
5.952694,3934,2059,4932,52.350
5.958392,3933,2057,4929,52.350
5.962844,3933,2055,4928,52.350
5.968530,3931,2053,4929,52.350
5.972952,3930,2052,4929,52.350
5.978698,3928,2052,4931,52.350
5.983078,3929,2052,4930,52.350
5.987476,3929,2053,4931,52.350
5.992982,3930,2053,4932,52.350
5.997292,3930,2053,4935,52.350
6.003049,3930,2053,4936,52.350
6.007592,3930,2053,4937,52.350
6.013194,3929,2054,4937,52.350
6.017607,3930,2055,4936,52.350
6.022034,3930,2056,4935,52.350
6.027776,3929,2056,4936,52.350
6.032176,3929,2057,4937,52.350
6.038158,3929,2057,4938,52.350
6.042595,3929,2059,4938,52.350
6.048282,3929,2059,4937,52.350
6.052767,3930,2060,4931,52.350
6.058470,3929,2061,4930,52.350
6.062867,3927,2063,4928,52.350
6.067313,3926,2064,4927,52.350
6.072991,3926,2064,4929,52.350
6.077404,3924,2063,4931,52.350
6.083147,3925,2058,4930,52.350
6.087542,3925,2053,4929,52.350
6.093259,3923,2049,4931,52.350
6.097707,3922,2047,4929,52.350
6.102101,3921,2048,4929,52.350
6.107825,3921,2048,4930,52.350
6.112228,3924,2049,4930,52.350
6.117933,3925,2048,4929,52.350
6.122404,3925,2048,4931,52.350
6.128080,3925,2049,4931,52.350
6.132496,3925,2050,4933,52.350
6.138157,3925,2050,4935,52.350
6.142672,3926,2050,4934,52.350
6.146873,3927,2050,4933,52.350
6.152811,3928,2048,4932,52.350
6.157249,3930,2046,4930,52.350
6.162737,3931,2043,4932,52.350
6.167323,3932,2042,4932,52.350
6.173042,3932,2041,4935,52.350
6.177443,3934,2042,4938,52.350
6.181583,3935,2043,4943,52.350
6.187650,3935,2044,4948,52.350
6.192055,3934,2046,4952,52.350
6.197681,3932,2047,4953,52.350
6.202193,3932,2048,4954,52.350
6.207913,3932,2047,4950,52.350
6.212280,3934,2045,4947,52.350
6.217969,3936,2045,4945,52.350
6.222441,3937,2044,4942,52.350
6.226840,3937,2044,4940,52.350
6.232289,3936,2046,4940,52.350
6.237006,3936,2045,4940,52.350
6.242633,3935,2044,4938,52.350
6.247127,3936,2044,4935,52.350
6.252783,3936,2042,4933,52.350
6.257321,3938,2041,4930,52.350
6.261712,3939,2040,4931,52.350
6.267418,3940,2038,4934,52.350
6.271781,3941,2039,4933,52.350
6.277501,3942,2040,4932,52.350
6.282022,3940,2043,4928,52.350
6.287653,3937,2046,4925,52.350
6.292063,3936,2048,4925,52.350
6.297660,3934,2048,4925,52.350
6.302270,3933,2047,4925,52.350
6.306628,3932,2045,4926,52.350
6.312371,3931,2042,4927,52.350
6.316765,3931,2040,4927,52.350
6.322457,3933,2038,4926,52.350
6.326960,3935,2036,4925,52.350
6.332602,3936,2035,4922,52.350
6.337081,3938,2035,4920,52.350
6.341501,3938,2036,4921,52.350
6.346942,3939,2038,4923,52.350
6.351613,3940,2041,4925,52.350
6.357260,3942,2045,4926,52.350
6.361783,3943,2048,4925,52.350
6.367420,3945,2051,4925,52.350
6.371897,3947,2052,4926,52.350
6.377543,3948,2053,4926,52.350
6.382005,3947,2053,4927,52.350
6.386409,3946,2053,4930,52.350
6.392142,3944,2051,4935,52.350
6.396566,3943,2050,4940,52.350
6.402234,3941,2049,4942,52.350
6.406688,3940,2050,4946,52.350
6.412362,3941,2051,4947,52.350
6.416805,3940,2051,4949,52.350
6.421229,3940,2051,4952,52.350
6.426958,3939,2049,4956,52.350
6.431405,3937,2048,4959,52.350
6.437039,3934,2048,4964,52.350
6.441538,3930,2048,4967,52.350
6.447212,3927,2048,4969,52.350
6.451681,3925,2049,4969,52.350
6.457324,3924,2048,4965,52.350
6.461794,3923,2049,4964,52.350
6.466207,3923,2047,4963,52.350
6.471941,3924,2046,4962,52.350
6.476325,3925,2045,4961,52.350
6.482043,3926,2044,4956,52.350
6.486424,3927,2044,4950,52.350
6.492134,3929,2042,4946,52.350
6.496582,3930,2041,4941,52.350
6.501020,3932,2041,4939,52.350
6.506732,3935,2042,4936,52.350
6.511130,3937,2044,4933,52.350
6.516814,3939,2047,4931,52.350
6.521308,3939,2047,4931,52.350
6.526979,3939,2046,4931,52.350
6.531418,3939,2046,4932,52.350
6.537105,3940,2044,4938,52.350
6.541591,3942,2044,4943,52.350
6.545966,3944,2045,4945,52.350
6.551775,3945,2046,4949,52.350
6.556133,3946,2046,4951,52.350
6.561809,3946,2046,4950,52.350
6.566204,3946,2045,4952,52.350
6.572013,3949,2044,4952,52.350
6.576330,3949,2045,4954,52.350
6.580505,3949,2045,4956,52.350
6.586528,3947,2045,4956,52.350
6.590899,3947,2046,4955,52.350
6.596590,3946,2045,4955,52.350
6.601052,3946,2046,4954,52.350
6.606754,3946,2047,4955,52.350
6.611170,3945,2047,4954,52.350
6.616883,3945,2047,4952,52.350
6.621319,3944,2047,4951,52.350
6.625743,3945,2047,4947,52.350
6.631433,3945,2048,4946,52.350
6.635899,3944,2048,4946,52.350
6.641568,3943,2049,4948,52.350
6.646002,3941,2047,4949,52.350
6.651711,3941,2046,4947,52.350
6.656185,3941,2045,4946,52.350
6.660610,3941,2045,4945,52.350
6.666317,3941,2046,4945,52.350
6.670730,3941,2047,4945,52.350
6.676360,3940,2048,4947,52.350
6.680833,3938,2048,4945,52.350
6.686539,3938,2048,4945,52.350
6.690939,3938,2048,4944,52.350
6.696526,3939,2048,4943,52.350
6.701076,3940,2047,4942,52.350
6.705490,3941,2046,4939,52.350
6.711269,3942,2045,4936,52.350
6.715644,3944,2043,4936,52.350
6.721311,3945,2040,4936,52.350
6.725805,3946,2038,4940,52.350
6.731502,3948,2036,4944,52.350
6.735932,3949,2035,4946,52.350
6.740351,3951,2034,4946,52.350
6.746104,3952,2033,4946,52.350
6.750471,3952,2033,4945,52.350
6.756172,3951,2034,4943,52.350
6.760668,3948,2035,4944,52.350
6.766276,3946,2036,4944,52.350
6.770767,3943,2039,4947,52.350
6.776462,3940,2041,4948,52.350
6.780876,3938,2044,4947,52.350
6.785296,3935,2044,4946,52.350
6.791015,3934,2044,4946,52.350
6.795435,3931,2046,4945,52.350
6.801081,3927,2049,4943,52.350
6.805570,3924,2051,4939,52.350
6.811238,3921,2052,4938,52.350
6.815707,3919,2051,4938,52.350
6.820142,3919,2050,4937,52.350
6.825833,3918,2048,4936,52.350
6.830338,3917,2045,4937,52.350
6.835890,3918,2043,4936,52.350
6.840435,3918,2041,4937,52.350
6.846056,3919,2038,4936,52.350
6.850529,3921,2036,4937,52.350
6.856243,3922,2036,4937,52.350
6.860699,3922,2036,4936,52.350
6.865093,3924,2037,4937,52.350
6.870838,3926,2038,4940,52.350
6.875238,3927,2038,4943,52.350
6.880908,3928,2039,4947,52.350
6.885348,3926,2041,4949,52.350
6.891071,3923,2043,4951,52.350
6.895474,3923,2045,4951,52.350
6.899865,3924,2045,4949,52.350
6.905600,3926,2045,4946,52.350
6.910021,3927,2045,4942,52.350
6.915608,3928,2045,4938,52.350
6.920178,3930,2046,4935,52.350
6.925855,3931,2046,4934,52.350
6.930296,3932,2046,4932,52.350
6.935983,3934,2046,4931,52.350
6.940475,3934,2045,4929,52.350
6.944891,3935,2046,4928,52.350
6.950524,3937,2045,4927,52.350
6.955027,3937,2044,4930,52.350
6.960706,3936,2044,4932,52.350
6.964871,3936,2043,4937,52.350
6.970867,3933,2044,4941,52.350
6.975269,3932,2045,4942,52.350
6.979713,3931,2046,4945,52.350
6.985407,3930,2047,4946,52.350
6.989809,3930,2050,4949,52.350
6.995583,3931,2052,4948,52.350
6.999954,3932,2053,4946,52.350
7.005620,3932,2055,4944,52.350
7.009818,3932,2055,4940,52.350
7.015498,3932,2055,4938,52.350
7.020342,3931,2054,4935,52.350
7.024627,3933,2052,4933,52.350
7.030127,3936,2051,4933,52.350
7.034755,3937,2049,4934,52.350
7.040418,3938,2050,4933,52.350
7.044901,3938,2052,4934,52.350
7.050630,3936,2055,4932,52.350
7.055046,3934,2059,4929,52.350
7.059459,3935,2061,4929,52.350
7.065155,3935,2062,4929,52.350
7.069585,3936,2062,4929,52.350
7.075302,3937,2061,4930,52.350
7.079766,3936,2059,4931,52.350
7.085428,3935,2058,4933,52.350
7.089834,3933,2056,4934,52.350
7.095584,3933,2056,4935,52.350
7.099996,3933,2056,4935,52.350
7.104439,3932,2057,4933,52.350
7.110139,3929,2059,4933,52.350
7.114564,3926,2059,4932,52.350
7.120228,3923,2060,4929,52.350
7.124694,3923,2059,4928,52.350
7.130364,3924,2058,4926,52.350
7.134542,3926,2058,4925,52.350
7.138996,3927,2056,4925,52.350
7.144942,3926,2054,4926,52.350
7.149391,3924,2054,4928,52.350
7.155071,3922,2053,4931,52.350
7.159279,3921,2053,4935,52.350
7.165208,3919,2054,4939,52.350
7.169671,3918,2055,4942,52.350
7.175343,3918,2054,4943,52.350
7.179816,3920,2053,4945,52.350
7.184209,3919,2051,4944,52.350
7.189916,3918,2048,4945,52.350
7.194404,3915,2046,4945,52.350
7.200004,3912,2044,4944,52.350
7.204491,3912,2044,4941,52.350
7.210278,3913,2042,4940,52.350
7.214602,3915,2042,4938,52.350
7.219047,3918,2040,4938,52.350
7.224751,3919,2038,4941,52.350
7.229207,3920,2038,4945,52.350
7.234860,3922,2035,4948,52.350
7.239348,3923,2034,4949,52.350
7.244960,3923,2034,4946,52.350
7.249453,3925,2033,4944,52.350
7.255147,3924,2032,4943,52.350
7.259607,3924,2030,4941,52.350
7.263986,3925,2028,4945,52.350
7.269776,3923,2027,4947,52.350
7.274153,3923,2026,4949,52.350
7.279838,3924,2027,4951,52.350
7.284302,3923,2029,4953,52.350
7.289990,3924,2030,4955,52.350
7.294373,3924,2032,4954,52.350
7.298827,3924,2034,4953,52.350
7.304529,3924,2034,4950,52.350
7.309021,3925,2034,4948,52.350
7.314649,3924,2034,4947,52.350
7.319081,3924,2033,4947,52.350
7.324749,3925,2032,4948,52.350
7.329193,3926,2034,4952,52.350
7.334933,3925,2037,4954,52.350
7.339398,3923,2039,4956,52.350
7.343812,3921,2040,4956,52.350
7.349539,3919,2041,4956,52.350
7.353937,3917,2041,4954,52.350
7.359602,3917,2041,4953,52.350
7.364079,3917,2042,4953,52.350
7.369766,3918,2042,4954,52.350
7.374165,3920,2042,4956,52.350
7.378590,3922,2043,4954,52.350
7.384301,3924,2043,4952,52.350
7.388745,3926,2043,4950,52.350
7.394393,3927,2042,4945,52.350
7.398848,3927,2042,4941,52.350
7.404546,3929,2041,4940,52.350
7.408978,3931,2041,4937,52.350
7.414697,3933,2040,4937,52.350
7.419150,3935,2040,4935,52.350
7.423566,3936,2040,4936,52.350
7.429269,3937,2041,4935,52.350
7.433700,3938,2042,4935,52.350
7.439392,3938,2043,4933,52.350
7.443662,3938,2043,4934,52.350
7.449535,3936,2043,4936,52.350
7.453958,3934,2043,4939,52.350
7.458384,3932,2041,4941,52.350
7.464108,3929,2041,4943,52.350
7.468566,3926,2038,4943,52.350
7.474237,3924,2035,4943,52.350
7.478683,3923,2034,4942,52.350
7.484337,3923,2033,4941,52.350
7.488773,3923,2034,4942,52.350
7.494473,3923,2036,4941,52.350
7.498912,3925,2038,4940,52.350
7.503342,3924,2039,4940,52.350
7.509094,3923,2040,4937,52.350
7.513571,3922,2039,4934,52.350
7.519224,3922,2039,4930,52.350
7.523620,3922,2038,4928,52.350
7.529315,3923,2035,4927,52.350
7.533728,3922,2035,4928,52.350
7.538169,3922,2034,4931,52.350
7.543945,3921,2034,4934,52.350
7.548334,3919,2035,4937,52.350
7.554053,3920,2035,4939,52.350
7.558499,3921,2037,4940,52.350
7.564178,3921,2038,4941,52.350
7.568545,3923,2039,4940,52.350
7.574300,3926,2040,4939,52.350
7.578764,3928,2040,4934,52.350
7.583152,3929,2041,4928,52.350
7.588928,3930,2042,4924,52.350
7.593307,3930,2041,4918,52.350
7.598957,3930,2041,4915,52.350
7.603390,3931,2040,4913,52.350
7.609088,3931,2038,4912,52.350
7.613522,3930,2038,4914,52.350
7.617984,3928,2039,4916,52.350
7.623685,3926,2041,4919,52.350
7.628114,3925,2043,4921,52.350
7.633808,3923,2044,4922,52.350
7.638343,3921,2045,4923,52.350
7.643944,3920,2045,4921,52.350
7.648399,3918,2045,4920,52.350
7.654075,3914,2047,4921,52.350
7.658538,3913,2048,4921,52.350
7.662953,3911,2049,4924,52.350
7.668683,3910,2049,4927,52.350
7.673088,3909,2050,4927,52.350
7.678836,3908,2051,4931,52.350
7.683226,3908,2053,4934,52.350
7.688930,3909,2055,4937,52.350
7.693318,3912,2057,4942,52.350
7.697742,3914,2057,4942,52.350
7.703471,3915,2057,4942,52.350
7.707918,3915,2056,4944,52.350
7.713364,3915,2054,4941,52.350
7.718055,3915,2052,4940,52.350
7.723710,3915,2051,4939,52.350
7.728138,3915,2050,4935,52.350
7.733871,3916,2049,4931,52.350
7.738314,3917,2045,4929,52.350
7.742726,3918,2042,4927,52.350
7.748453,3920,2040,4926,52.350
7.752860,3922,2038,4924,52.350
7.758509,3924,2036,4922,52.350
7.763045,3927,2036,4923,52.350
7.768700,3930,2034,4922,52.350
7.773271,3931,2033,4923,52.350
7.777538,3932,2035,4922,52.350
7.783255,3932,2035,4921,52.350
7.787401,3933,2037,4919,52.350
7.793342,3933,2040,4920,52.350
7.797948,3934,2041,4922,52.350
7.803494,3932,2043,4923,52.350
7.807932,3929,2045,4924,52.350
7.813648,3928,2047,4923,52.350
7.818063,3927,2048,4918,52.350
7.822529,3927,2049,4914,52.350
7.828211,3927,2049,4910,52.350
7.832650,3927,2049,4904,52.350
7.838350,3925,2049,4902,52.350
7.842837,3923,2050,4905,52.350
7.848499,3921,2050,4908,52.350
7.852963,3918,2050,4914,52.350
7.857293,3915,2050,4919,52.350
7.863060,3913,2051,4924,52.350
7.867446,3913,2051,4925,52.350
7.873131,3914,2049,4926,52.350
7.877617,3915,2048,4925,52.350
7.883292,3918,2047,4925,52.350
7.887697,3921,2046,4925,52.350
7.893429,3924,2048,4926,52.350
7.897858,3926,2049,4928,52.350
7.902303,3927,2048,4930,52.350
7.908037,3926,2048,4930,52.350
7.912463,3925,2047,4930,52.350
7.918107,3923,2047,4930,52.350
7.922571,3924,2050,4928,52.350
7.928266,3926,2053,4927,52.350
7.932713,3927,2055,4928,52.350
7.937128,3930,2057,4928,52.350
7.942842,3932,2058,4930,52.350
7.947340,3931,2058,4934,52.350
7.952938,3931,2057,4933,52.350
7.957417,3929,2055,4934,52.350
7.963109,3930,2053,4935,52.350
7.967508,3931,2051,4934,52.350
7.973275,3931,2050,4933,52.350
7.977627,3930,2051,4934,52.350
7.982041,3930,2053,4933,52.350
7.987767,3930,2055,4935,52.350
7.992211,3930,2055,4935,52.350
7.997857,3930,2054,4934,52.350
8.002346,3931,2053,4933,52.350
8.007782,3933,2051,4934,52.350
8.012479,3932,2050,4936,52.350
8.016892,3933,2048,4938,52.350
8.022587,3933,2046,4940,52.350
8.027038,3931,2046,4939,52.350
8.032659,3930,2045,4938,52.350
8.037180,3928,2045,4935,52.350
8.042824,3925,2045,4934,52.350
8.046989,3924,2046,4936,52.350
8.052739,3923,2046,4938,52.350
8.057413,3923,2046,4942,52.350
8.061850,3925,2046,4942,52.350
8.067588,3924,2047,4944,52.350
8.072015,3925,2048,4942,52.350
8.077675,3925,2048,4939,52.350
8.082096,3925,2047,4938,52.350
8.087829,3924,2047,4936,52.350
8.092274,3925,2045,4934,52.350
8.096669,3924,2044,4932,52.350
8.102372,3924,2044,4933,52.350
8.106819,3923,2043,4935,52.350
8.112495,3922,2043,4937,52.350
8.116924,3920,2041,4941,52.350
8.122595,3920,2040,4945,52.350
8.127118,3921,2039,4948,52.350
8.132773,3923,2039,4949,52.350
8.137195,3924,2040,4951,52.350
8.141615,3926,2041,4950,52.350
8.147383,3928,2042,4950,52.350
8.151766,3930,2042,4951,52.350
8.157451,3933,2042,4952,52.350
8.161904,3936,2041,4952,52.350
8.167622,3937,2041,4954,52.350
8.171989,3938,2042,4955,52.350
8.176406,3939,2041,4955,52.350
8.181890,3938,2041,4952,52.350
8.186605,3938,2041,4948,52.350
8.192272,3938,2042,4945,52.350
8.196723,3938,2043,4939,52.350
8.202396,3937,2045,4933,52.350
8.206906,3938,2047,4932,52.350
8.212521,3938,2050,4930,52.350
8.216984,3938,2053,4932,52.350
8.221407,3938,2055,4935,52.350
8.227117,3938,2058,4939,52.350
8.231538,3935,2060,4944,52.350
8.237236,3932,2059,4947,52.350
8.241681,3928,2060,4949,52.350
8.247400,3925,2060,4948,52.350
8.251532,3923,2060,4947,52.350
8.256206,3921,2061,4946,52.350
8.261944,3920,2062,4945,52.350
8.266332,3919,2061,4946,52.350
8.272038,3920,2060,4946,52.350
8.276500,3920,2059,4946,52.350
8.282213,3920,2058,4944,52.350
8.286629,3921,2058,4944,52.350
8.292319,3919,2059,4941,52.350
8.296750,3917,2061,4939,52.350
8.301161,3915,2063,4936,52.350
8.306911,3915,2064,4933,52.350
8.311301,3915,2061,4933,52.350
8.316996,3918,2057,4931,52.350
8.321422,3921,2053,4932,52.350
8.327157,3924,2050,4933,52.350
8.331549,3927,2049,4932,52.350
8.336042,3930,2049,4932,52.350
8.341740,3932,2048,4932,52.350
8.346163,3935,2048,4932,52.350
8.351872,3936,2046,4934,52.350
8.356334,3936,2043,4935,52.350
8.361964,3937,2044,4934,52.350
8.366436,3937,2045,4935,52.350
8.372074,3937,2047,4933,52.350
8.376524,3937,2047,4932,52.350
8.381011,3937,2048,4932,52.350
8.386681,3936,2048,4932,52.350
8.391104,3934,2046,4935,52.350
8.396826,3932,2047,4938,52.350
8.401285,3930,2046,4938,52.350
8.406930,3926,2045,4937,52.350
8.411329,3922,2045,4935,52.350
8.415809,3918,2047,4937,52.350
8.421501,3914,2048,4941,52.350
8.425932,3912,2048,4943,52.350
8.431571,3913,2049,4946,52.350
8.436073,3915,2048,4945,52.350
8.441726,3917,2049,4943,52.350
8.446219,3919,2049,4941,52.350
8.451921,3920,2050,4941,52.350
8.456347,3921,2051,4940,52.350
8.460770,3921,2052,4940,52.350
8.466476,3921,2053,4937,52.350
8.470868,3923,2054,4931,52.350
8.476565,3924,2055,4927,52.350
8.480954,3927,2055,4923,52.350
8.486716,3930,2054,4919,52.350
8.491106,3933,2053,4913,52.350
8.495561,3935,2051,4912,52.350
8.501265,3936,2049,4912,52.350
8.505694,3935,2050,4913,52.350
8.511391,3934,2050,4918,52.350
8.515668,3933,2050,4922,52.350
8.521497,3932,2049,4927,52.350
8.525945,3932,2049,4932,52.350
8.531672,3930,2049,4936,52.350
8.536100,3930,2050,4940,52.350
8.540551,3927,2051,4945,52.350
8.546208,3926,2051,4946,52.350
8.550664,3925,2052,4947,52.350
8.556338,3924,2051,4944,52.350
8.560815,3925,2050,4940,52.350
8.566497,3923,2049,4938,52.350
8.570932,3919,2048,4939,52.350
8.575152,3916,2046,4944,52.350
8.580808,3913,2043,4944,52.350
8.585471,3912,2041,4945,52.350
8.591229,3912,2041,4943,52.350
8.595670,3912,2040,4937,52.350
8.601293,3912,2040,4936,52.350
8.605730,3912,2039,4934,52.350
8.611430,3912,2039,4934,52.350
8.615887,3914,2038,4935,52.350
8.620324,3916,2036,4935,52.350
8.626023,3918,2035,4934,52.350
8.630469,3920,2034,4934,52.350
8.636118,3921,2033,4933,52.350
8.640595,3923,2035,4931,52.350
8.646331,3924,2036,4929,52.350
8.650761,3925,2035,4928,52.350
8.655138,3925,2036,4927,52.350
8.660883,3926,2036,4926,52.350
8.665306,3926,2036,4925,52.350
8.670983,3925,2037,4925,52.350
8.675420,3923,2039,4923,52.350
8.681164,3923,2041,4925,52.350
8.685513,3923,2044,4927,52.350
8.691248,3923,2046,4928,52.350
8.695666,3923,2047,4929,52.350
8.700059,3922,2048,4933,52.350
8.705813,3921,2048,4936,52.350
8.710310,3921,2046,4938,52.350
8.715911,3922,2046,4939,52.350
8.720386,3924,2047,4938,52.350
8.726056,3925,2047,4937,52.350
8.730213,3924,2049,4937,52.350
8.734876,3922,2051,4936,52.350
8.740617,3920,2053,4935,52.350
8.745044,3920,2053,4935,52.350
8.750791,3920,2054,4934,52.350
8.755198,3921,2055,4934,52.350
8.760878,3922,2055,4934,52.350
8.765273,3922,2055,4934,52.350
8.771044,3923,2053,4933,52.350
8.775446,3922,2052,4933,52.350
8.779935,3920,2050,4931,52.350
8.785554,3919,2047,4930,52.350
8.790029,3917,2046,4928,52.350
8.795705,3917,2044,4925,52.350
8.800220,3916,2044,4923,52.350
8.805836,3916,2044,4920,52.350
8.810273,3914,2043,4921,52.350
8.814689,3911,2042,4921,52.350
8.820402,3907,2042,4919,52.350
8.824646,3905,2040,4918,52.350
8.830506,3905,2040,4919,52.350
8.835005,3904,2041,4919,52.350
8.840684,3904,2041,4921,52.350
8.845096,3905,2042,4924,52.350
8.850805,3908,2044,4928,52.350
8.855295,3910,2046,4931,52.350
8.859671,3913,2047,4932,52.350
8.865423,3914,2048,4934,52.350
8.869809,3914,2047,4934,52.350
8.875494,3914,2048,4934,52.350
8.879892,3914,2049,4936,52.350
8.885609,3913,2049,4938,52.350
8.890064,3914,2051,4940,52.350
8.894474,3914,2051,4941,52.350
8.900190,3917,2051,4943,52.350
8.904628,3919,2053,4942,52.350
8.910340,3922,2054,4940,52.350
8.914739,3924,2054,4940,52.350
8.920428,3926,2056,4935,52.350
8.924879,3927,2055,4933,52.350
8.930577,3927,2055,4934,52.350
8.935019,3928,2054,4935,52.350
8.939397,3926,2052,4935,52.350
8.945198,3924,2051,4935,52.350
8.949588,3922,2050,4933,52.350
8.955294,3921,2050,4931,52.350
8.959725,3919,2050,4928,52.350
8.965187,3918,2051,4925,52.350
8.969848,3917,2052,4924,52.350
8.974273,3916,2050,4922,52.350
8.979904,3915,2049,4922,52.350
8.984417,3915,2047,4923,52.350
8.990036,3915,2046,4925,52.350
8.994539,3917,2045,4928,52.350
9.000279,3919,2047,4929,52.350
9.004464,3923,2048,4929,52.350
9.010329,3925,2050,4928,52.350
9.014628,3925,2053,4925,52.350
9.019166,3926,2054,4923,52.350
9.024939,3925,2054,4923,52.350
9.029442,3924,2054,4919,52.350
9.035002,3925,2050,4916,52.350
9.039488,3926,2047,4916,52.350
9.045254,3929,2046,4915,52.350
9.049363,3929,2046,4917,52.350
9.054061,3928,2047,4917,52.350
9.059441,3928,2049,4916,52.350
9.063835,3928,2051,4915,52.350
9.069642,3928,2051,4914,52.350
9.074309,3929,2050,4915,52.350
9.079981,3930,2050,4917,52.350
9.084409,3929,2051,4919,52.350
9.089903,3929,2053,4920,52.350
9.094535,3929,2055,4918,52.350
9.099006,3930,2058,4915,52.350
9.104687,3932,2060,4911,52.350
9.109107,3934,2062,4911,52.350
9.114767,3937,2063,4913,52.350
9.119286,3939,2063,4917,52.350
9.124958,3940,2064,4921,52.350
9.129419,3940,2064,4924,52.350
9.133796,3940,2065,4925,52.350
9.139548,3940,2067,4927,52.350
9.143692,3940,2067,4928,52.350
9.149611,3940,2067,4926,52.350
9.154081,3941,2066,4924,52.350
9.159784,3939,2064,4923,52.350
9.164179,3938,2063,4922,52.350
9.169902,3936,2061,4924,52.350
9.174363,3935,2059,4926,52.350
9.178727,3933,2059,4929,52.350
9.184477,3932,2059,4931,52.350
9.188910,3933,2061,4934,52.350
9.194553,3932,2063,4933,52.350
9.199010,3932,2066,4930,52.350
9.204786,3933,2068,4928,52.350
9.208928,3932,2067,4924,52.350
9.213584,3933,2064,4923,52.350
9.219286,3933,2061,4921,52.350
9.223748,3933,2058,4920,52.350
9.229392,3934,2057,4920,52.350
9.233990,3934,2057,4920,52.350
9.239530,3936,2055,4922,52.350
9.243982,3938,2055,4926,52.350
9.249701,3940,2053,4930,52.350
9.254126,3943,2050,4932,52.350
9.258553,3945,2048,4934,52.350
9.264267,3942,2048,4936,52.350
9.268665,3939,2047,4937,52.350
9.274386,3935,2046,4940,52.350
9.278828,3932,2046,4943,52.350
9.284495,3931,2045,4946,52.350
9.288937,3932,2045,4948,52.350
9.293126,3932,2046,4947,52.350
9.298856,3932,2046,4945,52.350
9.303206,3931,2046,4943,52.350
9.308947,3932,2044,4940,52.350
9.313655,3933,2042,4937,52.350
9.319342,3933,2040,4935,52.350
9.323747,3931,2038,4932,52.350
9.329466,3929,2036,4930,52.350
9.333939,3927,2037,4930,52.350
9.338334,3929,2036,4929,52.350
9.344079,3930,2035,4932,52.350
9.348477,3931,2034,4932,52.350
9.354140,3932,2035,4931,52.350
9.358595,3930,2035,4932,52.350
9.364252,3927,2036,4933,52.350
9.368728,3926,2036,4932,52.350
9.373128,3925,2037,4932,52.350
9.378865,3925,2039,4929,52.350
9.383299,3926,2041,4927,52.350
9.388932,3927,2043,4926,52.350
9.393416,3928,2044,4927,52.350
9.399024,3931,2045,4928,52.350
9.403590,3933,2045,4931,52.350
9.409253,3934,2046,4930,52.350
9.413681,3932,2047,4929,52.350
9.418106,3928,2049,4929,52.350
9.423838,3925,2050,4931,52.350
9.428277,3923,2051,4929,52.350
9.433969,3921,2052,4930,52.350
9.438396,3921,2052,4932,52.350
9.444084,3920,2051,4932,52.350
9.448520,3919,2049,4934,52.350
9.452891,3918,2047,4936,52.350
9.458693,3917,2045,4939,52.350
9.463093,3918,2045,4939,52.350
9.468762,3918,2044,4940,52.350
9.473181,3919,2043,4942,52.350
9.478916,3920,2042,4940,52.350
9.483054,3921,2042,4940,52.350
9.489011,3925,2042,4941,52.350
9.493462,3929,2044,4942,52.350
9.497851,3931,2046,4940,52.350
9.503574,3933,2047,4938,52.350
9.507991,3935,2051,4933,52.350
9.513688,3937,2053,4930,52.350
9.518142,3938,2054,4930,52.350
9.523868,3940,2054,4930,52.350
9.528288,3941,2054,4930,52.350
9.532700,3943,2053,4933,52.350
9.538400,3943,2052,4933,52.350
9.542845,3944,2050,4933,52.350
9.548520,3946,2049,4933,52.350
9.552978,3945,2049,4933,52.350
9.558639,3942,2049,4935,52.350
9.563117,3939,2049,4935,52.350
9.568803,3935,2049,4935,52.350
9.573292,3931,2048,4934,52.350
9.577363,3930,2047,4933,52.350
9.583370,3930,2048,4932,52.350
9.587764,3929,2047,4930,52.350
9.593182,3929,2048,4929,52.350
9.597916,3928,2048,4927,52.350
9.603595,3928,2047,4927,52.350
9.608039,3927,2046,4926,52.350
9.612424,3926,2046,4922,52.350
9.618192,3925,2046,4922,52.350
9.622588,3924,2044,4921,52.350
9.628288,3923,2043,4918,52.350
9.632819,3922,2043,4920,52.350
9.638418,3921,2042,4923,52.350
9.642824,3920,2043,4924,52.350
9.648553,3919,2043,4926,52.350
9.653021,3917,2042,4925,52.350
9.657456,3915,2040,4923,52.350
9.663179,3915,2038,4924,52.350
9.667538,3915,2036,4925,52.350
9.673268,3916,2036,4930,52.350
9.677683,3918,2035,4936,52.350
9.683357,3920,2037,4940,52.350
9.687832,3922,2037,4941,52.350
9.692236,3925,2039,4942,52.350
9.698022,3927,2039,4941,52.350
9.702344,3928,2041,4941,52.350
9.708024,3928,2044,4941,52.350
9.712540,3928,2048,4940,52.350
9.718212,3925,2052,4943,52.350
9.722659,3922,2055,4947,52.350
9.728372,3920,2057,4949,52.350
9.732769,3918,2057,4953,52.350
9.737202,3919,2057,4957,52.350
9.742926,3920,2056,4956,52.350
9.747340,3923,2056,4954,52.350
9.753017,3925,2057,4950,52.350
9.757463,3927,2061,4940,52.350
9.763218,3928,2063,4935,52.350
9.767615,3927,2065,4930,52.350
9.771995,3928,2067,4927,52.350
9.777738,3928,2067,4927,52.350
9.781863,3930,2067,4927,52.350
9.787812,3933,2065,4930,52.350
9.792307,3935,2063,4932,52.350
9.797955,3935,2060,4932,52.350
9.802423,3935,2059,4931,52.350
9.808136,3934,2060,4931,52.350
9.812552,3932,2058,4930,52.350
9.817039,3932,2056,4934,52.350
9.822678,3932,2053,4936,52.350
9.827152,3931,2051,4936,52.350
9.832810,3931,2050,4936,52.350
9.837288,3930,2050,4935,52.350
9.842932,3927,2051,4935,52.350
9.847423,3928,2053,4933,52.350
9.851792,3928,2053,4932,52.350
9.857567,3927,2053,4931,52.350
9.861948,3928,2053,4931,52.350
9.867638,3929,2052,4929,52.350
9.872073,3929,2051,4927,52.350
9.877775,3932,2049,4925,52.350
9.882195,3932,2049,4921,52.350
9.887941,3932,2051,4918,52.350
9.892356,3933,2053,4917,52.350
9.896761,3933,2057,4914,52.350
9.902483,3933,2058,4913,52.350
9.906897,3933,2059,4914,52.350
9.912592,3933,2059,4916,52.350
9.917032,3931,2060,4920,52.350
9.922737,3930,2062,4922,52.350
9.927170,3928,2063,4924,52.350
9.931611,3928,2064,4923,52.350
9.937345,3930,2064,4925,52.350
9.941730,3931,2061,4927,52.350
9.947377,3933,2059,4928,52.350
9.951828,3935,2057,4930,52.350
9.957541,3936,2055,4928,52.350
9.961992,3938,2054,4928,52.350
9.967706,3940,2052,4926,52.350
9.972151,3940,2052,4926,52.350
9.976541,3939,2051,4926,52.350
9.982257,3937,2052,4925,52.350
9.986662,3934,2053,4924,52.350
9.992368,3931,2053,4922,52.350
9.996796,3929,2054,4923,52.350
10.002496,3928,2055,4923,52.350
10.006650,3928,2056,4924,52.350
10.011024,3928,2056,4928,52.350
10.016795,3928,2055,4932,52.350
10.021367,3929,2055,4936,52.350
10.027218,3927,2057,4940,52.350
10.031312,3927,2057,4942,52.350
10.037324,3928,2057,4944,52.350
10.041756,3928,2057,4944,52.350
10.047522,3928,2056,4947,52.350
10.051961,3929,2054,4946,52.350
10.056307,3929,2053,4949,52.350
10.062086,3929,2052,4952,52.350
10.066487,3929,2051,4953,52.350
10.072165,3929,2049,4954,52.350
10.076600,3929,2048,4952,52.350
10.082302,3929,2049,4951,52.350
10.086710,3929,2048,4948,52.350
10.091203,3930,2049,4944,52.350
10.096630,3929,2051,4940,52.350
10.101289,3926,2052,4937,52.350
10.106934,3925,2053,4934,52.350
10.111434,3924,2053,4931,52.350
10.117087,3922,2053,4928,52.350
10.121536,3924,2053,4925,52.350
10.127294,3925,2053,4922,52.350
10.131682,3925,2053,4919,52.350
10.136143,3925,2052,4917,52.350
10.141814,3924,2050,4914,52.350
10.146271,3924,2048,4912,52.350
10.151902,3926,2044,4915,52.350
10.156405,3928,2042,4916,52.350
10.162127,3929,2041,4917,52.350
10.166494,3930,2042,4917,52.350
10.170917,3930,2044,4915,52.350
10.176655,3930,2046,4913,52.350
10.180914,3932,2046,4911,52.350
10.186726,3933,2046,4911,52.350
10.191200,3934,2046,4911,52.350
10.196740,3935,2045,4914,52.350
10.201333,3934,2044,4917,52.350
10.207067,3934,2043,4915,52.350
10.211476,3933,2042,4912,52.350
10.215928,3932,2042,4909,52.350
10.221597,3930,2042,4907,52.350
10.226028,3929,2043,4908,52.350
10.231712,3929,2044,4914,52.350
10.236191,3928,2046,4919,52.350
10.241873,3927,2049,4922,52.350
10.246334,3928,2051,4927,52.350
10.250723,3927,2051,4931,52.350
10.256446,3927,2050,4935,52.350
10.260847,3928,2048,4937,52.350
10.266490,3928,2046,4937,52.350
10.270984,3927,2045,4937,52.350
10.276715,3927,2047,4935,52.350
10.281142,3924,2049,4930,52.350
10.286859,3923,2049,4928,52.350
10.291270,3921,2049,4927,52.350
10.295692,3919,2048,4929,52.350
10.301401,3920,2046,4931,52.350
10.305806,3920,2045,4935,52.350
10.311497,3919,2045,4935,52.350
10.315952,3918,2046,4931,52.350
10.321649,3918,2046,4929,52.350
10.326058,3919,2046,4925,52.350
10.330520,3921,2047,4925,52.350
10.336216,3922,2048,4925,52.350
10.340649,3924,2049,4926,52.350
10.346290,3926,2051,4926,52.350
10.350792,3927,2053,4925,52.350
10.356470,3926,2054,4925,52.350
10.360888,3924,2056,4926,52.350
10.366615,3919,2056,4927,52.350
10.371059,3914,2058,4929,52.350
10.375173,3911,2059,4927,52.350
10.381223,3910,2060,4923,52.350
10.385628,3912,2061,4918,52.350
10.391261,3915,2060,4913,52.350
10.395699,3917,2058,4911,52.350
10.401433,3917,2058,4910,52.350
10.405833,3915,2057,4911,52.350
10.410319,3913,2057,4913,52.350
10.415991,3912,2057,4915,52.350
10.420452,3912,2055,4915,52.350
10.426081,3913,2053,4915,52.350
10.430574,3912,2052,4914,52.350
10.436244,3914,2051,4915,52.350
10.440646,3914,2050,4919,52.350
10.446422,3914,2051,4924,52.350
10.450828,3913,2052,4926,52.350
10.455218,3910,2052,4928,52.350
10.461016,3909,2053,4930,52.350
10.465359,3909,2054,4931,52.350
10.471063,3909,2055,4933,52.350
10.475570,3910,2055,4936,52.350
10.481235,3912,2056,4933,52.350
10.485613,3912,2057,4931,52.350
10.490027,3912,2058,4929,52.350
10.495757,3911,2058,4925,52.350
10.500175,3910,2058,4923,52.350
10.505917,3909,2057,4918,52.350
10.510358,3907,2056,4914,52.350
10.515913,3907,2055,4908,52.350
10.520418,3907,2054,4905,52.350
10.526132,3908,2055,4904,52.350
10.530647,3910,2055,4900,52.350
10.535018,3912,2054,4901,52.350
10.540758,3912,2053,4904,52.350
10.545163,3913,2052,4908,52.350
10.550840,3914,2051,4912,52.350
10.555331,3916,2049,4918,52.350
10.561030,3918,2048,4921,52.350
10.565192,3920,2047,4924,52.350
10.569803,3921,2046,4928,52.350
10.575743,3921,2048,4932,52.350
10.579999,3919,2052,4934,52.350
10.585623,3918,2055,4936,52.350
10.590100,3918,2056,4939,52.350
10.595797,3917,2054,4942,52.350
10.600194,3916,2052,4946,52.350
10.605935,3916,2048,4952,52.350
10.610254,3917,2045,4954,52.350
10.614774,3917,2043,4952,52.350
10.620491,3918,2042,4947,52.350
10.624929,3920,2041,4946,52.350
10.630565,3922,2040,4948,52.350
10.635075,3923,2040,4946,52.350
10.640753,3924,2041,4948,52.350
10.645211,3924,2044,4947,52.350
10.649630,3925,2046,4943,52.350
10.655343,3926,2048,4940,52.350
10.659719,3927,2051,4936,52.350
10.665409,3927,2051,4935,52.350
10.669892,3926,2052,4932,52.350
10.675580,3923,2052,4933,52.350
10.679960,3921,2053,4936,52.350
10.685697,3917,2054,4937,52.350
10.690135,3915,2056,4938,52.350
10.694538,3914,2056,4939,52.350
10.700279,3912,2055,4938,52.350
10.704719,3911,2053,4938,52.350
10.710392,3909,2052,4938,52.350
10.714800,3907,2052,4942,52.350
10.720495,3905,2053,4946,52.350
10.724957,3903,2055,4950,52.350
10.729370,3902,2057,4953,52.350
10.735084,3900,2059,4954,52.350
10.739535,3899,2060,4950,52.350
10.745235,3899,2060,4946,52.350
10.749476,3900,2058,4941,52.350
10.755336,3903,2056,4936,52.350
10.759781,3906,2054,4935,52.350
10.765528,3910,2054,4934,52.350
10.769959,3913,2054,4934,52.350
10.774331,3914,2054,4937,52.350
10.780052,3915,2054,4941,52.350
10.784442,3913,2054,4945,52.350
10.790140,3912,2053,4945,52.350
10.794591,3913,2054,4941,52.350
10.800295,3914,2055,4934,52.350
10.804728,3917,2055,4927,52.350
10.809203,3918,2056,4922,52.350
10.814885,3919,2056,4922,52.350
10.819320,3921,2058,4921,52.350
10.824961,3922,2059,4921,52.350
10.829427,3924,2058,4922,52.350
10.835136,3926,2057,4925,52.350
10.839587,3927,2053,4928,52.350
10.845291,3927,2050,4929,52.350
10.849767,3927,2048,4929,52.350
10.854136,3925,2047,4928,52.350
10.859880,3923,2047,4924,52.350
10.864301,3923,2048,4924,52.350
10.869963,3922,2050,4924,52.350
10.874397,3923,2051,4927,52.350
10.880090,3924,2050,4928,52.350
10.884549,3924,2050,4931,52.350
10.888959,3925,2050,4933,52.350
10.894666,3925,2051,4935,52.350
10.899080,3925,2053,4936,52.350
10.904777,3925,2055,4935,52.350
10.909210,3924,2056,4936,52.350
10.914897,3922,2056,4934,52.350
10.919321,3919,2056,4935,52.350
10.925031,3918,2055,4935,52.350
10.929520,3916,2053,4936,52.350
10.933935,3916,2050,4937,52.350
10.939646,3918,2047,4937,52.350
10.944095,3918,2044,4934,52.350
10.949763,3918,2041,4929,52.350
10.954226,3919,2041,4925,52.350
10.959847,3918,2043,4919,52.350
10.964298,3918,2044,4914,52.350
10.968715,3917,2046,4916,52.350
10.974422,3915,2046,4919,52.350
10.978842,3914,2045,4923,52.350
10.984504,3914,2045,4927,52.350
10.989067,3913,2046,4932,52.350
10.994396,3916,2048,4932,52.350
10.998788,3917,2050,4934,52.350
11.004536,3917,2054,4937,52.350
11.009028,3918,2055,4934,52.350
11.013343,3917,2056,4935,52.350
11.019165,3916,2057,4933,52.350
11.023524,3916,2057,4929,52.350
11.029239,3918,2057,4929,52.350
11.033661,3919,2057,4928,52.350
11.039626,3918,2057,4928,52.350
11.044085,3917,2057,4929,52.350
11.048297,3916,2057,4929,52.350
11.054302,3915,2056,4931,52.350
11.058706,3915,2054,4933,52.350
11.064000,3916,2053,4934,52.350
11.068784,3919,2053,4937,52.350
11.074450,3921,2054,4937,52.350
11.078946,3924,2055,4937,52.350
11.084607,3925,2057,4937,52.350
11.089068,3924,2059,4934,52.350
11.093171,3924,2060,4933,52.350
11.099196,3924,2061,4931,52.350
11.103616,3924,2062,4929,52.350
11.109285,3926,2060,4930,52.350
11.113749,3928,2059,4929,52.350
11.119438,3929,2057,4931,52.350
11.123865,3929,2056,4934,52.350
11.128353,3928,2056,4936,52.350
11.134015,3927,2055,4938,52.350
11.138474,3925,2055,4939,52.350
11.143938,3923,2053,4937,52.350
11.148599,3922,2053,4937,52.350
11.154267,3920,2053,4938,52.350
11.158679,3917,2053,4937,52.350
11.164381,3916,2053,4936,52.350
11.168802,3914,2052,4935,52.350
11.173291,3915,2050,4933,52.350
11.178963,3916,2050,4932,52.350
11.183415,3918,2050,4930,52.350
11.189058,3920,2052,4929,52.350
11.193517,3920,2052,4926,52.350
11.199218,3921,2051,4924,52.350
11.203629,3921,2049,4925,52.350
11.208056,3924,2048,4925,52.350
11.213778,3926,2047,4925,52.350
11.218206,3927,2046,4926,52.350
11.223864,3928,2044,4926,52.350
11.228352,3928,2043,4925,52.350
11.234047,3926,2041,4924,52.350
11.238468,3925,2041,4922,52.350
11.244207,3924,2040,4920,52.350
11.248675,3923,2040,4919,52.350
11.252988,3923,2042,4918,52.350
11.258752,3923,2043,4920,52.350
11.263178,3923,2045,4922,52.350
11.268853,3922,2045,4926,52.350
11.273273,3921,2045,4927,52.350
11.279033,3921,2044,4928,52.350
11.283407,3923,2043,4930,52.350
11.287840,3925,2042,4929,52.350
11.293547,3928,2041,4930,52.350
11.297940,3931,2041,4933,52.350
11.303681,3932,2041,4934,52.350
11.308101,3934,2043,4936,52.350
11.313815,3936,2045,4939,52.350
11.318250,3939,2047,4939,52.350
11.323961,3939,2048,4942,52.350
11.328431,3938,2049,4941,52.350
11.332792,3936,2050,4940,52.350
11.338564,3932,2051,4939,52.350
11.342973,3929,2053,4938,52.350
11.348666,3927,2055,4936,52.350
11.353068,3927,2056,4934,52.350
11.358824,3927,2057,4933,52.350
11.363247,3928,2058,4929,52.350
11.367604,3928,2058,4930,52.350
11.373340,3928,2059,4932,52.350
11.377757,3928,2058,4935,52.350
11.383429,3928,2057,4935,52.350
11.387915,3928,2057,4935,52.350
11.393597,3929,2057,4932,52.350
11.398003,3931,2059,4932,52.350
11.403750,3931,2060,4933,52.350
11.408154,3929,2062,4932,52.350
11.412583,3928,2062,4935,52.350
11.418293,3928,2062,4934,52.350
11.422729,3929,2062,4934,52.350
11.428396,3930,2062,4934,52.350
11.432945,3932,2061,4936,52.350
11.438532,3934,2061,4939,52.350
11.443030,3935,2061,4942,52.350
11.447398,3934,2061,4945,52.350
11.453139,3932,2060,4944,52.350
11.457529,3930,2059,4942,52.350
11.463236,3929,2058,4941,52.350
11.467671,3928,2057,4940,52.350
11.473402,3927,2055,4942,52.350
11.477781,3925,2055,4945,52.350
11.483491,3922,2055,4946,52.350
11.487909,3919,2056,4947,52.350
11.492337,3917,2057,4945,52.350
11.498056,3918,2058,4943,52.350
11.502492,3919,2056,4941,52.350
11.508213,3919,2055,4940,52.350
11.512612,3919,2053,4940,52.350
11.518105,3918,2053,4937,52.350
11.522720,3918,2054,4933,52.350
11.527139,3916,2053,4929,52.350
11.532877,3915,2053,4926,52.350
11.537307,3915,2053,4923,52.350
11.543006,3915,2051,4923,52.350
11.547458,3916,2051,4923,52.350
11.553142,3919,2051,4925,52.350
11.557602,3923,2050,4926,52.350
11.563344,3925,2050,4926,52.350
11.567771,3927,2049,4924,52.350
11.572145,3927,2050,4921,52.350
11.577836,3923,2051,4916,52.350
11.582346,3918,2052,4915,52.350
11.587938,3914,2053,4917,52.350
11.592429,3911,2054,4920,52.350
11.598134,3912,2055,4926,52.350
11.602502,3914,2056,4930,52.350
11.606925,3918,2056,4935,52.350
11.612393,3921,2054,4939,52.350
11.616770,3923,2053,4944,52.350
11.622758,3925,2053,4943,52.350
11.627305,3924,2054,4942,52.350
11.632899,3924,2054,4939,52.350
11.637345,3923,2052,4937,52.350
11.643071,3921,2052,4932,52.350
11.647510,3920,2052,4931,52.350
11.651910,3918,2054,4930,52.350
11.657651,3918,2057,4931,52.350
11.662084,3917,2059,4933,52.350
11.667780,3917,2060,4931,52.350
11.672183,3917,2058,4932,52.350
11.677843,3918,2056,4931,52.350
11.682317,3917,2054,4927,52.350
11.686899,3918,2052,4924,52.350
11.692446,3920,2050,4922,52.350
11.696875,3921,2049,4919,52.350
11.702247,3923,2049,4919,52.350
11.706989,3925,2049,4917,52.350
11.712696,3927,2048,4917,52.350
11.717160,3928,2046,4916,52.350
11.722834,3929,2046,4916,52.350
11.727315,3928,2044,4919,52.350
11.731700,3928,2045,4922,52.350
11.737522,3929,2046,4923,52.350
11.741799,3930,2045,4924,52.350
11.747480,3932,2045,4923,52.350
11.751749,3933,2044,4924,52.350
11.757741,3932,2042,4927,52.350
11.762128,3931,2041,4929,52.350
11.766523,3929,2043,4933,52.350
11.772258,3928,2045,4936,52.350
11.776710,3928,2047,4937,52.350
11.782043,3928,2050,4936,52.350
11.786801,3928,2053,4935,52.350
11.792473,3928,2055,4935,52.350
11.796753,3925,2056,4935,52.350
11.802606,3923,2059,4938,52.350
11.807069,3922,2059,4940,52.350
11.811527,3921,2058,4941,52.350
11.817281,3922,2057,4940,52.350
11.821613,3923,2056,4939,52.350
11.827258,3926,2054,4938,52.350
11.831716,3927,2054,4936,52.350
11.837417,3927,2053,4935,52.350
11.841850,3927,2052,4934,52.350
11.846338,3926,2053,4930,52.350
11.852032,3923,2053,4930,52.350
11.856431,3923,2054,4930,52.350
11.861876,3922,2055,4932,52.350
11.866613,3920,2055,4933,52.350
11.872262,3918,2055,4934,52.350
11.876686,3916,2054,4934,52.350
11.882266,3916,2055,4931,52.350
11.886839,3916,2055,4929,52.350
11.891308,3918,2054,4928,52.350
11.896966,3919,2053,4929,52.350
11.901425,3921,2051,4929,52.350
11.907062,3922,2049,4929,52.350
11.911547,3922,2051,4928,52.350
11.917223,3923,2052,4926,52.350
11.921687,3923,2053,4923,52.350
11.926112,3925,2055,4923,52.350
11.931793,3926,2057,4922,52.350
11.936206,3926,2058,4920,52.350
11.941933,3928,2058,4917,52.350
11.946388,3928,2058,4917,52.350
11.952101,3929,2057,4918,52.350
11.956463,3930,2057,4919,52.350
11.962246,3930,2057,4920,52.350
11.966647,3931,2059,4921,52.350
11.971027,3930,2060,4919,52.350
11.976810,3927,2061,4918,52.350
11.981213,3925,2062,4923,52.350
11.986864,3922,2062,4923,52.350
11.991288,3921,2062,4926,52.350
11.996997,3920,2060,4930,52.350
12.001446,3921,2059,4932,52.350
12.005544,3924,2056,4932,52.350
12.011557,3925,2053,4933,52.350
12.015703,3928,2051,4932,52.350
12.021662,3929,2049,4932,52.350
12.026167,3931,2047,4934,52.350
12.031541,3933,2046,4936,52.350
12.036273,3934,2045,4937,52.350
12.041982,3935,2045,4937,52.350
12.046535,3937,2046,4936,52.350
12.050795,3938,2047,4935,52.350
12.056592,3937,2049,4935,52.350
12.060953,3937,2050,4939,52.350
12.066620,3935,2051,4938,52.350
12.071083,3934,2050,4934,52.350
12.076817,3934,2049,4930,52.350
12.081200,3934,2050,4927,52.350
12.085616,3934,2051,4924,52.350
12.091373,3933,2052,4927,52.350
12.095553,3932,2052,4931,52.350
12.101197,3931,2050,4935,52.350
12.105908,3930,2051,4938,52.350
12.111631,3930,2051,4942,52.350
12.115994,3930,2053,4944,52.350
12.121749,3930,2054,4945,52.350
12.126170,3930,2055,4945,52.350
12.130589,3928,2054,4943,52.350
12.136343,3928,2052,4942,52.350
12.140769,3926,2052,4940,52.350
12.146392,3926,2052,4938,52.350
12.150885,3927,2053,4938,52.350
12.156590,3926,2053,4939,52.350
12.160966,3927,2053,4937,52.350
12.165109,3925,2054,4934,52.350
12.171154,3925,2056,4931,52.350
12.175533,3926,2057,4925,52.350
12.181082,3927,2059,4922,52.350
12.185674,3927,2058,4920,52.350
12.191401,3928,2057,4919,52.350
12.195792,3928,2056,4920,52.350
12.201500,3928,2056,4922,52.350
12.205995,3929,2057,4923,52.350
12.210386,3930,2058,4923,52.350
12.216115,3932,2058,4925,52.350
12.220572,3933,2059,4927,52.350
12.226213,3932,2058,4928,52.350
12.230642,3931,2057,4929,52.350
12.236366,3929,2056,4929,52.350
12.240814,3927,2055,4925,52.350
12.245176,3925,2055,4923,52.350
12.250704,3924,2054,4923,52.350
12.255346,3923,2053,4923,52.350
12.261059,3921,2052,4926,52.350
12.265468,3920,2050,4929,52.350
12.271171,3919,2049,4934,52.350
12.275611,3918,2051,4941,52.350
12.281369,3918,2052,4945,52.350
12.285715,3919,2053,4946,52.350
12.290168,3919,2054,4947,52.350
12.295886,3920,2054,4945,52.350
12.300286,3922,2052,4940,52.350
12.305979,3924,2048,4936,52.350
12.310408,3923,2043,4932,52.350
12.316135,3922,2041,4929,52.350
12.320569,3921,2039,4926,52.350
12.324974,3918,2040,4924,52.350
12.330740,3915,2041,4921,52.350
12.335176,3913,2041,4917,52.350
12.340800,3911,2040,4913,52.350
12.345307,3913,2038,4910,52.350
12.350934,3915,2037,4907,52.350
12.355408,3917,2037,4905,52.350
12.361143,3918,2036,4905,52.350
12.365541,3918,2036,4906,52.350
12.369928,3918,2035,4906,52.350
12.375721,3916,2033,4904,52.350
12.380057,3916,2034,4903,52.350
12.385792,3917,2035,4903,52.350
12.390207,3919,2036,4904,52.350
12.395934,3922,2037,4907,52.350
12.400330,3925,2037,4908,52.350
12.404770,3925,2038,4907,52.350
12.410474,3923,2039,4908,52.350
12.414925,3921,2041,4909,52.350
12.420580,3920,2042,4912,52.350
12.425080,3920,2044,4915,52.350
12.430760,3920,2045,4917,52.350
12.435174,3920,2046,4917,52.350
12.440847,3919,2047,4917,52.350
12.445345,3920,2048,4918,52.350
12.449713,3920,2049,4919,52.350
12.455497,3921,2049,4919,52.350
12.459870,3921,2049,4919,52.350
12.465573,3919,2048,4919,52.350
12.470013,3919,2048,4920,52.350
12.475716,3919,2047,4921,52.350
12.480136,3919,2048,4922,52.350
12.484587,3921,2050,4921,52.350
12.490256,3922,2053,4917,52.350
12.494685,3923,2055,4913,52.350
12.500376,3925,2057,4912,52.350
12.504848,3927,2058,4912,52.350
12.510495,3929,2059,4911,52.350
12.514972,3932,2060,4913,52.350
12.520652,3934,2060,4914,52.350
12.524795,3934,2059,4915,52.350
12.529514,3935,2059,4919,52.350
12.535304,3934,2058,4920,52.350
12.539658,3935,2057,4922,52.350
12.545351,3938,2057,4924,52.350
12.549818,3940,2057,4926,52.350
12.555488,3941,2055,4930,52.350
12.559889,3941,2053,4933,52.350
12.564363,3941,2050,4935,52.350
12.570030,3939,2049,4934,52.350
12.574483,3937,2049,4933,52.350
12.580156,3934,2050,4933,52.350
12.584672,3930,2051,4933,52.350
12.590318,3928,2050,4932,52.350
12.594714,3926,2051,4929,52.350
12.600405,3925,2049,4923,52.350
12.604863,3923,2048,4919,52.350
12.609098,3921,2049,4916,52.350
12.615042,3919,2050,4915,52.350
12.619436,3919,2052,4917,52.350
12.625084,3918,2054,4915,52.350
12.629574,3919,2054,4914,52.350
12.635288,3920,2054,4915,52.350
12.639698,3920,2053,4915,52.350
12.644134,3920,2055,4917,52.350
12.649877,3920,2055,4919,52.350
12.654342,3919,2055,4923,52.350
12.659971,3920,2054,4928,52.350
12.664396,3920,2051,4933,52.350
12.670089,3922,2048,4940,52.350
12.674503,3924,2044,4943,52.350
12.680244,3924,2042,4943,52.350
12.684631,3926,2040,4941,52.350
12.689098,3926,2039,4938,52.350
12.694812,3926,2039,4935,52.350
12.699211,3925,2039,4935,52.350
12.704886,3926,2038,4936,52.350
12.709371,3928,2037,4936,52.350
12.715014,3930,2034,4933,52.350
12.719474,3933,2034,4929,52.350
12.723975,3935,2034,4923,52.350
12.729628,3936,2034,4918,52.350
12.734078,3934,2036,4916,52.350
12.739710,3933,2036,4917,52.350
12.744216,3930,2038,4918,52.350
12.749896,3928,2039,4922,52.350
12.754299,3927,2039,4922,52.350
12.760043,3925,2039,4922,52.350
12.764443,3925,2038,4922,52.350
12.768857,3924,2036,4923,52.350
12.774585,3925,2037,4924,52.350
12.778982,3925,2037,4927,52.350
12.784660,3925,2039,4931,52.350
12.789125,3925,2041,4931,52.350
12.794809,3924,2044,4932,52.350
12.799272,3922,2046,4930,52.350
12.803699,3921,2047,4929,52.350
12.809426,3920,2048,4930,52.350
12.813835,3919,2049,4932,52.350
12.819492,3918,2050,4933,52.350
12.823980,3918,2052,4937,52.350
12.829633,3918,2054,4937,52.350
12.834128,3918,2056,4938,52.350
12.839787,3919,2058,4937,52.350
12.844314,3919,2059,4935,52.350
12.848638,3920,2058,4932,52.350
12.854372,3921,2058,4932,52.350
12.858766,3922,2059,4932,52.350
12.864478,3922,2059,4935,52.350
12.868886,3922,2060,4939,52.350
12.874632,3921,2060,4942,52.350
12.879018,3921,2060,4945,52.350
12.883437,3922,2059,4946,52.350
12.889218,3923,2057,4947,52.350
12.893594,3923,2056,4949,52.350
12.899229,3924,2054,4951,52.350
12.903725,3923,2054,4953,52.350
12.909420,3923,2053,4955,52.350
12.913835,3922,2051,4956,52.350
12.919576,3921,2052,4955,52.350
12.923984,3921,2053,4955,52.350
12.928429,3920,2054,4954,52.350
12.934151,3920,2056,4953,52.350
12.938575,3921,2057,4953,52.350
12.944250,3922,2058,4951,52.350
12.948736,3923,2060,4950,52.350
12.954363,3923,2062,4947,52.350
12.958810,3923,2063,4944,52.350
12.963252,3925,2063,4939,52.350
12.968935,3927,2062,4934,52.350
12.973378,3929,2059,4932,52.350
12.979019,3930,2057,4931,52.350
12.983465,3930,2054,4932,52.350
12.989210,3929,2052,4933,52.350
12.993603,3928,2051,4936,52.350
12.999261,3927,2051,4938,52.350
13.003783,3926,2051,4938,52.350
13.007895,3925,2050,4939,52.350
13.013715,3922,2049,4940,52.350
13.018315,3920,2049,4939,52.350
13.023996,3917,2046,4938,52.350
13.028464,3914,2046,4935,52.350
13.034118,3913,2045,4933,52.350
13.038667,3913,2046,4932,52.350
13.042983,3913,2047,4931,52.350
13.048752,3913,2049,4932,52.350
13.053182,3913,2051,4928,52.350
13.058840,3914,2053,4925,52.350
13.063260,3915,2053,4921,52.350
13.069015,3917,2053,4917,52.350
13.073399,3918,2052,4916,52.350
13.079110,3919,2052,4918,52.350
13.083553,3919,2052,4920,52.350
13.087925,3920,2054,4922,52.350
13.093695,3921,2055,4924,52.350
13.098076,3925,2054,4923,52.350
13.103795,3927,2052,4923,52.350
13.108289,3928,2050,4922,52.350
13.113897,3928,2050,4920,52.350
13.118345,3927,2050,4921,52.350
13.122772,3927,2050,4921,52.350
13.128365,3927,2049,4922,52.350
13.132959,3927,2049,4923,52.350
13.138633,3929,2050,4923,52.350
13.143081,3930,2051,4924,52.350
13.148730,3930,2053,4924,52.350
13.153198,3930,2054,4924,52.350
13.158891,3928,2054,4925,52.350
13.163529,3928,2053,4925,52.350
13.167513,3928,2052,4926,52.350
13.173420,3927,2052,4930,52.350
13.177864,3925,2052,4931,52.350
13.183547,3924,2053,4932,52.350
13.187979,3923,2055,4933,52.350
13.193779,3924,2057,4932,52.350
13.198179,3926,2059,4933,52.350
13.202537,3928,2059,4935,52.350
13.208295,3930,2060,4933,52.350
13.212675,3929,2059,4932,52.350
13.218325,3927,2059,4931,52.350
13.222886,3928,2059,4926,52.350
13.228501,3929,2059,4922,52.350
13.232964,3929,2058,4918,52.350
13.238650,3930,2057,4915,52.350
13.243138,3928,2057,4914,52.350
13.247546,3927,2057,4916,52.350
13.253249,3923,2057,4917,52.350
13.257714,3922,2057,4919,52.350
13.263323,3923,2056,4920,52.350
13.267765,3923,2055,4922,52.350
13.273502,3923,2055,4923,52.350
13.277871,3922,2055,4925,52.350
13.282317,3921,2053,4926,52.350
13.288039,3919,2053,4927,52.350
13.292455,3918,2053,4928,52.350
13.298162,3918,2054,4929,52.350
13.302575,3919,2056,4929,52.350
13.308253,3920,2057,4927,52.350
13.312733,3922,2058,4925,52.350
13.318451,3922,2059,4922,52.350
13.322889,3922,2058,4921,52.350
13.327328,3920,2057,4921,52.350
13.333018,3918,2056,4924,52.350
13.337438,3917,2055,4929,52.350
13.343119,3915,2054,4931,52.350
13.347590,3912,2052,4932,52.350
13.353271,3911,2052,4932,52.350
13.357689,3910,2050,4931,52.350
13.362077,3910,2049,4929,52.350
13.367820,3913,2049,4931,52.350
13.372218,3916,2048,4931,52.350
13.377909,3919,2047,4932,52.350
13.382088,3922,2047,4933,52.350
13.388064,3925,2046,4934,52.350
13.392502,3927,2047,4933,52.350
13.398217,3930,2048,4933,52.350
13.402622,3932,2047,4933,52.350
13.407085,3935,2048,4933,52.350
13.412803,3936,2048,4935,52.350
13.416943,3934,2048,4942,52.350
13.422855,3932,2050,4946,52.350
13.427340,3929,2051,4947,52.350
13.433008,3927,2051,4947,52.350
13.437475,3926,2052,4945,52.350
13.441870,3927,2051,4945,52.350
13.447610,3929,2051,4945,52.350
13.451996,3933,2052,4948,52.350
13.457692,3937,2053,4951,52.350
13.462192,3939,2053,4952,52.350
13.467892,3940,2052,4952,52.350
13.472281,3940,2048,4955,52.350
13.477995,3940,2043,4953,52.350
13.482417,3942,2041,4953,52.350
13.486641,3943,2038,4954,52.350
13.492550,3943,2039,4953,52.350
13.496998,3942,2041,4951,52.350
13.502672,3940,2043,4948,52.350
13.507089,3938,2045,4945,52.350
13.512804,3935,2047,4941,52.350
13.517263,3936,2049,4935,52.350
13.521624,3936,2050,4930,52.350
13.527369,3937,2052,4922,52.350
13.531807,3936,2051,4917,52.350
13.537490,3934,2049,4916,52.350
13.541965,3932,2046,4914,52.350
13.547629,3931,2044,4913,52.350
13.552047,3930,2043,4911,52.350
13.557777,3931,2043,4907,52.350
13.562229,3931,2045,4905,52.350
13.566616,3930,2048,4905,52.350
13.572310,3929,2051,4908,52.350
13.576767,3929,2051,4912,52.350
13.582453,3928,2053,4918,52.350
13.586889,3929,2052,4921,52.350
13.592567,3928,2050,4920,52.350
13.597014,3928,2047,4923,52.350
13.601413,3928,2044,4925,52.350
13.607142,3927,2041,4929,52.350
13.611606,3927,2042,4933,52.350
13.617240,3926,2042,4938,52.350
13.621748,3927,2044,4938,52.350
13.627393,3926,2044,4937,52.350
13.631835,3925,2042,4934,52.350
13.637530,3925,2041,4932,52.350
13.642007,3924,2040,4932,52.350
13.646399,3924,2040,4932,52.350
13.652141,3923,2041,4934,52.350
13.656537,3922,2044,4935,52.350
13.662248,3920,2046,4935,52.350
13.666658,3921,2046,4936,52.350
13.672384,3923,2045,4932,52.350
13.676778,3926,2046,4929,52.350
13.681187,3929,2047,4927,52.350
13.686963,3932,2050,4925,52.350
13.691324,3932,2052,4923,52.350
13.697017,3932,2053,4924,52.350
13.701497,3932,2053,4926,52.350
13.707214,3931,2051,4926,52.350
13.711627,3929,2050,4928,52.350
13.717315,3927,2049,4931,52.350
13.721796,3927,2048,4935,52.350
13.726190,3926,2046,4940,52.350
13.731936,3926,2045,4945,52.350
13.736382,3927,2046,4946,52.350
13.742008,3928,2045,4946,52.350
13.746467,3929,2045,4944,52.350
13.751909,3932,2047,4941,52.350
13.756369,3935,2050,4939,52.350
13.760723,3935,2051,4932,52.350
13.766718,3934,2053,4929,52.350
13.771142,3931,2055,4925,52.350
13.776800,3929,2056,4923,52.350
13.781150,3927,2057,4924,52.350
13.786955,3925,2057,4925,52.350
13.791393,3924,2057,4925,52.350
13.797045,3922,2056,4931,52.350
13.801515,3922,2055,4933,52.350
13.805963,3923,2054,4936,52.350
13.811675,3925,2054,4939,52.350
13.816110,3929,2054,4938,52.350
13.821771,3931,2053,4938,52.350
13.826248,3933,2052,4940,52.350
13.831913,3933,2053,4938,52.350
13.836350,3935,2053,4937,52.350
13.840798,3936,2053,4933,52.350
13.846531,3935,2053,4928,52.350
13.850948,3935,2052,4925,52.350
13.856593,3934,2051,4922,52.350
13.861107,3934,2049,4922,52.350
13.866741,3933,2049,4922,52.350
13.871205,3933,2051,4923,52.350
13.876909,3934,2053,4925,52.350
13.881479,3933,2054,4924,52.350
13.885713,3933,2056,4925,52.350
13.891472,3932,2057,4925,52.350
13.895862,3932,2058,4925,52.350
13.901540,3931,2057,4924,52.350
13.906005,3931,2055,4928,52.350
13.911724,3929,2052,4932,52.350
13.915992,3928,2053,4935,52.350
13.920592,3927,2053,4941,52.350
13.926270,3928,2054,4942,52.350
13.930758,3929,2054,4943,52.350
13.936420,3931,2054,4941,52.350
13.940871,3932,2054,4939,52.350
13.946561,3933,2053,4937,52.350
13.950997,3933,2053,4933,52.350
13.956752,3934,2051,4932,52.350
13.961128,3935,2051,4931,52.350
13.965516,3936,2052,4929,52.350
13.971297,3937,2053,4928,52.350
13.975667,3938,2054,4929,52.350
13.981391,3938,2055,4931,52.350
13.985824,3938,2055,4934,52.350
13.991491,3938,2055,4935,52.350
13.995909,3936,2054,4934,52.350
14.000357,3936,2053,4931,52.350
14.005815,3934,2053,4929,52.350
14.010518,3933,2052,4928,52.350
14.015957,3933,2050,4927,52.350
14.020663,3934,2048,4925,52.350
14.026286,3934,2047,4923,52.350
14.030606,3934,2046,4920,52.350
14.036432,3934,2045,4918,52.350
14.040890,3935,2045,4917,52.350
14.045375,3934,2047,4916,52.350
14.051029,3932,2050,4916,52.350
14.055474,3931,2053,4918,52.350
14.061158,3930,2054,4920,52.350
14.065593,3929,2056,4918,52.350
14.071285,3929,2055,4919,52.350
14.075740,3930,2054,4918,52.350
14.080129,3930,2053,4918,52.350
14.085832,3930,2052,4918,52.350
14.090300,3929,2051,4917,52.350
14.095919,3929,2050,4916,52.350
14.100148,3928,2049,4916,52.350
14.105865,3926,2049,4916,52.350
14.110505,3926,2048,4917,52.350
14.116238,3927,2048,4917,52.350
14.120673,3930,2047,4915,52.350
14.125106,3931,2047,4912,52.350
14.130812,3934,2047,4906,52.350
14.135282,3935,2047,4903,52.350
14.140916,3935,2047,4901,52.350
14.145379,3935,2049,4900,52.350
14.151080,3934,2051,4899,52.350
14.155540,3933,2052,4900,52.350
14.159917,3933,2052,4900,52.350
14.165443,3933,2052,4901,52.350
14.170057,3934,2053,4901,52.350
14.175726,3934,2054,4901,52.350
14.180220,3934,2055,4903,52.350
14.185848,3934,2056,4904,52.350
14.190293,3935,2055,4906,52.350
14.195987,3936,2055,4909,52.350
14.200454,3936,2055,4913,52.350
14.204925,3936,2054,4917,52.350
14.210579,3936,2054,4922,52.350
14.215079,3935,2052,4925,52.350
14.220673,3934,2052,4927,52.350
14.225189,3933,2050,4927,52.350
14.230907,3932,2051,4928,52.350
14.235305,3930,2050,4929,52.350
14.239730,3928,2050,4928,52.350
14.245405,3925,2052,4927,52.350
14.249891,3923,2050,4927,52.350
14.255514,3921,2050,4927,52.350
14.260005,3920,2050,4927,52.350
14.265643,3920,2049,4928,52.350
14.270070,3922,2048,4929,52.350
14.275808,3923,2048,4931,52.350
14.280260,3924,2049,4932,52.350
14.284629,3927,2049,4933,52.350
14.290370,3928,2048,4932,52.350
14.294784,3928,2047,4934,52.350
14.300447,3927,2048,4932,52.350
14.304903,3925,2049,4934,52.350
14.310623,3923,2049,4933,52.350
14.314809,3921,2050,4931,52.350
14.319186,3920,2051,4929,52.350
14.324881,3920,2051,4924,52.350
14.329389,3920,2051,4921,52.350
14.335016,3919,2049,4920,52.350
14.339446,3920,2047,4919,52.350
14.345145,3918,2045,4919,52.350
14.349849,3917,2043,4920,52.350
14.355622,3919,2042,4920,52.350
14.360033,3921,2042,4919,52.350
14.364430,3922,2042,4920,52.350
14.370182,3924,2041,4920,52.350
14.374579,3925,2040,4921,52.350
14.380255,3926,2038,4924,52.350
14.384694,3929,2037,4926,52.350
14.390393,3930,2038,4930,52.350
14.394839,3931,2039,4932,52.350
14.399308,3930,2040,4931,52.350
14.404964,3930,2040,4931,52.350
14.409393,3928,2043,4927,52.350
14.415051,3926,2045,4921,52.350
14.419560,3925,2046,4917,52.350
14.425207,3924,2048,4914,52.350
14.429692,3923,2048,4915,52.350
14.435387,3923,2048,4916,52.350
14.439822,3924,2047,4918,52.350
14.444245,3925,2046,4920,52.350
14.449979,3926,2044,4926,52.350
14.454445,3927,2042,4930,52.350
14.460075,3928,2040,4935,52.350
14.464492,3929,2040,4938,52.350
14.470236,3930,2042,4938,52.350
14.474622,3932,2044,4936,52.350
14.479023,3930,2046,4937,52.350
14.484750,3929,2049,4939,52.350
14.489175,3927,2050,4943,52.350
14.494866,3926,2052,4946,52.350
14.499306,3926,2054,4948,52.350
14.504984,3925,2054,4947,52.350
14.509423,3923,2056,4943,52.350
14.515226,3922,2056,4941,52.350
14.519590,3920,2055,4941,52.350
14.523775,3918,2054,4940,52.350
14.529750,3919,2053,4940,52.350
14.534214,3920,2052,4940,52.350
14.539814,3923,2048,4940,52.350
14.544310,3925,2045,4943,52.350
14.549949,3926,2043,4945,52.350
14.554370,3925,2042,4946,52.350
14.558814,3923,2041,4947,52.350
14.564292,3920,2043,4944,52.350
14.569070,3919,2044,4942,52.350
14.574635,3918,2047,4939,52.350
14.579289,3918,2049,4934,52.350
14.584759,3920,2050,4933,52.350
14.589267,3921,2050,4931,52.350
14.594938,3920,2049,4928,52.350
14.599298,3919,2047,4928,52.350
14.603767,3917,2044,4928,52.350
14.609500,3917,2040,4929,52.350
14.613692,3918,2038,4930,52.350
14.619455,3919,2038,4929,52.350
14.623844,3920,2037,4929,52.350
14.629470,3922,2038,4929,52.350
14.633964,3922,2040,4929,52.350
14.638353,3923,2041,4930,52.350
14.644059,3924,2042,4932,52.350
14.648420,3926,2044,4933,52.350
14.654169,3927,2047,4932,52.350
14.658615,3927,2049,4929,52.350
14.664331,3926,2049,4928,52.350
14.668922,3924,2051,4926,52.350
14.674702,3923,2052,4924,52.350
14.679149,3923,2051,4926,52.350
14.683552,3923,2052,4928,52.350
14.689262,3922,2051,4928,52.350
14.693715,3922,2050,4927,52.350
14.699367,3922,2048,4927,52.350
14.703824,3923,2048,4927,52.350
14.709522,3925,2047,4928,52.350
14.713953,3927,2047,4932,52.350
14.718386,3930,2048,4937,52.350
14.724084,3931,2048,4940,52.350
14.728592,3932,2048,4942,52.350
14.734223,3934,2050,4941,52.350
14.738694,3935,2049,4940,52.350
14.744350,3935,2048,4939,52.350
14.748821,3936,2046,4938,52.350
14.754470,3937,2045,4936,52.350
14.758933,3939,2046,4935,52.350
14.763327,3940,2048,4934,52.350
14.769139,3941,2049,4934,52.350
14.773480,3941,2049,4934,52.350
14.779302,3940,2049,4932,52.350
14.783622,3939,2049,4929,52.350
14.789312,3938,2050,4927,52.350
14.793773,3935,2050,4928,52.350
14.798150,3932,2050,4928,52.350
14.803884,3930,2050,4928,52.350
14.808314,3928,2051,4927,52.350
14.813957,3929,2049,4929,52.350
14.818435,3927,2049,4932,52.350
14.824084,3926,2048,4935,52.350
14.828571,3925,2046,4937,52.350
14.834240,3924,2048,4934,52.350
14.838717,3924,2049,4929,52.350
14.843120,3922,2051,4926,52.350
14.848887,3922,2052,4926,52.350
14.853308,3923,2053,4927,52.350
14.858946,3926,2054,4931,52.350
14.863388,3928,2055,4933,52.350
14.869053,3929,2057,4933,52.350
14.873524,3931,2057,4936,52.350
14.877928,3933,2058,4938,52.350
14.883648,3934,2056,4937,52.350
14.888079,3935,2054,4937,52.350
14.893758,3936,2051,4938,52.350
14.898206,3936,2050,4936,52.350
14.903901,3935,2050,4938,52.350
14.908321,3935,2050,4939,52.350
14.914089,3935,2050,4939,52.350
14.918472,3936,2050,4939,52.350
14.922909,3937,2050,4937,52.350
14.928611,3939,2049,4934,52.350
14.933101,3936,2049,4931,52.350
14.938755,3933,2050,4929,52.350
14.943179,3929,2049,4929,52.350
14.948868,3925,2050,4933,52.350
14.953333,3923,2049,4937,52.350
14.957684,3922,2048,4941,52.350
14.963480,3921,2049,4944,52.350
14.967862,3920,2050,4944,52.350
14.973533,3919,2049,4942,52.350
14.978003,3918,2049,4942,52.350
14.983632,3917,2047,4941,52.350
14.988089,3918,2046,4941,52.350
14.993807,3918,2044,4942,52.350
14.998271,3917,2044,4944,52.350
15.002667,3918,2044,4945,52.350
15.008093,3918,2043,4946,52.350
15.012800,3918,2043,4944,52.350
15.018485,3918,2043,4942,52.350
15.022723,3917,2043,4938,52.350
15.028671,3917,2043,4937,52.350
15.032785,3915,2042,4934,52.350
15.037457,3914,2041,4932,52.350
15.043210,3915,2039,4931,52.350
15.047461,3915,2037,4931,52.350
15.053290,3915,2038,4932,52.350
15.057793,3915,2038,4931,52.350
15.063491,3915,2039,4930,52.350
15.067905,3914,2042,4925,52.350
15.073628,3914,2044,4921,52.350
15.078014,3915,2046,4918,52.350
15.082505,3916,2047,4917,52.350
15.088236,3917,2047,4917,52.350
15.092601,3918,2046,4916,52.350
15.098292,3919,2046,4916,52.350
15.102718,3919,2046,4916,52.350
15.108159,3918,2044,4916,52.350
15.112823,3918,2043,4919,52.350
15.117334,3917,2042,4919,52.350
15.122994,3915,2043,4917,52.350
15.127417,3913,2045,4915,52.350
15.133143,3912,2047,4912,52.350
15.137566,3911,2048,4910,52.350
15.143277,3910,2049,4911,52.350
15.147698,3911,2050,4914,52.350
15.153401,3912,2050,4915,52.350
15.157832,3912,2049,4917,52.350
15.162226,3913,2047,4917,52.350
15.167998,3914,2044,4915,52.350
15.172388,3914,2042,4914,52.350
15.178035,3917,2043,4913,52.350
15.182489,3918,2043,4914,52.350
15.188208,3919,2046,4914,52.350
15.192630,3920,2049,4913,52.350
15.197030,3920,2051,4914,52.350
15.202740,3921,2052,4914,52.350
15.207228,3921,2053,4917,52.350
15.212865,3921,2053,4921,52.350
15.217353,3919,2052,4925,52.350
15.223035,3917,2053,4927,52.350
15.227467,3915,2054,4930,52.350
15.233208,3912,2055,4934,52.350
15.237593,3911,2056,4934,52.350
15.242037,3910,2057,4932,52.350
15.247761,3910,2058,4931,52.350
15.251885,3912,2058,4924,52.350
15.257789,3915,2058,4920,52.350
15.262285,3918,2058,4917,52.350
15.267947,3920,2058,4913,52.350
15.272403,3921,2059,4913,52.350
15.276844,3920,2061,4909,52.350
15.282548,3922,2062,4904,52.350
15.286979,3922,2061,4902,52.350
15.292651,3923,2057,4900,52.350
15.297132,3924,2054,4899,52.350
15.302774,3924,2052,4899,52.350
15.307199,3924,2050,4899,52.350
15.312895,3923,2050,4899,52.350
15.317372,3922,2049,4901,52.350
15.321794,3920,2048,4902,52.350
15.327533,3919,2047,4903,52.350
15.331985,3919,2047,4906,52.350
15.337621,3922,2047,4907,52.350
15.342047,3923,2049,4909,52.350
15.347762,3923,2050,4912,52.350
15.352205,3922,2052,4913,52.350
15.356628,3919,2052,4915,52.350
15.362321,3917,2052,4918,52.350
15.366707,3916,2051,4920,52.350
15.372396,3917,2049,4920,52.350
15.376897,3920,2048,4921,52.350
15.382268,3922,2048,4922,52.350
15.387009,3925,2047,4924,52.350
15.392694,3928,2047,4925,52.350
15.396986,3927,2048,4928,52.350
15.401562,3927,2048,4927,52.350
15.407270,3928,2048,4924,52.350
15.411741,3927,2049,4923,52.350
15.417352,3928,2049,4924,52.350
15.421867,3928,2048,4928,52.350
15.427556,3929,2047,4932,52.350
15.431958,3931,2047,4935,52.350
15.436410,3930,2045,4938,52.350
15.442104,3929,2046,4937,52.350
15.446505,3928,2046,4935,52.350
15.452235,3925,2047,4934,52.350
15.456666,3925,2048,4931,52.350
15.462383,3925,2048,4930,52.350
15.466810,3923,2048,4934,52.350
15.472529,3920,2048,4937,52.350
15.476935,3918,2047,4939,52.350
15.481362,3915,2046,4940,52.350
15.487121,3916,2045,4938,52.350
15.491508,3916,2044,4936,52.350
15.497209,3916,2044,4935,52.350
15.501594,3915,2044,4934,52.350
15.507289,3914,2045,4931,52.350
15.511724,3914,2046,4934,52.350
15.516133,3913,2047,4937,52.350
15.521909,3914,2047,4939,52.350
15.526292,3914,2048,4943,52.350
15.531971,3912,2049,4944,52.350
15.536493,3911,2048,4945,52.350
15.542147,3912,2047,4947,52.350
15.546603,3913,2048,4946,52.350
15.552351,3913,2049,4941,52.350
15.556445,3913,2052,4936,52.350
15.561110,3914,2055,4930,52.350
15.566872,3915,2055,4928,52.350
15.571328,3918,2056,4929,52.350
15.576945,3920,2056,4929,52.350
15.581446,3922,2056,4927,52.350
15.587100,3922,2056,4925,52.350
15.591550,3921,2057,4923,52.350
15.595950,3919,2055,4922,52.350
15.601679,3918,2054,4923,52.350
15.606095,3917,2053,4924,52.350
15.611755,3916,2051,4928,52.350
15.616339,3914,2050,4929,52.350
15.621905,3913,2050,4930,52.350
15.626369,3912,2050,4928,52.350
15.632061,3912,2052,4924,52.350
15.636565,3912,2053,4921,52.350
15.640927,3913,2055,4917,52.350
15.646669,3913,2056,4914,52.350
15.651077,3913,2056,4915,52.350
15.656739,3912,2053,4916,52.350
15.661185,3910,2051,4919,52.350
15.666911,3909,2048,4922,52.350
15.671290,3908,2047,4922,52.350
15.675422,3908,2046,4921,52.350
15.681158,3909,2046,4918,52.350
15.685624,3911,2043,4916,52.350
15.691298,3913,2040,4916,52.350
15.695713,3914,2036,4915,52.350
15.701460,3915,2033,4913,52.350
15.706247,3917,2033,4910,52.350
15.711792,3917,2035,4906,52.350
15.716062,3918,2036,4902,52.350
15.720807,3920,2037,4900,52.350
15.726502,3922,2039,4899,52.350
15.730921,3924,2040,4898,52.350
15.736571,3926,2041,4896,52.350
15.741079,3926,2042,4895,52.350
15.746712,3926,2042,4896,52.350
15.750923,3927,2043,4898,52.350
15.755576,3928,2043,4902,52.350
15.761262,3928,2044,4906,52.350
15.765367,3929,2045,4910,52.350
15.771332,3930,2046,4913,52.350
15.775829,3932,2048,4914,52.350
15.781219,3933,2050,4915,52.350
15.785871,3934,2051,4918,52.350
15.791591,3935,2053,4920,52.350
15.796039,3935,2055,4923,52.350
15.800461,3934,2056,4927,52.350
15.806200,3932,2057,4929,52.350
15.810637,3931,2057,4931,52.350
15.816266,3931,2057,4933,52.350
15.820756,3932,2056,4935,52.350
15.826407,3933,2055,4936,52.350
15.830899,3934,2055,4939,52.350
15.835305,3932,2054,4941,52.350
15.840978,3931,2055,4941,52.350
15.845458,3929,2055,4942,52.350
15.851096,3929,2055,4942,52.350
15.855577,3930,2053,4940,52.350
15.861265,3930,2050,4942,52.350
15.865701,3932,2046,4942,52.350
15.871421,3933,2045,4941,52.350
15.875868,3933,2042,4939,52.350
15.880302,3933,2043,4937,52.350
15.885947,3933,2044,4936,52.350
15.890383,3934,2045,4934,52.350
15.896067,3933,2047,4931,52.350
15.900516,3933,2048,4930,52.350
15.906215,3931,2047,4929,52.350
15.910618,3931,2046,4930,52.350
15.915184,3930,2045,4931,52.350
15.920791,3930,2045,4933,52.350
15.925245,3930,2046,4933,52.350
15.930861,3931,2047,4933,52.350
15.935370,3932,2046,4933,52.350
15.941041,3932,2045,4931,52.350
15.945480,3932,2044,4929,52.350
15.951245,3931,2044,4924,52.350
15.955617,3930,2044,4921,52.350
15.960014,3929,2045,4919,52.350
15.965787,3928,2046,4917,52.350
15.970145,3926,2045,4919,52.350
15.975858,3925,2044,4921,52.350
15.980492,3924,2042,4920,52.350
15.986029,3926,2041,4919,52.350
15.990250,3926,2040,4918,52.350
15.994529,3925,2041,4916,52.350
16.000300,3925,2042,4916,52.350
16.004681,3923,2045,4916,52.350
16.010422,3923,2048,4917,52.350
16.014933,3924,2050,4916,52.350
16.020533,3925,2052,4914,52.350
16.024996,3926,2053,4914,52.350
16.030696,3926,2051,4911,52.350
16.035083,3927,2049,4911,52.350
16.039732,3927,2046,4912,52.350
16.045554,3926,2044,4915,52.350
16.049915,3923,2043,4917,52.350
16.055715,3920,2042,4921,52.350
16.060123,3919,2042,4923,52.350
16.065777,3917,2042,4924,52.350
16.070185,3917,2041,4928,52.350
16.074602,3918,2039,4929,52.350
16.080339,3919,2037,4930,52.350
16.084769,3920,2036,4930,52.350
16.090280,3920,2036,4932,52.350
16.094920,3919,2037,4933,52.350
16.100572,3919,2040,4935,52.350
16.105011,3918,2041,4937,52.350
16.110515,3917,2042,4939,52.350
16.114937,3918,2042,4941,52.350
16.119547,3920,2042,4943,52.350
16.125334,3921,2042,4944,52.350
16.129787,3924,2039,4944,52.350
16.135451,3925,2038,4943,52.350
16.139821,3925,2038,4940,52.350
16.145552,3925,2039,4936,52.350
16.149994,3925,2040,4935,52.350
16.154385,3926,2040,4933,52.350
16.160161,3928,2040,4931,52.350
16.164311,3929,2042,4930,52.350
16.170213,3931,2042,4930,52.350
16.174515,3931,2043,4928,52.350
16.180537,3932,2043,4930,52.350
16.184818,3933,2043,4930,52.350
16.190498,3933,2043,4932,52.350
16.194942,3933,2044,4934,52.350
16.199309,3932,2046,4936,52.350
16.205095,3930,2048,4934,52.350
16.209500,3929,2051,4934,52.350
16.215230,3928,2051,4932,52.350
16.219622,3928,2050,4929,52.350
16.225319,3928,2049,4924,52.350
16.229783,3928,2047,4921,52.350
16.234210,3928,2045,4918,52.350
16.239905,3929,2042,4916,52.350
16.244317,3928,2042,4916,52.350
16.250036,3928,2041,4919,52.350
16.254462,3926,2040,4921,52.350
16.260159,3925,2040,4924,52.350
16.264624,3925,2039,4925,52.350
16.270291,3926,2039,4927,52.350
16.274763,3928,2037,4928,52.350
16.279154,3930,2038,4927,52.350
16.284875,3931,2039,4927,52.350
16.289383,3929,2041,4926,52.350
16.294965,3928,2044,4925,52.350
16.299418,3927,2046,4926,52.350
16.305110,3927,2046,4926,52.350
16.309508,3926,2045,4927,52.350
16.313986,3925,2043,4928,52.350
16.319633,3926,2042,4931,52.350
16.324099,3926,2041,4936,52.350
16.329758,3926,2042,4939,52.350
16.334293,3927,2043,4939,52.350
16.339935,3928,2043,4940,52.350
16.344409,3928,2045,4940,52.350
16.350110,3927,2048,4938,52.350
16.354527,3926,2050,4935,52.350
16.358937,3924,2050,4932,52.350
16.364678,3923,2051,4929,52.350
16.369054,3924,2050,4924,52.350
16.374771,3924,2050,4920,52.350
16.379193,3926,2050,4917,52.350
16.384908,3929,2051,4915,52.350
16.389317,3929,2051,4915,52.350
16.393738,3932,2052,4917,52.350
16.399475,3933,2053,4919,52.350
16.403915,3934,2055,4920,52.350
16.409560,3938,2055,4921,52.350
16.414051,3940,2056,4921,52.350
16.419699,3944,2055,4921,52.350
16.424152,3946,2054,4921,52.350
16.429908,3946,2053,4923,52.350
16.434318,3947,2053,4923,52.350
16.438776,3947,2053,4925,52.350
16.444456,3945,2055,4926,52.350
16.448886,3943,2056,4925,52.350
16.454544,3940,2056,4924,52.350
16.458982,3936,2057,4923,52.350
16.464735,3934,2059,4921,52.350
16.469131,3933,2061,4922,52.350
16.473531,3934,2061,4921,52.350
16.479252,3936,2059,4921,52.350
16.483670,3939,2056,4921,52.350
16.489132,3942,2051,4920,52.350
16.493808,3943,2047,4920,52.350
16.499499,3944,2046,4919,52.350
16.503933,3944,2047,4915,52.350
16.509626,3941,2048,4915,52.350
16.514076,3938,2047,4914,52.350
16.518487,3934,2046,4914,52.350
16.524254,3930,2046,4913,52.350
16.528629,3927,2045,4913,52.350
16.534319,3926,2046,4915,52.350
16.538779,3927,2047,4915,52.350
16.544444,3929,2048,4914,52.350
16.548925,3930,2048,4912,52.350
16.553348,3931,2046,4911,52.350
16.559086,3931,2046,4911,52.350
16.563364,3930,2044,4913,52.350
16.569134,3928,2042,4917,52.350
16.573399,3926,2041,4922,52.350
16.579288,3923,2041,4928,52.350
16.583695,3921,2042,4930,52.350
16.589447,3919,2045,4933,52.350
16.593899,3917,2048,4937,52.350
16.598323,3915,2047,4939,52.350
16.603977,3913,2047,4940,52.350
16.608461,3912,2048,4941,52.350
16.614086,3911,2050,4941,52.350
16.618577,3911,2053,4939,52.350
16.624234,3912,2055,4938,52.350
16.628707,3912,2055,4939,52.350
16.633152,3912,2056,4941,52.350
16.638823,3911,2056,4943,52.350
16.643342,3910,2055,4944,52.350
16.648933,3910,2054,4942,52.350
16.653409,3910,2054,4939,52.350
16.659072,3912,2053,4936,52.350
16.663525,3912,2052,4932,52.350
16.669278,3911,2051,4929,52.350
16.673625,3910,2051,4928,52.350
16.677808,3907,2051,4928,52.350
16.683779,3906,2050,4929,52.350
16.687976,3905,2052,4926,52.350
16.693650,3907,2053,4922,52.350
16.698050,3909,2053,4919,52.350
16.703782,3912,2054,4918,52.350
16.708252,3914,2054,4917,52.350
16.712863,3915,2054,4918,52.350
16.718598,3914,2056,4920,52.350
16.723012,3913,2058,4919,52.350
16.728715,3912,2060,4919,52.350
16.733186,3912,2062,4921,52.350
16.738865,3912,2063,4923,52.350
16.743357,3913,2064,4925,52.350
16.748996,3913,2065,4928,52.350
16.753431,3914,2063,4931,52.350
16.757848,3914,2061,4931,52.350
16.763596,3914,2059,4933,52.350
16.767970,3915,2057,4931,52.350
16.773675,3916,2055,4932,52.350
16.778141,3919,2053,4935,52.350
16.783819,3920,2050,4937,52.350
16.788262,3921,2047,4937,52.350
16.792666,3924,2044,4939,52.350
16.798411,3927,2041,4939,52.350
16.802784,3930,2039,4939,52.350
16.808487,3932,2038,4940,52.350
16.812984,3934,2038,4940,52.350
16.818613,3933,2038,4937,52.350
16.823126,3932,2039,4937,52.350
16.828779,3932,2040,4937,52.350
16.833220,3931,2039,4936,52.350
16.837621,3929,2037,4936,52.350
16.843415,3927,2035,4932,52.350
16.847814,3925,2034,4927,52.350
16.853465,3924,2034,4921,52.350
16.857909,3925,2036,4915,52.350
16.863637,3925,2039,4910,52.350
16.868017,3924,2042,4906,52.350
16.872442,3924,2044,4905,52.350
16.878205,3921,2045,4909,52.350
16.882601,3920,2046,4913,52.350
16.888264,3920,2049,4916,52.350
16.892770,3920,2050,4920,52.350
16.898443,3921,2051,4920,52.350
16.902904,3923,2051,4922,52.350
16.908546,3923,2050,4921,52.350
16.912984,3924,2049,4920,52.350
16.917493,3924,2050,4919,52.350
16.923190,3924,2048,4916,52.350
16.927601,3924,2047,4914,52.350
16.933256,3922,2046,4915,52.350
16.937701,3920,2043,4916,52.350
16.943391,3918,2043,4917,52.350
16.947819,3917,2042,4917,52.350
16.952234,3918,2041,4918,52.350
16.957999,3919,2038,4920,52.350
16.962403,3921,2037,4919,52.350
16.968057,3923,2037,4919,52.350
16.972536,3925,2038,4917,52.350
16.978115,3927,2040,4915,52.350
16.982384,3929,2041,4916,52.350
16.988176,3931,2042,4916,52.350
16.992796,3931,2042,4920,52.350
16.997244,3931,2042,4922,52.350
17.002968,3930,2041,4920,52.350
17.007112,3928,2040,4919,52.350
17.013021,3927,2038,4917,52.350
17.017199,3927,2037,4917,52.350
17.023043,3927,2036,4920,52.350
17.027632,3928,2035,4923,52.350
17.031744,3928,2036,4925,52.350
17.037828,3928,2038,4925,52.350
17.042196,3925,2040,4923,52.350
17.047673,3923,2043,4923,52.350
17.052339,3920,2047,4925,52.350
17.057969,3918,2050,4925,52.350
17.062451,3917,2055,4924,52.350
17.068121,3915,2059,4924,52.350
17.072572,3915,2061,4922,52.350
17.076981,3916,2062,4921,52.350
17.082755,3917,2062,4924,52.350
17.087153,3918,2061,4928,52.350
17.092809,3917,2061,4931,52.350
17.097295,3916,2059,4933,52.350
17.102958,3914,2056,4933,52.350
17.107388,3916,2055,4931,52.350
17.111603,3917,2054,4930,52.350
17.117564,3919,2052,4928,52.350
17.122018,3922,2053,4927,52.350
17.127639,3922,2054,4929,52.350
17.132097,3924,2056,4929,52.350
17.137775,3923,2057,4930,52.350
17.142196,3922,2057,4933,52.350
17.147973,3921,2057,4935,52.350
17.152387,3918,2057,4936,52.350
17.156795,3916,2057,4937,52.350
17.162500,3915,2055,4935,52.350
17.166898,3914,2053,4933,52.350
17.172596,3914,2050,4931,52.350
17.177055,3914,2048,4930,52.350
17.182704,3914,2046,4930,52.350
17.187139,3913,2045,4930,52.350
17.191568,3912,2044,4931,52.350
17.197319,3913,2044,4932,52.350
17.201700,3913,2045,4933,52.350
17.207455,3914,2047,4933,52.350
17.211910,3916,2047,4932,52.350
17.217562,3917,2046,4930,52.350
17.222008,3918,2045,4930,52.350
17.227725,3918,2044,4929,52.350
17.232200,3917,2044,4928,52.350
17.236571,3915,2045,4928,52.350
17.242346,3913,2046,4930,52.350
17.246724,3913,2048,4931,52.350
17.252152,3913,2050,4932,52.350
17.256797,3912,2052,4931,52.350
17.262539,3911,2052,4931,52.350
17.266922,3910,2051,4931,52.350
17.271366,3908,2050,4930,52.350
17.277096,3909,2050,4930,52.350
17.281506,3911,2052,4930,52.350
17.287223,3913,2053,4927,52.350
17.291688,3913,2055,4925,52.350
17.297342,3912,2055,4924,52.350
17.301780,3909,2055,4925,52.350
17.307467,3906,2053,4928,52.350
17.311894,3903,2054,4930,52.350
17.316132,3901,2055,4932,52.350
17.322095,3901,2055,4935,52.350
17.326506,3901,2056,4937,52.350
17.332224,3904,2056,4940,52.350
17.336623,3905,2056,4941,52.350
17.342339,3906,2056,4943,52.350
17.346765,3909,2055,4944,52.350
17.351169,3911,2055,4944,52.350
17.356908,3913,2054,4945,52.350
17.361304,3914,2053,4945,52.350
17.366943,3914,2051,4941,52.350
17.371436,3914,2050,4939,52.350
17.377131,3914,2050,4938,52.350
17.381449,3914,2050,4936,52.350
17.387262,3916,2052,4934,52.350
17.391675,3917,2053,4932,52.350
17.396111,3919,2054,4929,52.350
17.401869,3920,2053,4926,52.350
17.406317,3922,2054,4924,52.350
17.411934,3923,2053,4918,52.350
17.416487,3924,2052,4913,52.350
17.422093,3925,2053,4909,52.350
17.426521,3923,2053,4908,52.350
17.430947,3921,2053,4908,52.350
17.436678,3919,2053,4911,52.350
17.441096,3917,2053,4913,52.350
17.446754,3918,2053,4917,52.350
17.451261,3919,2053,4917,52.350
17.456930,3922,2053,4918,52.350
17.461345,3924,2055,4915,52.350
17.467044,3928,2055,4914,52.350
17.471456,3929,2055,4914,52.350
17.475903,3930,2056,4912,52.350
17.481638,3929,2056,4913,52.350
17.486056,3927,2057,4914,52.350
17.491747,3925,2058,4915,52.350
17.496165,3924,2058,4918,52.350
17.501857,3923,2058,4923,52.350
17.506313,3923,2057,4926,52.350
17.510741,3923,2058,4927,52.350
17.516426,3921,2057,4929,52.350
17.520902,3920,2057,4931,52.350
17.526604,3919,2055,4931,52.350
17.531014,3917,2053,4932,52.350
17.536700,3917,2053,4932,52.350
17.541179,3916,2052,4932,52.350
17.546892,3916,2052,4931,52.350
17.551297,3917,2050,4930,52.350
17.555713,3918,2050,4929,52.350
17.561430,3917,2049,4928,52.350
17.565839,3917,2049,4930,52.350
17.571527,3915,2048,4931,52.350
17.575950,3913,2047,4930,52.350
17.581717,3911,2046,4932,52.350
17.586086,3908,2044,4933,52.350
17.590541,3906,2044,4934,52.350
17.596319,3903,2043,4935,52.350
17.600653,3901,2044,4935,52.350
17.606334,3901,2046,4933,52.350
17.610812,3902,2047,4932,52.350
17.616468,3903,2048,4932,52.350
17.620892,3903,2049,4933,52.350
17.626659,3902,2052,4936,52.350
17.631065,3900,2053,4939,52.350
17.635459,3898,2054,4943,52.350
17.641270,3896,2054,4946,52.350
17.645611,3895,2054,4949,52.350
17.651323,3894,2053,4951,52.350
17.655754,3894,2053,4954,52.350
17.661481,3893,2053,4956,52.350
17.665853,3893,2053,4958,52.350
17.670410,3893,2053,4957,52.350
17.676035,3894,2053,4955,52.350
17.680535,3895,2053,4951,52.350
17.686149,3896,2054,4948,52.350
17.690596,3898,2054,4945,52.350
17.696249,3898,2056,4942,52.350
17.700707,3899,2056,4941,52.350
17.706418,3900,2054,4939,52.350
17.710834,3902,2053,4939,52.350
17.715342,3902,2052,4940,52.350
17.720775,3903,2052,4940,52.350
17.725100,3903,2052,4942,52.350
17.730829,3903,2053,4943,52.350
17.735245,3901,2053,4943,52.350
17.741205,3900,2052,4943,52.350
17.745410,3900,2052,4941,52.350
17.749753,3899,2050,4942,52.350
17.755816,3898,2048,4942,52.350
17.760213,3898,2046,4942,52.350
17.765885,3899,2044,4941,52.350
17.770376,3901,2043,4940,52.350
17.776042,3903,2042,4936,52.350
17.780495,3906,2043,4933,52.350
17.786199,3908,2045,4929,52.350
17.790625,3909,2047,4923,52.350
17.795053,3909,2048,4920,52.350
17.800751,3909,2049,4918,52.350
17.805219,3908,2048,4915,52.350
17.810883,3907,2046,4914,52.350
17.815330,3906,2044,4915,52.350
17.821010,3908,2044,4916,52.350
17.825441,3909,2044,4920,52.350
17.829893,3910,2044,4924,52.350
17.835624,3911,2045,4927,52.350
17.840024,3911,2046,4927,52.350
17.845724,3910,2047,4925,52.350
17.850146,3909,2048,4921,52.350
17.855794,3907,2047,4917,52.350
17.860269,3906,2047,4918,52.350
17.865998,3905,2047,4917,52.350
17.870400,3904,2047,4917,52.350
17.874827,3903,2049,4915,52.350
17.880551,3904,2051,4914,52.350
17.884930,3905,2052,4912,52.350
17.890675,3907,2053,4911,52.350
17.895099,3909,2053,4914,52.350
17.900777,3909,2052,4916,52.350
17.905305,3909,2051,4918,52.350
17.909658,3908,2052,4920,52.350
17.915449,3908,2051,4922,52.350
17.919800,3908,2050,4922,52.350
17.925534,3910,2050,4921,52.350
17.929982,3912,2049,4916,52.350
17.935627,3912,2050,4912,52.350
17.940047,3912,2052,4914,52.350
17.945799,3912,2053,4917,52.350
17.950267,3911,2055,4920,52.350
17.954608,3911,2056,4924,52.350
17.960357,3911,2056,4926,52.350
17.964744,3913,2058,4928,52.350
17.970419,3915,2058,4930,52.350
17.974904,3917,2057,4931,52.350
17.980593,3919,2057,4930,52.350
17.985025,3920,2055,4929,52.350
17.989423,3922,2052,4924,52.350
17.995143,3923,2051,4924,52.350
17.999585,3923,2052,4925,52.350
18.005238,3923,2053,4928,52.350
18.009431,3922,2055,4930,52.350
18.015133,3922,2058,4928,52.350
18.019887,3922,2060,4927,52.350
18.025539,3922,2060,4928,52.350
18.030035,3921,2060,4929,52.350
18.034241,3918,2057,4933,52.350
18.040173,3915,2051,4939,52.350
18.044566,3913,2048,4944,52.350
18.050238,3912,2045,4950,52.350
18.054676,3912,2042,4954,52.350
18.060425,3911,2043,4957,52.350
18.064806,3912,2043,4958,52.350
18.069227,3914,2043,4957,52.350
18.075011,3914,2043,4953,52.350
18.079366,3915,2043,4948,52.350
18.085046,3916,2042,4944,52.350
18.089539,3917,2043,4942,52.350
18.095199,3919,2043,4942,52.350
18.099643,3921,2043,4941,52.350
18.105343,3921,2044,4939,52.350
18.109778,3917,2045,4938,52.350
18.113865,3914,2046,4937,52.350
18.119647,3912,2046,4935,52.350
18.124083,3912,2044,4935,52.350
18.129792,3912,2043,4934,52.350
18.134445,3913,2042,4931,52.350
18.140152,3913,2040,4926,52.350
18.144601,3914,2039,4926,52.350
18.149007,3914,2039,4925,52.350
18.154760,3915,2039,4925,52.350
18.159160,3913,2040,4925,52.350
18.164705,3914,2040,4925,52.350
18.169308,3914,2040,4924,52.350
18.174975,3917,2037,4925,52.350
18.179421,3920,2034,4927,52.350
18.185117,3923,2032,4927,52.350
18.189550,3924,2032,4928,52.350
18.193986,3925,2033,4930,52.350
18.199633,3925,2033,4933,52.350
18.204156,3928,2034,4938,52.350
18.209830,3930,2036,4939,52.350
18.214294,3934,2038,4939,52.350
18.219971,3936,2038,4936,52.350
18.224408,3936,2039,4932,52.350
18.228819,3935,2038,4934,52.350
18.234552,3933,2039,4933,52.350
18.238990,3930,2040,4933,52.350
18.244634,3925,2042,4930,52.350
18.249079,3922,2047,4926,52.350
18.254741,3919,2050,4924,52.350
18.259197,3917,2052,4921,52.350
18.264941,3917,2054,4920,52.350
18.269356,3918,2055,4917,52.350
18.273759,3919,2055,4915,52.350
18.279500,3921,2054,4912,52.350
18.283911,3921,2056,4910,52.350
18.289595,3923,2056,4908,52.350
18.294070,3925,2056,4911,52.350
18.299726,3926,2056,4914,52.350
18.304192,3927,2055,4918,52.350
18.308597,3928,2055,4920,52.350
18.314285,3928,2055,4921,52.350
18.318771,3926,2054,4921,52.350
18.324453,3924,2052,4919,52.350
18.328893,3921,2051,4919,52.350
18.334614,3919,2049,4918,52.350
18.339003,3919,2049,4914,52.350
18.344764,3920,2051,4912,52.350
18.349185,3921,2051,4911,52.350
18.353558,3923,2051,4911,52.350
18.359279,3923,2049,4914,52.350
18.363693,3924,2048,4918,52.350
18.369391,3926,2046,4922,52.350
18.373827,3926,2045,4922,52.350
18.379539,3929,2045,4925,52.350
18.383931,3932,2045,4927,52.350
18.388356,3933,2045,4928,52.350
18.394091,3933,2045,4927,52.350
18.398508,3933,2044,4927,52.350
18.404212,3932,2044,4925,52.350
18.408728,3932,2044,4925,52.350
18.414373,3934,2042,4929,52.350
18.418843,3935,2043,4929,52.350
18.424518,3935,2042,4929,52.350
18.428960,3934,2041,4931,52.350
18.433327,3932,2040,4932,52.350
18.439098,3931,2037,4933,52.350
18.443514,3930,2036,4931,52.350
18.449214,3929,2036,4928,52.350
18.453641,3929,2037,4925,52.350
18.459308,3927,2037,4924,52.350
18.463730,3928,2037,4925,52.350
18.468157,3928,2036,4927,52.350
18.473879,3928,2036,4929,52.350
18.478347,3926,2037,4930,52.350
18.484009,3924,2039,4928,52.350
18.488499,3924,2041,4928,52.350
18.494123,3923,2043,4928,52.350
18.498608,3922,2045,4926,52.350
18.504291,3922,2047,4926,52.350
18.508765,3920,2049,4926,52.350
18.513127,3919,2051,4925,52.350
18.518902,3920,2054,4923,52.350
18.523319,3920,2053,4921,52.350
18.528743,3922,2053,4919,52.350
18.533415,3924,2053,4921,52.350
18.539127,3925,2052,4924,52.350
18.543590,3925,2051,4927,52.350
18.547949,3924,2051,4931,52.350
18.553681,3923,2048,4934,52.350
18.558101,3923,2047,4938,52.350
18.563807,3924,2045,4940,52.350
18.568232,3925,2043,4940,52.350
18.573938,3927,2042,4939,52.350
18.578362,3928,2041,4936,52.350
18.584089,3929,2041,4932,52.350
18.588497,3930,2042,4929,52.350
18.592944,3930,2042,4923,52.350
18.598654,3930,2043,4919,52.350
18.603106,3930,2044,4917,52.350
18.608722,3929,2045,4919,52.350
18.613222,3925,2045,4920,52.350
18.618933,3922,2045,4924,52.350
18.623367,3920,2045,4927,52.350
18.627836,3920,2044,4924,52.350
18.633495,3922,2043,4928,52.350
18.637871,3923,2041,4932,52.350
18.643561,3923,2040,4933,52.350
18.648022,3924,2039,4934,52.350
18.653736,3924,2038,4939,52.350
18.658150,3925,2038,4941,52.350
18.663888,3927,2039,4945,52.350
18.668321,3927,2040,4948,52.350
18.672704,3928,2041,4944,52.350
18.678449,3929,2043,4942,52.350
18.682928,3929,2045,4938,52.350
18.688566,3927,2046,4933,52.350
18.692994,3925,2046,4931,52.350
18.698691,3924,2047,4929,52.350
18.703140,3923,2047,4926,52.350
18.707693,3924,2049,4926,52.350
18.713318,3925,2050,4925,52.350
18.717703,3928,2051,4924,52.350
18.723409,3929,2052,4925,52.350
18.727844,3928,2053,4922,52.350
18.733522,3929,2053,4921,52.350
18.737769,3929,2053,4919,52.350
18.743664,3931,2051,4921,52.350
18.748113,3931,2051,4924,52.350
18.752489,3933,2049,4926,52.350
18.758261,3934,2048,4927,52.350
18.762667,3937,2048,4925,52.350
18.768302,3940,2047,4920,52.350
18.772458,3942,2049,4914,52.350
18.778295,3944,2049,4908,52.350
18.782887,3943,2051,4905,52.350
18.787315,3942,2051,4904,52.350
18.793096,3942,2049,4905,52.350
18.797502,3940,2046,4911,52.350
18.803148,3940,2044,4917,52.350
18.807622,3939,2044,4921,52.350
18.813292,3938,2043,4927,52.350
18.817727,3938,2044,4930,52.350
18.823452,3937,2043,4932,52.350
18.827869,3937,2043,4935,52.350
18.832303,3938,2044,4934,52.350
18.838054,3938,2045,4933,52.350
18.842457,3937,2047,4931,52.350
18.848151,3936,2047,4929,52.350
18.852538,3936,2046,4932,52.350
18.858272,3936,2046,4934,52.350
18.862678,3936,2046,4933,52.350
18.867092,3937,2046,4933,52.350
18.872858,3938,2046,4930,52.350
18.877307,3939,2046,4924,52.350
18.882928,3941,2046,4916,52.350
18.887385,3942,2045,4907,52.350
18.893061,3942,2044,4899,52.350
18.897500,3942,2045,4894,52.350
18.903213,3943,2044,4893,52.350
18.907675,3943,2045,4895,52.350
18.912128,3942,2046,4899,52.350
18.917795,3942,2046,4904,52.350
18.922263,3940,2046,4908,52.350
18.927923,3938,2045,4912,52.350
18.932376,3936,2044,4918,52.350
18.938081,3934,2043,4922,52.350
18.942508,3931,2043,4924,52.350
18.946870,3929,2044,4925,52.350
18.952626,3929,2045,4924,52.350
18.957021,3930,2046,4925,52.350
18.962740,3931,2046,4925,52.350
18.967173,3932,2045,4923,52.350
18.972876,3932,2044,4922,52.350
18.977270,3930,2043,4920,52.350
18.982750,3929,2043,4921,52.350
18.987411,3927,2044,4923,52.350
18.991874,3925,2046,4923,52.350
18.997553,3924,2048,4924,52.350
19.002001,3923,2049,4923,52.350
19.007522,3924,2051,4921,52.350
19.012127,3925,2052,4922,52.350
19.017617,3926,2051,4924,52.350
19.022361,3926,2050,4927,52.350
19.026653,3924,2049,4932,52.350
19.032173,3923,2046,4934,52.350
19.036829,3922,2044,4933,52.350
19.042539,3922,2044,4932,52.350
19.046968,3922,2043,4930,52.350
19.052657,3923,2043,4927,52.350
19.057077,3924,2041,4927,52.350
19.062798,3926,2040,4927,52.350
19.067268,3926,2037,4930,52.350
19.071664,3925,2034,4933,52.350
19.077163,3925,2032,4938,52.350
19.081483,3925,2031,4939,52.350
19.087476,3926,2030,4941,52.350
19.091902,3928,2033,4942,52.350
19.097595,3931,2038,4940,52.350
19.102048,3932,2041,4939,52.350
19.106504,3934,2043,4937,52.350
19.112234,3935,2045,4933,52.350
19.116613,3933,2045,4930,52.350
19.122038,3932,2045,4928,52.350
19.126746,3931,2043,4927,52.350
19.132427,3928,2041,4930,52.350
19.136914,3927,2041,4933,52.350
19.142576,3927,2042,4936,52.350
19.147026,3928,2042,4940,52.350
19.151426,3929,2043,4942,52.350
19.157146,3930,2042,4943,52.350
19.161556,3930,2040,4939,52.350
19.167241,3928,2037,4935,52.350
19.171546,3929,2034,4933,52.350
19.177390,3929,2032,4931,52.350
19.181857,3929,2032,4930,52.350
19.186304,3929,2033,4928,52.350
19.191994,3930,2034,4927,52.350
19.196439,3929,2036,4925,52.350
19.202062,3928,2040,4925,52.350
19.206593,3928,2043,4925,52.350
19.212259,3927,2046,4926,52.350
19.216680,3927,2047,4926,52.350
19.222383,3927,2048,4924,52.350
19.226786,3926,2048,4922,52.350
19.231289,3924,2049,4918,52.350
19.237122,3922,2048,4914,52.350
19.241389,3920,2047,4910,52.350
19.247094,3920,2044,4908,52.350
19.251239,3920,2041,4908,52.350
19.257283,3922,2039,4911,52.350
19.261300,3923,2036,4912,52.350
19.265746,3925,2035,4917,52.350
19.271755,3927,2035,4921,52.350
19.276184,3928,2034,4928,52.350
19.281846,3927,2036,4931,52.350
19.286350,3924,2037,4932,52.350
19.291986,3921,2036,4935,52.350
19.296443,3918,2036,4936,52.350
19.302153,3917,2036,4935,52.350
19.306645,3918,2037,4934,52.350
19.310988,3919,2040,4932,52.350
19.316738,3919,2042,4928,52.350
19.321171,3919,2045,4926,52.350
19.326842,3919,2048,4924,52.350
19.331307,3919,2050,4923,52.350
19.337030,3917,2053,4925,52.350
19.341414,3916,2054,4926,52.350
19.345819,3914,2054,4928,52.350
19.351574,3914,2054,4927,52.350
19.355982,3916,2055,4926,52.350
19.361647,3917,2056,4925,52.350
19.366132,3919,2057,4923,52.350
19.371778,3921,2059,4918,52.350
19.376270,3922,2059,4916,52.350
19.381875,3922,2059,4912,52.350
19.386396,3923,2057,4909,52.350
19.390553,3924,2055,4910,52.350
19.396273,3926,2054,4912,52.350
19.400685,3929,2052,4917,52.350
19.406341,3931,2051,4921,52.350
19.410835,3933,2050,4923,52.350
19.416534,3935,2050,4922,52.350
19.420985,3937,2050,4921,52.350
19.425329,3938,2051,4921,52.350
19.431337,3938,2053,4923,52.350
19.435744,3938,2054,4927,52.350
19.441449,3938,2055,4932,52.350
19.445937,3938,2057,4934,52.350
19.451609,3939,2057,4933,52.350
19.456009,3939,2057,4933,52.350
19.461696,3939,2057,4931,52.350
19.466147,3938,2058,4931,52.350
19.470556,3937,2059,4927,52.350
19.476294,3937,2059,4926,52.350
19.480737,3937,2059,4921,52.350
19.486417,3938,2057,4918,52.350
19.490871,3938,2058,4916,52.350
19.496557,3938,2059,4918,52.350
19.501014,3939,2060,4921,52.350
19.505443,3941,2059,4925,52.350
19.511155,3942,2058,4929,52.350
19.515485,3944,2056,4932,52.350
19.521254,3946,2053,4935,52.350
19.525666,3948,2050,4936,52.350
19.531332,3948,2048,4939,52.350
19.535812,3946,2044,4942,52.350
19.541590,3944,2041,4945,52.350
19.545931,3941,2038,4947,52.350
19.550363,3938,2034,4948,52.350
19.556095,3937,2033,4947,52.350
19.560543,3937,2034,4949,52.350
19.566194,3937,2036,4950,52.350
19.570622,3938,2038,4951,52.350
19.576370,3937,2040,4955,52.350
19.580743,3935,2042,4954,52.350
19.585167,3933,2044,4955,52.350
19.590904,3931,2046,4951,52.350
19.595330,3931,2047,4948,52.350
19.600984,3932,2047,4943,52.350
19.605500,3934,2047,4938,52.350
19.611132,3936,2047,4937,52.350
19.615582,3936,2047,4935,52.350
19.621306,3934,2047,4933,52.350
19.625775,3934,2047,4932,52.350
19.630130,3933,2046,4931,52.350
19.635888,3932,2045,4927,52.350
19.640337,3931,2043,4927,52.350
19.645984,3930,2042,4928,52.350
19.650443,3928,2042,4928,52.350
19.656158,3926,2040,4928,52.350
19.660527,3925,2038,4928,52.350
19.664974,3926,2038,4926,52.350
19.670691,3929,2039,4925,52.350
19.675096,3932,2039,4925,52.350
19.680807,3934,2042,4926,52.350
19.685301,3936,2043,4929,52.350
19.690954,3937,2044,4929,52.350
19.695394,3938,2045,4930,52.350
19.701062,3939,2044,4929,52.350
19.705498,3938,2043,4927,52.350
19.709991,3937,2043,4925,52.350
19.715652,3936,2042,4924,52.350
19.720126,3934,2041,4924,52.350
19.725782,3934,2042,4923,52.350
19.729997,3932,2043,4925,52.350
19.735911,3931,2043,4925,52.350
19.740348,3929,2044,4926,52.350
19.744761,3927,2044,4929,52.350
19.750503,3925,2044,4933,52.350
19.754927,3922,2045,4935,52.350
19.760348,3921,2046,4938,52.350
19.764813,3921,2046,4937,52.350
19.770415,3921,2046,4936,52.350
19.774898,3923,2045,4936,52.350
19.780842,3923,2041,4937,52.350
19.785304,3923,2038,4936,52.350
19.789746,3921,2037,4937,52.350
19.795431,3918,2038,4936,52.350
19.799625,3918,2039,4933,52.350
19.805543,3917,2040,4932,52.350
19.810019,3915,2041,4932,52.350
19.815683,3913,2041,4932,52.350
19.820167,3912,2040,4931,52.350
19.824542,3912,2042,4930,52.350
19.830292,3912,2044,4925,52.350
19.834671,3914,2045,4922,52.350
19.840382,3916,2047,4921,52.350
19.844834,3916,2048,4920,52.350
19.850514,3916,2048,4916,52.350
19.854935,3917,2049,4913,52.350
19.860660,3917,2048,4910,52.350
19.865058,3917,2047,4908,52.350
19.869473,3916,2048,4908,52.350
19.875263,3915,2048,4911,52.350
19.879639,3914,2049,4913,52.350
19.885302,3916,2049,4914,52.350
19.889776,3915,2050,4913,52.350
19.895490,3915,2051,4911,52.350
19.899918,3915,2051,4911,52.350
19.904351,3914,2051,4911,52.350
19.910064,3914,2051,4913,52.350
19.914498,3916,2048,4916,52.350
19.920151,3917,2046,4920,52.350
19.924622,3918,2044,4925,52.350
19.930313,3918,2043,4930,52.350
19.934724,3917,2043,4934,52.350
19.940477,3916,2044,4938,52.350
19.944882,3915,2043,4938,52.350
19.949362,3915,2042,4939,52.350
19.955022,3919,2040,4943,52.350
19.959423,3922,2039,4944,52.350
19.965100,3923,2037,4946,52.350
19.969540,3924,2037,4947,52.350
19.975277,3922,2038,4944,52.350
19.979680,3921,2038,4943,52.350
19.984084,3920,2037,4942,52.350
19.989862,3919,2036,4943,52.350
19.994312,3919,2034,4943,52.350
19.999962,3918,2034,4943,52.350
20.004413,3919,2034,4941,52.350
20.009914,3919,2035,4936,52.350
20.014558,3919,2037,4930,52.350
20.020215,3918,2038,4925,52.350
20.024613,3918,2040,4921,52.350
20.029083,3919,2042,4918,52.350
20.034580,3921,2043,4915,52.350
20.039247,3925,2043,4914,52.350
20.044908,3928,2043,4914,52.350
20.049114,3930,2044,4915,52.350
20.055059,3932,2045,4917,52.350
20.059459,3932,2046,4920,52.350
20.063876,3930,2047,4923,52.350
20.069638,3928,2047,4924,52.350
20.074013,3928,2045,4925,52.350
20.079670,3929,2045,4924,52.350
20.083909,3931,2045,4920,52.350
20.089528,3932,2046,4916,52.350
20.094252,3931,2046,4912,52.350
20.099969,3932,2046,4909,52.350
20.104425,3931,2044,4908,52.350
20.108873,3931,2043,4910,52.350
20.114606,3932,2044,4912,52.350
20.119004,3931,2044,4918,52.350
20.124655,3930,2043,4920,52.350
20.129211,3928,2043,4921,52.350
20.134584,3925,2041,4920,52.350
20.139133,3924,2037,4916,52.350
20.143666,3926,2034,4913,52.350
20.149190,3927,2033,4912,52.350
20.153797,3928,2034,4912,52.350
20.159502,3930,2036,4913,52.350
20.163973,3931,2040,4914,52.350
20.169622,3932,2044,4914,52.350
20.174062,3933,2046,4918,52.350
20.179775,3934,2045,4922,52.350
20.184171,3934,2044,4928,52.350
20.188652,3933,2041,4934,52.350
20.194374,3932,2039,4938,52.350
20.198791,3932,2038,4941,52.350
20.204522,3933,2038,4941,52.350
20.208848,3932,2040,4937,52.350
20.214601,3933,2041,4935,52.350
20.219079,3933,2042,4935,52.350
20.223434,3932,2044,4937,52.350
20.229169,3932,2045,4942,52.350
20.233585,3930,2047,4945,52.350
20.239266,3930,2051,4944,52.350
20.243781,3930,2055,4944,52.350
20.249448,3929,2058,4943,52.350
20.253845,3929,2062,4940,52.350
20.259573,3929,2061,4937,52.350
20.264008,3929,2060,4931,52.350
20.268402,3929,2060,4926,52.350
20.274158,3929,2060,4923,52.350
20.278568,3930,2062,4920,52.350
20.284227,3932,2064,4915,52.350
20.288670,3932,2065,4911,52.350
20.294394,3932,2065,4908,52.350
20.298836,3931,2065,4907,52.350
20.303271,3931,2065,4909,52.350
20.309001,3932,2064,4912,52.350
20.313438,3935,2063,4914,52.350
20.319087,3937,2063,4914,52.350
20.323537,3940,2061,4915,52.350
20.329254,3941,2058,4915,52.350
20.333664,3941,2057,4913,52.350
20.339381,3941,2054,4915,52.350
20.343805,3939,2053,4915,52.350
20.348210,3939,2051,4914,52.350
20.353911,3937,2049,4915,52.350
20.358360,3936,2049,4916,52.350
20.364001,3933,2048,4915,52.350
20.368493,3930,2049,4915,52.350
20.374215,3928,2049,4913,52.350
20.378589,3927,2050,4911,52.350
20.383088,3928,2051,4910,52.350
20.388733,3930,2050,4911,52.350
20.393188,3931,2050,4914,52.350
20.398872,3933,2050,4919,52.350
20.403334,3934,2047,4923,52.350
20.409014,3934,2045,4927,52.350
20.413463,3935,2042,4932,52.350
20.419223,3934,2039,4936,52.350
20.423606,3932,2036,4938,52.350
20.427998,3928,2035,4941,52.350
20.433742,3925,2036,4943,52.350
20.437935,3922,2037,4944,52.350
20.443832,3920,2039,4945,52.350
20.448339,3920,2041,4945,52.350
20.454026,3920,2044,4944,52.350
20.458398,3920,2045,4944,52.350
20.462804,3921,2045,4940,52.350
20.468527,3920,2045,4939,52.350
20.472954,3919,2044,4939,52.350
20.478646,3917,2041,4938,52.350
20.483103,3915,2040,4941,52.350
20.488777,3915,2038,4942,52.350
20.493016,3914,2035,4941,52.350
20.498929,3914,2034,4940,52.350
20.503380,3914,2034,4942,52.350
20.507807,3913,2034,4942,52.350
20.513536,3915,2034,4943,52.350
20.517950,3916,2035,4942,52.350
20.523549,3915,2037,4940,52.350
20.528047,3916,2041,4939,52.350
20.533712,3915,2044,4936,52.350
20.538186,3916,2046,4933,52.350
20.542591,3918,2046,4929,52.350
20.548334,3920,2045,4926,52.350
20.552750,3922,2044,4925,52.350
20.558405,3925,2042,4925,52.350
20.562872,3927,2040,4925,52.350
20.568544,3929,2039,4928,52.350
20.573021,3929,2038,4928,52.350
20.578688,3930,2038,4928,52.350
20.582885,3929,2041,4928,52.350
20.587610,3928,2042,4928,52.350
20.593270,3929,2043,4929,52.350
20.597900,3928,2045,4932,52.350
20.603423,3928,2045,4935,52.350
20.607865,3929,2046,4938,52.350
20.613519,3930,2047,4940,52.350
20.617959,3931,2048,4940,52.350
20.622373,3930,2047,4939,52.350
20.628153,3929,2047,4937,52.350
20.632521,3928,2048,4934,52.350
20.638246,3926,2049,4933,52.350
20.642660,3926,2052,4933,52.350
20.648369,3926,2054,4934,52.350
20.652783,3927,2055,4936,52.350
20.658458,3927,2056,4937,52.350
20.662908,3927,2057,4942,52.350
20.667316,3926,2058,4945,52.350
20.673065,3924,2059,4946,52.350
20.677488,3921,2060,4950,52.350
20.683260,3922,2062,4953,52.350
20.687581,3924,2062,4953,52.350
20.693288,3925,2063,4952,52.350
20.697765,3924,2063,4948,52.350
20.702202,3921,2062,4941,52.350
20.707920,3918,2061,4935,52.350
20.712322,3916,2059,4928,52.350
20.717989,3912,2059,4923,52.350
20.722469,3909,2058,4921,52.350
20.728166,3905,2059,4923,52.350
20.732549,3903,2060,4926,52.350
20.738278,3900,2060,4929,52.350
20.742702,3898,2059,4932,52.350
20.747128,3896,2058,4933,52.350
20.752844,3895,2058,4936,52.350
20.757306,3895,2059,4937,52.350
20.762932,3896,2059,4940,52.350
20.767411,3899,2059,4942,52.350
20.773082,3901,2060,4941,52.350
20.777527,3904,2060,4939,52.350
20.781969,3906,2061,4934,52.350
20.787647,3908,2061,4927,52.350
20.792207,3909,2060,4925,52.350
20.797757,3909,2060,4926,52.350
20.802238,3910,2061,4927,52.350
20.807974,3911,2060,4930,52.350
20.812348,3912,2061,4931,52.350
20.818090,3913,2062,4930,52.350
20.822511,3914,2060,4929,52.350
20.826923,3916,2059,4925,52.350
20.832657,3917,2058,4919,52.350
20.837052,3919,2056,4913,52.350
20.842892,3922,2055,4908,52.350
20.847182,3924,2054,4907,52.350
20.852888,3926,2051,4910,52.350
20.857331,3927,2050,4913,52.350
20.861791,3928,2051,4916,52.350
20.867473,3927,2051,4917,52.350
20.871887,3926,2052,4918,52.350
20.877548,3924,2053,4919,52.350
20.882051,3922,2052,4922,52.350
20.887663,3922,2050,4924,52.350
20.892207,3921,2048,4925,52.350
20.897856,3921,2045,4926,52.350
20.902331,3922,2044,4930,52.350
20.906753,3923,2043,4931,52.350
20.912455,3923,2043,4932,52.350
20.916846,3922,2041,4931,52.350
20.922546,3921,2040,4931,52.350
20.926983,3921,2039,4930,52.350
20.932705,3922,2039,4930,52.350
20.937123,3923,2038,4931,52.350
20.941511,3925,2039,4933,52.350
20.947273,3925,2041,4934,52.350
20.951667,3926,2043,4932,52.350
20.957359,3926,2045,4932,52.350
20.961794,3926,2045,4931,52.350
20.967463,3928,2044,4930,52.350
20.971940,3928,2042,4929,52.350
20.977615,3928,2042,4927,52.350
20.981982,3930,2043,4926,52.350
20.986514,3931,2042,4924,52.350
20.992208,3933,2043,4924,52.350
20.996342,3935,2044,4926,52.350
21.001972,3936,2044,4927,52.350
21.006499,3937,2044,4928,52.350
21.012195,3937,2045,4929,52.350
21.016685,3938,2046,4929,52.350
21.021016,3940,2046,4930,52.350
21.026739,3942,2045,4931,52.350
21.031177,3945,2045,4929,52.350
21.036845,3948,2045,4926,52.350
21.041332,3949,2045,4926,52.350
21.047364,3949,2045,4924,52.350
21.051703,3948,2044,4922,52.350
21.057391,3946,2043,4920,52.350
21.061873,3945,2041,4916,52.350
21.066288,3945,2040,4915,52.350
21.071989,3944,2040,4916,52.350
21.076410,3942,2041,4918,52.350
21.082069,3940,2040,4923,52.350
21.086538,3937,2040,4926,52.350
21.092205,3935,2040,4930,52.350
21.096680,3934,2039,4935,52.350
21.100867,3934,2039,4939,52.350
21.106536,3934,2039,4942,52.350
21.111092,3934,2039,4941,52.350
21.116883,3935,2041,4939,52.350
21.121380,3934,2044,4937,52.350
21.126782,3934,2047,4937,52.350
21.131502,3933,2049,4937,52.350
21.137202,3932,2049,4938,52.350
21.141626,3932,2050,4938,52.350
21.145751,3934,2049,4939,52.350
21.151771,3935,2049,4938,52.350
21.156208,3935,2049,4941,52.350
21.161854,3936,2051,4942,52.350
21.166353,3937,2052,4944,52.350
21.172045,3937,2053,4944,52.350
21.176425,3938,2054,4943,52.350
21.180886,3939,2055,4943,52.350
21.186599,3938,2055,4944,52.350
21.191048,3936,2055,4945,52.350
21.196686,3934,2055,4945,52.350
21.201150,3933,2055,4945,52.350
21.206833,3934,2054,4943,52.350
21.211262,3938,2051,4939,52.350
21.217025,3941,2049,4936,52.350
21.221427,3943,2047,4932,52.350
21.225818,3943,2047,4930,52.350
21.231565,3940,2048,4930,52.350
21.235978,3939,2050,4929,52.350
21.241691,3938,2050,4929,52.350
21.246079,3938,2050,4927,52.350
21.251576,3939,2050,4927,52.350
21.256269,3939,2050,4928,52.350
21.260683,3940,2051,4928,52.350
21.266319,3942,2050,4928,52.350
21.270777,3945,2047,4925,52.350
21.276440,3945,2046,4924,52.350
21.280927,3944,2045,4926,52.350
21.286601,3941,2046,4927,52.350
21.291037,3939,2047,4928,52.350
21.296762,3938,2047,4929,52.350
21.301149,3937,2046,4928,52.350
21.305634,3936,2045,4928,52.350
21.311379,3935,2044,4929,52.350
21.315713,3934,2043,4930,52.350
21.321452,3932,2044,4931,52.350
21.325893,3931,2043,4932,52.350
21.331580,3930,2044,4932,52.350
21.336010,3930,2044,4932,52.350
21.340428,3930,2044,4934,52.350
21.346183,3930,2046,4933,52.350
21.350550,3929,2046,4930,52.350
21.356266,3928,2046,4924,52.350
21.360736,3927,2044,4919,52.350
21.366349,3928,2042,4914,52.350
21.370833,3930,2041,4911,52.350
21.376532,3932,2041,4912,52.350
21.380961,3934,2040,4915,52.350
21.385398,3933,2040,4918,52.350
21.391142,3934,2040,4919,52.350
21.395582,3932,2040,4921,52.350
21.400984,3931,2041,4923,52.350
21.405693,3932,2041,4925,52.350
21.411366,3933,2041,4924,52.350
21.415839,3934,2040,4924,52.350
21.420268,3934,2039,4924,52.350
21.425958,3932,2037,4924,52.350
21.430349,3929,2038,4924,52.350
21.436059,3926,2040,4926,52.350
21.440510,3923,2043,4924,52.350
21.446213,3921,2046,4923,52.350
21.450606,3921,2050,4922,52.350
21.456316,3920,2052,4919,52.350
21.460791,3922,2053,4915,52.350
21.465209,3922,2052,4912,52.350
21.470915,3922,2050,4912,52.350
21.475335,3924,2048,4912,52.350
21.481016,3924,2045,4916,52.350
21.485459,3925,2044,4920,52.350
21.491148,3927,2044,4922,52.350
21.495338,3928,2044,4924,52.350
21.500029,3931,2046,4926,52.350
21.505732,3932,2047,4929,52.350
21.510187,3933,2048,4931,52.350
21.515810,3933,2049,4933,52.350
21.520332,3933,2050,4936,52.350
21.526014,3931,2051,4935,52.350
21.530418,3932,2051,4934,52.350
21.536165,3932,2049,4933,52.350
21.540568,3933,2047,4933,52.350
21.544938,3935,2045,4933,52.350
21.550687,3934,2043,4935,52.350
21.555129,3934,2042,4934,52.350
21.560809,3935,2041,4934,52.350
21.565316,3933,2039,4933,52.350
21.570934,3933,2038,4934,52.350
21.575380,3933,2039,4933,52.350
21.579779,3931,2040,4933,52.350
21.585478,3930,2042,4934,52.350
21.589948,3929,2043,4936,52.350
21.595699,3930,2044,4937,52.350
21.600136,3931,2043,4935,52.350
21.605723,3932,2043,4934,52.350
21.610244,3932,2042,4932,52.350
21.615924,3930,2043,4932,52.350
21.620338,3929,2044,4933,52.350
21.624735,3928,2046,4937,52.350
21.630496,3926,2047,4935,52.350
21.634906,3925,2048,4933,52.350
21.640567,3926,2047,4931,52.350
21.645012,3924,2045,4928,52.350
21.650732,3924,2041,4929,52.350
21.655177,3924,2038,4930,52.350
21.659588,3923,2036,4931,52.350
21.665298,3922,2034,4930,52.350
21.669718,3923,2036,4927,52.350
21.675393,3925,2037,4924,52.350
21.679900,3925,2039,4919,52.350
21.685533,3927,2042,4918,52.350
21.689950,3928,2044,4918,52.350
21.695694,3928,2045,4916,52.350
21.700163,3927,2046,4917,52.350
21.704561,3926,2045,4917,52.350
21.710450,3927,2045,4916,52.350
21.714653,3927,2046,4913,52.350
21.720398,3927,2045,4907,52.350
21.724806,3927,2044,4902,52.350
21.730476,3928,2043,4898,52.350
21.734972,3928,2044,4896,52.350
21.739386,3929,2044,4897,52.350
21.745057,3932,2046,4902,52.350
21.749501,3930,2047,4905,52.350
21.755211,3930,2047,4911,52.350
21.759637,3928,2047,4915,52.350
21.765148,3927,2047,4918,52.350
21.769780,3925,2047,4919,52.350
21.775473,3924,2048,4920,52.350
21.779919,3923,2049,4918,52.350
21.784401,3922,2051,4920,52.350
21.790100,3921,2053,4922,52.350
21.794496,3921,2053,4924,52.350
21.800127,3920,2053,4924,52.350
21.804656,3920,2053,4926,52.350
21.810293,3919,2051,4924,52.350
21.814483,3918,2050,4919,52.350
21.818891,3917,2050,4914,52.350
21.824854,3915,2050,4908,52.350
21.829329,3913,2051,4903,52.350
21.834968,3912,2051,4901,52.350
21.839410,3911,2051,4900,52.350
21.845098,3911,2053,4900,52.350
21.849529,3912,2055,4902,52.350
21.855239,3913,2058,4903,52.350
21.859701,3912,2059,4904,52.350
21.864090,3910,2060,4905,52.350
21.869813,3909,2060,4908,52.350
21.874237,3909,2059,4910,52.350
21.879936,3909,2057,4913,52.350
21.884376,3911,2054,4917,52.350
21.890099,3913,2052,4919,52.350
21.894492,3916,2050,4919,52.350
21.898924,3918,2050,4917,52.350
21.904370,3920,2051,4916,52.350
21.908816,3923,2051,4914,52.350
21.914776,3925,2050,4915,52.350
21.919207,3928,2049,4919,52.350
21.924904,3931,2049,4924,52.350
21.929348,3933,2049,4926,52.350
21.935042,3936,2050,4929,52.350
21.939469,3937,2052,4932,52.350
21.943883,3936,2053,4936,52.350
21.949613,3935,2052,4938,52.350
21.954018,3932,2051,4942,52.350
21.959695,3929,2050,4943,52.350
21.964163,3928,2051,4943,52.350
21.969854,3926,2052,4944,52.350
21.974270,3927,2052,4946,52.350
21.978736,3929,2051,4946,52.350
21.984463,3930,2050,4947,52.350
21.988868,3930,2048,4947,52.350
21.994318,3929,2045,4947,52.350
21.998952,3928,2045,4945,52.350
22.004647,3928,2043,4944,52.350
22.008834,3928,2041,4945,52.350
22.014810,3928,2041,4944,52.350
22.019252,3929,2042,4944,52.350
22.023486,3930,2042,4945,52.350
22.029413,3930,2042,4946,52.350
22.033499,3931,2042,4947,52.350
22.039504,3930,2043,4948,52.350
22.043943,3930,2044,4949,52.350
22.049622,3931,2043,4948,52.350
22.054125,3934,2044,4945,52.350
22.058462,3935,2044,4942,52.350
22.064269,3936,2041,4938,52.350
22.068617,3933,2040,4935,52.350
22.074301,3931,2037,4932,52.350
22.078807,3931,2035,4928,52.350
22.084442,3929,2033,4923,52.350
22.088847,3927,2030,4918,52.350
22.094593,3927,2028,4916,52.350
22.099102,3925,2028,4911,52.350
22.103468,3925,2028,4909,52.350
22.109177,3924,2028,4911,52.350
22.113583,3924,2031,4911,52.350
22.119286,3924,2034,4915,52.350
22.123732,3924,2037,4919,52.350
22.129437,3924,2042,4921,52.350
22.133835,3922,2047,4922,52.350
22.138222,3921,2049,4921,52.350
22.143711,3920,2050,4920,52.350
22.148230,3920,2051,4919,52.350
22.153843,3921,2049,4915,52.350
22.158447,3921,2048,4915,52.350
22.164235,3922,2046,4915,52.350
22.168664,3923,2043,4915,52.350
22.174370,3924,2042,4915,52.350
22.178782,3925,2042,4917,52.350
22.182898,3927,2043,4920,52.350
22.188944,3928,2044,4922,52.350
22.193403,3928,2045,4924,52.350
22.198808,3929,2044,4927,52.350
22.203492,3930,2045,4928,52.350
22.209257,3930,2045,4926,52.350
22.213632,3930,2045,4926,52.350
22.218024,3931,2045,4925,52.350
22.223814,3933,2044,4920,52.350
22.228181,3932,2044,4918,52.350
22.233915,3931,2045,4915,52.350
22.238333,3928,2045,4913,52.350
22.244039,3925,2047,4913,52.350
22.248429,3920,2049,4913,52.350
22.254142,3918,2051,4915,52.350
22.258604,3916,2053,4913,52.350
22.263005,3916,2054,4913,52.350
22.268728,3916,2054,4912,52.350
22.273158,3916,2053,4908,52.350
22.278832,3915,2053,4906,52.350
22.283198,3915,2055,4906,52.350
22.288977,3916,2058,4908,52.350
22.293438,3917,2060,4911,52.350
22.297853,3921,2062,4910,52.350
22.303608,3925,2061,4907,52.350
22.307989,3929,2060,4904,52.350
22.313681,3931,2058,4902,52.350
22.318101,3932,2055,4900,52.350
22.323834,3932,2054,4903,52.350
22.328271,3929,2052,4904,52.350
22.333955,3926,2051,4907,52.350
22.338373,3924,2050,4909,52.350
22.342797,3923,2049,4912,52.350
22.348559,3923,2048,4914,52.350
22.352964,3926,2048,4915,52.350
22.358606,3927,2048,4913,52.350
22.363087,3927,2050,4910,52.350
22.368736,3926,2051,4906,52.350
22.373190,3924,2051,4906,52.350
22.377659,3924,2050,4908,52.350
22.383392,3923,2049,4910,52.350
22.387777,3924,2046,4915,52.350
22.393436,3924,2045,4920,52.350
22.397959,3923,2044,4924,52.350
22.403607,3922,2042,4928,52.350
22.408052,3922,2042,4931,52.350
22.413754,3920,2042,4930,52.350
22.418192,3920,2043,4929,52.350
22.422604,3919,2043,4924,52.350
22.428348,3920,2042,4919,52.350
22.432743,3921,2042,4916,52.350
22.438392,3923,2041,4916,52.350
22.442849,3926,2040,4922,52.350
22.448545,3930,2039,4925,52.350
22.453014,3934,2039,4926,52.350
22.457395,3936,2040,4925,52.350
22.463109,3936,2042,4923,52.350
22.467574,3936,2044,4919,52.350
22.473238,3935,2045,4918,52.350
22.477759,3935,2046,4917,52.350
22.483381,3933,2049,4916,52.350
22.487827,3932,2048,4920,52.350
22.493542,3930,2047,4923,52.350
22.498001,3929,2048,4924,52.350
22.502394,3927,2048,4925,52.350
22.508138,3925,2048,4925,52.350
22.512548,3923,2050,4922,52.350
22.518262,3921,2049,4921,52.350
22.522665,3919,2048,4922,52.350
22.528357,3917,2048,4922,52.350
22.532533,3917,2048,4923,52.350
22.537186,3917,2049,4922,52.350
22.542955,3919,2049,4921,52.350
22.547341,3920,2051,4918,52.350
22.552867,3922,2051,4916,52.350
22.557448,3923,2051,4916,52.350
22.563225,3924,2051,4917,52.350
22.567585,3924,2051,4919,52.350
22.573342,3926,2052,4921,52.350
22.577744,3928,2054,4919,52.350
22.581984,3928,2055,4917,52.350
22.587907,3928,2056,4913,52.350
22.592398,3926,2056,4909,52.350
22.598012,3923,2054,4907,52.350
22.602467,3920,2053,4906,52.350
22.608105,3918,2052,4906,52.350
22.612576,3917,2050,4906,52.350
22.616971,3918,2048,4904,52.350
22.622725,3918,2047,4903,52.350
22.627118,3919,2045,4902,52.350
22.632829,3920,2044,4902,52.350
22.637309,3920,2043,4903,52.350
22.642985,3919,2044,4907,52.350
22.647385,3919,2045,4907,52.350
22.653084,3920,2047,4906,52.350
22.657524,3920,2047,4905,52.350
22.661949,3920,2046,4904,52.350
22.667694,3920,2046,4906,52.350
22.672094,3919,2045,4909,52.350
22.677752,3919,2045,4913,52.350
22.682315,3918,2048,4914,52.350
22.687907,3917,2050,4914,52.350
22.692361,3916,2053,4910,52.350
22.696833,3914,2055,4909,52.350
22.702528,3911,2055,4910,52.350
22.706959,3910,2054,4913,52.350
22.712677,3909,2052,4917,52.350
22.717081,3908,2052,4921,52.350
22.722750,3908,2051,4924,52.350
22.727227,3911,2050,4925,52.350
22.732950,3913,2051,4924,52.350
22.737378,3914,2050,4924,52.350
22.741746,3916,2051,4923,52.350
22.747500,3917,2052,4921,52.350
22.751637,3917,2053,4922,52.350
22.757546,3919,2055,4923,52.350
22.762038,3921,2057,4926,52.350
22.767690,3922,2058,4928,52.350
22.772164,3923,2059,4927,52.350
22.776544,3924,2059,4924,52.350
22.782317,3925,2059,4922,52.350
22.786760,3926,2057,4920,52.350
22.792395,3927,2055,4917,52.350
22.796914,3926,2052,4918,52.350
22.802567,3926,2052,4919,52.350
22.807027,3925,2053,4920,52.350
22.812696,3925,2055,4922,52.350
22.817160,3925,2057,4925,52.350
22.821279,3924,2058,4929,52.350
22.827041,3923,2058,4935,52.350
22.831459,3921,2055,4942,52.350
22.837113,3920,2052,4945,52.350
22.841565,3921,2049,4947,52.350
22.847280,3923,2048,4948,52.350
22.851907,3925,2050,4948,52.350
22.856323,3928,2052,4947,52.350
22.862118,3931,2054,4944,52.350
22.866482,3934,2052,4941,52.350
22.872214,3936,2052,4937,52.350
22.876664,3938,2051,4932,52.350
22.882316,3938,2049,4931,52.350
22.886783,3939,2050,4927,52.350
22.892464,3940,2049,4926,52.350
22.896938,3939,2048,4924,52.350
22.901361,3936,2047,4925,52.350
22.907061,3932,2047,4927,52.350
22.911490,3928,2047,4928,52.350
22.917170,3927,2045,4930,52.350
22.921658,3927,2045,4930,52.350
22.927280,3928,2042,4931,52.350
22.931715,3931,2042,4933,52.350
22.936129,3933,2043,4937,52.350
22.941887,3936,2046,4942,52.350
22.946307,3938,2050,4943,52.350
22.951947,3939,2053,4943,52.350
22.956449,3938,2053,4941,52.350
22.962113,3937,2052,4938,52.350
22.966536,3936,2051,4938,52.350
22.972266,3936,2049,4940,52.350
22.976681,3936,2048,4940,52.350
22.981168,3935,2049,4939,52.350
22.986832,3934,2049,4938,52.350
22.991360,3933,2050,4937,52.350
22.996996,3932,2052,4938,52.350
23.001323,3932,2052,4940,52.350
23.006840,3932,2053,4942,52.350
23.011482,3932,2053,4944,52.350
23.015767,3933,2052,4945,52.350
23.021647,3934,2052,4948,52.350
23.026074,3935,2053,4949,52.350
23.031579,3933,2056,4949,52.350
23.036330,3931,2058,4949,52.350
23.041891,3928,2060,4949,52.350
23.046315,3926,2061,4946,52.350
23.052046,3925,2060,4946,52.350
23.056495,3925,2060,4942,52.350
23.060915,3925,2060,4939,52.350
23.066590,3923,2062,4938,52.350
23.071065,3920,2063,4937,52.350
23.076715,3918,2060,4935,52.350
23.081200,3915,2059,4937,52.350
23.086885,3912,2056,4939,52.350
23.091328,3911,2053,4938,52.350
23.095753,3910,2052,4940,52.350
23.101701,3911,2053,4941,52.350
23.105874,3912,2055,4941,52.350
23.111577,3913,2056,4942,52.350
23.115990,3913,2058,4945,52.350
23.121680,3915,2058,4946,52.350
23.126136,3915,2058,4944,52.350
23.131852,3915,2058,4943,52.350
23.136309,3915,2056,4941,52.350
23.140759,3917,2055,4941,52.350
23.146407,3920,2052,4942,52.350
23.150819,3922,2052,4942,52.350
23.156497,3925,2052,4943,52.350
23.160967,3927,2051,4942,52.350
23.166648,3927,2051,4942,52.350
23.170931,3925,2051,4943,52.350
23.175585,3923,2051,4944,52.350
23.180991,3921,2052,4945,52.350
23.185343,3919,2054,4947,52.350
23.191344,3918,2055,4947,52.350
23.195607,3919,2055,4948,52.350
23.201173,3921,2053,4949,52.350
23.205632,3922,2052,4946,52.350
23.211535,3923,2051,4945,52.350
23.215787,3923,2051,4943,52.350
23.220184,3922,2053,4939,52.350
23.226007,3919,2055,4937,52.350
23.230626,3919,2055,4936,52.350
23.236288,3920,2054,4939,52.350
23.240745,3922,2053,4943,52.350
23.246481,3925,2050,4946,52.350
23.250665,3925,2049,4949,52.350
23.255302,3924,2048,4948,52.350
23.261231,3922,2047,4946,52.350
23.265091,3921,2047,4943,52.350
23.270903,3921,2048,4941,52.350
23.275298,3923,2046,4943,52.350
23.280993,3924,2045,4944,52.350
23.285538,3924,2045,4946,52.350
23.291427,3925,2045,4946,52.350
23.295893,3925,2046,4948,52.350
23.300237,3926,2047,4946,52.350
23.306013,3926,2047,4944,52.350
23.310440,3924,2048,4945,52.350
23.316097,3923,2048,4941,52.350
23.320553,3921,2049,4937,52.350
23.326299,3920,2048,4935,52.350
23.330657,3918,2049,4930,52.350
23.334784,3917,2046,4926,52.350
23.340831,3917,2044,4926,52.350
23.345031,3918,2043,4925,52.350
23.350603,3920,2041,4926,52.350
23.355088,3922,2040,4927,52.350
23.360825,3921,2039,4926,52.350
23.365229,3920,2038,4926,52.350
23.371233,3920,2037,4926,52.350
23.375637,3919,2037,4924,52.350
23.380053,3919,2038,4925,52.350
23.385822,3918,2039,4925,52.350
23.390212,3918,2042,4925,52.350
23.395913,3919,2044,4925,52.350
23.400314,3919,2045,4926,52.350
23.406066,3921,2047,4928,52.350
23.410483,3922,2047,4926,52.350
23.414909,3923,2046,4926,52.350
23.420629,3924,2049,4924,52.350
23.425033,3924,2050,4921,52.350
23.430747,3924,2050,4920,52.350
23.435154,3924,2051,4917,52.350
23.440847,3922,2049,4916,52.350
23.445300,3920,2047,4914,52.350
23.450981,3918,2047,4914,52.350
23.455437,3916,2045,4915,52.350
23.459869,3916,2046,4912,52.350
23.465578,3917,2046,4908,52.350
23.469977,3917,2046,4906,52.350
23.475393,3918,2046,4904,52.350
23.479791,3919,2046,4903,52.350
23.485558,3920,2047,4903,52.350
23.490292,3921,2047,4903,52.350
23.494736,3922,2048,4905,52.350
23.500454,3921,2050,4903,52.350
23.504795,3921,2050,4901,52.350
23.510501,3921,2051,4901,52.350
23.514994,3921,2052,4900,52.350
23.520672,3923,2054,4900,52.350
23.525077,3925,2055,4903,52.350
23.530792,3927,2055,4903,52.350
23.535265,3929,2054,4906,52.350
23.539644,3929,2053,4908,52.350
23.545376,3931,2052,4910,52.350
23.549767,3930,2050,4910,52.350
23.555442,3929,2050,4910,52.350
23.559930,3926,2047,4907,52.350
23.565598,3923,2047,4904,52.350
23.570028,3922,2046,4903,52.350
23.574490,3921,2043,4902,52.350
23.580199,3920,2041,4899,52.350
23.584635,3922,2038,4898,52.350
23.590303,3923,2035,4895,52.350
23.594776,3923,2037,4894,52.350
23.600164,3924,2040,4897,52.350
23.604529,3923,2042,4899,52.350
23.610575,3922,2042,4901,52.350
23.615022,3921,2042,4901,52.350
23.619439,3921,2042,4900,52.350
23.625167,3922,2042,4899,52.350
23.629605,3922,2043,4899,52.350
23.635243,3921,2045,4900,52.350
23.639695,3919,2045,4901,52.350
23.645388,3918,2045,4903,52.350
23.649838,3918,2047,4905,52.350
23.654323,3919,2048,4908,52.350
23.659965,3920,2047,4912,52.350
23.664414,3920,2047,4912,52.350
23.670084,3922,2045,4912,52.350
23.674557,3923,2044,4908,52.350
23.680227,3925,2042,4904,52.350
23.684631,3928,2042,4903,52.350
23.690351,3930,2042,4901,52.350
23.694790,3930,2043,4903,52.350
23.699194,3931,2043,4910,52.350
23.704974,3931,2045,4914,52.350
23.709355,3931,2047,4919,52.350
23.714997,3931,2048,4925,52.350
23.719127,3931,2049,4926,52.350
23.724960,3931,2050,4926,52.350
23.729603,3928,2049,4926,52.350
23.734035,3925,2048,4927,52.350
23.739751,3923,2046,4926,52.350
23.744154,3923,2045,4925,52.350
23.749660,3923,2044,4926,52.350
23.754308,3924,2046,4926,52.350
23.760002,3924,2049,4927,52.350
23.764261,3925,2051,4929,52.350
23.770133,3926,2053,4928,52.350
23.774554,3927,2054,4928,52.350
23.779029,3927,2055,4927,52.350
23.784513,3928,2054,4924,52.350
23.788797,3928,2054,4922,52.350
23.794832,3928,2054,4918,52.350
23.799277,3928,2053,4915,52.350
23.804990,3928,2052,4915,52.350
23.809431,3928,2053,4914,52.350
23.813820,3927,2053,4914,52.350
23.819564,3926,2052,4915,52.350
23.823958,3924,2052,4916,52.350
23.829643,3923,2052,4917,52.350
23.834064,3924,2052,4917,52.350
23.839582,3925,2049,4918,52.350
23.843897,3926,2048,4916,52.350
23.849642,3929,2047,4913,52.350
23.854041,3928,2046,4908,52.350
23.858486,3928,2047,4901,52.350
23.864228,3928,2048,4898,52.350
23.868917,3928,2048,4895,52.350
23.874569,3928,2047,4896,52.350
23.879100,3928,2046,4899,52.350
23.884728,3928,2044,4903,52.350
23.889218,3929,2043,4904,52.350
23.893628,3929,2044,4907,52.350
23.899121,3928,2043,4908,52.350
23.903422,3928,2042,4910,52.350
23.909186,3926,2041,4911,52.350
23.913900,3925,2039,4911,52.350
23.919610,3925,2038,4911,52.350
23.924005,3924,2038,4910,52.350
23.929818,3924,2038,4911,52.350
23.934172,3925,2038,4914,52.350
23.938593,3925,2037,4916,52.350
23.944328,3926,2037,4917,52.350
23.948689,3927,2037,4916,52.350
23.954103,3926,2038,4916,52.350
23.958493,3924,2039,4913,52.350
23.964277,3923,2041,4914,52.350
23.968972,3921,2042,4915,52.350
23.973444,3920,2041,4917,52.350
23.979118,3919,2041,4919,52.350
23.983587,3919,2041,4923,52.350
23.989211,3920,2039,4924,52.350
23.993767,3921,2038,4924,52.350
23.999368,3921,2037,4924,52.350
24.003840,3922,2035,4925,52.350
24.009256,3922,2034,4927,52.350
24.013617,3924,2033,4929,52.350
24.018077,3927,2033,4932,52.350
24.023825,3929,2034,4931,52.350
24.028487,3930,2035,4930,52.350
24.033954,3932,2037,4930,52.350
24.038608,3933,2038,4928,52.350
24.044343,3934,2040,4928,52.350
24.048679,3935,2042,4927,52.350
24.053183,3935,2043,4925,52.350
24.058888,3933,2046,4923,52.350
24.063332,3928,2048,4924,52.350
24.068699,3924,2049,4925,52.350
24.073150,3919,2049,4925,52.350
24.079104,3916,2050,4925,52.350
24.083589,3915,2050,4924,52.350
24.089299,3916,2051,4923,52.350
24.093733,3917,2053,4927,52.350
24.098343,3917,2055,4929,52.350
24.103898,3918,2055,4931,52.350
24.108292,3919,2056,4931,52.350
24.113997,3920,2055,4931,52.350
24.118472,3921,2055,4932,52.350
24.123865,3921,2053,4934,52.350
24.128285,3921,2051,4935,52.350
24.132669,3919,2051,4936,52.350
24.138706,3916,2053,4936,52.350
24.143084,3915,2055,4935,52.350
24.148799,3916,2059,4933,52.350
24.153309,3921,2060,4931,52.350
24.158914,3927,2059,4930,52.350
24.163414,3930,2056,4929,52.350
24.169055,3931,2055,4930,52.350
24.173531,3929,2054,4931,52.350
24.177687,3928,2053,4934,52.350
24.183395,3928,2053,4935,52.350
24.187733,3928,2052,4936,52.350
24.193723,3928,2051,4935,52.350
24.197960,3928,2050,4934,52.350
24.203603,3927,2049,4932,52.350
24.208329,3925,2047,4930,52.350
24.212755,3925,2046,4928,52.350
24.218465,3924,2046,4924,52.350
24.222877,3925,2046,4921,52.350
24.228543,3926,2047,4920,52.350
24.233086,3926,2047,4920,52.350
24.238385,3924,2047,4922,52.350
24.242864,3922,2046,4924,52.350
24.248855,3921,2044,4925,52.350
24.253307,3921,2044,4925,52.350
24.257739,3921,2043,4924,52.350
24.263427,3921,2044,4925,52.350
24.267902,3920,2043,4926,52.350
24.273520,3920,2042,4926,52.350
24.278012,3920,2041,4928,52.350
24.283677,3920,2040,4931,52.350
24.288187,3920,2041,4934,52.350
24.292308,3921,2042,4938,52.350
24.297943,3922,2045,4942,52.350
24.302370,3923,2047,4945,52.350
24.308342,3924,2048,4948,52.350
24.312800,3925,2049,4951,52.350
24.318546,3926,2049,4949,52.350
24.322973,3926,2050,4947,52.350
24.328688,3929,2049,4946,52.350
24.333104,3930,2051,4943,52.350
24.337525,3931,2051,4942,52.350
24.343305,3932,2051,4939,52.350
24.347313,3932,2049,4935,52.350
24.353065,3931,2048,4930,52.350
24.357756,3930,2047,4922,52.350
24.363430,3930,2047,4915,52.350
24.367887,3928,2049,4911,52.350
24.372342,3928,2050,4909,52.350
24.377965,3927,2052,4907,52.350
24.382473,3927,2052,4906,52.350
24.388170,3929,2053,4909,52.350
24.392667,3931,2051,4910,52.350
24.398120,3933,2048,4910,52.350
24.402550,3934,2048,4914,52.350
24.408159,3933,2047,4916,52.350
24.412891,3933,2047,4921,52.350
24.417308,3933,2048,4925,52.350
24.423079,3932,2048,4928,52.350
24.427420,3932,2049,4926,52.350
24.432876,3931,2049,4923,52.350
24.437304,3928,2049,4923,52.350
24.442973,3926,2050,4923,52.350
24.447414,3924,2050,4926,52.350
24.451965,3923,2051,4927,52.350
24.457530,3922,2052,4927,52.350
24.462058,3922,2052,4928,52.350
24.467924,3923,2051,4929,52.350
24.472379,3923,2050,4931,52.350
24.478081,3924,2048,4931,52.350
24.482281,3925,2047,4926,52.350
24.488214,3925,2046,4923,52.350
24.492642,3927,2046,4916,52.350
24.496816,3926,2046,4912,52.350
24.502822,3926,2048,4911,52.350
24.506993,3925,2050,4909,52.350
24.512607,3924,2050,4910,52.350
24.517043,3924,2051,4910,52.350
24.523118,3925,2051,4909,52.350
24.527495,3927,2052,4910,52.350
24.531910,3928,2050,4909,52.350
24.537654,3931,2051,4910,52.350
24.542029,3931,2050,4910,52.350
24.547729,3931,2048,4911,52.350
24.552216,3931,2047,4915,52.350
24.557880,3930,2045,4917,52.350
24.562137,3928,2043,4920,52.350
24.567684,3927,2043,4921,52.350
24.572160,3926,2044,4922,52.350
24.576909,3927,2044,4923,52.350
24.582665,3928,2044,4925,52.350
24.586964,3928,2044,4931,52.350
24.592689,3926,2042,4937,52.350
24.597141,3923,2040,4940,52.350
24.602870,3919,2039,4944,52.350
24.607307,3915,2037,4942,52.350
24.611691,3912,2036,4941,52.350
24.617124,3911,2036,4938,52.350
24.621464,3911,2037,4935,52.350
24.627497,3914,2039,4932,52.350
24.631976,3916,2039,4929,52.350
24.637647,3918,2038,4925,52.350
24.642110,3918,2037,4923,52.350
24.647787,3918,2037,4923,52.350
24.652257,3918,2037,4922,52.350
24.656658,3917,2037,4923,52.350
24.662381,3916,2037,4923,52.350
24.666791,3917,2036,4921,52.350
24.672245,3918,2036,4918,52.350
24.676693,3921,2037,4917,52.350
24.682634,3921,2039,4917,52.350
24.687131,3919,2040,4916,52.350
24.691487,3917,2041,4915,52.350
24.697227,3915,2042,4914,52.350
24.701638,3917,2042,4914,52.350
24.707291,3918,2041,4912,52.350
24.711834,3919,2041,4914,52.350
24.717470,3918,2040,4915,52.350
24.721631,3917,2041,4915,52.350
24.727272,3916,2042,4918,52.350
24.731727,3915,2044,4920,52.350
24.736421,3917,2045,4921,52.350
24.742174,3918,2045,4923,52.350
24.746629,3919,2045,4924,52.350
24.752267,3921,2045,4923,52.350
24.756712,3922,2046,4919,52.350
24.762414,3921,2044,4914,52.350
24.766892,3920,2044,4912,52.350
24.771325,3920,2040,4911,52.350
24.776829,3918,2038,4912,52.350
24.781114,3919,2038,4915,52.350
24.786827,3918,2038,4917,52.350
24.791628,3919,2041,4916,52.350
24.797263,3919,2044,4916,52.350
24.801686,3919,2046,4917,52.350
24.807420,3919,2047,4921,52.350
24.811813,3919,2045,4926,52.350
24.816263,3918,2043,4930,52.350
24.821962,3918,2043,4930,52.350
24.826406,3916,2044,4929,52.350
24.832066,3915,2046,4925,52.350
24.836532,3916,2049,4923,52.350
24.842201,3916,2051,4923,52.350
24.846629,3916,2053,4924,52.350
24.851042,3916,2056,4926,52.350
24.856786,3914,2058,4924,52.350
24.861236,3915,2060,4919,52.350
24.866639,3915,2060,4915,52.350
24.871027,3915,2060,4912,52.350
24.876781,3916,2060,4913,52.350
24.881169,3916,2061,4916,52.350
24.887258,3917,2061,4920,52.350
24.891640,3919,2059,4921,52.350
24.896029,3922,2055,4922,52.350
24.901718,3925,2049,4923,52.350
24.905919,3926,2044,4927,52.350
24.911590,3925,2042,4931,52.350
24.916022,3926,2040,4934,52.350
24.922009,3925,2040,4936,52.350
24.926413,3924,2041,4937,52.350
24.930839,3923,2042,4937,52.350
24.936576,3923,2043,4935,52.350
24.941004,3924,2045,4935,52.350
24.946715,3924,2046,4936,52.350
24.951158,3924,2048,4939,52.350
24.956834,3924,2048,4944,52.350
24.961300,3923,2047,4947,52.350
24.966937,3923,2047,4952,52.350
24.971454,3924,2045,4955,52.350
24.975917,3924,2044,4955,52.350
24.981620,3924,2044,4954,52.350
24.985942,3923,2041,4952,52.350
24.991635,3924,2040,4949,52.350
24.996153,3923,2038,4947,52.350
25.001768,3924,2036,4944,52.350
25.006000,3925,2036,4945,52.350
25.010666,3925,2036,4945,52.350
25.016165,3924,2036,4946,52.350
25.020787,3923,2037,4947,52.350
25.026478,3923,2037,4945,52.350
25.030687,3923,2038,4943,52.350
25.036384,3922,2040,4941,52.350
25.040773,3922,2041,4940,52.350
25.046754,3922,2043,4939,52.350
25.051182,3922,2044,4938,52.350
25.055644,3923,2045,4934,52.350
25.061376,3923,2046,4930,52.350
25.065800,3924,2047,4928,52.350
25.071445,3925,2048,4927,52.350
25.076071,3925,2050,4924,52.350
25.081614,3924,2050,4923,52.350
25.086001,3922,2050,4925,52.350
25.090471,3921,2049,4927,52.350
25.096346,3921,2049,4928,52.350
25.100597,3922,2049,4930,52.350
25.106297,3922,2049,4931,52.350
25.110716,3923,2048,4929,52.350
25.116420,3924,2048,4932,52.350
25.120863,3926,2047,4932,52.350
25.126599,3928,2047,4933,52.350
25.131019,3930,2048,4934,52.350
25.135419,3931,2049,4933,52.350
25.141188,3932,2050,4932,52.350
25.145556,3931,2051,4932,52.350
25.151217,3930,2052,4931,52.350
25.155439,3930,2051,4932,52.350
25.161048,3932,2050,4930,52.350
25.165537,3933,2051,4929,52.350
25.170233,3933,2051,4929,52.350
25.175992,3931,2053,4928,52.350
25.180419,3929,2054,4928,52.350
25.186058,3926,2054,4931,52.350
25.190539,3924,2054,4932,52.350
25.196245,3923,2052,4934,52.350
25.200645,3922,2051,4934,52.350
25.206380,3922,2049,4932,52.350
25.210774,3921,2046,4932,52.350
25.215253,3920,2044,4931,52.350
25.220935,3920,2044,4930,52.350
25.225334,3921,2044,4931,52.350
25.231024,3924,2044,4931,52.350
25.235480,3927,2045,4929,52.350
25.241224,3930,2047,4926,52.350
25.245603,3930,2047,4923,52.350
25.250037,3931,2050,4921,52.350
25.255716,3933,2051,4923,52.350
25.260221,3934,2052,4923,52.350
25.265860,3935,2052,4924,52.350
25.270373,3936,2052,4924,52.350
25.275995,3937,2050,4925,52.350
25.280255,3937,2048,4928,52.350
25.285857,3937,2047,4930,52.350
25.290226,3935,2046,4932,52.350
25.294607,3932,2047,4933,52.350
25.300380,3930,2047,4932,52.350
25.304775,3926,2046,4930,52.350
25.310529,3925,2045,4928,52.350
25.314935,3924,2044,4928,52.350
25.320971,3923,2043,4930,52.350
25.325397,3923,2041,4931,52.350
25.329807,3923,2041,4934,52.350
25.335554,3923,2041,4937,52.350
25.339703,3925,2041,4939,52.350
25.345625,3926,2040,4940,52.350
25.350128,3928,2040,4937,52.350
25.355802,3929,2040,4934,52.350
25.360144,3929,2039,4932,52.350
25.365820,3930,2040,4929,52.350
25.370332,3932,2041,4926,52.350
25.374812,3933,2043,4921,52.350
25.380533,3934,2045,4914,52.350
25.384876,3933,2047,4908,52.350
25.390586,3933,2050,4905,52.350
25.395086,3931,2052,4902,52.350
25.400789,3930,2051,4902,52.350
25.405177,3931,2052,4907,52.350
25.409617,3931,2052,4911,52.350
25.415323,3933,2051,4913,52.350
25.419747,3933,2052,4918,52.350
25.425434,3932,2051,4920,52.350
25.429882,3932,2050,4923,52.350
25.435549,3931,2048,4924,52.350
25.440016,3929,2048,4926,52.350
25.445731,3927,2044,4929,52.350
25.450145,3925,2043,4932,52.350
25.454588,3924,2043,4939,52.350
25.460319,3923,2042,4942,52.350
25.464757,3922,2043,4944,52.350
25.470369,3921,2042,4943,52.350
25.474893,3920,2042,4941,52.350
25.480582,3920,2043,4940,52.350
25.485027,3920,2042,4940,52.350
25.489418,3920,2042,4940,52.350
25.495134,3920,2042,4938,52.350
25.499526,3919,2042,4937,52.350
25.505237,3917,2042,4938,52.350
25.509669,3915,2041,4937,52.350
25.515338,3912,2039,4936,52.350
25.519782,3911,2036,4936,52.350
25.525542,3911,2033,4936,52.350
25.529973,3913,2032,4934,52.350
25.534149,3915,2031,4933,52.350
25.540110,3916,2032,4934,52.350
25.544484,3916,2035,4933,52.350
25.550217,3916,2037,4934,52.350
25.554675,3917,2040,4933,52.350
25.560317,3918,2042,4933,52.350
25.564806,3923,2044,4934,52.350
25.569239,3924,2046,4933,52.350
25.574950,3925,2047,4932,52.350
25.579332,3926,2050,4929,52.350
25.584977,3926,2052,4926,52.350
25.589466,3926,2053,4923,52.350
25.595186,3927,2055,4921,52.350
25.599578,3927,2056,4921,52.350
25.605315,3926,2056,4919,52.350
25.609722,3926,2056,4917,52.350
25.614156,3925,2055,4919,52.350
25.619899,3923,2055,4917,52.350
25.624308,3924,2053,4916,52.350
25.629961,3923,2054,4915,52.350
25.634415,3922,2055,4914,52.350
25.640098,3922,2056,4912,52.350
25.644525,3922,2059,4912,52.350
25.648973,3923,2060,4913,52.350
25.654747,3923,2063,4912,52.350
25.659144,3924,2064,4911,52.350
25.664775,3924,2065,4912,52.350
25.669355,3923,2065,4912,52.350
25.674906,3923,2063,4914,52.350
25.679383,3922,2061,4919,52.350
25.685116,3924,2059,4923,52.350
25.689525,3925,2058,4925,52.350
25.693928,3925,2056,4926,52.350
25.699700,3924,2054,4923,52.350
25.704057,3922,2050,4916,52.350
25.709762,3921,2046,4912,52.350
25.714176,3919,2044,4911,52.350
25.719916,3920,2042,4908,52.350
25.724312,3920,2041,4906,52.350
25.728764,3921,2043,4906,52.350
25.734477,3922,2045,4904,52.350
25.738892,3924,2048,4904,52.350
25.744566,3927,2049,4906,52.350
25.749049,3930,2049,4907,52.350
25.754692,3931,2050,4907,52.350
25.759170,3932,2050,4908,52.350
25.764590,3931,2050,4908,52.350
25.769286,3931,2051,4905,52.350
25.773735,3930,2052,4903,52.350
25.779446,3930,2051,4904,52.350
25.783846,3929,2051,4905,52.350
25.789585,3928,2049,4908,52.350
25.794029,3927,2047,4909,52.350
25.799661,3926,2046,4908,52.350
25.804149,3927,2042,4910,52.350
25.808516,3928,2040,4909,52.350
25.814272,3927,2038,4909,52.350
25.818670,3927,2036,4912,52.350
25.824369,3925,2034,4912,52.350
25.828815,3922,2035,4914,52.350
25.834499,3920,2035,4918,52.350
25.838935,3918,2036,4919,52.350
25.844606,3915,2037,4919,52.350
25.849104,3914,2037,4917,52.350
25.853468,3914,2036,4916,52.350
25.859197,3914,2036,4916,52.350
25.863681,3915,2034,4918,52.350
25.869292,3915,2033,4919,52.350
25.873589,3916,2034,4921,52.350
25.879194,3917,2034,4920,52.350
25.883873,3920,2035,4921,52.350
25.888341,3923,2035,4920,52.350
25.894043,3926,2036,4921,52.350
25.898453,3928,2036,4922,52.350
25.904115,3931,2036,4918,52.350
25.908625,3932,2035,4916,52.350
25.914314,3931,2034,4912,52.350
25.918712,3929,2034,4908,52.350
25.924475,3924,2034,4905,52.350
25.928860,3920,2035,4901,52.350
25.933338,3917,2037,4902,52.350
25.939025,3914,2038,4903,52.350
25.943430,3914,2040,4906,52.350
25.949093,3913,2040,4907,52.350
25.953533,3912,2042,4906,52.350
25.959209,3912,2044,4906,52.350
25.963654,3913,2046,4905,52.350
25.968114,3916,2049,4906,52.350
25.973836,3918,2050,4909,52.350
25.978333,3919,2050,4913,52.350
25.983932,3918,2049,4917,52.350
25.988429,3915,2050,4921,52.350
25.993832,3912,2050,4926,52.350
25.998471,3911,2052,4927,52.350
26.003897,3910,2055,4925,52.350
26.008400,3910,2056,4924,52.350
26.012718,3912,2056,4922,52.350
26.018504,3914,2055,4919,52.350
26.022905,3916,2054,4917,52.350
26.028582,3917,2051,4917,52.350
26.033023,3919,2049,4916,52.350
26.038736,3919,2048,4918,52.350
26.043459,3918,2046,4920,52.350
26.047889,3918,2045,4921,52.350
26.053609,3919,2044,4922,52.350
26.058030,3921,2044,4924,52.350
26.063697,3923,2043,4923,52.350
26.068142,3926,2043,4922,52.350
26.073835,3927,2043,4922,52.350
26.078293,3927,2043,4921,52.350
26.083997,3926,2045,4921,52.350
26.088414,3925,2046,4921,52.350
26.092854,3924,2048,4922,52.350
26.098572,3923,2048,4924,52.350
26.103088,3921,2048,4924,52.350
26.108714,3920,2046,4925,52.350
26.113114,3918,2044,4927,52.350
26.118778,3918,2042,4926,52.350
26.123283,3917,2042,4928,52.350
26.127640,3918,2043,4929,52.350
26.133403,3917,2044,4928,52.350
26.137774,3917,2045,4927,52.350
26.143480,3916,2046,4928,52.350
26.147947,3915,2047,4929,52.350
26.153625,3917,2048,4929,52.350
26.158030,3920,2048,4930,52.350
26.163805,3922,2049,4930,52.350
26.167904,3924,2048,4929,52.350
26.172671,3925,2047,4926,52.350
26.178394,3924,2046,4924,52.350
26.182591,3923,2045,4922,52.350
26.188472,3921,2044,4919,52.350
26.192950,3917,2045,4918,52.350
26.198593,3916,2045,4916,52.350
26.203013,3913,2046,4917,52.350
26.207427,3912,2046,4919,52.350
26.212912,3912,2045,4920,52.350
26.217410,3912,2045,4922,52.350
26.223273,3914,2046,4921,52.350
26.227763,3917,2048,4920,52.350
26.233191,3917,2050,4922,52.350
26.237832,3917,2051,4924,52.350
26.243549,3917,2052,4925,52.350
26.248033,3916,2051,4927,52.350
26.252121,3917,2049,4925,52.350
26.258138,3918,2047,4921,52.350
26.262536,3920,2046,4916,52.350
26.268200,3921,2046,4912,52.350
26.272720,3921,2045,4912,52.350
26.278370,3921,2045,4914,52.350
26.282801,3920,2046,4916,52.350
26.287235,3920,2047,4917,52.350
26.292992,3920,2047,4915,52.350
26.297362,3920,2046,4915,52.350
26.303073,3921,2045,4917,52.350
26.307541,3922,2042,4919,52.350
26.313212,3923,2041,4920,52.350
26.317648,3924,2041,4922,52.350
26.323373,3922,2042,4921,52.350
26.327882,3921,2043,4919,52.350
26.332188,3919,2046,4916,52.350
26.337860,3917,2048,4911,52.350
26.342328,3918,2052,4906,52.350
26.348008,3919,2054,4904,52.350
26.352457,3922,2056,4905,52.350
26.358212,3923,2056,4905,52.350
26.362625,3923,2056,4903,52.350
26.367065,3922,2055,4899,52.350
26.372798,3922,2053,4899,52.350
26.377204,3923,2052,4899,52.350
26.382870,3924,2052,4900,52.350
26.387329,3924,2053,4902,52.350
26.393035,3925,2055,4902,52.350
26.397478,3925,2056,4899,52.350
26.403174,3924,2055,4899,52.350
26.407608,3923,2053,4901,52.350
26.411807,3921,2052,4903,52.350
26.417718,3919,2051,4906,52.350
26.422122,3919,2051,4909,52.350
26.427791,3920,2052,4911,52.350
26.432287,3920,2054,4911,52.350
26.437945,3920,2056,4912,52.350
26.442382,3920,2058,4912,52.350
26.446827,3919,2058,4916,52.350
26.452557,3918,2059,4921,52.350
26.456988,3918,2057,4925,52.350
26.462631,3918,2055,4925,52.350
26.467160,3919,2054,4922,52.350
26.472757,3920,2052,4919,52.350
26.477236,3921,2050,4921,52.350
26.482974,3921,2050,4924,52.350
26.487395,3920,2050,4927,52.350
26.491793,3918,2051,4930,52.350
26.497503,3918,2052,4931,52.350
26.501932,3916,2050,4932,52.350
26.507604,3915,2050,4933,52.350
26.512046,3914,2048,4936,52.350
26.517746,3914,2045,4938,52.350
26.522176,3914,2044,4938,52.350
26.526611,3916,2044,4938,52.350
26.532309,3918,2044,4936,52.350
26.536753,3918,2046,4932,52.350
26.542388,3918,2049,4930,52.350
26.546868,3917,2050,4929,52.350
26.552547,3916,2052,4926,52.350
26.557050,3915,2052,4923,52.350
26.562725,3913,2053,4921,52.350
26.567117,3912,2053,4920,52.350
26.571560,3911,2055,4918,52.350
26.577337,3910,2056,4918,52.350
26.581712,3909,2057,4918,52.350
26.587360,3909,2060,4917,52.350
26.591828,3908,2061,4918,52.350
26.597565,3909,2061,4919,52.350
26.601767,3910,2062,4921,52.350
26.606410,3913,2063,4924,52.350
26.612119,3913,2061,4926,52.350
26.616521,3915,2057,4930,52.350
26.622202,3915,2054,4932,52.350
26.626662,3915,2050,4935,52.350
26.632344,3916,2046,4937,52.350
26.636760,3917,2045,4937,52.350
26.642527,3918,2044,4935,52.350
26.646918,3920,2042,4935,52.350
26.651328,3922,2041,4933,52.350
26.657042,3925,2040,4934,52.350
26.661512,3927,2040,4936,52.350
26.667134,3928,2042,4936,52.350
26.671599,3930,2043,4935,52.350
26.677345,3931,2044,4934,52.350
26.681772,3932,2044,4932,52.350
26.686216,3934,2045,4930,52.350
26.691901,3936,2047,4928,52.350
26.696305,3935,2048,4928,52.350
26.702008,3934,2047,4931,52.350
26.706455,3934,2046,4936,52.350
26.712167,3934,2046,4938,52.350
26.716334,3934,2046,4941,52.350
26.722288,3933,2047,4941,52.350
26.726702,3933,2049,4940,52.350
26.731111,3932,2050,4939,52.350
26.736854,3932,2052,4935,52.350
26.741292,3931,2053,4930,52.350
26.746968,3931,2055,4924,52.350
26.751125,3930,2055,4917,52.350
26.757089,3930,2055,4911,52.350
26.761529,3928,2055,4907,52.350
26.765955,3925,2055,4906,52.350
26.771682,3923,2054,4902,52.350
26.776138,3921,2053,4902,52.350
26.781780,3919,2052,4900,52.350
26.786192,3918,2051,4899,52.350
26.791885,3918,2052,4901,52.350
26.796344,3918,2054,4904,52.350
26.802089,3919,2055,4907,52.350
26.806513,3919,2057,4910,52.350
26.810883,3919,2058,4914,52.350
26.816627,3918,2060,4918,52.350
26.821059,3918,2062,4918,52.350
26.826701,3918,2063,4918,52.350
26.831190,3919,2062,4916,52.350
26.836865,3921,2061,4915,52.350
26.841316,3922,2060,4914,52.350
26.845749,3921,2060,4914,52.350
26.851469,3920,2061,4913,52.350
26.855918,3919,2061,4911,52.350
26.861531,3918,2061,4910,52.350
26.866038,3918,2059,4908,52.350
26.871729,3920,2056,4905,52.350
26.875835,3920,2052,4902,52.350
26.881533,3919,2049,4902,52.350
26.886284,3919,2047,4904,52.350
26.890674,3919,2044,4908,52.350
26.896431,3917,2043,4910,52.350
26.900639,3917,2042,4913,52.350
26.906531,3917,2042,4914,52.350
26.910988,3917,2041,4914,52.350
26.916674,3918,2041,4917,52.350
26.921092,3920,2042,4919,52.350
26.925486,3922,2043,4924,52.350
26.931134,3924,2044,4926,52.350
26.935670,3926,2044,4929,52.350
26.941345,3927,2044,4932,52.350
26.945849,3926,2044,4931,52.350
26.951476,3927,2043,4931,52.350
26.955891,3926,2043,4928,52.350
26.961597,3925,2042,4927,52.350
26.966000,3924,2040,4926,52.350
26.970494,3922,2040,4927,52.350
26.976229,3920,2041,4930,52.350
26.980660,3920,2044,4930,52.350
26.986290,3919,2047,4930,52.350
26.990725,3919,2050,4930,52.350
26.996425,3918,2052,4932,52.350
27.000864,3918,2055,4934,52.350
27.005026,3918,2055,4937,52.350
27.011033,3918,2055,4935,52.350
27.015466,3919,2053,4934,52.350
27.020895,3920,2050,4933,52.350
27.025599,3922,2048,4930,52.350
27.031266,3925,2047,4930,52.350
27.035516,3927,2047,4932,52.350
27.041400,3927,2045,4932,52.350
27.045825,3928,2045,4931,52.350
27.050303,3929,2046,4931,52.350
27.055991,3929,2046,4929,52.350
27.060467,3929,2048,4928,52.350
27.066104,3929,2047,4927,52.350
27.070576,3927,2046,4926,52.350
27.076264,3925,2045,4927,52.350
27.080680,3923,2045,4926,52.350
27.085071,3922,2045,4921,52.350
27.090876,3920,2046,4918,52.350
27.095212,3919,2047,4915,52.350
27.100938,3918,2047,4914,52.350
27.105386,3919,2048,4916,52.350
27.111070,3919,2050,4918,52.350
27.115402,3920,2050,4918,52.350
27.121233,3920,2050,4919,52.350
27.125627,3921,2050,4919,52.350
27.130056,3923,2050,4920,52.350
27.135813,3924,2051,4921,52.350
27.140207,3926,2051,4921,52.350
27.145891,3926,2051,4921,52.350
27.150393,3926,2051,4924,52.350
27.156039,3926,2050,4926,52.350
27.160498,3927,2049,4926,52.350
27.164935,3928,2048,4927,52.350
27.170630,3928,2047,4927,52.350
27.175041,3928,2046,4926,52.350
27.180663,3927,2044,4924,52.350
27.185180,3926,2042,4921,52.350
27.190889,3926,2043,4916,52.350
27.195326,3925,2044,4910,52.350
27.201014,3925,2044,4909,52.350
27.205441,3925,2046,4909,52.350
27.209849,3925,2045,4908,52.350
27.215536,3926,2044,4906,52.350
27.220003,3928,2044,4904,52.350
27.225649,3930,2044,4902,52.350
27.230134,3931,2044,4904,52.350
27.235788,3933,2046,4906,52.350
27.240271,3932,2048,4909,52.350
27.244672,3930,2049,4911,52.350
27.250370,3929,2050,4914,52.350
27.254792,3928,2049,4917,52.350
27.260488,3928,2047,4920,52.350
27.264977,3929,2045,4922,52.350
27.270618,3929,2044,4923,52.350
27.275110,3929,2043,4924,52.350
27.280816,3929,2044,4926,52.350
27.285303,3929,2044,4928,52.350
27.289600,3929,2044,4931,52.350
27.295388,3929,2043,4934,52.350
27.299766,3930,2042,4935,52.350
27.305474,3930,2041,4935,52.350
27.309923,3930,2039,4934,52.350
27.315592,3931,2036,4932,52.350
27.319998,3929,2034,4933,52.350
27.324473,3926,2033,4936,52.350
27.330186,3923,2033,4938,52.350
27.334571,3920,2034,4940,52.350
27.340262,3916,2036,4939,52.350
27.344719,3916,2038,4936,52.350
27.350397,3915,2038,4932,52.350
27.354833,3916,2040,4932,52.350
27.360392,3917,2041,4931,52.350
27.364716,3917,2042,4930,52.350
27.369394,3917,2043,4930,52.350
27.375150,3915,2046,4931,52.350
27.379575,3913,2049,4931,52.350
27.385213,3910,2052,4931,52.350
27.389746,3908,2054,4932,52.350
27.395397,3908,2054,4929,52.350
27.399840,3910,2053,4929,52.350
27.404234,3911,2053,4932,52.350
27.409965,3912,2052,4935,52.350
27.414408,3912,2051,4937,52.350
27.420121,3911,2050,4937,52.350
27.424517,3910,2048,4932,52.350
27.429996,3908,2046,4927,52.350
27.434628,3906,2045,4925,52.350
27.440340,3905,2044,4926,52.350
27.444778,3906,2042,4926,52.350
27.449246,3907,2043,4930,52.350
27.454948,3910,2043,4935,52.350
27.459402,3912,2043,4936,52.350
27.465032,3914,2042,4939,52.350
27.469507,3916,2041,4940,52.350
27.475168,3916,2041,4940,52.350
27.479614,3917,2042,4940,52.350
27.484070,3918,2042,4939,52.350
27.489803,3919,2042,4940,52.350
27.494181,3922,2041,4938,52.350
27.499616,3926,2040,4936,52.350
27.504310,3929,2039,4935,52.350
27.510011,3929,2040,4934,52.350
27.514396,3928,2042,4933,52.350
27.520103,3926,2043,4932,52.350
27.524551,3925,2044,4935,52.350
27.528977,3925,2046,4935,52.350
27.534726,3924,2046,4935,52.350
27.539126,3925,2047,4934,52.350
27.544801,3924,2047,4933,52.350
27.549326,3924,2049,4935,52.350
27.554964,3924,2050,4937,52.350
27.559369,3924,2051,4939,52.350
27.563838,3925,2053,4943,52.350
27.569547,3925,2053,4945,52.350
27.573958,3925,2054,4944,52.350
27.579692,3925,2054,4944,52.350
27.584134,3924,2055,4941,52.350
27.589898,3923,2057,4941,52.350
27.594194,3922,2057,4943,52.350
27.599969,3920,2057,4945,52.350
27.604360,3919,2055,4946,52.350
27.608745,3917,2055,4948,52.350
27.614521,3917,2054,4948,52.350
27.618924,3917,2053,4950,52.350
27.624599,3919,2053,4951,52.350
27.629036,3920,2053,4951,52.350
27.634706,3921,2051,4951,52.350
27.639170,3918,2049,4948,52.350
27.643571,3917,2047,4945,52.350
27.649318,3917,2044,4942,52.350
27.653736,3915,2044,4938,52.350
27.659387,3915,2043,4935,52.350
27.663902,3914,2042,4931,52.350
27.669548,3913,2043,4927,52.350
27.674035,3912,2044,4924,52.350
27.679721,3911,2044,4922,52.350
27.684124,3910,2045,4922,52.350
27.688547,3908,2046,4924,52.350
27.694292,3908,2045,4923,52.350
27.698722,3908,2045,4921,52.350
27.704407,3908,2048,4919,52.350
27.708825,3908,2049,4917,52.350
27.714500,3907,2049,4916,52.350
27.718927,3905,2049,4917,52.350
27.723359,3903,2047,4920,52.350
27.729090,3902,2045,4923,52.350
27.733495,3901,2043,4926,52.350
27.739217,3902,2042,4930,52.350
27.743694,3904,2041,4930,52.350
27.749197,3907,2040,4928,52.350
27.753770,3910,2040,4926,52.350
27.759489,3912,2039,4924,52.350
27.763966,3915,2040,4924,52.350
27.768318,3917,2041,4923,52.350
27.774070,3918,2041,4922,52.350
27.778465,3919,2043,4920,52.350
27.784003,3920,2043,4917,52.350
27.788665,3920,2043,4914,52.350
27.794311,3920,2046,4910,52.350
27.798802,3921,2048,4906,52.350
27.803129,3921,2051,4903,52.350
27.808867,3921,2054,4899,52.350
27.813310,3921,2056,4899,52.350
27.818960,3919,2056,4901,52.350
27.823459,3917,2057,4903,52.350
27.829110,3917,2057,4905,52.350
27.833526,3918,2059,4905,52.350
27.839240,3922,2059,4905,52.350
27.843671,3924,2059,4905,52.350
27.848154,3924,2057,4909,52.350
27.853831,3922,2055,4913,52.350
27.858311,3919,2053,4918,52.350
27.863899,3917,2050,4923,52.350
27.868403,3915,2048,4924,52.350
27.874095,3915,2046,4920,52.350
27.878531,3916,2045,4917,52.350
27.882954,3917,2043,4916,52.350
27.888666,3917,2042,4916,52.350
27.893056,3918,2042,4920,52.350
27.898781,3919,2041,4926,52.350
27.902996,3919,2039,4930,52.350
27.908906,3921,2037,4932,52.350
27.913341,3921,2037,4934,52.350
27.919035,3922,2037,4934,52.350
27.923456,3922,2038,4934,52.350
27.927913,3924,2040,4935,52.350
27.933655,3927,2041,4933,52.350
27.938041,3930,2042,4932,52.350
27.943707,3931,2044,4930,52.350
27.948192,3929,2047,4928,52.350
27.953839,3927,2049,4927,52.350
27.958326,3926,2050,4925,52.350
27.962760,3926,2050,4923,52.350
27.968480,3927,2050,4923,52.350
27.972880,3927,2048,4925,52.350
27.978529,3926,2048,4926,52.350
27.983034,3924,2048,4928,52.350
27.988685,3922,2048,4927,52.350
27.993117,3923,2049,4928,52.350
27.998864,3922,2049,4929,52.350
28.003268,3922,2048,4930,52.350
28.007399,3921,2047,4933,52.350
28.013302,3919,2047,4931,52.350
28.017611,3917,2049,4927,52.350
28.023520,3915,2051,4922,52.350
28.027968,3913,2054,4917,52.350
28.033486,3911,2053,4913,52.350
28.038063,3910,2051,4912,52.350
28.042535,3911,2049,4911,52.350
28.048272,3912,2048,4912,52.350
28.052681,3911,2048,4912,52.350
28.058341,3911,2049,4912,52.350
28.062809,3910,2050,4909,52.350
28.068440,3908,2049,4909,52.350
28.072931,3908,2049,4910,52.350
28.078649,3908,2050,4914,52.350
28.083101,3908,2051,4920,52.350
28.087447,3909,2050,4923,52.350
28.093222,3910,2052,4926,52.350
28.097617,3910,2052,4927,52.350
28.103270,3911,2052,4926,52.350
28.107778,3912,2051,4928,52.350
28.113460,3912,2049,4929,52.350
28.117882,3914,2047,4931,52.350
28.122313,3916,2044,4935,52.350
28.127990,3915,2042,4937,52.350
28.132404,3916,2041,4939,52.350
28.138089,3915,2041,4941,52.350
28.142558,3915,2042,4937,52.350
28.148240,3914,2043,4936,52.350
28.152716,3916,2043,4937,52.350
28.158392,3916,2042,4934,52.350
28.162858,3915,2042,4932,52.350
28.167290,3915,2042,4933,52.350
28.172984,3914,2043,4931,52.350
28.177404,3914,2044,4931,52.350
28.182989,3915,2043,4930,52.350
28.187520,3916,2043,4931,52.350
28.193208,3915,2044,4931,52.350
28.197656,3914,2044,4932,52.350
28.202082,3913,2044,4934,52.350
28.207771,3913,2043,4933,52.350
28.212202,3913,2043,4935,52.350
28.217881,3914,2043,4936,52.350
28.222412,3915,2043,4936,52.350
28.227840,3914,2044,4933,52.350
28.232169,3915,2045,4931,52.350
28.237962,3916,2045,4929,52.350
28.242298,3916,2045,4925,52.350
28.247056,3918,2045,4926,52.350
28.252560,3920,2044,4926,52.350
28.257255,3922,2045,4924,52.350
28.262923,3923,2044,4923,52.350
28.267325,3924,2044,4921,52.350
28.273002,3922,2045,4917,52.350
28.277445,3921,2048,4912,52.350
28.281911,3919,2049,4911,52.350
28.287561,3920,2051,4908,52.350
28.291997,3920,2052,4907,52.350
28.297714,3920,2054,4906,52.350
28.302132,3917,2054,4908,52.350
28.307781,3916,2053,4911,52.350
28.312270,3913,2049,4916,52.350
28.317971,3911,2047,4923,52.350
28.322394,3910,2045,4927,52.350
28.326798,3909,2045,4927,52.350
28.332543,3908,2046,4929,52.350
28.336947,3909,2048,4927,52.350
28.342634,3910,2049,4925,52.350
28.347109,3911,2051,4922,52.350
28.352751,3910,2052,4918,52.350
28.357219,3911,2054,4918,52.350
28.361407,3911,2055,4918,52.350
28.367386,3913,2053,4922,52.350
28.371804,3915,2051,4925,52.350
28.377534,3917,2049,4930,52.350
28.381898,3917,2047,4934,52.350
28.387614,3916,2045,4938,52.350
28.392029,3914,2045,4938,52.350
28.397789,3913,2044,4936,52.350
28.402149,3912,2042,4932,52.350
28.406338,3913,2041,4929,52.350
28.412299,3913,2041,4929,52.350
28.416712,3912,2041,4931,52.350
28.422393,3913,2040,4934,52.350
28.426850,3913,2040,4937,52.350
28.432528,3913,2041,4938,52.350
28.436994,3913,2041,4938,52.350
28.441439,3911,2041,4936,52.350
28.447146,3909,2042,4934,52.350
28.451573,3907,2043,4932,52.350
28.457272,3905,2043,4932,52.350
28.461771,3904,2043,4931,52.350
28.467419,3904,2043,4931,52.350
28.471858,3904,2044,4930,52.350
28.477548,3905,2045,4931,52.350
28.481985,3906,2048,4931,52.350
28.486383,3907,2053,4933,52.350
28.492138,3907,2057,4936,52.350
28.496542,3909,2060,4938,52.350
28.502204,3912,2061,4939,52.350
28.506646,3915,2060,4940,52.350
28.512409,3920,2061,4940,52.350
28.516793,3922,2060,4941,52.350
28.521210,3922,2060,4940,52.350
28.526963,3922,2059,4936,52.350
28.531356,3923,2059,4932,52.350
28.536771,3925,2058,4929,52.350
28.541502,3926,2056,4929,52.350
28.547143,3927,2054,4929,52.350
28.551617,3929,2052,4928,52.350
28.557316,3931,2051,4929,52.350
28.561767,3932,2049,4927,52.350
28.566106,3932,2048,4926,52.350
28.571865,3933,2048,4924,52.350
28.576354,3933,2047,4922,52.350
28.582005,3932,2045,4923,52.350
28.586426,3933,2044,4923,52.350
28.592282,3932,2042,4925,52.350
28.596548,3930,2042,4927,52.350
28.600992,3928,2042,4928,52.350
28.606730,3927,2042,4925,52.350
28.611131,3926,2042,4923,52.350
28.616804,3927,2042,4919,52.350
28.621304,3928,2042,4919,52.350
28.626963,3929,2044,4918,52.350
28.631373,3930,2045,4916,52.350
28.637087,3929,2047,4916,52.350
28.641531,3929,2048,4915,52.350
28.645997,3927,2050,4914,52.350
28.651747,3927,2052,4913,52.350
28.656149,3929,2052,4912,52.350
28.661760,3929,2053,4913,52.350
28.666280,3930,2053,4917,52.350
28.671955,3931,2052,4922,52.350
28.676413,3929,2053,4928,52.350
28.680762,3927,2054,4933,52.350
28.686483,3925,2054,4935,52.350
28.690900,3923,2056,4936,52.350
28.696602,3922,2056,4935,52.350
28.701057,3922,2056,4933,52.350
28.706761,3922,2056,4931,52.350
28.711134,3921,2055,4927,52.350
28.716878,3919,2054,4926,52.350
28.721315,3917,2053,4924,52.350
28.725746,3916,2052,4922,52.350
28.731472,3914,2053,4919,52.350
28.735876,3914,2055,4917,52.350
28.741515,3915,2058,4916,52.350
28.746004,3915,2060,4918,52.350
28.751433,3915,2061,4922,52.350
28.756174,3916,2061,4925,52.350
28.760555,3917,2059,4928,52.350
28.766320,3918,2059,4928,52.350
28.770690,3919,2058,4926,52.350
28.776357,3920,2058,4927,52.350
28.780844,3921,2058,4927,52.350
28.786492,3922,2056,4925,52.350
28.790992,3922,2054,4924,52.350
28.796402,3924,2052,4923,52.350
28.801053,3927,2050,4922,52.350
28.805503,3928,2049,4924,52.350
28.811270,3930,2047,4925,52.350
28.815663,3931,2047,4924,52.350
28.821339,3931,2045,4923,52.350
28.825643,3931,2043,4922,52.350
28.831507,3932,2042,4922,52.350
28.835615,3931,2039,4926,52.350
28.840368,3932,2036,4931,52.350
28.846042,3933,2034,4933,52.350
28.850526,3934,2031,4936,52.350
28.856144,3934,2031,4936,52.350
28.860687,3934,2031,4930,52.350
28.866289,3934,2033,4928,52.350
28.870775,3931,2034,4927,52.350
28.876484,3929,2034,4924,52.350
28.880895,3927,2035,4926,52.350
28.885310,3925,2035,4926,52.350
28.891036,3924,2036,4926,52.350
28.895428,3924,2038,4925,52.350
28.901085,3923,2040,4925,52.350
28.905330,3921,2043,4923,52.350
28.910944,3920,2043,4925,52.350
28.915558,3918,2042,4929,52.350
28.920085,3918,2041,4932,52.350
28.925885,3918,2039,4935,52.350
28.930249,3917,2039,4937,52.350
28.935930,3917,2040,4939,52.350
28.940411,3917,2041,4938,52.350
28.946083,3916,2041,4939,52.350
28.950541,3916,2040,4940,52.350
28.956209,3916,2041,4939,52.350
28.960667,3915,2041,4939,52.350
28.965015,3913,2042,4938,52.350
28.970768,3913,2043,4940,52.350
28.975219,3913,2043,4944,52.350
28.980888,3913,2042,4947,52.350
28.985313,3914,2041,4948,52.350
28.991100,3914,2042,4945,52.350
28.995452,3915,2043,4941,52.350
28.999870,3915,2042,4938,52.350
29.005606,3915,2041,4934,52.350
29.009747,3915,2041,4930,52.350
29.015705,3914,2040,4927,52.350
29.019892,3913,2041,4922,52.350
29.025854,3913,2041,4922,52.350
29.030301,3912,2041,4923,52.350
29.035718,3912,2041,4924,52.350
29.040421,3914,2039,4929,52.350
29.044849,3916,2037,4937,52.350
29.050533,3916,2037,4943,52.350
29.054964,3917,2038,4948,52.350
29.060685,3917,2041,4947,52.350
29.065123,3919,2041,4943,52.350
29.070803,3922,2039,4939,52.350
29.075323,3924,2038,4935,52.350
29.079650,3924,2036,4933,52.350
29.085457,3924,2035,4934,52.350
29.089817,3922,2035,4934,52.350
29.095489,3922,2034,4932,52.350
29.099962,3921,2034,4930,52.350
29.105662,3920,2035,4927,52.350
29.110041,3919,2036,4926,52.350
29.115756,3919,2036,4925,52.350
29.120266,3922,2036,4925,52.350
29.124619,3924,2035,4926,52.350
29.130363,3926,2033,4924,52.350
29.134772,3927,2031,4918,52.350
29.140436,3928,2030,4914,52.350
29.144903,3928,2029,4910,52.350
29.150594,3928,2029,4909,52.350
29.155047,3927,2030,4909,52.350
29.159469,3926,2032,4911,52.350
29.165245,3923,2032,4910,52.350
29.169599,3921,2033,4909,52.350
29.175263,3918,2034,4907,52.350
29.179719,3917,2035,4907,52.350
29.185440,3918,2038,4909,52.350
29.189873,3920,2042,4912,52.350
29.195576,3922,2046,4916,52.350
29.199981,3925,2050,4921,52.350
29.204457,3925,2052,4924,52.350
29.210145,3925,2053,4926,52.350
29.214298,3925,2054,4926,52.350
29.220242,3925,2054,4925,52.350
29.224676,3924,2054,4924,52.350
29.230123,3924,2053,4922,52.350
29.234809,3924,2052,4924,52.350
29.239238,3924,2052,4926,52.350
29.244968,3925,2051,4927,52.350
29.249386,3926,2052,4929,52.350
29.254769,3926,2054,4930,52.350
29.259494,3925,2055,4929,52.350
29.265239,3922,2054,4930,52.350
29.269640,3919,2053,4930,52.350
29.275360,3919,2049,4931,52.350
29.279786,3918,2046,4932,52.350
29.284210,3919,2044,4932,52.350
29.289933,3919,2043,4932,52.350
29.294357,3919,2041,4934,52.350
29.300052,3917,2039,4935,52.350
29.304462,3916,2038,4933,52.350
29.310214,3916,2037,4931,52.350
29.314575,3916,2037,4929,52.350
29.319000,3916,2038,4926,52.350
29.324757,3917,2039,4929,52.350
29.329157,3916,2040,4929,52.350
29.334834,3916,2041,4932,52.350
29.339336,3917,2042,4931,52.350
29.344982,3920,2043,4928,52.350
29.349399,3922,2045,4926,52.350
29.355111,3924,2045,4924,52.350
29.359545,3925,2043,4924,52.350
29.363978,3924,2043,4925,52.350
29.369692,3922,2043,4927,52.350
29.374179,3921,2044,4931,52.350
29.379829,3922,2043,4934,52.350
29.384282,3925,2042,4936,52.350
29.389993,3929,2040,4938,52.350
29.394370,3931,2038,4939,52.350
29.398790,3933,2037,4941,52.350
29.404551,3934,2036,4942,52.350
29.408930,3935,2034,4940,52.350
29.414600,3935,2033,4940,52.350
29.419115,3935,2031,4937,52.350
29.424743,3934,2031,4933,52.350
29.429207,3933,2032,4928,52.350
29.434892,3933,2033,4927,52.350
29.439364,3932,2036,4926,52.350
29.443797,3932,2038,4929,52.350
29.449502,3931,2041,4930,52.350
29.453973,3928,2043,4930,52.350
29.459390,3927,2045,4929,52.350
29.463798,3925,2048,4926,52.350
29.469500,3925,2050,4922,52.350
29.473881,3925,2050,4921,52.350
29.478550,3926,2049,4921,52.350
29.484325,3927,2049,4919,52.350
29.488714,3928,2047,4918,52.350
29.494144,3929,2043,4916,52.350
29.498875,3929,2041,4914,52.350
29.504533,3929,2040,4911,52.350
29.508994,3929,2041,4912,52.350
29.514693,3929,2042,4911,52.350
29.519137,3930,2042,4911,52.350
29.523535,3929,2043,4911,52.350
29.529294,3928,2042,4911,52.350
29.533732,3927,2040,4916,52.350
29.539361,3927,2039,4922,52.350
29.543831,3927,2038,4927,52.350
29.549496,3928,2038,4932,52.350
29.553967,3929,2038,4935,52.350
29.558410,3929,2038,4937,52.350
29.564117,3928,2037,4940,52.350
29.568578,3927,2035,4942,52.350
29.574220,3926,2032,4944,52.350
29.578698,3925,2032,4947,52.350
29.584344,3925,2032,4948,52.350
29.588758,3926,2033,4947,52.350
29.594474,3927,2036,4947,52.350
29.598929,3926,2039,4947,52.350
29.603362,3925,2042,4947,52.350
29.609065,3922,2046,4946,52.350
29.613493,3921,2047,4943,52.350
29.619140,3920,2047,4937,52.350
29.623614,3922,2046,4930,52.350
29.629289,3923,2044,4926,52.350
29.633763,3924,2041,4924,52.350
29.638138,3926,2040,4922,52.350
29.643862,3927,2039,4921,52.350
29.648336,3928,2038,4920,52.350
29.653983,3928,2039,4916,52.350
29.658469,3927,2042,4914,52.350
29.664152,3925,2044,4914,52.350
29.668564,3923,2047,4914,52.350
29.674316,3924,2048,4915,52.350
29.678725,3924,2048,4915,52.350
29.683123,3923,2048,4914,52.350
29.688911,3921,2048,4914,52.350
29.693301,3921,2047,4915,52.350
29.699000,3922,2046,4916,52.350
29.703172,3923,2045,4917,52.350
29.709111,3925,2044,4920,52.350
29.713544,3925,2042,4920,52.350
29.717921,3924,2042,4919,52.350
29.723668,3922,2042,4919,52.350
29.728085,3920,2042,4919,52.350
29.733759,3920,2044,4917,52.350
29.738245,3921,2046,4919,52.350
29.743892,3922,2048,4921,52.350
29.748364,3924,2050,4923,52.350
29.754051,3925,2051,4924,52.350
29.758530,3926,2052,4925,52.350
29.762938,3927,2052,4924,52.350
29.768612,3927,2051,4924,52.350
29.772797,3926,2050,4924,52.350
29.778747,3925,2050,4925,52.350
29.783056,3924,2052,4928,52.350
29.788936,3923,2052,4931,52.350
29.793303,3922,2052,4933,52.350
29.797745,3921,2051,4936,52.350
29.803481,3920,2051,4936,52.350
29.807870,3919,2050,4935,52.350
29.813543,3918,2048,4935,52.350
29.818067,3915,2047,4935,52.350
29.823701,3911,2046,4933,52.350
29.828144,3907,2045,4932,52.350
29.833852,3905,2044,4931,52.350
29.838268,3905,2042,4931,52.350
29.842734,3903,2040,4931,52.350
29.848430,3903,2040,4934,52.350
29.852896,3902,2042,4935,52.350
29.858521,3901,2045,4932,52.350
29.863012,3902,2048,4928,52.350
29.868704,3901,2050,4923,52.350
29.873129,3903,2053,4917,52.350
29.877554,3905,2054,4911,52.350
29.883292,3908,2054,4908,52.350
29.887665,3912,2054,4906,52.350
29.893337,3914,2053,4904,52.350
29.897818,3914,2052,4905,52.350
29.903495,3915,2050,4904,52.350
29.907916,3916,2050,4901,52.350
29.913643,3916,2047,4900,52.350
29.918064,3915,2045,4900,52.350
29.922518,3915,2044,4903,52.350
29.928252,3917,2044,4908,52.350
29.932641,3919,2044,4913,52.350
29.938316,3922,2044,4918,52.350
29.942778,3925,2042,4924,52.350
29.948467,3926,2042,4927,52.350
29.952933,3926,2043,4931,52.350
29.957349,3926,2046,4934,52.350
29.963091,3924,2048,4934,52.350
29.967522,3925,2049,4936,52.350
29.973136,3926,2050,4936,52.350
29.977631,3926,2050,4937,52.350
29.983329,3927,2049,4938,52.350
29.987761,3929,2050,4937,52.350
29.993457,3930,2049,4936,52.350
29.997850,3932,2047,4932,52.350
30.002303,3935,2045,4930,52.350
30.007729,3935,2042,4930,52.350
30.012417,3935,2041,4930,52.350
30.017820,3935,2040,4934,52.350
30.022552,3935,2040,4938,52.350
30.028250,3934,2041,4938,52.350
30.032567,3933,2042,4936,52.350
30.037185,3932,2043,4932,52.350
30.042835,3931,2044,4929,52.350
30.047217,3931,2045,4926,52.350
30.052895,3931,2046,4927,52.350
30.057456,3929,2047,4929,52.350
30.063086,3928,2049,4931,52.350
30.067550,3924,2051,4932,52.350
30.073276,3922,2051,4933,52.350
30.077661,3921,2052,4932,52.350
30.082051,3920,2052,4934,52.350
30.087768,3922,2052,4936,52.350
30.092206,3924,2052,4939,52.350
30.097874,3927,2052,4940,52.350
30.102363,3931,2051,4937,52.350
30.108228,3933,2051,4935,52.350
30.112475,3935,2053,4930,52.350
30.116903,3936,2054,4927,52.350
30.122632,3936,2055,4926,52.350
30.127051,3936,2055,4926,52.350
30.132702,3935,2054,4927,52.350
30.137186,3934,2053,4930,52.350
30.142866,3932,2052,4931,52.350
30.147326,3931,2050,4930,52.350
30.153009,3930,2049,4934,52.350
30.157453,3929,2047,4937,52.350
30.161890,3928,2044,4939,52.350
30.167305,3927,2044,4941,52.350
30.172012,3925,2043,4941,52.350
30.177679,3926,2042,4937,52.350
30.182244,3927,2041,4934,52.350
30.187842,3928,2040,4931,52.350
30.192312,3928,2039,4928,52.350
30.196679,3926,2040,4926,52.350
30.202423,3923,2043,4924,52.350
30.206875,3920,2043,4922,52.350
30.212539,3918,2045,4922,52.350
30.216940,3917,2046,4923,52.350
30.222649,3915,2047,4926,52.350
30.227093,3913,2048,4927,52.350
30.232558,3913,2049,4928,52.350
30.237026,3912,2050,4928,52.350
30.241649,3912,2052,4925,52.350
30.247384,3914,2054,4922,52.350
30.251501,3915,2055,4922,52.350
30.257444,3917,2057,4918,52.350
30.261903,3920,2055,4918,52.350
30.267582,3923,2054,4919,52.350
30.272074,3923,2052,4920,52.350
30.276450,3923,2049,4924,52.350
30.282209,3923,2048,4929,52.350
30.286625,3922,2048,4931,52.350
30.292256,3922,2050,4932,52.350
30.296745,3922,2051,4931,52.350
30.302443,3923,2053,4929,52.350
30.306879,3924,2053,4926,52.350
30.312581,3924,2054,4921,52.350
30.316688,3924,2054,4920,52.350
30.321446,3924,2052,4918,52.350
30.327141,3924,2052,4920,52.350
30.331617,3923,2050,4922,52.350
30.337283,3924,2049,4922,52.350
30.341747,3926,2050,4923,52.350
30.347407,3929,2050,4927,52.350
30.351833,3932,2048,4928,52.350
30.356328,3934,2047,4928,52.350
30.361961,3935,2045,4926,52.350
30.366411,3935,2044,4926,52.350
30.372099,3935,2044,4928,52.350
30.376580,3935,2044,4931,52.350
30.382272,3936,2045,4933,52.350
30.386624,3936,2045,4936,52.350
30.392374,3939,2043,4939,52.350
30.396816,3941,2042,4940,52.350
30.401191,3942,2042,4941,52.350
30.406961,3942,2042,4942,52.350
30.411348,3941,2045,4940,52.350
30.417024,3939,2050,4940,52.350
30.421467,3936,2054,4939,52.350
30.427212,3932,2057,4936,52.350
30.431400,3931,2058,4935,52.350
30.436054,3930,2058,4932,52.350
30.441767,3930,2057,4928,52.350
30.446179,3930,2056,4927,52.350
30.451862,3930,2054,4925,52.350
30.456395,3927,2053,4920,52.350
30.462046,3925,2052,4920,52.350
30.466453,3923,2050,4921,52.350
30.472231,3923,2049,4924,52.350
30.476637,3926,2048,4930,52.350
30.481008,3928,2048,4935,52.350
30.486775,3927,2048,4940,52.350
30.491083,3928,2049,4942,52.350
30.496868,3927,2049,4945,52.350
30.501284,3926,2050,4946,52.350
30.506937,3926,2051,4946,52.350
30.511393,3925,2053,4946,52.350
30.515810,3926,2054,4944,52.350
30.521569,3927,2055,4943,52.350
30.525992,3927,2054,4943,52.350
30.531672,3926,2052,4941,52.350
30.536104,3926,2050,4940,52.350
30.541798,3926,2049,4938,52.350
30.546283,3927,2047,4938,52.350
30.551961,3928,2048,4937,52.350
30.556408,3927,2048,4936,52.350
30.560818,3926,2048,4936,52.350
30.566414,3926,2048,4934,52.350
30.570934,3925,2050,4930,52.350
30.576651,3927,2051,4928,52.350
30.581084,3929,2053,4926,52.350
30.586815,3931,2053,4925,52.350
30.591249,3934,2052,4925,52.350
30.595616,3935,2049,4926,52.350
30.601341,3936,2049,4927,52.350
30.605774,3936,2049,4926,52.350
30.611443,3935,2050,4926,52.350
30.615924,3934,2052,4924,52.350
30.621572,3932,2052,4922,52.350
30.626012,3931,2053,4921,52.350
30.631726,3930,2054,4919,52.350
30.636175,3928,2055,4920,52.350
30.640608,3926,2058,4920,52.350
30.646371,3925,2059,4921,52.350
30.650797,3923,2060,4922,52.350
30.656467,3922,2060,4921,52.350
30.660868,3921,2059,4919,52.350
30.666550,3919,2058,4916,52.350
30.670985,3919,2059,4915,52.350
30.675407,3920,2060,4914,52.350
30.681204,3921,2061,4911,52.350
30.685567,3921,2063,4906,52.350
30.691262,3921,2063,4901,52.350
30.695715,3918,2064,4898,52.350
30.701390,3916,2064,4895,52.350
30.705835,3914,2064,4894,52.350
30.711522,3913,2064,4895,52.350
30.716034,3915,2063,4897,52.350
30.720414,3918,2063,4898,52.350
30.726153,3920,2062,4901,52.350
30.730571,3921,2061,4906,52.350
30.736237,3922,2060,4911,52.350
30.740702,3923,2058,4915,52.350
30.746350,3924,2057,4918,52.350
30.750509,3926,2058,4922,52.350
30.755200,3927,2059,4924,52.350
30.760930,3925,2059,4925,52.350
30.765380,3924,2058,4925,52.350
30.771016,3922,2056,4922,52.350
30.775569,3920,2055,4918,52.350
30.781248,3917,2054,4917,52.350
30.785612,3917,2055,4915,52.350
30.791354,3917,2055,4914,52.350
30.795748,3917,2054,4914,52.350
30.800359,3917,2052,4912,52.350
30.805911,3914,2049,4911,52.350
30.810291,3913,2047,4911,52.350
30.816014,3909,2045,4913,52.350
30.820470,3908,2043,4916,52.350
30.826140,3907,2042,4920,52.350
30.830579,3908,2041,4921,52.350
30.835058,3910,2039,4921,52.350
30.840753,3913,2039,4921,52.350
30.845174,3916,2038,4920,52.350
30.850710,3919,2039,4920,52.350
30.855330,3921,2039,4920,52.350
30.861025,3923,2040,4921,52.350
30.865421,3921,2042,4921,52.350
30.871158,3920,2042,4920,52.350
30.875554,3919,2045,4919,52.350
30.879950,3919,2047,4915,52.350
30.885684,3919,2046,4916,52.350
30.890107,3919,2045,4919,52.350
30.895790,3917,2044,4922,52.350
30.900283,3916,2043,4925,52.350
30.905930,3914,2041,4926,52.350
30.910390,3914,2039,4924,52.350
30.914846,3915,2038,4921,52.350
30.920502,3917,2037,4918,52.350
30.924947,3918,2038,4918,52.350
30.930627,3919,2040,4918,52.350
30.935084,3920,2043,4920,52.350
30.940818,3920,2045,4926,52.350
30.945204,3920,2047,4928,52.350
30.950899,3919,2047,4931,52.350
30.955351,3918,2047,4932,52.350
30.959561,3917,2046,4932,52.350
30.965309,3915,2045,4930,52.350
30.969885,3915,2046,4928,52.350
30.975597,3916,2048,4923,52.350
30.980042,3916,2050,4917,52.350
30.985741,3917,2050,4911,52.350
30.990155,3920,2049,4906,52.350
30.994261,3921,2048,4903,52.350
30.999960,3921,2049,4902,52.350
31.004442,3921,2049,4901,52.350
31.010196,3920,2048,4903,52.350
31.014629,3919,2046,4905,52.350
31.020256,3919,2044,4909,52.350
31.024697,3919,2043,4912,52.350
31.030437,3918,2043,4916,52.350
31.034844,3917,2043,4918,52.350
31.039413,3914,2045,4917,52.350
31.045302,3912,2047,4913,52.350
31.049559,3911,2049,4911,52.350
31.055361,3911,2051,4909,52.350
31.059851,3912,2051,4906,52.350
31.065531,3913,2052,4905,52.350
31.069947,3915,2051,4904,52.350
31.074382,3917,2050,4903,52.350
31.080157,3920,2049,4903,52.350
31.084548,3921,2046,4901,52.350
31.090201,3922,2045,4897,52.350
31.094641,3923,2043,4895,52.350
31.100320,3925,2044,4894,52.350
31.104765,3927,2045,4897,52.350
31.110465,3928,2045,4902,52.350
31.114921,3929,2046,4907,52.350
31.119333,3928,2048,4911,52.350
31.125111,3926,2049,4910,52.350
31.129472,3925,2049,4907,52.350
31.135219,3925,2048,4904,52.350
31.139619,3926,2048,4901,52.350
31.145299,3926,2046,4902,52.350
31.149775,3927,2045,4904,52.350
31.154175,3928,2045,4906,52.350
31.159926,3926,2044,4908,52.350
31.164484,3926,2042,4908,52.350
31.169956,3924,2041,4908,52.350
31.174503,3923,2041,4907,52.350
31.180136,3922,2043,4906,52.350
31.184550,3922,2045,4906,52.350
31.190303,3920,2047,4907,52.350
31.194707,3920,2049,4907,52.350
31.199098,3919,2049,4906,52.350
31.204862,3919,2048,4903,52.350
31.209321,3919,2047,4901,52.350
31.214673,3920,2045,4899,52.350
31.219376,3922,2043,4900,52.350
31.225101,3923,2043,4903,52.350
31.229524,3922,2044,4906,52.350
31.233972,3921,2046,4908,52.350
31.239720,3918,2048,4908,52.350
31.244155,3916,2049,4909,52.350
31.249822,3914,2051,4911,52.350
31.254312,3914,2053,4912,52.350
31.259973,3916,2054,4915,52.350
31.264349,3917,2055,4917,52.350
31.270063,3917,2055,4916,52.350
31.274503,3917,2055,4916,52.350
31.278922,3917,2055,4917,52.350
31.284623,3916,2055,4917,52.350
31.289076,3917,2055,4920,52.350
31.294729,3920,2054,4923,52.350
31.298989,3922,2053,4927,52.350
31.304857,3924,2051,4928,52.350
31.309296,3923,2048,4931,52.350
31.313825,3923,2045,4932,52.350
31.319474,3922,2043,4934,52.350
31.323872,3922,2042,4933,52.350
31.329536,3922,2042,4930,52.350
31.334062,3924,2042,4930,52.350
31.339672,3924,2043,4931,52.350
31.344148,3925,2043,4934,52.350
31.349904,3924,2043,4936,52.350
31.354307,3922,2043,4938,52.350
31.358716,3921,2043,4936,52.350
31.364177,3919,2043,4934,52.350
31.368516,3917,2044,4934,52.350
31.374493,3917,2043,4933,52.350
31.378954,3917,2042,4933,52.350
31.384645,3917,2040,4933,52.350
31.389093,3918,2039,4932,52.350
31.393568,3918,2038,4935,52.350
31.399271,3919,2040,4935,52.350
31.403666,3921,2041,4936,52.350
31.409326,3922,2044,4934,52.350
31.413811,3923,2048,4930,52.350
31.419467,3924,2050,4927,52.350
31.423862,3923,2051,4921,52.350
31.429596,3923,2053,4917,52.350
31.434063,3921,2053,4916,52.350
31.438494,3919,2053,4915,52.350
31.444220,3918,2053,4913,52.350
31.448636,3917,2053,4913,52.350
31.454325,3917,2052,4913,52.350
31.458755,3917,2050,4911,52.350
31.464489,3917,2049,4912,52.350
31.468862,3917,2048,4915,52.350
31.473326,3919,2049,4915,52.350
31.479063,3921,2050,4916,52.350
31.483414,3922,2051,4917,52.350
31.489089,3924,2051,4916,52.350
31.493565,3926,2051,4916,52.350
31.499278,3927,2049,4917,52.350
31.503693,3929,2048,4918,52.350
31.509375,3930,2047,4916,52.350
31.513808,3930,2046,4916,52.350
31.518308,3930,2046,4915,52.350
31.524002,3928,2046,4913,52.350
31.528424,3926,2044,4913,52.350
31.534074,3924,2043,4914,52.350
31.538529,3922,2042,4918,52.350
31.544245,3922,2042,4921,52.350
31.548703,3923,2041,4924,52.350
31.553053,3924,2042,4927,52.350
31.558768,3925,2042,4931,52.350
31.563223,3925,2041,4934,52.350
31.568919,3925,2039,4937,52.350
31.573381,3927,2039,4939,52.350
31.579002,3930,2038,4940,52.350
31.583461,3933,2036,4937,52.350
31.589237,3934,2035,4932,52.350
31.593667,3936,2034,4923,52.350
31.598032,3936,2034,4918,52.350
31.603635,3935,2035,4916,52.350
31.608206,3935,2037,4916,52.350
31.613860,3936,2038,4919,52.350
31.618326,3937,2038,4920,52.350
31.623985,3938,2038,4919,52.350
31.628419,3938,2038,4918,52.350
31.632950,3936,2039,4918,52.350
31.638627,3935,2039,4920,52.350
31.643061,3934,2039,4922,52.350
31.648731,3933,2039,4924,52.350
31.653169,3931,2039,4928,52.350
31.658854,3929,2041,4928,52.350
31.663298,3927,2042,4927,52.350
31.668985,3929,2043,4927,52.350
31.673486,3931,2042,4924,52.350
31.677820,3932,2039,4924,52.350
31.683550,3936,2037,4925,52.350
31.687986,3938,2035,4924,52.350
31.693339,3938,2035,4925,52.350
31.698080,3937,2037,4926,52.350
31.703777,3936,2040,4926,52.350
31.708279,3934,2042,4929,52.350
31.712330,3933,2042,4928,52.350
31.718206,3933,2042,4929,52.350
31.722549,3934,2042,4931,52.350
31.728486,3935,2040,4931,52.350
31.732925,3935,2038,4931,52.350
31.738612,3933,2038,4932,52.350
31.743088,3929,2036,4933,52.350
31.748748,3926,2035,4933,52.350
31.753176,3922,2035,4933,52.350
31.757655,3921,2034,4935,52.350
31.763363,3923,2033,4937,52.350
31.767456,3924,2034,4940,52.350
31.773452,3924,2034,4942,52.350
31.777907,3922,2034,4942,52.350
31.783370,3919,2035,4942,52.350
31.788015,3918,2037,4940,52.350
31.792424,3917,2038,4939,52.350
31.797965,3916,2037,4941,52.350
31.802549,3914,2037,4944,52.350
31.807908,3912,2039,4949,52.350
31.812703,3912,2039,4952,52.350
31.818420,3913,2042,4950,52.350
31.822835,3913,2043,4949,52.350
31.828551,3915,2043,4947,52.350
31.832970,3916,2043,4943,52.350
31.837369,3917,2041,4945,52.350
31.843154,3920,2039,4944,52.350
31.847554,3919,2036,4941,52.350
31.853226,3919,2035,4936,52.350
31.857692,3916,2036,4930,52.350
31.863344,3914,2037,4923,52.350
31.867969,3913,2037,4920,52.350
31.872213,3915,2037,4919,52.350
31.878018,3917,2036,4919,52.350
31.882359,3919,2037,4922,52.350
31.888003,3920,2039,4923,52.350
31.892514,3919,2041,4923,52.350
31.898217,3918,2043,4921,52.350
31.902606,3918,2043,4919,52.350
31.908313,3918,2043,4919,52.350
31.912759,3918,2044,4921,52.350
31.917182,3918,2045,4921,52.350
31.922913,3918,2045,4922,52.350
31.927352,3917,2046,4918,52.350
31.933002,3917,2046,4911,52.350
31.937484,3915,2046,4907,52.350
31.943160,3914,2046,4904,52.350
31.947552,3911,2046,4898,52.350
31.952066,3910,2045,4898,52.350
31.957769,3910,2044,4899,52.350
31.961904,3909,2043,4899,52.350
31.967545,3910,2041,4900,52.350
31.972307,3911,2041,4902,52.350
31.977957,3911,2042,4903,52.350
31.982400,3912,2042,4907,52.350
31.988087,3915,2042,4913,52.350
31.992540,3918,2043,4918,52.350
31.996952,3920,2043,4924,52.350
32.002678,3921,2043,4926,52.350
32.006835,3922,2043,4927,52.350
32.012746,3923,2043,4928,52.350
32.017129,3922,2041,4928,52.350
32.022907,3923,2040,4926,52.350
32.027349,3924,2038,4923,52.350
32.031799,3925,2035,4920,52.350
32.037465,3925,2033,4918,52.350
32.041912,3926,2032,4917,52.350
32.047634,3928,2032,4916,52.350
32.052054,3928,2033,4920,52.350
32.057737,3927,2035,4925,52.350
32.062189,3925,2036,4932,52.350
32.067800,3922,2036,4938,52.350
32.072364,3920,2035,4941,52.350
32.076800,3918,2032,4944,52.350
32.082444,3917,2030,4942,52.350
32.086574,3917,2029,4938,52.350
32.092572,3918,2028,4935,52.350
32.096983,3918,2029,4933,52.350
32.102676,3919,2029,4931,52.350
32.107185,3918,2029,4932,52.350
32.111543,3917,2031,4931,52.350
32.117269,3916,2033,4929,52.350
32.121713,3917,2035,4928,52.350
32.127362,3917,2034,4924,52.350
32.131821,3919,2032,4921,52.350
32.137475,3920,2027,4920,52.350
32.142093,3919,2023,4919,52.350
32.147652,3917,2021,4921,52.350
32.152088,3916,2021,4921,52.350
32.156538,3915,2022,4920,52.350
32.162304,3914,2024,4922,52.350
32.166628,3914,2027,4922,52.350
32.172328,3913,2028,4922,52.350
32.176773,3912,2032,4920,52.350
32.182491,3910,2034,4919,52.350
32.186924,3908,2035,4918,52.350
32.191309,3905,2036,4918,52.350
32.197033,3904,2035,4918,52.350
32.201465,3903,2033,4920,52.350
32.207240,3904,2033,4923,52.350
32.211617,3904,2036,4923,52.350
32.217270,3905,2038,4922,52.350
32.221737,3907,2041,4923,52.350
32.227205,3906,2042,4923,52.350
32.231904,3908,2043,4923,52.350
32.236344,3910,2042,4925,52.350
32.241784,3911,2044,4924,52.350
32.246159,3913,2046,4923,52.350
32.251860,3914,2047,4924,52.350
32.256546,3915,2050,4922,52.350
32.262269,3915,2051,4921,52.350
32.266735,3916,2051,4920,52.350
32.271096,3916,2052,4918,52.350
32.276880,3916,2051,4915,52.350
32.281310,3916,2052,4917,52.350
32.286904,3916,2052,4922,52.350
32.291397,3917,2052,4925,52.350
32.297092,3917,2052,4929,52.350
32.301496,3918,2052,4934,52.350
32.307248,3920,2051,4933,52.350
32.311650,3921,2051,4931,52.350
32.316063,3923,2050,4929,52.350
32.321771,3924,2050,4926,52.350
32.326243,3923,2050,4925,52.350
32.331883,3923,2051,4925,52.350
32.336389,3923,2051,4924,52.350
32.342056,3923,2053,4922,52.350
32.346473,3924,2054,4921,52.350
32.350874,3925,2056,4919,52.350
32.356643,3927,2056,4920,52.350
32.361061,3929,2056,4919,52.350
32.366696,3930,2055,4917,52.350
32.371177,3930,2055,4913,52.350
32.376901,3930,2054,4913,52.350
32.381301,3929,2052,4914,52.350
32.387050,3928,2051,4916,52.350
32.391429,3928,2049,4920,52.350
32.395872,3930,2049,4923,52.350
32.401578,3932,2048,4927,52.350
32.406005,3933,2047,4930,52.350
32.411675,3933,2044,4932,52.350
32.416150,3932,2042,4935,52.350
32.421829,3931,2040,4933,52.350
32.426298,3928,2039,4933,52.350
32.430686,3926,2039,4932,52.350
32.436458,3926,2041,4931,52.350
32.440615,3926,2042,4934,52.350
32.446531,3927,2043,4937,52.350
32.450976,3929,2043,4937,52.350
32.456639,3931,2042,4936,52.350
32.461113,3933,2041,4934,52.350
32.466826,3935,2042,4931,52.350
32.471294,3935,2042,4929,52.350
32.475640,3937,2045,4925,52.350
32.481399,3939,2047,4921,52.350
32.485789,3942,2048,4917,52.350
32.491482,3944,2047,4914,52.350
32.495901,3945,2047,4912,52.350
32.501623,3946,2046,4913,52.350
32.506145,3945,2044,4913,52.350
32.510455,3943,2046,4913,52.350
32.516189,3942,2047,4911,52.350
32.520652,3939,2049,4906,52.350
32.526264,3937,2052,4901,52.350
32.530779,3934,2055,4894,52.350
32.536481,3930,2056,4889,52.350
32.540677,3929,2057,4890,52.350
32.546426,3927,2056,4892,52.350
32.551061,3926,2055,4894,52.350
32.555404,3925,2054,4896,52.350
32.561175,3926,2052,4899,52.350
32.565304,3929,2053,4904,52.350
32.571250,3930,2053,4907,52.350
32.575744,3930,2052,4910,52.350
32.581449,3930,2052,4913,52.350
32.585817,3928,2051,4915,52.350
32.590293,3927,2051,4918,52.350
32.595954,3928,2050,4921,52.350
32.600384,3928,2052,4923,52.350
32.606051,3928,2053,4924,52.350
32.610554,3927,2052,4922,52.350
32.616209,3925,2051,4921,52.350
32.620632,3923,2049,4921,52.350
32.626390,3922,2046,4918,52.350
32.630847,3921,2046,4914,52.350
32.635201,3921,2046,4914,52.350
32.640957,3921,2046,4914,52.350
32.645381,3919,2045,4915,52.350
32.651068,3918,2044,4918,52.350
32.655517,3917,2043,4915,52.350
32.661251,3916,2043,4914,52.350
32.665655,3918,2043,4913,52.350
32.670009,3919,2044,4915,52.350
32.675788,3921,2044,4914,52.350
32.680148,3923,2045,4912,52.350
32.685840,3922,2047,4909,52.350
32.690373,3921,2048,4908,52.350
32.695980,3919,2048,4910,52.350
32.700424,3918,2048,4916,52.350
32.706136,3918,2045,4922,52.350
32.710552,3918,2044,4926,52.350
32.715011,3918,2045,4928,52.350
32.720693,3919,2045,4929,52.350
32.725128,3920,2047,4931,52.350
32.730811,3921,2049,4935,52.350
32.735327,3922,2050,4940,52.350
32.740932,3923,2050,4942,52.350
32.745448,3922,2049,4943,52.350
32.749574,3921,2047,4944,52.350
32.755557,3921,2045,4939,52.350
32.760015,3922,2045,4936,52.350
32.765634,3921,2047,4931,52.350
32.770093,3920,2048,4924,52.350
32.775833,3921,2048,4918,52.350
32.780268,3922,2048,4916,52.350
32.785915,3924,2049,4915,52.350
32.790347,3928,2050,4918,52.350
32.794814,3930,2053,4919,52.350
32.800559,3930,2056,4920,52.350
32.804911,3932,2059,4920,52.350
32.810599,3932,2060,4917,52.350
32.815027,3931,2060,4919,52.350
32.820726,3931,2058,4919,52.350
32.825221,3930,2058,4919,52.350
32.829622,3927,2057,4919,52.350
32.835376,3926,2057,4919,52.350
32.839789,3925,2056,4917,52.350
32.845400,3924,2055,4917,52.350
32.849921,3925,2054,4921,52.350
32.855569,3927,2055,4924,52.350
32.859988,3929,2057,4926,52.350
32.865782,3930,2058,4929,52.350
32.870172,3932,2058,4931,52.350
32.874538,3932,2058,4934,52.350
32.880287,3933,2058,4935,52.350
32.884689,3934,2057,4935,52.350
32.890380,3932,2057,4934,52.350
32.894828,3931,2056,4935,52.350
32.900546,3930,2056,4934,52.350
32.904964,3928,2056,4933,52.350
32.909388,3928,2057,4931,52.350
32.915287,3929,2058,4927,52.350
32.919527,3929,2059,4925,52.350
32.925214,3929,2059,4925,52.350
32.929690,3928,2058,4924,52.350
32.935338,3926,2059,4924,52.350
32.939816,3926,2058,4921,52.350
32.945551,3926,2056,4917,52.350
32.949960,3926,2055,4913,52.350
32.954360,3928,2054,4909,52.350
32.960078,3929,2052,4906,52.350
32.964296,3930,2053,4906,52.350
32.969962,3931,2053,4909,52.350
32.974421,3930,2051,4911,52.350
32.980032,3928,2051,4912,52.350
32.984489,3928,2049,4913,52.350
32.988920,3927,2047,4913,52.350
32.994647,3927,2048,4914,52.350
32.999420,3927,2050,4917,52.350
33.005061,3925,2051,4921,52.350
33.009250,3924,2052,4924,52.350
33.015153,3923,2052,4927,52.350
33.019314,3925,2050,4928,52.350
33.025149,3926,2049,4930,52.350
33.029723,3929,2048,4931,52.350
33.033988,3932,2046,4932,52.350
33.039849,3933,2046,4934,52.350
33.044335,3932,2045,4939,52.350
33.049843,3932,2044,4940,52.350
33.054423,3930,2042,4944,52.350
33.060106,3928,2041,4945,52.350
33.064552,3927,2039,4946,52.350
33.068789,3923,2036,4943,52.350
33.074709,3920,2036,4943,52.350
33.079108,3918,2035,4943,52.350
33.084777,3918,2036,4942,52.350
33.089307,3921,2036,4944,52.350
33.094910,3924,2037,4942,52.350
33.099349,3927,2038,4942,52.350
33.105043,3930,2037,4943,52.350
33.109499,3930,2036,4943,52.350
33.113949,3931,2036,4943,52.350
33.119654,3931,2035,4939,52.350
33.124110,3932,2034,4936,52.350
33.129725,3934,2035,4935,52.350
33.134197,3935,2036,4934,52.350
33.139839,3934,2037,4934,52.350
33.144315,3933,2038,4931,52.350
33.148712,3931,2040,4930,52.350
33.154492,3929,2040,4929,52.350
33.158865,3927,2041,4927,52.350
33.164692,3926,2042,4928,52.350
33.168999,3923,2043,4927,52.350
33.174696,3921,2044,4927,52.350
33.179147,3919,2046,4926,52.350
33.184895,3918,2047,4926,52.350
33.189271,3919,2047,4926,52.350
33.193729,3918,2046,4925,52.350
33.199428,3918,2044,4923,52.350
33.203823,3917,2042,4921,52.350
33.209585,3915,2040,4920,52.350
33.213964,3913,2038,4920,52.350
33.219671,3912,2036,4923,52.350
33.224093,3911,2037,4926,52.350
33.228514,3910,2038,4928,52.350
33.234270,3910,2040,4929,52.350
33.238704,3910,2040,4930,52.350
33.244375,3911,2040,4931,52.350
33.248819,3911,2040,4932,52.350
33.254493,3912,2039,4932,52.350
33.258951,3915,2039,4928,52.350
33.264635,3919,2039,4928,52.350
33.269048,3922,2040,4926,52.350
33.273465,3923,2041,4926,52.350
33.279192,3924,2042,4928,52.350
33.283645,3923,2042,4930,52.350
33.289315,3923,2042,4933,52.350
33.293752,3923,2043,4936,52.350
33.299439,3924,2044,4938,52.350
33.303846,3925,2045,4940,52.350
33.308295,3925,2045,4942,52.350
33.314013,3922,2044,4944,52.350
33.318278,3919,2044,4942,52.350
33.324123,3917,2043,4940,52.350
33.328608,3916,2042,4938,52.350
33.334247,3918,2041,4939,52.350
33.338738,3920,2041,4942,52.350
33.344408,3923,2042,4945,52.350
33.348496,3924,2043,4946,52.350
33.352945,3926,2043,4945,52.350
33.358704,3928,2045,4943,52.350
33.363050,3927,2045,4941,52.350
33.368803,3926,2045,4940,52.350
33.373538,3924,2045,4939,52.350
33.379244,3920,2045,4939,52.350
33.383467,3916,2046,4937,52.350
33.387819,3913,2046,4934,52.350
33.393799,3910,2047,4928,52.350
33.398207,3908,2047,4925,52.350
33.403894,3906,2043,4924,52.350
33.408363,3906,2039,4924,52.350
33.414015,3904,2037,4928,52.350
33.418478,3902,2035,4930,52.350
33.424215,3902,2035,4932,52.350
33.428597,3901,2035,4931,52.350
33.433058,3903,2036,4930,52.350
33.438759,3905,2036,4928,52.350
33.443181,3907,2035,4926,52.350
33.448859,3910,2036,4925,52.350
33.453348,3911,2037,4925,52.350
33.459032,3912,2039,4924,52.350
33.463423,3912,2040,4924,52.350
33.467890,3913,2040,4927,52.350
33.473648,3914,2042,4927,52.350
33.478000,3917,2042,4927,52.350
33.483699,3920,2044,4930,52.350
33.488158,3924,2043,4931,52.350
33.493828,3927,2043,4935,52.350
33.498281,3930,2044,4938,52.350
33.503970,3931,2046,4939,52.350
33.508167,3932,2047,4938,52.350
33.512830,3933,2048,4938,52.350
33.518552,3932,2049,4937,52.350
33.523005,3931,2049,4934,52.350
33.528649,3928,2048,4931,52.350
33.533136,3926,2048,4928,52.350
33.538777,3926,2047,4923,52.350
33.543350,3924,2046,4920,52.350
33.547634,3923,2047,4917,52.350
33.553404,3922,2046,4912,52.350
33.557848,3921,2047,4911,52.350
33.563493,3921,2050,4905,52.350
33.567980,3921,2051,4901,52.350
33.573664,3921,2053,4899,52.350
33.578067,3922,2056,4899,52.350
33.583788,3922,2057,4897,52.350
33.588197,3923,2057,4897,52.350
33.592608,3923,2056,4897,52.350
33.598534,3923,2053,4897,52.350
33.602761,3922,2053,4895,52.350
33.608419,3922,2054,4896,52.350
33.612956,3922,2055,4896,52.350
33.618604,3920,2055,4894,52.350
33.623037,3919,2055,4895,52.350
33.627479,3916,2054,4892,52.350
33.633231,3914,2054,4893,52.350
33.637620,3914,2054,4896,52.350
33.643276,3916,2053,4900,52.350
33.647753,3919,2051,4907,52.350
33.653448,3922,2050,4910,52.350
33.657856,3923,2048,4914,52.350
33.663599,3923,2046,4913,52.350
33.667990,3922,2046,4913,52.350
33.672386,3922,2046,4913,52.350
33.678131,3922,2047,4913,52.350
33.682563,3922,2048,4909,52.350
33.688215,3923,2049,4907,52.350
33.692669,3923,2049,4904,52.350
33.698364,3923,2047,4900,52.350
33.702817,3921,2048,4899,52.350
33.707254,3919,2048,4899,52.350
33.712960,3920,2050,4898,52.350
33.717386,3918,2052,4894,52.350
33.723039,3919,2054,4892,52.350
33.727519,3919,2054,4892,52.350
33.733206,3917,2055,4893,52.350
33.737605,3917,2053,4898,52.350
33.743335,3914,2052,4902,52.350
33.747549,3911,2051,4904,52.350
33.751878,3909,2049,4906,52.350
33.757945,3908,2047,4910,52.350
33.762325,3907,2047,4913,52.350
33.767786,3906,2047,4913,52.350
33.772455,3904,2048,4912,52.350
33.778256,3903,2049,4910,52.350
33.782623,3902,2051,4905,52.350
33.787004,3903,2052,4899,52.350
33.792722,3904,2053,4899,52.350
33.797131,3904,2055,4903,52.350
33.802604,3902,2055,4906,52.350
33.807188,3900,2057,4908,52.350
33.812965,3899,2058,4905,52.350
33.817403,3898,2059,4901,52.350
33.823107,3898,2060,4900,52.350
33.827547,3897,2059,4899,52.350
33.832003,3896,2058,4900,52.350
33.837425,3897,2057,4903,52.350
33.842107,3896,2056,4905,52.350
33.847829,3895,2055,4908,52.350
33.852272,3896,2054,4913,52.350
33.857944,3896,2052,4917,52.350
33.862380,3897,2051,4921,52.350
33.866791,3899,2050,4925,52.350
33.872519,3899,2052,4924,52.350
33.876962,3900,2052,4922,52.350
33.882652,3901,2052,4922,52.350
33.887073,3901,2051,4924,52.350
33.892748,3903,2048,4927,52.350
33.897273,3904,2047,4928,52.350
33.902910,3905,2048,4929,52.350
33.907358,3906,2048,4927,52.350
33.911751,3907,2049,4920,52.350
33.917468,3907,2049,4916,52.350
33.921890,3906,2049,4913,52.350
33.927644,3905,2049,4912,52.350
33.932096,3904,2049,4915,52.350
33.937709,3904,2048,4916,52.350
33.942219,3905,2047,4917,52.350
33.946558,3907,2046,4916,52.350
33.952321,3910,2044,4916,52.350
33.956750,3912,2043,4917,52.350
33.962429,3912,2042,4917,52.350
33.966861,3912,2042,4919,52.350
33.972545,3912,2042,4921,52.350
33.976970,3912,2043,4920,52.350
33.982671,3913,2044,4916,52.350
33.987160,3917,2047,4913,52.350
33.991564,3919,2049,4913,52.350
33.997278,3923,2050,4911,52.350
34.001349,3924,2051,4908,52.350
34.007082,3925,2051,4905,52.350
34.011787,3926,2050,4901,52.350
34.017304,3926,2048,4898,52.350
34.021963,3926,2047,4896,52.350
34.026374,3927,2047,4897,52.350
34.032160,3925,2048,4899,52.350
34.036437,3924,2048,4904,52.350
34.042214,3923,2048,4912,52.350
34.046667,3923,2048,4918,52.350
34.052299,3922,2047,4920,52.350
34.056787,3924,2046,4920,52.350
34.062482,3926,2047,4921,52.350
34.066969,3927,2049,4923,52.350
34.071334,3928,2051,4926,52.350
34.077038,3929,2055,4929,52.350
34.081463,3929,2056,4931,52.350
34.087153,3929,2057,4935,52.350
34.091580,3929,2053,4939,52.350
34.097284,3928,2049,4942,52.350
34.101728,3927,2047,4943,52.350
34.106249,3924,2046,4943,52.350
34.111907,3920,2046,4941,52.350
34.116342,3917,2046,4938,52.350
34.121990,3914,2047,4935,52.350
34.126486,3913,2048,4931,52.350
34.132116,3911,2051,4930,52.350
34.136600,3909,2051,4928,52.350
34.142370,3905,2050,4930,52.350
34.146749,3902,2049,4930,52.350
34.151112,3900,2047,4930,52.350
34.156870,3900,2044,4932,52.350
34.161346,3900,2041,4932,52.350
34.166880,3902,2040,4931,52.350
34.171400,3905,2040,4928,52.350
34.177105,3907,2040,4927,52.350
34.181535,3908,2041,4928,52.350
34.185879,3907,2041,4928,52.350
34.191650,3906,2040,4926,52.350
34.196151,3905,2040,4927,52.350
34.201772,3906,2039,4927,52.350
34.206372,3907,2039,4927,52.350
34.211911,3907,2039,4929,52.350
34.216349,3907,2039,4929,52.350
34.222037,3905,2041,4930,52.350
34.226458,3904,2042,4929,52.350
34.230907,3903,2041,4930,52.350
34.236660,3903,2041,4932,52.350
34.241102,3903,2040,4934,52.350
34.246709,3903,2041,4936,52.350
34.250979,3903,2042,4934,52.350
34.256934,3904,2043,4931,52.350
34.261353,3904,2045,4927,52.350
34.265718,3904,2046,4926,52.350
34.271201,3903,2048,4927,52.350
34.275632,3902,2052,4926,52.350
34.281553,3903,2054,4926,52.350
34.286016,3904,2056,4925,52.350
34.291677,3907,2055,4926,52.350
34.296146,3907,2054,4927,52.350
34.301817,3908,2054,4927,52.350
34.306273,3909,2052,4929,52.350
34.310737,3910,2050,4931,52.350
34.316417,3909,2049,4934,52.350
34.320827,3907,2048,4933,52.350
34.326532,3905,2048,4932,52.350
34.330982,3902,2049,4931,52.350
34.336655,3900,2050,4930,52.350
34.341136,3901,2049,4932,52.350
34.345554,3904,2048,4933,52.350
34.351337,3907,2047,4934,52.350
34.355667,3908,2049,4935,52.350
34.361377,3908,2050,4935,52.350
34.365597,3906,2050,4936,52.350
34.371493,3905,2050,4936,52.350
34.375895,3905,2047,4938,52.350
34.381623,3903,2045,4938,52.350
34.386040,3903,2044,4938,52.350
34.390461,3902,2044,4938,52.350
34.396265,3901,2046,4935,52.350
34.400643,3903,2047,4933,52.350
34.406276,3904,2048,4928,52.350
34.410744,3904,2047,4924,52.350
34.416432,3904,2046,4923,52.350
34.420862,3903,2046,4921,52.350
34.425320,3902,2044,4921,52.350
34.431047,3902,2043,4922,52.350
34.435481,3902,2042,4923,52.350
34.441141,3903,2041,4925,52.350
34.445593,3904,2040,4926,52.350
34.451269,3906,2039,4924,52.350
34.455701,3908,2039,4923,52.350
34.461445,3911,2038,4920,52.350
34.465865,3913,2038,4920,52.350
34.470310,3915,2039,4921,52.350
34.475994,3914,2038,4921,52.350
34.480102,3912,2037,4921,52.350
34.485848,3911,2034,4922,52.350
34.490208,3908,2032,4922,52.350
34.496086,3907,2031,4922,52.350
34.500430,3908,2032,4923,52.350
34.504836,3909,2032,4925,52.350
34.510476,3911,2031,4928,52.350
34.514930,3910,2033,4929,52.350
34.520888,3910,2035,4928,52.350
34.525397,3909,2034,4929,52.350
34.531027,3907,2036,4927,52.350
34.535465,3907,2036,4923,52.350
34.541216,3905,2037,4920,52.350
34.545470,3903,2037,4919,52.350
34.550071,3902,2037,4920,52.350
34.555798,3901,2039,4921,52.350
34.560174,3900,2041,4921,52.350
34.565866,3900,2044,4922,52.350
34.570297,3900,2047,4920,52.350
34.576140,3901,2048,4922,52.350
34.580475,3902,2047,4925,52.350
34.584848,3901,2046,4928,52.350
34.590671,3901,2044,4929,52.350
34.594762,3901,2043,4931,52.350
34.600701,3902,2043,4936,52.350
34.605165,3903,2042,4934,52.350
34.610857,3903,2040,4935,52.350
34.615298,3904,2039,4937,52.350
34.620993,3905,2039,4935,52.350
34.625449,3905,2040,4939,52.350
34.629855,3907,2042,4941,52.350
34.635572,3909,2045,4942,52.350
34.640046,3908,2047,4943,52.350
34.645644,3908,2049,4944,52.350
34.650126,3907,2051,4945,52.350
34.655844,3906,2052,4946,52.350
34.660265,3905,2051,4947,52.350
34.664657,3904,2050,4948,52.350
34.670368,3902,2049,4947,52.350
34.674824,3900,2048,4944,52.350
34.680477,3899,2047,4943,52.350
34.684624,3899,2048,4940,52.350
34.690626,3900,2048,4936,52.350
34.695069,3902,2048,4935,52.350
34.700775,3904,2049,4932,52.350
34.705256,3906,2050,4929,52.350
34.709642,3907,2050,4927,52.350
34.715248,3907,2049,4925,52.350
34.719839,3908,2047,4924,52.350
34.725443,3908,2044,4921,52.350
34.729879,3908,2043,4922,52.350
34.735624,3908,2042,4925,52.350
34.740075,3907,2042,4923,52.350
34.744501,3907,2042,4923,52.350
34.750183,3906,2042,4922,52.350
34.754602,3905,2043,4922,52.350
34.760291,3903,2045,4921,52.350
34.764793,3903,2048,4924,52.350
34.770409,3902,2050,4931,52.350
34.774875,3902,2052,4933,52.350
34.780616,3904,2052,4931,52.350
34.785031,3905,2050,4931,52.350
34.789432,3904,2048,4929,52.350
34.795168,3903,2047,4927,52.350
34.799592,3900,2046,4927,52.350
34.805249,3898,2045,4924,52.350
34.809348,3897,2044,4923,52.350
34.815362,3896,2043,4924,52.350
34.819809,3897,2040,4925,52.350
34.824280,3897,2039,4928,52.350
34.829974,3898,2039,4933,52.350
34.834432,3899,2039,4934,52.350
34.840102,3900,2041,4932,52.350
34.844598,3900,2041,4930,52.350
34.850243,3900,2041,4924,52.350
34.854667,3899,2041,4920,52.350
34.860491,3899,2041,4919,52.350
34.864787,3899,2041,4916,52.350
34.869236,3901,2039,4917,52.350
34.874940,3902,2038,4918,52.350
34.879385,3904,2038,4916,52.350
34.885038,3905,2038,4915,52.350
34.889497,3906,2039,4915,52.350
34.895211,3907,2040,4917,52.350
34.899599,3908,2041,4922,52.350
34.904093,3908,2042,4927,52.350
34.909757,3908,2042,4929,52.350
34.914211,3907,2044,4929,52.350
34.919882,3906,2044,4928,52.350
34.924386,3907,2045,4926,52.350
34.930018,3907,2044,4924,52.350
34.934481,3907,2043,4922,52.350
34.940133,3905,2042,4920,52.350
34.944629,3903,2041,4918,52.350
34.948994,3903,2040,4915,52.350
34.954755,3903,2041,4915,52.350
34.959172,3906,2039,4917,52.350
34.964563,3909,2039,4916,52.350
34.969021,3910,2041,4919,52.350
34.974957,3912,2042,4922,52.350
34.979430,3915,2044,4923,52.350
34.983821,3916,2047,4923,52.350
34.989539,3918,2049,4919,52.350
34.993971,3918,2052,4915,52.350
34.999676,3916,2056,4911,52.350
35.004170,3914,2058,4912,52.350
35.009527,3912,2059,4912,52.350
35.014287,3911,2059,4918,52.350
35.019727,3911,2058,4921,52.350
35.024099,3911,2058,4925,52.350
35.028530,3910,2056,4930,52.350
35.034267,3911,2055,4931,52.350
35.038698,3913,2055,4933,52.350
35.044358,3914,2054,4932,52.350
35.048966,3915,2053,4931,52.350
35.054736,3914,2051,4930,52.350
35.059306,3913,2050,4930,52.350
35.063630,3911,2051,4928,52.350
35.069358,3910,2052,4925,52.350
35.073763,3908,2052,4922,52.350
35.079359,3908,2052,4920,52.350
35.083912,3908,2051,4919,52.350
35.089572,3910,2049,4920,52.350
35.094023,3911,2049,4921,52.350
35.099730,3912,2048,4920,52.350
35.104192,3914,2049,4920,52.350
35.108592,3914,2049,4921,52.350
35.114321,3916,2049,4922,52.350
35.118613,3918,2049,4922,52.350
35.124398,3918,2049,4923,52.350
35.128906,3917,2049,4922,52.350
35.134605,3915,2049,4921,52.350
35.138992,3913,2048,4925,52.350
35.143197,3910,2046,4928,52.350
35.149220,3908,2046,4931,52.350
35.153571,3908,2044,4930,52.350
35.159264,3906,2044,4928,52.350
35.163727,3906,2044,4923,52.350
35.169406,3908,2044,4920,52.350
35.173813,3909,2045,4917,52.350
35.179547,3912,2044,4916,52.350
35.183956,3914,2044,4914,52.350
35.188349,3914,2043,4913,52.350
35.194091,3912,2043,4912,52.350
35.198514,3910,2044,4909,52.350
35.204216,3908,2045,4907,52.350
35.208739,3908,2044,4906,52.350
35.214345,3909,2041,4904,52.350
35.218576,3910,2039,4905,52.350
35.223205,3911,2037,4906,52.350
35.228959,3912,2038,4908,52.350
35.233393,3913,2038,4910,52.350
35.239088,3915,2040,4910,52.350
35.243486,3919,2039,4911,52.350
35.249200,3921,2039,4911,52.350
35.253588,3922,2038,4913,52.350
35.259320,3923,2037,4916,52.350
35.263776,3922,2037,4920,52.350
35.268192,3920,2036,4924,52.350
35.273884,3919,2037,4925,52.350
35.278310,3917,2037,4925,52.350
35.284003,3916,2038,4924,52.350
35.288435,3915,2040,4921,52.350
35.294112,3915,2042,4923,52.350
35.298538,3914,2045,4924,52.350
35.303000,3915,2046,4925,52.350
35.308710,3916,2047,4925,52.350
35.313196,3917,2049,4924,52.350
35.318804,3919,2049,4922,52.350
35.323321,3920,2051,4923,52.350
35.328984,3919,2052,4922,52.350
35.333409,3918,2054,4919,52.350
35.339120,3917,2056,4917,52.350
35.343562,3915,2060,4912,52.350
35.347951,3913,2062,4909,52.350
35.353674,3913,2064,4907,52.350
35.358102,3913,2065,4909,52.350
35.363786,3913,2065,4912,52.350
35.368064,3913,2064,4913,52.350
35.373910,3912,2064,4913,52.350
35.378353,3913,2061,4914,52.350
35.382745,3915,2060,4915,52.350
35.388477,3918,2060,4916,52.350
35.392898,3920,2059,4918,52.350
35.398577,3921,2059,4923,52.350
35.403096,3920,2059,4928,52.350
35.408723,3917,2058,4933,52.350
35.413197,3915,2057,4935,52.350
35.418862,3912,2056,4936,52.350
35.423332,3909,2055,4934,52.350
35.427738,3908,2052,4930,52.350
35.433473,3908,2051,4931,52.350
35.437862,3909,2050,4933,52.350
35.443576,3910,2050,4935,52.350
35.448042,3911,2049,4937,52.350
35.453702,3911,2050,4940,52.350
35.458134,3912,2049,4940,52.350
35.462563,3912,2048,4943,52.350
35.468321,3911,2049,4944,52.350
35.472698,3911,2049,4944,52.350
35.478360,3910,2050,4942,52.350
35.482828,3909,2051,4940,52.350
35.488508,3908,2051,4937,52.350
35.492975,3908,2051,4934,52.350
35.498672,3908,2050,4931,52.350
35.503084,3907,2049,4929,52.350
35.507502,3907,2049,4928,52.350
35.513264,3906,2049,4926,52.350
35.517641,3905,2048,4924,52.350
35.523315,3906,2047,4921,52.350
35.527830,3905,2048,4917,52.350
35.533502,3905,2049,4914,52.350
35.537940,3906,2049,4913,52.350
35.542336,3907,2049,4915,52.350
35.548027,3910,2048,4915,52.350
35.552518,3913,2046,4916,52.350
35.558251,3914,2042,4919,52.350
35.562615,3915,2040,4923,52.350
35.568392,3915,2038,4927,52.350
35.572708,3916,2038,4930,52.350
35.578418,3917,2038,4933,52.350
35.582852,3917,2038,4935,52.350
35.587308,3915,2040,4933,52.350
35.593003,3914,2041,4933,52.350
35.597471,3913,2042,4931,52.350
35.603129,3912,2044,4931,52.350
35.607572,3911,2044,4929,52.350
35.613265,3909,2044,4926,52.350
35.617707,3909,2044,4925,52.350
35.622140,3909,2045,4922,52.350
35.627895,3911,2045,4921,52.350
35.632260,3914,2045,4924,52.350
35.637931,3917,2044,4927,52.350
35.642447,3917,2046,4930,52.350
35.648107,3917,2047,4930,52.350
35.652544,3915,2047,4931,52.350
35.658238,3915,2048,4933,52.350
35.662685,3915,2048,4934,52.350
35.667082,3916,2049,4934,52.350
35.672805,3918,2050,4933,52.350
35.677215,3919,2051,4929,52.350
35.682878,3920,2052,4925,52.350
35.687338,3921,2053,4921,52.350
35.693045,3921,2053,4919,52.350
35.697497,3920,2054,4920,52.350
35.701911,3918,2054,4920,52.350
35.707629,3915,2053,4922,52.350
35.712052,3913,2052,4925,52.350
35.717714,3911,2052,4925,52.350
35.722171,3908,2052,4924,52.350
35.727887,3906,2052,4925,52.350
35.732321,3904,2051,4923,52.350
35.738027,3903,2051,4924,52.350
35.742481,3904,2050,4925,52.350
35.746878,3906,2050,4925,52.350
35.752372,3908,2052,4925,52.350
35.757022,3910,2052,4922,52.350
35.762733,3913,2054,4920,52.350
35.767159,3915,2053,4918,52.350
35.772824,3917,2053,4913,52.350
35.777255,3917,2053,4913,52.350
35.781668,3918,2054,4915,52.350
35.787386,3918,2053,4916,52.350
35.791822,3916,2052,4919,52.350
35.797498,3914,2051,4919,52.350
35.801979,3913,2050,4918,52.350
35.807632,3910,2050,4918,52.350
35.812089,3906,2050,4914,52.350
35.817808,3905,2049,4914,52.350
35.822274,3904,2047,4916,52.350
35.826661,3906,2044,4920,52.350
35.832420,3909,2041,4921,52.350
35.836826,3912,2039,4923,52.350
35.842506,3914,2037,4923,52.350
35.846950,3915,2036,4923,52.350
35.852551,3916,2035,4926,52.350
35.857043,3916,2037,4928,52.350
35.861466,3916,2040,4924,52.350
35.867206,3916,2041,4920,52.350
35.871618,3915,2043,4916,52.350
35.877287,3914,2043,4911,52.350
35.881765,3914,2046,4909,52.350
35.887445,3915,2049,4908,52.350
35.891883,3916,2051,4908,52.350
35.897675,3918,2054,4909,52.350
35.902017,3919,2054,4912,52.350
35.906479,3920,2053,4915,52.350
35.912182,3922,2051,4916,52.350
35.916612,3923,2050,4916,52.350
35.922312,3924,2050,4915,52.350
35.926757,3924,2050,4916,52.350
35.932418,3924,2051,4915,52.350
35.936854,3923,2052,4914,52.350
35.941372,3922,2051,4912,52.350
35.947011,3919,2051,4908,52.350
35.951412,3917,2050,4907,52.350
35.957131,3914,2050,4909,52.350
35.961577,3913,2050,4911,52.350
35.967221,3912,2049,4913,52.350
35.971674,3911,2048,4919,52.350
35.977392,3911,2047,4921,52.350
35.981831,3911,2045,4924,52.350
35.986300,3912,2044,4925,52.350
35.991993,3914,2044,4923,52.350
35.996087,3915,2043,4924,52.350
36.001715,3916,2043,4924,52.350
36.006245,3918,2042,4923,52.350
36.011935,3918,2041,4924,52.350
36.016361,3920,2041,4926,52.350
36.020729,3920,2041,4927,52.350
36.026496,3919,2043,4928,52.350
36.030888,3918,2045,4928,52.350
36.036572,3918,2046,4925,52.350
36.041353,3919,2047,4921,52.350
36.047024,3919,2047,4916,52.350
36.051286,3920,2046,4914,52.350
36.057217,3921,2045,4913,52.350
36.061592,3920,2044,4914,52.350
36.066027,3918,2044,4916,52.350
36.071755,3916,2043,4916,52.350
36.076159,3913,2043,4918,52.350
36.081858,3910,2045,4917,52.350
36.086285,3909,2046,4919,52.350
36.092038,3909,2046,4920,52.350
36.096451,3911,2044,4921,52.350
36.100868,3913,2040,4926,52.350
36.106612,3913,2035,4931,52.350
36.111021,3915,2032,4935,52.350
36.116648,3915,2031,4938,52.350
36.121176,3913,2032,4937,52.350
36.126829,3911,2035,4936,52.350
36.131365,3910,2036,4936,52.350
36.136962,3910,2037,4937,52.350
36.141405,3912,2037,4937,52.350
36.145786,3912,2037,4937,52.350
36.151555,3911,2037,4936,52.350
36.155983,3911,2036,4935,52.350
36.161624,3908,2036,4933,52.350
36.166079,3907,2036,4933,52.350
36.171748,3908,2036,4932,52.350
36.176268,3908,2037,4930,52.350
36.180621,3910,2039,4929,52.350
36.186328,3911,2042,4931,52.350
36.190771,3912,2043,4932,52.350
36.196479,3913,2045,4934,52.350
36.200900,3912,2044,4937,52.350
36.206586,3913,2042,4934,52.350
36.211013,3914,2041,4933,52.350
36.216723,3916,2038,4931,52.350
36.221154,3916,2036,4929,52.350
36.225635,3918,2035,4928,52.350
36.231332,3917,2034,4927,52.350
36.235764,3919,2031,4925,52.350
36.241413,3920,2028,4923,52.350
36.245878,3918,2024,4921,52.350
36.251599,3916,2020,4919,52.350
36.255968,3914,2018,4917,52.350
36.260418,3910,2017,4918,52.350
36.266151,3909,2020,4918,52.350
36.270537,3908,2023,4919,52.350
36.275971,3908,2027,4919,52.350
36.280388,3908,2031,4916,52.350
36.286351,3908,2035,4913,52.350
36.290816,3910,2037,4912,52.350
36.296525,3913,2039,4912,52.350
36.300971,3917,2041,4916,52.350
36.305445,3920,2044,4920,52.350
36.311125,3921,2046,4922,52.350
36.315489,3921,2048,4922,52.350
36.321250,3919,2050,4923,52.350
36.325376,3918,2051,4921,52.350
36.331369,3917,2051,4919,52.350
36.335851,3918,2050,4915,52.350
36.339866,3919,2049,4916,52.350
36.345934,3919,2047,4916,52.350
36.350333,3920,2047,4918,52.350
36.355828,3920,2046,4919,52.350
36.360222,3920,2044,4919,52.350
36.366081,3919,2043,4918,52.350
36.370576,3920,2043,4915,52.350
36.376131,3919,2044,4914,52.350
36.380794,3917,2047,4913,52.350
36.385126,3917,2049,4913,52.350
36.390662,3915,2051,4914,52.350
36.395030,3913,2051,4916,52.350
36.400933,3913,2052,4918,52.350
36.405324,3912,2052,4919,52.350
36.411120,3914,2053,4918,52.350
36.415429,3917,2053,4919,52.350
36.420000,3919,2052,4919,52.350
36.425600,3919,2051,4917,52.350
36.430122,3918,2051,4916,52.350
36.435884,3916,2050,4914,52.350
36.440282,3915,2049,4909,52.350
36.445695,3917,2049,4909,52.350
36.450088,3919,2048,4910,52.350
36.455785,3920,2048,4913,52.350
36.460372,3920,2050,4917,52.350
36.464667,3920,2050,4918,52.350
36.470412,3919,2051,4921,52.350
36.474826,3917,2051,4923,52.350
36.480483,3917,2048,4925,52.350
36.484987,3917,2046,4927,52.350
36.490655,3917,2043,4928,52.350
36.495308,3917,2042,4928,52.350
36.499520,3918,2041,4928,52.350
36.505215,3918,2042,4926,52.350
36.509626,3919,2043,4924,52.350
36.515320,3918,2045,4919,52.350
36.519766,3917,2046,4915,52.350
36.525492,3914,2046,4913,52.350
36.529905,3910,2046,4912,52.350
36.535605,3908,2046,4914,52.350
36.540090,3907,2047,4915,52.350
36.544445,3905,2047,4915,52.350
36.550188,3906,2048,4916,52.350
36.554603,3906,2048,4917,52.350
36.560326,3907,2047,4915,52.350
36.564729,3908,2046,4918,52.350
36.570438,3907,2045,4919,52.350
36.574889,3909,2045,4920,52.350
36.579275,3911,2046,4923,52.350
36.585128,3912,2047,4926,52.350
36.589451,3913,2047,4926,52.350
36.595098,3914,2049,4925,52.350
36.599531,3914,2050,4924,52.350
36.605266,3913,2052,4920,52.350
36.609715,3914,2051,4919,52.350
36.615438,3914,2050,4918,52.350
36.619867,3914,2049,4918,52.350
36.624269,3914,2047,4917,52.350
36.629982,3914,2047,4915,52.350
36.634371,3913,2048,4916,52.350
36.640106,3913,2048,4916,52.350
36.644510,3911,2050,4917,52.350
36.650257,3909,2051,4917,52.350
36.654648,3908,2052,4916,52.350
36.659091,3905,2051,4915,52.350
36.664809,3904,2051,4914,52.350
36.669191,3904,2049,4918,52.350
36.674949,3904,2047,4923,52.350
36.679334,3905,2046,4929,52.350
36.685086,3906,2044,4934,52.350
36.689787,3906,2044,4941,52.350
36.695252,3906,2043,4944,52.350
36.699633,3906,2045,4945,52.350
36.704044,3905,2047,4946,52.350
36.709753,3903,2049,4946,52.350
36.714183,3902,2051,4943,52.350
36.719952,3903,2051,4940,52.350
36.724341,3904,2052,4936,52.350
36.730063,3905,2053,4934,52.350
36.734714,3907,2055,4933,52.350
36.739110,3910,2056,4931,52.350
36.744886,3911,2056,4928,52.350
36.749311,3912,2054,4923,52.350
36.754942,3912,2052,4920,52.350
36.759463,3911,2050,4918,52.350
36.764970,3910,2049,4917,52.350
36.769244,3910,2049,4919,52.350
36.775062,3910,2048,4919,52.350
36.779477,3910,2047,4921,52.350
36.783845,3911,2047,4921,52.350
36.789572,3910,2045,4923,52.350
36.794026,3912,2045,4926,52.350
36.799708,3913,2043,4928,52.350
36.804135,3912,2043,4932,52.350
36.809854,3914,2044,4935,52.350
36.814229,3913,2044,4936,52.350
36.818677,3911,2045,4940,52.350
36.824443,3910,2044,4943,52.350
36.829086,3908,2045,4944,52.350
36.834506,3906,2045,4945,52.350
36.838952,3905,2045,4945,52.350
36.844653,3905,2045,4941,52.350
36.849095,3905,2043,4939,52.350
36.854782,3903,2042,4938,52.350
36.859210,3902,2041,4937,52.350
36.863639,3902,2039,4937,52.350
36.869347,3902,2039,4939,52.350
36.873772,3904,2040,4940,52.350
36.879738,3905,2042,4940,52.350
36.883892,3907,2044,4940,52.350
36.889646,3909,2046,4941,52.350
36.894048,3910,2048,4939,52.350
36.898459,3912,2047,4940,52.350
36.904211,3912,2045,4942,52.350
36.908595,3911,2045,4944,52.350
36.914314,3911,2045,4948,52.350
36.918715,3911,2044,4948,52.350
36.924425,3912,2044,4947,52.350
36.928871,3912,2045,4943,52.350
36.934599,3912,2043,4939,52.350
36.939027,3911,2040,4936,52.350
36.943422,3910,2038,4933,52.350
36.949178,3910,2037,4931,52.350
36.953539,3911,2036,4930,52.350
36.959229,3912,2037,4928,52.350
36.963712,3913,2037,4928,52.350
36.969408,3913,2037,4928,52.350
36.973799,3915,2038,4931,52.350
36.978203,3916,2039,4933,52.350
36.984049,3917,2041,4935,52.350
36.988349,3918,2043,4940,52.350
36.994080,3920,2045,4943,52.350
36.998485,3920,2045,4945,52.350
37.004205,3921,2044,4949,52.350
37.008672,3922,2043,4950,52.350
37.014378,3921,2043,4949,52.350
37.018870,3919,2043,4948,52.350
37.023211,3920,2044,4945,52.350
37.028984,3919,2044,4941,52.350
37.033308,3918,2044,4938,52.350
37.039043,3918,2045,4934,52.350
37.043440,3918,2046,4933,52.350
37.049164,3918,2048,4930,52.350
37.053897,3918,2050,4927,52.350
37.058351,3917,2051,4927,52.350
37.064024,3918,2051,4925,52.350
37.068493,3917,2053,4924,52.350
37.073851,3919,2053,4925,52.350
37.078365,3919,2052,4925,52.350
37.084042,3919,2049,4928,52.350
37.088432,3920,2047,4931,52.350
37.094254,3919,2044,4934,52.350
37.098550,3919,2042,4938,52.350
37.103033,3919,2042,4938,52.350
37.108696,3920,2042,4937,52.350
37.113102,3922,2041,4933,52.350
37.118836,3923,2041,4927,52.350
37.123300,3923,2040,4922,52.350
37.128989,3923,2041,4918,52.350
37.133384,3923,2041,4918,52.350
37.137765,3923,2040,4916,52.350
37.143511,3923,2041,4917,52.350
37.147923,3924,2042,4917,52.350
37.153660,3924,2042,4916,52.350
37.158077,3924,2044,4915,52.350
37.163812,3924,2046,4914,52.350
37.168208,3923,2047,4911,52.350
37.173939,3922,2048,4907,52.350
37.178362,3921,2048,4903,52.350
37.182762,3918,2048,4900,52.350
37.188485,3915,2049,4900,52.350
37.192919,3912,2050,4901,52.350
37.198596,3911,2051,4901,52.350
37.203036,3911,2052,4902,52.350
37.208775,3909,2051,4901,52.350
37.213183,3908,2049,4899,52.350
37.217575,3907,2046,4898,52.350
37.223364,3905,2044,4899,52.350
37.227742,3906,2044,4902,52.350
37.233491,3907,2045,4907,52.350
37.237872,3906,2046,4913,52.350
37.243581,3906,2047,4919,52.350
37.247998,3905,2047,4924,52.350
37.253711,3903,2046,4927,52.350
37.258142,3902,2046,4927,52.350
37.262584,3901,2046,4928,52.350
37.268334,3900,2046,4926,52.350
37.272685,3900,2046,4926,52.350
37.278437,3900,2045,4924,52.350
37.282844,3899,2045,4923,52.350
37.288556,3899,2043,4920,52.350
37.292969,3899,2041,4919,52.350
37.297376,3898,2039,4920,52.350
37.303108,3898,2039,4919,52.350
37.307531,3899,2040,4920,52.350
37.313221,3900,2042,4922,52.350
37.317639,3900,2044,4922,52.350
37.323348,3900,2044,4922,52.350
37.327817,3901,2042,4922,52.350
37.333515,3901,2040,4922,52.350
37.338001,3902,2040,4922,52.350
37.342370,3902,2041,4919,52.350
37.348128,3902,2043,4914,52.350
37.352489,3902,2043,4909,52.350
37.358442,3903,2044,4903,52.350
37.362919,3904,2044,4900,52.350
37.368367,3905,2042,4899,52.350
37.372805,3907,2043,4898,52.350
37.377166,3908,2042,4897,52.350
37.383233,3910,2042,4896,52.350
37.387611,3910,2040,4894,52.350
37.393291,3910,2039,4895,52.350
37.397799,3909,2038,4897,52.350
37.403412,3910,2038,4896,52.350
37.407858,3912,2040,4894,52.350
37.413599,3913,2042,4892,52.350
37.418077,3913,2045,4889,52.350
37.422461,3914,2047,4889,52.350
37.428195,3913,2048,4889,52.350
37.432559,3910,2049,4891,52.350
37.438235,3910,2050,4894,52.350
37.442699,3911,2049,4898,52.350
37.448438,3912,2046,4903,52.350
37.452838,3915,2043,4907,52.350
37.457312,3917,2042,4909,52.350
37.462990,3919,2042,4912,52.350
37.467405,3919,2042,4913,52.350
37.473052,3920,2045,4914,52.350
37.477526,3920,2047,4914,52.350
37.483216,3921,2048,4914,52.350
37.487679,3922,2049,4913,52.350
37.493395,3922,2048,4911,52.350
37.497820,3921,2046,4910,52.350
37.502220,3920,2044,4911,52.350
37.507973,3919,2044,4911,52.350
37.512118,3918,2046,4911,52.350
37.518086,3918,2047,4909,52.350
37.522524,3918,2049,4908,52.350
37.528241,3919,2050,4907,52.350
37.532582,3921,2050,4907,52.350
37.537044,3922,2048,4907,52.350
37.542757,3922,2048,4908,52.350
37.547223,3920,2049,4907,52.350
37.552868,3916,2050,4908,52.350
37.557333,3913,2052,4910,52.350
37.562984,3912,2054,4912,52.350
37.567454,3911,2056,4914,52.350
37.573141,3911,2055,4914,52.350
37.577601,3911,2054,4912,52.350
37.582026,3910,2053,4911,52.350
37.587728,3909,2052,4910,52.350
37.592185,3907,2051,4912,52.350
37.597816,3907,2049,4914,52.350
37.602320,3907,2048,4916,52.350
37.607969,3908,2046,4920,52.350
37.612424,3908,2044,4924,52.350
37.616840,3907,2043,4925,52.350
37.622589,3905,2042,4926,52.350
37.627027,3903,2042,4925,52.350
37.632677,3900,2042,4922,52.350
37.637105,3896,2041,4921,52.350
37.642821,3894,2041,4920,52.350
37.647280,3893,2042,4919,52.350
37.652997,3891,2042,4920,52.350
37.657416,3891,2042,4924,52.350
37.661802,3891,2041,4928,52.350
37.667526,3891,2041,4932,52.350
37.671952,3891,2041,4934,52.350
37.677604,3892,2042,4933,52.350
37.682058,3892,2042,4932,52.350
37.687937,3891,2043,4934,52.350
37.692280,3890,2042,4937,52.350
37.696638,3889,2044,4941,52.350
37.702379,3890,2045,4946,52.350
37.706800,3894,2046,4945,52.350
37.712475,3898,2047,4942,52.350
37.716896,3902,2047,4939,52.350
37.722613,3905,2048,4936,52.350
37.727087,3908,2049,4935,52.350
37.732755,3910,2052,4937,52.350
37.737172,3910,2054,4937,52.350
37.741572,3912,2055,4935,52.350
37.747347,3913,2054,4930,52.350
37.751450,3914,2053,4922,52.350
37.757406,3913,2053,4913,52.350
37.761828,3914,2052,4908,52.350
37.767425,3911,2051,4906,52.350
37.771964,3907,2050,4908,52.350
37.776409,3905,2049,4912,52.350
37.782120,3903,2049,4913,52.350
37.786502,3902,2050,4912,52.350
37.792233,3903,2050,4909,52.350
37.796750,3904,2049,4906,52.350
37.802373,3907,2048,4905,52.350
37.806826,3907,2048,4905,52.350
37.812535,3908,2045,4908,52.350
37.817032,3910,2041,4912,52.350
37.821401,3910,2037,4915,52.350
37.827136,3911,2033,4916,52.350
37.831549,3910,2031,4918,52.350
37.837212,3909,2028,4920,52.350
37.841678,3907,2029,4921,52.350
37.847404,3906,2031,4924,52.350
37.851798,3906,2032,4923,52.350
37.856359,3906,2035,4920,52.350
37.862027,3907,2037,4918,52.350
37.866357,3908,2036,4919,52.350
37.872006,3909,2035,4920,52.350
37.876489,3909,2035,4922,52.350
37.882214,3910,2036,4923,52.350
37.886647,3913,2037,4925,52.350
37.892312,3914,2038,4926,52.350
37.896760,3915,2039,4928,52.350
37.901189,3915,2040,4928,52.350
37.906884,3915,2041,4927,52.350
37.911333,3914,2041,4925,52.350
37.917019,3914,2040,4925,52.350
37.921515,3914,2039,4924,52.350
37.927254,3914,2037,4923,52.350
37.931628,3915,2037,4920,52.350
37.936008,3914,2036,4916,52.350
37.941793,3914,2036,4914,52.350
37.946147,3915,2036,4913,52.350
37.951794,3917,2035,4917,52.350
37.956302,3918,2032,4920,52.350
37.962004,3917,2031,4920,52.350
37.966396,3916,2031,4920,52.350
37.972113,3915,2031,4920,52.350
37.976550,3914,2032,4922,52.350
37.980975,3915,2033,4920,52.350
37.986705,3915,2033,4922,52.350
37.991131,3915,2033,4922,52.350
37.996787,3913,2033,4923,52.350
38.001308,3911,2032,4927,52.350
38.006715,3910,2032,4930,52.350
38.011382,3910,2034,4927,52.350
38.015801,3911,2034,4925,52.350
38.021223,3912,2034,4923,52.350
38.025684,3912,2034,4920,52.350
38.031640,3912,2034,4921,52.350
38.035813,3911,2034,4923,52.350
38.041789,3910,2036,4927,52.350
38.046197,3910,2038,4931,52.350
38.051902,3911,2039,4933,52.350
38.056373,3911,2040,4934,52.350
38.060772,3911,2043,4931,52.350
38.066475,3910,2044,4927,52.350
38.070925,3909,2044,4926,52.350
38.076661,3908,2043,4925,52.350
38.080865,3908,2042,4925,52.350
38.086495,3908,2039,4925,52.350
38.091178,3910,2036,4925,52.350
38.095587,3912,2035,4926,52.350
38.101299,3916,2035,4926,52.350
38.105755,3918,2036,4929,52.350
38.111420,3919,2037,4930,52.350
38.115868,3920,2036,4932,52.350
38.121548,3921,2035,4931,52.350
38.126002,3922,2035,4933,52.350
38.131771,3924,2033,4934,52.350
38.136124,3924,2033,4934,52.350
38.140541,3923,2033,4934,52.350
38.146267,3920,2031,4931,52.350
38.150722,3916,2033,4927,52.350
38.156367,3913,2035,4925,52.350
38.160825,3911,2037,4922,52.350
38.166545,3910,2037,4919,52.350
38.170922,3911,2037,4920,52.350
38.175362,3913,2035,4922,52.350
38.181099,3914,2036,4925,52.350
38.185519,3914,2038,4925,52.350
38.191210,3913,2041,4923,52.350
38.195726,3913,2043,4922,52.350
38.201379,3916,2044,4919,52.350
38.205824,3918,2043,4916,52.350
38.211488,3919,2041,4917,52.350
38.215948,3920,2041,4915,52.350
38.220279,3920,2039,4917,52.350
38.226123,3920,2038,4921,52.350
38.230483,3920,2039,4924,52.350
38.236251,3919,2041,4929,52.350
38.240606,3918,2043,4932,52.350
38.246298,3916,2047,4935,52.350
38.250755,3914,2048,4938,52.350
38.255158,3913,2047,4942,52.350
38.260887,3911,2046,4945,52.350
38.265298,3909,2046,4949,52.350
38.270966,3907,2046,4951,52.350
38.275217,3907,2045,4953,52.350
38.280880,3907,2045,4956,52.350
38.285256,3905,2045,4959,52.350
38.291274,3905,2043,4962,52.350
38.295779,3904,2042,4964,52.350
38.300161,3903,2043,4965,52.350
38.305891,3904,2043,4965,52.350
38.310346,3906,2042,4964,52.350
38.315944,3910,2042,4961,52.350
38.320437,3914,2041,4956,52.350
38.326162,3915,2041,4953,52.350
38.330567,3916,2041,4948,52.350
38.334937,3915,2041,4943,52.350
38.340687,3911,2040,4939,52.350
38.345113,3908,2037,4934,52.350
38.350745,3905,2035,4929,52.350
38.355238,3904,2034,4925,52.350
38.360909,3905,2034,4923,52.350
38.365358,3907,2036,4923,52.350
38.371047,3908,2040,4922,52.350
38.375481,3910,2043,4923,52.350
38.379963,3912,2045,4923,52.350
38.385659,3912,2047,4924,52.350
38.390082,3914,2048,4926,52.350
38.395729,3914,2048,4928,52.350
38.400183,3917,2047,4932,52.350
38.405913,3920,2046,4937,52.350
38.410392,3923,2045,4938,52.350
38.414764,3925,2044,4940,52.350
38.420491,3925,2045,4940,52.350
38.424876,3926,2048,4937,52.350
38.430597,3925,2050,4938,52.350
38.435032,3924,2051,4938,52.350
38.440724,3925,2051,4938,52.350
38.445170,3926,2049,4936,52.350
38.450877,3926,2047,4935,52.350
38.455295,3925,2042,4933,52.350
38.459720,3923,2038,4933,52.350
38.465448,3921,2034,4934,52.350
38.469853,3919,2031,4935,52.350
38.475498,3918,2031,4934,52.350
38.479983,3917,2031,4932,52.350
38.485677,3917,2031,4931,52.350
38.490122,3918,2032,4930,52.350
38.494528,3919,2032,4928,52.350
38.500263,3919,2034,4928,52.350
38.504724,3920,2036,4928,52.350
38.510373,3920,2038,4927,52.350
38.514818,3919,2040,4926,52.350
38.520529,3917,2042,4924,52.350
38.524876,3916,2044,4921,52.350
38.530686,3917,2044,4922,52.350
38.535115,3918,2044,4920,52.350
38.539515,3919,2044,4918,52.350
38.545269,3921,2044,4915,52.350
38.549421,3922,2043,4912,52.350
38.555337,3924,2044,4908,52.350
38.559801,3925,2044,4909,52.350
38.565206,3925,2043,4909,52.350
38.569917,3925,2041,4910,52.350
38.574342,3925,2040,4910,52.350
38.580065,3925,2040,4911,52.350
38.584348,3925,2041,4912,52.350
38.590221,3924,2044,4911,52.350
38.594654,3923,2047,4911,52.350
38.600342,3922,2047,4914,52.350
38.604724,3921,2049,4915,52.350
38.610499,3920,2051,4919,52.350
38.614945,3919,2052,4924,52.350
38.619350,3916,2052,4927,52.350
38.625078,3915,2052,4930,52.350
38.629464,3914,2052,4931,52.350
38.635160,3914,2053,4931,52.350
38.639591,3913,2053,4932,52.350
38.645265,3913,2051,4932,52.350
38.649737,3910,2049,4929,52.350
38.654129,3908,2046,4926,52.350
38.659855,3906,2045,4922,52.350
38.664324,3904,2043,4920,52.350
38.669920,3903,2042,4917,52.350
38.674412,3902,2042,4916,52.350
38.680100,3901,2042,4915,52.350
38.684516,3902,2043,4913,52.350
38.690265,3905,2043,4910,52.350
38.694677,3908,2041,4908,52.350
38.699098,3911,2041,4907,52.350
38.704840,3913,2040,4906,52.350
38.709295,3916,2042,4908,52.350
38.714941,3918,2044,4911,52.350
38.719429,3919,2046,4911,52.350
38.724863,3918,2048,4911,52.350
38.729520,3917,2049,4911,52.350
38.733902,3918,2048,4910,52.350
38.739645,3919,2046,4909,52.350
38.744066,3917,2045,4909,52.350
38.749733,3916,2044,4910,52.350
38.754193,3913,2043,4909,52.350
38.759855,3910,2043,4911,52.350
38.764327,3909,2045,4913,52.350
38.770019,3909,2045,4914,52.350
38.774470,3910,2046,4917,52.350
38.778924,3911,2046,4919,52.350
38.784616,3912,2046,4918,52.350
38.789043,3911,2045,4916,52.350
38.794731,3909,2046,4917,52.350
38.799183,3908,2046,4917,52.350
38.804828,3906,2045,4917,52.350
38.809005,3906,2046,4923,52.350
38.813413,3906,2046,4929,52.350
38.819450,3908,2046,4937,52.350
38.823837,3912,2046,4946,52.350
38.829501,3915,2046,4953,52.350
38.834016,3918,2045,4957,52.350
38.839377,3918,2044,4959,52.350
38.844121,3917,2043,4960,52.350
38.849813,3915,2043,4959,52.350
38.854271,3912,2042,4954,52.350
38.858633,3910,2041,4948,52.350
38.864376,3908,2042,4942,52.350
38.868781,3909,2044,4938,52.350
38.874464,3910,2046,4936,52.350
38.878935,3912,2046,4936,52.350
38.884625,3913,2046,4937,52.350
38.889044,3914,2046,4935,52.350
38.893503,3915,2045,4933,52.350
38.899218,3914,2043,4931,52.350
38.903635,3914,2041,4928,52.350
38.909319,3915,2040,4925,52.350
38.913795,3915,2039,4923,52.350
38.919521,3916,2040,4921,52.350
38.923918,3917,2040,4920,52.350
38.929634,3918,2040,4919,52.350
38.934060,3916,2039,4919,52.350
38.938464,3913,2038,4920,52.350
38.944188,3910,2035,4918,52.350
38.948613,3907,2033,4915,52.350
38.954263,3905,2034,4915,52.350
38.958699,3903,2035,4916,52.350
38.964295,3903,2038,4918,52.350
38.968635,3903,2040,4919,52.350
38.973341,3904,2041,4916,52.350
38.979008,3905,2041,4915,52.350
38.983491,3905,2041,4915,52.350
38.989086,3904,2042,4917,52.350
38.993599,3903,2042,4919,52.350
38.999217,3902,2042,4920,52.350
39.003701,3903,2042,4923,52.350
39.009160,3903,2042,4926,52.350
39.013790,3905,2042,4926,52.350
39.018006,3906,2043,4929,52.350
39.023951,3907,2043,4929,52.350
39.028351,3907,2042,4929,52.350
39.033880,3907,2042,4930,52.350
39.038530,3908,2040,4933,52.350
39.044216,3909,2040,4933,52.350
39.048615,3908,2040,4932,52.350
39.053039,3909,2040,4932,52.350
39.058749,3908,2041,4930,52.350
39.063188,3906,2042,4928,52.350
39.068792,3905,2042,4926,52.350
39.073359,3904,2041,4925,52.350
39.078791,3901,2038,4927,52.350
39.083441,3901,2038,4928,52.350
39.089137,3903,2037,4929,52.350
39.093583,3904,2037,4928,52.350
39.097985,3907,2039,4928,52.350
39.103789,3909,2041,4930,52.350
39.108182,3910,2043,4931,52.350
39.113846,3912,2046,4932,52.350
39.118274,3914,2049,4932,52.350
39.123982,3915,2049,4929,52.350
39.128449,3917,2049,4925,52.350
39.132821,3917,2048,4925,52.350
39.138579,3915,2049,4924,52.350
39.142965,3914,2051,4924,52.350
39.148642,3913,2053,4927,52.350
39.153105,3912,2053,4930,52.350
39.158771,3911,2053,4932,52.350
39.163264,3911,2052,4933,52.350
39.168958,3911,2051,4931,52.350
39.173376,3910,2051,4928,52.350
39.177790,3911,2051,4925,52.350
39.183534,3913,2051,4923,52.350
39.187948,3915,2050,4924,52.350
39.193622,3917,2050,4926,52.350
39.198113,3919,2050,4927,52.350
39.203794,3920,2050,4930,52.350
39.208340,3922,2049,4928,52.350
39.212626,3924,2048,4927,52.350
39.218387,3926,2049,4926,52.350
39.222531,3928,2049,4926,52.350
39.228484,3930,2049,4926,52.350
39.232900,3932,2050,4923,52.350
39.238633,3933,2048,4924,52.350
39.243032,3933,2046,4923,52.350
39.248789,3931,2043,4921,52.350
39.253133,3930,2041,4921,52.350
39.257568,3927,2037,4923,52.350
39.263298,3925,2037,4922,52.350
39.267711,3922,2036,4923,52.350
39.273395,3922,2035,4923,52.350
39.277881,3923,2035,4923,52.350
39.283557,3924,2035,4925,52.350
39.287712,3925,2036,4924,52.350
39.292431,3925,2036,4925,52.350
39.298154,3924,2038,4922,52.350
39.302578,3922,2040,4921,52.350
39.308269,3920,2043,4920,52.350
39.312724,3920,2047,4915,52.350
39.318385,3920,2051,4913,52.350
39.322828,3919,2054,4910,52.350
39.328533,3919,2055,4902,52.350
39.332970,3918,2053,4898,52.350
39.337385,3916,2050,4896,52.350
39.343107,3915,2049,4893,52.350
39.347482,3913,2047,4895,52.350
39.353196,3913,2044,4901,52.350
39.357654,3913,2041,4905,52.350
39.363348,3913,2040,4908,52.350
39.367629,3912,2039,4912,52.350
39.372209,3911,2038,4912,52.350
39.377618,3909,2038,4915,52.350
39.382002,3906,2038,4914,52.350
39.388023,3906,2037,4915,52.350
39.392532,3908,2037,4913,52.350
39.398119,3910,2036,4910,52.350
39.402636,3912,2036,4909,52.350
39.408347,3913,2035,4909,52.350
39.412776,3912,2035,4911,52.350
39.417158,3911,2036,4914,52.350
39.422864,3911,2035,4916,52.350
39.427308,3911,2037,4916,52.350
39.432970,3913,2039,4915,52.350
39.437414,3915,2040,4914,52.350
39.443130,3916,2040,4912,52.350
39.447561,3917,2040,4913,52.350
39.451980,3915,2039,4914,52.350
39.457683,3914,2038,4914,52.350
39.462107,3914,2038,4915,52.350
39.467636,3915,2037,4916,52.350
39.472308,3917,2037,4917,52.350
39.477957,3918,2036,4919,52.350
39.482373,3920,2034,4923,52.350
39.488097,3919,2032,4926,52.350
39.492540,3917,2030,4930,52.350
39.496940,3915,2029,4935,52.350
39.502647,3912,2030,4937,52.350
39.507093,3911,2031,4939,52.350
39.512781,3911,2033,4940,52.350
39.517204,3912,2034,4940,52.350
39.522929,3912,2034,4941,52.350
39.527092,3912,2035,4940,52.350
39.531477,3912,2036,4939,52.350
39.537247,3912,2036,4938,52.350
39.541596,3913,2038,4937,52.350
39.547557,3914,2038,4937,52.350
39.552056,3916,2039,4938,52.350
39.557709,3916,2039,4937,52.350
39.562170,3918,2038,4938,52.350
39.567913,3918,2039,4937,52.350
39.572295,3918,2041,4938,52.350
39.576786,3920,2043,4939,52.350
39.582452,3920,2046,4940,52.350
39.586866,3921,2049,4939,52.350
39.592546,3921,2049,4938,52.350
39.597005,3919,2050,4935,52.350
39.602676,3918,2050,4932,52.350
39.607151,3916,2051,4928,52.350
39.611588,3913,2051,4924,52.350
39.617333,3910,2051,4921,52.350
39.621693,3909,2049,4921,52.350
39.627371,3909,2047,4924,52.350
39.631818,3909,2045,4927,52.350
39.637560,3910,2045,4929,52.350
39.641959,3912,2047,4929,52.350
39.647634,3915,2049,4925,52.350
39.652056,3916,2050,4923,52.350
39.656510,3916,2051,4923,52.350
39.662285,3916,2051,4923,52.350
39.666685,3914,2052,4923,52.350
39.672316,3913,2054,4926,52.350
39.676772,3913,2055,4928,52.350
39.682464,3912,2057,4930,52.350
39.686938,3913,2057,4933,52.350
39.691362,3915,2058,4936,52.350
39.697109,3916,2058,4933,52.350
39.701523,3917,2057,4928,52.350
39.707207,3918,2056,4925,52.350
39.711650,3916,2053,4924,52.350
39.717286,3914,2051,4924,52.350
39.721735,3913,2049,4926,52.350
39.727412,3911,2048,4928,52.350
39.731843,3912,2048,4928,52.350
39.736312,3913,2049,4926,52.350
39.742022,3915,2050,4926,52.350
39.746438,3917,2051,4927,52.350
39.751851,3917,2050,4928,52.350
39.756527,3916,2050,4928,52.350
39.762228,3916,2049,4923,52.350
39.766670,3916,2048,4920,52.350
39.771097,3918,2048,4917,52.350
39.776861,3918,2048,4915,52.350
39.781328,3918,2049,4919,52.350
39.786921,3918,2050,4921,52.350
39.791406,3918,2050,4921,52.350
39.797111,3918,2050,4921,52.350
39.801433,3919,2049,4920,52.350
39.807252,3917,2049,4919,52.350
39.811699,3919,2050,4921,52.350
39.816067,3921,2051,4921,52.350
39.821803,3924,2053,4921,52.350
39.826237,3927,2053,4921,52.350
39.831881,3929,2054,4921,52.350
39.836351,3929,2054,4920,52.350
39.842034,3928,2056,4917,52.350
39.846478,3927,2059,4912,52.350
39.850918,3925,2060,4908,52.350
39.856628,3924,2061,4907,52.350
39.861043,3924,2060,4910,52.350
39.866699,3925,2059,4915,52.350
39.871184,3926,2057,4921,52.350
39.876858,3928,2055,4927,52.350
39.881302,3929,2055,4929,52.350
39.887007,3929,2055,4928,52.350
39.891429,3928,2056,4927,52.350
39.895889,3927,2058,4923,52.350
39.901639,3926,2059,4918,52.350
39.905775,3925,2061,4915,52.350
39.911735,3923,2063,4913,52.350
39.916170,3922,2065,4911,52.350
39.921841,3919,2066,4912,52.350
39.926302,3917,2066,4915,52.350
39.930684,3917,2065,4915,52.350
39.936405,3917,2063,4917,52.350
39.940832,3918,2063,4918,52.350
39.946496,3920,2062,4919,52.350
39.950977,3920,2063,4919,52.350
39.956639,3921,2063,4917,52.350
39.961079,3923,2063,4914,52.350
39.966826,3924,2063,4912,52.350
39.971273,3924,2062,4914,52.350
39.975699,3925,2060,4915,52.350
39.981401,3925,2059,4916,52.350
39.985795,3925,2059,4916,52.350
39.991469,3924,2057,4915,52.350
39.995956,3924,2057,4914,52.350
40.001526,3922,2058,4914,52.350
40.005838,3922,2058,4914,52.350
40.016589,3923,2059,4915,52.350
40.016988,3922,2059,4916,52.350
40.021041,3923,2060,4916,52.350
40.029140,3924,2058,4916,52.350
40.031310,3925,2057,4913,52.350
40.037193,3926,2057,4907,52.350
40.040655,3927,2056,4902,52.350
40.046297,3926,2054,4897,52.350
40.050772,3926,2054,4895,52.350
40.055138,3926,2054,4895,52.350
40.061141,3926,2054,4894,52.350
40.065591,3925,2055,4896,52.350
40.071264,3921,2057,4899,52.350
40.075758,3918,2057,4901,52.350
40.081390,3917,2057,4907,52.350
40.085857,3917,2055,4911,52.350
40.090255,3917,2052,4915,52.350
40.096059,3918,2051,4917,52.350
40.100369,3917,2049,4915,52.350
40.106102,3915,2047,4913,52.350
40.110539,3915,2049,4907,52.350
40.116192,3915,2049,4903,52.350
40.120623,3913,2050,4899,52.350
40.126361,3912,2050,4896,52.350
40.130768,3909,2051,4898,52.350
40.135187,3909,2051,4901,52.350
40.140938,3909,2052,4904,52.350
40.145370,3908,2052,4909,52.350
40.151018,3908,2052,4914,52.350
40.155505,3908,2053,4918,52.350
40.161213,3909,2055,4923,52.350
40.165306,3911,2056,4927,52.350
40.169736,3911,2056,4927,52.350
40.175740,3912,2056,4924,52.350
40.180206,3912,2055,4919,52.350
40.185826,3912,2055,4916,52.350
40.190359,3912,2056,4914,52.350
40.196006,3912,2056,4916,52.350
40.200487,3911,2055,4916,52.350
40.206180,3910,2054,4919,52.350
40.210610,3910,2053,4919,52.350
40.215028,3909,2052,4917,52.350
40.220767,3909,2052,4913,52.350
40.225143,3910,2052,4911,52.350
40.230834,3909,2052,4907,52.350
40.235281,3909,2052,4906,52.350
40.240837,3908,2052,4906,52.350
40.245422,3908,2053,4906,52.350
40.249862,3908,2052,4906,52.350
40.255540,3909,2050,4906,52.350
40.259982,3911,2048,4904,52.350
40.265670,3912,2046,4899,52.350
40.270920,3913,2043,4897,52.350
40.275566,3913,2041,4897,52.350
40.279990,3914,2040,4898,52.350
40.285919,3915,2040,4902,52.350
40.290478,3916,2041,4905,52.350
40.294548,3917,2043,4908,52.350
40.300482,3918,2046,4911,52.350
40.304929,3919,2048,4912,52.350
40.310585,3920,2048,4914,52.350
40.315132,3919,2045,4914,52.350
40.320789,3915,2042,4913,52.350
40.325204,3912,2038,4912,52.350
40.329603,3911,2036,4911,52.350
40.335343,3910,2036,4909,52.350
40.339774,3911,2036,4910,52.350
40.345429,3913,2037,4909,52.350
40.349901,3913,2037,4907,52.350
40.355572,3911,2038,4907,52.350
40.359905,3908,2040,4911,52.350
40.365723,3904,2040,4914,52.350
40.370143,3903,2041,4919,52.350
40.374572,3902,2041,4923,52.350
40.380310,3903,2043,4924,52.350
40.384712,3904,2043,4923,52.350
40.390354,3907,2045,4924,52.350
40.394857,3907,2048,4922,52.350
40.400543,3908,2050,4921,52.350
40.404996,3909,2051,4923,52.350
40.409387,3909,2052,4922,52.350
40.415139,3910,2052,4922,52.350
40.419569,3911,2051,4923,52.350
40.425197,3912,2051,4923,52.350
40.429675,3912,2050,4922,52.350
40.435374,3913,2048,4921,52.350
40.439782,3912,2047,4921,52.350
40.445187,3913,2046,4922,52.350
40.449902,3915,2044,4926,52.350
40.454335,3915,2040,4929,52.350
40.460103,3916,2038,4931,52.350
40.464205,3918,2036,4933,52.350
40.470203,3918,2035,4933,52.350
40.474588,3918,2037,4932,52.350
40.480316,3918,2038,4930,52.350
40.484589,3918,2038,4924,52.350
40.489205,3919,2037,4918,52.350
40.494901,3919,2037,4915,52.350
40.499310,3920,2034,4912,52.350
40.505019,3920,2032,4913,52.350
40.509452,3920,2031,4916,52.350
40.514901,3920,2031,4918,52.350
40.519592,3921,2032,4916,52.350
40.525309,3924,2033,4916,52.350
40.529682,3924,2034,4914,52.350
40.534129,3923,2035,4916,52.350
40.539859,3922,2036,4919,52.350
40.544378,3919,2036,4923,52.350
40.550017,3917,2036,4925,52.350
40.554376,3916,2034,4927,52.350
40.560080,3914,2031,4930,52.350
40.564274,3910,2030,4934,52.350
40.568669,3910,2030,4935,52.350
40.574714,3910,2031,4935,52.350
40.579086,3911,2033,4935,52.350
40.584563,3912,2035,4933,52.350
40.589211,3912,2036,4930,52.350
40.594939,3910,2037,4927,52.350
40.599355,3909,2037,4924,52.350
40.605038,3907,2038,4921,52.350
40.609498,3907,2038,4920,52.350
40.613910,3909,2038,4921,52.350
40.619651,3911,2038,4924,52.350
40.624033,3913,2040,4924,52.350
40.629702,3916,2041,4922,52.350
40.634153,3917,2043,4921,52.350
40.639869,3917,2045,4917,52.350
40.644290,3917,2046,4916,52.350
40.648724,3917,2047,4917,52.350
40.654422,3917,2045,4917,52.350
40.658847,3917,2045,4920,52.350
40.664523,3917,2043,4921,52.350
40.669191,3916,2042,4922,52.350
40.674685,3915,2041,4924,52.350
40.679099,3916,2041,4926,52.350
40.684593,3918,2041,4925,52.350
40.689268,3919,2042,4925,52.350
40.693712,3920,2043,4925,52.350
40.699427,3919,2043,4923,52.350
40.703834,3918,2043,4922,52.350
40.709511,3919,2042,4921,52.350
40.713969,3920,2042,4921,52.350
40.719665,3921,2042,4920,52.350
40.724076,3922,2042,4921,52.350
40.728497,3921,2043,4922,52.350
40.734332,3919,2043,4921,52.350
40.738622,3916,2042,4920,52.350
40.744142,3913,2042,4918,52.350
40.748774,3912,2043,4914,52.350
40.754428,3912,2043,4913,52.350
40.758914,3913,2045,4912,52.350
40.764581,3914,2046,4914,52.350
40.769058,3912,2047,4916,52.350
40.773336,3912,2048,4919,52.350
40.779180,3911,2047,4922,52.350
40.783589,3910,2047,4925,52.350
40.789261,3911,2047,4926,52.350
40.793777,3913,2047,4926,52.350
40.799452,3915,2048,4926,52.350
40.803878,3918,2048,4925,52.350
40.808334,3919,2047,4921,52.350
40.813989,3919,2046,4916,52.350
40.818413,3920,2043,4910,52.350
40.824141,3919,2041,4906,52.350
40.828566,3918,2039,4904,52.350
40.834215,3915,2036,4905,52.350
40.838695,3912,2036,4907,52.350
40.844371,3909,2038,4910,52.350
40.848814,3907,2039,4912,52.350
40.853229,3908,2040,4910,52.350
40.858963,3907,2040,4912,52.350
40.863374,3907,2040,4914,52.350
40.869036,3906,2040,4916,52.350
40.873556,3905,2041,4922,52.350
40.879215,3906,2042,4924,52.350
40.883614,3907,2044,4926,52.350
40.888089,3906,2046,4927,52.350
40.893791,3906,2047,4929,52.350
40.898218,3904,2049,4929,52.350
40.903846,3902,2048,4927,52.350
40.908367,3902,2047,4924,52.350
40.914038,3901,2046,4920,52.350
40.918514,3903,2044,4916,52.350
40.924217,3903,2043,4914,52.350
40.928600,3904,2044,4916,52.350
40.932995,3907,2045,4916,52.350
40.938771,3908,2045,4916,52.350
40.943177,3912,2045,4915,52.350
40.948835,3915,2044,4913,52.350
40.953289,3918,2045,4912,52.350
40.958962,3920,2046,4910,52.350
40.963441,3921,2047,4911,52.350
40.967883,3922,2047,4911,52.350
40.973558,3921,2047,4911,52.350
40.978009,3920,2045,4911,52.350
40.983663,3919,2044,4910,52.350
40.988133,3918,2044,4913,52.350
40.993596,3917,2045,4915,52.350
40.998011,3915,2045,4917,52.350
41.003675,3913,2047,4918,52.350
41.008143,3911,2048,4919,52.350
41.012557,3911,2050,4918,52.350
41.018202,3912,2051,4919,52.350
41.022687,3913,2051,4920,52.350
41.028327,3916,2050,4921,52.350
41.032796,3918,2049,4924,52.350
41.038493,3921,2048,4926,52.350
41.043199,3925,2047,4929,52.350
41.047629,3929,2046,4931,52.350
41.053303,3931,2046,4930,52.350
41.057742,3931,2046,4930,52.350
41.063439,3929,2046,4927,52.350
41.067949,3927,2045,4926,52.350
41.073594,3924,2045,4923,52.350
41.078045,3921,2044,4920,52.350
41.083716,3918,2043,4917,52.350
41.088143,3918,2042,4916,52.350
41.092629,3917,2041,4916,52.350
41.098091,3917,2040,4916,52.350
41.102412,3917,2039,4918,52.350
41.108445,3917,2039,4920,52.350
41.112852,3918,2039,4917,52.350
41.118531,3920,2039,4918,52.350
41.123009,3924,2040,4918,52.350
41.127389,3927,2042,4917,52.350
41.133095,3928,2044,4919,52.350
41.137549,3927,2046,4919,52.350
41.143240,3927,2048,4921,52.350
41.147706,3926,2048,4922,52.350
41.153368,3926,2046,4925,52.350
41.157810,3926,2044,4926,52.350
41.163488,3925,2042,4928,52.350
41.167950,3923,2042,4930,52.350
41.172368,3922,2043,4932,52.350
41.178080,3922,2043,4934,52.350
41.182530,3922,2044,4936,52.350
41.188223,3921,2044,4938,52.350
41.192684,3922,2044,4938,52.350
41.198377,3923,2046,4937,52.350
41.202841,3924,2049,4935,52.350
41.207216,3927,2052,4934,52.350
41.212673,3927,2054,4933,52.350
41.217302,3926,2055,4932,52.350
41.223050,3925,2055,4930,52.350
41.227476,3924,2054,4929,52.350
41.233197,3922,2053,4927,52.350
41.237602,3920,2053,4925,52.350
41.243291,3918,2054,4924,52.350
41.247710,3917,2055,4922,52.350
41.251854,3917,2056,4920,52.350
41.257853,3916,2056,4918,52.350
41.262306,3918,2054,4918,52.350
41.268005,3919,2053,4917,52.350
41.272386,3918,2053,4917,52.350
41.278072,3919,2053,4917,52.350
41.282574,3920,2054,4917,52.350
41.286966,3922,2057,4917,52.350
41.292682,3924,2061,4916,52.350
41.297103,3926,2063,4916,52.350
41.302614,3928,2064,4915,52.350
41.307041,3928,2065,4914,52.350
41.312663,3926,2062,4916,52.350
41.317077,3923,2061,4918,52.350
41.323078,3921,2062,4921,52.350
41.327495,3917,2061,4923,52.350
41.331924,3915,2062,4924,52.350
41.337657,3917,2061,4922,52.350
41.342054,3919,2060,4920,52.350
41.347735,3922,2059,4919,52.350
41.352170,3926,2057,4917,52.350
41.357887,3930,2057,4917,52.350
41.362317,3934,2056,4917,52.350
41.366706,3936,2055,4916,52.350
41.372475,3937,2054,4916,52.350
41.376905,3935,2055,4911,52.350
41.382521,3931,2056,4912,52.350
41.386953,3928,2058,4913,52.350
41.392689,3926,2058,4916,52.350
41.397139,3924,2058,4920,52.350
41.402885,3923,2055,4924,52.350
41.407282,3922,2052,4928,52.350
41.411357,3922,2048,4926,52.350
41.417430,3923,2045,4921,52.350
41.421824,3921,2045,4914,52.350
41.427305,3918,2046,4906,52.350
41.431696,3916,2046,4901,52.350
41.437419,3914,2047,4901,52.350
41.441847,3914,2047,4904,52.350
41.446207,3915,2047,4911,52.350
41.452041,3915,2045,4920,52.350
41.456343,3916,2044,4925,52.350
41.462055,3915,2042,4928,52.350
41.466521,3917,2040,4931,52.350
41.472254,3918,2039,4932,52.350
41.476656,3919,2039,4932,52.350
41.482371,3920,2041,4932,52.350
41.486781,3921,2042,4933,52.350
41.491458,3921,2044,4932,52.350
41.496932,3921,2044,4934,52.350
41.501317,3920,2043,4936,52.350
41.507046,3919,2041,4936,52.350
41.511472,3918,2041,4936,52.350
41.517164,3917,2040,4936,52.350
41.521573,3919,2042,4936,52.350
41.526069,3920,2044,4937,52.350
41.531730,3922,2045,4937,52.350
41.536150,3923,2046,4938,52.350
41.542092,3924,2045,4936,52.350
41.546362,3924,2044,4937,52.350
41.552082,3923,2043,4936,52.350
41.556665,3923,2044,4934,52.350
41.562409,3922,2045,4933,52.350
41.566625,3922,2045,4930,52.350
41.571054,3922,2045,4928,52.350
41.576726,3920,2046,4927,52.350
41.581074,3918,2047,4926,52.350
41.586803,3915,2051,4928,52.350
41.591253,3912,2054,4930,52.350
41.596985,3911,2055,4930,52.350
41.601395,3909,2056,4930,52.350
41.606038,3908,2056,4931,52.350
41.611839,3906,2054,4934,52.350
41.616219,3904,2053,4936,52.350
41.621927,3902,2051,4938,52.350
41.626351,3902,2049,4938,52.350
41.632036,3902,2049,4935,52.350
41.636474,3906,2047,4936,52.350
41.642215,3910,2047,4935,52.350
41.646630,3914,2045,4935,52.350
41.651007,3916,2043,4933,52.350
41.656535,3917,2041,4933,52.350
41.661147,3917,2039,4935,52.350
41.666831,3917,2039,4936,52.350
41.671334,3919,2040,4936,52.350
41.677057,3921,2040,4935,52.350
41.681448,3923,2041,4933,52.350
41.685752,3925,2041,4931,52.350
41.691605,3925,2042,4928,52.350
41.696026,3924,2043,4924,52.350
41.701681,3926,2045,4920,52.350
41.706158,3927,2046,4918,52.350
41.711866,3928,2046,4916,52.350
41.716256,3929,2045,4915,52.350
41.721985,3927,2043,4912,52.350
41.726480,3926,2042,4909,52.350
41.730789,3925,2041,4908,52.350
41.736536,3924,2041,4905,52.350
41.740673,3923,2042,4900,52.350
41.746620,3921,2044,4899,52.350
41.750781,3919,2046,4900,52.350
41.756751,3917,2046,4903,52.350
41.761195,3915,2045,4907,52.350
41.765418,3913,2044,4912,52.350
41.771364,3914,2043,4913,52.350
41.775803,3915,2041,4913,52.350
41.781400,3915,2039,4911,52.350
41.785923,3916,2039,4909,52.350
41.791594,3914,2040,4909,52.350
41.796064,3912,2040,4911,52.350
41.801793,3911,2040,4913,52.350
41.806183,3911,2039,4913,52.350
41.810659,3911,2039,4915,52.350
41.816348,3913,2039,4914,52.350
41.820714,3914,2039,4913,52.350
41.826428,3915,2040,4911,52.350
41.830850,3916,2040,4908,52.350
41.836531,3916,2041,4906,52.350
41.840973,3917,2043,4907,52.350
41.845388,3917,2046,4908,52.350
41.851167,3917,2049,4911,52.350
41.855541,3916,2051,4912,52.350
41.861239,3917,2051,4913,52.350
41.865667,3918,2050,4914,52.350
41.871367,3920,2048,4914,52.350
41.875764,3921,2047,4914,52.350
41.881496,3921,2046,4913,52.350
41.885975,3919,2046,4913,52.350
41.890398,3915,2047,4913,52.350
41.896126,3912,2047,4915,52.350
41.900506,3910,2047,4918,52.350
41.906249,3909,2048,4920,52.350
41.910655,3910,2048,4920,52.350
41.916352,3913,2047,4921,52.350
41.920778,3914,2048,4920,52.350
41.925182,3916,2046,4921,52.350
41.930931,3917,2047,4923,52.350
41.935297,3918,2047,4924,52.350
41.941003,3919,2047,4928,52.350
41.945471,3920,2046,4932,52.350
41.951133,3923,2044,4934,52.350
41.955619,3925,2044,4934,52.350
41.961265,3927,2044,4933,52.350
41.965729,3928,2044,4933,52.350
41.970190,3926,2043,4933,52.350
41.975866,3924,2041,4935,52.350
41.980327,3921,2039,4937,52.350
41.985966,3918,2036,4939,52.350
41.990422,3917,2034,4939,52.350
41.996115,3916,2032,4935,52.350
42.000561,3917,2030,4931,52.350
42.004674,3918,2028,4929,52.350
42.010486,3919,2027,4926,52.350
42.015119,3921,2025,4924,52.350
42.020517,3922,2026,4923,52.350
42.025288,3922,2027,4921,52.350
42.030910,3923,2029,4917,52.350
42.035110,3923,2032,4916,52.350
42.041055,3923,2033,4911,52.350
42.045474,3923,2035,4908,52.350
42.049920,3924,2036,4907,52.350
42.055614,3926,2038,4904,52.350
42.060070,3927,2040,4902,52.350
42.065732,3926,2043,4902,52.350
42.070184,3926,2045,4900,52.350
42.075880,3926,2045,4898,52.350
42.080336,3926,2044,4897,52.350
42.084781,3928,2042,4896,52.350
42.090497,3928,2040,4898,52.350
42.094904,3928,2039,4904,52.350
42.100299,3928,2040,4909,52.350
42.104878,3927,2040,4914,52.350
42.110708,3925,2041,4918,52.350
42.115250,3924,2042,4920,52.350
42.120874,3923,2043,4922,52.350
42.125268,3921,2045,4924,52.350
42.129685,3919,2049,4923,52.350
42.135331,3918,2050,4920,52.350
42.139827,3916,2051,4915,52.350
42.145518,3915,2051,4912,52.350
42.149979,3914,2049,4912,52.350
42.155644,3914,2049,4913,52.350
42.160100,3913,2049,4915,52.350
42.164313,3910,2049,4917,52.350
42.169991,3910,2049,4916,52.350
42.174676,3908,2048,4912,52.350
42.180340,3909,2047,4910,52.350
42.184807,3910,2048,4910,52.350
42.190473,3910,2049,4913,52.350
42.194988,3911,2052,4914,52.350
42.200649,3911,2055,4917,52.350
42.205068,3910,2058,4916,52.350
42.209448,3909,2059,4916,52.350
42.215288,3907,2060,4914,52.350
42.219646,3905,2060,4914,52.350
42.225289,3905,2059,4916,52.350
42.229733,3903,2059,4917,52.350
42.235468,3903,2058,4919,52.350
42.239857,3901,2058,4920,52.350
42.244293,3900,2059,4921,52.350
42.250087,3900,2060,4918,52.350
42.254397,3899,2060,4918,52.350
42.260108,3898,2059,4921,52.350
42.264567,3898,2057,4924,52.350
42.270329,3900,2055,4926,52.350
42.274666,3901,2055,4929,52.350
42.280375,3904,2053,4930,52.350
42.284900,3906,2052,4928,52.350
42.289261,3907,2050,4927,52.350
42.295024,3910,2050,4926,52.350
42.299418,3912,2051,4927,52.350
42.305087,3914,2052,4929,52.350
42.309502,3914,2052,4931,52.350
42.315185,3916,2053,4933,52.350
42.319658,3917,2052,4936,52.350
42.323855,3917,2053,4938,52.350
42.329598,3917,2053,4937,52.350
42.334218,3915,2053,4934,52.350
42.339879,3913,2054,4931,52.350
42.344338,3913,2055,4928,52.350
42.350035,3913,2054,4925,52.350
42.354468,3912,2053,4922,52.350
42.360284,3913,2053,4921,52.350
42.364627,3911,2053,4919,52.350
42.369068,3909,2052,4917,52.350
42.374733,3908,2053,4916,52.350
42.379236,3905,2053,4915,52.350
42.384834,3903,2053,4916,52.350
42.389332,3901,2053,4917,52.350
42.395036,3899,2052,4918,52.350
42.399495,3900,2051,4920,52.350
42.403913,3901,2050,4920,52.350
42.409613,3904,2048,4920,52.350
42.413980,3907,2047,4920,52.350
42.419707,3911,2047,4918,52.350
42.424129,3913,2048,4917,52.350
42.429803,3915,2049,4915,52.350
42.434265,3916,2049,4917,52.350
42.439926,3916,2050,4919,52.350
42.444371,3915,2050,4921,52.350
42.448828,3914,2051,4924,52.350
42.454599,3913,2051,4926,52.350
42.458951,3913,2052,4928,52.350
42.464624,3913,2052,4929,52.350
42.469080,3913,2051,4931,52.350
42.474791,3913,2049,4932,52.350
42.479209,3912,2047,4934,52.350
42.483606,3911,2045,4938,52.350
42.489388,3910,2046,4940,52.350
42.493806,3911,2047,4942,52.350
42.499507,3912,2050,4938,52.350
42.503896,3915,2053,4934,52.350
42.509596,3918,2054,4931,52.350
42.514012,3919,2054,4928,52.350
42.519764,3919,2054,4929,52.350
42.523942,3919,2054,4930,52.350
42.528594,3918,2053,4930,52.350
42.534297,3917,2052,4934,52.350
42.538741,3917,2051,4935,52.350
42.544403,3917,2049,4935,52.350
42.548852,3915,2047,4934,52.350
42.554578,3915,2043,4933,52.350
42.558948,3914,2040,4932,52.350
42.563408,3914,2036,4931,52.350
42.568924,3914,2032,4931,52.350
42.573545,3914,2031,4931,52.350
42.579214,3915,2032,4931,52.350
42.583663,3915,2035,4930,52.350
42.589373,3914,2037,4929,52.350
42.593857,3914,2038,4928,52.350
42.599500,3914,2041,4928,52.350
42.604027,3912,2042,4928,52.350
42.608398,3914,2043,4928,52.350
42.614118,3916,2044,4927,52.350
42.618505,3917,2044,4927,52.350
42.624226,3917,2043,4924,52.350
42.628654,3917,2043,4921,52.350
42.634333,3915,2043,4921,52.350
42.638757,3915,2042,4920,52.350
42.643207,3915,2041,4921,52.350
42.648896,3915,2042,4925,52.350
42.653321,3914,2043,4926,52.350
42.658989,3912,2046,4924,52.350
42.663456,3911,2046,4922,52.350
42.669177,3910,2046,4920,52.350
42.673579,3909,2045,4917,52.350
42.679267,3909,2045,4913,52.350
42.683725,3908,2047,4912,52.350
42.688176,3909,2050,4909,52.350
42.693889,3910,2052,4907,52.350
42.698339,3911,2053,4906,52.350
42.703965,3912,2054,4905,52.350
42.708445,3912,2054,4904,52.350
42.714167,3911,2054,4901,52.350
42.718557,3909,2055,4906,52.350
42.722975,3909,2055,4909,52.350
42.728687,3909,2053,4913,52.350
42.732951,3910,2051,4917,52.350
42.738776,3910,2049,4915,52.350
42.743311,3909,2049,4914,52.350
42.748958,3908,2047,4914,52.350
42.753324,3906,2047,4916,52.350
42.759072,3905,2047,4920,52.350
42.763500,3904,2047,4925,52.350
42.767904,3904,2048,4925,52.350
42.773638,3905,2048,4925,52.350
42.778094,3906,2047,4925,52.350
42.783725,3910,2044,4927,52.350
42.788113,3912,2044,4926,52.350
42.793894,3914,2042,4925,52.350
42.798371,3916,2042,4923,52.350
42.802740,3916,2042,4915,52.350
42.808472,3915,2041,4911,52.350
42.812935,3916,2041,4909,52.350
42.818572,3915,2040,4905,52.350
42.823063,3915,2039,4907,52.350
42.828722,3915,2038,4908,52.350
42.833115,3915,2038,4909,52.350
42.838891,3916,2038,4912,52.350
42.843282,3916,2038,4914,52.350
42.847708,3917,2038,4918,52.350
42.853446,3916,2036,4921,52.350
42.857820,3916,2036,4922,52.350
42.863498,3915,2037,4924,52.350
42.867950,3915,2037,4926,52.350
42.873633,3914,2038,4928,52.350
42.878087,3913,2038,4929,52.350
42.882578,3913,2038,4931,52.350
42.888282,3911,2038,4928,52.350
42.892644,3909,2037,4925,52.350
42.898347,3908,2037,4921,52.350
42.902797,3906,2036,4920,52.350
42.908489,3906,2037,4921,52.350
42.912912,3905,2037,4921,52.350
42.918665,3904,2037,4923,52.350
42.923065,3904,2037,4923,52.350
42.927488,3904,2037,4922,52.350
42.933249,3905,2039,4920,52.350
42.937598,3906,2043,4920,52.350
42.943317,3905,2047,4922,52.350
42.947786,3903,2051,4926,52.350
42.953461,3900,2055,4927,52.350
42.957854,3898,2059,4929,52.350
42.962339,3895,2062,4931,52.350
42.968021,3895,2064,4933,52.350
42.972455,3896,2063,4935,52.350
42.978114,3897,2060,4936,52.350
42.982558,3895,2059,4933,52.350
42.988264,3894,2056,4933,52.350
42.992716,3892,2054,4932,52.350
42.998450,3891,2052,4933,52.350
43.002840,3892,2050,4936,52.350
43.007038,3892,2047,4939,52.350
43.012978,3894,2047,4937,52.350
43.017436,3897,2047,4934,52.350
43.023048,3900,2046,4930,52.350
43.027488,3904,2046,4927,52.350
43.033257,3907,2046,4923,52.350
43.037477,3908,2045,4919,52.350
43.042041,3908,2044,4916,52.350
43.047804,3908,2047,4913,52.350
43.051975,3907,2049,4913,52.350
43.057886,3908,2049,4916,52.350
43.062363,3908,2049,4918,52.350
43.068083,3906,2048,4920,52.350
43.072475,3904,2045,4923,52.350
43.078216,3905,2043,4920,52.350
43.082729,3905,2042,4920,52.350
43.087086,3904,2042,4916,52.350
43.092800,3906,2041,4911,52.350
43.097181,3907,2041,4907,52.350
43.102882,3907,2042,4902,52.350
43.107059,3909,2044,4900,52.350
43.112982,3911,2046,4899,52.350
43.117427,3912,2048,4898,52.350
43.121871,3914,2049,4902,52.350
43.127576,3916,2048,4905,52.350
43.132032,3917,2047,4905,52.350
43.137685,3917,2046,4905,52.350
43.142157,3916,2044,4908,52.350
43.147826,3915,2043,4910,52.350
43.152272,3913,2043,4913,52.350
43.157982,3914,2042,4917,52.350
43.162411,3913,2042,4920,52.350
43.166977,3913,2042,4923,52.350
43.172535,3913,2042,4927,52.350
43.176999,3911,2042,4929,52.350
43.182614,3909,2043,4929,52.350
43.187099,3908,2042,4924,52.350
43.192802,3907,2039,4925,52.350
43.197263,3908,2037,4924,52.350
43.201680,3910,2034,4925,52.350
43.207462,3912,2033,4927,52.350
43.211781,3913,2035,4926,52.350
43.217474,3914,2036,4921,52.350
43.221926,3915,2037,4917,52.350
43.227604,3915,2038,4913,52.350
43.232029,3915,2038,4912,52.350
43.237762,3915,2037,4911,52.350
43.242245,3915,2036,4909,52.350
43.246574,3916,2036,4906,52.350
43.252111,3916,2036,4906,52.350
43.256767,3916,2035,4906,52.350
43.262414,3916,2035,4911,52.350
43.266863,3916,2035,4915,52.350
43.272557,3915,2036,4918,52.350
43.277017,3916,2037,4920,52.350
43.281473,3918,2038,4924,52.350
43.287146,3919,2038,4927,52.350
43.291632,3920,2038,4929,52.350
43.297284,3922,2039,4932,52.350
43.301711,3922,2040,4931,52.350
43.307397,3920,2041,4929,52.350
43.311809,3918,2042,4926,52.350
43.317535,3914,2043,4923,52.350
43.322036,3911,2044,4922,52.350
43.326106,3909,2042,4923,52.350
43.332100,3909,2039,4922,52.350
43.336506,3907,2037,4923,52.350
43.342206,3907,2036,4921,52.350
43.346646,3905,2037,4918,52.350
43.352354,3904,2040,4917,52.350
43.356776,3904,2041,4915,52.350
43.361272,3904,2041,4911,52.350
43.366897,3905,2041,4906,52.350
43.371303,3906,2041,4903,52.350
43.377033,3907,2041,4900,52.350
43.381471,3907,2043,4900,52.350
43.387161,3908,2044,4899,52.350
43.391683,3908,2044,4899,52.350
43.397340,3908,2044,4897,52.350
43.401769,3908,2043,4895,52.350
43.406188,3908,2041,4894,52.350
43.411902,3908,2041,4894,52.350
43.416349,3909,2041,4896,52.350
43.422054,3908,2041,4898,52.350
43.426447,3908,2042,4899,52.350
43.432127,3908,2044,4901,52.350
43.436608,3908,2045,4903,52.350
43.440992,3910,2045,4906,52.350
43.446715,3914,2044,4910,52.350
43.451126,3918,2044,4913,52.350
43.456798,3921,2045,4914,52.350
43.461303,3922,2046,4915,52.350
43.466935,3922,2047,4914,52.350
43.471402,3920,2049,4912,52.350
43.477087,3918,2050,4913,52.350
43.481536,3915,2051,4914,52.350
43.485926,3913,2051,4917,52.350
43.491685,3911,2052,4922,52.350
43.496114,3911,2051,4923,52.350
43.501799,3908,2050,4925,52.350
43.506239,3906,2050,4927,52.350
43.511942,3906,2050,4931,52.350
43.516436,3908,2049,4933,52.350
43.520736,3911,2049,4933,52.350
43.526449,3914,2049,4930,52.350
43.530902,3917,2049,4925,52.350
43.536608,3920,2050,4921,52.350
43.541083,3921,2049,4920,52.350
43.546802,3921,2047,4922,52.350
43.551147,3919,2045,4924,52.350
43.556640,3917,2044,4926,52.350
43.561298,3914,2043,4925,52.350
43.565705,3911,2044,4924,52.350
43.571440,3910,2044,4923,52.350
43.575875,3910,2043,4922,52.350
43.581572,3910,2045,4922,52.350
43.586011,3912,2044,4923,52.350
43.591696,3915,2044,4925,52.350
43.596119,3917,2042,4931,52.350
43.600548,3919,2039,4936,52.350
43.606298,3920,2038,4940,52.350
43.610741,3920,2037,4943,52.350
43.616362,3922,2037,4947,52.350
43.620848,3924,2037,4947,52.350
43.626492,3924,2037,4944,52.350
43.630948,3926,2037,4944,52.350
43.636643,3926,2036,4939,52.350
43.641064,3926,2037,4938,52.350
43.645513,3926,2038,4938,52.350
43.651262,3925,2040,4937,52.350
43.655673,3925,2044,4936,52.350
43.661342,3926,2047,4934,52.350
43.665781,3925,2049,4934,52.350
43.671498,3924,2048,4934,52.350
43.675890,3922,2046,4935,52.350
43.680390,3921,2044,4938,52.350
43.686046,3919,2043,4938,52.350
43.690504,3917,2041,4936,52.350
43.696175,3915,2041,4935,52.350
43.700632,3913,2043,4931,52.350
43.706291,3912,2045,4927,52.350
43.710733,3910,2046,4925,52.350
43.716438,3910,2046,4924,52.350
43.720893,3910,2045,4924,52.350
43.725306,3911,2044,4927,52.350
43.731032,3911,2044,4931,52.350
43.735440,3911,2044,4931,52.350
43.741089,3910,2044,4930,52.350
43.745537,3910,2043,4930,52.350
43.751018,3910,2041,4930,52.350
43.755689,3910,2039,4931,52.350
43.760099,3908,2038,4936,52.350
43.765809,3907,2038,4937,52.350
43.769931,3907,2039,4940,52.350
43.775937,3908,2040,4941,52.350
43.780445,3909,2041,4942,52.350
43.786028,3911,2043,4942,52.350
43.790484,3913,2044,4943,52.350
43.796252,3911,2047,4942,52.350
43.800681,3911,2050,4941,52.350
43.805096,3910,2049,4937,52.350
43.810822,3908,2050,4932,52.350
43.815208,3906,2048,4927,52.350
43.820928,3904,2047,4922,52.350
43.825359,3902,2047,4916,52.350
43.831067,3900,2046,4914,52.350
43.835507,3900,2046,4915,52.350
43.839856,3900,2046,4915,52.350
43.845588,3899,2046,4917,52.350
43.850050,3900,2047,4918,52.350
43.855736,3898,2047,4918,52.350
43.859871,3897,2048,4917,52.350
43.865847,3895,2050,4918,52.350
43.870271,3896,2051,4917,52.350
43.876006,3897,2053,4915,52.350
43.880476,3899,2053,4913,52.350
43.884946,3900,2054,4913,52.350
43.890599,3901,2056,4914,52.350
43.895037,3901,2058,4917,52.350
43.900692,3901,2060,4920,52.350
43.905156,3903,2061,4920,52.350
43.910865,3905,2062,4919,52.350
43.915167,3907,2062,4920,52.350
43.919699,3910,2061,4924,52.350
43.925435,3911,2059,4928,52.350
43.929820,3912,2056,4932,52.350
43.935501,3913,2054,4932,52.350
43.939996,3913,2052,4932,52.350
43.945628,3913,2052,4931,52.350
43.950067,3914,2052,4929,52.350
43.955783,3914,2053,4929,52.350
43.960278,3914,2054,4927,52.350
43.964672,3913,2054,4925,52.350
43.970422,3913,2052,4923,52.350
43.974822,3912,2052,4921,52.350
43.980440,3910,2051,4919,52.350
43.984918,3909,2051,4917,52.350
43.990642,3909,2051,4916,52.350
43.995056,3909,2051,4916,52.350
43.999458,3909,2050,4918,52.350
44.005305,3906,2049,4920,52.350
44.009325,3903,2049,4921,52.350
44.015265,3899,2047,4921,52.350
44.019460,3896,2046,4923,52.350
44.025478,3895,2046,4927,52.350
44.029858,3896,2044,4929,52.350
44.035377,3897,2044,4932,52.350
44.039998,3899,2044,4933,52.350
44.044439,3902,2044,4932,52.350
44.050157,3904,2046,4928,52.350
44.054575,3905,2046,4925,52.350
44.060239,3906,2047,4922,52.350
44.064719,3905,2049,4920,52.350
44.070419,3904,2049,4919,52.350
44.074808,3903,2051,4918,52.350
44.079273,3901,2053,4917,52.350
44.085028,3899,2055,4916,52.350
44.089421,3899,2056,4918,52.350
44.095100,3899,2057,4920,52.350
44.099540,3901,2058,4923,52.350
44.105240,3904,2059,4924,52.350
44.109693,3906,2058,4924,52.350
44.115174,3907,2059,4923,52.350
44.119782,3908,2060,4920,52.350
44.124208,3908,2061,4918,52.350
44.129741,3906,2062,4917,52.350
44.134357,3904,2062,4917,52.350
44.140043,3903,2060,4918,52.350
44.144403,3901,2058,4916,52.350
44.150191,3899,2056,4915,52.350
44.154605,3898,2054,4913,52.350
44.159020,3898,2053,4906,52.350
44.164546,3899,2052,4901,52.350
44.169030,3901,2052,4899,52.350
44.174856,3905,2051,4899,52.350
44.179337,3906,2051,4903,52.350
44.184947,3907,2049,4907,52.350
44.189436,3907,2048,4909,52.350
44.195175,3907,2047,4909,52.350
44.199579,3907,2045,4908,52.350
44.204039,3907,2044,4907,52.350
44.209777,3907,2045,4904,52.350
44.214137,3907,2046,4903,52.350
44.219824,3906,2048,4900,52.350
44.224288,3904,2047,4899,52.350
44.229956,3904,2045,4899,52.350
44.234421,3904,2044,4901,52.350
44.238847,3904,2043,4906,52.350
44.244318,3904,2044,4911,52.350
44.248960,3903,2046,4916,52.350
44.254669,3903,2047,4925,52.350
44.259132,3903,2048,4933,52.350
44.264778,3903,2049,4941,52.350
44.269264,3903,2049,4946,52.350
44.274944,3904,2050,4946,52.350
44.279378,3906,2049,4941,52.350
44.283814,3909,2047,4936,52.350
44.289552,3911,2046,4934,52.350
44.293967,3911,2044,4933,52.350
44.299689,3909,2044,4930,52.350
44.304057,3907,2043,4928,52.350
44.309805,3907,2043,4925,52.350
44.314195,3906,2045,4922,52.350
44.318604,3906,2047,4921,52.350
44.324417,3909,2050,4920,52.350
44.328537,3911,2053,4920,52.350
44.334447,3915,2054,4919,52.350
44.338669,3918,2055,4916,52.350
44.344599,3922,2055,4911,52.350
44.349013,3923,2055,4908,52.350
44.354719,3924,2055,4905,52.350
44.359171,3926,2054,4903,52.350
44.363615,3926,2055,4905,52.350
44.369351,3928,2056,4905,52.350
44.373756,3928,2055,4907,52.350
44.379436,3927,2056,4907,52.350
44.383879,3927,2056,4906,52.350
44.389549,3926,2057,4906,52.350
44.394032,3925,2056,4909,52.350
44.398440,3925,2056,4911,52.350
44.404171,3925,2056,4915,52.350
44.408591,3925,2054,4915,52.350
44.414234,3925,2053,4915,52.350
44.418693,3925,2052,4915,52.350
44.424395,3924,2051,4914,52.350
44.428801,3924,2050,4911,52.350
44.434542,3922,2050,4910,52.350
44.438977,3919,2051,4907,52.350
44.443526,3916,2052,4903,52.350
44.449145,3913,2052,4901,52.350
44.453540,3910,2052,4899,52.350
44.459197,3908,2052,4896,52.350
44.463659,3908,2050,4895,52.350
44.469342,3910,2048,4897,52.350
44.473808,3911,2047,4899,52.350
44.478247,3910,2048,4902,52.350
44.483998,3909,2049,4904,52.350
44.488386,3907,2049,4906,52.350
44.494062,3906,2051,4907,52.350
44.498530,3905,2052,4911,52.350
44.504233,3905,2051,4913,52.350
44.508633,3906,2050,4915,52.350
44.514342,3907,2048,4916,52.350
44.518510,3909,2046,4918,52.350
44.523329,3910,2044,4918,52.350
44.528919,3911,2044,4918,52.350
44.533335,3911,2045,4917,52.350
44.539036,3910,2045,4920,52.350
44.543438,3910,2045,4921,52.350
44.548937,3910,2046,4923,52.350
44.553328,3909,2047,4925,52.350
44.557750,3910,2049,4923,52.350
44.563465,3911,2051,4923,52.350
44.567942,3911,2052,4923,52.350
44.573549,3911,2053,4918,52.350
44.578034,3910,2054,4918,52.350
44.583970,3908,2057,4916,52.350
44.588418,3907,2059,4914,52.350
44.594148,3906,2060,4915,52.350
44.598584,3907,2061,4913,52.350
44.602978,3908,2061,4913,52.350
44.608697,3910,2059,4913,52.350
44.613169,3911,2059,4912,52.350
44.618811,3913,2059,4911,52.350
44.623286,3914,2059,4909,52.350
44.628778,3915,2058,4909,52.350
44.633366,3917,2058,4910,52.350
44.637792,3919,2055,4912,52.350
44.643528,3921,2052,4911,52.350
44.647957,3923,2049,4908,52.350
44.653591,3925,2046,4905,52.350
44.658115,3925,2044,4905,52.350
44.663779,3923,2043,4906,52.350
44.668294,3920,2044,4912,52.350
44.673907,3916,2045,4917,52.350
44.678386,3913,2043,4921,52.350
44.682803,3913,2044,4924,52.350
44.688561,3913,2044,4923,52.350
44.692978,3912,2044,4920,52.350
44.698643,3911,2046,4916,52.350
44.703117,3910,2046,4911,52.350
44.708783,3909,2045,4909,52.350
44.713172,3908,2045,4908,52.350
44.717595,3909,2044,4905,52.350
44.723329,3908,2044,4903,52.350
44.727769,3908,2047,4902,52.350
44.733439,3907,2048,4901,52.350
44.737886,3908,2050,4900,52.350
44.743585,3909,2051,4900,52.350
44.747990,3911,2051,4902,52.350
44.753480,3911,2051,4901,52.350
44.758140,3912,2051,4903,52.350
44.762544,3912,2053,4904,52.350
44.768359,3912,2055,4904,52.350
44.772433,3913,2056,4908,52.350
44.778436,3915,2056,4912,52.350
44.782821,3917,2057,4916,52.350
44.788523,3919,2057,4921,52.350
44.792974,3920,2056,4923,52.350
44.797388,3919,2056,4926,52.350
44.803267,3918,2054,4926,52.350
44.807541,3917,2053,4926,52.350
44.813224,3916,2052,4928,52.350
44.817699,3914,2051,4930,52.350
44.823344,3912,2050,4931,52.350
44.827794,3912,2048,4936,52.350
44.833483,3911,2048,4939,52.350
44.837942,3910,2050,4940,52.350
44.842366,3909,2051,4941,52.350
44.848096,3909,2053,4937,52.350
44.852504,3909,2053,4935,52.350
44.858213,3909,2053,4934,52.350
44.862642,3911,2054,4934,52.350
44.868314,3910,2057,4932,52.350
44.872784,3911,2059,4931,52.350
44.877203,3911,2061,4929,52.350
44.882640,3911,2062,4928,52.350
44.887304,3912,2061,4929,52.350
44.893003,3912,2060,4928,52.350
44.897513,3912,2058,4928,52.350
44.903177,3911,2059,4925,52.350
44.907615,3910,2059,4922,52.350
44.913212,3909,2060,4922,52.350
44.917730,3907,2060,4924,52.350
44.922123,3908,2060,4926,52.350
44.927862,3908,2059,4925,52.350
44.932305,3908,2058,4926,52.350
44.937963,3909,2056,4925,52.350
44.942429,3908,2054,4925,52.350
44.948103,3909,2052,4925,52.350
44.952547,3910,2051,4924,52.350
44.956945,3911,2050,4923,52.350
44.962719,3913,2049,4923,52.350
44.967098,3914,2048,4922,52.350
44.972761,3914,2048,4921,52.350
44.977344,3914,2048,4921,52.350
44.982990,3914,2048,4922,52.350
44.987323,3914,2048,4922,52.350
44.993093,3915,2049,4924,52.350
44.997568,3915,2050,4924,52.350
45.001984,3916,2050,4924,52.350
45.007435,3915,2049,4922,52.350
45.012083,3914,2049,4918,52.350
45.017777,3912,2049,4914,52.350
45.022053,3909,2050,4912,52.350
45.027892,3907,2051,4912,52.350
45.032349,3904,2051,4909,52.350
45.036509,3900,2052,4907,52.350
45.042485,3899,2052,4906,52.350
45.046899,3898,2051,4905,52.350
45.052615,3899,2050,4904,52.350
45.057048,3901,2047,4907,52.350
45.062744,3903,2045,4907,52.350
45.067159,3905,2043,4908,52.350
45.072867,3906,2041,4909,52.350
45.077361,3907,2042,4908,52.350
45.081743,3907,2044,4907,52.350
45.087522,3906,2046,4908,52.350
45.091895,3907,2048,4907,52.350
45.097622,3907,2048,4910,52.350
45.101969,3908,2046,4912,52.350
45.107752,3910,2043,4914,52.350
45.112142,3911,2042,4915,52.350
45.116542,3912,2040,4914,52.350
45.122297,3913,2039,4911,52.350
45.126716,3914,2037,4910,52.350
45.132134,3916,2037,4907,52.350
45.136843,3915,2040,4907,52.350
45.142544,3914,2043,4907,52.350
45.146985,3914,2048,4903,52.350
45.152678,3913,2051,4899,52.350
45.157104,3912,2054,4897,52.350
45.161572,3913,2055,4897,52.350
45.167433,3912,2054,4898,52.350
45.171747,3910,2053,4901,52.350
45.177368,3907,2052,4904,52.350
45.181844,3907,2049,4907,52.350
45.187499,3907,2046,4911,52.350
45.191952,3908,2043,4918,52.350
45.196415,3909,2042,4923,52.350
45.202092,3910,2043,4925,52.350
45.206552,3910,2045,4927,52.350
45.212250,3911,2047,4929,52.350
45.216650,3912,2048,4930,52.350
45.222328,3912,2051,4930,52.350
45.226756,3914,2054,4929,52.350
45.232463,3914,2056,4929,52.350
45.236890,3915,2057,4927,52.350
45.241338,3915,2057,4924,52.350
45.247024,3914,2055,4922,52.350
45.251243,3913,2053,4916,52.350
45.257145,3911,2052,4915,52.350
45.261588,3910,2051,4915,52.350
45.267292,3908,2049,4914,52.350
45.271697,3907,2047,4915,52.350
45.276178,3906,2047,4913,52.350
45.281890,3906,2046,4911,52.350
45.286304,3908,2046,4909,52.350
45.291956,3908,2046,4909,52.350
45.296439,3909,2046,4910,52.350
45.302107,3910,2047,4911,52.350
45.306529,3911,2047,4910,52.350
45.312264,3912,2047,4910,52.350
45.316681,3914,2047,4912,52.350
45.321110,3916,2047,4914,52.350
45.326832,3917,2045,4918,52.350
45.331295,3917,2045,4919,52.350
45.336943,3917,2043,4919,52.350
45.341389,3916,2042,4921,52.350
45.347046,3916,2042,4921,52.350
45.351503,3915,2042,4922,52.350
45.355922,3916,2043,4927,52.350
45.361626,3917,2044,4926,52.350
45.366078,3920,2045,4926,52.350
45.371745,3922,2047,4925,52.350
45.376256,3925,2049,4924,52.350
45.381846,3927,2050,4923,52.350
45.386312,3926,2051,4921,52.350
45.392054,3926,2053,4916,52.350
45.396474,3925,2054,4912,52.350
45.400893,3924,2055,4908,52.350
45.406656,3923,2055,4908,52.350
45.411030,3921,2054,4908,52.350
45.416703,3918,2051,4910,52.350
45.421162,3916,2051,4913,52.350
45.426852,3914,2049,4917,52.350
45.431262,3914,2049,4921,52.350
45.435693,3914,2049,4925,52.350
45.441444,3915,2050,4927,52.350
45.445863,3914,2051,4926,52.350
45.451556,3914,2052,4925,52.350
45.456003,3914,2051,4925,52.350
45.461676,3913,2049,4924,52.350
45.466139,3912,2047,4921,52.350
45.471826,3911,2047,4917,52.350
45.476333,3910,2047,4913,52.350
45.480680,3911,2049,4911,52.350
45.486417,3911,2049,4911,52.350
45.490834,3912,2048,4913,52.350
45.496532,3914,2047,4918,52.350
45.500955,3915,2045,4922,52.350
45.506679,3914,2043,4926,52.350
45.511092,3913,2042,4930,52.350
45.515461,3911,2040,4933,52.350
45.521261,3908,2038,4937,52.350
45.525679,3908,2037,4935,52.350
45.531323,3907,2034,4935,52.350
45.535763,3906,2034,4933,52.350
45.541448,3906,2035,4928,52.350
45.545913,3906,2037,4925,52.350
45.551596,3906,2041,4919,52.350
45.556070,3906,2044,4917,52.350
45.560419,3906,2046,4914,52.350
45.566188,3907,2047,4911,52.350
45.570709,3908,2045,4911,52.350
45.576360,3907,2045,4910,52.350
45.580779,3907,2043,4909,52.350
45.586448,3906,2044,4909,52.350
45.590866,3906,2046,4912,52.350
45.595315,3907,2048,4917,52.350
45.601047,3907,2050,4922,52.350
45.605430,3910,2050,4929,52.350
45.611086,3910,2050,4930,52.350
45.615590,3911,2050,4927,52.350
45.621239,3912,2049,4926,52.350
45.625708,3912,2048,4925,52.350
45.631421,3914,2048,4925,52.350
45.635827,3915,2049,4925,52.350
45.640220,3917,2047,4928,52.350
45.645982,3918,2047,4929,52.350
45.650412,3919,2046,4929,52.350
45.656082,3919,2044,4929,52.350
45.660549,3919,2045,4927,52.350
45.666214,3918,2045,4924,52.350
45.670672,3917,2044,4923,52.350
45.675073,3915,2044,4923,52.350
45.680787,3914,2045,4925,52.350
45.685198,3911,2044,4927,52.350
45.690891,3909,2046,4928,52.350
45.695360,3909,2046,4929,52.350
45.701034,3910,2044,4930,52.350
45.705477,3910,2042,4931,52.350
45.711277,3911,2040,4932,52.350
45.715597,3912,2038,4935,52.350
45.720055,3913,2037,4934,52.350
45.725766,3914,2037,4933,52.350
45.729963,3913,2039,4932,52.350
45.735859,3913,2040,4929,52.350
45.740314,3912,2042,4925,52.350
45.745974,3912,2044,4921,52.350
45.750443,3912,2045,4918,52.350
45.754571,3910,2045,4913,52.350
45.760607,3910,2046,4911,52.350
45.764739,3910,2047,4913,52.350
45.770409,3908,2048,4915,52.350
45.775199,3909,2049,4916,52.350
45.780848,3908,2050,4916,52.350
45.785120,3907,2051,4913,52.350
45.790973,3905,2051,4908,52.350
45.795383,3903,2052,4904,52.350
45.799867,3903,2052,4898,52.350
45.805554,3903,2054,4897,52.350
45.809992,3905,2055,4896,52.350
45.815687,3907,2055,4896,52.350
45.820096,3908,2054,4898,52.350
45.825808,3910,2054,4900,52.350
45.830270,3910,2052,4902,52.350
45.834668,3911,2050,4905,52.350
45.840373,3912,2048,4908,52.350
45.844784,3913,2047,4909,52.350
45.850471,3913,2046,4910,52.350
45.854948,3912,2048,4910,52.350
45.860629,3911,2049,4910,52.350
45.865099,3910,2049,4910,52.350
45.870757,3908,2049,4912,52.350
45.875295,3908,2048,4917,52.350
45.879639,3907,2047,4920,52.350
45.885397,3907,2048,4922,52.350
45.889758,3906,2049,4923,52.350
45.895443,3908,2049,4923,52.350
45.899913,3908,2051,4920,52.350
45.905592,3908,2052,4919,52.350
45.910035,3909,2052,4921,52.350
45.914468,3908,2051,4922,52.350
45.920187,3906,2051,4922,52.350
45.924591,3904,2051,4921,52.350
45.930267,3903,2052,4920,52.350
45.934747,3903,2053,4917,52.350
45.940392,3905,2052,4915,52.350
45.944860,3908,2050,4913,52.350
45.950553,3913,2049,4913,52.350
45.955030,3917,2048,4913,52.350
45.959406,3918,2047,4915,52.350
45.965227,3920,2045,4915,52.350
45.969551,3920,2044,4917,52.350
45.975239,3921,2043,4918,52.350
45.979698,3921,2044,4917,52.350
45.985424,3920,2045,4914,52.350
45.989808,3918,2047,4910,52.350
45.994007,3916,2050,4907,52.350
45.999706,3915,2052,4904,52.350
46.004089,3915,2054,4905,52.350
46.009788,3917,2053,4908,52.350
46.014252,3919,2052,4914,52.350
46.019999,3920,2050,4918,52.350
46.024350,3921,2048,4921,52.350
46.030072,3922,2047,4922,52.350
46.034538,3922,2045,4921,52.350
46.038915,3924,2043,4920,52.350
46.045008,3926,2042,4917,52.350
46.049353,3929,2042,4914,52.350
46.055034,3932,2045,4913,52.350
46.059530,3933,2046,4909,52.350
46.065207,3935,2047,4910,52.350
46.069628,3935,2047,4910,52.350
46.074026,3935,2046,4910,52.350
46.079825,3934,2047,4912,52.350
46.084244,3932,2049,4915,52.350
46.089826,3930,2050,4917,52.350
46.094304,3927,2049,4917,52.350
46.100044,3924,2046,4921,52.350
46.104408,3922,2043,4922,52.350
46.110243,3921,2041,4925,52.350
46.114587,3921,2042,4927,52.350
46.118977,3920,2043,4927,52.350
46.124700,3919,2045,4926,52.350
46.129129,3919,2047,4925,52.350
46.134806,3918,2048,4925,52.350
46.139295,3918,2048,4927,52.350
46.144970,3918,2047,4928,52.350
46.149333,3917,2046,4928,52.350
46.153831,3915,2045,4928,52.350
46.159539,3912,2045,4926,52.350
46.163959,3910,2047,4926,52.350
46.169465,3910,2050,4926,52.350
46.173784,3910,2052,4924,52.350
46.179790,3911,2052,4923,52.350
46.184270,3911,2053,4922,52.350
46.189908,3911,2052,4924,52.350
46.194274,3910,2050,4926,52.350
46.198793,3910,2049,4928,52.350
46.204532,3911,2049,4928,52.350
46.208968,3912,2048,4926,52.350
46.214623,3912,2048,4921,52.350
46.219072,3912,2048,4919,52.350
46.224718,3911,2046,4919,52.350
46.229182,3908,2044,4920,52.350
46.233593,3906,2044,4920,52.350
46.239322,3905,2044,4917,52.350
46.243760,3905,2046,4915,52.350
46.249412,3907,2047,4912,52.350
46.253881,3910,2048,4910,52.350
46.259573,3913,2047,4908,52.350
46.264054,3916,2047,4907,52.350
46.269732,3919,2048,4905,52.350
46.274170,3919,2050,4906,52.350
46.278588,3920,2052,4910,52.350
46.284325,3920,2052,4913,52.350
46.288719,3920,2051,4917,52.350
46.294432,3921,2049,4919,52.350
46.298854,3921,2047,4916,52.350
46.304557,3922,2046,4916,52.350
46.308994,3923,2046,4918,52.350
46.313412,3924,2048,4921,52.350
46.319133,3925,2051,4923,52.350
46.323546,3926,2053,4925,52.350
46.329213,3927,2055,4927,52.350
46.333692,3927,2057,4927,52.350
46.339369,3928,2057,4928,52.350
46.343816,3927,2056,4930,52.350
46.349277,3925,2055,4928,52.350
46.353844,3923,2055,4926,52.350
46.358350,3922,2053,4926,52.350
46.364126,3919,2053,4926,52.350
46.368489,3918,2053,4929,52.350
46.374247,3916,2052,4930,52.350
46.378664,3914,2053,4930,52.350
46.384378,3913,2054,4928,52.350
46.388817,3911,2054,4926,52.350
46.393185,3909,2056,4926,52.350
46.398909,3907,2056,4926,52.350
46.403330,3906,2057,4927,52.350
46.409016,3905,2057,4931,52.350
46.413459,3904,2059,4935,52.350
46.419143,3904,2059,4936,52.350
46.423579,3906,2060,4935,52.350
46.429292,3905,2060,4930,52.350
46.433757,3906,2058,4926,52.350
46.438205,3908,2057,4920,52.350
46.443885,3910,2056,4918,52.350
46.448124,3911,2055,4914,52.350
46.453948,3913,2055,4911,52.350
46.458462,3914,2054,4911,52.350
46.464099,3914,2053,4907,52.350
46.468580,3914,2053,4904,52.350
46.473036,3912,2053,4900,52.350
46.478744,3910,2051,4897,52.350
46.483163,3908,2050,4899,52.350
46.488850,3906,2049,4899,52.350
46.493307,3907,2047,4904,52.350
46.498931,3909,2047,4909,52.350
46.503383,3911,2047,4909,52.350
46.509146,3914,2046,4914,52.350
46.513529,3916,2045,4916,52.350
46.517940,3918,2044,4916,52.350
46.523563,3919,2045,4916,52.350
46.528064,3921,2046,4916,52.350
46.533781,3919,2048,4917,52.350
46.538211,3917,2049,4917,52.350
46.543936,3915,2050,4918,52.350
46.548366,3914,2049,4920,52.350
46.552768,3913,2049,4919,52.350
46.558573,3913,2050,4918,52.350
46.562905,3913,2051,4918,52.350
46.568621,3913,2052,4918,52.350
46.573070,3911,2052,4922,52.350
46.578597,3911,2050,4923,52.350
46.583194,3911,2051,4924,52.350
46.588870,3911,2053,4924,52.350
46.593350,3912,2055,4921,52.350
46.597746,3912,2057,4916,52.350
46.603176,3913,2058,4910,52.350
46.607943,3914,2059,4908,52.350
46.613549,3915,2059,4910,52.350
46.618067,3917,2058,4916,52.350
46.623731,3917,2056,4925,52.350
46.628188,3919,2055,4933,52.350
46.632551,3920,2053,4939,52.350
46.638267,3919,2051,4941,52.350
46.642696,3920,2050,4941,52.350
46.648393,3921,2050,4940,52.350
46.652892,3922,2050,4939,52.350
46.658518,3922,2049,4937,52.350
46.662989,3923,2048,4938,52.350
46.668678,3922,2047,4935,52.350
46.673113,3921,2045,4931,52.350
46.677517,3920,2044,4929,52.350
46.683283,3920,2043,4925,52.350
46.687690,3922,2044,4922,52.350
46.693398,3923,2047,4918,52.350
46.697774,3924,2048,4912,52.350
46.703532,3924,2048,4908,52.350
46.707915,3923,2048,4907,52.350
46.712356,3920,2048,4906,52.350
46.717866,3919,2048,4910,52.350
46.722195,3918,2049,4912,52.350
46.727960,3919,2047,4911,52.350
46.732328,3920,2046,4913,52.350
46.738291,3922,2045,4916,52.350
46.742728,3923,2045,4920,52.350
46.748308,3925,2045,4925,52.350
46.752709,3925,2047,4928,52.350
46.757290,3925,2048,4930,52.350
46.763097,3926,2049,4932,52.350
46.767499,3926,2050,4934,52.350
46.773120,3927,2050,4934,52.350
46.777622,3927,2051,4933,52.350
46.783293,3928,2051,4930,52.350
46.787731,3928,2050,4929,52.350
46.792135,3930,2051,4928,52.350
46.797825,3932,2047,4931,52.350
46.802301,3931,2043,4934,52.350
46.807972,3931,2040,4936,52.350
46.812402,3928,2037,4936,52.350
46.818116,3926,2037,4938,52.350
46.822556,3926,2038,4939,52.350
46.828293,3927,2037,4940,52.350
46.832672,3927,2036,4941,52.350
46.837104,3927,2034,4939,52.350
46.842807,3926,2033,4938,52.350
46.847250,3925,2034,4937,52.350
46.852909,3923,2037,4932,52.350
46.857385,3922,2039,4929,52.350
46.863127,3922,2043,4928,52.350
46.867518,3923,2045,4929,52.350
46.871897,3924,2046,4929,52.350
46.877675,3926,2047,4929,52.350
46.882092,3926,2045,4928,52.350
46.887775,3925,2042,4928,52.350
46.892206,3924,2040,4930,52.350
46.897864,3923,2039,4932,52.350
46.902291,3923,2041,4934,52.350
46.908104,3923,2044,4933,52.350
46.912500,3922,2045,4933,52.350
46.916852,3921,2046,4930,52.350
46.922602,3919,2045,4928,52.350
46.927027,3918,2045,4928,52.350
46.932729,3919,2044,4929,52.350
46.937161,3921,2045,4930,52.350
46.942855,3924,2045,4930,52.350
46.947273,3925,2045,4931,52.350
46.951707,3926,2046,4932,52.350
46.957428,3925,2047,4934,52.350
46.961872,3924,2049,4934,52.350
46.967523,3924,2051,4935,52.350
46.971964,3923,2053,4935,52.350
46.977687,3924,2053,4936,52.350
46.982149,3924,2052,4937,52.350
46.987724,3923,2052,4937,52.350
46.992260,3922,2049,4937,52.350
46.996708,3921,2047,4935,52.350
47.002413,3920,2046,4933,52.350
47.006546,3919,2046,4931,52.350
47.012193,3918,2049,4930,52.350
47.016623,3917,2051,4930,52.350
47.022375,3916,2052,4928,52.350
47.026743,3916,2054,4928,52.350
47.031146,3915,2055,4925,52.350
47.037005,3915,2054,4924,52.350
47.041378,3916,2054,4923,52.350
47.047288,3916,2055,4922,52.350
47.051881,3918,2056,4922,52.350
47.057427,3918,2058,4918,52.350
47.061885,3919,2058,4916,52.350
47.067601,3918,2058,4916,52.350
47.071818,3918,2058,4916,52.350
47.076500,3918,2058,4918,52.350
47.082196,3918,2057,4921,52.350
47.086569,3917,2055,4923,52.350
47.092293,3917,2053,4924,52.350
47.096710,3915,2053,4924,52.350
47.102461,3914,2053,4925,52.350
47.106840,3912,2055,4926,52.350
47.111311,3911,2057,4927,52.350
47.116999,3909,2057,4927,52.350
47.121435,3909,2057,4927,52.350
47.127089,3910,2058,4926,52.350
47.131543,3912,2058,4925,52.350
47.137226,3913,2059,4924,52.350
47.141642,3914,2060,4924,52.350
47.147365,3914,2060,4926,52.350
47.151846,3915,2060,4926,52.350
47.156278,3916,2059,4927,52.350
47.161932,3917,2058,4928,52.350
47.166406,3920,2056,4929,52.350
47.172036,3923,2053,4930,52.350
47.176515,3925,2050,4932,52.350
47.182264,3927,2046,4936,52.350
47.186664,3926,2043,4935,52.350
47.191053,3925,2041,4933,52.350
47.196766,3923,2040,4931,52.350
47.201179,3920,2039,4931,52.350
47.206855,3918,2039,4933,52.350
47.211350,3916,2041,4936,52.350
47.217004,3915,2043,4940,52.350
47.221427,3913,2044,4941,52.350
47.227233,3912,2046,4941,52.350
47.231598,3909,2048,4937,52.350
47.236061,3908,2047,4938,52.350
47.241770,3908,2046,4938,52.350
47.246156,3908,2045,4937,52.350
47.251557,3910,2043,4936,52.350
47.256322,3913,2043,4933,52.350
47.261974,3915,2044,4932,52.350
47.266439,3917,2045,4932,52.350
47.270780,3918,2047,4932,52.350
47.276572,3920,2048,4931,52.350
47.280999,3922,2048,4931,52.350
47.286661,3923,2048,4930,52.350
47.291132,3924,2047,4929,52.350
47.296808,3925,2045,4926,52.350
47.301273,3924,2043,4923,52.350
47.306935,3923,2041,4921,52.350
47.311357,3921,2040,4919,52.350
47.315769,3921,2039,4917,52.350
47.321499,3921,2037,4917,52.350
47.325940,3921,2037,4917,52.350
47.331618,3923,2036,4917,52.350
47.336027,3922,2035,4921,52.350
47.341727,3922,2035,4923,52.350
47.346221,3920,2037,4921,52.350
47.350610,3919,2041,4921,52.350
47.356372,3918,2044,4918,52.350
47.360769,3918,2044,4915,52.350
47.366405,3919,2043,4915,52.350
47.370601,3921,2042,4915,52.350
47.376549,3923,2041,4915,52.350
47.381044,3924,2043,4915,52.350
47.386775,3925,2044,4913,52.350
47.391145,3925,2044,4911,52.350
47.395539,3924,2043,4909,52.350
47.401251,3922,2042,4908,52.350
47.405697,3921,2041,4909,52.350
47.411388,3919,2043,4906,52.350
47.415853,3917,2045,4904,52.350
47.421522,3916,2046,4901,52.350
47.425935,3915,2045,4897,52.350
47.430349,3913,2044,4895,52.350
47.436119,3912,2041,4895,52.350
47.440549,3912,2039,4897,52.350
47.446230,3912,2040,4897,52.350
47.450635,3913,2041,4900,52.350
47.456356,3916,2044,4902,52.350
47.460786,3918,2045,4906,52.350
47.466513,3920,2045,4910,52.350
47.470821,3921,2047,4913,52.350
47.475354,3920,2047,4915,52.350
47.481071,3920,2048,4918,52.350
47.485503,3919,2048,4919,52.350
47.491270,3918,2048,4919,52.350
47.495597,3915,2050,4921,52.350
47.501291,3914,2050,4921,52.350
47.505763,3912,2050,4922,52.350
47.510158,3911,2049,4925,52.350
47.515885,3910,2049,4927,52.350
47.520371,3909,2050,4930,52.350
47.526016,3910,2052,4931,52.350
47.530176,3912,2054,4929,52.350
47.535852,3914,2055,4926,52.350
47.540578,3916,2057,4923,52.350
47.546060,3917,2056,4920,52.350
47.550659,3917,2055,4919,52.350
47.554853,3917,2055,4918,52.350
47.560566,3916,2055,4917,52.350
47.565308,3916,2055,4918,52.350
47.570898,3913,2055,4921,52.350
47.575439,3911,2056,4924,52.350
47.581104,3910,2057,4927,52.350
47.585533,3910,2055,4928,52.350
47.589939,3910,2054,4926,52.350
47.595689,3912,2053,4926,52.350
47.600164,3913,2051,4925,52.350
47.605771,3914,2049,4928,52.350
47.610231,3914,2047,4933,52.350
47.615881,3913,2045,4938,52.350
47.620324,3912,2043,4943,52.350
47.626091,3912,2041,4948,52.350
47.630456,3912,2041,4947,52.350
47.634903,3912,2041,4944,52.350
47.640622,3913,2041,4942,52.350
47.645072,3912,2041,4942,52.350
47.650721,3912,2041,4942,52.350
47.654887,3912,2041,4942,52.350
47.660858,3913,2042,4944,52.350
47.665310,3914,2043,4942,52.350
47.669740,3915,2043,4940,52.350
47.675495,3916,2044,4938,52.350
47.679843,3918,2044,4937,52.350
47.685604,3918,2045,4936,52.350
47.690023,3918,2047,4929,52.350
47.695705,3917,2048,4927,52.350
47.700121,3918,2049,4924,52.350
47.705844,3919,2049,4919,52.350
47.710268,3921,2050,4924,52.350
47.714725,3922,2051,4925,52.350
47.720437,3921,2052,4925,52.350
47.724817,3921,2053,4926,52.350
47.730509,3919,2054,4925,52.350
47.734968,3918,2054,4919,52.350
47.740643,3917,2055,4917,52.350
47.745122,3917,2056,4916,52.350
47.749344,3916,2057,4914,52.350
47.755255,3915,2056,4913,52.350
47.759719,3916,2056,4915,52.350
47.765166,3916,2058,4916,52.350
47.769612,3917,2058,4919,52.350
47.775510,3918,2059,4920,52.350
47.779915,3917,2060,4919,52.350
47.785437,3915,2059,4920,52.350
47.790093,3914,2058,4921,52.350
47.794456,3913,2056,4923,52.350
47.800149,3912,2054,4926,52.350
47.804597,3912,2051,4928,52.350
47.810289,3913,2048,4927,52.350
47.814748,3914,2047,4924,52.350
47.820416,3916,2046,4923,52.350
47.824878,3918,2046,4922,52.350
47.829303,3921,2047,4920,52.350
47.835039,3923,2047,4919,52.350
47.839436,3925,2047,4920,52.350
47.845131,3926,2046,4917,52.350
47.849606,3926,2045,4915,52.350
47.855118,3926,2044,4915,52.350
47.859729,3926,2044,4914,52.350
47.865410,3927,2043,4913,52.350
47.869940,3927,2044,4914,52.350
47.874311,3926,2045,4913,52.350
47.880028,3926,2046,4911,52.350
47.884385,3926,2045,4913,52.350
47.890080,3925,2044,4915,52.350
47.894557,3926,2042,4919,52.350
47.900305,3927,2041,4920,52.350
47.904652,3928,2039,4921,52.350
47.909074,3928,2039,4919,52.350
47.914845,3927,2040,4920,52.350
47.919226,3928,2042,4921,52.350
47.924934,3926,2044,4921,52.350
47.929361,3927,2044,4926,52.350
47.935045,3926,2043,4927,52.350
47.939483,3926,2043,4929,52.350
47.945210,3924,2042,4933,52.350
47.949624,3922,2043,4934,52.350
47.954092,3919,2044,4936,52.350
47.959788,3916,2044,4936,52.350
47.964215,3914,2045,4935,52.350
47.969931,3911,2044,4933,52.350
47.974318,3909,2043,4932,52.350
47.980048,3910,2043,4929,52.350
47.984453,3911,2044,4928,52.350
47.988876,3912,2045,4927,52.350
47.994590,3912,2046,4927,52.350
47.999031,3910,2046,4928,52.350
48.004737,3909,2046,4928,52.350
48.008874,3908,2046,4926,52.350
48.014812,3906,2046,4925,52.350
48.019183,3906,2046,4922,52.350
48.024990,3906,2045,4921,52.350
48.029408,3906,2046,4921,52.350
48.033841,3907,2047,4921,52.350
48.039557,3909,2048,4922,52.350
48.043998,3911,2049,4922,52.350
48.049653,3914,2050,4923,52.350
48.054161,3915,2050,4922,52.350
48.059810,3916,2050,4923,52.350
48.064306,3916,2049,4925,52.350
48.068718,3916,2048,4926,52.350
48.074428,3915,2048,4927,52.350
48.078859,3915,2048,4927,52.350
48.084477,3914,2048,4928,52.350
48.088957,3914,2047,4926,52.350
48.094684,3915,2047,4927,52.350
48.099068,3916,2046,4927,52.350
48.104787,3917,2045,4926,52.350
48.109199,3918,2045,4925,52.350
48.113630,3917,2045,4924,52.350
48.119373,3917,2044,4926,52.350
48.123765,3917,2043,4928,52.350
48.129447,3918,2044,4930,52.350
48.133900,3921,2044,4934,52.350
48.139605,3925,2045,4932,52.350
48.144062,3927,2046,4931,52.350
48.148487,3928,2047,4928,52.350
48.154206,3927,2047,4923,52.350
48.158644,3926,2048,4919,52.350
48.164113,3925,2049,4919,52.350
48.168798,3925,2052,4919,52.350
48.174424,3925,2053,4920,52.350
48.178893,3926,2054,4920,52.350
48.184360,3926,2053,4922,52.350
48.189027,3925,2049,4924,52.350
48.193436,3923,2047,4929,52.350
48.199149,3921,2046,4931,52.350
48.203548,3919,2044,4931,52.350
48.209347,3918,2043,4927,52.350
48.213735,3919,2043,4924,52.350
48.219393,3920,2042,4924,52.350
48.223833,3920,2044,4922,52.350
48.228384,3920,2044,4924,52.350
48.233964,3920,2044,4925,52.350
48.238382,3919,2044,4924,52.350
48.244063,3918,2043,4923,52.350
48.248261,3915,2043,4923,52.350
48.254202,3914,2043,4923,52.350
48.258687,3915,2044,4925,52.350
48.264382,3915,2046,4926,52.350
48.268835,3917,2047,4929,52.350
48.273239,3920,2049,4932,52.350
48.278961,3920,2049,4934,52.350
48.283359,3921,2046,4939,52.350
48.289065,3921,2044,4942,52.350
48.293530,3920,2042,4941,52.350
48.299248,3918,2041,4942,52.350
48.303627,3919,2043,4942,52.350
48.308027,3920,2044,4941,52.350
48.313764,3920,2045,4943,52.350
48.318208,3920,2045,4942,52.350
48.323865,3919,2044,4943,52.350
48.328363,3917,2044,4946,52.350
48.334012,3915,2044,4947,52.350
48.338463,3915,2044,4948,52.350
48.344210,3914,2044,4947,52.350
48.348393,3913,2043,4943,52.350
48.352745,3911,2043,4935,52.350
48.358724,3911,2043,4928,52.350
48.363180,3911,2044,4926,52.350
48.368815,3909,2044,4924,52.350
48.373290,3910,2044,4926,52.350
48.378999,3910,2043,4927,52.350
48.383426,3910,2041,4930,52.350
48.387822,3913,2042,4930,52.350
48.393553,3916,2043,4930,52.350
48.397978,3917,2045,4931,52.350
48.403625,3919,2046,4930,52.350
48.408102,3916,2046,4930,52.350
48.413784,3915,2046,4928,52.350
48.418260,3915,2044,4926,52.350
48.423964,3913,2043,4921,52.350
48.428380,3914,2044,4915,52.350
48.432845,3915,2043,4911,52.350
48.438552,3914,2042,4908,52.350
48.442932,3915,2041,4905,52.350
48.448592,3916,2039,4907,52.350
48.453083,3917,2038,4908,52.350
48.458741,3918,2040,4910,52.350
48.463232,3918,2043,4910,52.350
48.467684,3917,2045,4910,52.350
48.473369,3917,2047,4913,52.350
48.477782,3916,2050,4915,52.350
48.483469,3916,2051,4919,52.350
48.487900,3916,2051,4923,52.350
48.493573,3917,2051,4926,52.350
48.498005,3917,2049,4927,52.350
48.503756,3917,2046,4930,52.350
48.508202,3916,2045,4928,52.350
48.512586,3913,2045,4928,52.350
48.518349,3912,2045,4926,52.350
48.522774,3911,2046,4925,52.350
48.528393,3912,2045,4925,52.350
48.532896,3912,2043,4922,52.350
48.538582,3913,2041,4921,52.350
48.542986,3914,2040,4923,52.350
48.547443,3913,2039,4924,52.350
48.553165,3914,2038,4928,52.350
48.557526,3912,2039,4929,52.350
48.563247,3911,2040,4931,52.350
48.567725,3909,2041,4933,52.350
48.573353,3907,2042,4934,52.350
48.577861,3904,2044,4931,52.350
48.583552,3902,2044,4930,52.350
48.587980,3900,2042,4929,52.350
48.592371,3897,2041,4927,52.350
48.598095,3894,2037,4927,52.350
48.602574,3892,2037,4927,52.350
48.608191,3892,2035,4926,52.350
48.612645,3894,2035,4926,52.350
48.618354,3897,2037,4925,52.350
48.622753,3898,2038,4924,52.350
48.627196,3898,2039,4923,52.350
48.632917,3898,2040,4923,52.350
48.637354,3896,2041,4923,52.350
48.643033,3897,2041,4925,52.350
48.647583,3897,2040,4924,52.350
48.652946,3899,2039,4926,52.350
48.657314,3901,2039,4928,52.350
48.663313,3901,2039,4931,52.350
48.667764,3902,2038,4934,52.350
48.672175,3903,2036,4934,52.350
48.677941,3905,2033,4934,52.350
48.682361,3908,2032,4933,52.350
48.688016,3909,2032,4929,52.350
48.692467,3910,2035,4927,52.350
48.698117,3910,2039,4924,52.350
48.702678,3910,2043,4921,52.350
48.706997,3911,2046,4920,52.350
48.712748,3911,2049,4917,52.350
48.717159,3911,2050,4916,52.350
48.722832,3912,2050,4917,52.350
48.727306,3914,2051,4917,52.350
48.732940,3917,2052,4917,52.350
48.737402,3919,2052,4913,52.350
48.743137,3920,2052,4908,52.350
48.747394,3921,2051,4904,52.350
48.751701,3921,2050,4901,52.350
48.757712,3921,2049,4899,52.350
48.762122,3923,2049,4899,52.350
48.767762,3925,2049,4899,52.350
48.772277,3926,2049,4895,52.350
48.777972,3926,2050,4894,52.350
48.782382,3924,2050,4894,52.350
48.786767,3923,2051,4894,52.350
48.792525,3922,2052,4897,52.350
48.796940,3921,2050,4903,52.350
48.802604,3922,2046,4911,52.350
48.807102,3920,2041,4919,52.350
48.812756,3917,2037,4925,52.350
48.817200,3916,2034,4929,52.350
48.822949,3912,2032,4928,52.350
48.827322,3911,2030,4923,52.350
48.831768,3910,2029,4918,52.350
48.837527,3910,2030,4915,52.350
48.841896,3912,2034,4916,52.350
48.847597,3912,2036,4920,52.350
48.852047,3913,2039,4923,52.350
48.857730,3914,2042,4922,52.350
48.862180,3915,2043,4917,52.350
48.866588,3916,2045,4912,52.350
48.872312,3917,2046,4906,52.350
48.876412,3916,2047,4905,52.350
48.882378,3914,2046,4908,52.350
48.886874,3913,2045,4907,52.350
48.892572,3912,2043,4911,52.350
48.896989,3912,2042,4916,52.350
48.902671,3912,2040,4918,52.350
48.907150,3912,2041,4921,52.350
48.911559,3910,2042,4922,52.350
48.917269,3911,2045,4920,52.350
48.921716,3913,2047,4917,52.350
48.927367,3915,2048,4914,52.350
48.931845,3917,2047,4912,52.350
48.937525,3916,2046,4912,52.350
48.941962,3917,2043,4912,52.350
48.946404,3918,2041,4913,52.350
48.952117,3919,2042,4915,52.350
48.956558,3922,2041,4919,52.350
48.962238,3923,2040,4921,52.350
48.966653,3922,2041,4922,52.350
48.972349,3921,2040,4925,52.350
48.976816,3921,2039,4926,52.350
48.982481,3920,2038,4927,52.350
48.986933,3918,2037,4929,52.350
48.991346,3914,2038,4930,52.350
48.997076,3910,2038,4931,52.350
49.001488,3907,2038,4928,52.350
49.006978,3905,2038,4925,52.350
49.011588,3905,2038,4922,52.350
49.017284,3907,2039,4919,52.350
49.021474,3909,2039,4920,52.350
49.026169,3910,2040,4924,52.350
49.031872,3910,2041,4929,52.350
49.036088,3910,2043,4934,52.350
49.041990,3909,2044,4942,52.350
49.046484,3908,2045,4944,52.350
49.052028,3907,2046,4947,52.350
49.056583,3907,2047,4949,52.350
49.062285,3907,2048,4948,52.350
49.066726,3906,2048,4949,52.350
49.071195,3906,2046,4948,52.350
49.076888,3905,2044,4945,52.350
49.081311,3906,2042,4941,52.350
49.086972,3907,2041,4936,52.350
49.091390,3908,2041,4932,52.350
49.097107,3908,2042,4931,52.350
49.101532,3909,2043,4931,52.350
49.106001,3909,2045,4928,52.350
49.111657,3911,2049,4924,52.350
49.116076,3913,2052,4922,52.350
49.121757,3914,2054,4920,52.350
49.126239,3915,2056,4920,52.350
49.131904,3916,2056,4922,52.350
49.136376,3917,2057,4923,52.350
49.142064,3919,2056,4925,52.350
49.146489,3920,2057,4928,52.350
49.150910,3923,2059,4930,52.350
49.156662,3925,2061,4932,52.350
49.161035,3926,2061,4933,52.350
49.166748,3926,2059,4932,52.350
49.171229,3925,2057,4933,52.350
49.176911,3923,2054,4932,52.350
49.181323,3922,2052,4932,52.350
49.185736,3923,2051,4931,52.350
49.191469,3924,2050,4934,52.350
49.195901,3925,2049,4936,52.350
49.201551,3925,2050,4936,52.350
49.205831,3923,2052,4933,52.350
49.211722,3921,2051,4928,52.350
49.216127,3919,2051,4926,52.350
49.221874,3918,2050,4924,52.350
49.226299,3919,2048,4925,52.350
49.230714,3921,2047,4926,52.350
49.236457,3923,2045,4928,52.350
49.240897,3924,2044,4928,52.350
49.246585,3924,2044,4930,52.350
49.250655,3924,2044,4931,52.350
49.256713,3923,2043,4930,52.350
49.261106,3923,2043,4929,52.350
49.265529,3924,2043,4926,52.350
49.271264,3925,2044,4922,52.350
49.275692,3926,2045,4923,52.350
49.281400,3927,2045,4926,52.350
49.285821,3928,2044,4930,52.350
49.291536,3929,2044,4932,52.350
49.295929,3929,2043,4932,52.350
49.301647,3931,2043,4931,52.350
49.306071,3931,2043,4930,52.350
49.310516,3932,2044,4927,52.350
49.316251,3931,2045,4926,52.350
49.320643,3930,2045,4923,52.350
49.326346,3929,2044,4920,52.350
49.330799,3927,2045,4918,52.350
49.336468,3925,2045,4915,52.350
49.340926,3923,2044,4914,52.350
49.345375,3922,2043,4913,52.350
49.351058,3920,2042,4911,52.350
49.355482,3919,2040,4911,52.350
49.361154,3917,2039,4911,52.350
49.365338,3915,2038,4910,52.350
49.371024,3915,2037,4911,52.350
49.375764,3916,2036,4912,52.350
49.381495,3917,2037,4913,52.350
49.385859,3918,2037,4914,52.350
49.390052,3917,2039,4914,52.350
49.396023,3914,2040,4913,52.350
49.400438,3913,2041,4912,52.350
49.406172,3913,2040,4913,52.350
49.410638,3912,2039,4913,52.350
49.416263,3913,2039,4915,52.350
49.420707,3915,2039,4919,52.350
49.425124,3916,2040,4922,52.350
49.430855,3916,2041,4923,52.350
49.435347,3915,2041,4924,52.350
49.440958,3916,2041,4925,52.350
49.445459,3914,2041,4928,52.350
49.451098,3913,2041,4927,52.350
49.455569,3910,2042,4929,52.350
49.461289,3908,2043,4927,52.350
49.465651,3906,2045,4924,52.350
49.470292,3907,2048,4924,52.350
49.475830,3908,2051,4923,52.350
49.480232,3909,2052,4924,52.350
49.485931,3909,2053,4927,52.350
49.490366,3908,2051,4928,52.350
49.496087,3907,2051,4930,52.350
49.500521,3906,2050,4930,52.350
49.504924,3905,2050,4929,52.350
49.510658,3905,2048,4929,52.350
49.515169,3905,2047,4929,52.350
49.520733,3906,2044,4930,52.350
49.525219,3907,2045,4931,52.350
49.530892,3907,2045,4933,52.350
49.535383,3908,2046,4933,52.350
49.541033,3908,2048,4934,52.350
49.545475,3907,2050,4932,52.350
49.549913,3907,2050,4931,52.350
49.555664,3907,2051,4929,52.350
49.560084,3906,2052,4927,52.350
49.565757,3905,2053,4926,52.350
49.570223,3907,2055,4922,52.350
49.575855,3907,2056,4919,52.350
49.580317,3909,2056,4915,52.350
49.584700,3908,2057,4913,52.350
49.590487,3906,2057,4912,52.350
49.594626,3905,2055,4912,52.350
49.600340,3904,2053,4913,52.350
49.604727,3904,2050,4913,52.350
49.610478,3904,2049,4914,52.350
49.614879,3905,2049,4916,52.350
49.620575,3905,2050,4915,52.350
49.624990,3907,2052,4914,52.350
49.629688,3909,2056,4914,52.350
49.635424,3911,2059,4913,52.350
49.639912,3912,2060,4915,52.350
49.645523,3913,2059,4915,52.350
49.650031,3915,2057,4915,52.350
49.655740,3917,2055,4917,52.350
49.660129,3921,2054,4919,52.350
49.664539,3925,2052,4920,52.350
49.670270,3927,2052,4923,52.350
49.674688,3928,2052,4927,52.350
49.680368,3930,2053,4931,52.350
49.684805,3929,2055,4934,52.350
49.690494,3927,2056,4937,52.350
49.694957,3926,2056,4938,52.350
49.700652,3923,2054,4939,52.350
49.705084,3920,2052,4941,52.350
49.709533,3918,2050,4941,52.350
49.715156,3917,2049,4940,52.350
49.719639,3917,2048,4939,52.350
49.725345,3918,2049,4938,52.350
49.729796,3917,2049,4938,52.350
49.735471,3918,2050,4936,52.350
49.739929,3918,2052,4934,52.350
49.744383,3918,2054,4928,52.350
49.750063,3918,2056,4924,52.350
49.754202,3918,2057,4922,52.350
49.760132,3916,2058,4921,52.350
49.764473,3914,2057,4922,52.350
49.770021,3914,2056,4921,52.350
49.774714,3913,2056,4920,52.350
49.780531,3912,2055,4919,52.350
49.784923,3912,2056,4919,52.350
49.789175,3911,2058,4919,52.350
49.795003,3909,2060,4916,52.350
49.799461,3908,2061,4914,52.350
49.805139,3908,2062,4911,52.350
49.809615,3909,2063,4909,52.350
49.815272,3911,2063,4909,52.350
49.819723,3912,2064,4907,52.350
49.824179,3913,2065,4905,52.350
49.829883,3914,2063,4906,52.350
49.834335,3916,2061,4905,52.350
49.839960,3917,2060,4907,52.350
49.844434,3918,2061,4910,52.350
49.850147,3918,2061,4913,52.350
49.854574,3917,2061,4916,52.350
49.860324,3916,2061,4914,52.350
49.864747,3914,2059,4912,52.350
49.869130,3915,2059,4910,52.350
49.874821,3916,2058,4911,52.350
49.879306,3917,2057,4911,52.350
49.884938,3918,2055,4916,52.350
49.889417,3917,2056,4919,52.350
49.895122,3917,2056,4921,52.350
49.899537,3916,2056,4921,52.350
49.903981,3917,2057,4917,52.350
49.909710,3918,2057,4913,52.350
49.914141,3919,2057,4910,52.350
49.919500,3919,2055,4909,52.350
49.924246,3917,2054,4910,52.350
49.929931,3916,2052,4914,52.350
49.934386,3915,2051,4917,52.350
49.940085,3915,2051,4921,52.350
49.944533,3916,2050,4925,52.350
49.948948,3917,2050,4928,52.350
49.954667,3917,2051,4930,52.350
49.959080,3918,2054,4930,52.350
49.964787,3921,2055,4932,52.350
49.969202,3921,2057,4935,52.350
49.974908,3922,2060,4937,52.350
49.979324,3923,2062,4935,52.350
49.983734,3921,2061,4934,52.350
49.989488,3917,2060,4932,52.350
49.993911,3916,2057,4930,52.350
49.999620,3915,2054,4927,52.350
50.004038,3914,2056,4923,52.350
50.009445,3913,2058,4917,52.350
50.014125,3912,2060,4913,52.350
50.019766,3910,2059,4908,52.350
50.024067,3910,2059,4904,52.350
50.028766,3909,2056,4905,52.350
50.034483,3909,2055,4906,52.350
50.038758,3907,2055,4909,52.350
50.044550,3904,2056,4914,52.350
50.049023,3902,2057,4920,52.350
50.054666,3901,2058,4925,52.350
50.059176,3900,2057,4931,52.350
50.063542,3899,2056,4934,52.350
50.069303,3900,2056,4933,52.350
50.073721,3902,2056,4929,52.350
50.079371,3905,2056,4926,52.350
50.083828,3909,2055,4919,52.350
50.089546,3912,2055,4915,52.350
50.093937,3913,2053,4913,52.350
50.099662,3913,2052,4914,52.350
50.104126,3914,2051,4916,52.350
50.108559,3914,2049,4916,52.350
50.114268,3914,2048,4920,52.350
50.118563,3914,2047,4924,52.350
50.124371,3914,2045,4930,52.350
50.128803,3914,2043,4934,52.350
50.134365,3914,2044,4936,52.350
50.138935,3914,2043,4936,52.350
50.143357,3914,2043,4934,52.350
50.149095,3915,2042,4932,52.350
50.153519,3917,2041,4933,52.350
50.159248,3919,2042,4931,52.350
50.163745,3921,2042,4930,52.350
50.169306,3921,2043,4927,52.350
50.173745,3918,2045,4926,52.350
50.179471,3916,2047,4924,52.350
50.183887,3911,2050,4922,52.350
50.188233,3909,2052,4924,52.350
50.194032,3908,2052,4925,52.350
50.198486,3907,2052,4928,52.350
50.204143,3906,2051,4932,52.350
50.208371,3906,2051,4936,52.350
50.214041,3907,2052,4938,52.350
50.218494,3908,2054,4939,52.350
50.222817,3909,2055,4939,52.350
50.228628,3909,2055,4941,52.350
50.233048,3909,2052,4942,52.350
50.238960,3910,2051,4943,52.350
50.243479,3911,2050,4944,52.350
50.249171,3910,2050,4944,52.350
50.253269,3910,2051,4944,52.350
50.259314,3911,2052,4943,52.350
50.263694,3913,2052,4941,52.350
50.267900,3915,2052,4939,52.350
50.273873,3917,2054,4937,52.350
50.278299,3917,2053,4933,52.350
50.283959,3916,2054,4933,52.350
50.288380,3913,2055,4933,52.350
50.294088,3910,2055,4934,52.350
50.298378,3907,2058,4937,52.350
50.302955,3906,2060,4937,52.350
50.308631,3903,2061,4936,52.350
50.313144,3902,2061,4933,52.350
50.318807,3902,2059,4931,52.350
50.323247,3904,2056,4930,52.350
50.328945,3905,2052,4928,52.350
50.333371,3908,2049,4926,52.350
50.339094,3910,2047,4922,52.350
50.343534,3909,2044,4918,52.350
50.347946,3908,2043,4914,52.350
50.353668,3907,2043,4912,52.350
50.358080,3906,2043,4913,52.350
50.363778,3905,2044,4915,52.350
50.368221,3906,2046,4920,52.350
50.373865,3907,2048,4924,52.350
50.378309,3908,2050,4928,52.350
50.382726,3908,2051,4932,52.350
50.388501,3909,2052,4935,52.350
50.392890,3910,2052,4935,52.350
50.398576,3910,2054,4932,52.350
50.403056,3910,2055,4928,52.350
50.408806,3911,2056,4925,52.350
50.412899,3911,2057,4923,52.350
50.418635,3911,2057,4921,52.350
50.423187,3912,2058,4922,52.350
50.427788,3913,2057,4920,52.350
50.433471,3915,2057,4919,52.350
50.437893,3915,2056,4918,52.350
50.443597,3915,2055,4918,52.350
50.448034,3915,2054,4920,52.350
50.453716,3916,2053,4920,52.350
50.458140,3917,2051,4920,52.350
50.462544,3919,2051,4918,52.350
50.468246,3920,2051,4918,52.350
50.472723,3922,2050,4917,52.350
50.478386,3924,2051,4916,52.350
50.482834,3924,2051,4918,52.350
50.488544,3925,2049,4917,52.350
50.492944,3924,2049,4919,52.350
50.498656,3922,2050,4918,52.350
50.503119,3919,2050,4917,52.350
50.507574,3917,2052,4916,52.350
50.513263,3915,2054,4914,52.350
50.517822,3915,2054,4915,52.350
50.523420,3915,2055,4915,52.350
50.527812,3915,2054,4914,52.350
50.533539,3916,2053,4917,52.350
50.537952,3914,2051,4916,52.350
50.542385,3913,2051,4915,52.350
50.548109,3912,2050,4915,52.350
50.552492,3909,2049,4915,52.350
50.558218,3907,2048,4916,52.350
50.562634,3905,2047,4917,52.350
50.568297,3903,2046,4919,52.350
50.572745,3902,2045,4920,52.350
50.578425,3903,2046,4920,52.350
50.582885,3903,2045,4923,52.350
50.587316,3903,2046,4924,52.350
50.593040,3902,2048,4924,52.350
50.597462,3901,2048,4921,52.350
50.603114,3899,2047,4917,52.350
50.607578,3897,2047,4914,52.350
50.613276,3898,2046,4911,52.350
50.617723,3898,2044,4912,52.350
50.622127,3899,2045,4915,52.350
50.627920,3901,2045,4917,52.350
50.632321,3901,2046,4918,52.350
50.637953,3901,2047,4919,52.350
50.642481,3902,2049,4919,52.350
50.648075,3903,2052,4916,52.350
50.652551,3903,2054,4915,52.350
50.658275,3904,2056,4915,52.350
50.662707,3905,2055,4915,52.350
50.667080,3905,2055,4915,52.350
50.672844,3906,2054,4916,52.350
50.677239,3907,2054,4915,52.350
50.682911,3909,2055,4913,52.350
50.687389,3913,2056,4910,52.350
50.693062,3917,2056,4910,52.350
50.697499,3921,2057,4911,52.350
50.701963,3925,2058,4915,52.350
50.707641,3927,2057,4921,52.350
50.712055,3927,2057,4925,52.350
50.717714,3926,2057,4925,52.350
50.722232,3923,2055,4924,52.350
50.727905,3920,2054,4923,52.350
50.732328,3919,2054,4925,52.350
50.738102,3919,2055,4929,52.350
50.742472,3920,2054,4934,52.350
50.746875,3922,2054,4938,52.350
50.752567,3922,2056,4939,52.350
50.757032,3922,2056,4938,52.350
50.762728,3922,2056,4935,52.350
50.767172,3921,2054,4931,52.350
50.772840,3923,2052,4929,52.350
50.777294,3923,2051,4929,52.350
50.781707,3923,2049,4929,52.350
50.787422,3923,2048,4929,52.350
50.791843,3923,2048,4928,52.350
50.797522,3924,2048,4926,52.350
50.802045,3926,2048,4922,52.350
50.807675,3927,2047,4922,52.350
50.812004,3927,2047,4923,52.350
50.817835,3926,2045,4924,52.350
50.822161,3926,2045,4923,52.350
50.826695,3923,2046,4921,52.350
50.832453,3920,2046,4920,52.350
50.836895,3918,2044,4919,52.350
50.842556,3914,2042,4919,52.350
50.846989,3912,2040,4919,52.350
50.852654,3911,2038,4919,52.350
50.857093,3909,2037,4919,52.350
50.861493,3910,2037,4917,52.350
50.867270,3909,2037,4917,52.350
50.871641,3911,2036,4920,52.350
50.877352,3911,2036,4918,52.350
50.881822,3910,2035,4913,52.350
50.887468,3909,2034,4910,52.350
50.891904,3906,2034,4906,52.350
50.897618,3905,2033,4904,52.350
50.902045,3904,2033,4905,52.350
50.906495,3905,2037,4908,52.350
50.912193,3907,2039,4914,52.350
50.916634,3909,2041,4920,52.350
50.922326,3911,2043,4924,52.350
50.926785,3911,2045,4923,52.350
50.932414,3911,2046,4921,52.350
50.936931,3910,2048,4918,52.350
50.941327,3909,2048,4917,52.350
50.947063,3910,2046,4920,52.350
50.951441,3910,2045,4921,52.350
50.957137,3909,2045,4923,52.350
50.961563,3911,2045,4922,52.350
50.967237,3911,2045,4919,52.350
50.971688,3911,2045,4916,52.350
50.977391,3912,2045,4915,52.350
50.981832,3912,2044,4914,52.350
50.986164,3912,2044,4914,52.350
50.991963,3913,2042,4912,52.350
50.996084,3915,2042,4910,52.350
51.001753,3918,2042,4910,52.350
51.006315,3922,2042,4907,52.350
51.011941,3923,2042,4906,52.350
51.016386,3922,2041,4905,52.350
51.020804,3921,2041,4905,52.350
51.026576,3918,2041,4905,52.350
51.030922,3917,2043,4907,52.350
51.036635,3917,2045,4908,52.350
51.041340,3917,2047,4908,52.350
51.047039,3919,2048,4912,52.350
51.051511,3922,2048,4913,52.350
51.057240,3924,2049,4912,52.350
51.061628,3926,2050,4913,52.350
51.066018,3927,2051,4911,52.350
51.071756,3927,2051,4912,52.350
51.076190,3927,2051,4912,52.350
51.081840,3926,2051,4913,52.350
51.086313,3926,2050,4913,52.350
51.092009,3925,2048,4910,52.350
51.096407,3924,2047,4909,52.350
51.100903,3924,2046,4910,52.350
51.106696,3924,2047,4910,52.350
51.111038,3925,2048,4909,52.350
51.116672,3925,2049,4909,52.350
51.121216,3924,2051,4908,52.350
51.126864,3921,2051,4912,52.350
51.131263,3920,2052,4917,52.350
51.137016,3918,2052,4922,52.350
51.141420,3918,2053,4927,52.350
51.145849,3919,2053,4929,52.350
51.151614,3921,2053,4930,52.350
51.155985,3921,2053,4928,52.350
51.161695,3921,2054,4927,52.350
51.166125,3922,2054,4926,52.350
51.171780,3920,2055,4923,52.350
51.176274,3921,2056,4924,52.350
51.180639,3922,2055,4923,52.350
51.186382,3921,2054,4921,52.350
51.190791,3921,2053,4917,52.350
51.196480,3921,2051,4914,52.350
51.200955,3920,2051,4911,52.350
51.206621,3920,2050,4907,52.350
51.211059,3921,2050,4903,52.350
51.216759,3922,2052,4899,52.350
51.221224,3923,2053,4896,52.350
51.225671,3924,2054,4894,52.350
51.231343,3926,2055,4892,52.350
51.235819,3926,2055,4892,52.350
51.241428,3926,2055,4889,52.350
51.245949,3924,2056,4884,52.350
51.251392,3921,2055,4883,52.350
51.256025,3919,2055,4882,52.350
51.260460,3919,2054,4884,52.350
51.266175,3919,2052,4889,52.350
51.270605,3920,2051,4893,52.350
51.276256,3920,2050,4896,52.350
51.280739,3921,2049,4898,52.350
51.286406,3921,2049,4900,52.350
51.290834,3920,2049,4902,52.350
51.296539,3919,2050,4903,52.350
51.300992,3917,2050,4905,52.350
51.305434,3916,2052,4907,52.350
51.311145,3914,2053,4910,52.350
51.315557,3915,2053,4915,52.350
51.321245,3916,2053,4920,52.350
51.325743,3917,2050,4924,52.350
51.331383,3918,2046,4927,52.350
51.335823,3918,2044,4929,52.350
51.340250,3918,2040,4932,52.350
51.345992,3919,2038,4932,52.350
51.350432,3919,2036,4935,52.350
51.356104,3922,2035,4937,52.350
51.360513,3924,2036,4939,52.350
51.366193,3927,2037,4942,52.350
51.370404,3929,2039,4945,52.350
51.376412,3930,2043,4942,52.350
51.380781,3931,2046,4938,52.350
51.385210,3933,2046,4933,52.350
51.390937,3933,2045,4924,52.350
51.395326,3933,2043,4920,52.350
51.400990,3931,2043,4916,52.350
51.405476,3929,2043,4913,52.350
51.411206,3926,2045,4909,52.350
51.415588,3925,2045,4907,52.350
51.420001,3925,2044,4908,52.350
51.425783,3923,2043,4909,52.350
51.430158,3922,2042,4912,52.350
51.435851,3921,2042,4915,52.350
51.440295,3921,2043,4918,52.350
51.446009,3922,2045,4921,52.350
51.450495,3923,2046,4923,52.350
51.456166,3924,2047,4925,52.350
51.460572,3924,2049,4927,52.350
51.464970,3924,2048,4927,52.350
51.470893,3923,2045,4929,52.350
51.475133,3922,2042,4930,52.350
51.480785,3922,2041,4930,52.350
51.485284,3921,2040,4928,52.350
51.490976,3921,2040,4927,52.350
51.495392,3920,2039,4926,52.350
51.499838,3921,2037,4926,52.350
51.505527,3921,2035,4929,52.350
51.510010,3921,2034,4930,52.350
51.515613,3920,2032,4929,52.350
51.520128,3917,2033,4926,52.350
51.525771,3916,2034,4923,52.350
51.530288,3913,2034,4919,52.350
51.535923,3913,2035,4916,52.350
51.540355,3913,2035,4916,52.350
51.544801,3912,2037,4916,52.350
51.550549,3911,2038,4914,52.350
51.554966,3910,2039,4915,52.350
51.560593,3909,2040,4916,52.350
51.565115,3906,2042,4915,52.350
51.570805,3903,2043,4915,52.350
51.575173,3901,2046,4916,52.350
51.579615,3901,2046,4919,52.350
51.585036,3904,2047,4923,52.350
51.589423,3906,2048,4925,52.350
51.595409,3908,2048,4930,52.350
51.599936,3909,2047,4931,52.350
51.605558,3911,2048,4929,52.350
51.609966,3912,2048,4929,52.350
51.615701,3911,2049,4928,52.350
51.620164,3912,2051,4928,52.350
51.624586,3913,2051,4930,52.350
51.630354,3914,2050,4937,52.350
51.634751,3915,2048,4939,52.350
51.640416,3916,2046,4938,52.350
51.644883,3916,2044,4935,52.350
51.650545,3914,2042,4927,52.350
51.654959,3915,2042,4923,52.350
51.659417,3914,2042,4923,52.350
51.665148,3914,2043,4923,52.350
51.669543,3913,2045,4926,52.350
51.675214,3912,2046,4932,52.350
51.679668,3912,2047,4935,52.350
51.685363,3913,2047,4936,52.350
51.689786,3914,2046,4938,52.350
51.695518,3914,2047,4935,52.350
51.699939,3914,2047,4935,52.350
51.704385,3913,2046,4936,52.350
51.710070,3912,2044,4937,52.350
51.714519,3911,2043,4935,52.350
51.720218,3911,2040,4934,52.350
51.724621,3912,2037,4934,52.350
51.730337,3913,2037,4933,52.350
51.734816,3914,2037,4933,52.350
51.739171,3914,2038,4934,52.350
51.744963,3914,2039,4933,52.350
51.749344,3915,2039,4931,52.350
51.754967,3916,2039,4931,52.350
51.759517,3917,2040,4931,52.350
51.765032,3917,2040,4930,52.350
51.769554,3915,2041,4930,52.350
51.774973,3913,2043,4929,52.350
51.779407,3910,2045,4930,52.350
51.784126,3911,2047,4931,52.350
51.789850,3910,2050,4930,52.350
51.794310,3910,2051,4930,52.350
51.799935,3909,2053,4929,52.350
51.804431,3908,2054,4928,52.350
51.810107,3908,2054,4928,52.350
51.814456,3909,2056,4929,52.350
51.818976,3910,2057,4930,52.350
51.824725,3912,2058,4932,52.350
51.829133,3912,2058,4934,52.350
51.834742,3912,2057,4935,52.350
51.839307,3913,2056,4936,52.350
51.844959,3914,2055,4936,52.350
51.849367,3915,2055,4937,52.350
51.855094,3916,2056,4935,52.350
51.859543,3915,2056,4933,52.350
51.863903,3913,2057,4930,52.350
51.869651,3913,2056,4927,52.350
51.874040,3911,2054,4925,52.350
51.879740,3911,2052,4922,52.350
51.884185,3911,2049,4920,52.350
51.889674,3911,2048,4916,52.350
51.894292,3913,2047,4915,52.350
51.898762,3913,2047,4914,52.350
51.904476,3914,2047,4916,52.350
51.908897,3914,2046,4920,52.350
51.914629,3912,2047,4924,52.350
51.919022,3911,2047,4931,52.350
51.924724,3911,2049,4937,52.350
51.929134,3911,2050,4943,52.350
51.934856,3910,2050,4947,52.350
51.939296,3910,2050,4946,52.350
51.943723,3909,2050,4946,52.350
51.949482,3906,2051,4947,52.350
51.953833,3904,2051,4947,52.350
51.959571,3904,2051,4949,52.350
51.963981,3902,2050,4953,52.350
51.969659,3902,2049,4955,52.350
51.974110,3904,2050,4954,52.350
51.978511,3903,2051,4950,52.350
51.984272,3905,2053,4945,52.350
51.988676,3906,2055,4940,52.350
51.994350,3906,2057,4935,52.350
51.998856,3905,2058,4934,52.350
52.004493,3905,2059,4934,52.350
52.008687,3904,2057,4937,52.350
52.014639,3904,2054,4940,52.350
52.019105,3904,2051,4939,52.350
52.023188,3905,2048,4939,52.350
52.029256,3906,2046,4938,52.350
52.033672,3907,2045,4935,52.350
52.039121,3910,2043,4934,52.350
52.043750,3912,2043,4932,52.350
52.049470,3915,2042,4928,52.350
52.053731,3918,2041,4927,52.350
52.058330,3919,2040,4930,52.350
52.064061,3921,2040,4931,52.350
52.068462,3922,2041,4931,52.350
52.074150,3920,2044,4930,52.350
52.078615,3917,2048,4927,52.350
52.084317,3915,2052,4920,52.350
52.088703,3913,2053,4917,52.350
52.094426,3913,2054,4915,52.350
52.098878,3913,2052,4914,52.350
52.103323,3914,2051,4914,52.350
52.109001,3915,2048,4915,52.350
52.113411,3916,2047,4919,52.350
52.119133,3917,2045,4918,52.350
52.123590,3915,2044,4919,52.350
52.129259,3915,2045,4918,52.350
52.133717,3914,2045,4918,52.350
52.138131,3914,2045,4919,52.350
52.143829,3913,2044,4922,52.350
52.148306,3912,2044,4926,52.350
52.153906,3912,2044,4931,52.350
52.158385,3914,2046,4931,52.350
52.164124,3916,2046,4929,52.350
52.168520,3918,2046,4927,52.350
52.174220,3919,2046,4926,52.350
52.178679,3920,2047,4926,52.350
52.183055,3920,2046,4929,52.350
52.188745,3919,2047,4929,52.350
52.193259,3918,2047,4928,52.350
52.198883,3916,2046,4928,52.350
52.203395,3916,2046,4931,52.350
52.209062,3914,2044,4934,52.350
52.213487,3912,2044,4936,52.350
52.217897,3912,2042,4938,52.350
52.223607,3912,2044,4938,52.350
52.228031,3910,2045,4936,52.350
52.233732,3910,2047,4934,52.350
52.238000,3909,2048,4932,52.350
52.243614,3908,2048,4927,52.350
52.248341,3907,2047,4925,52.350
52.253990,3908,2047,4923,52.350
52.258451,3908,2046,4920,52.350
52.262839,3908,2044,4921,52.350
52.268580,3909,2044,4924,52.350
52.272989,3909,2043,4929,52.350
52.278699,3909,2043,4931,52.350
52.283135,3909,2041,4932,52.350
52.288832,3911,2041,4931,52.350
52.293265,3914,2042,4927,52.350
52.297687,3917,2041,4925,52.350
52.303459,3919,2042,4925,52.350
52.307841,3921,2042,4927,52.350
52.313509,3923,2041,4933,52.350
52.317993,3924,2040,4937,52.350
52.323620,3924,2040,4940,52.350
52.328080,3924,2041,4940,52.350
52.333796,3925,2042,4936,52.350
52.338302,3924,2043,4934,52.350
52.342660,3922,2043,4932,52.350
52.348371,3919,2044,4930,52.350
52.352777,3915,2044,4929,52.350
52.358469,3913,2045,4929,52.350
52.362907,3911,2045,4928,52.350
52.368612,3910,2047,4927,52.350
52.373008,3911,2048,4926,52.350
52.377456,3914,2047,4927,52.350
52.383173,3917,2046,4929,52.350
52.387605,3918,2044,4931,52.350
52.393271,3918,2042,4931,52.350
52.397768,3918,2042,4932,52.350
52.403422,3915,2042,4932,52.350
52.407922,3914,2043,4934,52.350
52.413547,3914,2043,4934,52.350
52.418053,3913,2043,4932,52.350
52.422238,3913,2044,4930,52.350
52.427915,3914,2044,4927,52.350
52.432551,3913,2045,4924,52.350
52.438267,3911,2047,4921,52.350
52.442664,3911,2049,4918,52.350
52.448407,3912,2051,4917,52.350
52.452803,3913,2052,4915,52.350
52.457310,3913,2053,4915,52.350
52.462976,3914,2055,4914,52.350
52.467372,3915,2056,4914,52.350
52.473062,3918,2057,4913,52.350
52.477528,3919,2059,4914,52.350
52.483258,3922,2060,4915,52.350
52.487651,3923,2059,4916,52.350
52.493366,3923,2059,4920,52.350
52.497784,3923,2058,4923,52.350
52.502263,3922,2058,4926,52.350
52.507941,3919,2058,4928,52.350
52.512409,3918,2057,4923,52.350
52.518055,3916,2055,4916,52.350
52.522514,3915,2055,4909,52.350
52.527960,3914,2054,4905,52.350
52.532641,3912,2054,4906,52.350
52.537045,3911,2055,4909,52.350
52.542822,3909,2055,4914,52.350
52.547184,3910,2055,4918,52.350
52.552873,3911,2053,4919,52.350
52.557375,3913,2051,4923,52.350
52.563010,3914,2050,4923,52.350
52.567405,3916,2050,4923,52.350
52.573134,3917,2049,4923,52.350
52.577579,3918,2050,4921,52.350
52.582033,3918,2050,4917,52.350
52.587532,3918,2049,4915,52.350
52.592158,3915,2049,4916,52.350
52.597853,3912,2047,4918,52.350
52.602285,3909,2046,4923,52.350
52.608047,3907,2045,4927,52.350
52.612428,3906,2044,4930,52.350
52.616865,3906,2043,4932,52.350
52.622595,3905,2043,4933,52.350
52.627000,3905,2043,4932,52.350
52.632657,3905,2042,4931,52.350
52.637133,3908,2042,4931,52.350
52.642836,3909,2043,4929,52.350
52.647270,3912,2042,4926,52.350
52.652999,3913,2041,4923,52.350
52.657359,3914,2042,4919,52.350
52.661794,3914,2041,4916,52.350
52.667525,3915,2040,4915,52.350
52.671919,3916,2041,4915,52.350
52.677608,3916,2041,4914,52.350
52.682133,3919,2042,4912,52.350
52.687756,3920,2042,4910,52.350
52.692195,3922,2041,4909,52.350
52.696652,3924,2041,4908,52.350
52.702349,3926,2041,4907,52.350
52.706765,3927,2042,4909,52.350
52.712446,3929,2045,4910,52.350
52.716908,3929,2046,4911,52.350
52.722644,3930,2046,4912,52.350
52.727052,3931,2047,4914,52.350
52.732740,3932,2047,4914,52.350
52.737223,3932,2048,4919,52.350
52.741587,3931,2047,4923,52.350
52.747334,3929,2047,4927,52.350
52.751731,3926,2047,4926,52.350
52.757284,3924,2046,4925,52.350
52.761857,3922,2045,4924,52.350
52.767559,3920,2046,4923,52.350
52.771980,3918,2045,4922,52.350
52.776321,3916,2045,4922,52.350
52.782132,3914,2047,4920,52.350
52.786535,3914,2048,4919,52.350
52.792245,3914,2048,4919,52.350
52.796687,3914,2049,4917,52.350
52.802386,3913,2049,4918,52.350
52.806829,3915,2050,4919,52.350
52.812558,3918,2049,4921,52.350
52.816969,3920,2048,4925,52.350
52.821123,3921,2048,4931,52.350
52.827140,3920,2048,4935,52.350
52.831553,3918,2048,4940,52.350
52.837232,3915,2049,4942,52.350
52.841629,3915,2050,4940,52.350
52.847363,3915,2050,4935,52.350
52.851798,3917,2049,4930,52.350
52.856193,3920,2048,4924,52.350
52.861933,3922,2046,4922,52.350
52.866355,3924,2044,4922,52.350
52.872036,3925,2043,4923,52.350
52.876513,3925,2044,4925,52.350
52.882214,3927,2045,4927,52.350
52.886629,3928,2049,4930,52.350
52.892342,3930,2052,4931,52.350
52.896720,3933,2053,4932,52.350
52.901223,3934,2053,4933,52.350
52.906886,3936,2051,4934,52.350
52.911332,3936,2049,4936,52.350
52.917021,3935,2046,4937,52.350
52.921454,3933,2046,4938,52.350
52.927159,3930,2046,4941,52.350
52.931598,3928,2047,4942,52.350
52.935998,3925,2047,4941,52.350
52.941744,3922,2048,4941,52.350
52.946136,3920,2047,4938,52.350
52.951830,3918,2046,4933,52.350
52.956309,3917,2046,4929,52.350
52.961955,3917,2045,4927,52.350
52.966359,3916,2046,4923,52.350
52.971871,3915,2047,4919,52.350
52.976553,3912,2046,4915,52.350
52.980931,3911,2046,4912,52.350
52.986457,3910,2044,4911,52.350
52.991103,3910,2042,4914,52.350
52.996780,3913,2041,4918,52.350
53.001315,3916,2041,4922,52.350
53.006644,3919,2042,4921,52.350
53.011407,3922,2044,4918,52.350
53.015770,3924,2046,4914,52.350
53.021273,3925,2047,4912,52.350
53.025957,3923,2048,4910,52.350
53.031627,3922,2048,4907,52.350
53.035792,3919,2048,4905,52.350
53.041716,3917,2049,4903,52.350
53.046191,3915,2049,4899,52.350
53.051938,3912,2050,4898,52.350
53.056331,3912,2048,4898,52.350
53.060759,3912,2047,4898,52.350
53.066476,3915,2045,4899,52.350
53.070960,3918,2044,4901,52.350
53.076563,3920,2043,4905,52.350
53.081006,3921,2044,4907,52.350
53.086714,3920,2045,4909,52.350
53.091124,3919,2048,4910,52.350
53.095595,3918,2051,4908,52.350
53.101309,3919,2051,4906,52.350
53.105731,3919,2050,4905,52.350
53.111356,3920,2047,4907,52.350
53.115848,3919,2044,4913,52.350
53.121509,3917,2041,4918,52.350
53.125989,3917,2040,4921,52.350
53.131686,3916,2039,4925,52.350
53.136148,3916,2039,4925,52.350
53.140509,3918,2040,4923,52.350
53.146362,3918,2042,4923,52.350
53.150665,3919,2046,4921,52.350
53.156344,3918,2050,4919,52.350
53.160799,3916,2054,4917,52.350
53.166477,3916,2055,4918,52.350
53.170964,3915,2053,4918,52.350
53.175340,3915,2050,4916,52.350
53.181066,3917,2047,4918,52.350
53.185540,3918,2045,4918,52.350
53.191215,3918,2043,4919,52.350
53.195681,3918,2041,4921,52.350
53.201334,3916,2040,4922,52.350
53.205815,3915,2040,4921,52.350
53.211505,3913,2041,4923,52.350
53.215881,3911,2043,4921,52.350
53.220357,3909,2044,4920,52.350
53.226082,3907,2045,4920,52.350
53.230490,3903,2046,4920,52.350
53.236164,3901,2045,4920,52.350
53.240597,3900,2044,4925,52.350
53.246303,3900,2045,4930,52.350
53.250747,3903,2046,4931,52.350
53.255165,3904,2048,4933,52.350
53.260891,3905,2050,4934,52.350
53.265059,3906,2051,4935,52.350
53.270799,3906,2051,4937,52.350
53.275134,3907,2050,4939,52.350
53.280893,3907,2051,4940,52.350
53.285259,3908,2050,4942,52.350
53.291219,3910,2051,4944,52.350
53.295680,3913,2051,4943,52.350
53.300143,3915,2051,4943,52.350
53.305864,3917,2051,4943,52.350
53.310348,3919,2051,4943,52.350
53.315958,3920,2050,4943,52.350
53.320397,3921,2050,4942,52.350
53.326106,3920,2050,4940,52.350
53.330559,3919,2050,4937,52.350
53.334924,3918,2052,4933,52.350
53.340681,3915,2053,4930,52.350
53.345119,3913,2054,4928,52.350
53.350745,3913,2055,4926,52.350
53.355232,3910,2055,4923,52.350
53.360916,3909,2054,4922,52.350
53.365284,3908,2052,4923,52.350
53.370768,3908,2052,4923,52.350
53.375475,3909,2053,4923,52.350
53.379899,3911,2053,4922,52.350
53.385687,3911,2053,4920,52.350
53.390044,3912,2053,4919,52.350
53.395710,3912,2053,4920,52.350
53.400206,3913,2055,4922,52.350
53.405863,3913,2057,4926,52.350
53.410326,3911,2059,4927,52.350
53.414784,3909,2060,4927,52.350
53.420467,3909,2059,4924,52.350
53.424852,3908,2057,4920,52.350
53.430382,3910,2056,4918,52.350
53.435032,3912,2055,4918,52.350
53.440699,3913,2055,4915,52.350
53.445123,3915,2054,4911,52.350
53.450866,3917,2054,4906,52.350
53.455292,3918,2054,4904,52.350
53.459661,3920,2054,4903,52.350
53.465405,3920,2054,4905,52.350
53.469816,3918,2055,4907,52.350
53.475527,3916,2056,4908,52.350
53.479959,3914,2057,4909,52.350
53.485655,3912,2058,4909,52.350
53.490062,3912,2060,4911,52.350
53.494558,3912,2061,4912,52.350
53.500271,3912,2062,4913,52.350
53.504692,3913,2060,4914,52.350
53.510348,3914,2058,4916,52.350
53.514782,3915,2057,4918,52.350
53.520470,3914,2055,4920,52.350
53.524936,3914,2054,4923,52.350
53.530622,3914,2052,4926,52.350
53.535068,3914,2049,4930,52.350
53.539459,3916,2047,4931,52.350
53.545263,3917,2048,4933,52.350
53.549620,3917,2049,4935,52.350
53.555304,3915,2051,4938,52.350
53.559714,3912,2052,4939,52.350
53.565477,3911,2054,4940,52.350
53.569857,3912,2054,4941,52.350
53.574378,3913,2054,4943,52.350
53.580019,3915,2054,4944,52.350
53.584467,3916,2053,4948,52.350
53.590093,3915,2053,4950,52.350
53.594602,3913,2053,4951,52.350
53.600243,3913,2052,4952,52.350
53.604713,3912,2051,4950,52.350
53.610402,3912,2051,4948,52.350
53.614868,3912,2051,4945,52.350
53.619272,3911,2052,4942,52.350
53.625024,3912,2051,4940,52.350
53.629448,3914,2049,4940,52.350
53.635103,3915,2048,4940,52.350
53.639520,3917,2045,4942,52.350
53.645230,3918,2044,4943,52.350
53.649638,3920,2044,4946,52.350
53.654066,3920,2044,4950,52.350
53.659830,3919,2044,4950,52.350
53.664233,3919,2044,4950,52.350
53.669883,3919,2044,4950,52.350
53.674360,3920,2045,4948,52.350
53.680058,3919,2044,4944,52.350
53.684484,3919,2044,4943,52.350
53.690214,3919,2044,4939,52.350
53.694616,3918,2042,4936,52.350
53.699027,3919,2042,4934,52.350
53.704774,3920,2042,4930,52.350
53.709205,3922,2042,4927,52.350
53.714891,3924,2042,4924,52.350
53.719353,3923,2043,4920,52.350
53.725031,3922,2043,4915,52.350
53.729473,3920,2044,4913,52.350
53.733862,3918,2044,4911,52.350
53.739631,3918,2042,4909,52.350
53.744002,3919,2041,4911,52.350
53.749670,3919,2040,4909,52.350
53.753993,3919,2038,4908,52.350
53.759819,3918,2038,4906,52.350
53.764084,3919,2037,4904,52.350
53.769952,3920,2035,4905,52.350
53.774386,3922,2034,4904,52.350
53.778884,3925,2033,4904,52.350
53.784554,3927,2033,4905,52.350
53.788845,3926,2034,4906,52.350
53.794678,3926,2035,4907,52.350
53.799144,3925,2037,4905,52.350
53.804801,3924,2037,4905,52.350
53.809289,3925,2038,4906,52.350
53.813690,3925,2038,4907,52.350
53.819446,3925,2037,4907,52.350
53.823791,3924,2037,4911,52.350
53.829499,3924,2037,4911,52.350
53.833865,3924,2038,4908,52.350
53.839431,3923,2042,4904,52.350
53.844044,3926,2046,4900,52.350
53.849740,3925,2049,4897,52.350
53.854332,3926,2050,4894,52.350
53.858592,3926,2051,4897,52.350
53.864357,3926,2050,4899,52.350
53.868769,3926,2049,4901,52.350
53.874436,3926,2048,4906,52.350
53.878879,3925,2048,4909,52.350
53.884594,3925,2050,4913,52.350
53.888738,3926,2052,4918,52.350
53.893463,3925,2052,4920,52.350
53.899186,3926,2053,4919,52.350
53.903623,3925,2052,4919,52.350
53.909273,3921,2051,4914,52.350
53.913806,3919,2053,4909,52.350
53.919423,3916,2053,4908,52.350
53.923851,3914,2054,4908,52.350
53.929580,3912,2056,4910,52.350
53.934026,3912,2055,4915,52.350
53.938415,3914,2055,4920,52.350
53.944108,3915,2054,4925,52.350
53.948561,3916,2052,4930,52.350
53.954241,3914,2052,4934,52.350
53.958671,3913,2050,4936,52.350
53.964391,3913,2049,4934,52.350
53.968831,3913,2048,4932,52.350
53.973238,3914,2048,4928,52.350
53.978961,3915,2048,4923,52.350
53.983391,3916,2050,4920,52.350
53.989033,3917,2048,4921,52.350
53.993526,3918,2046,4922,52.350
53.999212,3918,2043,4924,52.350
54.003629,3919,2039,4923,52.350
54.009110,3920,2034,4924,52.350
54.013829,3920,2031,4922,52.350
54.018228,3920,2029,4919,52.350
54.023730,3920,2029,4922,52.350
54.028071,3920,2030,4923,52.350
54.034034,3920,2029,4925,52.350
54.038199,3919,2030,4925,52.350
54.044235,3918,2029,4924,52.350
54.048594,3916,2030,4921,52.350
54.052884,3913,2032,4919,52.350
54.058450,3912,2032,4917,52.350
54.063163,3911,2033,4914,52.350
54.068838,3912,2032,4911,52.350
54.073309,3915,2031,4911,52.350
54.078994,3917,2033,4911,52.350
54.083419,3917,2036,4914,52.350
54.089139,3915,2040,4916,52.350
54.093551,3912,2043,4917,52.350
54.097964,3910,2047,4918,52.350
54.103754,3909,2050,4918,52.350
54.108134,3908,2053,4918,52.350
54.113837,3908,2056,4917,52.350
54.118264,3907,2057,4918,52.350
54.123987,3908,2057,4920,52.350
54.128425,3908,2056,4925,52.350
54.132800,3906,2056,4929,52.350
54.138588,3905,2056,4932,52.350
54.142972,3904,2056,4935,52.350
54.148624,3903,2056,4934,52.350
54.153138,3904,2054,4931,52.350
54.158795,3904,2049,4928,52.350
54.163248,3905,2045,4927,52.350
54.168941,3906,2042,4927,52.350
54.173357,3908,2040,4928,52.350
54.177772,3909,2040,4929,52.350
54.183502,3910,2040,4930,52.350
54.187938,3910,2040,4930,52.350
54.193600,3908,2038,4932,52.350
54.198066,3906,2036,4935,52.350
54.203732,3903,2035,4937,52.350
54.208233,3901,2035,4939,52.350
54.212617,3900,2036,4939,52.350
54.218359,3900,2037,4939,52.350
54.222649,3901,2040,4939,52.350
54.228484,3903,2042,4939,52.350
54.233036,3907,2043,4937,52.350
54.238607,3908,2044,4933,52.350
54.242992,3910,2045,4932,52.350
54.248695,3912,2045,4926,52.350
54.253110,3914,2046,4919,52.350
54.257547,3916,2048,4917,52.350
54.263313,3919,2049,4916,52.350
54.267705,3922,2051,4917,52.350
54.273230,3922,2052,4922,52.350
54.277812,3922,2052,4926,52.350
54.283518,3921,2052,4928,52.350
54.287965,3922,2051,4929,52.350
54.292464,3922,2050,4928,52.350
54.298138,3922,2050,4926,52.350
54.302581,3922,2050,4922,52.350
54.308254,3924,2051,4918,52.350
54.312709,3924,2052,4916,52.350
54.318371,3925,2052,4914,52.350
54.322897,3925,2051,4915,52.350
54.328531,3925,2050,4914,52.350
54.332963,3924,2048,4913,52.350
54.337360,3923,2046,4913,52.350
54.343116,3923,2044,4914,52.350
54.347496,3922,2044,4917,52.350
54.353215,3921,2046,4919,52.350
54.357621,3920,2049,4922,52.350
54.363315,3918,2052,4924,52.350
54.367787,3917,2055,4926,52.350
54.372281,3917,2056,4926,52.350
54.377890,3919,2057,4929,52.350
54.382343,3922,2059,4931,52.350
54.388013,3924,2060,4931,52.350
54.392467,3927,2061,4932,52.350
54.398173,3928,2063,4934,52.350
54.402579,3928,2065,4934,52.350
54.408309,3928,2066,4935,52.350
54.412764,3926,2066,4936,52.350
54.417121,3925,2064,4935,52.350
54.422860,3926,2063,4932,52.350
54.427333,3926,2061,4929,52.350
54.432960,3927,2061,4925,52.350
54.437421,3928,2060,4922,52.350
54.443147,3927,2058,4923,52.350
54.447551,3926,2056,4923,52.350
54.451966,3927,2054,4925,52.350
54.457461,3927,2052,4926,52.350
54.461831,3926,2051,4927,52.350
54.467760,3926,2050,4927,52.350
54.472306,3925,2049,4928,52.350
54.477936,3924,2049,4926,52.350
54.482352,3926,2046,4927,52.350
54.488083,3927,2044,4928,52.350
54.492560,3927,2042,4929,52.350
54.496998,3926,2039,4932,52.350
54.502690,3924,2038,4931,52.350
54.507118,3923,2038,4927,52.350
54.512784,3921,2039,4924,52.350
54.517237,3920,2041,4923,52.350
54.522982,3920,2044,4921,52.350
54.527383,3921,2047,4923,52.350
54.531758,3921,2049,4925,52.350
54.537502,3921,2052,4925,52.350
54.541897,3921,2053,4925,52.350
54.547598,3919,2053,4926,52.350
54.552082,3917,2052,4927,52.350
54.557813,3914,2051,4926,52.350
54.562160,3912,2051,4923,52.350
54.567638,3912,2053,4918,52.350
54.572276,3913,2054,4914,52.350
54.576780,3912,2054,4912,52.350
54.582455,3911,2054,4911,52.350
54.586718,3909,2053,4910,52.350
54.592548,3906,2051,4910,52.350
54.596984,3904,2052,4913,52.350
54.602676,3904,2053,4913,52.350
54.607159,3904,2053,4912,52.350
54.611534,3904,2055,4913,52.350
54.617270,3906,2054,4912,52.350
54.621687,3908,2052,4914,52.350
54.627387,3910,2052,4919,52.350
54.631823,3911,2051,4923,52.350
54.637591,3911,2051,4925,52.350
54.641941,3910,2053,4924,52.350
54.647668,3909,2054,4924,52.350
54.652093,3908,2055,4923,52.350
54.656534,3908,2058,4919,52.350
54.662089,3909,2060,4918,52.350
54.666400,3909,2062,4915,52.350
54.672079,3908,2063,4913,52.350
54.676482,3908,2064,4914,52.350
54.682482,3908,2065,4916,52.350
54.686911,3910,2064,4918,52.350
54.691418,3910,2065,4919,52.350
54.697089,3911,2064,4920,52.350
54.701539,3911,2063,4922,52.350
54.707174,3909,2064,4923,52.350
54.711630,3907,2064,4923,52.350
54.717301,3905,2064,4923,52.350
54.721806,3902,2064,4921,52.350
54.727447,3902,2062,4917,52.350
54.731875,3901,2061,4912,52.350
54.736317,3901,2059,4908,52.350
54.742046,3902,2057,4905,52.350
54.746464,3906,2054,4905,52.350
54.751851,3908,2051,4907,52.350
54.756595,3910,2049,4908,52.350
54.762264,3912,2047,4910,52.350
54.766706,3913,2047,4910,52.350
54.771109,3913,2046,4909,52.350
54.776885,3911,2047,4908,52.350
54.781334,3911,2049,4906,52.350
54.787087,3910,2050,4905,52.350
54.791475,3910,2053,4902,52.350
54.797110,3912,2056,4897,52.350
54.801558,3914,2060,4896,52.350
54.807298,3916,2061,4897,52.350
54.811722,3917,2062,4896,52.350
54.816076,3918,2062,4900,52.350
54.821825,3917,2062,4904,52.350
54.826311,3916,2062,4907,52.350
54.831947,3916,2061,4911,52.350
54.836365,3916,2058,4911,52.350
54.842085,3917,2053,4911,52.350
54.846526,3920,2050,4911,52.350
54.850919,3921,2048,4912,52.350
54.856622,3922,2047,4916,52.350
54.861082,3922,2049,4922,52.350
54.866714,3920,2050,4929,52.350
54.871227,3920,2051,4931,52.350
54.876900,3920,2050,4933,52.350
54.881348,3919,2048,4937,52.350
54.887038,3919,2047,4938,52.350
54.891528,3919,2045,4940,52.350
54.895928,3920,2042,4945,52.350
54.901623,3921,2040,4946,52.350
54.906053,3921,2040,4947,52.350
54.911740,3923,2039,4947,52.350
54.916177,3925,2039,4946,52.350
54.921892,3927,2039,4945,52.350
54.926296,3927,2041,4945,52.350
54.930716,3927,2044,4946,52.350
54.936458,3927,2046,4946,52.350
54.940853,3926,2049,4947,52.350
54.946519,3926,2051,4949,52.350
54.951008,3925,2052,4948,52.350
54.956704,3925,2055,4951,52.350
54.961147,3924,2057,4952,52.350
54.966835,3922,2058,4950,52.350
54.971087,3921,2060,4950,52.350
54.975709,3920,2061,4948,52.350
54.981408,3918,2062,4949,52.350
54.985933,3916,2063,4950,52.350
54.991504,3913,2064,4952,52.350
54.995983,3910,2063,4953,52.350
55.001685,3907,2062,4953,52.350
55.005846,3906,2058,4953,52.350
55.010226,3907,2053,4952,52.350
55.016279,3907,2050,4950,52.350
55.020513,3908,2048,4946,52.350
55.026300,3910,2045,4944,52.350
55.030811,3912,2043,4945,52.350
55.036430,3914,2041,4944,52.350
55.040870,3915,2040,4945,52.350
55.046666,3915,2040,4941,52.350
55.051039,3914,2042,4937,52.350
55.055449,3914,2044,4936,52.350
55.061174,3912,2045,4932,52.350
55.065630,3912,2046,4927,52.350
55.071224,3910,2045,4924,52.350
55.075730,3910,2044,4922,52.350
55.081439,3910,2044,4921,52.350
55.085862,3911,2042,4921,52.350
55.090332,3913,2040,4922,52.350
55.096033,3913,2039,4921,52.350
55.100500,3914,2037,4920,52.350
55.106188,3914,2036,4919,52.350
55.110664,3914,2035,4917,52.350
55.116256,3914,2036,4915,52.350
55.120702,3912,2038,4914,52.350
55.126409,3911,2040,4912,52.350
55.130842,3911,2043,4910,52.350
55.135305,3911,2047,4909,52.350
55.140980,3911,2050,4908,52.350
55.145384,3910,2052,4911,52.350
55.151026,3910,2053,4912,52.350
55.155520,3911,2052,4916,52.350
55.161242,3910,2051,4919,52.350
55.165657,3910,2050,4921,52.350
55.170134,3910,2050,4923,52.350
55.175823,3910,2052,4925,52.350
55.180203,3910,2055,4923,52.350
55.185909,3910,2058,4923,52.350
55.190352,3911,2059,4923,52.350
55.196071,3912,2058,4925,52.350
55.200544,3912,2056,4926,52.350
55.206293,3914,2055,4929,52.350
55.210631,3915,2054,4928,52.350
55.215093,3912,2054,4925,52.350
55.220777,3909,2054,4921,52.350
55.225257,3906,2054,4918,52.350
55.230887,3904,2053,4916,52.350
55.235338,3904,2052,4918,52.350
55.241045,3904,2053,4923,52.350
55.245487,3905,2052,4926,52.350
55.249885,3904,2052,4930,52.350
55.255562,3903,2051,4933,52.350
55.259734,3903,2049,4933,52.350
55.265422,3902,2050,4934,52.350
55.270204,3904,2050,4931,52.350
55.275664,3906,2050,4930,52.350
55.280281,3906,2050,4929,52.350
55.285994,3907,2051,4925,52.350
55.290396,3909,2050,4927,52.350
55.294547,3910,2051,4928,52.350
55.300282,3911,2051,4928,52.350
55.304759,3913,2052,4928,52.350
55.310685,3913,2053,4926,52.350
55.315115,3913,2055,4926,52.350
55.320846,3914,2056,4925,52.350
55.325281,3912,2058,4925,52.350
55.329642,3911,2060,4924,52.350
55.335407,3910,2061,4922,52.350
55.339810,3910,2061,4919,52.350
55.345462,3910,2060,4916,52.350
55.349949,3910,2060,4913,52.350
55.355615,3911,2058,4910,52.350
55.360064,3910,2057,4909,52.350
55.365740,3910,2058,4908,52.350
55.370148,3909,2058,4909,52.350
55.374607,3910,2059,4913,52.350
55.380371,3912,2060,4916,52.350
55.384773,3915,2059,4921,52.350
55.390413,3916,2059,4926,52.350
55.394788,3916,2057,4929,52.350
55.400635,3914,2055,4930,52.350
55.405080,3912,2053,4933,52.350
55.409492,3912,2051,4937,52.350
55.415432,3912,2051,4940,52.350
55.419583,3913,2051,4942,52.350
55.425298,3915,2053,4942,52.350
55.429760,3917,2055,4941,52.350
55.435433,3917,2056,4940,52.350
55.439827,3915,2057,4943,52.350
55.445549,3911,2057,4942,52.350
55.450011,3910,2057,4939,52.350
55.454483,3908,2057,4933,52.350
55.460106,3909,2058,4929,52.350
55.464558,3910,2060,4925,52.350
55.470239,3911,2062,4922,52.350
55.474659,3912,2062,4923,52.350
55.480405,3913,2061,4923,52.350
55.484823,3913,2060,4923,52.350
55.489245,3913,2059,4924,52.350
55.494974,3912,2058,4927,52.350
55.499361,3910,2056,4931,52.350
55.505058,3910,2056,4931,52.350
55.509582,3910,2055,4933,52.350
55.515144,3911,2052,4932,52.350
55.519668,3912,2051,4927,52.350
55.525394,3910,2048,4922,52.350
55.529602,3908,2047,4917,52.350
55.534205,3906,2045,4912,52.350
55.539930,3904,2044,4908,52.350
55.544356,3903,2042,4907,52.350
55.550010,3903,2042,4907,52.350
55.554490,3902,2041,4910,52.350
55.560209,3904,2039,4914,52.350
55.564578,3907,2040,4919,52.350
55.568772,3910,2041,4919,52.350
55.574731,3911,2039,4920,52.350
55.579180,3912,2039,4918,52.350
55.584828,3911,2038,4913,52.350
55.589378,3911,2038,4915,52.350
55.594987,3911,2038,4916,52.350
55.599439,3911,2040,4920,52.350
55.605178,3910,2041,4924,52.350
55.609584,3909,2041,4926,52.350
55.613962,3908,2043,4928,52.350
55.619736,3907,2045,4931,52.350
55.624107,3906,2046,4935,52.350
55.629755,3904,2046,4937,52.350
55.634299,3903,2045,4939,52.350
55.639997,3902,2043,4937,52.350
55.644389,3903,2041,4937,52.350
55.648792,3903,2039,4938,52.350
55.654515,3904,2039,4939,52.350
55.658937,3905,2038,4940,52.350
55.664598,3907,2038,4938,52.350
55.669105,3910,2038,4938,52.350
55.674754,3912,2038,4937,52.350
55.679216,3914,2038,4935,52.350
55.684924,3915,2038,4935,52.350
55.689383,3917,2037,4936,52.350
55.693782,3920,2034,4936,52.350
55.699473,3922,2032,4936,52.350
55.703966,3923,2030,4934,52.350
55.709638,3924,2030,4931,52.350
55.714069,3924,2031,4926,52.350
55.719755,3922,2033,4923,52.350
55.724171,3920,2036,4919,52.350
55.728574,3918,2039,4915,52.350
55.734336,3917,2043,4915,52.350
55.738718,3916,2046,4913,52.350
55.744408,3918,2049,4909,52.350
55.748901,3918,2050,4907,52.350
55.754529,3919,2051,4906,52.350
55.758996,3918,2051,4907,52.350
55.764483,3916,2051,4909,52.350
55.769128,3915,2049,4914,52.350
55.773500,3913,2048,4916,52.350
55.779270,3913,2046,4917,52.350
55.783679,3915,2045,4920,52.350
55.789304,3915,2043,4922,52.350
55.793851,3918,2042,4927,52.350
55.799521,3919,2042,4928,52.350
55.803925,3920,2040,4927,52.350
55.808367,3921,2038,4926,52.350
55.814119,3921,2038,4920,52.350
55.818514,3922,2037,4915,52.350
55.824241,3924,2036,4910,52.350
55.828643,3924,2036,4905,52.350
55.834319,3925,2037,4903,52.350
55.838758,3926,2038,4903,52.350
55.844472,3925,2039,4903,52.350
55.848901,3924,2041,4908,52.350
55.853302,3923,2043,4913,52.350
55.859044,3922,2044,4918,52.350
55.863463,3921,2044,4924,52.350
55.869137,3921,2044,4929,52.350
55.873589,3922,2043,4930,52.350
55.879266,3923,2043,4931,52.350
55.883707,3924,2044,4931,52.350
55.888166,3924,2046,4932,52.350
55.893890,3924,2048,4931,52.350
55.898330,3924,2050,4929,52.350
55.904001,3922,2050,4928,52.350
55.908458,3919,2049,4926,52.350
55.914125,3916,2049,4925,52.350
55.918559,3914,2047,4924,52.350
55.924287,3912,2047,4924,52.350
55.928704,3913,2044,4926,52.350
55.933116,3913,2042,4928,52.350
55.938812,3914,2042,4930,52.350
55.943239,3914,2042,4935,52.350
55.948941,3914,2042,4938,52.350
55.953389,3915,2043,4935,52.350
55.959063,3916,2044,4931,52.350
55.963501,3918,2044,4925,52.350
55.967956,3919,2044,4917,52.350
55.973625,3919,2043,4914,52.350
55.978082,3918,2041,4912,52.350
55.983791,3918,2040,4911,52.350
55.988252,3918,2039,4913,52.350
55.993933,3919,2040,4913,52.350
55.998088,3919,2041,4915,52.350
56.003709,3919,2042,4917,52.350
56.008224,3918,2044,4920,52.350
56.012573,3921,2046,4922,52.350
56.018368,3923,2046,4919,52.350
56.022741,3924,2048,4919,52.350
56.028415,3924,2049,4918,52.350
56.032876,3920,2048,4920,52.350
56.038540,3917,2046,4924,52.350
56.043244,3914,2045,4928,52.350
56.047675,3910,2043,4933,52.350
56.053321,3911,2042,4934,52.350
56.057833,3910,2043,4934,52.350
56.063503,3908,2044,4933,52.350
56.068025,3908,2046,4930,52.350
56.073674,3907,2046,4932,52.350
56.078116,3907,2046,4933,52.350
56.083833,3908,2046,4931,52.350
56.088264,3910,2047,4932,52.350
56.092709,3911,2048,4933,52.350
56.098471,3910,2051,4933,52.350
56.102882,3910,2053,4932,52.350
56.108495,3909,2054,4929,52.350
56.112932,3909,2055,4925,52.350
56.118523,3908,2056,4924,52.350
56.123096,3909,2056,4923,52.350
56.127513,3910,2054,4923,52.350
56.133302,3911,2053,4924,52.350
56.137664,3913,2054,4924,52.350
56.143329,3916,2054,4923,52.350
56.147762,3918,2053,4919,52.350
56.153452,3920,2052,4917,52.350
56.157898,3921,2054,4913,52.350
56.163631,3922,2053,4912,52.350
56.168029,3921,2054,4911,52.350
56.172167,3920,2053,4910,52.350
56.178166,3920,2050,4911,52.350
56.182588,3919,2050,4910,52.350
56.188241,3918,2050,4910,52.350
56.192787,3919,2049,4912,52.350
56.198436,3919,2049,4913,52.350
56.202878,3920,2050,4913,52.350
56.207331,3920,2049,4913,52.350
56.212987,3917,2050,4913,52.350
56.217456,3916,2050,4914,52.350
56.223112,3914,2050,4915,52.350
56.227573,3914,2049,4915,52.350
56.233232,3915,2049,4915,52.350
56.237695,3917,2048,4918,52.350
56.243395,3918,2047,4918,52.350
56.247838,3918,2047,4918,52.350
56.251963,3917,2045,4919,52.350
56.257987,3916,2044,4918,52.350
56.262413,3916,2044,4916,52.350
56.268072,3918,2044,4916,52.350
56.272518,3921,2044,4916,52.350
56.278210,3925,2045,4920,52.350
56.282662,3928,2046,4924,52.350
56.287118,3929,2048,4928,52.350
56.292813,3928,2050,4929,52.350
56.297009,3926,2051,4931,52.350
56.302940,3923,2054,4930,52.350
56.307388,3922,2056,4931,52.350
56.313073,3920,2056,4934,52.350
56.317475,3919,2054,4935,52.350
56.323240,3920,2051,4937,52.350
56.327627,3921,2047,4940,52.350
56.332027,3922,2044,4942,52.350
56.337755,3922,2042,4945,52.350
56.342188,3924,2042,4945,52.350
56.347878,3924,2044,4944,52.350
56.352324,3925,2047,4941,52.350
56.358035,3925,2047,4937,52.350
56.362419,3925,2047,4938,52.350
56.366853,3926,2046,4936,52.350
56.372605,3928,2045,4935,52.350
56.377020,3928,2045,4936,52.350
56.382674,3928,2045,4938,52.350
56.387195,3926,2046,4938,52.350
56.392834,3923,2045,4939,52.350
56.397325,3919,2046,4939,52.350
56.402948,3916,2046,4937,52.350
56.407433,3914,2045,4935,52.350
56.411830,3914,2045,4933,52.350
56.417554,3913,2046,4930,52.350
56.421986,3913,2046,4927,52.350
56.427681,3912,2045,4923,52.350
56.432071,3911,2047,4919,52.350
56.437794,3909,2048,4917,52.350
56.442179,3907,2047,4918,52.350
56.446662,3905,2046,4919,52.350
56.452392,3905,2044,4919,52.350
56.456761,3904,2041,4920,52.350
56.462250,3903,2037,4920,52.350
56.466914,3901,2035,4921,52.350
56.472599,3898,2036,4921,52.350
56.477104,3897,2037,4922,52.350
56.482754,3895,2039,4921,52.350
56.487223,3895,2040,4920,52.350
56.491637,3897,2041,4919,52.350
56.497370,3899,2042,4919,52.350
56.501814,3903,2041,4918,52.350
56.507461,3906,2039,4919,52.350
56.511946,3908,2038,4918,52.350
56.517553,3910,2037,4915,52.350
56.522016,3913,2035,4913,52.350
56.526437,3914,2035,4910,52.350
56.532154,3917,2035,4908,52.350
56.536604,3919,2034,4910,52.350
56.542273,3920,2034,4910,52.350
56.546713,3921,2035,4910,52.350
56.552420,3923,2036,4913,52.350
56.556856,3923,2036,4913,52.350
56.562547,3923,2038,4912,52.350
56.567002,3923,2039,4911,52.350
56.571245,3921,2039,4911,52.350
56.577141,3917,2040,4913,52.350
56.581537,3915,2040,4916,52.350
56.587033,3914,2042,4920,52.350
56.591673,3913,2044,4921,52.350
56.597393,3914,2046,4921,52.350
56.601861,3915,2048,4920,52.350
56.606215,3915,2050,4919,52.350
56.611979,3914,2050,4919,52.350
56.616406,3913,2050,4917,52.350
56.622050,3912,2050,4917,52.350
56.626544,3911,2051,4917,52.350
56.632222,3911,2052,4917,52.350
56.636624,3913,2053,4917,52.350
56.642368,3915,2054,4917,52.350
56.646818,3916,2054,4918,52.350
56.651201,3918,2055,4918,52.350
56.656938,3917,2056,4919,52.350
56.661360,3915,2057,4920,52.350
56.667032,3913,2059,4921,52.350
56.671505,3912,2059,4922,52.350
56.677216,3912,2056,4923,52.350
56.681720,3912,2054,4922,52.350
56.686038,3914,2050,4924,52.350
56.691784,3913,2047,4922,52.350
56.696183,3912,2045,4920,52.350
56.701875,3910,2043,4918,52.350
56.706331,3909,2040,4918,52.350
56.712009,3910,2040,4916,52.350
56.716438,3913,2040,4917,52.350
56.722173,3915,2041,4917,52.350
56.726567,3917,2044,4916,52.350
56.730770,3918,2047,4914,52.350
56.736732,3917,2048,4910,52.350
56.741169,3918,2049,4907,52.350
56.746786,3918,2048,4901,52.350
56.751012,3918,2046,4897,52.350
56.756961,3915,2046,4897,52.350
56.761352,3913,2046,4898,52.350
56.765824,3910,2047,4904,52.350
56.771554,3909,2049,4910,52.350
56.776007,3910,2050,4915,52.350
56.781645,3909,2052,4919,52.350
56.786151,3908,2054,4924,52.350
56.791802,3908,2054,4927,52.350
56.796278,3906,2054,4926,52.350
56.801940,3907,2052,4924,52.350
56.806378,3909,2050,4920,52.350
56.810801,3910,2050,4918,52.350
56.816563,3910,2049,4915,52.350
56.820916,3909,2048,4916,52.350
56.826609,3908,2047,4915,52.350
56.830992,3908,2045,4913,52.350
56.836729,3910,2043,4912,52.350
56.841177,3912,2042,4911,52.350
56.845587,3915,2041,4911,52.350
56.851329,3917,2040,4911,52.350
56.855746,3919,2041,4911,52.350
56.861425,3920,2041,4910,52.350
56.865914,3920,2041,4909,52.350
56.871571,3921,2042,4909,52.350
56.875982,3922,2043,4908,52.350
56.881717,3924,2044,4908,52.350
56.886166,3925,2045,4906,52.350
56.890607,3925,2044,4905,52.350
56.896333,3923,2040,4903,52.350
56.900729,3923,2037,4901,52.350
56.906399,3923,2036,4899,52.350
56.910880,3924,2036,4896,52.350
56.916562,3924,2037,4897,52.350
56.920965,3925,2038,4897,52.350
56.925399,3925,2039,4901,52.350
56.931176,3924,2039,4904,52.350
56.935539,3924,2039,4908,52.350
56.941207,3925,2038,4913,52.350
56.945694,3927,2039,4913,52.350
56.951350,3929,2041,4916,52.350
56.955799,3930,2042,4918,52.350
56.961524,3931,2043,4920,52.350
56.965939,3930,2044,4921,52.350
56.970406,3929,2044,4924,52.350
56.976099,3928,2046,4924,52.350
56.980508,3926,2049,4924,52.350
56.986309,3927,2051,4922,52.350
56.990621,3927,2052,4919,52.350
56.996377,3927,2053,4917,52.350
57.000799,3927,2053,4917,52.350
57.004915,3926,2055,4918,52.350
57.010898,3923,2055,4918,52.350
57.015348,3922,2055,4918,52.350
57.020796,3919,2054,4917,52.350
57.025462,3915,2052,4915,52.350
57.031146,3911,2052,4916,52.350
57.035601,3908,2052,4920,52.350
57.041052,3906,2052,4922,52.350
57.045730,3907,2052,4925,52.350
57.050154,3909,2051,4926,52.350
57.055842,3911,2050,4929,52.350
57.060307,3912,2050,4931,52.350
57.065983,3914,2050,4934,52.350
57.070465,3917,2050,4933,52.350
57.076094,3919,2051,4933,52.350
57.080545,3922,2052,4931,52.350
57.085011,3923,2052,4930,52.350
57.090708,3922,2053,4932,52.350
57.095119,3921,2052,4930,52.350
57.100778,3918,2053,4927,52.350
57.105322,3916,2053,4925,52.350
57.110968,3913,2054,4924,52.350
57.115327,3912,2053,4921,52.350
57.121100,3912,2053,4921,52.350
57.125498,3913,2051,4919,52.350
57.129959,3914,2050,4915,52.350
57.135632,3916,2050,4914,52.350
57.140074,3917,2050,4915,52.350
57.145744,3917,2050,4918,52.350
57.150211,3917,2050,4924,52.350
57.155883,3916,2049,4930,52.350
57.160339,3916,2050,4932,52.350
57.164783,3915,2051,4930,52.350
57.170665,3915,2051,4928,52.350
57.174923,3914,2052,4927,52.350
57.180546,3913,2052,4926,52.350
57.185058,3913,2052,4926,52.350
57.190756,3916,2051,4927,52.350
57.195211,3920,2049,4930,52.350
57.200914,3923,2046,4931,52.350
57.205341,3923,2043,4935,52.350
57.209729,3921,2041,4933,52.350
57.215447,3920,2039,4933,52.350
57.219876,3918,2036,4933,52.350
57.225532,3916,2034,4932,52.350
57.230018,3913,2034,4930,52.350
57.235766,3912,2033,4930,52.350
57.240119,3912,2033,4928,52.350
57.244519,3912,2031,4926,52.350
57.250286,3912,2029,4926,52.350
57.254450,3912,2028,4926,52.350
57.260366,3912,2029,4929,52.350
57.264812,3914,2031,4933,52.350
57.270531,3916,2033,4935,52.350
57.274932,3919,2035,4934,52.350
57.280641,3923,2036,4932,52.350
57.285103,3924,2036,4928,52.350
57.289490,3925,2038,4924,52.350
57.295309,3925,2040,4921,52.350
57.299388,3925,2040,4918,52.350
57.305046,3922,2042,4916,52.350
57.309765,3920,2043,4916,52.350
57.315461,3919,2041,4918,52.350
57.319882,3919,2038,4921,52.350
57.324311,3919,2036,4921,52.350
57.330053,3921,2033,4922,52.350
57.334463,3920,2032,4922,52.350
57.340142,3919,2032,4922,52.350
57.344616,3918,2033,4923,52.350
57.350267,3916,2033,4923,52.350
57.354692,3915,2033,4923,52.350
57.360439,3914,2033,4923,52.350
57.364693,3915,2033,4923,52.350
57.369337,3917,2034,4922,52.350
57.375032,3919,2034,4921,52.350
57.379439,3923,2035,4920,52.350
57.385115,3924,2037,4920,52.350
57.389514,3925,2037,4924,52.350
57.395297,3926,2036,4931,52.350
57.399703,3927,2036,4937,52.350
57.404110,3928,2036,4942,52.350
57.409871,3930,2037,4945,52.350
57.414306,3931,2038,4942,52.350
57.419972,3930,2040,4935,52.350
57.424408,3929,2042,4931,52.350
57.430102,3928,2045,4928,52.350
57.434501,3927,2047,4927,52.350
57.440219,3925,2049,4929,52.350
57.444655,3924,2048,4932,52.350
57.449048,3923,2045,4931,52.350
57.454808,3924,2043,4930,52.350
57.458954,3925,2039,4928,52.350
57.464821,3928,2037,4925,52.350
57.469403,3929,2036,4922,52.350
57.475023,3931,2035,4919,52.350
57.479512,3933,2036,4917,52.350
57.483924,3933,2037,4914,52.350
57.489643,3932,2037,4913,52.350
57.494086,3929,2036,4916,52.350
57.499749,3926,2035,4917,52.350
57.504200,3923,2034,4920,52.350
57.509896,3921,2034,4922,52.350
57.514284,3919,2035,4921,52.350
57.520026,3918,2036,4919,52.350
57.524424,3918,2038,4918,52.350
57.528854,3917,2039,4917,52.350
57.534575,3916,2039,4919,52.350
57.538982,3916,2039,4923,52.350
57.544677,3916,2039,4924,52.350
57.549132,3915,2041,4925,52.350
57.554830,3916,2044,4926,52.350
57.559269,3916,2048,4927,52.350
57.563668,3916,2051,4929,52.350
57.569403,3915,2055,4932,52.350
57.573636,3914,2056,4935,52.350
57.579477,3913,2056,4938,52.350
57.584024,3913,2055,4942,52.350
57.589656,3912,2054,4946,52.350
57.594058,3912,2054,4948,52.350
57.599842,3912,2053,4949,52.350
57.604300,3910,2053,4948,52.350
57.608616,3909,2051,4946,52.350
57.614356,3908,2050,4943,52.350
57.618765,3906,2049,4941,52.350
57.624495,3905,2050,4939,52.350
57.628904,3904,2051,4939,52.350
57.634596,3902,2052,4939,52.350
57.639027,3900,2052,4940,52.350
57.643461,3899,2051,4940,52.350
57.649269,3898,2049,4938,52.350
57.653611,3896,2047,4937,52.350
57.659275,3896,2045,4935,52.350
57.663700,3897,2043,4933,52.350
57.669439,3898,2043,4929,52.350
57.673876,3899,2042,4924,52.350
57.679635,3900,2041,4921,52.350
57.684012,3899,2041,4920,52.350
57.688461,3898,2040,4922,52.350
57.694184,3897,2041,4924,52.350
57.698609,3899,2043,4927,52.350
57.704267,3902,2043,4928,52.350
57.708728,3904,2045,4929,52.350
57.714428,3907,2046,4929,52.350
57.718834,3909,2045,4927,52.350
57.723311,3909,2046,4928,52.350
57.728979,3909,2046,4929,52.350
57.733371,3910,2045,4930,52.350
57.739108,3911,2046,4933,52.350
57.743538,3911,2046,4936,52.350
57.749235,3912,2045,4940,52.350
57.753411,3911,2045,4941,52.350
57.759372,3910,2044,4939,52.350
57.763855,3910,2044,4939,52.350
57.768230,3908,2043,4935,52.350
57.773923,3909,2042,4931,52.350
57.778436,3910,2041,4929,52.350
57.784067,3910,2041,4928,52.350
57.788499,3911,2040,4930,52.350
57.794270,3909,2040,4933,52.350
57.798663,3907,2041,4936,52.350
57.803039,3905,2043,4937,52.350
57.808813,3904,2045,4938,52.350
57.813178,3903,2047,4937,52.350
57.818868,3903,2048,4934,52.350
57.823333,3903,2049,4934,52.350
57.829030,3902,2050,4933,52.350
57.833458,3902,2051,4934,52.350
57.839211,3901,2051,4937,52.350
57.843603,3901,2052,4939,52.350
57.848021,3902,2053,4940,52.350
57.853730,3901,2054,4940,52.350
57.858160,3899,2055,4937,52.350
57.863827,3897,2054,4935,52.350
57.868298,3895,2054,4933,52.350
57.874006,3895,2054,4931,52.350
57.878406,3895,2054,4930,52.350
57.882851,3896,2053,4930,52.350
57.888573,3898,2051,4933,52.350
57.892770,3900,2050,4932,52.350
57.898700,3902,2048,4934,52.350
57.903145,3904,2045,4938,52.350
57.908835,3904,2042,4940,52.350
57.913264,3903,2039,4941,52.350
57.918967,3901,2037,4943,52.350
57.923419,3899,2038,4941,52.350
57.927843,3899,2039,4940,52.350
57.933567,3899,2041,4942,52.350
57.937958,3900,2042,4941,52.350
57.943650,3899,2042,4941,52.350
57.948078,3899,2042,4940,52.350
57.953804,3899,2043,4937,52.350
57.958285,3901,2042,4936,52.350
57.962682,3904,2041,4935,52.350
57.968396,3908,2040,4937,52.350
57.972957,3912,2039,4942,52.350
57.978475,3913,2038,4945,52.350
57.982976,3913,2037,4948,52.350
57.988646,3912,2038,4952,52.350
57.993080,3912,2038,4954,52.350
57.998798,3914,2038,4954,52.350
58.003298,3917,2038,4953,52.350
58.007322,3919,2039,4949,52.350
58.013358,3920,2043,4944,52.350
58.017835,3919,2046,4940,52.350
58.023163,3919,2049,4938,52.350
58.027879,3918,2052,4938,52.350
58.033571,3918,2051,4940,52.350
58.037724,3918,2051,4942,52.350
58.042451,3917,2050,4947,52.350
58.048164,3916,2049,4949,52.350
58.052658,3916,2049,4951,52.350
58.058263,3915,2048,4954,52.350
58.062729,3913,2046,4957,52.350
58.068394,3913,2045,4958,52.350
58.072890,3913,2045,4960,52.350
58.078582,3912,2045,4962,52.350
58.083020,3912,2046,4961,52.350
58.087471,3910,2046,4959,52.350
58.093175,3909,2044,4957,52.350
58.097587,3909,2044,4953,52.350
58.103266,3908,2045,4946,52.350
58.107675,3907,2045,4944,52.350
58.113445,3906,2048,4939,52.350
58.117822,3905,2048,4935,52.350
58.122276,3905,2047,4935,52.350
58.127987,3904,2048,4933,52.350
58.132405,3905,2048,4932,52.350
58.138060,3904,2047,4928,52.350
58.142554,3903,2048,4922,52.350
58.148186,3904,2045,4918,52.350
58.152628,3905,2044,4917,52.350
58.158370,3907,2045,4915,52.350
58.162838,3907,2045,4916,52.350
58.167172,3906,2047,4916,52.350
58.172611,3907,2050,4912,52.350
58.177383,3908,2049,4909,52.350
58.183009,3909,2046,4909,52.350
58.187279,3911,2043,4910,52.350
58.193249,3910,2039,4911,52.350
58.197662,3911,2038,4912,52.350
58.202064,3911,2037,4914,52.350
58.207809,3910,2036,4914,52.350
58.212136,3910,2037,4912,52.350
58.217856,3911,2038,4912,52.350
58.222342,3910,2039,4910,52.350
58.227982,3910,2040,4909,52.350
58.232449,3908,2040,4907,52.350
58.238137,3908,2040,4903,52.350
58.242579,3907,2040,4902,52.350
58.246977,3904,2039,4902,52.350
58.252650,3901,2038,4900,52.350
58.257137,3898,2039,4898,52.350
58.262851,3897,2040,4895,52.350
58.267305,3898,2041,4891,52.350
58.272968,3897,2043,4891,52.350
58.277449,3898,2045,4893,52.350
58.281836,3899,2045,4894,52.350
58.287532,3901,2043,4895,52.350
58.292010,3903,2042,4895,52.350
58.297659,3904,2039,4896,52.350
58.302130,3907,2037,4901,52.350
58.307836,3908,2035,4905,52.350
58.312268,3909,2034,4909,52.350
58.317919,3911,2031,4911,52.350
58.322384,3914,2028,4910,52.350
58.326795,3915,2027,4909,52.350
58.332510,3915,2026,4910,52.350
58.336926,3914,2027,4912,52.350
58.342626,3912,2028,4916,52.350
58.347080,3911,2030,4919,52.350
58.352755,3911,2032,4922,52.350
58.357203,3912,2035,4925,52.350
58.361638,3914,2039,4927,52.350
58.367351,3915,2042,4931,52.350
58.371838,3916,2045,4934,52.350
58.377455,3915,2046,4935,52.350
58.381964,3915,2045,4937,52.350
58.387617,3913,2044,4940,52.350
58.392080,3914,2044,4938,52.350
58.397763,3912,2045,4935,52.350
58.402191,3913,2044,4931,52.350
58.406596,3912,2045,4929,52.350
58.412313,3911,2044,4927,52.350
58.416721,3910,2045,4923,52.350
58.422410,3909,2047,4922,52.350
58.426878,3909,2050,4920,52.350
58.432572,3909,2052,4920,52.350
58.436913,3909,2054,4921,52.350
58.441414,3908,2054,4922,52.350
58.447140,3908,2052,4924,52.350
58.451566,3906,2052,4926,52.350
58.457213,3907,2052,4929,52.350
58.461486,3906,2052,4929,52.350
58.467150,3908,2051,4930,52.350
58.471793,3909,2052,4930,52.350
58.477517,3911,2054,4930,52.350
58.481998,3914,2054,4932,52.350
58.486408,3914,2056,4932,52.350
58.492132,3916,2056,4932,52.350
58.496538,3917,2056,4932,52.350
58.502243,3915,2056,4931,52.350
58.506649,3913,2056,4929,52.350
58.512404,3913,2055,4926,52.350
58.516787,3913,2055,4921,52.350
58.521209,3914,2056,4917,52.350
58.526938,3916,2055,4915,52.350
58.531331,3918,2055,4914,52.350
58.537050,3920,2054,4913,52.350
58.541490,3920,2053,4915,52.350
58.547218,3919,2053,4916,52.350
58.551654,3918,2054,4918,52.350
58.557315,3917,2054,4921,52.350
58.561835,3917,2055,4924,52.350
58.566165,3916,2056,4926,52.350
58.571638,3917,2057,4926,52.350
58.576287,3917,2058,4926,52.350
58.582014,3918,2058,4925,52.350
58.586507,3918,2057,4928,52.350
58.592166,3918,2055,4933,52.350
58.596620,3917,2053,4937,52.350
58.601008,3915,2052,4939,52.350
58.606744,3915,2052,4940,52.350
58.611133,3915,2051,4937,52.350
58.616780,3916,2050,4932,52.350
58.621303,3916,2049,4928,52.350
58.626971,3916,2050,4927,52.350
58.631272,3915,2050,4925,52.350
58.637195,3915,2049,4925,52.350
58.641579,3915,2047,4926,52.350
58.646006,3916,2044,4928,52.350
58.651706,3915,2043,4929,52.350
58.656139,3915,2044,4932,52.350
58.661806,3915,2045,4931,52.350
58.666314,3915,2047,4930,52.350
58.672023,3914,2047,4928,52.350
58.676375,3914,2047,4929,52.350
58.680835,3912,2048,4930,52.350
58.686560,3911,2050,4929,52.350
58.690934,3910,2051,4931,52.350
58.696621,3912,2052,4930,52.350
58.701102,3914,2052,4928,52.350
58.706811,3917,2050,4928,52.350
58.711190,3921,2049,4929,52.350
58.716971,3924,2048,4930,52.350
58.721373,3926,2047,4932,52.350
58.725756,3926,2047,4933,52.350
58.731476,3923,2047,4932,52.350
58.735899,3919,2048,4930,52.350
58.741604,3916,2048,4931,52.350
58.746054,3914,2049,4933,52.350
58.751502,3912,2051,4934,52.350
58.756138,3909,2050,4934,52.350
58.760635,3907,2046,4935,52.350
58.766325,3904,2043,4933,52.350
58.770769,3903,2040,4931,52.350
58.776451,3902,2037,4932,52.350
58.780915,3903,2036,4931,52.350
58.786568,3903,2035,4930,52.350
58.791026,3902,2034,4931,52.350
58.796758,3902,2036,4933,52.350
58.801195,3900,2039,4936,52.350
58.805542,3899,2044,4940,52.350
58.811308,3899,2049,4945,52.350
58.815696,3899,2051,4947,52.350
58.821396,3900,2052,4947,52.350
58.825819,3901,2051,4946,52.350
58.831524,3903,2049,4945,52.350
58.835960,3904,2048,4944,52.350
58.840399,3907,2048,4944,52.350
58.846120,3909,2049,4944,52.350
58.850523,3909,2049,4944,52.350
58.856210,3909,2049,4943,52.350
58.860691,3909,2049,4940,52.350
58.866345,3909,2050,4937,52.350
58.870811,3908,2051,4931,52.350
58.876549,3909,2051,4925,52.350
58.880941,3911,2051,4921,52.350
58.885364,3912,2049,4919,52.350
58.891140,3914,2048,4922,52.350
58.895222,3916,2048,4927,52.350
58.900996,3918,2048,4930,52.350
58.905633,3917,2049,4931,52.350
58.911355,3917,2049,4930,52.350
58.915737,3916,2050,4929,52.350
58.920181,3913,2051,4929,52.350
58.925940,3912,2051,4929,52.350
58.930309,3909,2051,4929,52.350
58.935983,3907,2051,4929,52.350
58.940465,3906,2050,4929,52.350
58.946209,3907,2048,4929,52.350
58.950605,3910,2046,4928,52.350
58.956324,3911,2044,4927,52.350
58.960730,3911,2042,4926,52.350
58.964973,3910,2040,4925,52.350
58.970809,3909,2040,4926,52.350
58.975308,3910,2040,4927,52.350
58.981012,3912,2041,4928,52.350
58.985436,3915,2042,4930,52.350
58.991146,3918,2044,4930,52.350
58.995572,3918,2045,4932,52.350
58.999994,3919,2046,4936,52.350
59.005689,3920,2047,4941,52.350
59.009814,3920,2048,4945,52.350
59.015775,3921,2049,4949,52.350
59.020423,3924,2049,4951,52.350
59.025937,3927,2051,4949,52.350
59.030355,3931,2051,4946,52.350
59.036092,3935,2050,4942,52.350
59.040293,3935,2049,4937,52.350
59.044973,3934,2048,4932,52.350
59.050675,3932,2046,4930,52.350
59.054977,3930,2044,4930,52.350
59.060762,3929,2043,4929,52.350
59.065241,3926,2043,4930,52.350
59.070930,3924,2045,4929,52.350
59.075348,3922,2046,4925,52.350
59.079818,3921,2048,4924,52.350
59.085546,3920,2047,4923,52.350
59.089892,3922,2047,4920,52.350
59.095627,3922,2045,4920,52.350
59.100084,3921,2044,4919,52.350
59.105797,3919,2045,4918,52.350
59.110173,3916,2044,4921,52.350
59.115861,3916,2045,4922,52.350
59.120350,3916,2046,4921,52.350
59.124720,3914,2047,4920,52.350
59.130452,3916,2048,4919,52.350
59.134923,3915,2046,4920,52.350
59.140613,3914,2043,4922,52.350
59.145000,3915,2041,4927,52.350
59.150734,3915,2039,4928,52.350
59.155170,3915,2038,4929,52.350
59.159575,3916,2037,4929,52.350
59.165316,3916,2037,4927,52.350
59.169718,3916,2036,4925,52.350
59.175398,3915,2034,4924,52.350
59.179874,3915,2033,4923,52.350
59.185561,3914,2034,4922,52.350
59.189983,3912,2035,4922,52.350
59.195688,3910,2036,4923,52.350
59.200139,3908,2036,4922,52.350
59.204541,3908,2036,4920,52.350
59.210343,3906,2036,4920,52.350
59.214652,3907,2037,4919,52.350
59.220346,3908,2039,4920,52.350
59.224801,3910,2041,4921,52.350
59.230500,3912,2042,4922,52.350
59.234940,3912,2042,4924,52.350
59.239357,3911,2041,4923,52.350
59.245072,3909,2040,4921,52.350
59.249529,3906,2038,4918,52.350
59.255212,3905,2037,4915,52.350
59.259685,3905,2036,4913,52.350
59.265306,3906,2036,4912,52.350
59.269825,3908,2037,4912,52.350
59.275511,3912,2037,4915,52.350
59.279903,3915,2037,4916,52.350
59.284335,3915,2037,4917,52.350
59.290071,3915,2036,4919,52.350
59.294443,3914,2035,4920,52.350
59.300133,3914,2033,4921,52.350
59.304595,3914,2032,4924,52.350
59.310294,3915,2032,4926,52.350
59.314758,3920,2034,4925,52.350
59.319158,3924,2037,4922,52.350
59.324856,3930,2040,4918,52.350
59.329310,3934,2043,4914,52.350
59.334959,3935,2043,4914,52.350
59.339427,3934,2044,4915,52.350
59.345100,3931,2045,4916,52.350
59.349553,3928,2045,4914,52.350
59.355242,3926,2046,4914,52.350
59.359709,3925,2046,4913,52.350
59.364140,3924,2045,4914,52.350
59.369832,3924,2043,4917,52.350
59.374296,3922,2040,4921,52.350
59.379969,3920,2038,4923,52.350
59.384388,3917,2037,4928,52.350
59.390061,3916,2035,4930,52.350
59.394505,3916,2034,4930,52.350
59.398927,3917,2033,4928,52.350
59.404682,3919,2033,4926,52.350
59.409091,3921,2033,4924,52.350
59.414747,3921,2035,4921,52.350
59.419302,3922,2036,4918,52.350
59.424908,3923,2039,4913,52.350
59.429324,3922,2040,4909,52.350
59.435033,3920,2042,4906,52.350
59.439500,3918,2044,4901,52.350
59.443894,3916,2043,4902,52.350
59.449645,3914,2042,4901,52.350
59.454104,3914,2041,4903,52.350
59.459731,3914,2038,4907,52.350
59.464200,3914,2038,4914,52.350
59.469892,3916,2036,4919,52.350
59.474305,3916,2037,4922,52.350
59.478752,3917,2038,4924,52.350
59.484502,3919,2039,4924,52.350
59.488881,3920,2040,4925,52.350
59.494574,3921,2044,4925,52.350
59.499042,3921,2047,4925,52.350
59.504728,3919,2050,4926,52.350
59.509102,3918,2052,4926,52.350
59.514891,3916,2054,4927,52.350
59.519269,3916,2056,4928,52.350
59.523669,3915,2059,4930,52.350
59.529407,3916,2062,4930,52.350
59.533816,3916,2063,4928,52.350
59.539293,3914,2062,4928,52.350
59.543945,3911,2061,4925,52.350
59.549675,3909,2060,4924,52.350
59.554094,3907,2058,4921,52.350
59.558521,3906,2055,4918,52.350
59.564309,3906,2053,4919,52.350
59.568652,3906,2052,4918,52.350
59.574189,3907,2050,4918,52.350
59.578837,3907,2049,4920,52.350
59.584499,3906,2050,4921,52.350
59.588952,3907,2049,4925,52.350
59.594639,3909,2049,4926,52.350
59.599029,3911,2049,4924,52.350
59.603462,3913,2050,4923,52.350
59.609201,3913,2049,4922,52.350
59.613617,3912,2048,4924,52.350
59.619339,3910,2049,4929,52.350
59.623705,3908,2047,4934,52.350
59.629418,3907,2047,4937,52.350
59.633595,3907,2047,4939,52.350
59.638054,3907,2047,4939,52.350
59.643705,3908,2044,4938,52.350
59.648133,3910,2042,4936,52.350
59.653862,3911,2041,4936,52.350
59.658639,3912,2040,4935,52.350
59.664256,3911,2041,4935,52.350
59.668733,3911,2042,4937,52.350
59.674379,3911,2041,4935,52.350
59.678863,3911,2041,4933,52.350
59.683235,3911,2040,4930,52.350
59.689014,3913,2040,4926,52.350
59.693386,3914,2042,4922,52.350
59.699134,3915,2044,4918,52.350
59.703503,3916,2045,4916,52.350
59.709217,3916,2046,4913,52.350
59.713629,3915,2045,4913,52.350
59.717822,3915,2044,4915,52.350
59.723561,3916,2044,4913,52.350
59.727956,3918,2045,4914,52.350
59.733873,3919,2045,4916,52.350
59.738358,3921,2046,4916,52.350
59.744100,3921,2047,4918,52.350
59.748456,3923,2046,4923,52.350
59.754136,3922,2045,4928,52.350
59.758673,3922,2044,4932,52.350
59.763049,3922,2043,4933,52.350
59.768760,3922,2043,4931,52.350
59.773182,3923,2044,4929,52.350
59.778881,3925,2044,4928,52.350
59.783288,3926,2047,4929,52.350
59.788980,3928,2047,4931,52.350
59.793486,3929,2049,4935,52.350
59.797815,3931,2049,4938,52.350
59.803551,3931,2048,4940,52.350
59.808000,3931,2047,4942,52.350
59.813651,3931,2047,4943,52.350
59.818138,3929,2046,4942,52.350
59.823789,3926,2044,4942,52.350
59.828259,3924,2043,4939,52.350
59.833959,3920,2041,4939,52.350
59.838401,3916,2040,4940,52.350
59.842816,3913,2041,4942,52.350
59.848529,3911,2041,4944,52.350
59.852952,3908,2043,4947,52.350
59.858609,3907,2044,4949,52.350
59.863098,3907,2046,4950,52.350
59.868811,3907,2048,4948,52.350
59.873231,3908,2049,4942,52.350
59.877642,3909,2050,4937,52.350
59.883404,3908,2051,4934,52.350
59.887778,3907,2052,4929,52.350
59.893485,3907,2053,4927,52.350
59.897592,3906,2056,4925,52.350
59.903582,3906,2058,4919,52.350
59.908020,3907,2060,4914,52.350
59.913753,3909,2060,4912,52.350
59.918188,3911,2061,4914,52.350
59.922608,3912,2060,4914,52.350
59.928347,3912,2059,4917,52.350
59.932746,3913,2059,4922,52.350
59.938402,3915,2056,4924,52.350
59.942883,3917,2054,4925,52.350
59.948549,3918,2054,4925,52.350
59.953006,3919,2052,4922,52.350
59.957443,3918,2051,4920,52.350
59.963211,3917,2049,4922,52.350
59.967584,3917,2047,4924,52.350
59.973268,3916,2044,4924,52.350
59.977716,3915,2042,4926,52.350
59.983401,3916,2040,4927,52.350
59.987839,3918,2039,4928,52.350
59.993556,3919,2040,4928,52.350
59.997989,3921,2042,4929,52.350
60.002387,3922,2043,4929,52.350
60.007842,3920,2046,4929,52.350
60.012531,3919,2046,4928,52.350
60.018201,3917,2046,4929,52.350
60.022462,3913,2047,4930,52.350
60.028443,3912,2045,4930,52.350
60.032768,3909,2044,4931,52.350
60.037049,3910,2044,4931,52.350
60.042922,3911,2044,4931,52.350
60.047335,3913,2043,4931,52.350
60.053034,3917,2043,4933,52.350
60.057513,3918,2043,4936,52.350
60.063201,3921,2041,4937,52.350
60.067644,3923,2039,4938,52.350
60.073345,3925,2038,4934,52.350
60.077766,3926,2038,4929,52.350
60.082179,3926,2040,4923,52.350
60.087937,3926,2041,4918,52.350
60.092348,3925,2041,4920,52.350
60.098045,3922,2043,4919,52.350
60.102468,3922,2043,4919,52.350
60.108207,3922,2044,4918,52.350
60.112549,3921,2046,4917,52.350
60.116987,3921,2047,4916,52.350
60.122743,3922,2047,4914,52.350
60.127115,3922,2048,4913,52.350
60.132798,3921,2047,4912,52.350
60.137309,3919,2044,4912,52.350
60.142964,3917,2041,4914,52.350
60.147480,3915,2038,4914,52.350
60.153114,3915,2035,4914,52.350
60.157548,3915,2033,4916,52.350
60.161979,3914,2032,4917,52.350
60.167707,3913,2033,4918,52.350
60.171903,3913,2033,4917,52.350
60.177775,3912,2033,4917,52.350
60.182229,3913,2033,4917,52.350
60.187938,3913,2033,4915,52.350
60.192352,3911,2034,4916,52.350
60.196783,3910,2036,4916,52.350
60.202499,3908,2037,4916,52.350
60.206898,3908,2037,4917,52.350
60.212599,3910,2034,4918,52.350
60.217051,3912,2032,4921,52.350
60.222730,3914,2030,4925,52.350
60.227213,3916,2030,4929,52.350
60.232904,3919,2029,4931,52.350
60.237321,3921,2032,4932,52.350
60.241798,3922,2035,4932,52.350
60.247473,3922,2038,4930,52.350
60.251606,3923,2040,4929,52.350
60.257542,3920,2043,4927,52.350
60.262060,3918,2045,4926,52.350
60.267725,3915,2046,4926,52.350
60.272153,3913,2048,4924,52.350
60.276559,3913,2049,4923,52.350
60.282322,3914,2049,4922,52.350
60.286678,3915,2051,4919,52.350
60.292395,3916,2051,4918,52.350
60.296860,3918,2052,4915,52.350
60.302527,3917,2052,4912,52.350
60.306965,3915,2053,4912,52.350
60.312634,3914,2054,4912,52.350
60.316807,3912,2054,4915,52.350
60.321540,3911,2054,4916,52.350
60.327278,3910,2053,4920,52.350
60.331669,3910,2051,4922,52.350
60.337316,3909,2049,4923,52.350
60.341835,3909,2047,4927,52.350
60.347473,3908,2045,4928,52.350
60.351912,3906,2041,4929,52.350
60.356369,3904,2038,4927,52.350
60.362095,3901,2035,4923,52.350
60.366497,3900,2033,4922,52.350
60.372174,3900,2033,4921,52.350
60.376629,3900,2036,4924,52.350
60.382294,3901,2039,4929,52.350
60.386725,3903,2041,4933,52.350
60.392470,3903,2043,4937,52.350
60.396886,3903,2045,4939,52.350
60.401348,3906,2044,4942,52.350
60.407027,3907,2044,4940,52.350
60.411440,3908,2044,4935,52.350
60.417113,3910,2045,4934,52.350
60.421585,3909,2047,4930,52.350
60.427299,3908,2049,4930,52.350
60.431729,3908,2048,4930,52.350
60.436158,3908,2047,4930,52.350
60.441831,3908,2046,4930,52.350
60.446370,3909,2044,4931,52.350
60.451960,3910,2044,4933,52.350
60.456432,3911,2044,4935,52.350
60.462050,3913,2042,4937,52.350
60.466572,3913,2041,4934,52.350
60.472244,3915,2041,4932,52.350
60.476693,3916,2042,4927,52.350
60.481060,3917,2039,4925,52.350
60.486535,3918,2039,4922,52.350
60.491237,3919,2040,4921,52.350
60.496881,3920,2041,4921,52.350
60.501344,3924,2043,4921,52.350
60.507065,3926,2045,4919,52.350
60.511469,3928,2044,4919,52.350
60.515923,3929,2043,4918,52.350
60.521374,3929,2042,4916,52.350
60.525757,3930,2041,4917,52.350
60.531732,3930,2041,4920,52.350
60.536202,3930,2043,4923,52.350
60.541892,3930,2044,4923,52.350
60.546301,3929,2045,4922,52.350
60.552035,3927,2045,4919,52.350
60.556483,3926,2045,4915,52.350
60.560881,3926,2045,4913,52.350
60.566587,3926,2044,4915,52.350
60.571003,3926,2045,4918,52.350
60.576664,3924,2046,4921,52.350
60.581139,3922,2045,4924,52.350
60.586894,3919,2044,4927,52.350
60.591254,3916,2043,4925,52.350
60.595697,3915,2041,4923,52.350
60.601397,3915,2040,4922,52.350
60.605817,3914,2038,4920,52.350
60.611483,3913,2037,4920,52.350
60.616183,3913,2036,4919,52.350
60.621647,3912,2037,4916,52.350
60.626055,3913,2038,4911,52.350
60.631784,3914,2039,4906,52.350
60.636282,3914,2039,4905,52.350
60.640614,3913,2039,4906,52.350
60.646351,3912,2040,4910,52.350
60.650760,3911,2041,4913,52.350
60.656446,3912,2041,4917,52.350
60.660939,3913,2042,4918,52.350
60.666604,3913,2042,4921,52.350
60.671083,3914,2041,4923,52.350
60.675470,3914,2041,4923,52.350
60.681227,3916,2040,4923,52.350
60.685606,3919,2040,4920,52.350
60.691296,3920,2039,4919,52.350
60.695744,3921,2039,4920,52.350
60.701444,3921,2039,4921,52.350
60.705860,3920,2039,4921,52.350
60.711567,3921,2039,4921,52.350
60.715994,3920,2041,4919,52.350
60.720419,3919,2042,4921,52.350
60.726174,3918,2042,4924,52.350
60.730577,3917,2044,4926,52.350
60.736241,3915,2044,4928,52.350
60.740740,3915,2047,4930,52.350
60.746399,3913,2051,4929,52.350
60.750500,3913,2052,4929,52.350
60.755247,3914,2052,4932,52.350
60.761018,3914,2053,4935,52.350
60.765443,3914,2050,4940,52.350
60.771089,3915,2047,4944,52.350
60.775540,3915,2045,4942,52.350
60.781240,3916,2042,4940,52.350
60.785684,3916,2041,4937,52.350
60.791364,3916,2040,4934,52.350
60.795806,3917,2039,4932,52.350
60.800202,3916,2040,4930,52.350
60.805935,3914,2040,4930,52.350
60.810352,3914,2040,4929,52.350
60.816040,3914,2040,4927,52.350
60.820507,3916,2038,4924,52.350
60.826209,3917,2037,4920,52.350
60.830602,3917,2037,4920,52.350
60.835083,3915,2037,4917,52.350
60.840769,3915,2039,4914,52.350
60.845159,3915,2040,4912,52.350
60.850809,3917,2040,4912,52.350
60.855358,3919,2041,4913,52.350
60.860987,3919,2043,4916,52.350
60.865446,3921,2044,4920,52.350
60.871170,3921,2046,4920,52.350
60.875631,3921,2047,4920,52.350
60.879972,3921,2046,4919,52.350
60.885767,3921,2046,4917,52.350
60.890127,3921,2044,4917,52.350
60.895802,3920,2042,4915,52.350
60.900285,3921,2042,4915,52.350
60.905959,3922,2041,4914,52.350
60.910403,3923,2042,4913,52.350
60.914841,3923,2043,4910,52.350
60.920560,3923,2044,4909,52.350
60.924967,3925,2044,4908,52.350
60.930440,3925,2043,4906,52.350
60.935104,3925,2041,4907,52.350
60.940771,3924,2040,4908,52.350
60.945268,3922,2039,4908,52.350
60.950939,3921,2040,4909,52.350
60.955404,3919,2042,4913,52.350
60.959781,3921,2042,4917,52.350
60.965296,3923,2043,4921,52.350
60.969952,3925,2043,4926,52.350
60.975611,3925,2043,4929,52.350
60.980116,3924,2044,4930,52.350
60.985815,3922,2044,4930,52.350
60.990100,3920,2044,4927,52.350
60.994625,3920,2044,4925,52.350
61.000023,3919,2045,4921,52.350
61.004419,3918,2046,4920,52.350
61.010088,3916,2047,4922,52.350
61.014598,3914,2048,4923,52.350
61.020311,3913,2047,4924,52.350
61.024668,3911,2045,4924,52.350
61.030465,3909,2043,4921,52.350
61.034872,3909,2042,4919,52.350
61.039237,3907,2042,4919,52.350
61.045329,3908,2042,4919,52.350
61.049742,3909,2042,4918,52.350
61.055404,3909,2042,4918,52.350
61.059877,3910,2043,4918,52.350
61.065554,3911,2044,4916,52.350
61.069995,3914,2045,4915,52.350
61.074394,3916,2044,4915,52.350
61.080155,3917,2043,4913,52.350
61.084536,3918,2042,4915,52.350
61.090225,3918,2040,4917,52.350
61.094699,3916,2039,4918,52.350
61.100378,3913,2040,4921,52.350
61.104808,3913,2042,4926,52.350
61.110497,3913,2043,4928,52.350
61.115171,3913,2046,4930,52.350
61.119343,3913,2046,4930,52.350
61.125110,3913,2047,4929,52.350
61.129513,3912,2047,4926,52.350
61.135209,3912,2048,4924,52.350
61.139645,3912,2048,4921,52.350
61.145340,3912,2048,4915,52.350
61.149752,3915,2048,4912,52.350
61.154182,3915,2046,4908,52.350
61.159953,3914,2045,4905,52.350
61.164373,3913,2044,4906,52.350
61.170000,3911,2043,4903,52.350
61.174486,3910,2041,4904,52.350
61.180244,3909,2039,4904,52.350
61.184577,3909,2037,4904,52.350
61.190341,3910,2033,4904,52.350
61.194728,3911,2030,4903,52.350
61.199163,3912,2028,4904,52.350
61.204891,3913,2029,4903,52.350
61.209315,3913,2031,4901,52.350
61.214954,3913,2032,4897,52.350
61.219418,3912,2034,4898,52.350
61.225096,3912,2034,4900,52.350
61.229569,3911,2035,4904,52.350
61.233980,3910,2034,4908,52.350
61.239743,3908,2035,4914,52.350
61.244121,3907,2036,4923,52.350
61.249847,3906,2036,4928,52.350
61.254304,3905,2038,4932,52.350
61.259950,3905,2036,4936,52.350
61.264403,3905,2035,4936,52.350
61.270136,3906,2034,4937,52.350
61.274505,3907,2034,4939,52.350
61.278977,3911,2035,4941,52.350
61.284681,3913,2040,4940,52.350
61.289076,3913,2042,4939,52.350
61.294772,3914,2044,4937,52.350
61.299214,3912,2045,4937,52.350
61.304909,3911,2045,4940,52.350
61.309346,3911,2046,4941,52.350
61.313765,3911,2047,4940,52.350
61.319480,3911,2048,4942,52.350
61.323897,3912,2049,4943,52.350
61.329569,3913,2048,4944,52.350
61.334089,3914,2047,4947,52.350
61.339723,3915,2047,4947,52.350
61.344197,3915,2045,4948,52.350
61.349961,3915,2043,4948,52.350
61.354346,3914,2041,4945,52.350
61.358756,3913,2040,4942,52.350
61.364336,3913,2040,4941,52.350
61.368899,3912,2039,4941,52.350
61.374557,3911,2038,4943,52.350
61.379028,3911,2036,4945,52.350
61.384700,3911,2034,4945,52.350
61.389153,3911,2033,4945,52.350
61.393526,3910,2031,4945,52.350
61.399267,3911,2031,4943,52.350
61.403719,3910,2031,4941,52.350
61.409407,3909,2031,4937,52.350
61.413845,3909,2032,4932,52.350
61.419522,3909,2033,4928,52.350
61.423969,3910,2035,4924,52.350
61.429704,3913,2036,4922,52.350
61.434111,3915,2035,4922,52.350
61.438543,3915,2036,4923,52.350
61.444254,3915,2038,4923,52.350
61.448706,3914,2039,4923,52.350
61.454400,3915,2041,4922,52.350
61.458854,3915,2040,4924,52.350
61.464529,3916,2039,4923,52.350
61.468944,3917,2038,4923,52.350
61.473344,3915,2037,4923,52.350
61.479097,3916,2038,4920,52.350
61.483528,3917,2039,4918,52.350
61.489160,3919,2040,4915,52.350
61.493706,3922,2040,4913,52.350
61.499322,3925,2039,4912,52.350
61.503756,3926,2038,4910,52.350
61.509463,3927,2038,4910,52.350
61.513886,3926,2039,4910,52.350
61.518308,3926,2040,4909,52.350
61.524035,3927,2040,4909,52.350
61.528483,3928,2041,4909,52.350
61.534111,3929,2040,4909,52.350
61.538592,3929,2039,4910,52.350
61.544293,3929,2039,4911,52.350
61.548757,3926,2039,4914,52.350
61.553174,3923,2040,4915,52.350
61.558880,3923,2042,4914,52.350
61.563330,3923,2042,4914,52.350
61.568972,3923,2043,4915,52.350
61.573468,3924,2043,4916,52.350
61.579090,3924,2044,4916,52.350
61.583510,3923,2045,4914,52.350
61.589265,3922,2044,4912,52.350
61.593673,3923,2045,4911,52.350
61.598083,3924,2045,4910,52.350
61.603846,3925,2045,4914,52.350
61.608219,3926,2046,4919,52.350
61.613931,3924,2046,4925,52.350
61.618060,3920,2046,4930,52.350
61.624059,3916,2045,4932,52.350
61.628525,3913,2045,4933,52.350
61.632945,3911,2045,4934,52.350
61.638623,3913,2044,4934,52.350
61.643080,3915,2047,4934,52.350
61.648706,3917,2048,4932,52.350
61.653245,3919,2050,4928,52.350
61.658923,3919,2052,4926,52.350
61.663379,3920,2051,4925,52.350
61.669030,3921,2050,4926,52.350
61.673488,3921,2048,4927,52.350
61.677897,3920,2048,4929,52.350
61.683628,3921,2048,4932,52.350
61.688026,3921,2049,4934,52.350
61.693724,3921,2051,4934,52.350
61.698155,3922,2055,4934,52.350
61.703860,3921,2058,4931,52.350
61.708301,3920,2059,4928,52.350
61.712687,3919,2060,4927,52.350
61.718421,3917,2060,4926,52.350
61.722871,3917,2059,4927,52.350
61.728547,3917,2057,4928,52.350
61.733012,3918,2055,4930,52.350
61.738701,3918,2054,4931,52.350
61.743127,3918,2053,4932,52.350
61.748831,3919,2052,4930,52.350
61.752997,3917,2052,4929,52.350
61.757657,3914,2053,4924,52.350
61.763475,3912,2051,4920,52.350
61.767812,3910,2049,4918,52.350
61.773475,3911,2050,4916,52.350
61.777978,3912,2049,4918,52.350
61.783671,3912,2050,4920,52.350
61.787896,3913,2052,4920,52.350
61.792491,3913,2051,4921,52.350
61.798270,3913,2051,4920,52.350
61.802657,3914,2050,4919,52.350
61.808352,3913,2049,4918,52.350
61.812770,3912,2049,4917,52.350
61.818466,3911,2049,4917,52.350
61.822909,3909,2049,4916,52.350
61.828601,3907,2050,4916,52.350
61.833043,3906,2050,4918,52.350
61.837492,3906,2049,4919,52.350
61.843201,3908,2049,4918,52.350
61.847659,3910,2048,4916,52.350
61.853285,3913,2047,4913,52.350
61.857734,3914,2048,4908,52.350
61.863446,3915,2049,4907,52.350
61.867880,3916,2049,4906,52.350
61.872553,3915,2052,4906,52.350
61.878071,3914,2052,4908,52.350
61.882440,3914,2051,4909,52.350
61.888112,3913,2050,4911,52.350
61.892580,3913,2047,4916,52.350
61.898240,3911,2047,4917,52.350
61.902681,3912,2049,4916,52.350
61.908386,3912,2052,4912,52.350
61.912582,3911,2054,4909,52.350
61.917220,3910,2054,4907,52.350
61.922963,3908,2054,4906,52.350
61.927415,3906,2055,4905,52.350
61.933058,3905,2056,4906,52.350
61.937521,3906,2055,4905,52.350
61.943242,3905,2055,4904,52.350
61.947681,3906,2055,4901,52.350
61.952087,3906,2054,4899,52.350
61.957785,3905,2054,4901,52.350
61.962221,3905,2054,4905,52.350
61.967938,3904,2052,4915,52.350
61.972458,3905,2051,4921,52.350
61.978099,3907,2050,4926,52.350
61.982474,3908,2049,4928,52.350
61.988252,3909,2050,4928,52.350
61.992604,3910,2049,4926,52.350
61.997058,3909,2048,4927,52.350
62.002756,3908,2047,4929,52.350
62.006921,3907,2046,4929,52.350
62.012847,3906,2046,4928,52.350
62.017311,3904,2047,4929,52.350
62.022737,3903,2046,4930,52.350
62.027426,3904,2046,4930,52.350
62.031830,3905,2045,4933,52.350
62.037564,3907,2044,4934,52.350
62.041985,3909,2042,4935,52.350
62.047710,3910,2041,4935,52.350
62.052206,3910,2041,4935,52.350
62.057857,3911,2042,4936,52.350
62.062269,3911,2044,4937,52.350
62.068013,3910,2047,4936,52.350
62.072433,3909,2049,4935,52.350
62.076828,3909,2049,4934,52.350
62.082575,3909,2048,4932,52.350
62.086948,3910,2047,4931,52.350
62.092644,3910,2046,4931,52.350
62.097078,3910,2045,4933,52.350
62.102781,3909,2045,4933,52.350
62.107322,3909,2045,4932,52.350
62.111641,3909,2046,4929,52.350
62.117390,3908,2047,4924,52.350
62.121795,3908,2048,4918,52.350
62.127472,3908,2049,4913,52.350
62.131986,3908,2051,4910,52.350
62.137618,3909,2051,4911,52.350
62.142075,3909,2052,4914,52.350
62.147786,3911,2052,4915,52.350
62.152134,3911,2053,4916,52.350
62.156610,3912,2054,4916,52.350
62.162350,3912,2055,4915,52.350
62.166762,3913,2055,4914,52.350
62.172163,3914,2054,4915,52.350
62.176897,3914,2052,4916,52.350
62.182604,3914,2051,4918,52.350
62.187017,3915,2051,4921,52.350
62.191392,3916,2051,4922,52.350
62.197166,3917,2050,4919,52.350
62.201567,3917,2050,4916,52.350
62.207282,3915,2049,4915,52.350
62.211715,3914,2048,4916,52.350
62.217419,3912,2048,4917,52.350
62.221905,3911,2049,4916,52.350
62.227521,3912,2048,4915,52.350
62.231955,3913,2049,4913,52.350
62.236434,3915,2052,4911,52.350
62.242139,3916,2053,4911,52.350
62.246539,3917,2056,4912,52.350
62.252236,3917,2057,4914,52.350
62.256675,3918,2057,4916,52.350
62.262378,3918,2056,4922,52.350
62.266809,3918,2055,4927,52.350
62.271223,3918,2055,4928,52.350
62.276905,3917,2055,4927,52.350
62.281369,3916,2055,4924,52.350
62.287034,3916,2054,4920,52.350
62.291495,3916,2053,4917,52.350
62.297206,3918,2052,4914,52.350
62.301601,3919,2054,4911,52.350
62.307032,3921,2056,4908,52.350
62.311723,3922,2057,4907,52.350
62.316179,3921,2057,4908,52.350
62.321880,3921,2056,4909,52.350
62.326369,3919,2054,4909,52.350
62.331988,3919,2054,4910,52.350
62.336474,3917,2052,4911,52.350
62.342135,3916,2053,4909,52.350
62.346626,3917,2053,4911,52.350
62.351024,3918,2053,4910,52.350
62.356752,3921,2051,4909,52.350
62.361194,3921,2050,4911,52.350
62.366856,3922,2049,4912,52.350
62.371301,3921,2050,4912,52.350
62.376957,3921,2049,4915,52.350
62.381397,3920,2049,4917,52.350
62.387154,3918,2049,4917,52.350
62.391527,3917,2048,4920,52.350
62.395945,3916,2050,4923,52.350
62.401682,3916,2051,4924,52.350
62.406103,3917,2052,4925,52.350
62.411772,3916,2053,4925,52.350
62.416289,3915,2053,4926,52.350
62.422010,3916,2052,4926,52.350
62.426344,3916,2049,4926,52.350
62.430832,3919,2047,4927,52.350
62.436520,3922,2045,4928,52.350
62.440995,3922,2044,4930,52.350
62.446628,3922,2045,4931,52.350
62.451110,3921,2047,4934,52.350
62.456809,3921,2048,4934,52.350
62.461173,3922,2050,4933,52.350
62.466921,3924,2050,4930,52.350
62.471322,3925,2052,4926,52.350
62.475730,3927,2053,4923,52.350
62.481542,3926,2053,4923,52.350
62.485918,3926,2054,4925,52.350
62.491576,3925,2053,4926,52.350
62.496035,3926,2050,4928,52.350
62.501729,3927,2048,4928,52.350
62.506174,3927,2046,4928,52.350
62.510588,3928,2042,4929,52.350
62.516321,3927,2040,4931,52.350
62.520773,3926,2039,4932,52.350
62.526375,3923,2038,4930,52.350
62.530864,3919,2036,4930,52.350
62.536544,3917,2036,4930,52.350
62.540999,3914,2035,4928,52.350
62.546432,3912,2036,4928,52.350
62.550897,3912,2035,4928,52.350
62.555570,3911,2037,4926,52.350
62.561312,3911,2038,4927,52.350
62.565443,3910,2037,4927,52.350
62.571293,3908,2037,4928,52.350
62.575824,3904,2036,4929,52.350
62.581562,3903,2034,4930,52.350
62.586032,3903,2034,4931,52.350
62.590299,3902,2034,4933,52.350
62.596092,3903,2035,4935,52.350
62.600524,3903,2036,4935,52.350
62.606211,3904,2036,4932,52.350
62.610668,3906,2037,4929,52.350
62.616346,3910,2037,4923,52.350
62.620789,3914,2038,4919,52.350
62.626489,3917,2040,4920,52.350
62.630943,3918,2041,4921,52.350
62.635352,3919,2043,4922,52.350
62.641106,3919,2045,4924,52.350
62.645504,3916,2045,4925,52.350
62.651202,3914,2046,4926,52.350
62.655620,3913,2046,4926,52.350
62.661319,3913,2045,4926,52.350
62.665796,3917,2043,4928,52.350
62.670161,3921,2042,4932,52.350
62.675892,3924,2041,4936,52.350
62.680334,3926,2040,4942,52.350
62.685722,3927,2040,4945,52.350
62.690151,3928,2041,4946,52.350
62.696156,3931,2041,4948,52.350
62.700538,3932,2041,4950,52.350
62.706265,3932,2041,4950,52.350
62.710731,3931,2040,4952,52.350
62.715039,3930,2040,4953,52.350
62.720856,3930,2040,4953,52.350
62.725338,3930,2041,4953,52.350
62.730917,3931,2041,4952,52.350
62.735454,3931,2042,4951,52.350
62.741105,3931,2044,4949,52.350
62.745547,3931,2045,4948,52.350
62.749949,3929,2046,4947,52.350
62.755452,3928,2048,4947,52.350
62.760082,3927,2047,4947,52.350
62.765815,3928,2045,4947,52.350
62.770234,3930,2044,4947,52.350
62.775929,3931,2042,4944,52.350
62.780364,3933,2041,4936,52.350
62.786082,3933,2042,4929,52.350
62.790526,3934,2042,4926,52.350
62.794921,3935,2041,4923,52.350
62.800680,3935,2042,4926,52.350
62.805086,3934,2044,4929,52.350
62.810759,3933,2047,4932,52.350
62.815211,3930,2050,4934,52.350
62.820898,3928,2053,4933,52.350
62.825349,3926,2053,4934,52.350
62.829762,3925,2053,4934,52.350
62.835488,3925,2054,4934,52.350
62.839899,3924,2053,4935,52.350
62.845579,3923,2053,4935,52.350
62.850050,3922,2053,4930,52.350
62.855740,3921,2052,4924,52.350
62.860137,3920,2051,4916,52.350
62.865850,3919,2052,4908,52.350
62.870317,3919,2051,4904,52.350
62.874688,3919,2051,4902,52.350
62.880427,3920,2052,4900,52.350
62.884860,3923,2053,4902,52.350
62.890524,3925,2052,4904,52.350
62.894741,3928,2053,4907,52.350
62.900680,3929,2052,4912,52.350
62.905094,3929,2050,4914,52.350
62.909522,3930,2047,4917,52.350
62.915343,3930,2046,4915,52.350
62.919659,3930,2044,4911,52.350
62.925351,3930,2042,4911,52.350
62.929804,3928,2042,4914,52.350
62.935480,3927,2042,4919,52.350
62.939918,3924,2042,4922,52.350
62.945680,3924,2042,4920,52.350
62.950172,3924,2042,4917,52.350
62.954517,3925,2041,4914,52.350
62.960301,3926,2040,4909,52.350
62.964378,3927,2039,4909,52.350
62.970323,3928,2040,4908,52.350
62.974766,3928,2042,4910,52.350
62.980469,3928,2043,4912,52.350
62.984909,3928,2045,4914,52.350
62.989312,3929,2046,4917,52.350
62.995041,3929,2047,4917,52.350
62.999436,3930,2047,4918,52.350
63.005130,3929,2048,4919,52.350
63.009426,3928,2048,4920,52.350
63.015251,3927,2046,4919,52.350
63.019705,3926,2044,4918,52.350
63.025158,3926,2041,4918,52.350
63.029615,3927,2039,4916,52.350
63.034312,3927,2038,4915,52.350
63.039693,3926,2037,4915,52.350
63.044409,3924,2035,4915,52.350
63.050124,3921,2033,4915,52.350
63.054464,3919,2029,4915,52.350
63.060233,3920,2026,4916,52.350
63.064726,3922,2024,4917,52.350
63.069127,3923,2024,4917,52.350
63.074839,3924,2023,4919,52.350
63.079228,3924,2025,4921,52.350
63.084996,3924,2028,4922,52.350
63.089395,3925,2029,4924,52.350
63.095086,3925,2029,4927,52.350
63.099497,3926,2028,4930,52.350
63.105213,3927,2027,4931,52.350
63.109630,3926,2025,4931,52.350
63.114097,3927,2025,4930,52.350
63.119829,3926,2027,4926,52.350
63.124236,3925,2028,4925,52.350
63.129875,3925,2029,4923,52.350
63.134336,3924,2033,4922,52.350
63.139991,3923,2035,4921,52.350
63.144466,3922,2038,4922,52.350
63.148843,3920,2043,4924,52.350
63.154629,3917,2046,4923,52.350
63.159019,3915,2050,4923,52.350
63.164726,3912,2053,4921,52.350
63.169171,3909,2053,4919,52.350
63.174838,3907,2052,4918,52.350
63.179272,3907,2051,4916,52.350
63.185049,3908,2049,4912,52.350
63.189449,3912,2047,4907,52.350
63.193828,3915,2046,4903,52.350
63.199552,3918,2044,4901,52.350
63.203970,3921,2043,4899,52.350
63.209675,3924,2044,4898,52.350
63.214136,3926,2045,4901,52.350
63.219798,3927,2048,4904,52.350
63.224265,3926,2050,4907,52.350
63.228691,3926,2049,4910,52.350
63.234385,3925,2048,4910,52.350
63.238812,3926,2047,4910,52.350
63.244521,3925,2046,4912,52.350
63.248991,3925,2047,4915,52.350
63.254577,3924,2047,4919,52.350
63.258858,3922,2047,4922,52.350
63.264765,3920,2046,4923,52.350
63.269243,3920,2044,4925,52.350
63.273615,3919,2044,4926,52.350
63.279355,3919,2043,4925,52.350
63.283767,3919,2042,4923,52.350
63.289443,3920,2043,4919,52.350
63.293905,3920,2043,4915,52.350
63.299570,3919,2043,4909,52.350
63.304004,3919,2042,4908,52.350
63.308189,3919,2042,4907,52.350
63.314197,3920,2043,4908,52.350
63.318589,3919,2045,4910,52.350
63.324258,3918,2048,4913,52.350
63.328756,3918,2050,4915,52.350
63.334392,3916,2050,4918,52.350
63.338853,3915,2051,4921,52.350
63.344581,3916,2050,4923,52.350
63.349065,3916,2049,4926,52.350
63.353473,3915,2051,4927,52.350
63.359155,3915,2052,4925,52.350
63.363606,3916,2053,4923,52.350
63.369214,3916,2054,4920,52.350
63.373452,3916,2054,4919,52.350
63.379389,3918,2055,4920,52.350
63.383795,3918,2055,4918,52.350
63.388090,3917,2055,4916,52.350
63.393948,3917,2054,4914,52.350
63.398356,3918,2053,4912,52.350
63.404060,3919,2052,4909,52.350
63.408534,3920,2051,4907,52.350
63.414215,3919,2050,4905,52.350
63.418651,3918,2050,4905,52.350
63.424367,3917,2049,4902,52.350
63.428781,3916,2049,4903,52.350
63.433259,3916,2049,4906,52.350
63.438966,3917,2049,4909,52.350
63.443372,3917,2047,4915,52.350
63.449040,3918,2047,4918,52.350
63.453498,3918,2047,4918,52.350
63.459240,3918,2046,4918,52.350
63.463633,3918,2047,4916,52.350
63.468000,3921,2048,4916,52.350
63.473745,3924,2048,4917,52.350
63.478158,3927,2048,4916,52.350
63.483855,3929,2047,4917,52.350
63.488301,3930,2048,4916,52.350
63.493991,3931,2048,4915,52.350
63.498451,3930,2048,4914,52.350
63.504148,3929,2047,4913,52.350
63.508590,3926,2045,4914,52.350
63.512993,3923,2043,4917,52.350
63.518703,3920,2042,4918,52.350
63.523159,3916,2040,4919,52.350
63.528803,3916,2039,4919,52.350
63.533292,3915,2038,4919,52.350
63.538946,3915,2039,4918,52.350
63.543431,3915,2040,4920,52.350
63.547791,3916,2041,4919,52.350
63.553551,3917,2041,4919,52.350
63.558006,3920,2041,4917,52.350
63.563649,3922,2041,4915,52.350
63.568083,3924,2041,4914,52.350
63.573784,3924,2043,4916,52.350
63.577955,3924,2045,4918,52.350
63.583967,3924,2048,4918,52.350
63.588347,3924,2050,4916,52.350
63.592827,3924,2052,4913,52.350
63.598499,3924,2052,4911,52.350
63.602949,3925,2053,4910,52.350
63.608570,3925,2053,4911,52.350
63.613033,3925,2054,4910,52.350
63.618752,3924,2055,4908,52.350
63.623183,3922,2056,4911,52.350
63.627619,3921,2056,4912,52.350
63.633366,3922,2054,4913,52.350
63.637782,3923,2055,4912,52.350
63.643461,3924,2054,4910,52.350
63.647877,3924,2054,4909,52.350
63.653596,3924,2053,4909,52.350
63.658016,3923,2052,4910,52.350
63.663751,3922,2053,4911,52.350
63.668174,3922,2053,4912,52.350
63.672546,3922,2052,4909,52.350
63.678331,3922,2053,4905,52.350
63.682690,3923,2051,4903,52.350
63.688381,3925,2052,4901,52.350
63.692845,3927,2052,4902,52.350
63.698507,3929,2051,4904,52.350
63.702970,3931,2051,4906,52.350
63.707385,3930,2050,4908,52.350
63.713142,3930,2049,4909,52.350
63.717538,3929,2049,4909,52.350
63.723209,3927,2050,4907,52.350
63.727690,3924,2051,4906,52.350
63.733364,3921,2051,4904,52.350
63.737825,3917,2052,4903,52.350
63.743502,3915,2054,4903,52.350
63.747939,3915,2054,4903,52.350
63.752352,3914,2055,4905,52.350
63.757959,3913,2056,4905,52.350
63.762515,3913,2056,4903,52.350
63.768212,3913,2057,4903,52.350
63.772332,3914,2056,4903,52.350
63.778340,3916,2054,4906,52.350
63.782758,3915,2054,4909,52.350
63.787191,3914,2053,4911,52.350
63.792910,3913,2054,4912,52.350
63.797338,3912,2054,4912,52.350
63.803005,3910,2054,4911,52.350
63.807466,3910,2053,4911,52.350
63.813137,3910,2052,4911,52.350
63.817571,3909,2051,4912,52.350
63.823529,3911,2049,4914,52.350
63.827715,3913,2048,4915,52.350
63.832142,3916,2046,4915,52.350
63.837948,3918,2044,4918,52.350
63.842351,3920,2041,4921,52.350
63.848013,3920,2039,4922,52.350
63.852133,3920,2039,4925,52.350
63.858185,3920,2039,4926,52.350
63.862540,3919,2039,4926,52.350
63.866954,3919,2040,4926,52.350
63.872901,3918,2041,4925,52.350
63.877116,3918,2042,4923,52.350
63.882774,3917,2042,4919,52.350
63.887309,3916,2042,4915,52.350
63.892920,3914,2040,4911,52.350
63.897347,3913,2037,4908,52.350
63.903099,3910,2036,4906,52.350
63.907250,3908,2035,4905,52.350
63.911936,3908,2033,4908,52.350
63.917683,3909,2034,4911,52.350
63.922116,3911,2034,4916,52.350
63.927756,3912,2036,4922,52.350
63.932250,3912,2038,4926,52.350
63.937863,3911,2040,4929,52.350
63.942378,3912,2041,4930,52.350
63.946807,3914,2042,4932,52.350
63.952505,3915,2044,4931,52.350
63.956942,3916,2047,4930,52.350
63.962557,3916,2050,4929,52.350
63.967067,3914,2052,4923,52.350
63.972749,3913,2055,4918,52.350
63.977174,3911,2056,4915,52.350
63.982920,3909,2057,4914,52.350
63.987321,3908,2056,4915,52.350
63.991715,3906,2055,4915,52.350
63.997423,3905,2054,4913,52.350
64.001864,3904,2053,4908,52.350
64.007354,3903,2052,4902,52.350
64.011973,3903,2050,4897,52.350
64.017670,3902,2048,4895,52.350
64.021918,3902,2047,4895,52.350
64.026520,3902,2048,4897,52.350
64.032265,3902,2050,4900,52.350
64.036716,3904,2051,4905,52.350
64.042348,3906,2050,4909,52.350
64.046858,3908,2049,4911,52.350
64.052531,3910,2047,4911,52.350
64.056916,3911,2046,4913,52.350
64.062667,3911,2045,4917,52.350
64.067090,3914,2042,4922,52.350
64.071538,3914,2041,4926,52.350
64.077275,3916,2040,4927,52.350
64.081646,3916,2040,4929,52.350
64.087343,3914,2039,4931,52.350
64.091766,3914,2040,4931,52.350
64.097495,3914,2041,4931,52.350
64.101910,3914,2043,4931,52.350
64.106362,3915,2045,4928,52.350
64.112025,3915,2045,4927,52.350
64.116465,3915,2046,4926,52.350
64.122133,3917,2042,4928,52.350
64.126677,3919,2040,4929,52.350
64.132290,3919,2038,4931,52.350
64.136730,3919,2036,4935,52.350
64.142446,3920,2036,4935,52.350
64.146927,3921,2037,4934,52.350
64.151310,3923,2037,4930,52.350
64.157041,3925,2039,4924,52.350
64.161431,3927,2038,4921,52.350
64.167136,3927,2038,4921,52.350
64.171596,3927,2036,4923,52.350
64.177263,3926,2035,4927,52.350
64.181697,3926,2036,4928,52.350
64.186104,3927,2033,4928,52.350
64.191827,3928,2031,4928,52.350
64.196303,3929,2030,4927,52.350
64.201936,3927,2031,4925,52.350
64.206492,3925,2031,4923,52.350
64.212098,3922,2032,4921,52.350
64.216522,3922,2033,4920,52.350
64.222238,3923,2031,4920,52.350
64.226679,3925,2031,4919,52.350
64.231110,3926,2030,4920,52.350
64.236814,3927,2030,4922,52.350
64.241273,3925,2032,4922,52.350
64.246914,3923,2034,4922,52.350
64.251126,3922,2033,4920,52.350
64.257059,3919,2033,4921,52.350
64.261502,3918,2032,4921,52.350
64.265905,3917,2030,4923,52.350
64.271669,3915,2028,4926,52.350
64.276058,3913,2029,4928,52.350
64.281722,3909,2030,4929,52.350
64.286204,3906,2031,4932,52.350
64.291881,3905,2031,4934,52.350
64.296317,3905,2028,4937,52.350
64.302053,3906,2026,4939,52.350
64.306484,3905,2025,4939,52.350
64.310896,3905,2026,4936,52.350
64.316376,3905,2029,4934,52.350
64.321038,3906,2031,4932,52.350
64.326713,3909,2032,4930,52.350
64.331195,3910,2033,4930,52.350
64.336830,3911,2033,4929,52.350
64.341365,3912,2032,4929,52.350
64.345717,3910,2033,4927,52.350
64.351473,3907,2034,4926,52.350
64.355855,3905,2035,4925,52.350
64.361545,3903,2037,4924,52.350
64.366033,3902,2040,4923,52.350
64.371700,3901,2041,4920,52.350
64.376091,3899,2040,4916,52.350
64.381807,3896,2040,4916,52.350
64.386268,3894,2039,4915,52.350
64.390675,3892,2040,4915,52.350
64.396420,3891,2042,4915,52.350
64.400848,3893,2043,4912,52.350
64.406490,3894,2046,4910,52.350
64.410952,3895,2048,4908,52.350
64.416651,3899,2050,4906,52.350
64.421078,3903,2051,4905,52.350
64.425562,3905,2052,4905,52.350
64.431272,3908,2051,4905,52.350
64.435684,3909,2050,4908,52.350
64.441337,3910,2048,4910,52.350
64.445798,3911,2046,4913,52.350
64.451479,3911,2043,4914,52.350
64.455900,3912,2041,4915,52.350
64.461641,3912,2039,4912,52.350
64.466067,3910,2038,4909,52.350
64.470483,3910,2038,4904,52.350
64.476273,3907,2037,4901,52.350
64.480639,3906,2036,4899,52.350
64.486287,3905,2036,4898,52.350
64.490724,3903,2036,4897,52.350
64.496420,3904,2038,4897,52.350
64.500884,3903,2040,4899,52.350
64.505371,3903,2042,4901,52.350
64.511013,3904,2043,4903,52.350
64.515463,3903,2043,4905,52.350
64.521063,3902,2043,4907,52.350
64.525569,3901,2043,4907,52.350
64.531286,3901,2042,4907,52.350
64.535709,3901,2041,4908,52.350
64.541463,3901,2041,4907,52.350
64.545593,3902,2041,4906,52.350
64.550265,3901,2041,4904,52.350
64.555712,3900,2042,4903,52.350
64.560100,3899,2043,4902,52.350
64.566063,3899,2042,4898,52.350
64.570512,3900,2041,4896,52.350
64.576200,3903,2041,4895,52.350
64.580655,3905,2041,4897,52.350
64.585055,3909,2043,4900,52.350
64.590756,3911,2045,4903,52.350
64.595244,3913,2046,4907,52.350
64.600868,3916,2047,4909,52.350
64.605344,3919,2046,4909,52.350
64.611035,3922,2045,4912,52.350
64.615456,3924,2046,4916,52.350
64.621281,3925,2046,4918,52.350
64.625616,3924,2048,4920,52.350
64.630078,3924,2049,4923,52.350
64.635816,3924,2049,4922,52.350
64.640175,3923,2050,4922,52.350
64.645853,3923,2051,4924,52.350
64.650311,3922,2052,4927,52.350
64.656031,3922,2053,4932,52.350
64.660497,3922,2053,4935,52.350
64.664870,3921,2054,4937,52.350
64.670595,3919,2055,4937,52.350
64.675006,3919,2056,4934,52.350
64.680660,3919,2057,4934,52.350
64.685143,3920,2057,4934,52.350
64.690803,3920,2055,4935,52.350
64.695270,3922,2052,4936,52.350
64.700959,3922,2048,4935,52.350
64.705399,3923,2045,4930,52.350
64.709857,3922,2044,4925,52.350
64.715512,3921,2043,4923,52.350
64.719964,3918,2042,4923,52.350
64.725656,3916,2041,4928,52.350
64.729871,3914,2041,4932,52.350
64.735803,3915,2040,4933,52.350
64.740317,3916,2040,4937,52.350
64.744639,3917,2042,4938,52.350
64.750388,3919,2041,4939,52.350
64.754851,3918,2040,4942,52.350
64.760232,3916,2038,4942,52.350
64.764655,3916,2036,4941,52.350
64.770355,3916,2034,4937,52.350
64.775097,3916,2033,4934,52.350
64.780522,3918,2033,4929,52.350
64.785203,3918,2034,4926,52.350
64.789638,3918,2036,4925,52.350
64.795392,3917,2039,4925,52.350
64.799739,3917,2041,4925,52.350
64.805444,3919,2044,4925,52.350
64.809875,3920,2047,4924,52.350
64.815569,3921,2049,4924,52.350
64.820051,3922,2050,4925,52.350
64.824550,3922,2052,4924,52.350
64.830192,3921,2052,4926,52.350
64.834608,3921,2051,4928,52.350
64.840264,3920,2051,4930,52.350
64.844714,3919,2051,4931,52.350
64.850427,3917,2052,4929,52.350
64.854838,3915,2053,4927,52.350
64.860562,3914,2055,4925,52.350
64.864997,3914,2056,4921,52.350
64.869386,3914,2056,4919,52.350
64.875122,3914,2054,4920,52.350
64.879540,3912,2051,4922,52.350
64.885224,3910,2049,4926,52.350
64.889678,3910,2046,4930,52.350
64.895385,3909,2044,4932,52.350
64.899823,3910,2043,4932,52.350
64.904206,3912,2042,4930,52.350
64.909959,3914,2042,4928,52.350
64.914372,3914,2043,4927,52.350
64.920025,3914,2042,4928,52.350
64.924548,3914,2042,4930,52.350
64.930213,3914,2042,4934,52.350
64.934625,3914,2043,4935,52.350
64.940400,3914,2043,4938,52.350
64.944807,3914,2041,4939,52.350
64.949173,3915,2040,4938,52.350
64.954951,3917,2038,4936,52.350
64.959372,3918,2038,4932,52.350
64.964780,3919,2037,4929,52.350
64.969464,3920,2035,4928,52.350
64.975202,3920,2035,4930,52.350
64.979621,3920,2033,4933,52.350
64.984033,3921,2033,4937,52.350
64.989763,3919,2034,4942,52.350
64.994201,3916,2037,4946,52.350
64.999803,3914,2038,4947,52.350
65.004307,3912,2039,4946,52.350
65.009778,3912,2041,4943,52.350
65.014423,3913,2041,4939,52.350
65.020133,3913,2042,4938,52.350
65.024295,3914,2042,4941,52.350
65.029026,3915,2041,4945,52.350
65.034731,3914,2040,4950,52.350
65.038838,3916,2037,4951,52.350
65.044837,3917,2037,4952,52.350
65.049293,3917,2036,4951,52.350
65.054773,3915,2034,4953,52.350
65.059433,3912,2034,4956,52.350
65.063792,3910,2033,4957,52.350
65.069535,3908,2033,4957,52.350
65.073950,3908,2034,4951,52.350
65.079649,3909,2036,4944,52.350
65.084092,3909,2036,4937,52.350
65.089779,3909,2036,4934,52.350
65.094266,3908,2037,4933,52.350
65.099907,3906,2036,4931,52.350
65.104337,3904,2036,4927,52.350
65.108826,3901,2036,4924,52.350
65.114556,3901,2035,4920,52.350
65.118945,3902,2035,4913,52.350
65.124584,3903,2034,4911,52.350
65.129044,3905,2034,4907,52.350
65.134818,3905,2033,4907,52.350
65.139204,3905,2034,4911,52.350
65.143624,3905,2036,4912,52.350
65.149279,3906,2037,4913,52.350
65.153767,3908,2037,4913,52.350
65.159445,3910,2038,4914,52.350
65.163935,3913,2038,4913,52.350
65.169606,3913,2039,4914,52.350
65.174026,3913,2040,4915,52.350
65.179738,3912,2040,4915,52.350
65.184209,3909,2038,4918,52.350
65.188553,3908,2037,4919,52.350
65.194288,3908,2037,4920,52.350
65.198716,3909,2038,4919,52.350
65.204433,3913,2039,4917,52.350
65.208862,3916,2039,4918,52.350
65.214545,3918,2040,4920,52.350
65.219006,3918,2040,4922,52.350
65.223434,3918,2039,4925,52.350
65.229177,3917,2041,4926,52.350
65.233587,3916,2044,4925,52.350
65.239214,3915,2046,4923,52.350
65.243742,3913,2050,4919,52.350
65.249391,3912,2053,4916,52.350
65.253799,3910,2053,4914,52.350
65.259523,3910,2053,4912,52.350
65.263948,3910,2051,4912,52.350
65.268167,3910,2051,4910,52.350
65.274088,3911,2050,4910,52.350
65.278509,3911,2048,4912,52.350
65.284196,3911,2046,4913,52.350
65.288620,3911,2043,4913,52.350
65.294366,3915,2043,4909,52.350
65.298760,3917,2042,4908,52.350
65.303231,3918,2041,4906,52.350
65.308908,3920,2042,4907,52.350
65.313366,3919,2042,4909,52.350
65.319039,3918,2042,4908,52.350
65.323522,3918,2042,4906,52.350
65.329214,3917,2040,4907,52.350
65.333630,3916,2038,4906,52.350
65.339328,3915,2038,4907,52.350
65.343749,3916,2038,4907,52.350
65.348179,3917,2037,4908,52.350
65.353910,3919,2036,4911,52.350
65.358302,3922,2037,4913,52.350
65.363891,3923,2038,4913,52.350
65.368441,3923,2039,4912,52.350
65.373918,3923,2042,4908,52.350
65.378564,3921,2044,4905,52.350
65.382970,3919,2045,4902,52.350
65.388688,3918,2046,4899,52.350
65.393112,3915,2044,4897,52.350
65.398803,3913,2042,4897,52.350
65.403328,3912,2039,4898,52.350
65.408957,3911,2038,4897,52.350
65.413397,3911,2039,4899,52.350
65.419121,3913,2042,4898,52.350
65.423550,3913,2045,4900,52.350
65.427954,3913,2047,4903,52.350
65.433734,3913,2048,4905,52.350
65.438106,3913,2047,4906,52.350
65.443783,3912,2046,4908,52.350
65.448302,3912,2047,4906,52.350
65.453957,3910,2047,4906,52.350
65.458352,3910,2046,4906,52.350
65.462773,3909,2045,4909,52.350
65.468523,3909,2043,4915,52.350
65.473153,3910,2043,4919,52.350
65.478611,3912,2042,4923,52.350
65.483104,3915,2044,4924,52.350
65.488788,3916,2045,4921,52.350
65.493167,3916,2046,4919,52.350
65.498928,3913,2047,4920,52.350
65.503320,3911,2048,4923,52.350
65.507784,3907,2050,4927,52.350
65.513478,3905,2052,4932,52.350
65.517924,3905,2053,4935,52.350
65.523612,3905,2053,4935,52.350
65.528044,3906,2053,4934,52.350
65.533765,3907,2054,4931,52.350
65.538174,3909,2053,4930,52.350
65.542586,3911,2053,4929,52.350
65.548280,3914,2051,4926,52.350
65.552776,3917,2048,4924,52.350
65.558422,3919,2044,4921,52.350
65.562853,3921,2041,4919,52.350
65.568620,3923,2039,4920,52.350
65.573017,3922,2040,4921,52.350
65.578697,3922,2041,4923,52.350
65.583160,3921,2042,4925,52.350
65.587597,3919,2042,4927,52.350
65.593313,3917,2043,4929,52.350
65.597694,3915,2045,4928,52.350
65.603364,3913,2047,4925,52.350
65.607832,3914,2047,4922,52.350
65.613524,3915,2047,4921,52.350
65.617958,3916,2046,4920,52.350
65.622398,3917,2045,4924,52.350
65.628102,3918,2046,4926,52.350
65.632565,3918,2047,4930,52.350
65.638259,3916,2049,4934,52.350
65.642727,3915,2049,4934,52.350
65.648377,3914,2049,4934,52.350
65.652770,3913,2048,4930,52.350
65.658495,3912,2048,4925,52.350
65.662937,3911,2050,4922,52.350
65.667402,3913,2049,4920,52.350
65.673084,3913,2050,4919,52.350
65.677474,3913,2051,4916,52.350
65.683212,3914,2050,4910,52.350
65.687608,3912,2050,4903,52.350
65.693291,3910,2049,4896,52.350
65.697713,3911,2047,4892,52.350
65.702209,3912,2045,4892,52.350
65.707892,3914,2044,4896,52.350
65.712323,3915,2044,4899,52.350
65.717980,3917,2045,4900,52.350
65.722482,3918,2045,4904,52.350
65.728151,3920,2045,4907,52.350
65.732562,3922,2044,4909,52.350
65.738308,3925,2041,4913,52.350
65.742709,3927,2038,4912,52.350
65.747135,3928,2037,4907,52.350
65.752825,3930,2037,4904,52.350
65.757305,3929,2038,4900,52.350
65.762971,3928,2039,4898,52.350
65.767376,3927,2041,4901,52.350
65.772828,3923,2040,4906,52.350
65.777554,3920,2039,4909,52.350
65.781957,3919,2039,4913,52.350
65.787756,3918,2040,4914,52.350
65.792077,3918,2041,4913,52.350
65.797784,3918,2041,4914,52.350
65.802240,3918,2041,4915,52.350
65.807910,3919,2039,4916,52.350
65.812404,3920,2038,4919,52.350
65.818062,3919,2038,4921,52.350
65.822531,3918,2039,4923,52.350
65.826956,3918,2040,4925,52.350
65.832656,3916,2041,4928,52.350
65.837079,3916,2041,4930,52.350
65.842767,3915,2043,4927,52.350
65.847191,3914,2043,4928,52.350
65.852925,3914,2044,4926,52.350
65.857322,3914,2043,4926,52.350
65.861747,3915,2041,4927,52.350
65.867479,3915,2039,4927,52.350
65.871887,3915,2039,4927,52.350
65.877550,3914,2040,4929,52.350
65.882047,3914,2040,4927,52.350
65.887735,3915,2043,4925,52.350
65.892141,3916,2044,4922,52.350
65.897882,3918,2041,4919,52.350
65.902319,3922,2042,4917,52.350
65.906743,3923,2043,4914,52.350
65.912458,3925,2044,4915,52.350
65.916905,3925,2048,4914,52.350
65.922546,3924,2052,4910,52.350
65.927013,3924,2055,4911,52.350
65.932693,3923,2056,4911,52.350
65.937147,3923,2055,4913,52.350
65.941562,3922,2055,4917,52.350
65.947301,3922,2054,4920,52.350
65.951672,3921,2054,4921,52.350
65.957405,3920,2053,4918,52.350
65.961858,3920,2053,4915,52.350
65.967529,3919,2053,4914,52.350
65.971963,3917,2054,4915,52.350
65.977677,3915,2054,4918,52.350
65.982094,3913,2054,4922,52.350
65.986515,3912,2054,4924,52.350
65.992268,3913,2055,4923,52.350
65.996413,3914,2054,4920,52.350
66.002062,3916,2052,4918,52.350
66.006570,3918,2051,4916,52.350
66.012214,3920,2050,4913,52.350
66.016646,3921,2048,4911,52.350
66.021031,3922,2049,4909,52.350
66.026814,3920,2050,4906,52.350
66.031196,3919,2050,4906,52.350
66.036882,3919,2051,4906,52.350
66.041303,3918,2050,4909,52.350
66.047291,3918,2050,4914,52.350
66.051720,3920,2049,4917,52.350
66.057431,3922,2048,4919,52.350
66.061869,3924,2047,4919,52.350
66.066309,3925,2047,4917,52.350
66.072031,3925,2049,4917,52.350
66.076421,3923,2049,4920,52.350
66.082136,3923,2049,4923,52.350
66.086576,3923,2048,4925,52.350
66.092295,3923,2047,4925,52.350
66.096678,3922,2045,4921,52.350
66.101171,3922,2046,4918,52.350
66.106848,3921,2048,4913,52.350
66.111299,3920,2050,4911,52.350
66.116930,3919,2053,4911,52.350
66.121469,3917,2054,4910,52.350
66.127090,3917,2054,4910,52.350
66.131559,3917,2052,4914,52.350
66.137226,3917,2051,4918,52.350
66.141665,3919,2049,4921,52.350
66.146082,3919,2048,4925,52.350
66.151808,3918,2047,4924,52.350
66.156296,3918,2047,4924,52.350
66.161909,3918,2046,4923,52.350
66.166371,3915,2045,4922,52.350
66.171937,3915,2045,4923,52.350
66.176464,3915,2045,4926,52.350
66.180897,3913,2046,4927,52.350
66.186631,3915,2047,4932,52.350
66.191068,3915,2047,4936,52.350
66.196724,3914,2045,4939,52.350
66.201233,3913,2045,4940,52.350
66.206870,3910,2046,4938,52.350
66.211331,3908,2046,4936,52.350
66.217040,3905,2046,4936,52.350
66.221513,3903,2047,4938,52.350
66.225774,3903,2046,4941,52.350
66.231647,3902,2047,4943,52.350
66.236051,3903,2047,4945,52.350
66.241742,3905,2049,4945,52.350
66.246141,3908,2050,4943,52.350
66.251674,3910,2048,4942,52.350
66.256105,3912,2046,4940,52.350
66.260715,3913,2042,4938,52.350
66.266487,3913,2039,4936,52.350
66.270825,3913,2038,4934,52.350
66.276548,3913,2037,4933,52.350
66.281027,3914,2038,4933,52.350
66.286688,3914,2039,4933,52.350
66.291138,3914,2040,4933,52.350
66.296806,3914,2039,4931,52.350
66.301268,3914,2039,4927,52.350
66.305673,3914,2038,4921,52.350
66.311395,3915,2039,4916,52.350
66.315890,3917,2039,4914,52.350
66.321529,3917,2039,4913,52.350
66.325970,3916,2041,4913,52.350
66.331681,3915,2042,4912,52.350
66.336106,3911,2043,4912,52.350
66.340572,3910,2045,4912,52.350
66.346293,3909,2047,4912,52.350
66.350646,3907,2046,4912,52.350
66.356302,3905,2046,4910,52.350
66.360790,3903,2047,4908,52.350
66.366462,3903,2048,4907,52.350
66.370925,3903,2051,4907,52.350
66.376603,3905,2053,4908,52.350
66.381069,3907,2054,4909,52.350
66.385460,3908,2055,4912,52.350
66.391266,3909,2054,4913,52.350
66.395646,3910,2055,4911,52.350
66.401298,3910,2053,4912,52.350
66.405796,3912,2053,4911,52.350
66.411457,3913,2053,4908,52.350
66.415909,3913,2053,4907,52.350
66.420322,3914,2054,4909,52.350
66.425914,3915,2055,4909,52.350
66.430460,3918,2056,4913,52.350
66.436181,3921,2056,4915,52.350
66.440817,3924,2055,4916,52.350
66.446311,3927,2052,4916,52.350
66.450710,3927,2050,4917,52.350
66.456389,3927,2049,4918,52.350
66.460863,3926,2047,4918,52.350
66.465355,3924,2046,4920,52.350
66.471003,3923,2048,4918,52.350
66.475350,3922,2047,4917,52.350
66.481075,3922,2049,4915,52.350
66.485537,3923,2052,4914,52.350
66.491242,3923,2054,4912,52.350
66.495656,3924,2055,4911,52.350
66.500158,3925,2056,4910,52.350
66.505848,3925,2056,4912,52.350
66.510274,3925,2056,4915,52.350
66.515960,3926,2054,4918,52.350
66.520406,3925,2053,4921,52.350
66.526096,3925,2050,4922,52.350
66.530557,3926,2047,4922,52.350
66.536232,3925,2045,4919,52.350
66.540668,3923,2045,4916,52.350
66.545055,3922,2046,4914,52.350
66.550779,3920,2046,4915,52.350
66.555250,3920,2047,4916,52.350
66.560644,3919,2048,4916,52.350
66.565094,3917,2049,4917,52.350
66.571001,3914,2051,4913,52.350
66.575482,3911,2052,4906,52.350
66.579922,3910,2052,4904,52.350
66.585631,3909,2050,4903,52.350
66.590021,3909,2047,4905,52.350
66.595740,3909,2045,4904,52.350
66.600187,3910,2043,4904,52.350
66.605640,3910,2042,4900,52.350
66.610316,3910,2042,4896,52.350
66.615988,3911,2043,4895,52.350
66.620162,3909,2045,4895,52.350
66.624853,3907,2046,4899,52.350
66.630631,3907,2048,4903,52.350
66.635062,3907,2049,4908,52.350
66.640705,3906,2048,4909,52.350
66.645135,3907,2046,4910,52.350
66.650867,3906,2047,4909,52.350
66.655289,3905,2047,4910,52.350
66.659702,3906,2050,4912,52.350
66.665399,3907,2052,4914,52.350
66.669854,3909,2053,4913,52.350
66.675507,3911,2054,4915,52.350
66.679978,3912,2055,4913,52.350
66.685647,3914,2055,4912,52.350
66.690065,3916,2056,4914,52.350
66.695781,3918,2056,4917,52.350
66.700265,3918,2056,4921,52.350
66.704633,3917,2056,4924,52.350
66.710374,3915,2056,4924,52.350
66.714867,3914,2054,4924,52.350
66.720502,3915,2053,4922,52.350
66.724958,3915,2053,4920,52.350
66.730633,3917,2054,4921,52.350
66.735071,3917,2054,4922,52.350
66.739500,3917,2053,4922,52.350
66.745199,3917,2051,4922,52.350
66.749446,3918,2049,4923,52.350
66.755197,3920,2047,4924,52.350
66.759756,3922,2046,4923,52.350
66.765426,3924,2047,4923,52.350
66.769656,3925,2050,4922,52.350
66.775575,3925,2052,4921,52.350
66.780016,3926,2054,4919,52.350
66.784484,3926,2054,4920,52.350
66.790011,3928,2054,4919,52.350
66.794624,3929,2053,4921,52.350
66.800265,3929,2054,4920,52.350
66.804754,3930,2054,4919,52.350
66.810444,3929,2054,4918,52.350
66.814880,3926,2054,4917,52.350
66.819313,3924,2054,4916,52.350
66.825022,3921,2053,4917,52.350
66.829397,3919,2051,4919,52.350
66.835143,3916,2050,4918,52.350
66.839544,3914,2048,4918,52.350
66.845286,3913,2048,4913,52.350
66.849669,3911,2048,4910,52.350
66.855394,3912,2048,4908,52.350
66.859805,3911,2047,4907,52.350
66.864371,3912,2047,4905,52.350
66.869979,3911,2048,4905,52.350
66.874424,3910,2048,4903,52.350
66.880042,3910,2049,4904,52.350
66.884497,3909,2050,4906,52.350
66.889910,3908,2051,4908,52.350
66.894657,3907,2050,4913,52.350
66.899098,3906,2050,4915,52.350
66.904840,3904,2052,4913,52.350
66.909283,3902,2053,4909,52.350
66.914931,3900,2055,4903,52.350
66.919384,3900,2055,4902,52.350
66.925052,3900,2054,4903,52.350
66.929442,3900,2051,4905,52.350
66.935224,3900,2049,4908,52.350
66.939633,3901,2048,4912,52.350
66.944019,3902,2049,4916,52.350
66.949807,3903,2050,4918,52.350
66.954190,3906,2051,4920,52.350
66.959836,3906,2052,4917,52.350
66.964329,3906,2053,4915,52.350
66.969988,3907,2053,4913,52.350
66.974405,3907,2054,4912,52.350
66.978844,3908,2055,4911,52.350
66.984604,3909,2053,4913,52.350
66.989011,3910,2052,4913,52.350
66.994701,3912,2050,4913,52.350
66.999133,3913,2047,4915,52.350
67.004856,3914,2045,4913,52.350
67.009000,3914,2045,4911,52.350
67.014969,3912,2046,4911,52.350
67.019446,3909,2047,4912,52.350
67.023529,3907,2048,4915,52.350
67.029624,3907,2048,4918,52.350
67.033966,3908,2048,4921,52.350
67.039451,3910,2048,4922,52.350
67.044073,3911,2050,4920,52.350
67.049802,3913,2051,4918,52.350
67.054292,3914,2052,4917,52.350
67.058635,3915,2054,4920,52.350
67.064389,3914,2055,4922,52.350
67.068797,3913,2056,4923,52.350
67.074504,3910,2057,4922,52.350
67.078951,3908,2059,4918,52.350
67.084601,3907,2059,4910,52.350
67.089035,3907,2058,4904,52.350
67.094774,3907,2056,4899,52.350
67.099292,3906,2055,4900,52.350
67.103686,3906,2053,4901,52.350
67.109405,3906,2052,4903,52.350
67.113794,3908,2051,4904,52.350
67.119479,3909,2049,4904,52.350
67.123944,3911,2047,4904,52.350
67.129633,3912,2046,4904,52.350
67.134018,3913,2045,4905,52.350
67.138274,3916,2043,4906,52.350
67.143841,3917,2043,4906,52.350
67.148306,3917,2045,4905,52.350
67.153901,3917,2046,4907,52.350
67.158733,3917,2048,4910,52.350
67.164395,3918,2047,4914,52.350
67.168864,3921,2048,4918,52.350
67.174315,3923,2049,4918,52.350
67.178981,3922,2052,4918,52.350
67.183369,3922,2055,4919,52.350
67.189113,3923,2057,4919,52.350
67.193545,3922,2059,4923,52.350
67.199213,3922,2060,4927,52.350
67.203702,3922,2060,4928,52.350
67.209429,3922,2059,4930,52.350
67.213851,3921,2056,4928,52.350
67.218255,3921,2053,4928,52.350
67.223968,3921,2051,4929,52.350
67.228345,3918,2049,4931,52.350
67.234071,3918,2047,4931,52.350
67.238568,3917,2049,4931,52.350
67.244488,3917,2049,4930,52.350
67.248611,3919,2048,4928,52.350
67.254353,3920,2047,4926,52.350
67.258765,3921,2046,4926,52.350
67.263182,3922,2043,4926,52.350
67.268913,3922,2042,4925,52.350
67.273069,3921,2042,4923,52.350
67.279010,3920,2042,4917,52.350
67.283460,3919,2042,4914,52.350
67.289251,3917,2043,4910,52.350
67.293572,3918,2042,4909,52.350
67.298024,3920,2040,4907,52.350
67.303754,3922,2039,4905,52.350
67.308207,3924,2039,4904,52.350
67.313885,3925,2039,4904,52.350
67.318355,3923,2040,4904,52.350
67.324049,3920,2039,4906,52.350
67.328439,3918,2039,4909,52.350
67.334138,3915,2039,4912,52.350
67.338551,3913,2040,4910,52.350
67.343001,3911,2042,4907,52.350
67.348709,3909,2045,4903,52.350
67.353118,3906,2046,4899,52.350
67.358810,3903,2044,4899,52.350
67.363323,3899,2043,4897,52.350
67.368962,3896,2041,4896,52.350
67.373109,3894,2039,4897,52.350
67.377809,3894,2039,4895,52.350
67.383529,3895,2038,4899,52.350
67.387961,3898,2037,4905,52.350
67.393648,3899,2038,4909,52.350
67.398110,3900,2037,4912,52.350
67.403755,3902,2038,4916,52.350
67.408240,3902,2038,4915,52.350
67.413936,3903,2040,4914,52.350
67.418388,3903,2041,4910,52.350
67.422842,3901,2043,4907,52.350
67.428529,3900,2044,4906,52.350
67.432921,3900,2044,4906,52.350
67.438603,3900,2043,4909,52.350
67.443045,3899,2042,4910,52.350
67.448733,3899,2040,4911,52.350
67.453168,3899,2041,4908,52.350
67.457596,3900,2043,4904,52.350
67.463348,3902,2044,4898,52.350
67.467739,3905,2046,4894,52.350
67.473452,3908,2046,4890,52.350
67.477896,3910,2047,4889,52.350
67.483557,3912,2047,4890,52.350
67.487994,3913,2049,4891,52.350
67.493700,3915,2050,4894,52.350
67.498169,3917,2050,4894,52.350
67.502615,3918,2050,4896,52.350
67.508271,3920,2048,4898,52.350
67.512733,3922,2047,4903,52.350
67.518396,3921,2045,4906,52.350
67.522870,3921,2044,4910,52.350
67.528534,3919,2045,4913,52.350
67.532957,3917,2046,4916,52.350
67.537419,3917,2047,4918,52.350
67.543095,3917,2049,4919,52.350
67.547569,3918,2050,4918,52.350
67.553053,3919,2051,4915,52.350
67.557654,3921,2051,4910,52.350
67.563340,3921,2051,4907,52.350
67.567786,3921,2050,4905,52.350
67.573520,3922,2049,4902,52.350
67.577897,3922,2049,4897,52.350
67.582144,3922,2048,4896,52.350
67.588138,3922,2047,4897,52.350
67.592502,3921,2046,4899,52.350
67.598202,3919,2044,4903,52.350
67.602652,3919,2044,4905,52.350
67.608298,3918,2043,4906,52.350
67.612793,3919,2043,4908,52.350
67.617194,3920,2041,4911,52.350
67.622907,3920,2039,4912,52.350
67.627350,3919,2038,4913,52.350
67.633008,3918,2037,4913,52.350
67.637454,3917,2035,4915,52.350
67.643181,3917,2034,4918,52.350
67.647602,3918,2032,4922,52.350
67.653300,3919,2030,4926,52.350
67.657734,3920,2031,4928,52.350
67.662172,3921,2033,4929,52.350
67.667889,3922,2035,4930,52.350
67.672203,3921,2038,4930,52.350
67.677970,3921,2039,4930,52.350
67.682458,3922,2039,4928,52.350
67.688109,3923,2037,4926,52.350
67.692544,3925,2036,4925,52.350
67.697016,3924,2035,4925,52.350
67.702700,3924,2034,4924,52.350
67.707142,3925,2033,4926,52.350
67.712803,3926,2033,4928,52.350
67.717330,3929,2033,4930,52.350
67.722894,3929,2033,4934,52.350
67.727373,3930,2034,4935,52.350
67.733114,3931,2037,4936,52.350
67.737531,3932,2039,4934,52.350
67.741915,3934,2041,4932,52.350
67.747655,3936,2042,4931,52.350
67.751755,3935,2043,4930,52.350
67.757740,3934,2041,4930,52.350
67.762210,3935,2040,4930,52.350
67.767746,3935,2038,4930,52.350
67.772142,3936,2038,4930,52.350
67.776795,3935,2038,4932,52.350
67.782473,3933,2036,4933,52.350
67.786880,3930,2035,4932,52.350
67.792558,3927,2033,4932,52.350
67.797073,3926,2031,4932,52.350
67.802701,3925,2030,4932,52.350
67.807117,3924,2030,4932,52.350
67.812882,3923,2032,4931,52.350
67.817303,3923,2033,4931,52.350
67.821734,3922,2034,4929,52.350
67.827483,3920,2036,4929,52.350
67.831860,3918,2038,4930,52.350
67.837541,3916,2040,4930,52.350
67.841999,3913,2042,4927,52.350
67.847671,3910,2044,4922,52.350
67.852122,3909,2046,4920,52.350
67.856543,3908,2045,4916,52.350
67.862271,3908,2045,4914,52.350
67.866695,3908,2045,4914,52.350
67.872410,3910,2045,4914,52.350
67.876800,3911,2045,4915,52.350
67.882499,3914,2047,4915,52.350
67.886913,3917,2047,4916,52.350
67.892638,3919,2048,4918,52.350
67.897108,3920,2048,4921,52.350
67.901525,3922,2048,4925,52.350
67.907294,3922,2048,4927,52.350
67.911658,3923,2049,4928,52.350
67.917319,3923,2048,4928,52.350
67.921789,3923,2047,4927,52.350
67.927494,3923,2046,4927,52.350
67.931913,3923,2046,4924,52.350
67.936112,3922,2046,4921,52.350
67.942058,3920,2046,4920,52.350
67.946450,3918,2046,4919,52.350
67.952115,3915,2045,4921,52.350
67.956589,3914,2045,4923,52.350
67.962273,3914,2046,4923,52.350
67.966792,3914,2048,4924,52.350
67.972418,3915,2050,4925,52.350
67.976872,3915,2051,4926,52.350
67.981340,3916,2051,4927,52.350
67.986992,3915,2052,4928,52.350
67.991456,3912,2053,4930,52.350
67.997074,3910,2055,4932,52.350
68.001623,3907,2057,4934,52.350
68.007078,3905,2060,4935,52.350
68.011670,3903,2062,4934,52.350
68.016139,3902,2063,4935,52.350
68.021905,3903,2063,4934,52.350
68.026224,3906,2061,4935,52.350
68.031894,3908,2060,4935,52.350
68.036393,3909,2059,4933,52.350
68.042043,3910,2058,4934,52.350
68.046507,3910,2057,4934,52.350
68.052245,3910,2056,4933,52.350
68.056650,3910,2054,4935,52.350
68.061052,3908,2054,4937,52.350
68.066783,3908,2054,4937,52.350
68.071226,3907,2055,4939,52.350
68.076881,3905,2057,4940,52.350
68.081338,3904,2058,4939,52.350
68.087049,3901,2059,4938,52.350
68.091495,3899,2060,4939,52.350
68.095910,3897,2061,4936,52.350
68.101632,3897,2062,4934,52.350
68.106063,3898,2062,4932,52.350
68.111725,3899,2060,4926,52.350
68.116206,3901,2057,4922,52.350
68.121923,3903,2052,4924,52.350
68.126280,3904,2048,4925,52.350
68.132067,3909,2047,4924,52.350
68.136436,3914,2047,4926,52.350
68.140871,3919,2046,4929,52.350
68.146609,3924,2045,4928,52.350
68.151023,3926,2043,4929,52.350
68.156698,3928,2042,4928,52.350
68.161157,3929,2041,4928,52.350
68.166874,3927,2040,4930,52.350
68.171270,3924,2040,4933,52.350
68.175676,3921,2042,4936,52.350
68.181422,3917,2045,4936,52.350
68.185881,3916,2047,4933,52.350
68.191476,3915,2048,4931,52.350
68.196003,3913,2049,4931,52.350
68.201629,3911,2049,4931,52.350
68.206080,3910,2048,4930,52.350
68.211814,3908,2049,4927,52.350
68.216297,3909,2049,4924,52.350
68.220646,3909,2047,4922,52.350
68.226400,3907,2044,4920,52.350
68.230806,3907,2041,4917,52.350
68.236493,3907,2039,4915,52.350
68.240941,3909,2039,4915,52.350
68.246622,3912,2042,4918,52.350
68.251111,3915,2044,4919,52.350
68.255445,3918,2047,4922,52.350
68.261204,3918,2049,4924,52.350
68.265609,3918,2052,4925,52.350
68.271293,3919,2054,4928,52.350
68.275468,3917,2056,4931,52.350
68.281419,3916,2056,4935,52.350
68.285851,3916,2056,4938,52.350
68.291576,3915,2055,4936,52.350
68.295892,3916,2055,4933,52.350
68.300460,3916,2057,4931,52.350
68.306192,3914,2059,4930,52.350
68.310563,3912,2060,4929,52.350
68.316264,3910,2061,4929,52.350
68.320713,3908,2060,4927,52.350
68.326421,3907,2056,4927,52.350
68.330840,3907,2054,4926,52.350
68.335231,3908,2050,4925,52.350
68.340986,3908,2048,4925,52.350
68.345399,3909,2046,4924,52.350
68.351069,3910,2046,4924,52.350
68.355540,3910,2047,4923,52.350
68.361232,3910,2050,4923,52.350
68.365680,3909,2053,4922,52.350
68.371372,3908,2055,4920,52.350
68.375822,3909,2057,4919,52.350
68.380190,3909,2057,4920,52.350
68.385798,3907,2055,4920,52.350
68.390422,3907,2053,4920,52.350
68.395891,3909,2050,4917,52.350
68.400493,3908,2050,4914,52.350
68.406222,3909,2050,4913,52.350
68.410637,3911,2050,4911,52.350
68.415049,3911,2051,4915,52.350
68.420811,3912,2051,4918,52.350
68.425218,3912,2051,4921,52.350
68.430837,3913,2051,4923,52.350
68.435337,3913,2053,4926,52.350
68.441025,3912,2055,4929,52.350
68.445415,3911,2057,4931,52.350
68.451119,3911,2058,4935,52.350
68.455574,3909,2058,4938,52.350
68.459996,3909,2059,4939,52.350
68.465730,3909,2059,4939,52.350
68.470137,3909,2057,4938,52.350
68.475803,3909,2056,4934,52.350
68.480309,3910,2052,4930,52.350
68.485986,3911,2052,4924,52.350
68.490452,3913,2053,4918,52.350
68.494897,3915,2054,4915,52.350
68.500607,3918,2054,4915,52.350
68.504994,3920,2053,4916,52.350
68.510661,3923,2050,4917,52.350
68.515023,3923,2047,4919,52.350
68.520858,3922,2044,4922,52.350
68.525309,3922,2043,4924,52.350
68.530950,3923,2043,4927,52.350
68.535398,3922,2043,4930,52.350
68.539812,3922,2043,4935,52.350
68.545503,3919,2044,4938,52.350
68.549687,3916,2043,4942,52.350
68.555607,3915,2043,4946,52.350
68.560051,3915,2043,4945,52.350
68.565739,3915,2043,4944,52.350
68.569943,3916,2041,4943,52.350
68.574335,3917,2039,4937,52.350
68.580331,3917,2038,4934,52.350
68.584729,3917,2036,4933,52.350
68.590370,3917,2035,4933,52.350
68.595001,3916,2036,4932,52.350
68.600619,3916,2037,4931,52.350
68.605055,3913,2038,4928,52.350
68.610737,3912,2039,4926,52.350
68.615167,3911,2040,4924,52.350
68.619555,3910,2040,4925,52.350
68.625342,3910,2040,4926,52.350
68.629710,3909,2039,4926,52.350
68.635421,3909,2039,4926,52.350
68.639852,3907,2041,4923,52.350
68.645624,3906,2043,4919,52.350
68.649952,3905,2045,4914,52.350
68.654415,3905,2046,4913,52.350
68.660175,3904,2047,4916,52.350
68.664561,3904,2047,4918,52.350
68.670209,3904,2047,4919,52.350
68.674692,3904,2048,4919,52.350
68.680371,3904,2048,4919,52.350
68.684844,3904,2049,4921,52.350
68.690497,3904,2051,4924,52.350
68.694976,3905,2053,4927,52.350
68.699422,3906,2054,4926,52.350
68.705115,3906,2055,4925,52.350
68.709540,3905,2057,4924,52.350
68.715209,3905,2057,4925,52.350
68.719683,3903,2057,4926,52.350
68.725335,3902,2056,4927,52.350
68.729755,3904,2053,4926,52.350
68.734173,3906,2050,4926,52.350
68.739905,3907,2048,4927,52.350
68.744332,3908,2046,4925,52.350
68.750017,3909,2046,4923,52.350
68.754445,3908,2045,4921,52.350
68.760135,3908,2045,4917,52.350
68.764598,3908,2044,4916,52.350
68.770317,3908,2042,4916,52.350
68.774744,3909,2040,4916,52.350
68.779157,3910,2039,4918,52.350
68.784890,3912,2038,4918,52.350
68.789335,3912,2037,4920,52.350
68.794956,3913,2035,4922,52.350
68.799485,3911,2035,4922,52.350
68.805094,3910,2035,4921,52.350
68.809573,3909,2036,4922,52.350
68.813965,3907,2037,4922,52.350
68.819709,3906,2039,4921,52.350
68.824147,3905,2039,4922,52.350
68.829807,3905,2040,4927,52.350
68.834309,3905,2041,4929,52.350
68.839934,3905,2042,4931,52.350
68.844357,3905,2044,4930,52.350
68.850075,3904,2044,4929,52.350
68.854244,3904,2044,4926,52.350
68.858921,3905,2042,4922,52.350
68.864666,3906,2041,4917,52.350
68.869110,3909,2040,4914,52.350
68.874758,3912,2042,4911,52.350
68.879291,3913,2045,4908,52.350
68.884956,3913,2047,4906,52.350
68.889354,3913,2050,4904,52.350
68.893797,3913,2050,4901,52.350
68.899557,3915,2051,4899,52.350
68.903943,3917,2053,4898,52.350
68.909596,3918,2053,4896,52.350
68.914040,3920,2053,4899,52.350
68.919720,3920,2052,4900,52.350
68.924186,3921,2050,4902,52.350
68.929863,3924,2048,4906,52.350
68.934297,3927,2043,4910,52.350
68.938725,3930,2040,4912,52.350
68.944450,3933,2038,4913,52.350
68.948857,3932,2036,4914,52.350
68.954553,3932,2038,4915,52.350
68.958725,3930,2040,4916,52.350
68.964477,3928,2042,4915,52.350
68.969103,3926,2046,4914,52.350
68.973244,3926,2049,4912,52.350
68.979273,3927,2049,4907,52.350
68.983706,3927,2049,4904,52.350
68.989368,3929,2047,4902,52.350
68.993854,3929,2046,4905,52.350
68.999550,3929,2046,4910,52.350
69.003959,3927,2046,4913,52.350
69.009430,3925,2045,4916,52.350
69.014083,3924,2044,4915,52.350
69.018501,3923,2043,4912,52.350
69.023980,3924,2043,4910,52.350
69.028660,3924,2043,4910,52.350
69.034313,3925,2044,4911,52.350
69.038687,3926,2043,4911,52.350
69.044402,3925,2041,4911,52.350
69.048883,3924,2041,4910,52.350
69.053330,3924,2041,4908,52.350
69.059053,3923,2041,4910,52.350
69.063484,3924,2042,4910,52.350
69.069126,3924,2042,4910,52.350
69.073657,3925,2044,4912,52.350
69.079293,3926,2045,4912,52.350
69.083749,3927,2045,4913,52.350
69.089415,3929,2045,4915,52.350
69.093937,3931,2044,4916,52.350
69.098330,3933,2044,4916,52.350
69.104053,3935,2043,4916,52.350
69.108431,3936,2042,4913,52.350
69.114152,3936,2041,4911,52.350
69.118485,3935,2038,4909,52.350
69.124265,3933,2038,4904,52.350
69.128666,3932,2039,4899,52.350
69.133124,3931,2041,4894,52.350
69.138832,3931,2043,4891,52.350
69.143313,3930,2044,4891,52.350
69.148946,3930,2044,4893,52.350
69.153395,3928,2045,4896,52.350
69.159066,3928,2045,4899,52.350
69.163530,3928,2046,4901,52.350
69.169235,3928,2046,4901,52.350
69.173739,3928,2047,4902,52.350
69.178130,3926,2049,4902,52.350
69.183777,3924,2052,4902,52.350
69.188229,3920,2055,4901,52.350
69.193894,3916,2058,4899,52.350
69.198381,3915,2059,4899,52.350
69.204101,3914,2058,4902,52.350
69.208525,3914,2057,4906,52.350
69.212988,3914,2055,4911,52.350
69.218652,3914,2053,4914,52.350
69.223073,3912,2050,4915,52.350
69.228855,3912,2047,4914,52.350
69.233192,3911,2046,4914,52.350
69.238858,3911,2045,4913,52.350
69.243299,3910,2045,4915,52.350
69.249013,3910,2045,4916,52.350
69.253436,3911,2044,4917,52.350
69.257841,3913,2043,4917,52.350
69.263579,3914,2040,4916,52.350
69.267987,3914,2038,4915,52.350
69.273740,3913,2038,4913,52.350
69.278001,3910,2037,4909,52.350
69.283861,3908,2038,4905,52.350
69.288304,3906,2038,4903,52.350
69.292763,3904,2038,4901,52.350
69.298456,3902,2038,4900,52.350
69.302876,3901,2039,4900,52.350
69.308530,3900,2041,4900,52.350
69.313009,3900,2043,4899,52.350
69.318652,3901,2045,4897,52.350
69.323082,3902,2045,4900,52.350
69.328881,3903,2044,4901,52.350
69.333272,3903,2045,4902,52.350
69.337666,3904,2046,4902,52.350
69.343371,3904,2047,4903,52.350
69.347803,3906,2049,4905,52.350
69.353491,3907,2050,4910,52.350
69.357956,3908,2049,4917,52.350
69.363666,3909,2048,4921,52.350
69.368057,3911,2049,4923,52.350
69.372378,3914,2048,4923,52.350
69.378141,3915,2047,4921,52.350
69.382649,3917,2047,4919,52.350
69.388361,3917,2046,4918,52.350
69.392797,3915,2046,4920,52.350
69.398457,3914,2045,4922,52.350
69.402915,3914,2045,4924,52.350
69.408646,3913,2044,4925,52.350
69.413095,3913,2044,4926,52.350
69.417466,3914,2045,4923,52.350
69.423185,3914,2046,4920,52.350
69.427617,3915,2047,4918,52.350
69.433260,3917,2047,4914,52.350
69.437714,3918,2047,4914,52.350
69.443418,3917,2048,4913,52.350
69.447850,3918,2048,4911,52.350
69.452308,3919,2047,4912,52.350
69.457988,3919,2046,4915,52.350
69.462405,3919,2045,4919,52.350
69.468118,3918,2044,4921,52.350
69.472570,3917,2044,4922,52.350
69.478289,3915,2045,4921,52.350
69.482702,3915,2047,4919,52.350
69.488420,3914,2047,4917,52.350
69.492822,3911,2048,4917,52.350
69.497319,3910,2048,4914,52.350
69.503013,3907,2047,4910,52.350
69.507412,3905,2047,4907,52.350
69.513127,3905,2047,4908,52.350
69.517523,3907,2046,4910,52.350
69.523245,3909,2047,4914,52.350
69.527661,3912,2046,4914,52.350
69.532051,3913,2046,4912,52.350
69.537795,3914,2046,4910,52.350
69.542208,3915,2046,4908,52.350
69.547889,3916,2046,4908,52.350
69.552358,3916,2045,4908,52.350
69.558091,3915,2045,4908,52.350
69.562615,3914,2047,4909,52.350
69.568215,3913,2046,4911,52.350
69.572680,3911,2047,4913,52.350
69.576778,3909,2047,4915,52.350
69.582756,3908,2048,4918,52.350
69.587230,3905,2048,4920,52.350
69.592856,3904,2048,4922,52.350
69.597365,3906,2048,4923,52.350
69.603023,3908,2046,4920,52.350
69.607443,3910,2045,4916,52.350
69.611860,3912,2043,4912,52.350
69.617618,3914,2041,4909,52.350
69.621997,3914,2042,4907,52.350
69.627665,3916,2043,4907,52.350
69.632173,3918,2043,4905,52.350
69.637834,3919,2044,4905,52.350
69.642271,3919,2044,4905,52.350
69.647967,3919,2044,4904,52.350
69.652429,3918,2045,4903,52.350
69.656820,3919,2046,4902,52.350
69.662543,3920,2048,4901,52.350
69.666978,3918,2047,4905,52.350
69.672650,3917,2047,4908,52.350
69.677108,3914,2046,4911,52.350
69.682787,3911,2045,4915,52.350
69.687256,3910,2045,4914,52.350
69.691671,3909,2046,4913,52.350
69.697388,3907,2047,4914,52.350
69.701841,3907,2049,4914,52.350
69.707529,3907,2049,4915,52.350
69.711978,3908,2050,4917,52.350
69.717628,3909,2050,4919,52.350
69.722069,3910,2049,4923,52.350
69.727793,3911,2049,4927,52.350
69.732176,3911,2048,4929,52.350
69.736617,3912,2046,4931,52.350
69.742374,3913,2044,4933,52.350
69.746765,3913,2043,4934,52.350
69.752264,3911,2042,4933,52.350
69.756696,3910,2042,4931,52.350
69.762575,3907,2041,4930,52.350
69.766990,3907,2043,4927,52.350
69.771489,3906,2044,4926,52.350
69.776929,3907,2042,4926,52.350
69.781332,3908,2040,4924,52.350
69.786975,3909,2039,4922,52.350
69.791457,3911,2038,4920,52.350
69.797448,3911,2038,4916,52.350
69.801892,3913,2040,4913,52.350
69.807568,3915,2042,4910,52.350
69.811973,3915,2042,4910,52.350
69.816473,3915,2044,4907,52.350
69.822179,3914,2043,4906,52.350
69.826566,3913,2045,4905,52.350
69.832240,3913,2044,4904,52.350
69.836690,3913,2044,4904,52.350
69.842352,3915,2043,4909,52.350
69.846813,3917,2041,4914,52.350
69.851307,3918,2039,4920,52.350
69.856986,3918,2039,4923,52.350
69.861408,3917,2039,4923,52.350
69.867042,3916,2039,4921,52.350
69.871574,3915,2040,4921,52.350
69.877209,3913,2040,4921,52.350
69.881735,3911,2041,4921,52.350
69.887435,3910,2042,4920,52.350
69.891850,3910,2045,4918,52.350
69.896202,3911,2047,4916,52.350
69.902010,3912,2048,4915,52.350
69.906422,3912,2047,4915,52.350
69.912099,3912,2046,4919,52.350
69.916520,3910,2044,4919,52.350
69.922238,3909,2044,4920,52.350
69.926629,3907,2046,4918,52.350
69.931044,3907,2047,4915,52.350
69.936788,3907,2047,4913,52.350
69.941198,3908,2047,4912,52.350
69.946885,3909,2045,4914,52.350
69.951360,3910,2043,4916,52.350
69.956729,3910,2041,4919,52.350
69.961434,3910,2038,4921,52.350
69.967214,3910,2036,4922,52.350
69.971557,3910,2035,4926,52.350
69.975788,3909,2035,4927,52.350
69.981769,3909,2035,4930,52.350
69.986222,3908,2035,4933,52.350
69.991842,3909,2036,4931,52.350
69.996332,3910,2037,4928,52.350
70.001884,3910,2039,4925,52.350
70.006103,3911,2041,4923,52.350
70.010832,3911,2042,4918,52.350
70.016598,3913,2043,4915,52.350
70.020970,3913,2043,4911,52.350
70.026633,3913,2040,4907,52.350
70.030939,3911,2039,4907,52.350
70.036802,3908,2040,4909,52.350
70.040984,3906,2043,4908,52.350
70.046957,3903,2043,4906,52.350
70.051389,3903,2044,4904,52.350
70.055654,3903,2045,4902,52.350
70.061551,3904,2044,4899,52.350
70.065942,3907,2044,4899,52.350
70.071614,3910,2044,4900,52.350
70.076084,3912,2044,4900,52.350
70.081774,3914,2043,4901,52.350
70.086302,3914,2043,4900,52.350
70.090617,3914,2044,4898,52.350
70.096343,3911,2045,4896,52.350
70.100806,3910,2047,4893,52.350
70.106524,3908,2050,4891,52.350
70.110928,3906,2052,4892,52.350
70.116596,3905,2054,4894,52.350
70.121039,3905,2054,4896,52.350
70.126834,3904,2053,4901,52.350
70.131181,3905,2051,4907,52.350
70.135609,3906,2049,4912,52.350
70.141360,3906,2047,4918,52.350
70.145719,3906,2046,4920,52.350
70.151398,3905,2045,4922,52.350
70.155862,3904,2044,4921,52.350
70.161572,3904,2043,4921,52.350
70.166003,3905,2042,4920,52.350
70.170429,3906,2042,4919,52.350
70.176127,3908,2043,4918,52.350
70.180580,3910,2042,4916,52.350
70.186239,3912,2042,4918,52.350
70.190715,3914,2040,4918,52.350
70.196426,3916,2038,4919,52.350
70.200880,3915,2037,4921,52.350
70.206622,3915,2038,4921,52.350
70.211012,3914,2040,4916,52.350
70.215358,3913,2042,4915,52.350
70.221129,3912,2044,4915,52.350
70.225532,3911,2046,4914,52.350
70.231211,3910,2046,4916,52.350
70.235667,3910,2047,4918,52.350
70.241342,3911,2047,4921,52.350
70.245797,3913,2046,4923,52.350
70.250186,3915,2043,4929,52.350
70.255954,3914,2040,4932,52.350
70.260329,3913,2038,4933,52.350
70.266017,3911,2035,4933,52.350
70.270521,3911,2034,4933,52.350
70.276212,3911,2035,4931,52.350
70.280634,3911,2035,4931,52.350
70.286322,3913,2036,4934,52.350
70.290775,3914,2035,4936,52.350
70.295175,3916,2035,4939,52.350
70.300933,3918,2036,4941,52.350
70.305338,3919,2037,4943,52.350
70.311022,3919,2039,4941,52.350
70.315437,3918,2042,4939,52.350
70.321174,3918,2045,4934,52.350
70.325583,3919,2046,4928,52.350
70.329991,3920,2047,4922,52.350
70.335707,3920,2047,4916,52.350
70.340145,3921,2047,4912,52.350
70.345807,3920,2048,4910,52.350
70.350290,3918,2046,4911,52.350
70.355962,3913,2046,4910,52.350
70.360395,3910,2044,4908,52.350
70.366093,3907,2042,4907,52.350
70.370525,3906,2042,4907,52.350
70.375020,3905,2041,4910,52.350
70.380702,3905,2041,4914,52.350
70.385112,3906,2041,4918,52.350
70.390820,3907,2041,4921,52.350
70.395329,3907,2041,4922,52.350
70.400964,3910,2041,4920,52.350
70.405415,3909,2042,4916,52.350
70.409776,3910,2042,4911,52.350
70.415532,3910,2042,4908,52.350
70.419935,3910,2041,4904,52.350
70.425599,3911,2041,4902,52.350
70.430198,3912,2041,4903,52.350
70.435788,3911,2043,4904,52.350
70.440173,3910,2046,4905,52.350
70.445878,3908,2048,4903,52.350
70.450357,3904,2050,4900,52.350
70.454752,3901,2051,4897,52.350
70.460506,3900,2050,4896,52.350
70.464898,3900,2050,4901,52.350
70.470560,3900,2051,4908,52.350
70.475041,3901,2052,4915,52.350
70.480762,3901,2052,4920,52.350
70.485142,3900,2053,4924,52.350
70.489587,3899,2054,4926,52.350
70.495326,3899,2054,4928,52.350
70.499738,3897,2054,4924,52.350
70.505412,3897,2055,4923,52.350
70.509897,3896,2054,4917,52.350
70.515536,3896,2054,4910,52.350
70.519977,3896,2054,4905,52.350
70.525698,3898,2054,4902,52.350
70.530152,3899,2054,4899,52.350
70.534565,3901,2053,4897,52.350
70.540298,3904,2052,4899,52.350
70.544697,3907,2051,4900,52.350
70.550164,3909,2049,4903,52.350
70.554803,3910,2048,4905,52.350
70.560492,3910,2048,4907,52.350
70.564785,3911,2048,4910,52.350
70.569386,3913,2048,4911,52.350
70.575072,3915,2048,4913,52.350
70.579274,3917,2048,4914,52.350
70.584988,3918,2047,4914,52.350
70.589631,3917,2046,4913,52.350
70.595376,3918,2046,4914,52.350
70.599815,3918,2045,4915,52.350
70.605496,3920,2044,4916,52.350
70.609937,3921,2042,4918,52.350
70.614347,3923,2040,4920,52.350
70.620062,3924,2039,4921,52.350
70.624466,3923,2038,4923,52.350
70.630270,3922,2037,4928,52.350
70.634593,3919,2035,4932,52.350
70.640290,3917,2034,4933,52.350
70.644750,3914,2034,4933,52.350
70.649139,3913,2035,4929,52.350
70.654881,3913,2036,4926,52.350
70.659344,3913,2036,4924,52.350
70.664953,3914,2035,4922,52.350
70.669466,3916,2033,4919,52.350
70.675114,3915,2031,4917,52.350
70.679570,3917,2030,4917,52.350
70.685251,3919,2028,4916,52.350
70.689710,3921,2027,4917,52.350
70.694154,3923,2028,4917,52.350
70.699863,3925,2030,4918,52.350
70.704337,3926,2031,4917,52.350
70.709978,3927,2033,4915,52.350
70.714398,3929,2035,4912,52.350
70.720087,3928,2037,4909,52.350
70.724495,3928,2040,4904,52.350
70.728933,3927,2042,4904,52.350
70.734677,3925,2044,4907,52.350
70.739080,3923,2045,4910,52.350
70.744770,3921,2046,4913,52.350
70.749218,3919,2048,4914,52.350
70.754883,3918,2050,4916,52.350
70.759321,3919,2051,4916,52.350
70.765049,3922,2052,4917,52.350
70.769476,3925,2052,4921,52.350
70.773972,3926,2050,4920,52.350
70.779655,3928,2049,4922,52.350
70.783965,3928,2050,4922,52.350
70.789793,3928,2050,4922,52.350
70.794198,3928,2051,4918,52.350
70.799847,3925,2052,4915,52.350
70.804322,3922,2051,4914,52.350
70.808704,3919,2050,4915,52.350
70.814479,3916,2049,4917,52.350
70.818903,3915,2048,4916,52.350
70.824531,3915,2048,4917,52.350
70.829008,3915,2049,4917,52.350
70.834679,3916,2049,4914,52.350
70.839144,3917,2048,4913,52.350
70.844835,3918,2048,4911,52.350
70.849267,3920,2049,4910,52.350
70.853718,3922,2048,4910,52.350
70.859383,3922,2047,4910,52.350
70.863845,3920,2048,4911,52.350
70.869497,3918,2046,4911,52.350
70.873990,3917,2044,4911,52.350
70.879640,3916,2041,4914,52.350
70.884176,3917,2039,4919,52.350
70.888575,3916,2038,4925,52.350
70.894292,3916,2037,4929,52.350
70.898653,3915,2038,4933,52.350
70.904328,3914,2039,4934,52.350
70.908828,3916,2041,4932,52.350
70.914575,3917,2044,4929,52.350
70.918947,3917,2047,4925,52.350
70.924668,3917,2049,4924,52.350
70.929082,3918,2049,4923,52.350
70.933490,3916,2048,4920,52.350
70.939211,3915,2045,4920,52.350
70.943639,3915,2041,4921,52.350
70.949285,3917,2040,4921,52.350
70.953775,3918,2038,4921,52.350
70.959447,3919,2037,4920,52.350
70.963882,3920,2037,4917,52.350
70.968311,3921,2037,4916,52.350
70.973747,3920,2039,4914,52.350
70.978170,3920,2041,4912,52.350
70.983886,3920,2043,4912,52.350
70.988312,3918,2045,4910,52.350
70.994074,3917,2045,4909,52.350
70.998432,3916,2045,4910,52.350
71.004069,3916,2045,4910,52.350
71.008598,3915,2046,4912,52.350
71.012992,3915,2048,4917,52.350
71.018709,3915,2050,4921,52.350
71.023185,3915,2050,4923,52.350
71.028808,3913,2048,4924,52.350
71.033199,3911,2045,4924,52.350
71.038940,3908,2042,4923,52.350
71.043483,3907,2040,4922,52.350
71.047802,3906,2038,4921,52.350
71.053820,3907,2037,4920,52.350
71.058219,3908,2036,4920,52.350
71.063919,3909,2037,4917,52.350
71.068393,3911,2039,4913,52.350
71.074062,3911,2041,4910,52.350
71.078502,3913,2043,4906,52.350
71.084244,3915,2045,4904,52.350
71.088639,3917,2046,4903,52.350
71.093075,3919,2046,4903,52.350
71.098788,3919,2046,4903,52.350
71.103230,3919,2045,4906,52.350
71.108843,3918,2044,4908,52.350
71.113336,3918,2044,4909,52.350
71.118986,3918,2042,4911,52.350
71.123446,3920,2041,4914,52.350
71.127872,3921,2040,4916,52.350
71.133604,3921,2037,4918,52.350
71.137971,3922,2037,4919,52.350
71.143678,3921,2037,4923,52.350
71.148148,3921,2038,4925,52.350
71.153698,3921,2039,4929,52.350
71.158269,3921,2040,4932,52.350
71.163974,3921,2042,4932,52.350
71.168461,3921,2043,4931,52.350
71.172885,3921,2044,4927,52.350
71.178559,3922,2047,4923,52.350
71.183000,3921,2050,4919,52.350
71.188678,3920,2052,4919,52.350
71.193080,3920,2054,4922,52.350
71.198851,3919,2055,4926,52.350
71.203288,3919,2054,4926,52.350
71.207633,3920,2054,4925,52.350
71.213351,3921,2051,4922,52.350
71.217801,3923,2049,4919,52.350
71.223473,3924,2047,4916,52.350
71.227925,3923,2045,4916,52.350
71.233591,3922,2043,4916,52.350
71.238044,3919,2042,4915,52.350
71.243747,3917,2041,4915,52.350
71.248193,3917,2042,4914,52.350
71.252391,3917,2042,4913,52.350
71.258373,3918,2042,4910,52.350
71.262779,3919,2041,4906,52.350
71.268419,3918,2040,4900,52.350
71.272932,3918,2038,4895,52.350
71.278573,3918,2038,4890,52.350
71.283077,3918,2038,4887,52.350
71.287291,3917,2038,4887,52.350
71.293175,3917,2038,4887,52.350
71.297611,3917,2038,4890,52.350
71.303296,3917,2038,4893,52.350
71.307750,3917,2038,4899,52.350
71.313405,3918,2039,4904,52.350
71.317833,3919,2039,4908,52.350
71.323583,3920,2039,4913,52.350
71.328003,3921,2040,4916,52.350
71.332444,3920,2041,4917,52.350
71.338118,3919,2042,4914,52.350
71.342537,3918,2044,4910,52.350
71.348230,3918,2046,4905,52.350
71.352684,3919,2047,4905,52.350
71.358384,3919,2048,4906,52.350
71.362841,3918,2048,4909,52.350
71.367193,3915,2047,4912,52.350
71.372854,3911,2048,4914,52.350
71.377369,3906,2049,4915,52.350
71.383067,3902,2049,4916,52.350
71.387514,3900,2049,4916,52.350
71.393215,3900,2048,4912,52.350
71.397652,3902,2048,4909,52.350
71.403344,3904,2047,4909,52.350
71.407769,3905,2045,4910,52.350
71.412179,3907,2044,4912,52.350
71.417937,3907,2043,4914,52.350
71.422330,3907,2043,4915,52.350
71.428016,3906,2044,4917,52.350
71.432427,3906,2043,4923,52.350
71.438216,3906,2042,4929,52.350
71.442598,3908,2041,4934,52.350
71.447039,3910,2038,4937,52.350
71.452731,3912,2038,4937,52.350
71.457218,3913,2038,4935,52.350
71.462828,3912,2038,4933,52.350
71.467342,3913,2039,4932,52.350
71.472969,3914,2039,4933,52.350
71.477399,3914,2038,4934,52.350
71.483136,3914,2037,4935,52.350
71.487660,3914,2037,4932,52.350
71.492006,3915,2035,4931,52.350
71.497754,3916,2037,4932,52.350
71.502129,3920,2038,4932,52.350
71.507857,3923,2038,4935,52.350
71.512288,3924,2037,4937,52.350
71.517940,3926,2037,4937,52.350
71.522412,3924,2037,4938,52.350
71.526821,3922,2038,4940,52.350
71.532527,3921,2039,4943,52.350
71.536964,3919,2040,4949,52.350
71.542628,3919,2040,4951,52.350
71.547075,3921,2041,4951,52.350
71.552732,3923,2041,4951,52.350
71.557193,3924,2041,4946,52.350
71.562909,3924,2041,4940,52.350
71.567399,3925,2041,4937,52.350
71.571767,3925,2042,4935,52.350
71.577498,3926,2042,4934,52.350
71.581895,3927,2041,4934,52.350
71.587621,3927,2041,4935,52.350
71.592067,3926,2042,4933,52.350
71.597796,3926,2043,4933,52.350
71.602189,3928,2042,4934,52.350
71.606381,3929,2043,4932,52.350
71.612295,3928,2043,4930,52.350
71.616726,3928,2043,4924,52.350
71.622179,3928,2043,4920,52.350
71.626855,3926,2044,4918,52.350
71.632568,3928,2045,4919,52.350
71.636984,3930,2046,4924,52.350
71.642698,3932,2047,4928,52.350
71.647143,3932,2048,4930,52.350
71.651555,3931,2049,4930,52.350
71.657270,3931,2050,4928,52.350
71.661725,3929,2050,4927,52.350
71.667400,3925,2051,4927,52.350
71.671818,3924,2051,4929,52.350
71.677527,3922,2050,4931,52.350
71.682027,3922,2048,4931,52.350
71.686417,3923,2046,4934,52.350
71.692133,3923,2043,4937,52.350
71.696520,3923,2040,4938,52.350
71.702246,3922,2037,4940,52.350
71.706667,3921,2036,4939,52.350
71.712365,3920,2037,4936,52.350
71.716801,3918,2038,4936,52.350
71.722459,3917,2041,4934,52.350
71.726930,3918,2041,4935,52.350
71.731166,3920,2040,4935,52.350
71.737072,3922,2041,4934,52.350
71.741503,3924,2039,4932,52.350
71.746964,3927,2038,4930,52.350
71.751608,3927,2038,4927,52.350
71.757306,3928,2037,4926,52.350
71.761729,3928,2038,4925,52.350
71.766154,3929,2040,4925,52.350
71.771935,3929,2039,4928,52.350
71.776290,3930,2040,4926,52.350
71.782004,3932,2040,4924,52.350
71.786152,3933,2039,4923,52.350
71.792120,3934,2040,4922,52.350
71.796583,3934,2040,4928,52.350
71.802156,3932,2041,4934,52.350
71.806749,3929,2042,4940,52.350
71.811117,3928,2042,4942,52.350
71.816859,3928,2042,4942,52.350
71.821073,3928,2041,4938,52.350
71.826946,3930,2039,4934,52.350
71.831460,3929,2037,4932,52.350
71.837094,3929,2036,4931,52.350
71.841523,3928,2036,4931,52.350
71.846007,3927,2035,4931,52.350
71.851683,3926,2036,4933,52.350
71.856125,3926,2037,4934,52.350
71.861776,3928,2039,4937,52.350
71.866339,3929,2041,4938,52.350
71.871969,3930,2042,4939,52.350
71.876338,3930,2043,4939,52.350
71.882087,3930,2044,4937,52.350
71.886545,3928,2045,4936,52.350
71.890996,3927,2048,4937,52.350
71.896710,3925,2050,4937,52.350
71.901107,3924,2054,4940,52.350
71.906778,3921,2055,4942,52.350
71.911199,3919,2056,4944,52.350
71.916906,3917,2056,4946,52.350
71.921374,3917,2055,4947,52.350
71.925737,3916,2053,4948,52.350
71.931473,3917,2051,4947,52.350
71.935896,3917,2049,4945,52.350
71.941572,3916,2047,4945,52.350
71.946024,3916,2044,4945,52.350
71.951726,3916,2042,4945,52.350
71.956169,3916,2043,4944,52.350
71.961864,3916,2044,4943,52.350
71.966287,3915,2046,4942,52.350
71.970716,3914,2048,4941,52.350
71.976452,3913,2050,4941,52.350
71.980901,3912,2050,4944,52.350
71.986557,3913,2049,4945,52.350
71.991016,3913,2048,4947,52.350
71.996677,3914,2047,4950,52.350
72.001176,3915,2047,4952,52.350
72.005305,3917,2050,4952,52.350
72.011254,3918,2053,4953,52.350
72.015683,3919,2056,4949,52.350
72.021367,3920,2058,4944,52.350
72.025549,3921,2060,4939,52.350
72.031317,3919,2060,4937,52.350
72.035926,3918,2059,4935,52.350
72.041415,3917,2056,4936,52.350
72.046055,3918,2054,4935,52.350
72.050518,3920,2051,4932,52.350
72.056094,3922,2047,4930,52.350
72.060685,3924,2044,4926,52.350
72.066337,3925,2042,4925,52.350
72.070841,3926,2041,4926,52.350
72.076469,3926,2039,4926,52.350
72.080948,3925,2041,4926,52.350
72.085319,3923,2042,4925,52.350
72.091069,3920,2042,4924,52.350
72.095465,3917,2043,4926,52.350
72.101142,3915,2045,4927,52.350
72.105637,3914,2046,4928,52.350
72.111031,3913,2046,4928,52.350
72.115398,3913,2046,4925,52.350
72.121406,3914,2047,4922,52.350
72.125841,3914,2046,4922,52.350
72.130294,3916,2047,4922,52.350
72.136029,3918,2045,4921,52.350
72.140436,3919,2045,4924,52.350
72.146137,3920,2045,4922,52.350
72.150652,3920,2046,4923,52.350
72.156240,3920,2048,4924,52.350
72.160738,3920,2047,4924,52.350
72.164808,3920,2046,4927,52.350
72.170838,3919,2046,4930,52.350
72.175061,3920,2043,4929,52.350
72.180972,3919,2042,4926,52.350
72.185406,3919,2042,4925,52.350
72.191090,3917,2041,4922,52.350
72.195536,3915,2042,4921,52.350
72.201230,3914,2042,4921,52.350
72.205671,3912,2041,4920,52.350
72.210060,3913,2042,4918,52.350
72.215834,3915,2042,4915,52.350
72.220206,3917,2042,4911,52.350
72.225935,3919,2042,4909,52.350
72.230324,3921,2042,4907,52.350
72.236061,3922,2043,4909,52.350
72.240474,3923,2044,4912,52.350
72.244932,3923,2045,4913,52.350
72.250624,3925,2047,4915,52.350
72.255057,3928,2047,4917,52.350
72.260704,3931,2047,4919,52.350
72.265278,3932,2046,4922,52.350
72.270852,3932,2045,4923,52.350
72.275268,3928,2044,4926,52.350
72.280984,3925,2045,4928,52.350
72.285445,3923,2045,4931,52.350
72.289843,3921,2046,4928,52.350
72.295576,3921,2046,4928,52.350
72.300033,3921,2044,4929,52.350
72.305701,3921,2042,4930,52.350
72.310100,3921,2038,4934,52.350
72.315855,3921,2037,4939,52.350
72.320272,3922,2034,4944,52.350
72.324690,3924,2033,4945,52.350
72.330408,3927,2034,4944,52.350
72.334827,3927,2037,4940,52.350
72.340495,3926,2041,4936,52.350
72.344952,3922,2044,4936,52.350
72.350651,3919,2045,4936,52.350
72.355094,3917,2045,4938,52.350
72.360784,3915,2043,4939,52.350
72.365294,3913,2042,4938,52.350
72.369690,3912,2041,4936,52.350
72.375401,3910,2040,4935,52.350
72.379816,3910,2040,4935,52.350
72.385455,3908,2039,4932,52.350
72.389953,3909,2038,4928,52.350
72.395354,3906,2036,4925,52.350
72.400056,3904,2036,4924,52.350
72.404481,3902,2036,4923,52.350
72.410177,3900,2036,4925,52.350
72.414581,3899,2039,4928,52.350
72.420270,3899,2041,4929,52.350
72.424767,3899,2042,4929,52.350
72.430418,3900,2041,4928,52.350
72.434872,3901,2040,4925,52.350
72.440560,3902,2036,4919,52.350
72.445009,3903,2032,4914,52.350
72.449416,3905,2029,4909,52.350
72.455146,3907,2027,4904,52.350
72.459617,3911,2028,4901,52.350
72.465236,3914,2029,4897,52.350
72.469769,3917,2031,4898,52.350
72.475394,3921,2033,4898,52.350
72.479875,3924,2036,4902,52.350
72.484227,3925,2037,4905,52.350
72.490044,3924,2038,4904,52.350
72.494386,3923,2038,4905,52.350
72.500124,3922,2038,4906,52.350
72.504553,3923,2038,4909,52.350
72.510249,3924,2038,4909,52.350
72.514649,3925,2039,4910,52.350
72.520372,3927,2039,4914,52.350
72.524804,3926,2038,4917,52.350
72.529216,3926,2038,4923,52.350
72.534980,3924,2039,4927,52.350
72.539353,3924,2038,4930,52.350
72.545010,3925,2035,4928,52.350
72.549468,3925,2034,4923,52.350
72.554968,3925,2031,4919,52.350
72.559610,3922,2031,4913,52.350
72.564057,3921,2031,4912,52.350
72.569779,3919,2030,4913,52.350
72.573962,3916,2030,4915,52.350
72.579890,3914,2030,4917,52.350
72.584303,3913,2031,4916,52.350
72.589976,3913,2033,4914,52.350
72.594439,3913,2034,4916,52.350
72.600143,3916,2034,4918,52.350
72.604576,3920,2034,4923,52.350
72.609002,3923,2033,4928,52.350
72.614722,3925,2032,4932,52.350
72.619125,3926,2033,4936,52.350
72.624555,3926,2033,4938,52.350
72.629133,3925,2033,4940,52.350
72.634934,3924,2034,4939,52.350
72.639401,3922,2033,4939,52.350
72.643815,3918,2033,4934,52.350
72.649622,3918,2034,4931,52.350
72.654029,3916,2035,4929,52.350
72.659566,3913,2040,4926,52.350
72.664122,3914,2043,4923,52.350
72.669749,3913,2045,4924,52.350
72.674287,3912,2047,4923,52.350
72.679939,3910,2046,4923,52.350
72.684332,3907,2046,4922,52.350
72.688829,3906,2045,4921,52.350
72.694526,3905,2044,4920,52.350
72.698927,3906,2042,4921,52.350
72.704601,3909,2040,4925,52.350
72.709039,3911,2040,4931,52.350
72.714824,3913,2039,4933,52.350
72.719163,3914,2039,4935,52.350
72.723615,3914,2040,4938,52.350
72.729316,3914,2040,4937,52.350
72.733735,3914,2040,4937,52.350
72.739420,3916,2040,4935,52.350
72.743870,3918,2040,4933,52.350
72.749371,3917,2041,4931,52.350
72.753975,3916,2040,4931,52.350
72.759704,3915,2040,4931,52.350
72.764163,3913,2041,4929,52.350
72.768565,3910,2042,4929,52.350
72.774355,3909,2043,4928,52.350
72.778695,3906,2044,4927,52.350
72.784415,3906,2042,4928,52.350
72.788879,3906,2042,4926,52.350
72.794575,3907,2042,4925,52.350
72.798966,3908,2041,4926,52.350
72.803384,3908,2042,4925,52.350
72.809103,3908,2044,4920,52.350
72.813513,3907,2044,4918,52.350
72.819213,3905,2045,4919,52.350
72.823734,3903,2045,4919,52.350
72.829373,3902,2044,4922,52.350
72.833801,3900,2042,4925,52.350
72.839489,3901,2039,4925,52.350
72.843946,3902,2037,4924,52.350
72.848395,3903,2035,4925,52.350
72.854090,3905,2035,4925,52.350
72.858512,3906,2034,4925,52.350
72.864249,3907,2034,4925,52.350
72.868640,3909,2035,4926,52.350
72.874377,3911,2034,4929,52.350
72.878799,3910,2034,4931,52.350
72.883195,3908,2035,4932,52.350
72.888908,3905,2035,4934,52.350
72.893294,3903,2037,4934,52.350
72.899003,3902,2039,4934,52.350
72.903501,3902,2041,4934,52.350
72.909177,3902,2041,4934,52.350
72.913570,3905,2041,4934,52.350
72.919293,3907,2042,4936,52.350
72.923745,3908,2043,4936,52.350
72.928128,3909,2044,4938,52.350
72.933887,3908,2043,4939,52.350
72.938317,3907,2043,4937,52.350
72.943976,3907,2044,4939,52.350
72.948430,3908,2044,4941,52.350
72.954136,3910,2043,4940,52.350
72.958584,3911,2042,4941,52.350
72.963046,3911,2042,4939,52.350
72.968763,3908,2044,4935,52.350
72.973041,3907,2045,4933,52.350
72.978804,3906,2046,4928,52.350
72.983331,3907,2046,4924,52.350
72.988946,3909,2043,4924,52.350
72.993245,3911,2042,4923,52.350
72.999072,3911,2041,4924,52.350
73.003559,3912,2040,4926,52.350
73.007657,3911,2041,4925,52.350
73.013636,3911,2041,4925,52.350
73.018079,3912,2040,4926,52.350
73.023533,3911,2040,4928,52.350
73.028197,3909,2040,4928,52.350
73.033890,3907,2038,4927,52.350
73.038320,3905,2037,4923,52.350
73.042680,3904,2037,4919,52.350
73.048502,3903,2039,4915,52.350
73.052930,3903,2040,4911,52.350
73.058580,3904,2042,4910,52.350
73.063086,3904,2043,4910,52.350
73.068760,3903,2043,4907,52.350
73.073215,3902,2045,4905,52.350
73.078889,3901,2046,4903,52.350
73.083347,3901,2048,4903,52.350
73.087728,3902,2048,4906,52.350
73.093556,3903,2048,4909,52.350
73.097900,3905,2047,4911,52.350
73.103591,3905,2045,4912,52.350
73.108011,3906,2043,4914,52.350
73.113717,3907,2042,4914,52.350
73.118068,3908,2039,4913,52.350
73.122524,3910,2037,4911,52.350
73.128257,3910,2037,4907,52.350
73.132680,3911,2037,4905,52.350
73.138209,3911,2038,4902,52.350
73.142843,3911,2039,4903,52.350
73.148527,3911,2039,4905,52.350
73.152969,3910,2040,4907,52.350
73.158675,3909,2041,4909,52.350
73.163117,3908,2042,4911,52.350
73.167568,3907,2043,4910,52.350
73.173298,3906,2044,4910,52.350
73.177710,3904,2045,4912,52.350
73.183377,3901,2048,4911,52.350
73.187821,3899,2051,4914,52.350
73.193498,3899,2054,4914,52.350
73.197912,3898,2056,4913,52.350
73.202336,3898,2057,4912,52.350
73.208161,3900,2058,4911,52.350
73.212521,3902,2058,4908,52.350
73.218129,3904,2057,4907,52.350
73.222656,3907,2055,4906,52.350
73.228319,3906,2052,4904,52.350
73.232788,3908,2050,4902,52.350
73.238448,3908,2048,4900,52.350
73.242892,3908,2045,4896,52.350
73.247339,3908,2042,4893,52.350
73.253026,3907,2040,4892,52.350
73.257468,3904,2039,4892,52.350
73.263146,3902,2040,4893,52.350
73.267642,3902,2041,4896,52.350
73.273140,3901,2043,4900,52.350
73.277741,3903,2044,4901,52.350
73.282130,3905,2045,4904,52.350
73.287878,3906,2046,4907,52.350
73.292305,3906,2046,4911,52.350
73.297720,3904,2045,4916,52.350
73.302413,3904,2045,4920,52.350
73.308114,3904,2043,4920,52.350
73.312567,3904,2041,4918,52.350
73.318265,3905,2039,4915,52.350
73.322679,3907,2037,4911,52.350
73.327080,3906,2036,4908,52.350
73.332813,3907,2036,4908,52.350
73.337297,3907,2036,4909,52.350
73.342902,3907,2037,4909,52.350
73.347361,3908,2039,4908,52.350
73.353043,3908,2040,4908,52.350
73.357536,3907,2039,4910,52.350
73.361944,3907,2039,4914,52.350
73.367655,3904,2039,4920,52.350
73.372102,3902,2039,4926,52.350
73.377716,3902,2040,4927,52.350
73.382240,3902,2042,4930,52.350
73.387920,3904,2043,4930,52.350
73.392286,3907,2044,4927,52.350
73.397994,3910,2044,4924,52.350
73.402469,3913,2045,4921,52.350
73.406861,3918,2044,4915,52.350
73.412576,3922,2044,4910,52.350
73.417009,3926,2044,4907,52.350
73.422701,3929,2044,4905,52.350
73.427136,3929,2042,4906,52.350
73.432848,3928,2041,4908,52.350
73.437271,3926,2041,4909,52.350
73.441720,3922,2040,4908,52.350
73.447396,3918,2039,4911,52.350
73.451859,3915,2036,4914,52.350
73.457488,3914,2035,4917,52.350
73.462012,3913,2033,4923,52.350
73.467617,3912,2031,4926,52.350
73.472086,3913,2032,4926,52.350
73.477782,3912,2030,4926,52.350
73.482294,3912,2028,4925,52.350
73.486648,3913,2026,4924,52.350
73.492369,3913,2025,4922,52.350
73.496799,3912,2024,4921,52.350
73.502488,3912,2025,4916,52.350
73.506891,3913,2027,4915,52.350
73.512565,3912,2028,4917,52.350
73.517018,3910,2030,4921,52.350
73.521459,3909,2032,4927,52.350
73.527170,3908,2033,4932,52.350
73.531569,3907,2035,4932,52.350
73.537241,3907,2035,4928,52.350
73.541721,3908,2035,4925,52.350
73.547397,3908,2035,4921,52.350
73.551836,3909,2034,4921,52.350
73.557529,3909,2033,4922,52.350
73.561991,3909,2033,4923,52.350
73.566440,3908,2034,4923,52.350
73.572115,3909,2035,4921,52.350
73.576583,3912,2037,4919,52.350
73.582248,3914,2038,4919,52.350
73.586689,3917,2039,4919,52.350
73.592342,3916,2040,4920,52.350
73.596799,3916,2039,4921,52.350
73.601229,3915,2039,4921,52.350
73.606945,3913,2038,4921,52.350
73.611364,3912,2037,4923,52.350
73.617045,3911,2038,4924,52.350
73.621554,3910,2038,4922,52.350
73.627219,3907,2038,4919,52.350
73.631583,3904,2040,4918,52.350
73.637314,3903,2041,4918,52.350
73.641763,3902,2043,4920,52.350
73.646213,3903,2043,4919,52.350
73.651897,3903,2044,4922,52.350
73.656323,3903,2045,4922,52.350
73.661985,3904,2044,4920,52.350
73.666490,3904,2044,4923,52.350
73.672167,3905,2041,4920,52.350
73.676589,3907,2038,4919,52.350
73.681081,3910,2036,4918,52.350
73.686751,3912,2035,4917,52.350
73.691141,3914,2036,4916,52.350
73.696771,3916,2037,4915,52.350
73.701336,3916,2037,4914,52.350
73.706963,3916,2037,4914,52.350
73.711373,3916,2038,4914,52.350
73.717084,3914,2038,4914,52.350
73.721546,3913,2039,4913,52.350
73.725984,3911,2040,4912,52.350
73.731654,3911,2040,4909,52.350
73.736083,3912,2040,4907,52.350
73.741789,3913,2040,4907,52.350
73.746287,3913,2038,4908,52.350
73.751647,3913,2037,4907,52.350
73.756226,3914,2036,4908,52.350
73.760793,3914,2038,4909,52.350
73.766488,3915,2038,4908,52.350
73.770932,3917,2040,4910,52.350
73.776557,3917,2041,4911,52.350
73.781087,3916,2043,4910,52.350
73.786755,3915,2046,4908,52.350
73.791131,3914,2049,4906,52.350
73.796950,3913,2050,4903,52.350
73.801297,3914,2050,4898,52.350
73.805721,3916,2049,4896,52.350
73.811433,3917,2049,4892,52.350
73.815894,3917,2049,4889,52.350
73.821544,3917,2050,4887,52.350
73.826002,3916,2051,4889,52.350
73.831708,3914,2051,4893,52.350
73.836148,3912,2049,4899,52.350
73.840567,3910,2049,4905,52.350
73.846304,3910,2048,4911,52.350
73.850741,3908,2047,4915,52.350
73.856368,3907,2046,4919,52.350
73.860863,3906,2047,4923,52.350
73.866492,3906,2045,4925,52.350
73.870994,3903,2044,4927,52.350
73.876650,3901,2044,4930,52.350
73.881099,3901,2044,4930,52.350
73.885542,3901,2045,4930,52.350
73.891299,3902,2046,4929,52.350
73.895661,3902,2047,4928,52.350
73.901346,3903,2050,4927,52.350
73.905777,3904,2052,4925,52.350
73.911478,3906,2053,4927,52.350
73.915926,3909,2053,4926,52.350
73.920311,3911,2053,4927,52.350
73.926093,3911,2053,4926,52.350
73.930464,3910,2052,4924,52.350
73.936139,3911,2051,4921,52.350
73.940419,3911,2048,4921,52.350
73.946298,3912,2044,4920,52.350
73.950817,3914,2042,4919,52.350
73.956438,3914,2041,4921,52.350
73.960904,3916,2040,4918,52.350
73.965096,3917,2041,4917,52.350
73.970769,3919,2041,4916,52.350
73.975465,3923,2044,4914,52.350
73.981073,3926,2047,4911,52.350
73.985594,3928,2049,4908,52.350
73.991263,3929,2050,4905,52.350
73.995697,3930,2050,4902,52.350
74.000130,3930,2048,4901,52.350
74.005656,3930,2048,4898,52.350
74.010177,3929,2048,4898,52.350
74.015955,3927,2047,4899,52.350
74.020391,3927,2045,4902,52.350
74.026051,3926,2043,4906,52.350
74.030604,3924,2042,4908,52.350
74.036214,3923,2040,4910,52.350
74.040454,3922,2038,4912,52.350
74.045070,3921,2037,4912,52.350
74.050804,3921,2035,4915,52.350
74.055226,3921,2034,4918,52.350
74.060913,3920,2034,4920,52.350
74.065344,3920,2034,4925,52.350
74.071061,3919,2036,4925,52.350
74.075535,3918,2039,4923,52.350
74.079932,3918,2042,4923,52.350
74.085644,3918,2043,4920,52.350
74.090047,3919,2043,4918,52.350
74.095732,3917,2044,4916,52.350
74.100201,3915,2043,4916,52.350
74.105898,3913,2041,4917,52.350
74.110293,3911,2039,4917,52.350
74.115986,3909,2037,4916,52.350
74.120426,3908,2034,4917,52.350
74.124847,3908,2033,4920,52.350
74.130617,3907,2032,4920,52.350
74.134993,3908,2032,4920,52.350
74.140674,3909,2033,4917,52.350
74.145135,3909,2033,4915,52.350
74.150858,3911,2031,4914,52.350
74.155273,3913,2030,4915,52.350
74.159467,3914,2028,4915,52.350
74.165223,3917,2025,4913,52.350
74.169847,3920,2024,4911,52.350
74.175380,3921,2025,4908,52.350
74.179942,3920,2025,4907,52.350
74.185686,3918,2026,4908,52.350
74.190060,3915,2029,4910,52.350
74.195803,3915,2032,4911,52.350
74.200267,3914,2034,4912,52.350
74.204640,3915,2038,4913,52.350
74.210370,3916,2041,4911,52.350
74.214767,3918,2042,4911,52.350
74.220473,3918,2044,4907,52.350
74.224899,3919,2045,4905,52.350
74.230597,3920,2045,4902,52.350
74.235042,3919,2045,4901,52.350
74.239464,3920,2044,4904,52.350
74.245246,3921,2044,4907,52.350
74.249768,3922,2044,4913,52.350
74.255272,3924,2042,4915,52.350
74.259733,3924,2041,4916,52.350
74.265437,3924,2041,4917,52.350
74.269876,3921,2042,4917,52.350
74.275551,3919,2044,4918,52.350
74.280035,3917,2047,4917,52.350
74.284465,3917,2048,4917,52.350
74.290205,3918,2050,4915,52.350
74.294618,3919,2051,4912,52.350
74.300298,3921,2053,4910,52.350
74.304691,3922,2056,4906,52.350
74.310407,3921,2059,4903,52.350
74.314882,3921,2059,4902,52.350
74.319309,3921,2059,4903,52.350
74.325039,3922,2059,4906,52.350
74.329403,3923,2058,4911,52.350
74.335067,3924,2057,4915,52.350
74.339539,3922,2055,4920,52.350
74.345212,3920,2053,4926,52.350
74.349651,3919,2049,4931,52.350
74.355356,3920,2048,4932,52.350
74.359813,3922,2045,4927,52.350
74.364250,3924,2043,4919,52.350
74.369968,3926,2042,4911,52.350
74.374398,3926,2040,4909,52.350
74.380065,3925,2040,4907,52.350
74.384512,3923,2041,4908,52.350
74.390241,3919,2044,4912,52.350
74.394629,3915,2047,4910,52.350
74.399053,3913,2048,4908,52.350
74.404754,3910,2047,4905,52.350
74.409195,3909,2045,4904,52.350
74.414847,3909,2043,4908,52.350
74.419332,3910,2042,4910,52.350
74.424979,3912,2043,4912,52.350
74.429404,3912,2044,4911,52.350
74.435144,3912,2047,4911,52.350
74.439578,3913,2049,4911,52.350
74.444029,3913,2051,4913,52.350
74.449760,3912,2053,4915,52.350
74.454151,3912,2054,4918,52.350
74.459815,3911,2052,4919,52.350
74.464318,3910,2050,4919,52.350
74.469981,3910,2047,4919,52.350
74.474435,3912,2044,4919,52.350
74.478868,3914,2044,4919,52.350
74.484570,3917,2044,4919,52.350
74.488941,3919,2047,4918,52.350
74.494670,3921,2049,4917,52.350
74.499112,3920,2051,4918,52.350
74.504801,3918,2051,4919,52.350
74.509270,3916,2050,4920,52.350
74.514846,3916,2049,4921,52.350
74.519381,3916,2047,4922,52.350
74.523670,3916,2045,4921,52.350
74.529505,3915,2040,4922,52.350
74.533923,3913,2037,4924,52.350
74.539599,3911,2034,4926,52.350
74.544064,3911,2032,4929,52.350
74.549756,3911,2033,4930,52.350
74.554193,3913,2034,4930,52.350
74.558618,3914,2035,4929,52.350
74.564109,3916,2036,4930,52.350
74.568752,3918,2036,4931,52.350
74.574171,3918,2036,4933,52.350
74.578908,3919,2037,4932,52.350
74.584622,3919,2038,4930,52.350
74.588849,3920,2037,4927,52.350
74.594744,3921,2037,4924,52.350
74.599175,3922,2035,4923,52.350
74.603594,3922,2032,4923,52.350
74.609323,3920,2033,4924,52.350
74.613721,3918,2034,4926,52.350
74.619396,3914,2036,4928,52.350
74.623867,3912,2037,4930,52.350
74.629361,3911,2038,4934,52.350
74.633686,3911,2040,4938,52.350
74.638441,3910,2041,4937,52.350
74.644108,3911,2043,4935,52.350
74.648546,3910,2044,4933,52.350
74.654224,3909,2044,4931,52.350
74.658680,3908,2043,4931,52.350
74.664363,3907,2042,4932,52.350
74.668823,3907,2042,4932,52.350
74.674573,3908,2040,4935,52.350
74.678974,3908,2039,4936,52.350
74.683372,3907,2037,4935,52.350
74.689147,3907,2035,4934,52.350
74.693525,3906,2036,4931,52.350
74.699243,3905,2037,4930,52.350
74.703648,3905,2037,4932,52.350
74.709341,3906,2036,4935,52.350
74.713763,3907,2036,4935,52.350
74.718184,3910,2035,4936,52.350
74.723906,3910,2036,4937,52.350
74.728341,3911,2038,4936,52.350
74.734020,3911,2039,4936,52.350
74.738446,3910,2039,4936,52.350
74.744214,3911,2037,4935,52.350
74.748633,3913,2035,4931,52.350
74.754301,3915,2034,4926,52.350
74.758443,3918,2036,4924,52.350
74.762905,3918,2040,4923,52.350
74.768920,3916,2043,4925,52.350
74.773316,3915,2044,4928,52.350
74.778955,3913,2043,4930,52.350
74.783452,3911,2041,4933,52.350
74.789120,3910,2039,4935,52.350
74.793536,3911,2039,4940,52.350
74.797970,3912,2041,4942,52.350
74.803739,3914,2042,4944,52.350
74.808104,3914,2043,4945,52.350
74.813812,3915,2045,4942,52.350
74.818306,3916,2045,4942,52.350
74.823955,3915,2046,4942,52.350
74.828377,3917,2047,4940,52.350
74.833853,3918,2049,4938,52.350
74.838272,3919,2050,4935,52.350
74.842668,3919,2051,4932,52.350
74.848424,3919,2051,4934,52.350
74.852809,3919,2049,4936,52.350
74.858539,3921,2046,4938,52.350
74.862931,3922,2044,4940,52.350
74.868889,3924,2041,4937,52.350
74.873338,3923,2040,4934,52.350
74.877811,3920,2040,4931,52.350
74.883509,3918,2040,4928,52.350
74.887895,3917,2041,4926,52.350
74.893594,3915,2041,4926,52.350
74.898048,3915,2041,4926,52.350
74.903733,3914,2041,4926,52.350
74.908153,3914,2041,4926,52.350
74.913857,3916,2040,4924,52.350
74.918295,3918,2040,4924,52.350
74.922717,3917,2039,4925,52.350
74.928449,3916,2038,4925,52.350
74.932897,3915,2038,4925,52.350
74.938530,3912,2039,4926,52.350
74.943021,3910,2041,4926,52.350
74.948686,3909,2044,4927,52.350
74.953178,3909,2047,4927,52.350
74.957548,3909,2049,4927,52.350
74.963330,3912,2050,4925,52.350
74.967737,3912,2052,4927,52.350
74.973271,3914,2052,4931,52.350
74.977838,3914,2053,4933,52.350
74.983519,3912,2053,4934,52.350
74.987984,3913,2052,4935,52.350
74.993681,3912,2053,4935,52.350
74.998090,3912,2052,4936,52.350
75.002371,3911,2052,4933,52.350
75.008001,3909,2053,4929,52.350
75.012629,3909,2052,4925,52.350
75.018304,3909,2051,4923,52.350
75.022836,3910,2047,4922,52.350
75.028482,3910,2044,4921,52.350
75.032874,3912,2042,4922,52.350
75.037305,3914,2040,4919,52.350
75.042785,3915,2038,4915,52.350
75.047456,3916,2038,4912,52.350
75.053198,3917,2036,4908,52.350
75.057640,3918,2035,4908,52.350
75.063329,3919,2034,4910,52.350
75.067750,3919,2033,4909,52.350
75.073451,3919,2034,4910,52.350
75.077869,3919,2034,4914,52.350
75.082304,3918,2034,4916,52.350
75.088064,3919,2034,4922,52.350
75.092443,3918,2032,4925,52.350
75.098087,3918,2033,4926,52.350
75.102644,3918,2034,4928,52.350
75.108250,3919,2035,4927,52.350
75.112686,3920,2036,4928,52.350
75.117128,3921,2037,4926,52.350
75.122857,3921,2038,4925,52.350
75.127303,3920,2039,4924,52.350
75.132924,3921,2040,4923,52.350
75.137384,3921,2041,4921,52.350
75.143063,3921,2040,4922,52.350
75.147494,3922,2039,4922,52.350
75.153214,3923,2038,4923,52.350
75.157699,3923,2039,4921,52.350
75.162052,3924,2039,4916,52.350
75.167810,3925,2040,4911,52.350
75.172241,3925,2040,4904,52.350
75.177865,3925,2041,4897,52.350
75.182363,3925,2043,4892,52.350
75.188098,3925,2043,4885,52.350
75.192487,3925,2043,4883,52.350
75.196887,3924,2044,4885,52.350
75.202593,3923,2043,4889,52.350
75.207025,3922,2043,4893,52.350
75.212691,3922,2042,4896,52.350
75.217178,3921,2041,4897,52.350
75.222854,3922,2038,4898,52.350
75.227295,3923,2036,4900,52.350
75.233011,3922,2034,4904,52.350
75.237419,3922,2034,4905,52.350
75.241889,3920,2034,4907,52.350
75.247598,3919,2033,4907,52.350
75.251725,3917,2035,4907,52.350
75.257678,3916,2036,4910,52.350
75.262144,3915,2036,4913,52.350
75.267839,3915,2036,4912,52.350
75.272301,3914,2036,4913,52.350
75.276694,3915,2036,4912,52.350
75.282454,3915,2036,4912,52.350
75.286807,3915,2036,4913,52.350
75.292479,3915,2036,4913,52.350
75.296736,3914,2036,4917,52.350
75.302643,3914,2036,4921,52.350
75.307089,3913,2036,4926,52.350
75.312788,3912,2036,4928,52.350
75.317283,3911,2036,4928,52.350
75.321645,3909,2037,4925,52.350
75.327350,3909,2038,4924,52.350
75.331770,3911,2038,4922,52.350
75.337473,3912,2040,4922,52.350
75.341960,3914,2040,4923,52.350
75.347600,3914,2040,4922,52.350
75.352047,3914,2040,4921,52.350
75.356460,3913,2038,4919,52.350
75.362179,3912,2036,4917,52.350
75.366569,3913,2036,4916,52.350
75.372292,3915,2034,4917,52.350
75.376755,3917,2035,4919,52.350
75.382464,3921,2036,4922,52.350
75.386899,3923,2036,4926,52.350
75.392564,3925,2037,4927,52.350
75.397013,3928,2037,4929,52.350
75.401221,3931,2037,4930,52.350
75.406873,3933,2039,4931,52.350
75.411292,3935,2040,4929,52.350
75.416995,3934,2042,4925,52.350
75.421419,3934,2042,4921,52.350
75.427170,3934,2043,4915,52.350
75.431824,3934,2043,4913,52.350
75.436236,3934,2043,4913,52.350
75.441963,3933,2043,4912,52.350
75.446386,3930,2041,4914,52.350
75.452108,3928,2041,4917,52.350
75.456555,3925,2041,4914,52.350
75.462236,3921,2042,4913,52.350
75.466685,3919,2044,4908,52.350
75.472370,3918,2046,4906,52.350
75.476813,3918,2047,4904,52.350
75.481208,3919,2049,4905,52.350
75.486994,3919,2050,4908,52.350
75.491373,3918,2050,4911,52.350
75.497074,3918,2048,4916,52.350
75.501491,3917,2045,4918,52.350
75.507212,3918,2044,4921,52.350
75.511599,3919,2043,4920,52.350
75.516029,3920,2043,4921,52.350
75.521757,3920,2043,4921,52.350
75.526188,3920,2043,4922,52.350
75.531865,3919,2040,4922,52.350
75.536362,3918,2039,4921,52.350
75.541987,3917,2039,4919,52.350
75.546441,3918,2037,4918,52.350
75.552214,3917,2037,4915,52.350
75.556572,3917,2038,4912,52.350
75.561014,3917,2040,4911,52.350
75.566744,3915,2041,4913,52.350
75.571057,3916,2042,4915,52.350
75.576915,3917,2041,4919,52.350
75.581301,3918,2041,4922,52.350
75.587034,3920,2041,4926,52.350
75.591435,3920,2041,4929,52.350
75.595836,3918,2041,4930,52.350
75.601550,3917,2040,4931,52.350
75.605983,3917,2038,4930,52.350
75.611657,3916,2038,4928,52.350
75.616134,3916,2038,4928,52.350
75.621777,3916,2038,4930,52.350
75.626264,3915,2040,4934,52.350
75.631998,3916,2042,4935,52.350
75.636383,3915,2045,4937,52.350
75.640852,3916,2045,4940,52.350
75.646533,3915,2045,4945,52.350
75.651016,3914,2045,4951,52.350
75.656646,3913,2044,4955,52.350
75.661060,3911,2042,4960,52.350
75.666817,3908,2041,4961,52.350
75.671305,3907,2041,4959,52.350
75.675613,3905,2040,4955,52.350
75.681406,3905,2038,4948,52.350
75.685744,3906,2037,4944,52.350
75.691441,3906,2035,4939,52.350
75.695928,3906,2032,4937,52.350
75.701571,3907,2030,4937,52.350
75.706006,3907,2030,4934,52.350
75.711733,3907,2030,4931,52.350
75.716167,3908,2031,4929,52.350
75.720584,3909,2032,4922,52.350
75.726308,3910,2032,4919,52.350
75.730718,3912,2032,4917,52.350
75.736405,3914,2030,4914,52.350
75.740878,3915,2031,4911,52.350
75.746563,3915,2030,4909,52.350
75.750719,3917,2030,4908,52.350
75.755410,3918,2032,4906,52.350
75.761166,3920,2032,4907,52.350
75.765303,3922,2032,4908,52.350
75.771244,3923,2033,4908,52.350
75.775676,3923,2034,4907,52.350
75.781415,3924,2034,4907,52.350
75.785833,3924,2033,4908,52.350
75.791540,3924,2033,4909,52.350
75.795964,3924,2032,4908,52.350
75.800370,3924,2031,4907,52.350
75.806000,3924,2032,4905,52.350
75.810522,3925,2032,4902,52.350
75.816216,3925,2031,4900,52.350
75.820648,3925,2029,4900,52.350
75.826314,3924,2027,4901,52.350
75.830756,3923,2025,4903,52.350
75.835137,3922,2024,4906,52.350
75.840907,3921,2024,4909,52.350
75.845396,3921,2025,4907,52.350
75.850994,3919,2026,4906,52.350
75.855547,3915,2027,4904,52.350
75.861152,3914,2026,4904,52.350
75.865607,3911,2025,4910,52.350
75.871317,3909,2024,4914,52.350
75.875727,3908,2023,4917,52.350
75.880150,3907,2022,4922,52.350
75.885924,3907,2024,4925,52.350
75.890310,3908,2024,4926,52.350
75.895982,3908,2024,4929,52.350
75.900421,3908,2025,4928,52.350
75.906210,3907,2025,4925,52.350
75.910579,3907,2027,4922,52.350
75.914888,3908,2029,4919,52.350
75.920704,3910,2030,4916,52.350
75.925106,3910,2032,4915,52.350
75.930769,3913,2032,4915,52.350
75.935334,3914,2031,4915,52.350
75.940954,3915,2031,4918,52.350
75.945379,3916,2030,4923,52.350
75.951086,3916,2029,4926,52.350
75.955551,3917,2030,4932,52.350
75.959959,3917,2030,4935,52.350
75.965687,3916,2031,4934,52.350
75.970109,3915,2031,4929,52.350
75.975787,3913,2032,4925,52.350
75.980213,3910,2034,4921,52.350
75.985931,3907,2035,4920,52.350
75.990341,3905,2036,4920,52.350
75.994776,3904,2036,4923,52.350
76.000225,3903,2037,4924,52.350
76.004705,3905,2037,4924,52.350
76.010328,3906,2037,4925,52.350
76.014755,3907,2037,4925,52.350
76.020448,3908,2035,4924,52.350
76.024860,3909,2033,4922,52.350
76.030643,3909,2033,4919,52.350
76.035035,3909,2032,4916,52.350
76.039415,3907,2033,4912,52.350
76.045458,3904,2036,4909,52.350
76.049927,3901,2038,4908,52.350
76.055530,3900,2041,4906,52.350
76.060000,3901,2043,4903,52.350
76.065739,3901,2044,4900,52.350
76.070192,3902,2043,4901,52.350
76.074539,3902,2042,4902,52.350
76.080298,3902,2041,4903,52.350
76.084735,3903,2039,4906,52.350
76.090368,3905,2036,4906,52.350
76.094854,3907,2033,4906,52.350
76.100523,3909,2029,4904,52.350
76.105030,3911,2026,4903,52.350
76.110697,3912,2026,4906,52.350
76.115030,3913,2027,4906,52.350
76.119523,3911,2030,4908,52.350
76.125256,3910,2034,4912,52.350
76.129691,3908,2036,4913,52.350
76.135387,3907,2037,4918,52.350
76.139615,3906,2038,4920,52.350
76.145498,3907,2038,4919,52.350
76.149975,3907,2037,4917,52.350
76.154390,3908,2036,4913,52.350
76.160086,3909,2034,4911,52.350
76.164278,3910,2032,4914,52.350
76.170244,3910,2029,4916,52.350
76.174360,3911,2028,4919,52.350
76.180348,3912,2027,4920,52.350
76.184761,3913,2027,4922,52.350
76.190362,3914,2028,4924,52.350
76.194913,3912,2030,4926,52.350
76.199307,3911,2031,4930,52.350
76.205066,3912,2033,4931,52.350
76.209467,3912,2035,4932,52.350
76.215216,3912,2037,4932,52.350
76.219626,3912,2039,4930,52.350
76.225290,3911,2042,4925,52.350
76.229743,3911,2045,4923,52.350
76.234176,3909,2048,4922,52.350
76.239870,3908,2050,4924,52.350
76.244346,3905,2051,4927,52.350
76.249972,3904,2051,4932,52.350
76.254401,3902,2051,4936,52.350
76.260096,3901,2051,4936,52.350
76.264564,3900,2052,4936,52.350
76.270285,3900,2052,4936,52.350
76.274456,3901,2053,4934,52.350
76.279106,3902,2055,4930,52.350
76.284837,3903,2056,4928,52.350
76.289310,3905,2057,4925,52.350
76.294941,3907,2057,4919,52.350
76.299349,3909,2056,4918,52.350
76.305056,3910,2055,4918,52.350
76.309503,3913,2054,4916,52.350
76.313976,3914,2052,4916,52.350
76.319654,3915,2050,4916,52.350
76.324110,3916,2050,4914,52.350
76.329727,3917,2049,4915,52.350
76.334207,3919,2048,4916,52.350
76.339943,3922,2049,4918,52.350
76.344355,3924,2051,4918,52.350
76.350037,3926,2051,4917,52.350
76.354555,3927,2052,4917,52.350
76.358923,3926,2053,4917,52.350
76.364662,3925,2051,4920,52.350
76.369116,3925,2051,4923,52.350
76.374786,3924,2050,4925,52.350
76.379161,3922,2050,4927,52.350
76.384906,3919,2051,4929,52.350
76.389321,3917,2051,4930,52.350
76.393723,3917,2053,4931,52.350
76.399438,3918,2054,4927,52.350
76.403859,3921,2052,4923,52.350
76.409515,3923,2051,4919,52.350
76.413999,3923,2048,4916,52.350
76.419700,3923,2045,4916,52.350
76.424109,3921,2045,4918,52.350
76.429834,3919,2045,4917,52.350
76.434271,3918,2046,4919,52.350
76.438683,3918,2047,4921,52.350
76.444394,3916,2048,4922,52.350
76.448893,3915,2048,4922,52.350
76.454525,3914,2048,4922,52.350
76.458982,3915,2048,4918,52.350
76.464713,3916,2048,4912,52.350
76.469135,3918,2048,4907,52.350
76.473539,3920,2048,4906,52.350
76.479246,3922,2047,4907,52.350
76.483678,3922,2045,4913,52.350
76.489341,3922,2043,4919,52.350
76.493813,3921,2042,4921,52.350
76.499477,3920,2042,4923,52.350
76.504047,3919,2043,4923,52.350
76.509626,3918,2045,4923,52.350
76.514041,3920,2045,4923,52.350
76.518462,3922,2045,4926,52.350
76.524186,3923,2045,4931,52.350
76.528618,3924,2043,4932,52.350
76.534311,3924,2041,4934,52.350
76.538744,3925,2040,4934,52.350
76.544489,3925,2040,4931,52.350
76.548916,3924,2041,4928,52.350
76.553339,3924,2043,4926,52.350
76.559058,3924,2045,4922,52.350
76.563507,3923,2045,4920,52.350
76.569164,3924,2045,4922,52.350
76.573591,3924,2044,4923,52.350
76.579284,3925,2042,4927,52.350
76.583696,3926,2042,4930,52.350
76.589302,3927,2042,4933,52.350
76.593835,3927,2042,4936,52.350
76.598302,3924,2042,4938,52.350
76.603995,3923,2042,4940,52.350
76.608413,3923,2044,4939,52.350
76.614114,3922,2045,4939,52.350
76.618518,3920,2046,4940,52.350
76.623963,3917,2046,4938,52.350
76.628676,3915,2044,4937,52.350
76.633123,3913,2042,4935,52.350
76.638557,3912,2041,4930,52.350
76.642958,3912,2040,4926,52.350
76.648973,3912,2039,4922,52.350
76.653388,3911,2039,4918,52.350
76.659073,3911,2039,4915,52.350
76.663497,3911,2038,4912,52.350
76.669196,3911,2038,4911,52.350
76.673685,3910,2037,4911,52.350
76.678041,3910,2037,4913,52.350
76.683828,3909,2037,4916,52.350
76.688197,3910,2037,4920,52.350
76.693844,3911,2036,4922,52.350
76.698313,3913,2035,4923,52.350
76.704011,3911,2034,4924,52.350
76.708476,3908,2033,4925,52.350
76.712868,3905,2033,4926,52.350
76.718588,3902,2032,4928,52.350
76.723036,3901,2033,4929,52.350
76.728731,3902,2035,4932,52.350
76.733174,3904,2037,4935,52.350
76.738834,3907,2041,4935,52.350
76.743326,3909,2046,4938,52.350
76.749024,3910,2048,4939,52.350
76.753410,3911,2050,4938,52.350
76.757813,3912,2051,4939,52.350
76.763550,3912,2051,4937,52.350
76.768011,3912,2050,4932,52.350
76.773712,3910,2049,4929,52.350
76.778123,3910,2049,4925,52.350
76.783812,3910,2046,4922,52.350
76.788269,3911,2044,4922,52.350
76.792351,3912,2042,4921,52.350
76.798397,3913,2039,4919,52.350
76.802797,3914,2038,4919,52.350
76.808464,3914,2038,4918,52.350
76.812962,3913,2039,4918,52.350
76.818702,3913,2041,4917,52.350
76.823064,3914,2044,4914,52.350
76.828776,3915,2047,4911,52.350
76.833204,3917,2049,4910,52.350
76.837643,3921,2048,4910,52.350
76.843363,3924,2046,4911,52.350
76.847799,3926,2044,4910,52.350
76.853482,3928,2042,4908,52.350
76.857893,3929,2041,4904,52.350
76.863626,3929,2040,4900,52.350
76.868060,3929,2041,4899,52.350
76.872419,3930,2041,4900,52.350
76.878226,3932,2041,4905,52.350
76.882583,3932,2041,4909,52.350
76.888263,3931,2041,4911,52.350
76.892746,3928,2040,4914,52.350
76.898410,3923,2040,4916,52.350
76.902833,3920,2040,4918,52.350
76.908563,3918,2041,4922,52.350
76.912987,3917,2044,4924,52.350
76.917433,3918,2047,4925,52.350
76.923129,3917,2050,4924,52.350
76.927635,3916,2051,4921,52.350
76.933214,3916,2049,4921,52.350
76.937736,3916,2048,4920,52.350
76.943359,3917,2048,4917,52.350
76.947873,3919,2048,4917,52.350
76.952208,3922,2047,4914,52.350
76.957948,3924,2046,4911,52.350
76.962393,3925,2046,4909,52.350
76.968041,3926,2044,4910,52.350
76.972535,3926,2044,4914,52.350
76.978198,3928,2044,4918,52.350
76.982656,3928,2043,4922,52.350
76.988341,3926,2044,4926,52.350
76.992770,3923,2043,4932,52.350
76.997183,3921,2040,4939,52.350
77.002939,3920,2037,4944,52.350
77.007060,3921,2034,4947,52.350
77.013037,3921,2033,4949,52.350
77.017468,3922,2034,4948,52.350
77.023235,3921,2036,4946,52.350
77.027573,3920,2038,4946,52.350
77.031754,3919,2040,4944,52.350
77.037605,3918,2042,4945,52.350
77.041876,3918,2042,4947,52.350
77.047866,3918,2043,4948,52.350
77.052331,3918,2042,4947,52.350
77.057958,3919,2042,4947,52.350
77.062430,3921,2042,4945,52.350
77.068162,3924,2042,4943,52.350
77.072631,3927,2043,4942,52.350
77.077009,3930,2043,4939,52.350
77.082727,3931,2042,4935,52.350
77.087136,3930,2042,4931,52.350
77.092789,3929,2041,4928,52.350
77.097287,3926,2040,4926,52.350
77.102960,3924,2042,4926,52.350
77.107402,3923,2043,4930,52.350
77.111736,3923,2044,4934,52.350
77.117547,3925,2044,4935,52.350
77.121950,3926,2045,4934,52.350
77.127622,3927,2045,4932,52.350
77.132093,3928,2045,4928,52.350
77.137741,3928,2045,4924,52.350
77.142299,3927,2045,4921,52.350
77.147915,3927,2045,4917,52.350
77.152309,3925,2046,4917,52.350
77.156752,3923,2047,4918,52.350
77.162530,3923,2048,4920,52.350
77.166924,3922,2048,4922,52.350
77.172633,3922,2048,4925,52.350
77.177035,3923,2045,4928,52.350
77.182757,3922,2042,4929,52.350
77.187180,3920,2040,4931,52.350
77.191592,3919,2037,4929,52.350
77.197276,3918,2036,4926,52.350
77.201740,3920,2034,4926,52.350
77.207386,3922,2031,4926,52.350
77.211953,3924,2031,4927,52.350
77.217567,3924,2033,4928,52.350
77.221957,3923,2036,4930,52.350
77.227792,3922,2038,4930,52.350
77.232145,3922,2040,4927,52.350
77.236596,3923,2042,4925,52.350
77.242272,3924,2043,4924,52.350
77.246668,3923,2043,4922,52.350
77.252188,3924,2042,4924,52.350
77.256674,3924,2040,4926,52.350
77.262521,3924,2039,4929,52.350
77.266963,3924,2039,4931,52.350
77.271359,3924,2041,4932,52.350
77.277093,3923,2041,4931,52.350
77.281499,3923,2041,4930,52.350
77.287214,3924,2041,4927,52.350
77.291664,3924,2041,4925,52.350
77.297353,3924,2042,4923,52.350
77.301719,3925,2043,4920,52.350
77.307448,3924,2044,4919,52.350
77.311913,3921,2043,4918,52.350
77.316291,3921,2044,4918,52.350
77.322035,3921,2045,4919,52.350
77.326480,3920,2047,4920,52.350
77.332139,3921,2047,4922,52.350
77.336605,3919,2046,4924,52.350
77.342310,3918,2044,4928,52.350
77.346724,3916,2042,4930,52.350
77.351181,3916,2041,4933,52.350
77.356891,3914,2043,4935,52.350
77.361366,3911,2046,4938,52.350
77.366921,3908,2049,4941,52.350
77.371446,3905,2049,4939,52.350
77.377110,3903,2050,4935,52.350
77.381510,3901,2049,4931,52.350
77.387268,3899,2049,4927,52.350
77.391672,3897,2048,4928,52.350
77.396089,3895,2049,4928,52.350
77.401835,3894,2050,4928,52.350
77.406235,3894,2051,4928,52.350
77.411928,3893,2053,4926,52.350
77.416349,3893,2051,4922,52.350
77.422064,3895,2050,4919,52.350
77.426500,3898,2047,4915,52.350
77.430948,3900,2043,4913,52.350
77.436676,3902,2042,4913,52.350
77.441123,3902,2040,4912,52.350
77.446730,3903,2041,4913,52.350
77.451258,3904,2042,4912,52.350
77.456870,3905,2041,4914,52.350
77.461359,3906,2040,4914,52.350
77.467044,3906,2039,4913,52.350
77.471480,3906,2037,4912,52.350
77.476036,3909,2037,4908,52.350
77.481634,3912,2037,4905,52.350
77.486008,3914,2037,4906,52.350
77.491690,3916,2038,4908,52.350
77.496167,3916,2040,4909,52.350
77.501842,3915,2042,4910,52.350
77.506287,3913,2044,4911,52.350
77.510716,3911,2046,4910,52.350
77.516447,3909,2047,4912,52.350
77.520871,3908,2049,4912,52.350
77.526523,3904,2050,4910,52.350
77.531030,3903,2050,4910,52.350
77.536700,3902,2049,4911,52.350
77.541155,3901,2047,4911,52.350
77.546826,3901,2046,4914,52.350
77.551260,3900,2046,4916,52.350
77.555706,3901,2047,4919,52.350
77.561412,3905,2048,4920,52.350
77.565889,3907,2049,4921,52.350
77.571492,3910,2049,4919,52.350
77.575930,3914,2047,4917,52.350
77.581630,3916,2047,4913,52.350
77.586048,3918,2044,4910,52.350
77.590299,3919,2043,4912,52.350
77.596277,3920,2043,4911,52.350
77.600602,3919,2042,4911,52.350
77.606445,3918,2041,4911,52.350
77.610793,3918,2042,4907,52.350
77.616473,3919,2042,4904,52.350
77.620869,3919,2044,4901,52.350
77.626601,3918,2047,4900,52.350
77.631043,3917,2049,4898,52.350
77.635463,3915,2052,4900,52.350
77.641191,3914,2054,4900,52.350
77.645667,3915,2052,4902,52.350
77.651261,3916,2052,4904,52.350
77.655750,3916,2050,4906,52.350
77.661474,3916,2048,4908,52.350
77.665879,3917,2047,4908,52.350
77.670302,3917,2047,4906,52.350
77.676036,3918,2046,4905,52.350
77.680410,3919,2047,4902,52.350
77.686077,3918,2047,4900,52.350
77.690564,3919,2045,4899,52.350
77.696248,3920,2045,4898,52.350
77.700736,3922,2043,4903,52.350
77.706395,3923,2042,4906,52.350
77.710801,3923,2040,4909,52.350
77.715247,3924,2040,4911,52.350
77.720961,3924,2040,4911,52.350
77.725426,3925,2041,4913,52.350
77.731041,3926,2043,4916,52.350
77.735546,3927,2044,4917,52.350
77.741197,3927,2045,4919,52.350
77.745656,3926,2046,4920,52.350
77.750067,3924,2044,4918,52.350
77.755834,3924,2042,4916,52.350
77.760212,3923,2040,4913,52.350
77.765866,3923,2037,4911,52.350
77.770411,3923,2035,4912,52.350
77.776035,3924,2034,4916,52.350
77.780484,3926,2033,4922,52.350
77.786249,3927,2033,4927,52.350
77.790599,3928,2033,4929,52.350
77.795016,3930,2035,4929,52.350
77.800755,3932,2038,4928,52.350
77.805156,3935,2040,4928,52.350
77.810813,3936,2042,4927,52.350
77.815306,3938,2042,4925,52.350
77.821012,3938,2042,4922,52.350
77.825435,3937,2042,4918,52.350
77.829865,3936,2040,4914,52.350
77.835547,3935,2039,4910,52.350
77.839992,3934,2037,4909,52.350
77.845685,3932,2035,4908,52.350
77.850181,3931,2033,4908,52.350
77.855627,3930,2031,4907,52.350
77.860268,3929,2030,4905,52.350
77.865976,3928,2028,4906,52.350
77.870406,3926,2027,4908,52.350
77.874858,3924,2027,4912,52.350
77.880574,3924,2028,4916,52.350
77.884957,3923,2029,4920,52.350
77.890633,3924,2033,4922,52.350
77.895069,3924,2035,4926,52.350
77.900755,3924,2036,4933,52.350
77.905197,3924,2036,4936,52.350
77.909618,3924,2034,4939,52.350
77.915304,3923,2034,4942,52.350
77.919818,3920,2036,4943,52.350
77.925408,3916,2037,4945,52.350
77.929944,3913,2038,4947,52.350
77.935598,3911,2039,4950,52.350
77.940049,3911,2040,4950,52.350
77.945749,3911,2041,4948,52.350
77.950188,3912,2043,4947,52.350
77.954594,3913,2045,4947,52.350
77.960299,3914,2046,4943,52.350
77.964767,3915,2046,4942,52.350
77.970423,3918,2047,4944,52.350
77.974903,3921,2048,4944,52.350
77.980561,3925,2048,4942,52.350
77.984976,3928,2048,4940,52.350
77.989390,3929,2047,4938,52.350
77.995142,3931,2047,4938,52.350
77.999539,3932,2047,4937,52.350
78.005206,3933,2046,4935,52.350
78.009386,3933,2046,4931,52.350
78.015254,3933,2047,4927,52.350
78.019807,3933,2046,4924,52.350
78.025255,3932,2045,4922,52.350
78.029923,3931,2044,4920,52.350
78.034353,3931,2044,4918,52.350
78.039899,3930,2043,4915,52.350
78.044475,3931,2044,4912,52.350
78.050215,3931,2046,4908,52.350
78.054645,3933,2044,4905,52.350
78.060329,3934,2042,4903,52.350
78.064759,3934,2040,4902,52.350
78.069161,3932,2037,4901,52.350
78.074910,3930,2037,4903,52.350
78.079305,3928,2038,4906,52.350
78.085009,3927,2042,4906,52.350
78.089488,3929,2046,4907,52.350
78.095137,3931,2049,4907,52.350
78.099557,3930,2051,4905,52.350
78.105286,3931,2053,4903,52.350
78.109755,3928,2053,4901,52.350
78.114129,3927,2053,4899,52.350
78.119887,3926,2054,4900,52.350
78.124338,3926,2056,4902,52.350
78.129957,3927,2057,4906,52.350
78.134485,3926,2056,4910,52.350
78.140104,3926,2056,4913,52.350
78.144551,3925,2054,4915,52.350
78.148986,3925,2053,4919,52.350
78.154744,3924,2053,4921,52.350
78.159104,3921,2054,4920,52.350
78.164533,3920,2054,4919,52.350
78.169232,3919,2053,4916,52.350
78.174654,3918,2051,4913,52.350
78.179390,3918,2050,4914,52.350
78.185075,3917,2050,4915,52.350
78.189610,3915,2051,4919,52.350
78.193953,3914,2052,4923,52.350
78.199647,3914,2054,4923,52.350
78.204040,3915,2055,4924,52.350
78.209787,3916,2056,4923,52.350
78.214178,3917,2055,4923,52.350
78.219878,3916,2054,4921,52.350
78.224314,3916,2052,4923,52.350
78.228774,3916,2051,4924,52.350
78.234473,3916,2050,4923,52.350
78.238895,3916,2050,4924,52.350
78.244581,3914,2050,4924,52.350
78.249051,3911,2050,4924,52.350
78.254715,3911,2051,4924,52.350
78.259162,3910,2051,4924,52.350
78.264882,3911,2051,4923,52.350
78.269294,3913,2050,4923,52.350
78.273696,3913,2050,4924,52.350
78.279422,3915,2050,4927,52.350
78.283851,3918,2051,4928,52.350
78.289510,3921,2052,4930,52.350
78.293984,3926,2052,4933,52.350
78.299493,3929,2051,4937,52.350
78.304128,3932,2051,4937,52.350
78.308537,3929,2051,4938,52.350
78.314254,3926,2049,4937,52.350
78.318652,3922,2047,4934,52.350
78.324355,3919,2045,4934,52.350
78.328845,3919,2042,4934,52.350
78.334460,3919,2039,4932,52.350
78.338949,3920,2037,4933,52.350
78.344627,3919,2036,4931,52.350
78.349144,3918,2037,4929,52.350
78.353523,3916,2037,4928,52.350
78.359279,3916,2039,4925,52.350
78.363653,3914,2039,4923,52.350
78.369299,3912,2038,4922,52.350
78.373772,3910,2036,4919,52.350
78.379469,3907,2036,4920,52.350
78.383885,3908,2037,4920,52.350
78.388326,3909,2039,4920,52.350
78.394044,3909,2042,4920,52.350
78.398455,3910,2044,4919,52.350
78.404110,3910,2044,4922,52.350
78.408620,3911,2044,4923,52.350
78.414086,3912,2044,4922,52.350
78.418688,3914,2043,4921,52.350
78.424398,3915,2044,4917,52.350
78.428911,3916,2042,4916,52.350
78.433339,3917,2039,4916,52.350
78.439022,3918,2037,4913,52.350
78.443441,3919,2036,4914,52.350
78.449148,3920,2035,4912,52.350
78.453568,3920,2037,4909,52.350
78.459241,3920,2038,4906,52.350
78.463677,3921,2041,4904,52.350
78.468099,3922,2043,4901,52.350
78.473809,3922,2045,4901,52.350
78.478244,3923,2046,4899,52.350
78.483910,3922,2046,4901,52.350
78.488403,3922,2047,4903,52.350
78.494066,3921,2047,4902,52.350
78.498480,3921,2048,4904,52.350
78.504222,3919,2048,4905,52.350
78.508607,3918,2047,4903,52.350
78.513076,3916,2045,4902,52.350
78.518789,3915,2042,4904,52.350
78.523209,3913,2038,4904,52.350
78.528907,3912,2036,4906,52.350
78.533342,3912,2035,4905,52.350
78.539012,3912,2035,4903,52.350
78.543509,3913,2037,4900,52.350
78.547939,3915,2039,4901,52.350
78.553641,3914,2041,4903,52.350
78.558082,3914,2043,4908,52.350
78.563747,3914,2045,4913,52.350
78.568136,3913,2047,4916,52.350
78.573698,3913,2048,4917,52.350
78.578254,3914,2048,4916,52.350
78.584000,3913,2046,4918,52.350
78.588423,3913,2044,4921,52.350
78.592671,3915,2040,4926,52.350
78.598582,3918,2040,4929,52.350
78.602987,3921,2041,4930,52.350
78.608675,3925,2041,4929,52.350
78.613108,3928,2041,4928,52.350
78.618827,3929,2042,4926,52.350
78.623271,3930,2042,4925,52.350
78.627654,3931,2042,4927,52.350
78.633459,3931,2041,4930,52.350
78.637841,3930,2039,4932,52.350
78.643226,3927,2036,4934,52.350
78.647752,3924,2035,4934,52.350
78.653654,3920,2035,4933,52.350
78.658105,3920,2034,4933,52.350
78.663764,3922,2034,4930,52.350
78.668309,3925,2035,4927,52.350
78.672641,3928,2033,4926,52.350
78.678364,3928,2033,4924,52.350
78.682798,3927,2034,4921,52.350
78.688473,3926,2034,4918,52.350
78.692916,3926,2033,4916,52.350
78.698593,3925,2031,4914,52.350
78.703039,3926,2028,4917,52.350
78.707437,3925,2025,4920,52.350
78.713183,3925,2024,4923,52.350
78.717592,3927,2024,4925,52.350
78.723266,3926,2025,4926,52.350
78.727795,3925,2026,4926,52.350
78.733416,3924,2027,4926,52.350
78.737844,3923,2030,4925,52.350
78.743549,3923,2031,4924,52.350
78.747703,3922,2032,4925,52.350
78.752417,3920,2034,4925,52.350
78.758102,3916,2034,4925,52.350
78.762564,3911,2034,4925,52.350
78.768290,3908,2036,4922,52.350
78.772699,3905,2036,4919,52.350
78.778360,3904,2037,4916,52.350
78.782816,3905,2038,4915,52.350
78.787227,3906,2037,4916,52.350
78.792939,3906,2038,4916,52.350
78.797365,3906,2038,4913,52.350
78.803039,3905,2037,4912,52.350
78.807563,3906,2036,4913,52.350
78.813216,3907,2035,4913,52.350
78.817623,3910,2033,4917,52.350
78.823339,3914,2032,4918,52.350
78.827778,3916,2033,4915,52.350
78.832199,3918,2034,4913,52.350
78.837976,3919,2034,4913,52.350
78.842383,3917,2036,4914,52.350
78.848027,3915,2036,4917,52.350
78.852537,3912,2038,4919,52.350
78.858239,3912,2039,4919,52.350
78.862638,3911,2039,4921,52.350
78.867034,3910,2038,4923,52.350
78.872790,3909,2039,4924,52.350
78.877184,3907,2039,4924,52.350
78.882847,3905,2040,4921,52.350
78.887303,3906,2040,4916,52.350
78.892975,3907,2038,4911,52.350
78.897426,3909,2037,4910,52.350
78.903107,3911,2035,4911,52.350
78.907560,3912,2034,4912,52.350
78.911996,3913,2034,4914,52.350
78.917778,3912,2033,4914,52.350
78.922110,3911,2032,4912,52.350
78.927809,3909,2032,4910,52.350
78.932300,3906,2033,4907,52.350
78.937931,3904,2035,4908,52.350
78.942424,3902,2036,4910,52.350
78.946822,3902,2038,4915,52.350
78.952541,3904,2039,4919,52.350
78.956948,3908,2038,4920,52.350
78.962634,3910,2038,4923,52.350
78.967072,3911,2038,4924,52.350
78.972568,3910,2038,4926,52.350
78.976901,3909,2038,4928,52.350
78.982908,3910,2040,4928,52.350
78.987322,3909,2039,4927,52.350
78.991744,3911,2038,4926,52.350
78.997473,3913,2039,4924,52.350
79.001895,3915,2040,4923,52.350
79.007298,3917,2042,4922,52.350
79.012002,3919,2042,4920,52.350
79.017715,3918,2042,4918,52.350
79.022145,3919,2041,4919,52.350
79.026382,3920,2039,4919,52.350
79.032056,3921,2037,4921,52.350
79.036753,3921,2036,4920,52.350
79.042181,3920,2033,4921,52.350
79.046894,3919,2031,4922,52.350
79.052562,3917,2030,4922,52.350
79.056902,3915,2029,4925,52.350
79.062728,3914,2030,4925,52.350
79.067125,3916,2032,4923,52.350
79.071520,3918,2033,4920,52.350
79.077263,3919,2033,4916,52.350
79.081666,3920,2032,4916,52.350
79.087371,3922,2031,4915,52.350
79.091824,3924,2030,4917,52.350
79.097499,3927,2031,4918,52.350
79.101921,3930,2031,4918,52.350
79.106335,3930,2032,4918,52.350
79.112086,3929,2032,4919,52.350
79.116528,3925,2032,4921,52.350
79.122220,3923,2033,4922,52.350
79.126619,3923,2033,4921,52.350
79.132293,3922,2033,4919,52.350
79.136755,3923,2032,4916,52.350
79.142474,3925,2030,4914,52.350
79.146888,3926,2030,4913,52.350
79.151328,3927,2031,4914,52.350
79.157076,3927,2033,4912,52.350
79.161467,3927,2036,4911,52.350
79.167136,3926,2040,4910,52.350
79.171586,3925,2043,4911,52.350
79.177305,3924,2046,4913,52.350
79.181550,3923,2049,4915,52.350
79.186091,3922,2051,4915,52.350
79.191864,3922,2054,4913,52.350
79.196309,3922,2056,4911,52.350
79.201927,3920,2057,4908,52.350
79.206437,3918,2055,4905,52.350
79.212118,3918,2053,4901,52.350
79.216523,3919,2050,4899,52.350
79.222242,3920,2047,4900,52.350
79.226701,3923,2047,4895,52.350
79.231086,3926,2049,4892,52.350
79.236810,3928,2048,4891,52.350
79.241307,3927,2047,4891,52.350
79.246951,3926,2044,4897,52.350
79.251433,3923,2041,4902,52.350
79.257021,3919,2042,4908,52.350
79.261504,3916,2043,4913,52.350
79.265957,3913,2045,4917,52.350
79.271631,3910,2048,4921,52.350
79.276066,3908,2050,4924,52.350
79.281721,3906,2049,4923,52.350
79.286168,3904,2047,4922,52.350
79.291894,3903,2046,4921,52.350
79.296298,3902,2044,4922,52.350
79.301997,3903,2044,4922,52.350
79.306473,3902,2044,4925,52.350
79.310929,3901,2043,4926,52.350
79.316607,3901,2045,4926,52.350
79.321038,3903,2045,4925,52.350
79.326726,3904,2045,4924,52.350
79.331200,3907,2046,4921,52.350
79.336828,3910,2046,4922,52.350
79.341274,3912,2047,4925,52.350
79.345725,3916,2047,4926,52.350
79.351475,3918,2046,4929,52.350
79.355853,3919,2044,4930,52.350
79.361543,3919,2041,4929,52.350
79.365733,3917,2038,4921,52.350
79.371703,3916,2038,4916,52.350
79.375803,3916,2038,4912,52.350
79.381861,3916,2037,4910,52.350
79.386293,3916,2038,4908,52.350
79.390450,3914,2037,4910,52.350
79.396402,3911,2038,4911,52.350
79.400798,3910,2039,4912,52.350
79.406473,3908,2040,4915,52.350
79.410958,3908,2039,4918,52.350
79.416392,3909,2038,4922,52.350
79.421045,3908,2037,4923,52.350
79.425484,3907,2036,4924,52.350
79.431209,3908,2036,4925,52.350
79.435645,3909,2037,4922,52.350
79.441296,3910,2038,4919,52.350
79.445766,3911,2038,4915,52.350
79.451473,3911,2038,4913,52.350
79.455927,3912,2038,4913,52.350
79.461599,3912,2038,4915,52.350
79.466003,3911,2038,4922,52.350
79.470458,3911,2038,4929,52.350
79.476178,3910,2038,4933,52.350
79.480645,3909,2040,4935,52.350
79.486288,3908,2042,4932,52.350
79.490698,3908,2044,4930,52.350
79.496376,3908,2047,4923,52.350
79.500856,3908,2048,4919,52.350
79.505310,3907,2048,4918,52.350
79.511026,3905,2046,4918,52.350
79.515127,3903,2044,4921,52.350
79.520804,3901,2042,4924,52.350
79.525605,3900,2042,4926,52.350
79.531233,3899,2041,4928,52.350
79.535693,3900,2042,4928,52.350
79.541361,3899,2043,4926,52.350
79.545823,3898,2045,4925,52.350
79.550258,3896,2045,4922,52.350
79.556014,3894,2046,4918,52.350
79.560119,3893,2047,4915,52.350
79.566069,3891,2048,4914,52.350
79.570507,3893,2048,4913,52.350
79.576212,3894,2048,4913,52.350
79.580692,3896,2049,4914,52.350
79.585060,3896,2048,4912,52.350
79.590776,3897,2048,4910,52.350
79.595171,3897,2047,4908,52.350
79.600864,3899,2045,4907,52.350
79.605332,3900,2042,4904,52.350
79.611024,3902,2040,4905,52.350
79.615448,3905,2037,4906,52.350
79.621211,3906,2036,4907,52.350
79.625593,3907,2035,4910,52.350
79.630053,3909,2033,4912,52.350
79.635811,3910,2031,4915,52.350
79.640180,3910,2032,4920,52.350
79.645862,3910,2033,4923,52.350
79.650304,3911,2037,4923,52.350
79.656038,3911,2041,4923,52.350
79.660444,3910,2044,4923,52.350
79.664846,3910,2044,4924,52.350
79.670572,3910,2043,4931,52.350
79.675001,3907,2044,4935,52.350
79.680660,3906,2043,4938,52.350
79.685125,3905,2042,4941,52.350
79.690824,3902,2041,4939,52.350
79.694990,3901,2039,4937,52.350
79.700783,3899,2037,4932,52.350
79.705380,3896,2037,4928,52.350
79.709867,3896,2036,4924,52.350
79.715549,3896,2037,4921,52.350
79.719981,3897,2037,4920,52.350
79.725667,3899,2039,4919,52.350
79.730034,3899,2041,4918,52.350
79.735780,3898,2041,4917,52.350
79.740221,3898,2042,4914,52.350
79.744620,3898,2042,4912,52.350
79.750118,3897,2041,4915,52.350
79.754750,3895,2039,4916,52.350
79.760472,3895,2038,4919,52.350
79.764586,3895,2037,4922,52.350
79.770385,3896,2036,4921,52.350
79.774799,3898,2035,4918,52.350
79.780781,3899,2035,4917,52.350
79.785169,3899,2033,4918,52.350
79.789673,3900,2031,4918,52.350
79.795281,3901,2030,4918,52.350
79.799723,3901,2031,4916,52.350
79.805394,3902,2034,4914,52.350
79.809875,3903,2036,4911,52.350
79.815548,3904,2036,4909,52.350
79.820050,3905,2036,4906,52.350
79.824410,3906,2036,4906,52.350
79.830177,3905,2036,4906,52.350
79.834570,3902,2037,4908,52.350
79.840241,3901,2037,4909,52.350
79.844717,3899,2038,4909,52.350
79.850418,3899,2038,4909,52.350
79.854871,3899,2036,4907,52.350
79.860521,3900,2038,4906,52.350
79.864966,3902,2040,4906,52.350
79.869361,3903,2040,4905,52.350
79.875269,3904,2042,4906,52.350
79.879494,3904,2043,4912,52.350
79.885214,3903,2044,4919,52.350
79.889648,3904,2044,4923,52.350
79.895109,3904,2043,4927,52.350
79.899522,3903,2042,4927,52.350
79.903899,3904,2042,4927,52.350
79.909631,3903,2042,4926,52.350
79.914068,3903,2043,4926,52.350
79.919769,3903,2046,4928,52.350
79.924259,3903,2048,4930,52.350
79.930209,3903,2052,4930,52.350
79.934611,3906,2055,4929,52.350
79.940354,3909,2054,4926,52.350
79.944801,3912,2052,4920,52.350
79.949200,3913,2049,4919,52.350
79.954909,3915,2047,4919,52.350
79.959363,3913,2048,4920,52.350
79.964978,3911,2049,4920,52.350
79.969463,3910,2048,4921,52.350
79.975203,3908,2048,4919,52.350
79.979584,3906,2048,4918,52.350
79.983998,3906,2047,4919,52.350
79.989741,3905,2048,4918,52.350
79.994170,3904,2047,4919,52.350
79.999829,3902,2048,4920,52.350
80.004307,3901,2049,4922,52.350
80.009685,3899,2050,4926,52.350
80.014376,3899,2052,4927,52.350
80.020109,3898,2054,4926,52.350
80.024347,3898,2055,4925,52.350
80.028989,3897,2056,4923,52.350
80.034373,3897,2057,4923,52.350
80.039163,3898,2056,4922,52.350
80.044761,3901,2057,4923,52.350
80.049307,3903,2057,4924,52.350
80.054932,3905,2057,4923,52.350
80.059346,3907,2057,4921,52.350
80.063768,3908,2056,4919,52.350
80.069559,3909,2056,4918,52.350
80.073922,3909,2055,4918,52.350
80.079550,3908,2054,4922,52.350
80.084056,3906,2054,4925,52.350
80.089730,3903,2053,4926,52.350
80.094179,3900,2052,4924,52.350
80.099900,3898,2051,4919,52.350
80.104311,3897,2048,4916,52.350
80.108804,3897,2047,4914,52.350
80.114456,3899,2048,4916,52.350
80.118901,3902,2049,4920,52.350
80.124572,3902,2051,4924,52.350
80.129061,3903,2050,4928,52.350
80.134714,3904,2047,4929,52.350
80.139076,3904,2045,4927,52.350
80.143591,3905,2043,4927,52.350
80.149274,3906,2040,4929,52.350
80.153689,3907,2040,4929,52.350
80.159396,3906,2041,4927,52.350
80.163886,3906,2043,4925,52.350
80.169578,3905,2044,4923,52.350
80.173939,3905,2046,4923,52.350
80.179675,3906,2046,4927,52.350
80.184133,3906,2045,4929,52.350
80.188541,3906,2044,4928,52.350
80.194256,3905,2044,4927,52.350
80.198671,3904,2042,4924,52.350
80.204341,3903,2041,4921,52.350
80.208812,3904,2042,4920,52.350
80.214546,3906,2041,4918,52.350
80.218942,3909,2042,4914,52.350
80.223407,3912,2042,4912,52.350
80.229124,3913,2042,4909,52.350
80.233522,3914,2041,4910,52.350
80.239342,3914,2040,4912,52.350
80.243675,3914,2040,4911,52.350
80.249354,3916,2040,4912,52.350
80.253839,3917,2041,4910,52.350
80.259465,3916,2041,4910,52.350
80.263940,3915,2040,4910,52.350
80.268334,3915,2038,4909,52.350
80.274106,3914,2036,4911,52.350
80.278450,3914,2034,4912,52.350
80.284145,3913,2034,4914,52.350
80.288587,3913,2035,4916,52.350
80.294352,3913,2035,4916,52.350
80.298782,3914,2037,4914,52.350
80.303113,3913,2037,4914,52.350
80.308837,3912,2037,4915,52.350
80.313331,3911,2037,4918,52.350
80.318966,3911,2036,4921,52.350
80.323224,3910,2034,4924,52.350
80.329111,3909,2033,4926,52.350
80.333597,3909,2032,4929,52.350
80.339306,3908,2031,4930,52.350
80.343753,3907,2031,4928,52.350
80.348131,3907,2031,4927,52.350
80.353885,3906,2031,4924,52.350
80.358303,3906,2030,4924,52.350
80.363958,3907,2030,4924,52.350
80.368386,3907,2029,4925,52.350
80.374113,3908,2029,4925,52.350
80.378495,3909,2027,4927,52.350
80.382946,3910,2027,4928,52.350
80.388655,3910,2027,4925,52.350
80.393104,3911,2027,4922,52.350
80.398753,3911,2028,4917,52.350
80.403204,3911,2029,4912,52.350
80.408934,3911,2031,4909,52.350
80.413373,3910,2033,4908,52.350
80.419075,3912,2035,4908,52.350
80.423529,3912,2038,4910,52.350
80.427925,3914,2039,4912,52.350
80.433470,3917,2039,4917,52.350
80.438081,3919,2039,4922,52.350
80.443739,3918,2038,4928,52.350
80.448231,3918,2038,4933,52.350
80.453884,3918,2038,4938,52.350
80.458323,3916,2039,4943,52.350
80.462717,3916,2037,4944,52.350
80.468493,3915,2038,4945,52.350
80.472905,3915,2038,4946,52.350
80.478590,3915,2037,4944,52.350
80.483014,3915,2038,4942,52.350
80.488722,3915,2039,4941,52.350
80.493117,3914,2040,4938,52.350
80.498846,3913,2040,4936,52.350
80.503269,3913,2041,4935,52.350
80.507746,3913,2041,4934,52.350
80.513427,3915,2040,4930,52.350
80.517853,3918,2039,4928,52.350
80.523518,3921,2039,4924,52.350
80.527973,3923,2038,4918,52.350
80.533643,3923,2037,4914,52.350
80.538124,3922,2037,4909,52.350
80.542527,3921,2035,4907,52.350
80.548283,3918,2036,4904,52.350
80.552746,3918,2038,4900,52.350
80.558371,3917,2040,4900,52.350
80.562793,3916,2042,4899,52.350
80.568494,3914,2042,4901,52.350
80.572936,3913,2040,4902,52.350
80.578480,3913,2039,4902,52.350
80.582771,3913,2037,4901,52.350
80.587174,3913,2038,4904,52.350
80.592940,3913,2038,4906,52.350
80.597302,3912,2038,4908,52.350
80.603025,3912,2037,4912,52.350
80.607471,3912,2036,4913,52.350
80.613429,3913,2036,4913,52.350
80.617906,3916,2036,4912,52.350
80.622348,3917,2036,4913,52.350
80.628052,3917,2037,4914,52.350
80.632441,3918,2039,4915,52.350
80.638113,3919,2040,4918,52.350
80.642588,3919,2042,4922,52.350
80.648303,3920,2044,4924,52.350
80.652739,3920,2046,4925,52.350
80.658402,3920,2048,4925,52.350
80.662898,3920,2050,4926,52.350
80.667305,3921,2049,4925,52.350
80.673008,3924,2048,4926,52.350
80.677396,3928,2047,4926,52.350
80.683112,3930,2046,4928,52.350
80.687562,3932,2045,4928,52.350
80.693240,3932,2043,4930,52.350
80.697657,3929,2041,4931,52.350
80.702076,3927,2038,4929,52.350
80.707551,3925,2036,4925,52.350
80.711950,3924,2037,4924,52.350
80.717900,3924,2037,4926,52.350
80.722405,3922,2038,4931,52.350
80.728068,3920,2039,4938,52.350
80.732457,3917,2039,4943,52.350
80.738210,3915,2040,4945,52.350
80.742689,3914,2041,4944,52.350
80.747081,3913,2041,4942,52.350
80.752768,3914,2042,4938,52.350
80.757229,3914,2044,4933,52.350
80.762908,3914,2044,4932,52.350
80.767339,3915,2045,4931,52.350
80.773036,3915,2045,4930,52.350
80.777528,3915,2045,4932,52.350
80.781891,3914,2044,4933,52.350
80.787605,3914,2044,4934,52.350
80.792054,3914,2043,4933,52.350
80.797702,3913,2043,4931,52.350
80.802180,3914,2042,4931,52.350
80.807831,3915,2041,4928,52.350
80.812295,3917,2039,4930,52.350
80.818018,3918,2039,4935,52.350
80.822453,3918,2039,4939,52.350
80.826877,3919,2039,4941,52.350
80.832604,3918,2041,4939,52.350
80.836998,3917,2042,4937,52.350
80.842701,3916,2042,4936,52.350
80.847177,3912,2042,4935,52.350
80.852872,3911,2042,4935,52.350
80.857286,3911,2043,4935,52.350
80.861724,3912,2042,4931,52.350
80.867397,3913,2042,4929,52.350
80.871832,3913,2042,4926,52.350
80.877502,3912,2041,4923,52.350
80.881977,3910,2039,4922,52.350
80.887656,3907,2038,4923,52.350
80.892092,3907,2037,4923,52.350
80.897786,3905,2035,4923,52.350
80.902267,3903,2035,4921,52.350
80.906707,3901,2034,4917,52.350
80.912154,3900,2032,4915,52.350
80.916848,3899,2032,4912,52.350
80.922478,3900,2030,4910,52.350
80.926932,3901,2028,4909,52.350
80.932651,3902,2028,4907,52.350
80.937078,3902,2028,4904,52.350
80.941490,3904,2029,4903,52.350
80.947235,3905,2029,4905,52.350
80.951624,3906,2029,4909,52.350
80.957334,3909,2030,4914,52.350
80.961795,3911,2031,4919,52.350
80.967460,3912,2034,4922,52.350
80.971888,3911,2037,4925,52.350
80.977558,3910,2039,4928,52.350
80.982045,3907,2041,4929,52.350
80.986436,3906,2040,4929,52.350
80.992156,3904,2040,4927,52.350
80.996673,3903,2039,4925,52.350
81.001998,3902,2039,4923,52.350
81.006477,3900,2041,4922,52.350
81.012186,3900,2043,4919,52.350
81.016555,3901,2046,4918,52.350
81.020996,3903,2046,4919,52.350
81.026721,3905,2046,4921,52.350
81.031135,3907,2044,4922,52.350
81.036886,3910,2040,4924,52.350
81.041373,3912,2038,4925,52.350
81.047141,3915,2037,4925,52.350
81.051671,3920,2036,4925,52.350
81.057350,3924,2037,4926,52.350
81.061798,3926,2040,4924,52.350
81.066314,3928,2041,4924,52.350
81.071986,3927,2044,4925,52.350
81.076430,3929,2045,4929,52.350
81.082079,3929,2046,4932,52.350
81.086493,3929,2045,4935,52.350
81.092220,3929,2044,4937,52.350
81.096629,3928,2042,4936,52.350
81.101102,3926,2040,4934,52.350
81.106781,3923,2040,4930,52.350
81.111257,3920,2041,4927,52.350
81.116879,3919,2042,4925,52.350
81.121355,3919,2044,4926,52.350
81.127024,3922,2044,4928,52.350
81.131522,3923,2044,4930,52.350
81.137261,3926,2044,4931,52.350
81.141625,3926,2042,4929,52.350
81.146039,3927,2042,4928,52.350
81.151817,3926,2042,4926,52.350
81.156148,3926,2041,4925,52.350
81.161862,3926,2041,4923,52.350
81.166317,3927,2039,4922,52.350
81.171995,3928,2037,4924,52.350
81.176423,3928,2037,4926,52.350
81.180866,3927,2038,4929,52.350
81.186577,3925,2039,4931,52.350
81.191011,3923,2040,4931,52.350
81.196672,3920,2042,4930,52.350
81.201138,3920,2041,4931,52.350
81.206831,3921,2040,4934,52.350
81.211294,3922,2038,4938,52.350
81.216977,3924,2037,4940,52.350
81.221428,3926,2037,4941,52.350
81.225798,3927,2037,4942,52.350
81.231557,3928,2041,4940,52.350
81.235979,3929,2043,4938,52.350
81.241631,3927,2046,4937,52.350
81.246066,3924,2049,4934,52.350
81.251811,3923,2050,4936,52.350
81.255951,3920,2049,4938,52.350
81.260651,3918,2048,4939,52.350
81.266372,3918,2047,4940,52.350
81.270786,3918,2046,4942,52.350
81.276448,3917,2045,4941,52.350
81.280924,3917,2044,4939,52.350
81.286603,3916,2043,4937,52.350
81.291042,3915,2041,4936,52.350
81.296759,3914,2040,4933,52.350
81.301167,3915,2040,4931,52.350
81.305640,3917,2040,4929,52.350
81.311321,3919,2041,4928,52.350
81.315740,3922,2043,4928,52.350
81.321401,3923,2043,4927,52.350
81.325876,3922,2044,4924,52.350
81.331545,3921,2044,4922,52.350
81.336020,3919,2043,4921,52.350
81.340429,3917,2042,4919,52.350
81.346183,3916,2040,4920,52.350
81.350566,3915,2038,4920,52.350
81.356298,3914,2038,4917,52.350
81.360717,3914,2038,4913,52.350
81.366347,3913,2037,4906,52.350
81.370808,3914,2037,4901,52.350
81.376496,3914,2037,4899,52.350
81.380969,3915,2038,4895,52.350
81.385416,3914,2039,4896,52.350
81.391104,3913,2040,4898,52.350
81.395510,3913,2042,4899,52.350
81.401234,3911,2044,4903,52.350
81.405640,3910,2046,4905,52.350
81.411366,3911,2048,4907,52.350
81.415833,3913,2050,4912,52.350
81.420270,3914,2052,4918,52.350
81.425939,3916,2053,4922,52.350
81.430390,3916,2054,4927,52.350
81.436052,3914,2054,4928,52.350
81.440527,3911,2053,4927,52.350
81.446237,3910,2052,4926,52.350
81.450624,3910,2051,4927,52.350
81.456348,3910,2050,4928,52.350
81.460774,3911,2050,4928,52.350
81.465201,3912,2050,4929,52.350
81.470910,3913,2050,4927,52.350
81.475363,3914,2050,4925,52.350
81.480999,3914,2049,4923,52.350
81.485452,3913,2049,4923,52.350
81.491136,3912,2048,4925,52.350
81.495604,3909,2046,4927,52.350
81.499975,3906,2044,4930,52.350
81.505733,3903,2042,4933,52.350
81.510151,3901,2041,4934,52.350
81.515824,3900,2042,4936,52.350
81.520327,3900,2043,4937,52.350
81.525976,3901,2042,4937,52.350
81.530440,3902,2041,4940,52.350
81.536138,3903,2040,4941,52.350
81.540553,3905,2037,4939,52.350
81.544992,3908,2035,4939,52.350
81.550703,3909,2034,4936,52.350
81.555091,3911,2033,4934,52.350
81.560813,3911,2034,4932,52.350
81.565293,3908,2037,4932,52.350
81.570943,3906,2039,4935,52.350
81.575412,3906,2039,4938,52.350
81.579769,3907,2038,4944,52.350
81.585492,3909,2037,4944,52.350
81.589932,3910,2034,4940,52.350
81.595584,3910,2032,4934,52.350
81.600138,3911,2030,4924,52.350
81.605754,3910,2029,4918,52.350
81.610166,3911,2030,4917,52.350
81.615906,3911,2031,4919,52.350
81.620361,3912,2031,4922,52.350
81.624760,3911,2033,4923,52.350
81.630459,3909,2036,4923,52.350
81.634951,3907,2039,4924,52.350
81.640603,3906,2041,4927,52.350
81.645052,3906,2042,4931,52.350
81.650715,3906,2042,4933,52.350
81.655179,3909,2043,4931,52.350
81.659570,3911,2044,4927,52.350
81.665295,3914,2045,4924,52.350
81.669756,3916,2045,4921,52.350
81.675409,3918,2046,4920,52.350
81.679856,3920,2045,4921,52.350
81.685548,3920,2044,4920,52.350
81.689990,3920,2043,4919,52.350
81.695697,3922,2040,4919,52.350
81.700115,3923,2040,4918,52.350
81.704547,3925,2042,4917,52.350
81.710266,3927,2043,4918,52.350
81.714761,3928,2042,4917,52.350
81.720379,3927,2042,4917,52.350
81.724887,3929,2041,4916,52.350
81.730488,3931,2039,4916,52.350
81.734977,3932,2039,4916,52.350
81.739361,3932,2039,4917,52.350
81.745087,3932,2039,4915,52.350
81.749517,3931,2039,4915,52.350
81.755210,3928,2041,4912,52.350
81.759635,3927,2043,4910,52.350
81.765083,3927,2046,4909,52.350
81.769769,3927,2049,4908,52.350
81.775236,3928,2053,4909,52.350
81.779885,3928,2056,4909,52.350
81.784298,3928,2059,4908,52.350
81.790105,3926,2061,4904,52.350
81.794504,3925,2061,4900,52.350
81.800100,3923,2061,4896,52.350
81.804592,3921,2058,4894,52.350
81.810285,3920,2053,4894,52.350
81.814690,3920,2049,4894,52.350
81.819180,3919,2046,4899,52.350
81.824879,3918,2043,4905,52.350
81.829336,3917,2042,4914,52.350
81.834945,3917,2042,4919,52.350
81.839438,3915,2043,4920,52.350
81.845116,3913,2044,4920,52.350
81.849555,3913,2043,4917,52.350
81.855272,3911,2043,4916,52.350
81.859685,3911,2041,4917,52.350
81.864107,3913,2039,4919,52.350
81.869819,3914,2039,4918,52.350
81.874311,3914,2038,4915,52.350
81.879887,3912,2038,4909,52.350
81.884349,3909,2038,4903,52.350
81.890064,3908,2038,4900,52.350
81.894498,3907,2038,4901,52.350
81.898929,3907,2039,4902,52.350
81.904631,3908,2040,4905,52.350
81.909069,3910,2040,4909,52.350
81.914789,3911,2040,4912,52.350
81.919276,3914,2038,4914,52.350
81.924917,3916,2037,4917,52.350
81.929367,3916,2039,4922,52.350
81.934842,3916,2040,4926,52.350
81.939436,3917,2042,4929,52.350
81.943873,3917,2044,4931,52.350
81.949665,3916,2044,4930,52.350
81.954035,3916,2045,4928,52.350
81.959728,3916,2045,4928,52.350
81.964161,3915,2045,4928,52.350
81.969864,3915,2044,4929,52.350
81.974263,3914,2044,4930,52.350
81.978693,3914,2043,4932,52.350
81.984582,3915,2042,4934,52.350
81.988834,3915,2042,4935,52.350
81.994530,3916,2041,4935,52.350
81.999001,3917,2040,4934,52.350
82.004723,3920,2039,4931,52.350
82.008864,3922,2039,4928,52.350
82.014819,3923,2040,4930,52.350
82.019296,3923,2041,4931,52.350
82.023686,3924,2043,4932,52.350
82.029381,3925,2045,4933,52.350
82.033863,3925,2047,4932,52.350
82.039535,3927,2049,4933,52.350
82.043775,3928,2050,4932,52.350
82.049679,3928,2051,4931,52.350
82.054098,3928,2051,4931,52.350
82.058430,3925,2051,4927,52.350
82.064277,3923,2050,4926,52.350
82.068653,3920,2051,4925,52.350
82.074339,3917,2051,4924,52.350
82.078815,3915,2051,4924,52.350
82.084471,3913,2051,4926,52.350
82.088915,3911,2050,4926,52.350
82.094622,3911,2051,4925,52.350
82.099045,3911,2051,4924,52.350
82.103513,3912,2052,4924,52.350
82.109225,3913,2054,4925,52.350
82.113641,3912,2055,4925,52.350
82.119312,3911,2055,4926,52.350
82.123849,3910,2056,4928,52.350
82.129504,3909,2057,4926,52.350
82.133922,3910,2057,4928,52.350
82.138495,3910,2059,4926,52.350
82.144009,3912,2059,4925,52.350
82.148480,3913,2059,4922,52.350
82.154132,3914,2059,4921,52.350
82.158615,3915,2057,4920,52.350
82.164236,3917,2056,4918,52.350
82.168666,3919,2055,4917,52.350
82.174360,3920,2051,4915,52.350
82.178850,3920,2049,4912,52.350
82.183369,3918,2046,4913,52.350
82.188984,3917,2042,4915,52.350
82.193361,3917,2038,4916,52.350
82.199063,3919,2037,4917,52.350
82.203547,3920,2037,4918,52.350
82.209232,3920,2038,4917,52.350
82.213665,3921,2039,4915,52.350
82.218074,3919,2039,4916,52.350
82.223868,3919,2040,4916,52.350
82.228270,3919,2042,4918,52.350
82.233869,3919,2045,4923,52.350
82.238411,3920,2047,4926,52.350
82.244072,3919,2051,4929,52.350
82.248509,3920,2053,4930,52.350
82.254202,3920,2054,4929,52.350
82.258488,3920,2055,4926,52.350
82.263054,3918,2056,4921,52.350
82.268796,3916,2056,4916,52.350
82.273208,3918,2054,4909,52.350
82.278840,3920,2056,4906,52.350
82.283302,3924,2056,4907,52.350
82.289011,3927,2057,4909,52.350
82.293437,3930,2057,4911,52.350
82.297915,3933,2055,4915,52.350
82.303656,3933,2051,4919,52.350
82.308001,3933,2049,4922,52.350
82.313736,3932,2048,4924,52.350
82.318164,3931,2048,4922,52.350
82.323862,3931,2047,4920,52.350
82.328301,3930,2046,4915,52.350
82.334009,3929,2045,4912,52.350
82.338474,3928,2044,4910,52.350
82.342834,3925,2043,4909,52.350
82.348616,3923,2042,4909,52.350
82.353001,3922,2040,4911,52.350
82.358654,3922,2039,4912,52.350
82.363104,3922,2039,4917,52.350
82.368802,3920,2039,4919,52.350
82.373281,3918,2039,4922,52.350
82.377628,3916,2041,4921,52.350
82.383395,3916,2041,4917,52.350
82.387791,3917,2041,4917,52.350
82.393492,3918,2041,4917,52.350
82.397959,3920,2039,4914,52.350
82.403600,3921,2037,4916,52.350
82.408070,3923,2037,4920,52.350
82.413758,3923,2038,4922,52.350
82.417993,3922,2040,4925,52.350
82.422314,3922,2043,4925,52.350
82.428051,3921,2046,4922,52.350
82.432493,3920,2048,4917,52.350
82.438173,3921,2049,4915,52.350
82.442879,3922,2050,4912,52.350
82.448596,3922,2049,4911,52.350
82.453053,3923,2048,4914,52.350
82.457200,3924,2048,4916,52.350
82.463142,3923,2047,4919,52.350
82.467588,3921,2046,4922,52.350
82.473255,3920,2045,4926,52.350
82.477713,3919,2043,4930,52.350
82.483426,3919,2044,4932,52.350
82.487833,3922,2044,4931,52.350
82.493562,3924,2044,4930,52.350
82.497977,3927,2042,4928,52.350
82.502441,3930,2041,4926,52.350
82.508179,3930,2038,4920,52.350
82.512561,3931,2035,4917,52.350
82.518242,3931,2033,4913,52.350
82.522703,3930,2032,4909,52.350
82.528366,3929,2032,4909,52.350
82.532823,3925,2034,4912,52.350
82.537207,3923,2038,4915,52.350
82.542976,3921,2042,4918,52.350
82.547388,3922,2045,4920,52.350
82.553044,3923,2047,4920,52.350
82.557490,3923,2048,4918,52.350
82.563250,3923,2047,4917,52.350
82.567590,3924,2045,4917,52.350
82.573369,3926,2043,4915,52.350
82.577744,3929,2042,4914,52.350
82.582160,3931,2041,4915,52.350
82.587945,3933,2040,4917,52.350
82.592304,3933,2039,4918,52.350
82.597968,3933,2037,4917,52.350
82.602487,3933,2036,4916,52.350
82.607820,3934,2036,4918,52.350
82.612281,3935,2036,4922,52.350
82.616660,3935,2036,4925,52.350
82.622431,3933,2037,4928,52.350
82.626775,3929,2038,4930,52.350
82.632472,3926,2038,4931,52.350
82.636991,3921,2039,4929,52.350
82.642684,3917,2039,4928,52.350
82.647124,3914,2038,4929,52.350
82.652832,3913,2038,4930,52.350
82.657262,3911,2039,4929,52.350
82.661645,3913,2038,4929,52.350
82.667685,3915,2037,4927,52.350
82.672108,3916,2035,4923,52.350
82.677764,3917,2033,4917,52.350
82.682346,3916,2034,4910,52.350
82.687908,3915,2034,4906,52.350
82.692374,3914,2035,4904,52.350
82.696752,3913,2034,4902,52.350
82.702501,3913,2035,4901,52.350
82.706931,3912,2035,4902,52.350
82.712387,3911,2037,4900,52.350
82.716808,3910,2038,4899,52.350
82.722728,3909,2039,4898,52.350
82.727195,3909,2041,4895,52.350
82.732940,3909,2043,4895,52.350
82.737355,3910,2045,4897,52.350
82.741743,3911,2046,4899,52.350
82.747447,3912,2047,4904,52.350
82.751606,3913,2046,4905,52.350
82.757511,3913,2045,4906,52.350
82.761998,3913,2043,4907,52.350
82.767686,3912,2042,4908,52.350
82.772168,3913,2041,4910,52.350
82.776553,3912,2041,4913,52.350
82.782266,3911,2043,4911,52.350
82.786691,3911,2044,4908,52.350
82.792348,3909,2044,4903,52.350
82.796842,3907,2044,4898,52.350
82.802519,3907,2043,4896,52.350
82.807110,3907,2044,4900,52.350
82.812706,3907,2044,4905,52.350
82.817126,3906,2046,4912,52.350
82.821557,3905,2048,4920,52.350
82.827274,3904,2049,4922,52.350
82.831657,3903,2050,4924,52.350
82.837381,3903,2051,4926,52.350
82.841723,3903,2051,4923,52.350
82.847529,3903,2051,4917,52.350
82.851913,3903,2050,4911,52.350
82.856358,3902,2047,4905,52.350
82.862064,3901,2045,4902,52.350
82.866489,3901,2043,4900,52.350
82.872199,3902,2042,4901,52.350
82.876640,3902,2042,4898,52.350
82.882316,3902,2041,4896,52.350
82.886760,3902,2040,4895,52.350
82.892446,3901,2038,4893,52.350
82.896885,3901,2037,4895,52.350
82.901338,3902,2037,4896,52.350
82.907070,3903,2037,4897,52.350
82.911490,3904,2037,4901,52.350
82.917143,3904,2038,4904,52.350
82.921622,3903,2038,4907,52.350
82.927296,3902,2040,4908,52.350
82.931740,3902,2042,4908,52.350
82.936159,3901,2045,4910,52.350
82.941877,3901,2047,4912,52.350
82.946311,3901,2048,4916,52.350
82.951962,3901,2047,4918,52.350
82.956434,3901,2046,4922,52.350
82.962111,3901,2045,4925,52.350
82.966518,3901,2044,4926,52.350
82.972251,3900,2042,4925,52.350
82.976594,3901,2040,4924,52.350
82.981162,3900,2038,4923,52.350
82.986832,3900,2036,4923,52.350
82.991308,3902,2036,4923,52.350
82.996904,3904,2038,4924,52.350
83.001406,3905,2039,4923,52.350
83.006840,3906,2039,4924,52.350
83.011207,3906,2039,4923,52.350
83.015963,3907,2039,4923,52.350
83.021685,3908,2039,4923,52.350
83.025885,3908,2038,4924,52.350
83.031793,3908,2037,4925,52.350
83.036204,3908,2037,4925,52.350
83.041752,3907,2037,4925,52.350
83.046326,3908,2036,4924,52.350
83.052066,3907,2037,4923,52.350
83.056501,3908,2036,4923,52.350
83.060920,3908,2037,4925,52.350
83.066633,3909,2039,4927,52.350
83.071024,3909,2041,4927,52.350
83.076711,3910,2044,4927,52.350
83.081199,3912,2046,4924,52.350
83.086886,3912,2047,4920,52.350
83.091318,3912,2049,4916,52.350
83.095736,3912,2051,4913,52.350
83.101452,3911,2053,4910,52.350
83.105927,3910,2053,4906,52.350
83.111568,3913,2052,4905,52.350
83.116054,3915,2051,4906,52.350
83.121727,3916,2050,4907,52.350
83.126157,3916,2049,4911,52.350
83.131896,3915,2048,4915,52.350
83.136296,3912,2047,4917,52.350
83.140665,3910,2046,4922,52.350
83.146462,3908,2046,4926,52.350
83.150847,3907,2046,4929,52.350
83.156506,3907,2046,4934,52.350
83.160953,3907,2046,4935,52.350
83.166649,3908,2044,4935,52.350
83.171080,3909,2040,4934,52.350
83.175513,3908,2037,4931,52.350
83.181270,3908,2037,4929,52.350
83.185636,3908,2037,4927,52.350
83.191316,3909,2039,4925,52.350
83.195852,3911,2040,4924,52.350
83.201477,3913,2040,4923,52.350
83.205971,3916,2040,4923,52.350
83.211506,3917,2039,4922,52.350
83.215782,3918,2041,4921,52.350
83.220473,3918,2042,4923,52.350
83.226243,3917,2045,4925,52.350
83.230671,3917,2047,4925,52.350
83.236336,3917,2049,4926,52.350
83.240772,3916,2051,4928,52.350
83.246483,3915,2054,4926,52.350
83.250895,3915,2056,4926,52.350
83.255292,3915,2055,4925,52.350
83.261026,3915,2054,4925,52.350
83.265330,3916,2051,4925,52.350
83.270895,3917,2048,4926,52.350
83.275351,3919,2044,4924,52.350
83.281040,3919,2043,4920,52.350
83.285437,3920,2042,4918,52.350
83.291414,3920,2042,4916,52.350
83.295875,3921,2044,4917,52.350
83.300224,3922,2044,4918,52.350
83.306016,3923,2042,4917,52.350
83.310448,3925,2040,4916,52.350
83.316109,3926,2038,4912,52.350
83.320594,3925,2036,4911,52.350
83.325992,3925,2035,4912,52.350
83.330401,3925,2034,4914,52.350
83.334821,3924,2035,4915,52.350
83.340830,3923,2037,4915,52.350
83.345235,3923,2038,4916,52.350
83.350911,3921,2039,4912,52.350
83.355387,3920,2040,4911,52.350
83.361058,3919,2039,4911,52.350
83.365264,3918,2038,4908,52.350
83.371221,3918,2038,4905,52.350
83.375363,3917,2037,4902,52.350
83.380063,3917,2036,4900,52.350
83.385768,3916,2036,4899,52.350
83.390245,3914,2036,4902,52.350
83.395884,3914,2034,4906,52.350
83.400325,3914,2036,4911,52.350
83.406001,3915,2036,4914,52.350
83.410482,3916,2037,4915,52.350
83.414893,3917,2038,4915,52.350
83.420631,3917,2038,4916,52.350
83.425074,3917,2039,4917,52.350
83.430739,3918,2040,4919,52.350
83.435246,3919,2040,4925,52.350
83.440820,3919,2040,4928,52.350
83.445272,3919,2041,4932,52.350
83.451005,3918,2043,4935,52.350
83.455421,3917,2044,4938,52.350
83.459631,3918,2046,4939,52.350
83.465607,3918,2047,4940,52.350
83.469974,3917,2047,4943,52.350
83.475857,3916,2046,4943,52.350
83.480135,3915,2045,4943,52.350
83.485828,3915,2043,4941,52.350
83.490252,3915,2042,4940,52.350
83.494697,3916,2043,4937,52.350
83.500396,3918,2046,4937,52.350
83.504887,3919,2048,4938,52.350
83.510506,3919,2049,4939,52.350
83.514841,3920,2048,4943,52.350
83.520673,3921,2045,4946,52.350
83.525117,3923,2043,4947,52.350
83.530842,3925,2041,4945,52.350
83.535266,3928,2040,4940,52.350
83.539703,3930,2040,4935,52.350
83.545433,3931,2038,4929,52.350
83.549815,3930,2037,4925,52.350
83.555450,3930,2035,4923,52.350
83.559932,3930,2032,4923,52.350
83.565403,3931,2030,4925,52.350
83.570042,3933,2029,4926,52.350
83.574483,3934,2028,4929,52.350
83.580266,3934,2029,4930,52.350
83.584669,3933,2032,4930,52.350
83.590270,3930,2034,4930,52.350
83.594706,3929,2037,4929,52.350
83.600419,3928,2039,4927,52.350
83.604898,3927,2042,4928,52.350
83.610612,3925,2045,4926,52.350
83.615038,3921,2048,4925,52.350
83.619440,3919,2050,4923,52.350
83.625200,3917,2052,4918,52.350
83.629571,3916,2054,4916,52.350
83.635284,3915,2056,4912,52.350
83.639801,3915,2057,4912,52.350
83.645397,3916,2057,4911,52.350
83.649864,3915,2056,4911,52.350
83.654342,3916,2054,4910,52.350
83.659973,3916,2054,4907,52.350
83.664389,3915,2053,4906,52.350
83.670059,3914,2052,4905,52.350
83.674557,3912,2051,4906,52.350
83.680237,3911,2050,4907,52.350
83.684684,3911,2047,4909,52.350
83.690364,3911,2046,4912,52.350
83.694817,3910,2046,4912,52.350
83.699250,3908,2046,4913,52.350
83.704992,3907,2047,4915,52.350
83.709391,3905,2047,4916,52.350
83.715069,3904,2046,4915,52.350
83.719492,3904,2045,4915,52.350
83.725256,3906,2044,4916,52.350
83.729608,3909,2044,4917,52.350
83.734039,3912,2043,4917,52.350
83.739798,3914,2043,4916,52.350
83.744178,3916,2041,4916,52.350
83.749871,3917,2040,4918,52.350
83.754327,3918,2037,4919,52.350
83.759992,3920,2035,4922,52.350
83.764302,3922,2034,4924,52.350
83.770259,3923,2034,4923,52.350
83.774499,3924,2037,4922,52.350
83.778984,3923,2040,4921,52.350
83.784732,3922,2042,4920,52.350
83.789162,3919,2043,4919,52.350
83.794810,3915,2044,4917,52.350
83.799334,3912,2044,4915,52.350
83.805028,3910,2044,4912,52.350
83.809400,3911,2042,4910,52.350
83.813822,3914,2039,4914,52.350
83.819594,3916,2037,4916,52.350
83.824005,3917,2036,4918,52.350
83.829695,3917,2034,4920,52.350
83.834111,3919,2031,4922,52.350
83.839835,3920,2027,4926,52.350
83.844283,3923,2022,4928,52.350
83.849958,3926,2020,4927,52.350
83.854384,3928,2020,4925,52.350
83.858811,3930,2022,4922,52.350
83.864550,3930,2024,4918,52.350
83.868974,3930,2026,4913,52.350
83.874668,3927,2029,4910,52.350
83.879074,3926,2031,4906,52.350
83.884779,3926,2032,4904,52.350
83.889286,3926,2034,4903,52.350
83.893626,3926,2037,4904,52.350
83.899345,3928,2037,4907,52.350
83.903795,3928,2038,4914,52.350
83.909503,3928,2039,4918,52.350
83.913917,3928,2040,4920,52.350
83.919571,3928,2042,4918,52.350
83.924049,3929,2043,4911,52.350
83.929792,3929,2044,4907,52.350
83.934185,3929,2046,4904,52.350
83.938613,3929,2046,4902,52.350
83.944315,3927,2046,4904,52.350
83.948726,3925,2045,4905,52.350
83.954396,3924,2044,4906,52.350
83.958854,3922,2044,4906,52.350
83.964549,3922,2043,4906,52.350
83.968985,3921,2045,4906,52.350
83.973414,3920,2046,4909,52.350
83.979116,3920,2047,4912,52.350
83.983588,3919,2046,4914,52.350
83.988956,3920,2046,4914,52.350
83.993693,3920,2046,4913,52.350
83.999380,3921,2046,4912,52.350
84.003808,3921,2047,4912,52.350
84.009274,3920,2049,4913,52.350
84.013960,3918,2049,4915,52.350
84.018387,3916,2048,4916,52.350
84.024226,3915,2047,4919,52.350
84.028494,3916,2044,4923,52.350
84.033964,3917,2044,4926,52.350
84.038356,3918,2043,4927,52.350
84.044102,3920,2044,4927,52.350
84.048856,3919,2046,4925,52.350
84.053275,3917,2049,4926,52.350
84.058974,3914,2050,4927,52.350
84.063329,3913,2052,4928,52.350
84.069007,3914,2050,4930,52.350
84.073530,3914,2048,4928,52.350
84.079219,3916,2047,4927,52.350
84.083617,3917,2044,4926,52.350
84.089316,3916,2040,4927,52.350
84.093763,3915,2037,4927,52.350
84.098173,3914,2034,4928,52.350
84.103902,3913,2034,4930,52.350
84.108379,3911,2035,4929,52.350
84.113983,3910,2036,4928,52.350
84.118471,3909,2036,4929,52.350
84.124239,3910,2036,4926,52.350
84.128578,3911,2038,4922,52.350
84.132980,3913,2040,4921,52.350
84.138784,3913,2042,4919,52.350
84.143115,3914,2044,4919,52.350
84.148801,3914,2045,4923,52.350
84.153383,3915,2046,4925,52.350
84.158994,3917,2047,4927,52.350
84.163472,3919,2047,4927,52.350
84.169116,3921,2046,4926,52.350
84.173559,3922,2045,4926,52.350
84.177928,3921,2044,4926,52.350
84.183683,3920,2044,4927,52.350
84.188135,3919,2044,4928,52.350
84.193784,3919,2045,4928,52.350
84.198340,3920,2047,4926,52.350
84.203933,3919,2051,4922,52.350
84.208425,3919,2053,4920,52.350
84.212805,3916,2055,4921,52.350
84.218530,3913,2055,4923,52.350
84.222946,3911,2054,4925,52.350
84.228625,3910,2052,4927,52.350
84.233074,3908,2049,4928,52.350
84.238763,3906,2047,4929,52.350
84.243121,3904,2046,4930,52.350
84.248927,3902,2045,4934,52.350
84.253328,3900,2043,4939,52.350
84.257795,3901,2044,4942,52.350
84.263490,3903,2044,4944,52.350
84.267897,3904,2043,4942,52.350
84.273569,3907,2044,4937,52.350
84.277992,3909,2044,4933,52.350
84.283696,3910,2045,4930,52.350
84.288151,3911,2046,4930,52.350
84.292637,3913,2049,4929,52.350
84.298330,3916,2051,4926,52.350
84.302761,3919,2053,4923,52.350
84.308414,3921,2054,4920,52.350
84.312875,3923,2053,4918,52.350
84.318576,3922,2051,4919,52.350
84.323013,3921,2049,4920,52.350
84.328701,3920,2047,4917,52.350
84.333139,3918,2044,4914,52.350
84.337542,3918,2043,4913,52.350
84.343242,3919,2040,4910,52.350
84.347671,3920,2038,4905,52.350
84.353360,3922,2037,4903,52.350
84.357802,3923,2037,4901,52.350
84.363482,3923,2038,4902,52.350
84.367944,3921,2039,4908,52.350
84.372356,3919,2040,4913,52.350
84.378114,3917,2040,4918,52.350
84.382544,3917,2040,4922,52.350
84.388213,3916,2041,4924,52.350
84.392703,3914,2041,4925,52.350
84.398317,3912,2042,4925,52.350
84.402817,3910,2043,4923,52.350
84.408501,3909,2043,4919,52.350
84.412918,3909,2041,4917,52.350
84.417363,3908,2040,4913,52.350
84.423093,3907,2038,4911,52.350
84.427478,3907,2037,4909,52.350
84.433256,3907,2039,4908,52.350
84.437596,3909,2040,4908,52.350
84.443140,3912,2042,4910,52.350
84.447757,3914,2043,4909,52.350
84.452159,3915,2043,4907,52.350
84.457914,3916,2044,4906,52.350
84.462063,3916,2043,4903,52.350
84.467950,3914,2042,4903,52.350
84.472463,3911,2042,4907,52.350
84.478139,3908,2042,4909,52.350
84.482594,3907,2042,4910,52.350
84.488289,3908,2044,4911,52.350
84.492770,3912,2047,4912,52.350
84.497180,3915,2049,4912,52.350
84.502879,3917,2052,4917,52.350
84.507351,3917,2054,4921,52.350
84.512962,3915,2056,4921,52.350
84.517392,3913,2059,4921,52.350
84.523168,3911,2061,4919,52.350
84.527549,3910,2062,4918,52.350
84.531958,3911,2063,4914,52.350
84.537714,3912,2063,4911,52.350
84.542112,3914,2063,4910,52.350
84.547754,3915,2061,4906,52.350
84.552241,3914,2061,4905,52.350
84.557922,3914,2058,4906,52.350
84.562374,3914,2056,4912,52.350
84.568051,3916,2053,4916,52.350
84.572501,3917,2050,4918,52.350
84.576609,3919,2050,4922,52.350
84.582659,3920,2050,4921,52.350
84.587074,3920,2052,4922,52.350
84.592756,3921,2053,4922,52.350
84.597170,3922,2053,4925,52.350
84.602915,3922,2052,4927,52.350
84.607348,3922,2050,4927,52.350
84.611803,3922,2048,4930,52.350
84.617473,3922,2046,4931,52.350
84.621942,3922,2045,4933,52.350
84.627618,3924,2044,4934,52.350
84.632011,3924,2043,4935,52.350
84.637736,3924,2044,4937,52.350
84.642099,3922,2045,4936,52.350
84.647867,3919,2045,4939,52.350
84.652268,3917,2045,4939,52.350
84.656732,3917,2043,4940,52.350
84.662409,3916,2041,4939,52.350
84.666850,3917,2038,4939,52.350
84.672499,3917,2036,4941,52.350
84.676958,3918,2037,4942,52.350
84.682650,3918,2039,4942,52.350
84.687094,3918,2042,4940,52.350
84.691584,3917,2046,4937,52.350
84.697273,3916,2046,4936,52.350
84.701716,3915,2046,4935,52.350
84.707344,3913,2045,4936,52.350
84.711558,3912,2045,4933,52.350
84.717229,3911,2044,4931,52.350
84.721896,3910,2045,4928,52.350
84.727681,3909,2045,4926,52.350
84.732085,3909,2044,4927,52.350
84.736229,3908,2043,4927,52.350
84.742160,3906,2043,4924,52.350
84.746625,3906,2044,4923,52.350
84.752284,3906,2043,4924,52.350
84.756760,3907,2043,4926,52.350
84.762430,3909,2041,4931,52.350
84.766884,3912,2041,4933,52.350
84.771303,3913,2041,4932,52.350
84.777035,3915,2043,4932,52.350
84.781497,3916,2044,4932,52.350
84.787138,3916,2046,4930,52.350
84.791623,3916,2047,4930,52.350
84.797319,3916,2048,4929,52.350
84.801759,3917,2047,4932,52.350
84.807484,3918,2048,4936,52.350
84.811883,3919,2047,4942,52.350
84.816339,3920,2047,4945,52.350
84.822049,3921,2048,4946,52.350
84.826414,3922,2050,4943,52.350
84.832122,3923,2051,4941,52.350
84.836570,3922,2051,4937,52.350
84.842311,3924,2050,4935,52.350
84.846662,3924,2050,4933,52.350
84.851105,3925,2048,4930,52.350
84.856829,3926,2047,4929,52.350
84.861334,3925,2046,4928,52.350
84.866931,3924,2045,4928,52.350
84.871374,3922,2046,4928,52.350
84.877039,3919,2045,4925,52.350
84.881474,3917,2043,4923,52.350
84.887199,3918,2042,4921,52.350
84.891632,3918,2041,4918,52.350
84.896079,3919,2040,4920,52.350
84.901810,3920,2041,4920,52.350
84.906240,3918,2041,4919,52.350
84.911916,3915,2041,4918,52.350
84.916315,3912,2042,4914,52.350
84.921998,3911,2041,4909,52.350
84.926463,3910,2040,4906,52.350
84.930884,3911,2038,4904,52.350
84.936400,3913,2037,4900,52.350
84.940736,3913,2038,4900,52.350
84.946461,3914,2038,4901,52.350
84.950863,3914,2040,4905,52.350
84.956884,3914,2040,4910,52.350
84.961268,3913,2039,4913,52.350
84.966992,3911,2038,4915,52.350
84.971422,3909,2034,4917,52.350
84.975599,3907,2032,4917,52.350
84.981551,3907,2029,4918,52.350
84.986023,3907,2027,4917,52.350
84.991628,3908,2025,4919,52.350
84.996149,3907,2025,4920,52.350
85.001803,3905,2026,4923,52.350
85.006071,3903,2028,4925,52.350
85.010429,3902,2030,4924,52.350
85.016423,3902,2032,4923,52.350
85.020833,3903,2036,4920,52.350
85.026238,3905,2038,4918,52.350
85.030944,3905,2041,4917,52.350
85.036606,3906,2042,4916,52.350
85.040979,3908,2041,4915,52.350
85.046795,3911,2041,4912,52.350
85.051271,3912,2040,4914,52.350
85.055640,3912,2040,4916,52.350
85.061330,3912,2043,4919,52.350
85.065803,3910,2045,4922,52.350
85.071445,3909,2048,4920,52.350
85.075934,3908,2050,4919,52.350
85.081619,3907,2049,4917,52.350
85.086038,3906,2048,4916,52.350
85.090436,3903,2047,4918,52.350
85.096182,3900,2049,4919,52.350
85.100638,3898,2052,4922,52.350
85.106309,3896,2055,4923,52.350
85.110771,3896,2057,4925,52.350
85.116454,3895,2057,4926,52.350
85.120859,3894,2055,4929,52.350
85.126575,3893,2053,4929,52.350
85.131036,3891,2052,4930,52.350
85.135432,3892,2051,4931,52.350
85.141232,3893,2049,4930,52.350
85.145553,3894,2049,4930,52.350
85.151253,3896,2047,4928,52.350
85.155706,3896,2046,4926,52.350
85.161391,3895,2048,4925,52.350
85.165805,3895,2050,4926,52.350
85.170340,3895,2050,4929,52.350
85.176031,3895,2051,4930,52.350
85.180450,3896,2050,4929,52.350
85.186059,3897,2049,4929,52.350
85.190565,3898,2048,4927,52.350
85.196197,3897,2048,4925,52.350
85.200695,3899,2048,4925,52.350
85.206378,3900,2049,4924,52.350
85.210815,3902,2049,4924,52.350
85.215221,3905,2050,4925,52.350
85.220950,3908,2049,4928,52.350
85.225374,3908,2047,4930,52.350
85.231043,3907,2046,4930,52.350
85.235496,3906,2044,4929,52.350
85.241212,3905,2042,4928,52.350
85.245603,3904,2040,4928,52.350
85.250004,3907,2039,4927,52.350
85.255729,3911,2037,4927,52.350
85.260142,3915,2036,4928,52.350
85.265828,3919,2035,4927,52.350
85.270335,3921,2036,4925,52.350
85.275966,3921,2036,4922,52.350
85.280435,3919,2035,4917,52.350
85.286117,3917,2036,4912,52.350
85.290549,3914,2038,4909,52.350
85.295014,3912,2039,4906,52.350
85.300730,3912,2041,4905,52.350
85.305157,3913,2042,4906,52.350
85.310807,3915,2042,4906,52.350
85.315314,3917,2040,4906,52.350
85.321007,3919,2040,4906,52.350
85.325397,3921,2039,4907,52.350
85.329812,3922,2038,4908,52.350
85.335565,3922,2036,4907,52.350
85.339974,3921,2035,4905,52.350
85.345446,3921,2034,4901,52.350
85.350040,3919,2033,4897,52.350
85.355780,3919,2032,4895,52.350
85.360266,3918,2030,4897,52.350
85.365902,3917,2029,4900,52.350
85.370350,3917,2028,4905,52.350
85.374763,3918,2027,4908,52.350
85.380493,3920,2026,4908,52.350
85.384889,3921,2025,4907,52.350
85.390751,3922,2024,4904,52.350
85.395035,3923,2024,4901,52.350
85.400741,3923,2024,4900,52.350
85.405225,3921,2025,4900,52.350
85.409611,3919,2028,4903,52.350
85.415354,3916,2030,4908,52.350
85.419751,3914,2033,4910,52.350
85.425436,3913,2035,4913,52.350
85.429857,3912,2037,4914,52.350
85.435585,3912,2039,4915,52.350
85.439961,3912,2040,4917,52.350
85.445663,3913,2042,4919,52.350
85.450160,3913,2042,4922,52.350
85.454558,3914,2043,4923,52.350
85.460291,3913,2044,4925,52.350
85.464691,3912,2045,4928,52.350
85.470395,3912,2046,4928,52.350
85.474838,3911,2048,4927,52.350
85.480286,3911,2050,4931,52.350
85.484931,3911,2052,4932,52.350
85.489465,3910,2054,4934,52.350
85.495132,3909,2056,4936,52.350
85.499518,3909,2057,4935,52.350
85.505247,3909,2057,4933,52.350
85.509661,3908,2057,4932,52.350
85.515322,3907,2055,4929,52.350
85.519797,3905,2052,4927,52.350
85.525521,3905,2051,4928,52.350
85.529934,3904,2050,4928,52.350
85.534363,3904,2050,4926,52.350
85.540045,3904,2049,4926,52.350
85.544482,3903,2048,4926,52.350
85.550210,3903,2048,4928,52.350
85.554637,3901,2047,4927,52.350
85.560287,3901,2045,4930,52.350
85.564729,3901,2041,4934,52.350
85.569162,3902,2039,4934,52.350
85.574866,3902,2037,4933,52.350
85.579322,3904,2036,4932,52.350
85.584960,3904,2035,4929,52.350
85.589463,3904,2036,4926,52.350
85.595164,3904,2036,4927,52.350
85.599570,3902,2037,4926,52.350
85.605295,3902,2038,4927,52.350
85.609726,3903,2038,4927,52.350
85.614125,3903,2040,4924,52.350
85.619862,3902,2041,4923,52.350
85.624310,3903,2040,4922,52.350
85.629958,3902,2040,4920,52.350
85.634472,3901,2039,4920,52.350
85.640097,3901,2039,4920,52.350
85.644408,3902,2040,4919,52.350
85.648977,3903,2041,4918,52.350
85.654656,3904,2042,4917,52.350
85.659108,3907,2043,4915,52.350
85.664775,3911,2044,4912,52.350
85.669212,3914,2044,4909,52.350
85.674885,3918,2043,4908,52.350
85.679348,3921,2042,4909,52.350
85.685035,3924,2040,4909,52.350
85.689483,3925,2037,4908,52.350
85.693934,3925,2037,4907,52.350
85.699670,3926,2036,4908,52.350
85.704084,3926,2034,4909,52.350
85.709738,3927,2035,4912,52.350
85.713890,3926,2035,4914,52.350
85.719837,3925,2035,4915,52.350
85.724327,3925,2035,4916,52.350
85.728755,3924,2035,4918,52.350
85.734406,3924,2035,4914,52.350
85.738901,3925,2036,4914,52.350
85.744542,3926,2037,4913,52.350
85.749016,3927,2038,4913,52.350
85.754649,3927,2036,4918,52.350
85.759111,3926,2035,4921,52.350
85.764542,3926,2035,4922,52.350
85.769265,3927,2034,4922,52.350
85.773721,3927,2035,4922,52.350
85.779407,3928,2038,4920,52.350
85.783864,3928,2040,4919,52.350
85.789519,3926,2045,4917,52.350
85.794063,3925,2049,4914,52.350
85.799702,3925,2050,4912,52.350
85.804153,3925,2049,4911,52.350
85.808531,3926,2047,4912,52.350
85.814304,3928,2045,4912,52.350
85.818674,3928,2043,4914,52.350
85.824365,3926,2043,4915,52.350
85.828799,3925,2042,4915,52.350
85.834521,3924,2042,4918,52.350
85.838912,3923,2042,4919,52.350
85.844617,3922,2041,4921,52.350
85.849065,3921,2042,4923,52.350
85.853453,3920,2043,4925,52.350
85.859209,3919,2044,4928,52.350
85.863617,3920,2047,4929,52.350
85.869291,3921,2049,4928,52.350
85.873749,3921,2050,4927,52.350
85.879469,3922,2052,4924,52.350
85.883896,3922,2053,4922,52.350
85.888308,3923,2051,4921,52.350
85.894023,3923,2050,4919,52.350
85.898473,3927,2049,4917,52.350
85.904174,3929,2049,4916,52.350
85.908650,3931,2050,4915,52.350
85.914314,3934,2051,4913,52.350
85.918726,3934,2050,4911,52.350
85.924420,3933,2049,4908,52.350
85.928908,3933,2049,4905,52.350
85.933309,3931,2049,4904,52.350
85.938986,3930,2050,4905,52.350
85.943410,3929,2049,4909,52.350
85.949086,3927,2047,4915,52.350
85.953551,3925,2046,4917,52.350
85.959240,3922,2045,4916,52.350
85.963684,3920,2046,4912,52.350
85.968082,3919,2047,4908,52.350
85.973808,3919,2046,4907,52.350
85.978226,3919,2045,4904,52.350
85.983920,3919,2044,4902,52.350
85.988361,3918,2042,4904,52.350
85.994021,3917,2041,4904,52.350
85.998314,3918,2039,4907,52.350
86.003942,3916,2039,4908,52.350
86.008435,3916,2039,4909,52.350
86.012782,3917,2040,4909,52.350
86.018472,3918,2040,4908,52.350
86.022884,3918,2040,4906,52.350
86.028598,3919,2041,4906,52.350
86.033022,3921,2039,4904,52.350
86.038799,3921,2036,4906,52.350
86.043137,3923,2034,4909,52.350
86.047867,3925,2032,4911,52.350
86.053597,3927,2030,4914,52.350
86.057834,3927,2032,4915,52.350
86.063701,3925,2035,4913,52.350
86.068153,3923,2039,4910,52.350
86.073825,3923,2042,4909,52.350
86.078294,3922,2044,4908,52.350
86.083985,3923,2046,4911,52.350
86.088433,3922,2047,4912,52.350
86.092875,3922,2048,4915,52.350
86.098577,3921,2047,4918,52.350
86.102992,3920,2046,4920,52.350
86.108836,3919,2044,4923,52.350
86.113130,3919,2040,4924,52.350
86.118672,3919,2037,4922,52.350
86.123012,3920,2034,4918,52.350
86.127648,3921,2031,4916,52.350
86.133434,3920,2033,4914,52.350
86.137789,3920,2035,4910,52.350
86.143424,3920,2036,4912,52.350
86.147846,3918,2037,4911,52.350
86.153677,3918,2037,4908,52.350
86.158043,3919,2035,4907,52.350
86.163809,3918,2035,4905,52.350
86.168153,3919,2036,4904,52.350
86.172605,3920,2038,4904,52.350
86.178329,3919,2040,4906,52.350
86.182779,3918,2041,4910,52.350
86.188453,3918,2040,4912,52.350
86.192898,3917,2037,4913,52.350
86.198597,3916,2036,4915,52.350
86.203042,3916,2033,4916,52.350
86.207466,3914,2032,4916,52.350
86.213191,3914,2030,4920,52.350
86.217593,3915,2030,4923,52.350
86.223277,3915,2032,4925,52.350
86.227727,3916,2034,4926,52.350
86.233419,3918,2036,4926,52.350
86.237812,3919,2037,4927,52.350
86.243546,3919,2037,4928,52.350
86.248075,3919,2036,4931,52.350
86.252124,3918,2033,4936,52.350
86.258142,3917,2032,4937,52.350
86.262512,3916,2032,4939,52.350
86.268205,3915,2033,4941,52.350
86.272687,3912,2033,4942,52.350
86.278326,3910,2033,4943,52.350
86.282781,3907,2033,4944,52.350
86.287224,3906,2032,4944,52.350
86.292958,3906,2032,4941,52.350
86.297408,3907,2031,4940,52.350
86.303007,3909,2030,4940,52.350
86.307486,3910,2030,4940,52.350
86.313205,3912,2031,4940,52.350
86.317591,3913,2032,4939,52.350
86.323319,3913,2033,4938,52.350
86.327809,3913,2034,4938,52.350
86.332155,3914,2034,4935,52.350
86.337932,3914,2034,4935,52.350
86.342330,3914,2033,4933,52.350
86.347968,3916,2032,4934,52.350
86.352144,3915,2033,4934,52.350
86.358095,3914,2034,4932,52.350
86.362572,3914,2035,4930,52.350
86.366982,3913,2035,4928,52.350
86.372711,3913,2036,4925,52.350
86.377029,3913,2036,4925,52.350
86.382801,3914,2037,4923,52.350
86.387298,3913,2039,4920,52.350
86.392981,3914,2040,4916,52.350
86.397360,3915,2042,4914,52.350
86.403146,3916,2042,4912,52.350
86.407570,3918,2044,4910,52.350
86.411950,3918,2045,4912,52.350
86.417701,3918,2046,4913,52.350
86.422060,3917,2047,4914,52.350
86.427754,3915,2048,4917,52.350
86.432246,3914,2048,4919,52.350
86.437928,3914,2047,4922,52.350
86.442332,3913,2047,4925,52.350
86.446772,3915,2049,4925,52.350
86.452528,3915,2051,4927,52.350
86.456924,3914,2053,4926,52.350
86.462603,3914,2055,4926,52.350
86.467071,3915,2056,4928,52.350
86.472724,3916,2056,4931,52.350
86.477147,3918,2055,4932,52.350
86.482840,3921,2053,4932,52.350
86.487280,3923,2052,4933,52.350
86.491758,3921,2050,4932,52.350
86.497547,3920,2048,4935,52.350
86.501868,3919,2045,4938,52.350
86.507562,3917,2044,4940,52.350
86.512017,3916,2042,4943,52.350
86.517715,3916,2041,4944,52.350
86.522123,3914,2040,4945,52.350
86.526564,3914,2039,4946,52.350
86.532283,3914,2038,4950,52.350
86.536705,3914,2037,4952,52.350
86.542340,3915,2036,4955,52.350
86.546823,3916,2036,4956,52.350
86.552498,3915,2035,4955,52.350
86.556937,3916,2034,4952,52.350
86.562641,3916,2033,4949,52.350
86.567104,3917,2033,4946,52.350
86.571540,3918,2032,4943,52.350
86.577253,3921,2033,4942,52.350
86.581711,3922,2034,4941,52.350
86.587402,3922,2034,4941,52.350
86.591608,3924,2034,4940,52.350
86.597262,3925,2034,4938,52.350
86.601928,3926,2034,4937,52.350
86.606303,3926,2033,4935,52.350
86.612061,3925,2033,4934,52.350
86.616463,3923,2033,4933,52.350
86.622145,3921,2034,4932,52.350
86.626586,3920,2036,4930,52.350
86.632325,3920,2037,4929,52.350
86.636722,3921,2037,4927,52.350
86.642533,3924,2037,4926,52.350
86.646849,3926,2036,4924,52.350
86.651355,3928,2034,4923,52.350
86.656978,3928,2033,4922,52.350
86.661401,3928,2033,4922,52.350
86.667117,3928,2032,4922,52.350
86.671550,3927,2032,4921,52.350
86.677249,3925,2032,4922,52.350
86.681714,3922,2033,4922,52.350
86.686116,3919,2035,4925,52.350
86.691851,3917,2038,4926,52.350
86.696256,3913,2041,4925,52.350
86.701975,3911,2043,4925,52.350
86.706412,3909,2046,4923,52.350
86.712109,3908,2047,4922,52.350
86.716530,3907,2048,4921,52.350
86.721980,3908,2048,4921,52.350
86.726371,3909,2047,4922,52.350
86.731062,3909,2046,4923,52.350
86.736791,3911,2045,4925,52.350
86.741211,3913,2044,4926,52.350
86.746882,3917,2043,4928,52.350
86.751075,3918,2041,4929,52.350
86.757023,3919,2040,4928,52.350
86.761451,3919,2039,4929,52.350
86.765896,3918,2037,4929,52.350
86.771627,3917,2038,4931,52.350
86.775950,3918,2036,4934,52.350
86.781689,3919,2036,4938,52.350
86.786191,3918,2037,4941,52.350
86.791872,3917,2037,4942,52.350
86.796292,3917,2036,4944,52.350
86.801735,3916,2038,4944,52.350
86.806446,3916,2038,4943,52.350
86.810819,3915,2038,4942,52.350
86.816562,3915,2039,4940,52.350
86.820961,3916,2041,4936,52.350
86.826516,3918,2043,4935,52.350
86.831124,3920,2044,4936,52.350
86.836859,3921,2046,4937,52.350
86.841269,3921,2045,4936,52.350
86.845597,3920,2044,4936,52.350
86.851399,3920,2042,4934,52.350
86.855792,3920,2040,4932,52.350
86.861495,3921,2039,4933,52.350
86.865924,3922,2038,4934,52.350
86.871588,3922,2040,4931,52.350
86.876051,3921,2040,4927,52.350
86.881779,3921,2039,4924,52.350
86.886230,3920,2040,4923,52.350
86.890653,3921,2041,4921,52.350
86.896369,3921,2042,4921,52.350
86.900761,3920,2043,4919,52.350
86.906431,3920,2043,4915,52.350
86.910897,3920,2042,4911,52.350
86.916636,3920,2042,4909,52.350
86.921027,3921,2041,4913,52.350
86.925468,3921,2040,4914,52.350
86.931142,3919,2040,4919,52.350
86.935582,3918,2040,4923,52.350
86.941254,3916,2042,4925,52.350
86.945721,3915,2044,4926,52.350
86.951397,3915,2045,4928,52.350
86.955829,3915,2046,4929,52.350
86.961521,3913,2045,4932,52.350
86.965991,3912,2046,4936,52.350
86.970411,3910,2046,4939,52.350
86.975896,3909,2047,4940,52.350
86.980531,3910,2047,4939,52.350
86.986230,3910,2048,4936,52.350
86.990731,3914,2050,4931,52.350
86.996350,3918,2051,4929,52.350
87.000859,3921,2051,4926,52.350
87.004924,3925,2052,4925,52.350
87.010637,3928,2051,4924,52.350
87.015453,3928,2050,4923,52.350
87.021032,3928,2049,4922,52.350
87.025171,3929,2048,4919,52.350
87.031213,3929,2048,4921,52.350
87.035602,3929,2047,4921,52.350
87.041180,3927,2046,4925,52.350
87.045802,3925,2047,4927,52.350
87.050157,3922,2047,4930,52.350
87.055878,3920,2050,4933,52.350
87.060308,3918,2051,4936,52.350
87.065996,3915,2050,4939,52.350
87.070466,3912,2052,4941,52.350
87.076156,3909,2052,4941,52.350
87.080586,3907,2052,4940,52.350
87.084977,3905,2052,4935,52.350
87.090705,3902,2052,4932,52.350
87.095158,3900,2051,4931,52.350
87.100792,3898,2051,4929,52.350
87.105332,3897,2052,4928,52.350
87.110961,3898,2052,4928,52.350
87.115337,3900,2053,4926,52.350
87.121116,3901,2052,4923,52.350
87.125589,3904,2051,4924,52.350
87.129944,3904,2050,4925,52.350
87.135677,3907,2049,4927,52.350
87.140178,3908,2048,4929,52.350
87.145763,3909,2047,4931,52.350
87.150205,3912,2047,4934,52.350
87.155918,3915,2046,4935,52.350
87.160358,3916,2044,4935,52.350
87.164789,3918,2043,4932,52.350
87.170482,3918,2042,4927,52.350
87.175099,3919,2042,4925,52.350
87.180604,3920,2043,4923,52.350
87.185084,3922,2042,4923,52.350
87.190713,3922,2043,4925,52.350
87.195189,3921,2045,4927,52.350
87.200889,3920,2045,4930,52.350
87.205378,3918,2045,4931,52.350
87.209770,3916,2046,4932,52.350
87.215474,3915,2046,4931,52.350
87.219882,3915,2045,4929,52.350
87.225575,3915,2044,4928,52.350
87.229999,3914,2044,4927,52.350
87.235698,3915,2044,4927,52.350
87.240117,3915,2044,4926,52.350
87.244565,3915,2045,4926,52.350
87.250260,3916,2045,4924,52.350
87.254676,3917,2045,4923,52.350
87.260374,3918,2044,4924,52.350
87.264717,3918,2044,4924,52.350
87.270532,3920,2044,4925,52.350
87.274965,3920,2044,4928,52.350
87.280681,3922,2045,4929,52.350
87.285124,3924,2045,4931,52.350
87.289588,3924,2044,4931,52.350
87.295336,3925,2044,4933,52.350
87.299666,3927,2044,4934,52.350
87.305348,3925,2045,4936,52.350
87.309835,3924,2047,4937,52.350
87.315502,3923,2049,4937,52.350
87.319915,3921,2049,4937,52.350
87.324326,3920,2048,4936,52.350
87.330059,3920,2048,4935,52.350
87.334488,3921,2049,4933,52.350
87.340140,3920,2052,4932,52.350
87.344616,3918,2053,4930,52.350
87.350305,3917,2053,4930,52.350
87.354759,3916,2052,4931,52.350
87.360431,3915,2048,4932,52.350
87.364629,3914,2045,4931,52.350
87.369322,3915,2045,4931,52.350
87.375031,3914,2044,4931,52.350
87.379449,3913,2044,4929,52.350
87.385110,3912,2043,4929,52.350
87.389581,3913,2040,4928,52.350
87.395288,3913,2040,4928,52.350
87.399755,3914,2041,4930,52.350
87.404126,3915,2043,4931,52.350
87.409836,3915,2045,4930,52.350
87.414339,3916,2046,4929,52.350
87.419959,3916,2045,4930,52.350
87.424368,3918,2043,4929,52.350
87.430089,3918,2041,4930,52.350
87.434511,3919,2039,4929,52.350
87.440216,3920,2038,4929,52.350
87.444665,3922,2036,4929,52.350
87.449055,3921,2034,4927,52.350
87.454813,3922,2034,4926,52.350
87.459211,3922,2034,4926,52.350
87.464908,3923,2035,4927,52.350
87.469348,3924,2036,4928,52.350
87.475035,3925,2038,4928,52.350
87.479453,3925,2039,4927,52.350
87.483624,3925,2039,4928,52.350
87.489305,3924,2040,4926,52.350
87.494040,3922,2041,4928,52.350
87.499683,3921,2042,4927,52.350
87.504220,3921,2043,4925,52.350
87.509856,3921,2046,4925,52.350
87.514313,3921,2047,4926,52.350
87.519980,3922,2048,4928,52.350
87.524439,3921,2050,4929,52.350
87.528849,3921,2051,4930,52.350
87.534578,3921,2052,4930,52.350
87.538977,3921,2052,4933,52.350
87.544658,3921,2051,4936,52.350
87.549111,3922,2048,4940,52.350
87.554805,3920,2047,4939,52.350
87.559273,3918,2045,4940,52.350
87.563692,3916,2044,4939,52.350
87.569175,3914,2043,4939,52.350
87.573805,3914,2041,4941,52.350
87.579478,3913,2039,4942,52.350
87.584015,3914,2037,4944,52.350
87.589625,3915,2036,4945,52.350
87.594106,3917,2035,4946,52.350
87.599743,3919,2036,4946,52.350
87.604298,3921,2036,4947,52.350
87.608653,3921,2037,4948,52.350
87.614346,3922,2037,4947,52.350
87.618792,3923,2037,4947,52.350
87.624477,3924,2036,4945,52.350
87.628918,3928,2036,4945,52.350
87.634602,3931,2036,4948,52.350
87.639058,3931,2036,4953,52.350
87.643482,3930,2036,4954,52.350
87.649176,3927,2035,4956,52.350
87.653591,3924,2036,4956,52.350
87.659230,3920,2038,4955,52.350
87.663724,3917,2039,4956,52.350
87.669394,3914,2041,4955,52.350
87.673885,3910,2043,4952,52.350
87.679569,3908,2045,4949,52.350
87.683982,3907,2047,4947,52.350
87.688460,3907,2047,4945,52.350
87.694143,3909,2047,4945,52.350
87.698575,3908,2048,4943,52.350
87.704270,3907,2050,4943,52.350
87.708710,3907,2052,4943,52.350
87.714353,3905,2053,4944,52.350
87.718865,3903,2054,4944,52.350
87.723240,3901,2053,4944,52.350
87.728816,3900,2051,4944,52.350
87.733353,3898,2049,4943,52.350
87.739065,3898,2047,4943,52.350
87.743515,3898,2045,4943,52.350
87.749204,3900,2043,4940,52.350
87.753373,3902,2041,4939,52.350
87.759334,3905,2040,4938,52.350
87.763808,3910,2039,4937,52.350
87.768210,3912,2038,4937,52.350
87.773916,3913,2037,4936,52.350
87.778317,3913,2036,4933,52.350
87.783990,3910,2035,4930,52.350
87.788461,3906,2034,4928,52.350
87.794172,3903,2033,4925,52.350
87.798641,3901,2032,4922,52.350
87.803041,3900,2031,4921,52.350
87.808752,3901,2031,4926,52.350
87.813192,3904,2031,4930,52.350
87.818816,3905,2032,4933,52.350
87.823306,3905,2033,4935,52.350
87.828999,3905,2033,4932,52.350
87.833407,3905,2031,4930,52.350
87.839151,3905,2029,4929,52.350
87.843564,3907,2026,4931,52.350
87.847971,3907,2024,4931,52.350
87.853668,3907,2023,4935,52.350
87.858113,3908,2023,4937,52.350
87.863801,3913,2023,4940,52.350
87.868289,3917,2023,4941,52.350
87.873952,3920,2025,4940,52.350
87.878414,3923,2027,4937,52.350
87.882878,3925,2030,4935,52.350
87.888559,3926,2032,4932,52.350
87.892974,3927,2031,4930,52.350
87.898630,3926,2029,4929,52.350
87.903126,3925,2027,4928,52.350
87.908798,3925,2027,4929,52.350
87.913223,3925,2027,4929,52.350
87.918941,3925,2030,4928,52.350
87.923382,3925,2031,4930,52.350
87.927762,3926,2032,4928,52.350
87.933471,3927,2031,4927,52.350
87.937929,3928,2029,4929,52.350
87.943597,3929,2029,4930,52.350
87.948035,3928,2028,4931,52.350
87.953838,3927,2030,4931,52.350
87.958124,3925,2031,4930,52.350
87.962568,3923,2033,4930,52.350
87.968294,3921,2034,4931,52.350
87.972748,3919,2034,4934,52.350
87.978394,3919,2035,4937,52.350
87.982896,3919,2035,4937,52.350
87.988569,3919,2036,4937,52.350
87.992988,3919,2036,4934,52.350
87.998689,3919,2035,4931,52.350
88.003181,3919,2035,4926,52.350
88.007238,3919,2036,4922,52.350
88.013330,3921,2037,4919,52.350
88.017714,3923,2038,4917,52.350
88.023418,3924,2038,4914,52.350
88.027515,3925,2038,4914,52.350
88.033300,3926,2038,4917,52.350
88.037941,3925,2036,4919,52.350
88.042063,3923,2035,4923,52.350
88.048075,3920,2032,4924,52.350
88.052514,3916,2033,4923,52.350
88.058091,3913,2035,4923,52.350
88.062693,3910,2036,4923,52.350
88.068338,3909,2039,4923,52.350
88.072755,3908,2040,4923,52.350
88.078467,3909,2040,4922,52.350
88.082963,3910,2039,4920,52.350
88.087340,3911,2039,4918,52.350
88.093114,3911,2039,4916,52.350
88.097582,3912,2039,4914,52.350
88.103232,3913,2039,4909,52.350
88.107644,3911,2038,4904,52.350
88.113367,3910,2037,4900,52.350
88.117800,3911,2035,4896,52.350
88.122157,3914,2032,4897,52.350
88.127898,3917,2031,4898,52.350
88.132335,3920,2030,4898,52.350
88.137977,3922,2029,4903,52.350
88.142418,3920,2029,4906,52.350
88.148172,3918,2031,4907,52.350
88.152527,3917,2032,4907,52.350
88.158266,3915,2036,4906,52.350
88.162726,3914,2039,4905,52.350
88.167113,3912,2042,4904,52.350
88.172888,3913,2047,4904,52.350
88.176964,3913,2048,4905,52.350
88.182936,3915,2047,4909,52.350
88.187393,3917,2044,4912,52.350
88.193132,3917,2042,4913,52.350
88.197572,3916,2041,4913,52.350
88.201972,3916,2043,4913,52.350
88.207745,3917,2044,4913,52.350
88.212072,3917,2044,4915,52.350
88.217757,3917,2044,4916,52.350
88.222237,3919,2045,4917,52.350
88.227930,3921,2045,4918,52.350
88.232346,3924,2047,4916,52.350
88.238086,3927,2049,4914,52.350
88.242464,3928,2049,4911,52.350
88.247005,3930,2048,4911,52.350
88.252640,3930,2047,4911,52.350
88.257053,3929,2046,4914,52.350
88.262731,3926,2045,4918,52.350
88.267213,3923,2044,4920,52.350
88.272889,3920,2042,4921,52.350
88.277318,3917,2040,4922,52.350
88.281758,3917,2039,4923,52.350
88.287491,3917,2038,4924,52.350
88.291899,3918,2037,4926,52.350
88.297568,3919,2036,4927,52.350
88.302028,3917,2034,4928,52.350
88.307763,3917,2032,4928,52.350
88.312188,3914,2031,4925,52.350
88.317871,3912,2031,4924,52.350
88.322284,3912,2031,4923,52.350
88.326691,3910,2032,4923,52.350
88.332418,3910,2033,4924,52.350
88.336851,3911,2034,4926,52.350
88.342504,3912,2035,4929,52.350
88.346984,3913,2034,4928,52.350
88.352676,3913,2034,4929,52.350
88.357063,3914,2033,4932,52.350
88.361289,3913,2032,4932,52.350
88.367048,3913,2032,4933,52.350
88.371717,3912,2031,4929,52.350
88.377380,3911,2032,4922,52.350
88.381849,3911,2033,4915,52.350
88.387475,3910,2035,4911,52.350
88.391935,3909,2037,4912,52.350
88.397654,3909,2039,4917,52.350
88.402089,3908,2040,4924,52.350
88.406526,3907,2040,4929,52.350
88.412313,3906,2039,4932,52.350
88.416629,3906,2037,4934,52.350
88.422334,3908,2036,4937,52.350
88.426748,3909,2037,4939,52.350
88.432537,3909,2038,4940,52.350
88.436883,3909,2041,4938,52.350
88.441333,3908,2044,4936,52.350
88.447059,3906,2044,4932,52.350
88.451434,3904,2043,4930,52.350
88.457148,3903,2041,4928,52.350
88.461590,3902,2042,4926,52.350
88.467291,3901,2041,4926,52.350
88.471722,3901,2041,4928,52.350
88.477408,3901,2041,4930,52.350
88.481888,3902,2040,4930,52.350
88.486333,3902,2040,4930,52.350
88.492039,3902,2041,4929,52.350
88.496468,3904,2041,4928,52.350
88.502119,3904,2041,4928,52.350
88.506601,3906,2039,4929,52.350
88.512293,3906,2040,4929,52.350
88.516872,3907,2040,4927,52.350
88.520984,3908,2040,4928,52.350
88.526569,3908,2042,4926,52.350
88.531120,3907,2043,4927,52.350
88.536913,3904,2043,4926,52.350
88.541409,3902,2044,4926,52.350
88.547074,3900,2044,4927,52.350
88.551525,3900,2044,4927,52.350
88.557212,3901,2043,4927,52.350
88.561630,3902,2043,4926,52.350
88.565802,3902,2043,4925,52.350
88.571792,3902,2042,4926,52.350
88.575982,3902,2040,4927,52.350
88.581571,3903,2040,4928,52.350
88.586160,3904,2038,4929,52.350
88.591906,3906,2038,4930,52.350
88.596501,3909,2040,4931,52.350
88.600865,3908,2040,4933,52.350
88.606647,3909,2040,4935,52.350
88.611021,3911,2039,4936,52.350
88.616703,3909,2039,4934,52.350
88.621210,3908,2039,4930,52.350
88.626887,3907,2040,4924,52.350
88.631301,3904,2040,4919,52.350
88.636990,3902,2040,4915,52.350
88.641445,3901,2040,4914,52.350
88.645932,3900,2042,4913,52.350
88.651590,3899,2043,4914,52.350
88.656038,3899,2045,4917,52.350
88.661678,3899,2047,4919,52.350
88.666113,3900,2047,4921,52.350
88.671785,3902,2047,4923,52.350
88.676464,3904,2046,4924,52.350
88.680719,3907,2046,4924,52.350
88.686428,3909,2046,4925,52.350
88.690873,3912,2047,4926,52.350
88.696535,3916,2048,4926,52.350
88.700996,3920,2047,4925,52.350
88.706671,3922,2046,4923,52.350
88.711205,3924,2044,4921,52.350
88.716821,3924,2042,4918,52.350
88.721271,3924,2042,4915,52.350
88.725640,3922,2041,4912,52.350
88.731379,3922,2040,4911,52.350
88.735771,3921,2039,4911,52.350
88.741451,3921,2039,4910,52.350
88.745898,3922,2039,4909,52.350
88.751435,3921,2041,4909,52.350
88.756035,3920,2042,4911,52.350
88.760458,3920,2043,4912,52.350
88.766035,3920,2043,4912,52.350
88.770510,3921,2042,4911,52.350
88.776247,3923,2041,4908,52.350
88.780776,3924,2041,4906,52.350
88.786419,3926,2042,4907,52.350
88.790897,3928,2041,4909,52.350
88.796628,3931,2040,4910,52.350
88.801045,3933,2038,4911,52.350
88.805408,3933,2036,4910,52.350
88.811138,3932,2036,4908,52.350
88.815593,3929,2036,4909,52.350
88.821292,3927,2038,4908,52.350
88.825709,3927,2039,4909,52.350
88.831454,3925,2041,4913,52.350
88.835833,3922,2040,4918,52.350
88.840309,3920,2040,4922,52.350
88.845987,3918,2039,4923,52.350
88.850371,3919,2038,4920,52.350
88.856052,3920,2039,4911,52.350
88.860560,3920,2038,4903,52.350
88.866208,3920,2038,4898,52.350
88.870667,3918,2038,4896,52.350
88.876365,3916,2037,4898,52.350
88.880821,3916,2037,4902,52.350
88.885232,3916,2037,4905,52.350
88.890922,3916,2038,4908,52.350
88.895297,3917,2038,4907,52.350
88.901099,3917,2040,4902,52.350
88.905511,3917,2041,4898,52.350
88.911264,3916,2041,4896,52.350
88.915599,3916,2044,4895,52.350
88.920027,3914,2045,4898,52.350
88.925768,3913,2047,4901,52.350
88.930203,3912,2049,4903,52.350
88.935861,3912,2049,4905,52.350
88.940338,3913,2049,4909,52.350
88.946012,3914,2047,4913,52.350
88.950450,3915,2045,4917,52.350
88.956216,3914,2043,4919,52.350
88.960582,3914,2044,4921,52.350
88.964780,3913,2045,4921,52.350
88.970751,3913,2046,4923,52.350
88.975215,3912,2046,4925,52.350
88.980814,3911,2046,4925,52.350
88.985278,3911,2046,4925,52.350
88.991017,3913,2046,4923,52.350
88.995398,3914,2046,4921,52.350
88.999816,3915,2044,4923,52.350
89.005555,3916,2039,4926,52.350
89.009661,3917,2035,4928,52.350
89.015611,3918,2032,4930,52.350
89.019848,3920,2030,4930,52.350
89.025595,3922,2028,4929,52.350
89.030198,3924,2025,4928,52.350
89.035972,3924,2024,4927,52.350
89.040371,3924,2024,4923,52.350
89.044638,3925,2024,4919,52.350
89.050514,3925,2025,4914,52.350
89.054909,3925,2027,4912,52.350
89.060581,3926,2027,4911,52.350
89.065092,3927,2028,4914,52.350
89.070751,3928,2028,4916,52.350
89.075220,3931,2028,4917,52.350
89.079591,3931,2029,4918,52.350
89.085352,3932,2029,4920,52.350
89.089775,3930,2030,4920,52.350
89.095433,3929,2032,4923,52.350
89.099947,3928,2032,4924,52.350
89.105580,3927,2033,4922,52.350
89.110032,3926,2033,4919,52.350
89.115724,3925,2032,4915,52.350
89.120147,3925,2031,4912,52.350
89.124555,3923,2033,4910,52.350
89.130279,3922,2033,4908,52.350
89.134692,3918,2034,4910,52.350
89.140477,3916,2036,4914,52.350
89.144924,3914,2037,4918,52.350
89.150547,3913,2036,4920,52.350
89.154955,3914,2036,4922,52.350
89.159407,3915,2037,4923,52.350
89.165122,3915,2037,4922,52.350
89.169535,3914,2038,4921,52.350
89.175369,3914,2040,4918,52.350
89.179733,3913,2041,4918,52.350
89.185392,3914,2041,4919,52.350
89.189829,3915,2042,4920,52.350
89.195529,3916,2043,4922,52.350
89.199928,3915,2043,4927,52.350
89.204424,3914,2042,4930,52.350
89.210100,3912,2041,4933,52.350
89.214489,3912,2040,4936,52.350
89.220254,3911,2039,4936,52.350
89.224613,3910,2038,4936,52.350
89.230291,3910,2036,4937,52.350
89.234764,3909,2036,4937,52.350
89.239181,3909,2037,4938,52.350
89.244909,3908,2038,4939,52.350
89.249307,3908,2038,4938,52.350
89.254947,3909,2037,4935,52.350
89.259325,3910,2038,4929,52.350
89.265114,3912,2040,4924,52.350
89.269609,3914,2043,4921,52.350
89.275309,3914,2046,4916,52.350
89.279728,3913,2047,4913,52.350
89.284150,3911,2048,4912,52.350
89.289876,3909,2048,4909,52.350
89.294344,3909,2049,4907,52.350
89.299967,3909,2049,4907,52.350
89.304419,3909,2047,4904,52.350
89.310185,3908,2044,4905,52.350
89.314566,3908,2041,4905,52.350
89.318974,3908,2040,4905,52.350
89.324686,3908,2040,4905,52.350
89.329074,3909,2039,4904,52.350
89.334735,3911,2039,4901,52.350
89.339223,3910,2039,4902,52.350
89.344953,3908,2040,4904,52.350
89.349355,3906,2040,4905,52.350
89.355056,3903,2040,4907,52.350
89.359455,3903,2039,4908,52.350
89.363906,3904,2038,4907,52.350
89.369611,3906,2039,4910,52.350
89.374121,3906,2041,4912,52.350
89.379732,3905,2044,4914,52.350
89.384218,3903,2046,4916,52.350
89.389932,3902,2047,4919,52.350
89.394265,3904,2048,4920,52.350
89.398763,3906,2046,4920,52.350
89.404470,3909,2046,4920,52.350
89.408922,3911,2045,4921,52.350
89.414579,3913,2044,4925,52.350
89.419029,3916,2043,4925,52.350
89.424734,3918,2044,4923,52.350
89.429154,3921,2045,4922,52.350
89.434826,3923,2047,4921,52.350
89.439268,3923,2048,4920,52.350
89.443685,3922,2051,4920,52.350
89.449420,3920,2055,4918,52.350
89.453819,3920,2056,4913,52.350
89.459634,3921,2056,4908,52.350
89.463996,3923,2056,4905,52.350
89.469628,3925,2053,4904,52.350
89.474113,3925,2050,4905,52.350
89.478581,3923,2048,4906,52.350
89.484314,3922,2046,4909,52.350
89.488393,3921,2044,4912,52.350
89.494056,3921,2045,4914,52.350
89.498802,3922,2045,4914,52.350
89.504529,3923,2045,4911,52.350
89.508755,3922,2044,4909,52.350
89.514745,3922,2042,4908,52.350
89.519065,3921,2040,4907,52.350
89.523480,3919,2039,4905,52.350
89.529208,3918,2039,4903,52.350
89.533648,3917,2040,4900,52.350
89.539316,3915,2041,4899,52.350
89.543748,3914,2040,4902,52.350
89.549462,3912,2038,4907,52.350
89.553908,3909,2036,4912,52.350
89.558335,3908,2035,4918,52.350
89.564044,3908,2035,4928,52.350
89.568433,3908,2037,4933,52.350
89.574096,3910,2041,4934,52.350
89.578590,3910,2042,4935,52.350
89.584306,3909,2043,4932,52.350
89.588783,3908,2043,4929,52.350
89.594487,3908,2042,4926,52.350
89.598907,3907,2040,4923,52.350
89.603294,3908,2038,4924,52.350
89.609018,3909,2039,4925,52.350
89.613407,3909,2040,4927,52.350
89.619067,3909,2042,4929,52.350
89.623540,3909,2044,4930,52.350
89.629241,3908,2045,4931,52.350
89.633588,3909,2044,4934,52.350
89.638073,3910,2042,4934,52.350
89.643815,3913,2042,4933,52.350
89.648350,3915,2041,4932,52.350
89.653889,3916,2042,4930,52.350
89.658436,3918,2043,4929,52.350
89.664048,3919,2043,4930,52.350
89.668522,3919,2045,4930,52.350
89.674210,3919,2044,4926,52.350
89.678663,3917,2044,4923,52.350
89.683090,3918,2043,4922,52.350
89.688783,3919,2041,4917,52.350
89.693199,3918,2041,4917,52.350
89.698894,3918,2040,4915,52.350
89.703344,3918,2038,4913,52.350
89.709051,3916,2034,4913,52.350
89.713476,3915,2028,4918,52.350
89.717878,3916,2024,4921,52.350
89.723591,3916,2021,4924,52.350
89.728004,3916,2021,4925,52.350
89.733687,3917,2021,4923,52.350
89.738176,3918,2023,4922,52.350
89.743856,3917,2024,4923,52.350
89.748272,3918,2026,4923,52.350
89.753964,3919,2028,4924,52.350
89.758422,3919,2030,4923,52.350
89.762842,3920,2032,4921,52.350
89.768547,3918,2034,4921,52.350
89.772992,3917,2036,4922,52.350
89.778635,3915,2038,4924,52.350
89.783122,3913,2038,4925,52.350
89.788862,3912,2038,4924,52.350
89.793285,3911,2038,4923,52.350
89.797640,3911,2038,4925,52.350
89.803438,3912,2040,4929,52.350
89.807809,3913,2041,4932,52.350
89.813491,3913,2040,4934,52.350
89.817931,3912,2038,4936,52.350
89.823584,3911,2039,4934,52.350
89.828069,3909,2037,4933,52.350
89.833789,3908,2038,4933,52.350
89.838255,3909,2038,4929,52.350
89.842640,3909,2038,4926,52.350
89.848420,3911,2037,4927,52.350
89.852825,3913,2037,4926,52.350
89.858411,3916,2037,4924,52.350
89.862902,3916,2037,4924,52.350
89.868574,3916,2037,4925,52.350
89.873025,3914,2038,4925,52.350
89.877290,3913,2038,4926,52.350
89.883197,3911,2039,4928,52.350
89.887593,3909,2039,4931,52.350
89.893297,3909,2039,4933,52.350
89.897770,3908,2039,4933,52.350
89.903436,3909,2041,4931,52.350
89.907865,3910,2043,4933,52.350
89.913577,3909,2045,4931,52.350
89.917982,3910,2048,4927,52.350
89.922410,3910,2048,4926,52.350
89.928127,3912,2048,4923,52.350
89.932555,3913,2047,4919,52.350
89.938219,3916,2045,4916,52.350
89.942695,3917,2044,4913,52.350
89.948388,3917,2044,4909,52.350
89.952787,3918,2044,4906,52.350
89.957204,3919,2044,4907,52.350
89.962958,3920,2044,4905,52.350
89.967081,3920,2045,4904,52.350
89.972797,3920,2045,4904,52.350
89.977263,3919,2046,4903,52.350
89.982942,3917,2047,4904,52.350
89.987644,3915,2047,4906,52.350
89.993090,3914,2047,4909,52.350
89.997758,3912,2047,4911,52.350
90.002222,3912,2046,4911,52.350
90.007660,3913,2044,4911,52.350
90.012229,3913,2043,4911,52.350
90.018049,3915,2043,4914,52.350
90.022480,3914,2043,4917,52.350
90.027948,3913,2041,4920,52.350
90.032565,3913,2041,4922,52.350
90.036984,3913,2040,4923,52.350
90.042455,3911,2039,4924,52.350
90.046861,3912,2040,4926,52.350
90.052845,3912,2041,4928,52.350
90.057308,3911,2042,4930,52.350
90.063012,3911,2042,4932,52.350
90.067472,3911,2043,4930,52.350
90.073118,3909,2044,4933,52.350
90.077579,3909,2043,4934,52.350
90.081975,3909,2043,4935,52.350
90.087745,3909,2043,4935,52.350
90.092134,3909,2043,4934,52.350
90.097850,3908,2042,4935,52.350
90.102312,3908,2041,4938,52.350
90.108113,3908,2040,4940,52.350
90.112399,3909,2038,4940,52.350
90.116813,3911,2037,4938,52.350
90.122584,3909,2036,4935,52.350
90.126940,3906,2035,4933,52.350
90.132602,3904,2035,4934,52.350
90.137105,3903,2033,4934,52.350
90.142764,3904,2032,4935,52.350
90.147177,3906,2030,4935,52.350
90.152950,3908,2031,4936,52.350
90.157321,3908,2030,4935,52.350
90.161819,3907,2029,4938,52.350
90.167465,3909,2027,4940,52.350
90.171917,3910,2026,4942,52.350
90.177302,3911,2025,4942,52.350
90.182096,3914,2024,4942,52.350
90.187766,3916,2024,4943,52.350
90.192032,3917,2025,4943,52.350
90.196589,3917,2026,4945,52.350
90.202336,3916,2027,4944,52.350
90.206720,3915,2027,4944,52.350
90.212418,3915,2028,4944,52.350
90.216865,3915,2029,4945,52.350
90.222546,3914,2029,4948,52.350
90.226965,3915,2031,4949,52.350
90.232693,3917,2031,4950,52.350
90.237117,3919,2031,4948,52.350
90.241538,3920,2032,4943,52.350
90.247291,3921,2033,4940,52.350
90.251416,3920,2034,4936,52.350
90.257340,3918,2035,4931,52.350
90.261837,3917,2037,4928,52.350
90.267501,3917,2037,4926,52.350
90.271975,3918,2038,4925,52.350
90.276378,3919,2039,4924,52.350
90.282128,3920,2039,4922,52.350
90.286505,3920,2041,4918,52.350
90.292308,3921,2043,4914,52.350
90.296696,3921,2045,4912,52.350
90.302367,3920,2048,4912,52.350
90.306840,3919,2049,4913,52.350
90.312490,3918,2048,4917,52.350
90.316930,3918,2048,4919,52.350
90.320996,3917,2047,4920,52.350
90.326871,3918,2047,4920,52.350
90.331180,3918,2046,4920,52.350
90.336861,3919,2045,4923,52.350
90.341273,3920,2045,4926,52.350
90.347103,3922,2044,4928,52.350
90.351443,3922,2044,4929,52.350
90.355838,3921,2044,4930,52.350
90.361609,3921,2043,4930,52.350
90.365990,3922,2040,4936,52.350
90.371951,3923,2037,4938,52.350
90.376431,3923,2035,4939,52.350
90.382075,3924,2034,4939,52.350
90.386526,3926,2035,4938,52.350
90.392261,3926,2035,4936,52.350
90.396712,3924,2037,4935,52.350
90.401108,3923,2039,4933,52.350
90.406821,3920,2040,4932,52.350
90.411245,3917,2041,4931,52.350
90.416966,3916,2043,4932,52.350
90.421371,3915,2043,4935,52.350
90.427048,3916,2044,4937,52.350
90.431527,3916,2042,4937,52.350
90.435902,3916,2042,4937,52.350
90.441638,3914,2041,4936,52.350
90.446080,3913,2041,4935,52.350
90.451729,3914,2042,4932,52.350
90.456206,3915,2043,4930,52.350
90.461894,3917,2043,4927,52.350
90.466353,3918,2043,4925,52.350
90.472057,3919,2042,4924,52.350
90.476221,3924,2041,4923,52.350
90.480612,3926,2040,4920,52.350
90.486320,3929,2039,4920,52.350
90.491043,3931,2037,4924,52.350
90.496490,3931,2036,4925,52.350
90.500849,3930,2035,4927,52.350
90.506838,3930,2037,4928,52.350
90.511270,3930,2039,4928,52.350
90.515785,3930,2040,4927,52.350
90.521423,3929,2041,4927,52.350
90.525837,3928,2041,4927,52.350
90.531497,3926,2041,4926,52.350
90.535988,3924,2041,4927,52.350
90.541679,3925,2041,4928,52.350
90.546089,3927,2040,4930,52.350
90.551828,3927,2040,4931,52.350
90.556298,3928,2039,4932,52.350
90.560673,3928,2040,4932,52.350
90.566355,3927,2039,4931,52.350
90.570843,3927,2039,4933,52.350
90.576219,3927,2039,4932,52.350
90.580968,3924,2038,4934,52.350
90.586667,3923,2037,4935,52.350
90.591142,3923,2036,4936,52.350
90.595449,3922,2035,4937,52.350
90.601000,3923,2034,4938,52.350
90.605639,3922,2034,4937,52.350
90.611290,3920,2033,4935,52.350
90.615792,3919,2034,4931,52.350
90.621192,3918,2033,4926,52.350
90.625549,3918,2032,4922,52.350
90.631575,3918,2032,4918,52.350
90.636014,3917,2031,4916,52.350
90.640442,3916,2033,4916,52.350
90.646201,3914,2034,4916,52.350
90.650565,3914,2035,4920,52.350
90.656237,3915,2036,4923,52.350
90.660699,3915,2037,4927,52.350
90.666387,3916,2040,4929,52.350
90.670836,3915,2044,4926,52.350
90.675324,3913,2045,4926,52.350
90.680995,3911,2046,4925,52.350
90.685241,3910,2045,4922,52.350
90.691051,3910,2043,4923,52.350
90.695564,3910,2039,4924,52.350
90.701259,3910,2037,4923,52.350
90.705724,3909,2036,4924,52.350
90.711361,3909,2034,4925,52.350
90.715786,3907,2034,4922,52.350
90.720205,3907,2033,4922,52.350
90.725965,3906,2032,4922,52.350
90.730383,3908,2032,4923,52.350
90.736071,3910,2034,4922,52.350
90.740336,3912,2037,4920,52.350
90.745930,3913,2039,4918,52.350
90.750623,3915,2040,4915,52.350
90.755041,3917,2041,4914,52.350
90.760775,3918,2041,4913,52.350
90.765199,3919,2043,4911,52.350
90.770865,3919,2047,4910,52.350
90.775331,3920,2050,4911,52.350
90.781003,3921,2052,4914,52.350
90.785483,3921,2051,4919,52.350
90.791155,3922,2050,4923,52.350
90.795578,3921,2049,4924,52.350
90.800004,3921,2048,4923,52.350
90.805562,3920,2047,4921,52.350
90.810125,3920,2046,4917,52.350
90.815565,3919,2046,4917,52.350
90.820154,3918,2046,4919,52.350
90.825941,3917,2047,4919,52.350
90.830118,3917,2049,4921,52.350
90.834802,3917,2051,4923,52.350
90.840519,3916,2054,4924,52.350
90.844953,3917,2056,4925,52.350
90.850610,3918,2055,4927,52.350
90.855098,3920,2054,4926,52.350
90.860600,3922,2053,4923,52.350
90.864975,3923,2052,4920,52.350
90.870915,3922,2051,4919,52.350
90.875439,3919,2051,4917,52.350
90.879824,3919,2051,4918,52.350
90.885558,3918,2049,4919,52.350
90.889927,3918,2049,4920,52.350
90.895569,3921,2048,4922,52.350
90.900115,3922,2047,4920,52.350
90.905712,3922,2045,4921,52.350
90.910167,3923,2044,4923,52.350
90.914683,3923,2041,4921,52.350
90.920321,3924,2039,4920,52.350
90.924751,3925,2039,4918,52.350
90.930421,3927,2039,4916,52.350
90.934899,3927,2042,4915,52.350
90.940574,3928,2045,4913,52.350
90.944980,3927,2047,4912,52.350
90.950702,3928,2048,4912,52.350
90.955115,3926,2048,4912,52.350
90.959582,3926,2049,4911,52.350
90.965031,3927,2047,4910,52.350
90.969502,3927,2046,4910,52.350
90.975423,3927,2046,4908,52.350
90.979827,3927,2045,4907,52.350
90.985280,3928,2044,4908,52.350
90.989593,3928,2042,4908,52.350
90.994057,3927,2041,4909,52.350
90.999828,3926,2040,4912,52.350
91.004207,3927,2040,4914,52.350
91.009969,3928,2041,4917,52.350
91.014395,3928,2043,4920,52.350
91.020090,3928,2043,4923,52.350
91.024474,3928,2042,4927,52.350
91.030225,3927,2041,4927,52.350
91.034612,3927,2041,4927,52.350
91.039024,3927,2040,4924,52.350
91.044748,3927,2039,4921,52.350
91.049197,3926,2038,4921,52.350
91.054944,3925,2036,4920,52.350
91.059585,3925,2035,4920,52.350
91.065392,3925,2033,4923,52.350
91.069759,3924,2031,4924,52.350
91.074358,3923,2032,4923,52.350
91.079861,3921,2031,4923,52.350
91.084318,3918,2031,4924,52.350
91.089985,3914,2032,4924,52.350
91.094468,3911,2033,4924,52.350
91.099884,3910,2034,4923,52.350
91.104189,3910,2035,4921,52.350
91.110026,3912,2038,4922,52.350
91.114740,3914,2041,4921,52.350
91.119094,3914,2043,4923,52.350
91.124836,3913,2044,4925,52.350
91.129306,3914,2045,4924,52.350
91.134926,3914,2044,4923,52.350
91.139394,3914,2041,4916,52.350
91.145058,3915,2039,4913,52.350
91.149527,3917,2036,4908,52.350
91.153635,3918,2034,4905,52.350
91.159369,3920,2033,4906,52.350
91.163769,3922,2031,4909,52.350
91.169764,3925,2029,4913,52.350
91.174257,3928,2028,4921,52.350
91.179882,3931,2027,4924,52.350
91.184368,3933,2029,4926,52.350
91.190050,3935,2029,4927,52.350
91.194476,3936,2031,4926,52.350
91.198924,3934,2033,4924,52.350
91.204593,3933,2034,4922,52.350
91.208987,3931,2035,4924,52.350
91.214416,3929,2034,4925,52.350
91.218884,3929,2033,4925,52.350
91.224832,3928,2031,4923,52.350
91.229290,3928,2031,4922,52.350
91.233690,3928,2031,4920,52.350
91.239416,3928,2033,4917,52.350
91.243888,3927,2035,4914,52.350
91.249635,3926,2038,4908,52.350
91.253983,3925,2040,4902,52.350
91.259506,3924,2042,4900,52.350
91.264165,3924,2045,4901,52.350
91.269567,3923,2045,4902,52.350
91.273986,3924,2047,4907,52.350
91.278441,3923,2047,4911,52.350
91.284404,3921,2045,4914,52.350
91.288786,3920,2046,4916,52.350
91.294534,3918,2045,4917,52.350
91.299034,3917,2044,4919,52.350
91.304607,3917,2043,4919,52.350
91.309073,3918,2044,4918,52.350
91.313488,3918,2042,4915,52.350
91.319269,3918,2041,4911,52.350
91.323348,3920,2041,4908,52.350
91.328967,3919,2043,4905,52.350
91.333539,3919,2045,4903,52.350
91.339454,3919,2048,4903,52.350
91.343862,3917,2051,4904,52.350
91.349591,3915,2053,4906,52.350
91.354008,3914,2054,4910,52.350
91.358455,3912,2053,4915,52.350
91.364222,3913,2052,4916,52.350
91.368646,3913,2049,4918,52.350
91.374305,3912,2046,4916,52.350
91.378420,3911,2044,4913,52.350
91.384092,3911,2043,4912,52.350
91.388570,3911,2042,4911,52.350
91.392984,3913,2041,4913,52.350
91.399010,3914,2041,4914,52.350
91.403424,3914,2039,4913,52.350
91.409087,3914,2039,4914,52.350
91.413597,3913,2039,4912,52.350
91.419308,3914,2039,4910,52.350
91.423652,3915,2038,4910,52.350
91.429390,3915,2037,4908,52.350
91.433820,3913,2035,4907,52.350
91.437935,3911,2033,4906,52.350
91.443660,3908,2032,4905,52.350
91.448343,3906,2033,4903,52.350
91.454039,3905,2034,4903,52.350
91.458505,3905,2036,4902,52.350
91.464214,3905,2037,4901,52.350
91.468658,3905,2038,4903,52.350
91.473112,3904,2040,4907,52.350
91.478803,3905,2042,4912,52.350
91.483210,3904,2042,4919,52.350
91.488649,3905,2041,4923,52.350
91.493185,3907,2039,4925,52.350
91.498782,3909,2036,4925,52.350
91.503422,3912,2035,4924,52.350
91.509240,3916,2035,4925,52.350
91.513623,3917,2035,4924,52.350
91.518005,3919,2036,4922,52.350
91.523766,3920,2037,4921,52.350
91.528181,3919,2037,4921,52.350
91.533834,3919,2038,4919,52.350
91.538286,3918,2038,4920,52.350
91.543865,3915,2038,4924,52.350
91.548090,3914,2039,4925,52.350
91.552544,3913,2040,4926,52.350
91.558583,3913,2040,4927,52.350
91.563010,3912,2039,4928,52.350
91.568714,3912,2039,4930,52.350
91.573104,3910,2039,4933,52.350
91.578771,3906,2041,4933,52.350
91.583298,3905,2043,4935,52.350
91.588970,3904,2046,4935,52.350
91.593373,3904,2049,4932,52.350
91.597495,3903,2051,4933,52.350
91.603204,3901,2050,4932,52.350
91.607625,3900,2049,4934,52.350
91.613608,3900,2047,4938,52.350
91.618053,3898,2045,4943,52.350
91.623763,3899,2046,4947,52.350
91.628243,3900,2047,4947,52.350
91.632669,3900,2048,4945,52.350
91.638326,3900,2048,4943,52.350
91.642768,3902,2048,4941,52.350
91.648448,3905,2048,4941,52.350
91.652618,3908,2048,4939,52.350
91.658307,3913,2047,4937,52.350
91.662995,3917,2046,4934,52.350
91.668729,3920,2044,4933,52.350
91.673172,3923,2040,4935,52.350
91.677623,3926,2036,4935,52.350
91.683335,3927,2034,4937,52.350
91.687745,3927,2032,4940,52.350
91.693488,3926,2031,4939,52.350
91.697909,3925,2031,4940,52.350
91.703396,3924,2032,4940,52.350
91.707813,3923,2033,4938,52.350
91.712105,3923,2035,4938,52.350
91.718143,3924,2035,4939,52.350
91.722561,3925,2035,4938,52.350
91.728240,3926,2036,4937,52.350
91.732705,3926,2036,4938,52.350
91.738347,3927,2035,4938,52.350
91.742808,3926,2036,4938,52.350
91.748534,3925,2036,4938,52.350
91.752923,3924,2037,4938,52.350
91.757168,3922,2038,4939,52.350
91.762764,3920,2038,4941,52.350
91.767248,3918,2040,4943,52.350
91.773209,3916,2041,4944,52.350
91.777325,3916,2042,4945,52.350
91.783374,3915,2041,4944,52.350
91.787829,3915,2040,4943,52.350
91.792054,3916,2038,4943,52.350
91.797944,3915,2036,4941,52.350
91.802336,3913,2035,4940,52.350
91.807817,3912,2034,4938,52.350
91.812365,3910,2034,4937,52.350
91.817912,3911,2033,4936,52.350
91.822333,3912,2033,4936,52.350
91.828323,3913,2031,4937,52.350
91.832733,3913,2032,4938,52.350
91.837183,3913,2034,4936,52.350
91.842951,3912,2035,4935,52.350
91.847333,3912,2038,4934,52.350
91.852986,3912,2042,4931,52.350
91.857503,3912,2044,4926,52.350
91.863130,3913,2045,4922,52.350
91.867327,3913,2044,4919,52.350
91.871654,3912,2043,4919,52.350
91.877690,3909,2041,4923,52.350
91.882148,3907,2039,4926,52.350
91.887869,3905,2041,4931,52.350
91.892338,3904,2043,4933,52.350
91.897996,3906,2046,4934,52.350
91.902427,3909,2049,4936,52.350
91.908149,3912,2052,4935,52.350
91.912571,3914,2054,4934,52.350
91.916962,3916,2055,4930,52.350
91.922363,3918,2055,4926,52.350
91.926789,3918,2055,4920,52.350
91.932522,3919,2055,4917,52.350
91.937191,3920,2054,4916,52.350
91.942908,3919,2052,4915,52.350
91.947117,3918,2050,4913,52.350
91.951773,3917,2047,4910,52.350
91.957506,3916,2044,4911,52.350
91.961927,3915,2042,4913,52.350
91.967566,3914,2040,4918,52.350
91.972069,3914,2040,4921,52.350
91.977884,3914,2040,4921,52.350
91.982218,3912,2039,4921,52.350
91.987899,3911,2038,4919,52.350
91.992309,3910,2039,4917,52.350
91.996743,3908,2038,4918,52.350
92.002497,3907,2037,4920,52.350
92.006604,3906,2036,4925,52.350
92.012382,3904,2036,4930,52.350
92.017008,3904,2038,4934,52.350
92.022673,3903,2040,4938,52.350
92.026891,3902,2041,4941,52.350
92.031523,3900,2043,4940,52.350
92.037278,3900,2043,4938,52.350
92.041769,3899,2042,4934,52.350
92.047134,3900,2043,4930,52.350
92.051497,3901,2041,4927,52.350
92.057227,3903,2039,4927,52.350
92.061977,3904,2036,4927,52.350
92.067646,3904,2033,4930,52.350
92.072094,3905,2032,4931,52.350
92.076520,3905,2031,4932,52.350
92.082302,3906,2033,4933,52.350
92.086656,3909,2034,4931,52.350
92.092385,3911,2035,4930,52.350
92.096774,3912,2037,4928,52.350
92.102531,3914,2038,4925,52.350
92.106906,3915,2039,4923,52.350
92.111321,3915,2041,4921,52.350
92.117054,3919,2043,4921,52.350
92.121444,3921,2044,4922,52.350
92.127216,3924,2043,4925,52.350
92.131630,3926,2043,4926,52.350
92.137326,3927,2041,4926,52.350
92.141753,3927,2041,4923,52.350
92.147475,3928,2040,4923,52.350
92.151881,3929,2040,4920,52.350
92.156303,3928,2039,4918,52.350
92.162018,3925,2038,4915,52.350
92.166445,3923,2036,4913,52.350
92.171850,3922,2034,4910,52.350
92.176303,3922,2033,4911,52.350
92.181979,3922,2034,4913,52.350
92.186680,3922,2034,4916,52.350
92.191126,3920,2035,4920,52.350
92.196868,3918,2036,4922,52.350
92.201301,3917,2036,4922,52.350
92.207006,3916,2035,4921,52.350
92.211386,3917,2037,4919,52.350
92.217121,3917,2038,4918,52.350
92.221512,3918,2039,4918,52.350
92.227239,3920,2041,4918,52.350
92.231672,3920,2042,4917,52.350
92.236098,3922,2043,4918,52.350
92.241827,3924,2044,4918,52.350
92.246229,3925,2044,4916,52.350
92.251629,3926,2044,4915,52.350
92.256339,3925,2044,4916,52.350
92.262100,3922,2044,4915,52.350
92.266498,3920,2046,4915,52.350
92.270922,3919,2047,4913,52.350
92.276622,3918,2048,4909,52.350
92.281048,3917,2050,4907,52.350
92.286743,3916,2049,4906,52.350
92.291168,3914,2048,4907,52.350
92.296625,3911,2048,4908,52.350
92.300999,3909,2049,4909,52.350
92.306729,3909,2051,4910,52.350
92.311449,3909,2050,4912,52.350
92.315845,3910,2049,4913,52.350
92.321596,3910,2048,4916,52.350
92.326003,3911,2046,4916,52.350
92.331667,3911,2043,4917,52.350
92.336110,3912,2042,4921,52.350
92.341802,3914,2040,4924,52.350
92.346267,3915,2039,4927,52.350
92.350691,3915,2038,4929,52.350
92.356430,3916,2037,4932,52.350
92.360862,3916,2037,4935,52.350
92.366475,3915,2039,4935,52.350
92.370750,3914,2041,4937,52.350
92.376709,3914,2043,4938,52.350
92.381104,3914,2044,4939,52.350
92.386800,3915,2045,4942,52.350
92.391234,3916,2045,4943,52.350
92.395639,3919,2044,4945,52.350
92.401376,3922,2044,4944,52.350
92.405786,3922,2043,4939,52.350
92.411467,3921,2042,4935,52.350
92.416108,3920,2042,4932,52.350
92.421699,3918,2042,4929,52.350
92.425797,3918,2043,4926,52.350
92.430079,3918,2044,4925,52.350
92.435836,3919,2044,4923,52.350
92.440209,3920,2046,4920,52.350
92.445962,3920,2047,4917,52.350
92.450425,3919,2048,4915,52.350
92.456096,3918,2049,4913,52.350
92.460828,3918,2049,4910,52.350
92.466580,3918,2049,4908,52.350
92.471018,3918,2047,4907,52.350
92.475512,3919,2046,4908,52.350
92.481168,3919,2044,4912,52.350
92.485596,3917,2044,4917,52.350
92.491244,3916,2044,4919,52.350
92.495714,3915,2044,4922,52.350
92.501396,3914,2046,4922,52.350
92.505580,3913,2048,4920,52.350
92.510289,3914,2049,4918,52.350
92.515851,3915,2049,4916,52.350
92.520364,3915,2048,4914,52.350
92.525788,3916,2047,4915,52.350
92.530497,3917,2046,4914,52.350
92.536213,3917,2046,4918,52.350
92.540628,3917,2045,4919,52.350
92.546342,3916,2043,4920,52.350
92.550775,3915,2041,4921,52.350
92.555241,3912,2042,4923,52.350
92.560936,3911,2044,4925,52.350
92.565186,3910,2045,4926,52.350
92.571019,3908,2047,4926,52.350
92.575569,3909,2049,4924,52.350
92.581214,3911,2050,4921,52.350
92.585601,3911,2053,4917,52.350
92.590015,3912,2052,4913,52.350
92.595773,3913,2049,4912,52.350
92.600165,3913,2046,4911,52.350
92.605816,3913,2043,4912,52.350
92.610546,3917,2041,4916,52.350
92.615996,3920,2040,4917,52.350
92.620421,3923,2039,4917,52.350
92.626124,3924,2040,4916,52.350
92.630552,3923,2040,4915,52.350
92.634953,3924,2038,4915,52.350
92.640705,3924,2038,4915,52.350
92.645127,3925,2037,4916,52.350
92.650857,3926,2036,4917,52.350
92.655289,3926,2034,4915,52.350
92.660955,3926,2032,4916,52.350
92.665438,3926,2030,4918,52.350
92.669845,3926,2028,4920,52.350
92.675588,3925,2026,4922,52.350
92.679956,3923,2027,4926,52.350
92.685420,3922,2028,4927,52.350
92.690077,3920,2029,4929,52.350
92.695814,3918,2033,4930,52.350
92.700237,3915,2036,4929,52.350
92.705944,3914,2038,4926,52.350
92.710346,3913,2039,4922,52.350
92.714777,3912,2040,4919,52.350
92.720550,3913,2039,4919,52.350
92.724921,3914,2041,4919,52.350
92.730581,3914,2042,4918,52.350
92.735034,3914,2045,4917,52.350
92.740761,3913,2048,4916,52.350
92.745200,3913,2047,4916,52.350
92.749432,3913,2046,4918,52.350
92.755319,3912,2045,4921,52.350
92.759606,3910,2045,4924,52.350
92.765426,3910,2045,4926,52.350
92.769926,3911,2047,4929,52.350
92.775580,3914,2047,4929,52.350
92.779970,3918,2046,4929,52.350
92.785722,3921,2043,4929,52.350
92.790183,3922,2042,4928,52.350
92.794580,3923,2041,4925,52.350
92.800319,3922,2041,4918,52.350
92.804700,3922,2042,4913,52.350
92.810348,3923,2044,4912,52.350
92.814855,3923,2044,4913,52.350
92.820520,3922,2045,4914,52.350
92.825005,3921,2046,4916,52.350
92.829384,3920,2047,4918,52.350
92.835091,3920,2047,4918,52.350
92.839685,3920,2047,4918,52.350
92.845211,3921,2048,4919,52.350
92.849709,3923,2047,4922,52.350
92.855338,3923,2046,4925,52.350
92.859787,3924,2045,4927,52.350
92.865490,3924,2045,4929,52.350
92.869966,3924,2044,4929,52.350
92.874047,3924,2043,4928,52.350
92.879837,3925,2044,4927,52.350
92.884444,3928,2045,4929,52.350
92.890241,3932,2045,4930,52.350
92.894673,3935,2046,4932,52.350
92.900350,3937,2045,4935,52.350
92.904733,3937,2042,4937,52.350
92.909147,3936,2039,4940,52.350
92.914817,3936,2037,4941,52.350
92.919308,3938,2039,4938,52.350
92.924773,3938,2040,4938,52.350
92.929459,3938,2041,4938,52.350
92.935139,3937,2044,4935,52.350
92.939550,3934,2046,4933,52.350
92.945275,3933,2049,4933,52.350
92.949728,3932,2051,4932,52.350
92.954180,3931,2052,4932,52.350
92.959857,3929,2053,4932,52.350
92.964302,3927,2053,4932,52.350
92.969996,3925,2052,4930,52.350
92.974466,3922,2052,4928,52.350
92.980155,3920,2052,4924,52.350
92.984564,3918,2052,4923,52.350
92.988962,3917,2053,4923,52.350
92.994644,3915,2053,4923,52.350
92.999105,3916,2053,4921,52.350
93.004836,3916,2053,4919,52.350
93.008974,3916,2053,4917,52.350
93.014892,3916,2053,4914,52.350
93.019363,3915,2051,4914,52.350
93.025084,3916,2047,4916,52.350
93.029489,3918,2043,4918,52.350
93.033742,3920,2040,4921,52.350
93.039655,3922,2039,4922,52.350
93.043788,3924,2039,4924,52.350
93.049768,3924,2040,4926,52.350
93.054195,3925,2039,4925,52.350
93.059919,3926,2040,4925,52.350
93.064353,3926,2040,4926,52.350
93.068757,3928,2040,4928,52.350
93.074494,3928,2041,4928,52.350
93.078896,3930,2042,4926,52.350
93.084563,3933,2043,4925,52.350
93.089066,3935,2043,4923,52.350
93.094718,3937,2045,4922,52.350
93.099170,3937,2045,4923,52.350
93.104886,3938,2045,4926,52.350
93.109329,3938,2044,4928,52.350
93.113723,3937,2043,4929,52.350
93.119450,3936,2041,4932,52.350
93.123867,3935,2039,4934,52.350
93.129526,3932,2037,4935,52.350
93.133989,3931,2034,4938,52.350
93.139668,3929,2031,4940,52.350
93.144144,3928,2029,4941,52.350
93.148547,3926,2028,4943,52.350
93.154275,3923,2028,4941,52.350
93.158696,3920,2029,4937,52.350
93.164328,3916,2030,4929,52.350
93.168892,3914,2031,4921,52.350
93.174558,3913,2032,4915,52.350
93.178942,3912,2032,4910,52.350
93.184661,3912,2034,4909,52.350
93.189112,3912,2035,4911,52.350
93.193511,3913,2036,4915,52.350
93.199288,3915,2037,4920,52.350
93.203645,3918,2037,4927,52.350
93.209388,3922,2037,4932,52.350
93.213762,3923,2035,4933,52.350
93.219495,3924,2035,4933,52.350
93.223912,3923,2035,4931,52.350
93.228332,3923,2035,4928,52.350
93.234041,3924,2035,4924,52.350
93.238448,3925,2036,4921,52.350
93.244135,3924,2037,4919,52.350
93.248659,3923,2037,4916,52.350
93.254277,3920,2038,4915,52.350
93.258793,3917,2038,4914,52.350
93.264424,3915,2038,4913,52.350
93.268890,3913,2037,4919,52.350
93.273345,3912,2036,4924,52.350
93.278998,3912,2035,4928,52.350
93.283386,3912,2035,4932,52.350
93.289138,3914,2035,4933,52.350
93.293602,3914,2036,4932,52.350
93.299310,3914,2036,4932,52.350
93.303716,3915,2037,4933,52.350
93.308108,3914,2038,4932,52.350
93.313838,3913,2040,4931,52.350
93.318313,3912,2041,4927,52.350
93.323961,3911,2042,4923,52.350
93.328434,3909,2041,4920,52.350
93.334146,3910,2037,4920,52.350
93.338527,3910,2034,4921,52.350
93.344238,3911,2030,4923,52.350
93.348681,3913,2029,4922,52.350
93.353106,3913,2029,4922,52.350
93.358803,3915,2030,4921,52.350
93.363268,3916,2030,4921,52.350
93.368953,3915,2031,4922,52.350
93.373345,3915,2031,4921,52.350
93.378994,3916,2031,4921,52.350
93.383545,3917,2030,4922,52.350
93.387910,3919,2030,4924,52.350
93.393687,3922,2031,4925,52.350
93.398096,3923,2033,4925,52.350
93.403705,3923,2036,4929,52.350
93.408217,3922,2037,4930,52.350
93.413880,3919,2038,4931,52.350
93.418272,3916,2040,4934,52.350
93.424034,3915,2040,4936,52.350
93.428619,3913,2040,4940,52.350
93.432870,3913,2042,4941,52.350
93.438600,3913,2042,4940,52.350
93.443055,3913,2042,4936,52.350
93.448700,3911,2044,4932,52.350
93.453134,3911,2044,4930,52.350
93.458830,3911,2046,4930,52.350
93.463320,3912,2047,4929,52.350
93.467719,3913,2047,4929,52.350
93.473442,3914,2048,4928,52.350
93.477757,3913,2047,4928,52.350
93.483578,3910,2048,4930,52.350
93.487990,3908,2051,4933,52.350
93.493651,3905,2055,4935,52.350
93.498133,3903,2058,4939,52.350
93.503820,3901,2058,4941,52.350
93.508314,3899,2057,4944,52.350
93.512679,3898,2055,4949,52.350
93.518396,3898,2053,4952,52.350
93.522821,3897,2052,4952,52.350
93.528495,3897,2052,4949,52.350
93.532928,3899,2052,4942,52.350
93.538620,3901,2052,4936,52.350
93.543092,3903,2053,4932,52.350
93.547539,3906,2055,4928,52.350
93.553287,3906,2056,4928,52.350
93.557657,3905,2058,4929,52.350
93.563342,3905,2058,4930,52.350
93.567816,3905,2058,4932,52.350
93.573469,3905,2057,4933,52.350
93.577969,3905,2054,4932,52.350
93.583600,3905,2053,4930,52.350
93.588049,3904,2053,4927,52.350
93.592484,3903,2053,4925,52.350
93.598199,3904,2053,4925,52.350
93.602630,3905,2054,4927,52.350
93.608267,3906,2054,4931,52.350
93.612758,3908,2053,4934,52.350
93.618446,3908,2051,4936,52.350
93.622862,3909,2050,4938,52.350
93.627296,3910,2049,4938,52.350
93.633011,3911,2049,4938,52.350
93.637439,3913,2049,4937,52.350
93.643089,3913,2048,4939,52.350
93.647596,3911,2048,4937,52.350
93.653226,3910,2048,4936,52.350
93.657738,3907,2047,4936,52.350
93.663420,3904,2045,4934,52.350
93.667887,3903,2042,4932,52.350
93.672302,3902,2042,4933,52.350
93.678013,3902,2041,4929,52.350
93.682388,3902,2041,4929,52.350
93.688131,3902,2042,4927,52.350
93.692542,3903,2042,4925,52.350
93.698244,3904,2043,4923,52.350
93.702674,3905,2042,4920,52.350
93.707105,3906,2042,4917,52.350
93.712819,3906,2041,4913,52.350
93.717232,3906,2040,4913,52.350
93.722904,3907,2039,4917,52.350
93.727349,3907,2039,4919,52.350
93.733033,3907,2038,4920,52.350
93.737471,3907,2039,4921,52.350
93.743213,3907,2041,4921,52.350
93.747654,3906,2042,4920,52.350
93.751753,3906,2043,4921,52.350
93.757762,3904,2042,4921,52.350
93.762209,3904,2041,4920,52.350
93.767884,3905,2039,4917,52.350
93.772365,3906,2038,4917,52.350
93.777823,3908,2038,4915,52.350
93.782453,3908,2040,4914,52.350
93.786885,3907,2040,4915,52.350
93.792579,3906,2041,4917,52.350
93.797023,3903,2041,4918,52.350
93.802696,3902,2039,4921,52.350
93.807180,3901,2036,4922,52.350
93.812855,3901,2034,4921,52.350
93.817269,3903,2033,4920,52.350
93.823004,3904,2032,4918,52.350
93.827420,3904,2033,4918,52.350
93.831871,3904,2035,4918,52.350
93.837617,3904,2037,4918,52.350
93.841966,3906,2038,4919,52.350
93.847674,3908,2042,4913,52.350
93.852323,3910,2044,4907,52.350
93.857802,3912,2046,4903,52.350
93.862266,3912,2048,4900,52.350
93.866705,3912,2049,4903,52.350
93.872397,3912,2050,4904,52.350
93.876908,3913,2051,4905,52.350
93.882514,3913,2050,4907,52.350
93.887001,3914,2050,4908,52.350
93.892651,3916,2050,4912,52.350
93.897067,3918,2051,4915,52.350
93.902807,3920,2053,4917,52.350
93.907271,3922,2054,4920,52.350
93.911660,3923,2055,4922,52.350
93.917400,3924,2054,4926,52.350
93.921773,3924,2057,4929,52.350
93.927447,3923,2058,4932,52.350
93.931924,3920,2058,4935,52.350
93.937599,3917,2059,4937,52.350
93.942073,3915,2057,4939,52.350
93.946481,3913,2058,4937,52.350
93.952186,3914,2057,4935,52.350
93.956649,3916,2054,4933,52.350
93.962295,3915,2051,4932,52.350
93.966796,3915,2047,4930,52.350
93.972455,3913,2045,4929,52.350
93.976897,3912,2043,4928,52.350
93.982585,3914,2042,4926,52.350
93.987051,3915,2040,4925,52.350
93.991480,3916,2039,4927,52.350
93.997150,3917,2038,4930,52.350
94.001561,3917,2037,4928,52.350
94.006989,3917,2035,4928,52.350
94.011447,3917,2034,4926,52.350
94.017427,3917,2033,4924,52.350
94.021847,3917,2032,4923,52.350
94.026123,3918,2032,4924,52.350
94.031971,3918,2032,4924,52.350
94.036368,3918,2033,4922,52.350
94.042134,3920,2033,4922,52.350
94.046565,3921,2035,4922,52.350
94.051968,3922,2037,4920,52.350
94.056664,3923,2039,4921,52.350
94.062394,3922,2041,4922,52.350
94.066821,3922,2041,4924,52.350
94.071257,3921,2040,4924,52.350
94.076963,3921,2039,4926,52.350
94.081478,3920,2039,4930,52.350
94.087104,3919,2039,4930,52.350
94.091517,3917,2039,4931,52.350
94.097209,3915,2039,4932,52.350
94.101630,3913,2038,4932,52.350
94.106024,3912,2036,4934,52.350
94.111759,3913,2035,4934,52.350
94.116178,3913,2035,4935,52.350
94.121857,3914,2035,4934,52.350
94.126332,3915,2035,4932,52.350
94.131879,3916,2035,4929,52.350
94.136488,3917,2034,4929,52.350
94.142216,3919,2033,4930,52.350
94.146600,3920,2034,4930,52.350
94.151063,3919,2036,4931,52.350
94.156756,3919,2039,4931,52.350
94.161157,3919,2042,4931,52.350
94.166840,3920,2045,4931,52.350
94.171333,3921,2045,4933,52.350
94.176775,3922,2045,4935,52.350
94.181407,3922,2046,4933,52.350
94.185830,3922,2048,4930,52.350
94.191605,3923,2050,4924,52.350
94.195975,3923,2052,4921,52.350
94.201665,3922,2053,4920,52.350
94.206132,3919,2053,4920,52.350
94.211801,3917,2054,4922,52.350
94.216269,3915,2055,4926,52.350
94.221971,3914,2055,4926,52.350
94.226382,3914,2052,4926,52.350
94.230845,3913,2051,4928,52.350
94.236526,3911,2050,4929,52.350
94.240953,3907,2050,4932,52.350
94.246621,3903,2050,4935,52.350
94.250860,3902,2051,4934,52.350
94.256818,3903,2051,4931,52.350
94.261304,3905,2050,4926,52.350
94.265644,3907,2048,4921,52.350
94.271399,3907,2047,4919,52.350
94.275830,3908,2048,4918,52.350
94.281488,3909,2048,4918,52.350
94.285949,3909,2047,4922,52.350
94.291633,3913,2047,4925,52.350
94.296086,3913,2048,4926,52.350
94.301849,3913,2049,4925,52.350
94.306172,3913,2049,4923,52.350
94.310615,3912,2051,4921,52.350
94.316201,3913,2052,4921,52.350
94.320770,3916,2051,4923,52.350
94.326522,3916,2051,4926,52.350
94.330876,3917,2052,4926,52.350
94.336582,3918,2052,4929,52.350
94.340991,3918,2053,4932,52.350
94.345467,3919,2051,4934,52.350
94.351153,3920,2051,4935,52.350
94.355594,3921,2049,4939,52.350
94.361195,3920,2049,4940,52.350
94.365733,3919,2048,4944,52.350
94.371457,3918,2048,4947,52.350
94.375832,3916,2047,4949,52.350
94.381566,3914,2046,4949,52.350
94.385994,3914,2046,4948,52.350
94.390387,3913,2047,4943,52.350
94.396183,3913,2048,4939,52.350
94.400557,3914,2052,4936,52.350
94.406215,3914,2055,4935,52.350
94.410673,3914,2056,4937,52.350
94.416378,3914,2055,4937,52.350
94.420814,3913,2052,4938,52.350
94.425224,3913,2050,4938,52.350
94.430938,3913,2049,4933,52.350
94.435376,3913,2051,4930,52.350
94.441056,3913,2053,4927,52.350
94.445557,3912,2057,4922,52.350
94.451224,3912,2059,4921,52.350
94.455625,3911,2060,4921,52.350
94.461318,3910,2060,4919,52.350
94.465798,3911,2058,4918,52.350
94.470182,3913,2056,4919,52.350
94.475961,3916,2053,4919,52.350
94.480346,3917,2050,4921,52.350
94.486058,3917,2048,4923,52.350
94.490463,3916,2045,4923,52.350
94.496183,3915,2045,4924,52.350
94.500616,3914,2047,4924,52.350
94.504935,3915,2049,4923,52.350
94.510720,3916,2051,4922,52.350
94.515151,3916,2053,4921,52.350
94.520815,3916,2055,4918,52.350
94.525379,3917,2054,4918,52.350
94.530960,3917,2054,4919,52.350
94.535414,3918,2055,4921,52.350
94.541113,3920,2054,4923,52.350
94.545593,3921,2054,4924,52.350
94.549960,3921,2053,4924,52.350
94.555735,3922,2052,4924,52.350
94.560149,3923,2050,4925,52.350
94.565808,3923,2048,4928,52.350
94.570310,3924,2046,4932,52.350
94.575931,3923,2045,4936,52.350
94.580426,3922,2045,4940,52.350
94.584803,3923,2044,4943,52.350
94.590572,3923,2045,4944,52.350
94.594919,3924,2045,4946,52.350
94.600581,3925,2045,4948,52.350
94.604825,3925,2045,4949,52.350
94.610775,3924,2045,4948,52.350
94.615187,3922,2044,4946,52.350
94.620953,3920,2043,4939,52.350
94.625341,3919,2041,4935,52.350
94.629777,3918,2041,4934,52.350
94.635466,3917,2041,4934,52.350
94.639919,3917,2042,4934,52.350
94.645597,3916,2043,4933,52.350
94.650200,3913,2042,4933,52.350
94.655750,3909,2041,4931,52.350
94.660198,3906,2039,4930,52.350
94.664624,3904,2038,4929,52.350
94.670346,3904,2037,4926,52.350
94.674731,3905,2037,4925,52.350
94.680391,3905,2037,4925,52.350
94.684864,3904,2037,4926,52.350
94.690637,3902,2037,4929,52.350
94.694992,3901,2037,4931,52.350
94.700706,3899,2036,4932,52.350
94.705119,3899,2035,4934,52.350
94.709541,3900,2033,4935,52.350
94.715149,3902,2031,4935,52.350
94.719701,3903,2030,4936,52.350
94.725394,3903,2032,4938,52.350
94.729683,3904,2034,4942,52.350
94.735520,3906,2034,4946,52.350
94.739978,3908,2034,4950,52.350
94.744413,3910,2033,4952,52.350
94.750152,3911,2032,4950,52.350
94.754502,3910,2034,4947,52.350
94.760059,3907,2035,4941,52.350
94.764698,3904,2038,4936,52.350
94.770315,3900,2042,4931,52.350
94.774788,3895,2045,4926,52.350
94.780496,3893,2047,4923,52.350
94.784948,3891,2048,4921,52.350
94.789361,3892,2049,4920,52.350
94.795076,3895,2049,4918,52.350
94.799492,3896,2050,4919,52.350
94.805147,3896,2051,4920,52.350
94.809619,3894,2052,4920,52.350
94.815293,3893,2052,4917,52.350
94.819727,3892,2052,4913,52.350
94.824162,3893,2052,4908,52.350
94.829890,3894,2052,4906,52.350
94.834345,3897,2051,4905,52.350
94.839961,3899,2051,4907,52.350
94.844463,3902,2050,4908,52.350
94.850121,3902,2051,4907,52.350
94.854600,3900,2051,4906,52.350
94.860320,3900,2052,4903,52.350
94.864756,3900,2053,4898,52.350
94.869125,3899,2052,4897,52.350
94.874857,3900,2051,4896,52.350
94.879071,3900,2051,4896,52.350
94.884695,3900,2051,4896,52.350
94.889375,3901,2051,4897,52.350
94.895108,3904,2049,4896,52.350
94.899527,3904,2047,4897,52.350
94.903957,3903,2047,4900,52.350
94.909680,3902,2046,4903,52.350
94.914108,3900,2047,4908,52.350
94.919756,3900,2046,4912,52.350
94.924237,3901,2045,4916,52.350
94.929890,3901,2044,4918,52.350
94.934328,3902,2043,4923,52.350
94.940040,3905,2042,4926,52.350
94.944491,3907,2041,4926,52.350
94.948942,3910,2041,4928,52.350
94.954688,3910,2042,4930,52.350
94.959084,3910,2043,4932,52.350
94.964525,3910,2043,4935,52.350
94.968928,3909,2044,4935,52.350
94.974939,3908,2044,4936,52.350
94.979286,3908,2045,4935,52.350
94.983744,3907,2046,4934,52.350
94.989200,3908,2047,4932,52.350
94.993595,3909,2046,4929,52.350
94.999296,3911,2045,4927,52.350
95.003719,3912,2045,4926,52.350
95.009438,3911,2044,4927,52.350
95.014132,3910,2044,4930,52.350
95.019828,3910,2047,4932,52.350
95.024270,3908,2048,4936,52.350
95.028413,3908,2048,4937,52.350
95.034185,3906,2048,4938,52.350
95.038836,3905,2047,4938,52.350
95.044329,3906,2043,4940,52.350
95.048960,3907,2040,4941,52.350
95.054642,3908,2040,4942,52.350
95.059012,3909,2042,4944,52.350
95.063489,3907,2044,4947,52.350
95.069283,3905,2046,4948,52.350
95.073671,3903,2046,4948,52.350
95.079315,3900,2046,4948,52.350
95.083818,3900,2046,4947,52.350
95.089467,3900,2045,4947,52.350
95.093915,3900,2046,4947,52.350
95.099610,3900,2045,4947,52.350
95.104073,3899,2046,4947,52.350
95.108488,3897,2046,4944,52.350
95.114273,3896,2046,4944,52.350
95.118577,3896,2046,4944,52.350
95.124292,3897,2046,4939,52.350
95.128737,3899,2046,4935,52.350
95.134406,3902,2045,4931,52.350
95.138867,3904,2044,4928,52.350
95.143352,3904,2043,4927,52.350
95.149056,3905,2043,4927,52.350
95.153451,3906,2043,4928,52.350
95.159167,3906,2044,4927,52.350
95.163603,3908,2045,4928,52.350
95.169299,3909,2045,4929,52.350
95.173700,3909,2047,4932,52.350
95.179443,3911,2047,4935,52.350
95.183857,3914,2046,4938,52.350
95.188306,3915,2047,4938,52.350
95.193983,3918,2046,4937,52.350
95.198403,3919,2045,4935,52.350
95.204098,3919,2044,4935,52.350
95.208575,3920,2045,4937,52.350
95.214215,3919,2047,4938,52.350
95.218681,3920,2049,4940,52.350
95.223101,3922,2051,4942,52.350
95.228810,3924,2052,4939,52.350
95.233234,3923,2052,4936,52.350
95.238881,3924,2051,4934,52.350
95.243359,3924,2051,4930,52.350
95.249031,3923,2050,4930,52.350
95.253480,3922,2048,4930,52.350
95.259250,3921,2046,4928,52.350
95.263625,3919,2044,4930,52.350
95.268040,3917,2042,4931,52.350
95.273810,3915,2042,4933,52.350
95.278182,3914,2043,4935,52.350
95.283890,3913,2044,4936,52.350
95.288322,3913,2045,4937,52.350
95.294136,3913,2047,4937,52.350
95.298450,3914,2049,4936,52.350
95.302891,3914,2049,4934,52.350
95.308601,3914,2050,4930,52.350
95.313003,3913,2050,4926,52.350
95.318674,3913,2051,4925,52.350
95.323158,3914,2050,4925,52.350
95.328834,3914,2048,4928,52.350
95.333272,3914,2046,4929,52.350
95.338963,3914,2045,4930,52.350
95.343433,3913,2044,4931,52.350
95.347832,3915,2044,4928,52.350
95.353547,3916,2046,4926,52.350
95.357973,3917,2046,4926,52.350
95.363704,3918,2047,4925,52.350
95.368088,3919,2048,4925,52.350
95.373600,3917,2048,4926,52.350
95.377983,3916,2049,4925,52.350
95.382641,3913,2047,4922,52.350
95.388347,3910,2046,4921,52.350
95.392716,3911,2045,4919,52.350
95.398512,3909,2044,4917,52.350
95.402928,3910,2044,4916,52.350
95.408625,3911,2043,4913,52.350
95.413091,3913,2042,4912,52.350
95.418752,3915,2040,4911,52.350
95.423197,3916,2039,4911,52.350
95.427657,3917,2039,4913,52.350
95.433327,3920,2041,4912,52.350
95.437783,3923,2043,4912,52.350
95.443403,3925,2047,4909,52.350
95.447907,3927,2048,4907,52.350
95.453630,3928,2049,4905,52.350
95.458054,3928,2050,4900,52.350
95.462464,3928,2050,4899,52.350
95.468140,3928,2051,4900,52.350
95.472604,3928,2053,4899,52.350
95.478238,3926,2053,4897,52.350
95.482703,3925,2053,4896,52.350
95.488395,3924,2053,4893,52.350
95.492894,3922,2052,4894,52.350
95.498555,3920,2054,4895,52.350
95.502986,3918,2055,4895,52.350
95.507380,3915,2056,4899,52.350
95.513095,3913,2056,4900,52.350
95.517531,3912,2056,4903,52.350
95.523210,3911,2055,4904,52.350
95.527639,3913,2055,4908,52.350
95.533345,3915,2054,4913,52.350
95.537809,3918,2052,4916,52.350
95.542211,3920,2050,4922,52.350
95.547940,3921,2048,4928,52.350
95.552395,3917,2046,4933,52.350
95.558048,3914,2044,4936,52.350
95.562521,3912,2042,4939,52.350
95.568166,3911,2040,4940,52.350
95.572609,3913,2040,4940,52.350
95.578332,3915,2039,4938,52.350
95.582518,3915,2040,4936,52.350
95.587111,3917,2040,4936,52.350
95.592885,3917,2038,4935,52.350
95.597294,3918,2036,4936,52.350
95.602962,3918,2035,4939,52.350
95.607396,3917,2035,4942,52.350
95.613138,3915,2037,4943,52.350
95.617556,3912,2040,4941,52.350
95.622001,3910,2044,4938,52.350
95.627729,3906,2046,4935,52.350
95.632130,3905,2048,4930,52.350
95.637779,3902,2049,4929,52.350
95.642316,3901,2048,4928,52.350
95.647959,3900,2047,4925,52.350
95.652394,3899,2046,4922,52.350
95.658111,3899,2045,4919,52.350
95.662585,3901,2043,4913,52.350
95.666972,3904,2041,4911,52.350
95.672718,3906,2039,4907,52.350
95.677129,3907,2038,4905,52.350
95.682740,3907,2040,4904,52.350
95.687275,3906,2041,4905,52.350
95.692908,3905,2042,4905,52.350
95.697335,3905,2044,4907,52.350
95.701773,3905,2042,4911,52.350
95.707497,3906,2040,4916,52.350
95.711932,3907,2039,4918,52.350
95.717575,3908,2036,4920,52.350
95.722025,3911,2035,4922,52.350
95.727724,3914,2035,4922,52.350
95.732133,3918,2035,4923,52.350
95.737884,3921,2035,4924,52.350
95.742325,3922,2036,4926,52.350
95.746738,3924,2036,4925,52.350
95.752214,3923,2036,4924,52.350
95.756883,3923,2038,4925,52.350
95.762523,3923,2039,4926,52.350
95.766970,3921,2041,4929,52.350
95.772717,3919,2044,4935,52.350
95.776927,3918,2046,4939,52.350
95.781502,3919,2047,4942,52.350
95.787274,3921,2044,4945,52.350
95.791671,3923,2042,4944,52.350
95.797403,3926,2037,4942,52.350
95.801822,3927,2033,4942,52.350
95.807500,3927,2031,4940,52.350
95.811941,3927,2031,4935,52.350
95.817649,3926,2031,4935,52.350
95.822091,3923,2032,4933,52.350
95.826524,3921,2034,4934,52.350
95.832265,3919,2037,4936,52.350
95.836671,3918,2039,4939,52.350
95.842347,3917,2043,4944,52.350
95.846802,3917,2046,4948,52.350
95.852472,3919,2049,4951,52.350
95.856887,3920,2051,4955,52.350
95.861321,3921,2053,4956,52.350
95.867085,3921,2055,4951,52.350
95.871506,3920,2055,4947,52.350
95.877394,3919,2055,4941,52.350
95.881618,3916,2055,4936,52.350
95.887314,3914,2053,4936,52.350
95.891706,3913,2054,4937,52.350
95.897442,3912,2054,4941,52.350
95.901866,3913,2054,4943,52.350
95.906314,3915,2054,4944,52.350
95.912014,3915,2052,4943,52.350
95.916435,3915,2050,4938,52.350
95.922091,3915,2049,4932,52.350
95.926572,3914,2048,4924,52.350
95.932241,3915,2048,4916,52.350
95.936680,3914,2049,4910,52.350
95.941140,3911,2048,4906,52.350
95.946916,3908,2046,4904,52.350
95.951339,3905,2046,4904,52.350
95.956952,3902,2045,4904,52.350
95.961423,3900,2045,4905,52.350
95.967192,3901,2046,4906,52.350
95.971524,3903,2047,4906,52.350
95.977322,3907,2047,4909,52.350
95.981660,3910,2047,4914,52.350
95.986102,3911,2048,4916,52.350
95.991797,3913,2048,4918,52.350
95.996249,3914,2051,4920,52.350
96.001643,3915,2053,4921,52.350
96.006140,3917,2055,4925,52.350
96.011758,3919,2054,4927,52.350
96.016192,3919,2053,4927,52.350
96.020584,3918,2050,4926,52.350
96.026301,3918,2049,4924,52.350
96.030737,3918,2047,4925,52.350
96.036442,3917,2046,4926,52.350
96.040927,3917,2046,4928,52.350
96.046886,3916,2043,4932,52.350
96.051331,3915,2043,4932,52.350
96.057025,3915,2043,4934,52.350
96.061469,3915,2042,4935,52.350
96.065882,3915,2043,4935,52.350
96.071617,3914,2045,4936,52.350
96.076059,3913,2045,4937,52.350
96.081710,3911,2045,4937,52.350
96.086109,3911,2043,4934,52.350
96.091818,3913,2040,4931,52.350
96.096272,3913,2039,4929,52.350
96.100677,3915,2038,4928,52.350
96.106461,3917,2036,4927,52.350
96.110829,3917,2036,4930,52.350
96.116456,3917,2036,4932,52.350
96.120946,3917,2036,4930,52.350
96.126655,3916,2037,4929,52.350
96.131133,3913,2038,4928,52.350
96.136862,3912,2037,4926,52.350
96.141278,3912,2035,4927,52.350
96.145662,3912,2031,4927,52.350
96.151390,3913,2030,4928,52.350
96.155837,3915,2030,4928,52.350
96.161494,3916,2032,4929,52.350
96.165882,3918,2035,4930,52.350
96.171657,3920,2037,4929,52.350
96.176026,3920,2038,4929,52.350
96.180433,3923,2038,4929,52.350
96.186188,3924,2038,4927,52.350
96.190611,3925,2036,4926,52.350
96.196261,3926,2036,4925,52.350
96.200735,3926,2035,4922,52.350
96.206417,3926,2036,4919,52.350
96.210862,3926,2038,4915,52.350
96.216559,3927,2039,4909,52.350
96.221022,3927,2041,4905,52.350
96.225431,3927,2041,4906,52.350
96.231121,3926,2040,4905,52.350
96.235606,3925,2041,4906,52.350
96.241224,3923,2042,4909,52.350
96.245694,3921,2043,4908,52.350
96.251135,3921,2044,4906,52.350
96.255857,3922,2044,4906,52.350
96.260307,3925,2044,4906,52.350
96.266002,3927,2044,4909,52.350
96.270361,3929,2043,4912,52.350
96.276067,3931,2046,4916,52.350
96.280536,3932,2048,4919,52.350
96.286239,3932,2049,4920,52.350
96.290621,3933,2051,4920,52.350
96.296365,3931,2052,4919,52.350
96.300765,3930,2052,4918,52.350
96.305207,3928,2052,4918,52.350
96.310901,3927,2051,4918,52.350
96.315328,3924,2051,4918,52.350
96.320997,3924,2051,4919,52.350
96.325468,3924,2051,4921,52.350
96.331137,3922,2052,4920,52.350
96.335577,3922,2054,4920,52.350
96.340031,3919,2055,4919,52.350
96.345770,3916,2056,4917,52.350
96.350189,3915,2056,4916,52.350
96.355885,3913,2058,4916,52.350
96.360310,3912,2059,4917,52.350
96.365987,3912,2060,4920,52.350
96.370421,3911,2061,4923,52.350
96.376135,3913,2059,4926,52.350
96.380567,3914,2057,4929,52.350
96.384968,3915,2055,4930,52.350
96.390671,3915,2053,4929,52.350
96.395133,3915,2051,4932,52.350
96.400792,3915,2051,4933,52.350
96.405289,3915,2050,4936,52.350
96.410921,3915,2048,4938,52.350
96.415378,3917,2048,4939,52.350
96.419797,3919,2048,4939,52.350
96.425502,3919,2048,4937,52.350
96.429960,3919,2047,4936,52.350
96.435605,3918,2047,4936,52.350
96.440074,3915,2047,4935,52.350
96.445737,3913,2047,4936,52.350
96.450191,3912,2048,4938,52.350
96.455902,3911,2049,4939,52.350
96.460379,3909,2048,4942,52.350
96.464799,3908,2048,4944,52.350
96.470516,3909,2048,4946,52.350
96.474900,3910,2047,4944,52.350
96.480596,3911,2049,4942,52.350
96.485006,3914,2048,4942,52.350
96.490730,3916,2047,4941,52.350
96.495125,3916,2047,4940,52.350
96.499583,3916,2047,4941,52.350
96.505323,3915,2049,4935,52.350
96.509463,3914,2050,4930,52.350
96.515361,3913,2049,4928,52.350
96.519837,3911,2048,4926,52.350
96.525518,3911,2045,4926,52.350
96.529990,3910,2044,4928,52.350
96.535670,3908,2043,4930,52.350
96.540124,3907,2044,4932,52.350
96.544518,3907,2044,4934,52.350
96.550320,3908,2045,4938,52.350
96.554713,3909,2044,4939,52.350
96.560374,3910,2044,4940,52.350
96.564627,3910,2044,4937,52.350
96.570532,3910,2043,4938,52.350
96.574943,3911,2044,4938,52.350
96.579321,3910,2045,4942,52.350
96.585052,3911,2045,4947,52.350
96.589485,3912,2046,4949,52.350
96.595189,3912,2047,4947,52.350
96.599629,3911,2047,4945,52.350
96.605360,3910,2047,4941,52.350
96.609741,3908,2046,4938,52.350
96.615454,3906,2045,4933,52.350
96.619915,3906,2043,4930,52.350
96.624300,3905,2042,4928,52.350
96.630061,3906,2043,4925,52.350
96.634491,3909,2045,4924,52.350
96.640121,3911,2045,4923,52.350
96.644615,3911,2048,4920,52.350
96.650290,3910,2048,4918,52.350
96.654750,3907,2048,4919,52.350
96.659164,3905,2048,4922,52.350
96.664875,3905,2048,4926,52.350
96.669373,3905,2048,4930,52.350
96.674939,3907,2047,4931,52.350
96.679396,3907,2046,4932,52.350
96.685077,3908,2044,4931,52.350
96.689557,3908,2042,4930,52.350
96.695236,3908,2041,4931,52.350
96.699655,3910,2042,4929,52.350
96.704106,3911,2045,4927,52.350
96.709832,3911,2047,4924,52.350
96.714239,3910,2050,4917,52.350
96.719906,3909,2051,4914,52.350
96.724329,3907,2052,4912,52.350
96.729881,3906,2052,4914,52.350
96.734497,3906,2052,4917,52.350
96.738929,3906,2053,4918,52.350
96.744632,3907,2055,4919,52.350
96.749097,3906,2056,4920,52.350
96.754711,3906,2057,4918,52.350
96.759274,3906,2057,4915,52.350
96.764854,3906,2057,4913,52.350
96.769339,3907,2057,4910,52.350
96.775087,3907,2057,4908,52.350
96.779477,3908,2057,4909,52.350
96.783892,3908,2056,4911,52.350
96.789604,3908,2054,4913,52.350
96.794048,3908,2053,4917,52.350
96.799665,3906,2051,4922,52.350
96.804164,3905,2049,4928,52.350
96.809875,3906,2048,4933,52.350
96.814266,3909,2045,4938,52.350
96.818676,3911,2043,4942,52.350
96.824395,3915,2042,4943,52.350
96.828855,3918,2041,4945,52.350
96.834500,3920,2041,4948,52.350
96.838975,3922,2043,4952,52.350
96.844659,3923,2044,4954,52.350
96.849088,3923,2044,4954,52.350
96.854944,3923,2045,4955,52.350
96.859292,3924,2045,4952,52.350
96.863700,3924,2046,4952,52.350
96.869430,3923,2047,4951,52.350
96.873775,3921,2049,4948,52.350
96.879424,3920,2050,4949,52.350
96.883930,3921,2049,4946,52.350
96.889649,3921,2049,4944,52.350
96.894075,3923,2048,4942,52.350
96.898467,3924,2047,4941,52.350
96.904192,3925,2049,4939,52.350
96.908594,3926,2051,4936,52.350
96.914287,3925,2052,4932,52.350
96.918503,3927,2052,4929,52.350
96.924203,3927,2051,4928,52.350
96.928889,3927,2050,4928,52.350
96.934598,3927,2048,4927,52.350
96.939055,3926,2047,4927,52.350
96.943435,3925,2046,4926,52.350
96.949203,3923,2045,4924,52.350
96.953600,3920,2043,4923,52.350
96.959300,3918,2041,4920,52.350
96.963743,3916,2041,4916,52.350
96.969419,3914,2041,4912,52.350
96.973887,3912,2040,4909,52.350
96.977978,3912,2039,4909,52.350
96.983993,3911,2038,4911,52.350
96.988386,3912,2036,4912,52.350
96.994108,3915,2036,4912,52.350
96.998534,3917,2037,4913,52.350
97.004214,3920,2040,4915,52.350
97.008373,3922,2042,4920,52.350
97.014370,3924,2042,4925,52.350
97.018779,3926,2040,4930,52.350
97.023035,3927,2038,4931,52.350
97.028686,3929,2037,4929,52.350
97.033412,3931,2037,4929,52.350
97.038963,3931,2038,4927,52.350
97.043277,3931,2039,4927,52.350
97.049227,3930,2039,4928,52.350
97.053693,3931,2039,4929,52.350
97.058031,3931,2040,4928,52.350
97.063763,3933,2040,4926,52.350
97.068183,3933,2042,4921,52.350
97.073901,3934,2043,4917,52.350
97.078350,3935,2045,4914,52.350
97.083992,3936,2047,4911,52.350
97.088491,3936,2047,4911,52.350
97.094148,3938,2045,4910,52.350
97.098588,3938,2044,4912,52.350
97.103027,3937,2041,4917,52.350
97.108764,3935,2039,4923,52.350
97.113133,3932,2038,4926,52.350
97.118830,3929,2036,4929,52.350
97.123287,3926,2036,4927,52.350
97.128994,3924,2036,4926,52.350
97.133395,3920,2037,4927,52.350
97.137881,3918,2040,4928,52.350
97.143570,3917,2042,4929,52.350
97.148016,3917,2043,4930,52.350
97.153655,3919,2044,4931,52.350
97.158172,3919,2045,4932,52.350
97.163845,3920,2045,4932,52.350
97.168236,3919,2044,4932,52.350
97.173966,3919,2043,4933,52.350
97.178345,3919,2043,4934,52.350
97.182781,3920,2044,4933,52.350
97.188525,3921,2046,4933,52.350
97.192965,3920,2047,4934,52.350
97.198599,3919,2048,4931,52.350
97.203056,3919,2047,4930,52.350
97.208799,3920,2048,4928,52.350
97.213170,3922,2047,4923,52.350
97.217586,3921,2047,4920,52.350
97.223318,3922,2046,4923,52.350
97.227797,3923,2046,4925,52.350
97.233298,3921,2045,4927,52.350
97.237893,3921,2043,4928,52.350
97.243576,3918,2041,4927,52.350
97.248036,3916,2043,4926,52.350
97.253696,3913,2045,4926,52.350
97.258125,3912,2049,4927,52.350
97.262565,3910,2051,4928,52.350
97.268311,3909,2051,4931,52.350
97.272719,3910,2048,4933,52.350
97.278406,3911,2045,4935,52.350
97.282828,3911,2044,4936,52.350
97.288563,3912,2044,4935,52.350
97.292965,3911,2044,4932,52.350
97.297386,3910,2045,4927,52.350
97.303093,3910,2045,4924,52.350
97.307537,3910,2045,4921,52.350
97.313238,3910,2045,4923,52.350
97.317695,3908,2045,4924,52.350
97.323364,3907,2044,4926,52.350
97.327812,3905,2044,4926,52.350
97.333494,3903,2046,4925,52.350
97.337911,3901,2045,4925,52.350
97.342369,3899,2048,4927,52.350
97.348094,3898,2048,4929,52.350
97.352505,3899,2047,4931,52.350
97.358245,3901,2046,4931,52.350
97.362624,3904,2044,4931,52.350
97.368001,3905,2041,4930,52.350
97.372787,3905,2038,4931,52.350
97.376855,3905,2038,4931,52.350
97.382907,3904,2038,4932,52.350
97.387299,3904,2039,4935,52.350
97.392946,3906,2041,4934,52.350
97.397423,3908,2042,4934,52.350
97.403105,3909,2041,4932,52.350
97.407576,3911,2039,4932,52.350
97.413262,3913,2037,4931,52.350
97.417729,3913,2035,4931,52.350
97.421830,3914,2033,4936,52.350
97.427843,3914,2031,4938,52.350
97.432339,3914,2029,4939,52.350
97.437714,3914,2027,4942,52.350
97.442160,3915,2026,4939,52.350
97.447833,3915,2026,4936,52.350
97.452289,3916,2027,4935,52.350
97.456686,3918,2027,4934,52.350
97.462420,3919,2026,4933,52.350
97.466807,3921,2025,4934,52.350
97.472534,3922,2024,4932,52.350
97.477042,3920,2024,4931,52.350
97.482674,3920,2024,4931,52.350
97.487362,3918,2025,4931,52.350
97.492790,3918,2025,4930,52.350
97.497244,3918,2026,4928,52.350
97.501644,3916,2027,4926,52.350
97.507457,3916,2027,4924,52.350
97.511808,3915,2029,4923,52.350
97.517499,3916,2031,4921,52.350
97.521903,3916,2032,4920,52.350
97.527602,3917,2034,4919,52.350
97.532057,3917,2034,4915,52.350
97.536478,3916,2035,4913,52.350
97.542182,3915,2036,4912,52.350
97.546599,3915,2035,4912,52.350
97.552347,3917,2035,4911,52.350
97.556764,3917,2034,4914,52.350
97.562381,3917,2033,4919,52.350
97.566812,3916,2032,4923,52.350
97.572605,3914,2031,4927,52.350
97.577004,3914,2030,4929,52.350
97.581398,3914,2029,4930,52.350
97.587138,3916,2029,4928,52.350
97.591573,3917,2029,4927,52.350
97.597274,3917,2028,4926,52.350
97.601970,3918,2029,4927,52.350
97.607700,3918,2030,4929,52.350
97.612069,3917,2031,4931,52.350
97.616546,3916,2033,4932,52.350
97.622283,3915,2033,4933,52.350
97.626488,3915,2031,4934,52.350
97.632065,3915,2030,4933,52.350
97.636511,3915,2028,4932,52.350
97.642467,3918,2027,4932,52.350
97.646941,3919,2027,4930,52.350
97.652690,3920,2027,4930,52.350
97.657119,3922,2028,4931,52.350
97.661513,3922,2028,4930,52.350
97.667314,3921,2027,4928,52.350
97.671604,3920,2028,4929,52.350
97.677325,3920,2029,4932,52.350
97.681848,3919,2030,4935,52.350
97.687444,3917,2031,4939,52.350
97.691895,3917,2032,4939,52.350
97.696277,3915,2034,4937,52.350
97.702015,3915,2035,4933,52.350
97.706435,3915,2035,4928,52.350
97.712131,3914,2034,4923,52.350
97.716606,3913,2033,4917,52.350
97.722266,3912,2031,4913,52.350
97.726703,3913,2029,4910,52.350
97.732403,3916,2030,4906,52.350
97.736864,3916,2032,4906,52.350
97.741378,3916,2034,4909,52.350
97.747011,3916,2036,4912,52.350
97.751163,3916,2035,4915,52.350
97.757113,3916,2034,4916,52.350
97.761577,3917,2034,4917,52.350
97.767244,3919,2034,4915,52.350
97.771675,3918,2033,4915,52.350
97.776134,3918,2033,4914,52.350
97.781814,3917,2032,4912,52.350
97.786233,3916,2032,4914,52.350
97.791879,3914,2032,4917,52.350
97.796312,3911,2033,4920,52.350
97.802034,3911,2033,4922,52.350
97.806491,3911,2032,4923,52.350
97.812193,3911,2032,4921,52.350
97.816636,3912,2031,4919,52.350
97.821038,3912,2031,4918,52.350
97.826740,3911,2031,4919,52.350
97.831172,3910,2030,4921,52.350
97.836879,3910,2030,4921,52.350
97.841343,3910,2032,4923,52.350
97.847042,3909,2033,4925,52.350
97.851480,3910,2034,4924,52.350
97.855954,3912,2035,4920,52.350
97.861614,3913,2036,4917,52.350
97.866045,3913,2037,4915,52.350
97.871703,3914,2038,4915,52.350
97.876160,3914,2039,4915,52.350
97.881852,3913,2041,4918,52.350
97.886295,3913,2041,4920,52.350
97.891994,3914,2042,4919,52.350
97.896484,3913,2042,4918,52.350
97.900847,3914,2041,4916,52.350
97.906582,3915,2041,4913,52.350
97.910978,3915,2041,4913,52.350
97.916679,3914,2040,4914,52.350
97.921136,3914,2039,4916,52.350
97.926805,3913,2038,4919,52.350
97.931270,3912,2037,4918,52.350
97.935690,3911,2036,4916,52.350
97.941387,3911,2036,4912,52.350
97.945835,3909,2037,4908,52.350
97.951473,3908,2036,4904,52.350
97.955971,3909,2036,4904,52.350
97.961666,3909,2037,4905,52.350
97.966068,3910,2038,4902,52.350
97.971776,3910,2040,4897,52.350
97.976304,3910,2043,4894,52.350
97.980644,3911,2044,4888,52.350
97.986367,3911,2045,4884,52.350
97.990792,3911,2046,4883,52.350
97.996492,3912,2045,4882,52.350
98.000917,3914,2043,4883,52.350
98.006387,3914,2038,4888,52.350
98.010844,3914,2034,4893,52.350
98.015464,3913,2030,4899,52.350
98.021154,3912,2027,4904,52.350
98.025674,3911,2026,4909,52.350
98.031260,3911,2027,4913,52.350
98.035791,3911,2027,4916,52.350
98.041422,3912,2028,4917,52.350
98.045868,3913,2029,4919,52.350
98.051539,3914,2030,4919,52.350
98.056095,3915,2031,4917,52.350
98.060444,3916,2034,4916,52.350
98.066166,3916,2034,4912,52.350
98.070599,3916,2033,4908,52.350
98.076288,3915,2033,4904,52.350
98.080675,3913,2031,4904,52.350
98.086370,3909,2031,4905,52.350
98.090818,3907,2031,4908,52.350
98.095231,3905,2030,4914,52.350
98.100961,3905,2032,4916,52.350
98.105388,3905,2032,4916,52.350
98.111085,3907,2032,4917,52.350
98.115537,3909,2032,4914,52.350
98.121216,3911,2030,4914,52.350
98.125659,3913,2030,4913,52.350
98.131344,3916,2030,4909,52.350
98.135794,3917,2031,4908,52.350
98.140263,3918,2032,4908,52.350
98.145968,3917,2032,4907,52.350
98.150395,3917,2032,4909,52.350
98.156082,3917,2031,4911,52.350
98.160489,3917,2031,4913,52.350
98.166199,3918,2031,4916,52.350
98.170627,3918,2030,4920,52.350
98.175028,3918,2029,4924,52.350
98.180743,3918,2029,4927,52.350
98.185208,3917,2030,4928,52.350
98.190856,3915,2029,4927,52.350
98.195275,3915,2028,4927,52.350
98.200978,3915,2027,4924,52.350
98.205453,3914,2025,4925,52.350
98.211141,3915,2023,4927,52.350
98.215572,3916,2024,4929,52.350
98.220028,3916,2025,4931,52.350
98.225756,3917,2027,4935,52.350
98.230156,3917,2029,4937,52.350
98.235847,3916,2031,4940,52.350
98.240341,3914,2035,4941,52.350
98.245990,3912,2039,4939,52.350
98.250436,3911,2042,4933,52.350
98.254812,3913,2043,4925,52.350
98.260617,3914,2042,4919,52.350
98.264951,3915,2041,4916,52.350
98.270638,3916,2041,4913,52.350
98.275082,3918,2039,4913,52.350
98.280786,3921,2040,4912,52.350
98.285264,3922,2042,4910,52.350
98.290953,3924,2044,4913,52.350
98.295372,3923,2047,4916,52.350
98.299767,3921,2047,4917,52.350
98.305528,3919,2047,4918,52.350
98.309938,3918,2047,4920,52.350
98.315603,3916,2047,4918,52.350
98.320059,3914,2046,4920,52.350
98.325743,3915,2048,4920,52.350
98.330202,3916,2048,4919,52.350
98.334625,3919,2048,4915,52.350
98.340351,3923,2049,4912,52.350
98.344784,3927,2049,4910,52.350
98.350442,3929,2045,4910,52.350
98.354962,3930,2043,4910,52.350
98.360625,3930,2042,4913,52.350
98.364988,3928,2040,4916,52.350
98.370747,3927,2042,4917,52.350
98.375183,3925,2044,4919,52.350
98.379313,3924,2046,4919,52.350
98.385320,3924,2047,4921,52.350
98.389764,3926,2047,4923,52.350
98.395389,3927,2045,4924,52.350
98.399827,3928,2043,4927,52.350
98.405533,3928,2042,4929,52.350
98.409966,3927,2043,4932,52.350
98.414443,3926,2044,4935,52.350
98.420141,3924,2046,4936,52.350
98.424560,3923,2047,4934,52.350
98.430207,3920,2050,4932,52.350
98.434697,3917,2051,4932,52.350
98.440414,3916,2054,4933,52.350
98.444819,3915,2056,4934,52.350
98.450523,3917,2056,4939,52.350
98.454958,3919,2055,4940,52.350
98.459383,3921,2055,4940,52.350
98.465116,3922,2054,4937,52.350
98.469527,3922,2054,4936,52.350
98.475252,3921,2055,4932,52.350
98.479617,3918,2057,4926,52.350
98.485342,3915,2060,4922,52.350
98.489760,3912,2061,4918,52.350
98.494178,3909,2062,4916,52.350
98.499839,3909,2062,4918,52.350
98.504309,3911,2061,4919,52.350
98.509709,3910,2059,4921,52.350
98.514681,3911,2056,4923,52.350
98.520139,3911,2054,4926,52.350
98.524576,3911,2051,4928,52.350
98.530278,3912,2050,4929,52.350
98.534729,3914,2050,4930,52.350
98.539172,3915,2050,4930,52.350
98.544877,3916,2050,4930,52.350
98.549323,3917,2049,4931,52.350
98.554987,3918,2047,4932,52.350
98.559449,3918,2046,4933,52.350
98.564888,3918,2045,4932,52.350
98.569576,3917,2044,4931,52.350
98.573950,3917,2044,4929,52.350
98.579694,3916,2045,4927,52.350
98.584151,3916,2047,4926,52.350
98.589782,3917,2048,4925,52.350
98.594303,3917,2049,4927,52.350
98.600041,3918,2050,4927,52.350
98.604400,3919,2049,4928,52.350
98.609812,3919,2046,4927,52.350
98.614512,3919,2045,4924,52.350
98.618976,3918,2043,4923,52.350
98.624650,3918,2043,4923,52.350
98.629085,3918,2044,4924,52.350
98.634782,3919,2046,4928,52.350
98.639233,3920,2047,4930,52.350
98.644897,3919,2047,4934,52.350
98.649357,3918,2046,4933,52.350
98.653860,3916,2045,4931,52.350
98.659473,3916,2043,4930,52.350
98.663886,3915,2041,4927,52.350
98.669616,3916,2041,4926,52.350
98.674040,3916,2042,4923,52.350
98.679723,3916,2041,4922,52.350
98.684145,3915,2041,4918,52.350
98.689884,3914,2043,4913,52.350
98.694326,3913,2043,4911,52.350
98.698750,3913,2045,4907,52.350
98.704446,3912,2047,4905,52.350
98.708843,3912,2048,4903,52.350
98.714576,3912,2050,4901,52.350
98.718982,3912,2051,4899,52.350
98.724675,3913,2051,4899,52.350
98.729185,3913,2050,4900,52.350
98.733576,3911,2049,4902,52.350
98.739294,3908,2048,4908,52.350
98.743694,3906,2048,4913,52.350
98.749371,3904,2047,4919,52.350
98.753830,3902,2046,4925,52.350
98.759540,3900,2046,4929,52.350
98.763965,3900,2046,4932,52.350
98.769687,3899,2047,4935,52.350
98.774077,3902,2047,4934,52.350
98.778528,3903,2046,4935,52.350
98.784271,3904,2046,4936,52.350
98.788641,3905,2046,4931,52.350
98.794362,3906,2046,4926,52.350
98.798775,3907,2046,4923,52.350
98.804508,3908,2046,4921,52.350
98.808940,3909,2046,4922,52.350
98.813270,3909,2046,4926,52.350
98.819042,3908,2046,4929,52.350
98.823525,3906,2046,4929,52.350
98.829168,3906,2046,4929,52.350
98.833636,3905,2046,4926,52.350
98.839327,3905,2046,4925,52.350
98.843789,3905,2045,4924,52.350
98.849463,3904,2045,4924,52.350
98.853904,3904,2046,4926,52.350
98.858311,3902,2047,4927,52.350
98.864057,3901,2049,4928,52.350
98.868442,3901,2053,4928,52.350
98.874149,3901,2056,4930,52.350
98.878564,3902,2058,4928,52.350
98.884276,3902,2059,4928,52.350
98.888674,3901,2059,4927,52.350
98.893100,3899,2059,4924,52.350
98.898838,3898,2057,4923,52.350
98.903307,3898,2056,4919,52.350
98.908932,3899,2053,4914,52.350
98.913410,3901,2052,4913,52.350
98.918910,3901,2052,4909,52.350
98.923256,3902,2052,4909,52.350
98.929350,3904,2053,4907,52.350
98.933686,3905,2053,4907,52.350
98.938115,3906,2053,4910,52.350
98.943858,3906,2052,4911,52.350
98.948330,3907,2050,4914,52.350
98.953889,3908,2049,4916,52.350
98.958362,3910,2048,4919,52.350
98.964100,3910,2048,4922,52.350
98.968495,3909,2048,4925,52.350
98.972605,3907,2048,4928,52.350
98.978340,3907,2046,4928,52.350
98.983053,3906,2044,4928,52.350
98.988718,3905,2042,4928,52.350
98.993031,3904,2041,4928,52.350
98.998861,3903,2040,4927,52.350
99.003295,3901,2041,4924,52.350
99.008787,3901,2040,4920,52.350
99.013428,3901,2039,4919,52.350
99.017856,3902,2037,4917,52.350
99.023654,3903,2035,4916,52.350
99.027772,3904,2034,4914,52.350
99.033685,3905,2035,4910,52.350
99.038129,3905,2037,4908,52.350
99.043585,3906,2039,4910,52.350
99.048269,3906,2040,4913,52.350
99.052721,3906,2042,4915,52.350
99.058142,3905,2042,4918,52.350
99.062806,3903,2043,4921,52.350
99.068509,3903,2043,4926,52.350
99.072982,3903,2046,4931,52.350
99.078651,3905,2048,4931,52.350
99.083123,3908,2048,4930,52.350
99.088840,3911,2049,4926,52.350
99.093264,3914,2053,4921,52.350
99.097643,3918,2053,4920,52.350
99.103369,3921,2054,4920,52.350
99.107787,3922,2056,4922,52.350
99.113470,3924,2057,4924,52.350
99.117939,3924,2057,4927,52.350
99.123621,3922,2056,4931,52.350
99.128076,3920,2056,4934,52.350
99.132498,3917,2055,4938,52.350
99.138224,3915,2054,4942,52.350
99.142575,3915,2054,4942,52.350
99.148325,3914,2053,4943,52.350
99.152765,3913,2052,4944,52.350
99.158467,3913,2052,4945,52.350
99.162927,3914,2050,4943,52.350
99.168633,3915,2051,4942,52.350
99.173032,3915,2052,4940,52.350
99.177633,3915,2052,4935,52.350
99.183195,3914,2053,4929,52.350
99.187595,3914,2053,4924,52.350
99.193290,3914,2052,4922,52.350
99.197753,3914,2051,4921,52.350
99.203419,3915,2050,4925,52.350
99.207912,3917,2048,4926,52.350
99.212313,3919,2048,4927,52.350
99.218015,3922,2048,4929,52.350
99.222427,3924,2047,4932,52.350
99.228089,3924,2047,4934,52.350
99.232592,3923,2047,4938,52.350
99.238237,3920,2048,4940,52.350
99.242715,3918,2048,4940,52.350
99.248427,3916,2048,4940,52.350
99.252794,3914,2047,4940,52.350
99.257323,3913,2047,4938,52.350
99.262979,3913,2047,4938,52.350
99.267386,3914,2048,4935,52.350
99.273024,3914,2046,4934,52.350
99.277525,3915,2046,4935,52.350
99.283251,3914,2046,4936,52.350
99.287655,3914,2046,4939,52.350
99.292075,3914,2048,4939,52.350
99.297785,3912,2049,4940,52.350
99.302268,3910,2050,4940,52.350
99.307878,3907,2051,4941,52.350
99.312334,3904,2050,4938,52.350
99.318051,3902,2048,4937,52.350
99.322444,3901,2047,4936,52.350
99.328221,3904,2045,4931,52.350
99.332649,3906,2044,4927,52.350
99.337090,3908,2044,4922,52.350
99.342810,3911,2043,4916,52.350
99.347205,3912,2043,4912,52.350
99.352906,3912,2044,4910,52.350
99.357315,3912,2043,4914,52.350
99.363009,3910,2042,4919,52.350
99.367403,3908,2040,4924,52.350
99.371848,3906,2039,4929,52.350
99.377477,3904,2039,4931,52.350
99.381999,3903,2039,4931,52.350
99.387664,3903,2040,4931,52.350
99.392131,3904,2039,4930,52.350
99.397801,3906,2038,4930,52.350
99.402284,3907,2036,4930,52.350
99.407964,3909,2034,4929,52.350
99.412395,3909,2034,4931,52.350
99.416869,3910,2036,4933,52.350
99.422526,3911,2036,4934,52.350
99.426973,3912,2036,4937,52.350
99.432650,3914,2034,4937,52.350
99.437154,3915,2033,4936,52.350
99.442840,3916,2032,4936,52.350
99.447268,3916,2033,4937,52.350
99.451644,3914,2035,4937,52.350
99.457445,3912,2037,4937,52.350
99.461773,3912,2041,4936,52.350
99.467477,3912,2044,4934,52.350
99.471953,3913,2046,4932,52.350
99.477659,3914,2047,4932,52.350
99.482036,3913,2048,4931,52.350
99.487776,3912,2049,4932,52.350
99.492194,3911,2049,4934,52.350
99.496620,3909,2049,4933,52.350
99.502380,3910,2049,4933,52.350
99.506785,3911,2048,4933,52.350
99.512420,3913,2049,4933,52.350
99.516880,3914,2051,4935,52.350
99.522545,3915,2051,4938,52.350
99.527045,3917,2053,4941,52.350
99.531412,3918,2054,4941,52.350
99.537175,3918,2054,4941,52.350
99.541581,3918,2056,4939,52.350
99.547294,3918,2056,4934,52.350
99.551749,3917,2057,4927,52.350
99.557424,3917,2057,4921,52.350
99.561832,3918,2057,4914,52.350
99.567583,3917,2056,4908,52.350
99.571997,3916,2055,4904,52.350
99.576387,3915,2055,4902,52.350
99.582131,3912,2056,4902,52.350
99.586300,3910,2057,4904,52.350
99.592211,3909,2056,4906,52.350
99.596667,3908,2054,4910,52.350
99.602327,3908,2052,4914,52.350
99.606804,3908,2050,4915,52.350
99.610977,3908,2048,4915,52.350
99.616966,3908,2046,4913,52.350
99.621425,3908,2045,4910,52.350
99.627037,3909,2045,4909,52.350
99.631516,3910,2045,4909,52.350
99.637209,3911,2046,4911,52.350
99.641661,3910,2046,4913,52.350
99.647340,3908,2046,4915,52.350
99.651820,3906,2046,4916,52.350
99.656163,3904,2045,4916,52.350
99.661954,3902,2044,4917,52.350
99.666319,3903,2043,4915,52.350
99.672044,3905,2043,4913,52.350
99.676442,3908,2042,4911,52.350
99.682165,3912,2043,4908,52.350
99.686604,3915,2043,4908,52.350
99.691003,3915,2045,4911,52.350
99.696724,3916,2048,4916,52.350
99.701170,3916,2050,4922,52.350
99.706803,3916,2052,4925,52.350
99.711340,3917,2052,4929,52.350
99.716962,3917,2050,4932,52.350
99.721460,3917,2049,4935,52.350
99.727131,3916,2049,4937,52.350
99.731572,3916,2047,4939,52.350
99.736008,3917,2046,4939,52.350
99.741704,3918,2045,4939,52.350
99.746161,3918,2043,4938,52.350
99.751550,3917,2043,4936,52.350
99.756285,3914,2042,4934,52.350
99.761937,3911,2042,4933,52.350
99.766382,3909,2043,4931,52.350
99.770772,3906,2043,4930,52.350
99.776523,3904,2044,4930,52.350
99.780929,3902,2045,4933,52.350
99.786597,3903,2046,4931,52.350
99.791091,3905,2047,4931,52.350
99.796781,3907,2047,4933,52.350
99.801198,3910,2048,4931,52.350
99.806961,3912,2048,4932,52.350
99.811350,3912,2048,4932,52.350
99.815772,3911,2050,4932,52.350
99.821524,3909,2051,4928,52.350
99.825923,3907,2052,4925,52.350
99.831566,3906,2053,4920,52.350
99.836042,3906,2052,4919,52.350
99.841702,3908,2053,4919,52.350
99.846196,3911,2053,4918,52.350
99.850590,3913,2053,4918,52.350
99.856329,3914,2053,4916,52.350
99.860734,3913,2051,4913,52.350
99.866425,3911,2049,4908,52.350
99.870909,3910,2047,4907,52.350
99.876520,3910,2047,4906,52.350
99.880962,3911,2047,4904,52.350
99.886661,3914,2048,4904,52.350
99.891152,3916,2050,4905,52.350
99.895537,3918,2053,4906,52.350
99.901269,3918,2054,4907,52.350
99.905716,3918,2056,4908,52.350
99.911368,3919,2058,4908,52.350
99.915828,3919,2058,4908,52.350
99.921511,3920,2059,4908,52.350
99.926016,3919,2059,4906,52.350
99.930097,3918,2060,4907,52.350
99.936051,3916,2060,4907,52.350
99.940516,3913,2062,4908,52.350
99.946270,3912,2062,4911,52.350
99.950673,3910,2063,4914,52.350
99.956342,3909,2063,4915,52.350
99.960783,3908,2063,4916,52.350
99.966522,3906,2062,4917,52.350
99.970672,3906,2061,4916,52.350
99.975309,3906,2059,4918,52.350
99.981067,3907,2057,4922,52.350
99.985462,3908,2055,4925,52.350
99.991153,3910,2052,4927,52.350
99.995620,3911,2052,4928,52.350
100.001284,3911,2053,4927,52.350
100.005414,3912,2052,4928,52.350
100.009962,3912,2050,4931,52.350
100.015843,3912,2047,4934,52.350
100.020355,3912,2045,4938,52.350
100.025967,3912,2044,4944,52.350
100.030182,3912,2045,4950,52.350
100.035893,3910,2047,4954,52.350
100.040290,3910,2048,4953,52.350
100.045999,3910,2046,4948,52.350
100.050696,3909,2045,4944,52.350
100.055145,3910,2044,4938,52.350
100.060551,3910,2044,4934,52.350
100.065307,3911,2045,4934,52.350
100.070911,3910,2046,4937,52.350
100.075397,3907,2047,4938,52.350
100.081088,3905,2049,4942,52.350
100.085499,3902,2052,4942,52.350
100.089927,3901,2054,4942,52.350
100.095650,3901,2056,4940,52.350
100.100062,3903,2057,4940,52.350
100.105811,3905,2055,4943,52.350
100.110252,3907,2053,4943,52.350
100.115885,3910,2051,4945,52.350
100.120333,3912,2050,4945,52.350
100.126043,3913,2050,4942,52.350
100.130528,3912,2050,4941,52.350
100.134880,3911,2053,4940,52.350
100.140601,3910,2055,4938,52.350
100.145021,3909,2056,4936,52.350
100.150773,3908,2056,4934,52.350
100.155303,3908,2054,4932,52.350
100.160867,3907,2054,4931,52.350
100.165127,3908,2054,4932,52.350
100.169706,3908,2055,4933,52.350
100.175421,3909,2055,4932,52.350
100.179829,3907,2055,4932,52.350
100.185548,3904,2055,4931,52.350
100.189984,3905,2054,4929,52.350
100.195583,3906,2054,4927,52.350
100.200093,3907,2053,4926,52.350
100.205830,3908,2052,4925,52.350
100.210270,3909,2052,4925,52.350
100.214707,3908,2052,4922,52.350
100.220442,3907,2051,4920,52.350
100.224861,3907,2052,4918,52.350
100.230523,3906,2052,4918,52.350
100.234991,3905,2053,4920,52.350
100.240676,3903,2054,4925,52.350
100.245108,3901,2055,4929,52.350
100.249516,3900,2056,4930,52.350
100.255269,3903,2056,4931,52.350
100.259638,3905,2055,4930,52.350
100.265312,3909,2055,4927,52.350
100.269882,3911,2054,4925,52.350
100.275470,3911,2053,4922,52.350
100.279894,3910,2052,4917,52.350
100.285614,3910,2053,4913,52.350
100.290045,3909,2052,4909,52.350
100.294478,3908,2051,4907,52.350
100.300192,3907,2050,4908,52.350
100.304666,3905,2047,4910,52.350
100.310292,3902,2045,4912,52.350
100.314692,3899,2044,4913,52.350
100.320441,3897,2044,4914,52.350
100.324890,3897,2045,4914,52.350
100.329343,3895,2046,4914,52.350
100.335030,3895,2047,4914,52.350
100.339481,3896,2049,4916,52.350
100.345136,3896,2051,4918,52.350
100.349585,3898,2052,4921,52.350
100.355274,3900,2053,4923,52.350
100.359700,3902,2054,4923,52.350
100.365431,3902,2054,4920,52.350
100.369840,3901,2057,4917,52.350
100.374312,3899,2058,4916,52.350
100.380017,3898,2060,4916,52.350
100.384370,3899,2061,4918,52.350
100.390056,3900,2062,4921,52.350
100.394520,3900,2060,4921,52.350
100.400217,3903,2059,4921,52.350
100.404652,3903,2055,4919,52.350
100.409131,3903,2051,4916,52.350
100.414834,3902,2049,4914,52.350
100.419272,3899,2048,4913,52.350
100.424909,3898,2048,4912,52.350
100.429352,3896,2049,4910,52.350
100.435062,3895,2050,4911,52.350
100.439502,3895,2049,4911,52.350
100.445245,3896,2047,4913,52.350
100.449670,3900,2045,4917,52.350
100.454068,3902,2042,4916,52.350
100.459820,3902,2041,4914,52.350
100.464182,3902,2039,4913,52.350
100.469860,3902,2039,4911,52.350
100.474314,3900,2038,4911,52.350
100.480026,3899,2037,4914,52.350
100.484459,3898,2037,4916,52.350
100.488561,3897,2037,4920,52.350
100.494233,3895,2038,4924,52.350
100.498677,3896,2040,4929,52.350
100.504365,3897,2042,4931,52.350
100.508893,3899,2044,4931,52.350
100.514789,3901,2044,4930,52.350
100.519268,3901,2044,4928,52.350
100.525001,3902,2042,4926,52.350
100.529405,3903,2040,4928,52.350
100.533854,3903,2040,4930,52.350
100.539612,3903,2039,4933,52.350
100.544001,3902,2038,4936,52.350
100.549634,3901,2039,4938,52.350
100.554132,3899,2040,4938,52.350
100.559826,3899,2042,4937,52.350
100.564311,3899,2044,4934,52.350
100.568631,3898,2045,4932,52.350
100.574394,3898,2045,4929,52.350
100.578499,3898,2043,4928,52.350
100.584446,3900,2042,4929,52.350
100.588921,3903,2043,4930,52.350
100.594615,3906,2044,4931,52.350
100.599078,3908,2045,4929,52.350
100.604717,3910,2047,4926,52.350
100.609199,3911,2048,4923,52.350
100.613574,3911,2049,4920,52.350
100.619352,3911,2051,4919,52.350
100.623790,3912,2053,4921,52.350
100.629453,3911,2054,4924,52.350
100.633903,3911,2056,4925,52.350
100.639642,3913,2056,4924,52.350
100.644027,3913,2056,4921,52.350
100.648410,3915,2054,4917,52.350
100.654128,3917,2053,4916,52.350
100.658586,3916,2050,4917,52.350
100.664266,3916,2048,4918,52.350
100.668718,3916,2046,4922,52.350
100.674400,3916,2045,4923,52.350
100.678863,3917,2045,4921,52.350
100.684532,3917,2046,4922,52.350
100.688963,3917,2046,4922,52.350
100.693386,3917,2044,4923,52.350
100.699115,3917,2042,4926,52.350
100.703561,3917,2040,4931,52.350
100.709242,3917,2040,4933,52.350
100.713678,3917,2040,4933,52.350
100.719370,3917,2043,4929,52.350
100.723810,3918,2045,4924,52.350
100.728282,3918,2047,4919,52.350
100.733936,3919,2050,4915,52.350
100.738429,3919,2051,4912,52.350
100.744075,3917,2050,4912,52.350
100.748493,3916,2050,4911,52.350
100.754208,3914,2048,4912,52.350
100.758617,3912,2047,4913,52.350
100.764343,3912,2046,4916,52.350
100.768761,3911,2046,4917,52.350
100.773210,3911,2047,4920,52.350
100.778929,3911,2047,4920,52.350
100.783310,3909,2047,4920,52.350
100.789005,3906,2046,4921,52.350
100.793465,3903,2045,4921,52.350
100.799137,3902,2043,4925,52.350
100.803626,3900,2043,4926,52.350
100.808061,3899,2044,4928,52.350
100.813788,3899,2045,4929,52.350
100.818187,3899,2046,4929,52.350
100.823802,3900,2047,4932,52.350
100.828306,3900,2048,4930,52.350
100.834013,3901,2050,4928,52.350
100.838419,3902,2051,4925,52.350
100.844117,3903,2052,4923,52.350
100.848557,3902,2051,4922,52.350
100.852961,3902,2050,4922,52.350
100.858814,3900,2048,4922,52.350
100.863108,3900,2048,4920,52.350
100.868786,3900,2048,4918,52.350
100.873290,3902,2048,4914,52.350
100.878947,3906,2046,4911,52.350
100.883373,3908,2044,4908,52.350
100.887764,3910,2044,4906,52.350
100.893503,3911,2045,4905,52.350
100.897922,3911,2046,4905,52.350
100.903590,3914,2047,4906,52.350
100.908119,3915,2047,4906,52.350
100.913742,3918,2048,4906,52.350
100.918213,3918,2048,4908,52.350
100.923876,3917,2048,4912,52.350
100.928359,3917,2048,4915,52.350
100.932774,3916,2046,4919,52.350
100.938521,3917,2046,4923,52.350
100.942895,3919,2045,4925,52.350
100.948589,3922,2047,4925,52.350
100.953011,3922,2048,4922,52.350
100.958722,3922,2048,4917,52.350
100.962892,3920,2048,4912,52.350
100.967284,3917,2047,4908,52.350
100.973274,3916,2047,4905,52.350
100.977506,3915,2047,4904,52.350
100.983362,3915,2048,4905,52.350
100.987869,3916,2052,4905,52.350
100.993391,3917,2053,4906,52.350
100.997987,3918,2053,4908,52.350
101.003398,3919,2053,4909,52.350
101.007896,3921,2050,4911,52.350
101.012318,3922,2049,4910,52.350
101.017950,3921,2049,4907,52.350
101.022426,3920,2049,4905,52.350
101.028058,3917,2050,4901,52.350
101.032504,3914,2052,4896,52.350
101.038251,3912,2053,4894,52.350
101.042725,3911,2054,4891,52.350
101.047346,3913,2054,4891,52.350
101.053119,3914,2054,4894,52.350
101.057520,3916,2056,4896,52.350
101.063218,3918,2057,4897,52.350
101.067682,3918,2059,4901,52.350
101.073304,3917,2059,4900,52.350
101.077755,3915,2058,4901,52.350
101.083211,3911,2056,4900,52.350
101.087674,3908,2054,4899,52.350
101.092296,3906,2050,4899,52.350
101.098043,3904,2048,4900,52.350
101.102498,3902,2047,4899,52.350
101.108148,3902,2047,4901,52.350
101.112620,3902,2047,4902,52.350
101.118150,3900,2046,4903,52.350
101.122751,3900,2045,4903,52.350
101.127142,3899,2046,4905,52.350
101.132898,3899,2046,4905,52.350
101.137351,3898,2046,4906,52.350
101.143038,3898,2048,4907,52.350
101.147464,3898,2047,4906,52.350
101.153124,3899,2046,4908,52.350
101.157525,3900,2044,4909,52.350
101.163293,3902,2043,4912,52.350
101.167666,3902,2043,4915,52.350
101.172106,3904,2041,4917,52.350
101.178039,3903,2040,4917,52.350
101.182312,3904,2037,4917,52.350
101.187933,3904,2033,4916,52.350
101.192411,3905,2032,4916,52.350
101.198064,3906,2030,4916,52.350
101.202500,3908,2030,4918,52.350
101.206978,3909,2032,4919,52.350
101.212660,3909,2034,4921,52.350
101.217114,3909,2035,4924,52.350
101.222735,3908,2037,4926,52.350
101.227282,3908,2037,4927,52.350
101.232917,3907,2036,4930,52.350
101.237355,3907,2033,4932,52.350
101.243082,3907,2032,4931,52.350
101.247528,3906,2030,4930,52.350
101.251629,3906,2030,4926,52.350
101.257681,3905,2032,4923,52.350
101.262038,3904,2035,4923,52.350
101.267704,3904,2039,4923,52.350
101.272167,3905,2041,4922,52.350
101.277918,3906,2044,4921,52.350
101.282282,3908,2046,4921,52.350
101.286709,3909,2046,4922,52.350
101.292461,3909,2046,4922,52.350
101.296894,3910,2046,4922,52.350
101.302539,3910,2044,4921,52.350
101.307040,3910,2042,4920,52.350
101.312674,3910,2041,4920,52.350
101.317110,3911,2040,4921,52.350
101.322828,3913,2038,4924,52.350
101.327331,3914,2038,4926,52.350
101.331720,3916,2039,4926,52.350
101.337450,3917,2039,4927,52.350
101.341879,3919,2041,4927,52.350
101.347548,3920,2042,4926,52.350
101.351942,3921,2043,4924,52.350
101.357683,3920,2042,4922,52.350
101.362094,3918,2042,4921,52.350
101.366520,3916,2041,4923,52.350
101.372315,3912,2042,4929,52.350
101.376636,3909,2043,4933,52.350
101.382103,3907,2044,4937,52.350
101.386794,3907,2046,4940,52.350
101.392482,3907,2048,4941,52.350
101.396939,3909,2048,4939,52.350
101.402655,3912,2048,4936,52.350
101.407067,3914,2047,4933,52.350
101.411536,3917,2049,4929,52.350
101.417213,3917,2050,4925,52.350
101.421677,3918,2054,4922,52.350
101.427351,3918,2057,4918,52.350
101.431786,3915,2060,4915,52.350
101.437448,3914,2062,4914,52.350
101.441892,3913,2064,4914,52.350
101.446302,3910,2066,4916,52.350
101.452049,3909,2069,4918,52.350
101.456451,3908,2071,4918,52.350
101.462109,3908,2072,4916,52.350
101.466594,3907,2074,4911,52.350
101.472277,3906,2072,4907,52.350
101.476701,3906,2069,4907,52.350
101.482377,3905,2066,4907,52.350
101.486833,3907,2063,4906,52.350
101.491298,3907,2060,4907,52.350
101.496994,3907,2059,4910,52.350
101.501413,3908,2057,4911,52.350
101.507090,3905,2057,4913,52.350
101.511352,3904,2056,4916,52.350
101.517216,3903,2054,4915,52.350
101.521685,3904,2053,4914,52.350
101.526100,3905,2050,4913,52.350
101.531545,3907,2049,4909,52.350
101.536263,3909,2048,4904,52.350
101.541935,3910,2047,4901,52.350
101.546360,3909,2047,4898,52.350
101.552067,3909,2045,4901,52.350
101.556470,3909,2042,4906,52.350
101.562240,3908,2041,4911,52.350
101.566624,3908,2040,4913,52.350
101.571019,3911,2039,4914,52.350
101.576789,3912,2038,4914,52.350
101.581205,3914,2035,4912,52.350
101.586859,3915,2033,4913,52.350
101.591301,3914,2032,4916,52.350
101.597004,3914,2032,4917,52.350
101.601519,3913,2034,4919,52.350
101.605883,3914,2036,4919,52.350
101.611594,3915,2038,4918,52.350
101.616035,3915,2040,4918,52.350
101.621702,3915,2044,4918,52.350
101.626189,3914,2046,4917,52.350
101.631685,3914,2048,4918,52.350
101.636297,3912,2050,4917,52.350
101.641936,3910,2052,4914,52.350
101.646427,3907,2051,4915,52.350
101.650544,3904,2051,4915,52.350
101.656588,3902,2051,4916,52.350
101.660979,3899,2050,4917,52.350
101.666424,3899,2051,4917,52.350
101.670830,3898,2052,4917,52.350
101.676565,3898,2052,4917,52.350
101.681297,3899,2051,4917,52.350
101.685363,3897,2050,4916,52.350
101.691133,3898,2051,4918,52.350
101.695520,3898,2052,4919,52.350
101.701216,3899,2054,4918,52.350
101.705657,3902,2056,4917,52.350
101.711354,3904,2055,4916,52.350
101.715789,3906,2053,4918,52.350
101.721501,3908,2050,4917,52.350
101.726008,3906,2049,4918,52.350
101.730329,3904,2049,4919,52.350
101.736108,3903,2049,4917,52.350
101.740464,3903,2050,4915,52.350
101.746191,3902,2050,4917,52.350
101.750638,3905,2050,4918,52.350
101.756325,3906,2050,4920,52.350
101.760749,3908,2050,4923,52.350
101.765185,3909,2050,4925,52.350
101.770880,3909,2050,4927,52.350
101.775313,3909,2051,4928,52.350
101.781001,3911,2052,4930,52.350
101.785479,3913,2053,4934,52.350
101.791083,3915,2054,4936,52.350
101.795499,3916,2056,4938,52.350
101.801252,3916,2057,4939,52.350
101.805682,3916,2059,4935,52.350
101.810069,3916,2060,4937,52.350
101.815826,3916,2059,4939,52.350
101.820277,3918,2058,4939,52.350
101.826198,3919,2056,4939,52.350
101.830730,3921,2054,4937,52.350
101.836344,3923,2051,4934,52.350
101.840786,3926,2050,4933,52.350
101.845219,3927,2048,4931,52.350
101.850982,3926,2047,4929,52.350
101.855397,3926,2048,4929,52.350
101.860831,3926,2050,4927,52.350
101.865212,3926,2053,4924,52.350
101.871205,3928,2055,4923,52.350
101.875630,3929,2055,4921,52.350
101.881326,3929,2055,4920,52.350
101.885736,3929,2055,4921,52.350
101.890241,3928,2054,4921,52.350
101.895911,3928,2054,4920,52.350
101.900356,3928,2055,4918,52.350
101.906007,3928,2054,4914,52.350
101.910477,3926,2054,4911,52.350
101.916082,3925,2051,4910,52.350
101.920626,3924,2048,4912,52.350
101.925014,3922,2046,4913,52.350
101.930808,3921,2044,4915,52.350
101.935252,3920,2044,4917,52.350
101.940828,3919,2043,4918,52.350
101.945335,3917,2044,4918,52.350
101.950979,3916,2044,4921,52.350
101.955387,3915,2043,4924,52.350
101.961145,3914,2043,4926,52.350
101.965555,3914,2043,4930,52.350
101.969969,3914,2044,4934,52.350
101.975688,3913,2047,4935,52.350
101.980104,3911,2049,4935,52.350
101.985826,3909,2050,4935,52.350
101.990007,3907,2049,4935,52.350
101.995703,3904,2046,4936,52.350
102.000098,3903,2044,4940,52.350
102.004513,3902,2043,4940,52.350
102.010481,3901,2041,4942,52.350
102.014915,3900,2038,4941,52.350
102.020583,3900,2036,4939,52.350
102.025125,3899,2034,4937,52.350
102.030479,3901,2031,4932,52.350
102.035196,3902,2030,4928,52.350
102.040913,3904,2030,4924,52.350
102.045320,3906,2030,4919,52.350
102.049787,3907,2028,4915,52.350
102.055523,3908,2029,4912,52.350
102.059960,3907,2029,4910,52.350
102.065642,3907,2029,4909,52.350
102.070026,3907,2030,4907,52.350
102.075735,3909,2029,4906,52.350
102.080148,3912,2028,4906,52.350
102.084592,3914,2029,4910,52.350
102.090320,3916,2029,4915,52.350
102.094780,3915,2032,4921,52.350
102.100415,3913,2035,4927,52.350
102.104930,3913,2037,4930,52.350
102.110549,3911,2038,4932,52.350
102.115032,3909,2039,4933,52.350
102.120675,3906,2039,4933,52.350
102.125138,3904,2038,4934,52.350
102.129561,3903,2038,4934,52.350
102.135304,3903,2036,4934,52.350
102.139694,3903,2034,4933,52.350
102.145392,3904,2033,4934,52.350
102.149826,3905,2033,4933,52.350
102.155563,3906,2034,4932,52.350
102.159951,3906,2038,4928,52.350
102.164357,3905,2041,4927,52.350
102.170115,3904,2042,4930,52.350
102.174547,3903,2041,4930,52.350
102.180205,3903,2041,4931,52.350
102.184666,3903,2039,4931,52.350
102.190320,3903,2039,4934,52.350
102.194702,3906,2040,4934,52.350
102.200469,3907,2042,4934,52.350
102.204912,3909,2044,4931,52.350
102.209369,3913,2046,4926,52.350
102.215104,3916,2047,4921,52.350
102.219535,3920,2048,4916,52.350
102.225164,3922,2047,4913,52.350
102.229686,3922,2047,4913,52.350
102.235315,3920,2047,4912,52.350
102.239763,3918,2046,4913,52.350
102.244154,3916,2047,4913,52.350
102.249959,3914,2047,4910,52.350
102.254295,3913,2049,4909,52.350
102.260062,3913,2050,4909,52.350
102.264462,3912,2053,4907,52.350
102.270164,3913,2055,4908,52.350
102.274563,3913,2056,4912,52.350
102.280246,3911,2058,4917,52.350
102.284698,3913,2057,4921,52.350
102.289102,3913,2057,4927,52.350
102.294838,3915,2056,4930,52.350
102.299341,3915,2055,4931,52.350
102.304939,3916,2055,4928,52.350
102.309420,3915,2053,4924,52.350
102.314902,3913,2053,4920,52.350
102.319564,3914,2053,4913,52.350
102.323947,3914,2052,4907,52.350
102.329666,3915,2051,4902,52.350
102.334111,3917,2050,4898,52.350
102.339813,3918,2048,4898,52.350
102.344232,3918,2048,4900,52.350
102.349908,3917,2047,4903,52.350
102.354341,3913,2045,4906,52.350
102.360098,3909,2044,4906,52.350
102.364483,3906,2042,4909,52.350
102.368920,3904,2042,4911,52.350
102.374614,3905,2042,4910,52.350
102.379059,3906,2043,4909,52.350
102.384683,3907,2045,4906,52.350
102.389184,3906,2048,4904,52.350
102.394711,3907,2049,4904,52.350
102.399305,3907,2051,4905,52.350
102.403760,3907,2052,4906,52.350
102.409487,3909,2050,4909,52.350
102.413859,3909,2047,4913,52.350
102.419580,3911,2044,4919,52.350
102.424010,3912,2042,4922,52.350
102.429741,3911,2040,4925,52.350
102.434145,3911,2037,4927,52.350
102.439849,3910,2036,4927,52.350
102.444268,3910,2036,4926,52.350
102.448691,3911,2036,4924,52.350
102.454404,3912,2037,4922,52.350
102.458894,3915,2037,4917,52.350
102.464526,3914,2035,4914,52.350
102.468954,3915,2034,4913,52.350
102.474652,3916,2032,4912,52.350
102.479091,3915,2030,4913,52.350
102.483483,3913,2030,4915,52.350
102.489267,3912,2030,4917,52.350
102.493707,3909,2031,4917,52.350
102.499420,3907,2031,4917,52.350
102.503804,3905,2032,4915,52.350
102.509482,3904,2032,4916,52.350
102.513877,3902,2032,4915,52.350
102.519599,3902,2033,4913,52.350
102.524077,3905,2034,4910,52.350
102.528493,3906,2034,4909,52.350
102.533892,3906,2035,4908,52.350
102.538608,3905,2036,4908,52.350
102.544276,3902,2037,4910,52.350
102.548726,3902,2037,4907,52.350
102.554516,3902,2034,4906,52.350
102.558856,3903,2030,4909,52.350
102.563386,3905,2028,4908,52.350
102.569009,3905,2026,4909,52.350
102.573404,3905,2026,4910,52.350
102.578847,3906,2027,4910,52.350
102.583579,3905,2028,4909,52.350
102.589317,3903,2029,4910,52.350
102.593515,3902,2029,4912,52.350
102.599374,3901,2029,4913,52.350
102.603839,3898,2029,4917,52.350
102.608223,3897,2030,4917,52.350
102.613792,3895,2033,4919,52.350
102.618383,3894,2036,4919,52.350
102.624081,3894,2039,4915,52.350
102.628539,3894,2042,4914,52.350
102.634229,3895,2044,4911,52.350
102.638671,3897,2044,4910,52.350
102.643055,3899,2043,4912,52.350
102.648783,3901,2043,4914,52.350
102.653242,3902,2042,4917,52.350
102.658867,3903,2040,4921,52.350
102.663379,3905,2040,4924,52.350
102.669058,3905,2040,4924,52.350
102.673450,3904,2040,4926,52.350
102.679156,3902,2039,4927,52.350
102.683598,3901,2039,4927,52.350
102.688055,3900,2038,4930,52.350
102.693781,3900,2036,4933,52.350
102.698179,3901,2034,4936,52.350
102.703885,3904,2031,4938,52.350
102.708344,3907,2032,4937,52.350
102.713984,3910,2033,4936,52.350
102.718447,3912,2035,4939,52.350
102.722890,3913,2038,4940,52.350
102.728615,3914,2040,4942,52.350
102.732978,3914,2041,4944,52.350
102.738674,3914,2043,4942,52.350
102.743138,3915,2044,4942,52.350
102.748839,3914,2046,4941,52.350
102.753264,3914,2048,4941,52.350
102.759017,3913,2051,4941,52.350
102.763408,3912,2054,4940,52.350
102.767803,3913,2054,4938,52.350
102.773585,3913,2053,4936,52.350
102.777963,3913,2049,4935,52.350
102.783646,3913,2045,4936,52.350
102.788085,3912,2042,4935,52.350
102.793783,3910,2040,4934,52.350
102.798268,3907,2037,4934,52.350
102.802690,3906,2037,4934,52.350
102.808400,3906,2035,4933,52.350
102.812787,3907,2036,4934,52.350
102.818450,3909,2036,4935,52.350
102.822958,3910,2036,4933,52.350
102.828589,3910,2036,4931,52.350
102.833034,3911,2036,4929,52.350
102.838776,3912,2036,4928,52.350
102.843226,3913,2037,4928,52.350
102.847657,3916,2037,4928,52.350
102.853342,3917,2039,4928,52.350
102.857758,3917,2040,4927,52.350
102.863419,3918,2042,4924,52.350
102.867876,3919,2043,4922,52.350
102.873595,3920,2045,4922,52.350
102.877990,3920,2044,4923,52.350
102.882449,3919,2044,4921,52.350
102.888159,3915,2044,4917,52.350
102.892594,3910,2042,4914,52.350
102.898291,3908,2043,4911,52.350
102.902747,3906,2043,4912,52.350
102.908376,3906,2044,4913,52.350
102.912852,3907,2045,4916,52.350
102.918516,3907,2044,4916,52.350
102.923014,3909,2042,4916,52.350
102.927071,3911,2041,4917,52.350
102.933149,3910,2040,4916,52.350
102.937583,3910,2039,4917,52.350
102.943232,3910,2040,4919,52.350
102.947645,3912,2041,4920,52.350
102.953374,3913,2041,4922,52.350
102.957806,3914,2042,4924,52.350
102.962290,3914,2041,4922,52.350
102.967903,3913,2040,4922,52.350
102.972382,3911,2038,4921,52.350
102.977897,3911,2037,4922,52.350
102.982502,3912,2035,4920,52.350
102.988205,3912,2036,4918,52.350
102.992602,3912,2037,4915,52.350
102.998315,3913,2038,4911,52.350
103.002741,3912,2041,4911,52.350
103.006935,3912,2042,4909,52.350
103.012624,3912,2042,4907,52.350
103.017364,3911,2042,4907,52.350
103.023018,3910,2042,4905,52.350
103.027316,3909,2042,4905,52.350
103.033136,3910,2043,4905,52.350
103.037594,3911,2044,4905,52.350
103.042002,3913,2045,4906,52.350
103.047746,3915,2044,4911,52.350
103.052121,3917,2041,4917,52.350
103.057783,3919,2041,4919,52.350
103.062128,3919,2040,4921,52.350
103.067948,3921,2038,4922,52.350
103.072392,3922,2040,4920,52.350
103.078129,3923,2038,4921,52.350
103.082313,3925,2037,4918,52.350
103.086926,3926,2037,4914,52.350
103.092703,3926,2037,4911,52.350
103.097109,3926,2035,4908,52.350
103.102752,3925,2034,4906,52.350
103.107319,3923,2033,4908,52.350
103.112894,3922,2033,4910,52.350
103.117421,3921,2032,4912,52.350
103.121767,3919,2032,4913,52.350
103.127565,3919,2032,4915,52.350
103.131974,3920,2031,4915,52.350
103.137560,3921,2029,4916,52.350
103.142062,3921,2028,4916,52.350
103.147767,3919,2028,4917,52.350
103.152127,3918,2027,4919,52.350
103.157975,3916,2028,4921,52.350
103.162378,3916,2030,4921,52.350
103.166750,3915,2032,4923,52.350
103.172468,3915,2032,4923,52.350
103.176878,3916,2032,4922,52.350
103.182545,3916,2031,4925,52.350
103.187026,3918,2029,4926,52.350
103.192727,3918,2030,4928,52.350
103.197175,3918,2031,4929,52.350
103.201587,3917,2032,4927,52.350
103.207349,3918,2033,4923,52.350
103.211508,3919,2033,4919,52.350
103.217431,3922,2033,4918,52.350
103.221861,3924,2034,4920,52.350
103.227338,3924,2034,4921,52.350
103.231970,3923,2034,4924,52.350
103.237720,3921,2034,4926,52.350
103.242141,3918,2033,4928,52.350
103.246541,3916,2033,4931,52.350
103.252023,3914,2033,4930,52.350
103.256652,3912,2033,4932,52.350
103.262366,3913,2032,4930,52.350
103.266794,3911,2033,4930,52.350
103.272699,3910,2036,4930,52.350
103.276920,3909,2037,4931,52.350
103.281344,3908,2037,4932,52.350
103.287092,3908,2037,4931,52.350
103.291536,3909,2035,4932,52.350
103.297221,3910,2034,4934,52.350
103.301679,3911,2035,4934,52.350
103.307314,3911,2035,4933,52.350
103.311785,3911,2037,4933,52.350
103.317510,3910,2039,4932,52.350
103.321932,3910,2040,4930,52.350
103.326330,3910,2040,4927,52.350
103.332113,3910,2040,4924,52.350
103.336479,3910,2041,4920,52.350
103.342144,3909,2042,4915,52.350
103.346626,3908,2044,4911,52.350
103.352315,3905,2045,4911,52.350
103.356712,3904,2045,4908,52.350
103.361142,3902,2043,4910,52.350
103.366870,3901,2041,4914,52.350
103.371308,3901,2041,4914,52.350
103.376975,3901,2040,4916,52.350
103.381424,3903,2039,4917,52.350
103.387084,3904,2039,4916,52.350
103.391558,3905,2037,4917,52.350
103.397266,3906,2035,4916,52.350
103.401691,3907,2033,4914,52.350
103.406142,3908,2032,4912,52.350
103.411886,3907,2032,4909,52.350
103.416265,3908,2032,4907,52.350
103.421928,3907,2033,4907,52.350
103.426387,3906,2035,4906,52.350
103.432095,3905,2036,4904,52.350
103.436546,3904,2037,4904,52.350
103.440918,3902,2037,4904,52.350
103.446719,3900,2036,4904,52.350
103.451092,3899,2036,4904,52.350
103.456765,3899,2036,4904,52.350
103.461374,3898,2037,4904,52.350
103.466929,3898,2039,4908,52.350
103.471334,3899,2039,4913,52.350
103.477065,3899,2041,4916,52.350
103.481467,3898,2042,4917,52.350
103.485905,3897,2044,4917,52.350
103.491626,3896,2045,4917,52.350
103.496086,3896,2044,4918,52.350
103.501750,3896,2043,4918,52.350
103.506196,3899,2042,4917,52.350
103.511857,3902,2042,4917,52.350
103.516361,3905,2041,4917,52.350
103.520727,3908,2041,4917,52.350
103.526469,3908,2042,4917,52.350
103.530895,3910,2041,4919,52.350
103.536613,3909,2040,4922,52.350
103.541035,3907,2039,4927,52.350
103.546701,3907,2038,4929,52.350
103.550886,3907,2036,4930,52.350
103.556900,3907,2035,4928,52.350
103.561269,3910,2034,4925,52.350
103.565689,3912,2032,4925,52.350
103.571266,3914,2033,4927,52.350
103.575822,3915,2032,4930,52.350
103.581531,3915,2033,4932,52.350
103.585986,3915,2034,4933,52.350
103.591430,3916,2034,4933,52.350
103.596140,3916,2035,4929,52.350
103.600540,3916,2035,4924,52.350
103.606253,3914,2035,4922,52.350
103.610688,3913,2034,4920,52.350
103.616296,3911,2036,4919,52.350
103.620787,3910,2039,4919,52.350
103.626532,3908,2040,4920,52.350
103.630932,3907,2042,4917,52.350
103.636670,3907,2042,4914,52.350
103.641082,3908,2041,4913,52.350
103.645484,3910,2039,4913,52.350
103.651267,3911,2038,4913,52.350
103.655614,3913,2039,4915,52.350
103.661309,3914,2042,4915,52.350
103.665758,3915,2044,4915,52.350
103.671444,3916,2046,4913,52.350
103.675893,3916,2047,4913,52.350
103.680362,3916,2049,4913,52.350
103.686015,3914,2050,4911,52.350
103.690434,3914,2049,4909,52.350
103.696136,3914,2049,4905,52.350
103.700612,3913,2050,4902,52.350
103.706293,3913,2050,4901,52.350
103.710739,3912,2050,4902,52.350
103.716462,3912,2050,4906,52.350
103.720895,3911,2050,4910,52.350
103.725290,3910,2050,4914,52.350
103.731020,3909,2049,4914,52.350
103.735439,3907,2049,4915,52.350
103.741117,3907,2048,4914,52.350
103.745550,3906,2049,4913,52.350
103.751001,3905,2049,4915,52.350
103.755678,3906,2048,4918,52.350
103.760094,3908,2048,4917,52.350
103.765816,3910,2047,4920,52.350
103.770242,3912,2048,4922,52.350
103.775935,3913,2049,4921,52.350
103.780370,3913,2050,4922,52.350
103.786062,3914,2050,4924,52.350
103.790522,3914,2051,4923,52.350
103.796193,3915,2050,4923,52.350
103.800656,3914,2049,4925,52.350
103.805114,3912,2047,4925,52.350
103.810821,3910,2045,4923,52.350
103.815239,3907,2044,4924,52.350
103.820924,3906,2043,4923,52.350
103.825361,3906,2042,4923,52.350
103.831063,3905,2040,4920,52.350
103.835500,3903,2040,4917,52.350
103.839891,3901,2042,4914,52.350
103.845626,3899,2044,4913,52.350
103.850050,3896,2046,4916,52.350
103.855728,3894,2048,4918,52.350
103.860183,3892,2049,4920,52.350
103.865849,3891,2047,4922,52.350
103.870294,3892,2044,4924,52.350
103.876024,3893,2043,4924,52.350
103.880445,3895,2042,4924,52.350
103.884876,3897,2043,4924,52.350
103.890577,3899,2043,4924,52.350
103.895023,3901,2042,4924,52.350
103.900680,3905,2040,4922,52.350
103.905166,3907,2038,4920,52.350
103.910834,3909,2035,4917,52.350
103.915208,3909,2034,4918,52.350
103.919725,3907,2034,4920,52.350
103.925456,3908,2033,4924,52.350
103.929812,3908,2034,4927,52.350
103.935513,3910,2036,4927,52.350
103.939939,3912,2037,4927,52.350
103.945677,3912,2038,4927,52.350
103.950069,3912,2039,4927,52.350
103.955810,3912,2040,4927,52.350
103.960272,3912,2040,4927,52.350
103.964640,3913,2039,4927,52.350
103.970403,3913,2038,4925,52.350
103.974786,3913,2039,4925,52.350
103.980453,3911,2038,4925,52.350
103.984929,3909,2040,4924,52.350
103.990631,3907,2041,4924,52.350
103.995095,3905,2042,4921,52.350
103.999531,3903,2042,4919,52.350
104.005260,3901,2040,4917,52.350
104.009341,3900,2039,4913,52.350
104.015288,3900,2037,4912,52.350
104.019775,3901,2035,4910,52.350
104.025489,3901,2036,4912,52.350
104.029567,3900,2037,4916,52.350
104.035422,3902,2038,4920,52.350
104.040005,3904,2039,4923,52.350
104.044256,3906,2040,4927,52.350
104.050155,3907,2038,4931,52.350
104.054571,3908,2037,4933,52.350
104.060318,3906,2037,4935,52.350
104.064683,3903,2038,4934,52.350
104.070427,3901,2042,4931,52.350
104.074813,3899,2045,4927,52.350
104.079307,3897,2047,4923,52.350
104.084976,3897,2046,4921,52.350
104.089196,3898,2045,4918,52.350
104.094868,3897,2042,4917,52.350
104.099605,3897,2040,4916,52.350
104.105224,3898,2040,4915,52.350
104.109691,3898,2040,4913,52.350
104.115394,3897,2042,4911,52.350
104.119854,3899,2044,4910,52.350
104.124211,3901,2046,4910,52.350
104.129952,3903,2047,4913,52.350
104.134396,3905,2047,4918,52.350
104.140038,3906,2047,4923,52.350
104.144610,3906,2047,4925,52.350
104.150222,3907,2047,4928,52.350
104.154639,3908,2046,4926,52.350
104.159066,3909,2049,4921,52.350
104.164581,3909,2050,4916,52.350
104.169193,3909,2052,4912,52.350
104.174878,3908,2054,4909,52.350
104.179030,3906,2055,4908,52.350
104.185002,3905,2057,4908,52.350
104.189449,3904,2059,4906,52.350
104.195202,3904,2061,4905,52.350
104.199577,3906,2061,4903,52.350
104.204049,3906,2061,4900,52.350
104.209728,3907,2061,4900,52.350
104.214140,3906,2059,4904,52.350
104.219866,3905,2057,4909,52.350
104.224298,3905,2056,4916,52.350
104.230010,3904,2056,4920,52.350
104.234381,3903,2056,4924,52.350
104.238800,3903,2057,4924,52.350
104.244576,3905,2057,4921,52.350
104.248977,3908,2056,4918,52.350
104.254633,3911,2055,4916,52.350
104.259140,3915,2054,4915,52.350
104.264800,3918,2054,4914,52.350
104.269269,3921,2052,4912,52.350
104.274963,3922,2052,4914,52.350
104.279363,3922,2051,4915,52.350
104.283856,3922,2048,4917,52.350
104.289550,3922,2044,4920,52.350
104.293981,3923,2041,4921,52.350
104.299627,3924,2038,4920,52.350
104.304119,3923,2037,4917,52.350
104.309782,3921,2037,4914,52.350
104.314248,3919,2038,4913,52.350
104.318641,3917,2041,4915,52.350
104.324363,3917,2043,4919,52.350
104.328770,3918,2044,4923,52.350
104.334472,3917,2045,4923,52.350
104.338920,3917,2044,4922,52.350
104.344570,3918,2044,4921,52.350
104.349057,3918,2045,4920,52.350
104.354784,3918,2045,4922,52.350
104.359140,3919,2047,4924,52.350
104.363565,3920,2048,4926,52.350
104.369290,3921,2051,4927,52.350
104.373729,3922,2054,4929,52.350
104.379393,3923,2056,4932,52.350
104.383910,3925,2058,4934,52.350
104.389529,3926,2058,4938,52.350
104.394053,3926,2057,4940,52.350
104.398418,3926,2057,4941,52.350
104.404202,3925,2057,4941,52.350
104.408570,3922,2056,4942,52.350
104.414240,3920,2053,4940,52.350
104.418758,3919,2051,4939,52.350
104.424365,3916,2048,4941,52.350
104.428821,3915,2048,4941,52.350
104.434543,3914,2048,4941,52.350
104.438983,3912,2049,4939,52.350
104.443363,3910,2050,4939,52.350
104.449091,3910,2052,4936,52.350
104.453507,3910,2053,4934,52.350
104.459214,3910,2053,4934,52.350
104.463652,3908,2053,4931,52.350
104.469375,3906,2051,4929,52.350
104.473784,3904,2049,4928,52.350
104.478231,3903,2047,4926,52.350
104.483930,3903,2047,4924,52.350
104.488366,3903,2045,4924,52.350
104.493985,3903,2043,4922,52.350
104.498509,3904,2043,4920,52.350
104.504120,3905,2044,4919,52.350
104.508518,3906,2046,4917,52.350
104.514510,3908,2047,4917,52.350
104.518762,3909,2047,4920,52.350
104.523120,3910,2047,4923,52.350
104.528887,3911,2046,4926,52.350
104.533328,3912,2046,4931,52.350
104.538953,3912,2046,4935,52.350
104.543427,3912,2045,4938,52.350
104.549142,3912,2045,4941,52.350
104.553547,3912,2045,4941,52.350
104.557950,3913,2045,4940,52.350
104.563724,3913,2047,4937,52.350
104.568115,3912,2047,4932,52.350
104.573769,3910,2047,4927,52.350
104.578215,3908,2046,4921,52.350
104.583910,3907,2046,4917,52.350
104.588333,3906,2046,4915,52.350
104.593968,3906,2048,4914,52.350
104.598526,3908,2048,4915,52.350
104.602957,3910,2048,4917,52.350
104.608686,3912,2048,4918,52.350
104.613105,3914,2046,4921,52.350
104.618758,3916,2044,4923,52.350
104.623241,3919,2041,4925,52.350
104.628938,3920,2040,4927,52.350
104.633312,3920,2037,4927,52.350
104.637745,3918,2034,4925,52.350
104.643473,3916,2032,4926,52.350
104.647917,3913,2030,4924,52.350
104.653570,3911,2029,4924,52.350
104.658030,3911,2030,4924,52.350
104.663710,3910,2032,4925,52.350
104.668166,3910,2033,4927,52.350
104.673888,3910,2034,4928,52.350
104.678289,3910,2034,4927,52.350
104.682750,3908,2033,4923,52.350
104.688451,3906,2034,4921,52.350
104.692926,3904,2035,4920,52.350
104.698575,3903,2036,4919,52.350
104.703036,3904,2037,4922,52.350
104.708698,3907,2039,4923,52.350
104.713178,3911,2040,4922,52.350
104.717541,3912,2041,4921,52.350
104.723268,3913,2042,4918,52.350
104.727728,3914,2043,4916,52.350
104.733403,3915,2044,4915,52.350
104.737844,3916,2045,4914,52.350
104.743498,3918,2044,4915,52.350
104.747939,3919,2044,4916,52.350
104.753632,3920,2045,4916,52.350
104.758118,3921,2045,4916,52.350
104.762520,3922,2045,4915,52.350
104.768268,3924,2046,4913,52.350
104.772642,3925,2045,4913,52.350
104.778345,3925,2044,4914,52.350
104.782771,3924,2044,4913,52.350
104.788472,3923,2043,4912,52.350
104.792956,3920,2044,4913,52.350
104.797345,3916,2044,4913,52.350
104.803129,3913,2044,4915,52.350
104.807455,3911,2043,4919,52.350
104.813159,3911,2041,4922,52.350
104.817632,3910,2040,4926,52.350
104.823296,3911,2041,4930,52.350
104.827731,3910,2044,4937,52.350
104.833501,3910,2046,4942,52.350
104.837896,3910,2049,4946,52.350
104.842110,3910,2052,4947,52.350
104.848053,3911,2052,4946,52.350
104.852430,3911,2053,4940,52.350
104.858125,3910,2052,4934,52.350
104.862615,3910,2048,4929,52.350
104.868276,3911,2047,4924,52.350
104.872706,3912,2046,4920,52.350
104.877154,3912,2045,4919,52.350
104.882654,3913,2044,4919,52.350
104.887338,3914,2043,4919,52.350
104.892930,3913,2040,4920,52.350
104.897439,3912,2039,4921,52.350
104.903066,3910,2037,4922,52.350
104.907603,3909,2035,4922,52.350
104.913240,3909,2033,4927,52.350
104.917684,3908,2032,4933,52.350
104.922140,3909,2031,4939,52.350
104.927848,3909,2030,4946,52.350
104.932240,3909,2030,4948,52.350
104.937938,3910,2031,4948,52.350
104.942386,3911,2031,4946,52.350
104.947848,3912,2033,4943,52.350
104.952487,3913,2034,4941,52.350
104.956904,3913,2034,4940,52.350
104.962644,3914,2034,4942,52.350
104.967037,3916,2035,4943,52.350
104.972730,3917,2037,4942,52.350
104.977210,3918,2039,4939,52.350
104.982844,3920,2041,4936,52.350
104.987314,3920,2043,4932,52.350
104.993047,3918,2043,4927,52.350
104.997508,3917,2044,4924,52.350
105.001864,3915,2044,4922,52.350
105.007302,3914,2045,4920,52.350
105.011804,3912,2046,4919,52.350
105.017684,3910,2047,4918,52.350
105.022149,3908,2048,4919,52.350
105.027630,3906,2047,4920,52.350
105.032250,3905,2048,4924,52.350
105.036705,3905,2047,4926,52.350
105.042166,3905,2048,4927,52.350
105.046590,3907,2049,4928,52.350
105.052572,3908,2050,4926,52.350
105.056991,3910,2050,4924,52.350
105.062486,3912,2050,4923,52.350
105.066881,3913,2050,4922,52.350
105.072598,3914,2050,4922,52.350
105.076991,3913,2051,4925,52.350
105.081679,3913,2052,4928,52.350
105.087400,3910,2053,4930,52.350
105.091833,3907,2053,4932,52.350
105.097503,3904,2053,4934,52.350
105.101966,3904,2052,4937,52.350
105.107656,3904,2052,4938,52.350
105.112136,3905,2053,4937,52.350
105.116509,3907,2054,4937,52.350
105.122208,3906,2056,4934,52.350
105.126664,3906,2057,4934,52.350
105.132314,3907,2055,4934,52.350
105.136820,3909,2053,4934,52.350
105.142445,3911,2051,4932,52.350
105.146924,3913,2049,4933,52.350
105.152597,3915,2048,4932,52.350
105.157025,3916,2046,4929,52.350
105.161417,3915,2044,4927,52.350
105.167166,3915,2041,4924,52.350
105.171591,3916,2038,4921,52.350
105.177266,3916,2035,4917,52.350
105.181730,3916,2034,4911,52.350
105.187444,3915,2033,4908,52.350
105.191889,3913,2034,4904,52.350
105.196328,3913,2036,4903,52.350
105.202020,3914,2037,4903,52.350
105.206460,3915,2040,4903,52.350
105.212134,3917,2041,4904,52.350
105.216564,3918,2042,4907,52.350
105.222285,3918,2043,4910,52.350
105.226707,3919,2042,4915,52.350
105.232420,3919,2042,4918,52.350
105.236842,3919,2041,4919,52.350
105.241231,3920,2041,4921,52.350
105.247020,3921,2040,4920,52.350
105.251115,3923,2039,4917,52.350
105.257059,3924,2039,4915,52.350
105.261576,3924,2040,4913,52.350
105.267207,3922,2042,4916,52.350
105.271630,3921,2044,4920,52.350
105.276048,3920,2045,4925,52.350
105.281762,3921,2045,4928,52.350
105.286266,3924,2044,4929,52.350
105.291879,3926,2043,4928,52.350
105.296381,3927,2040,4927,52.350
105.302071,3927,2040,4923,52.350
105.306482,3926,2040,4920,52.350
105.312247,3926,2040,4921,52.350
105.316630,3927,2041,4920,52.350
105.321049,3927,2042,4922,52.350
105.326729,3929,2043,4922,52.350
105.331204,3929,2045,4921,52.350
105.336865,3930,2047,4922,52.350
105.341294,3930,2047,4924,52.350
105.347022,3930,2047,4926,52.350
105.351440,3930,2045,4928,52.350
105.355877,3930,2044,4930,52.350
105.361577,3930,2044,4932,52.350
105.365773,3929,2044,4933,52.350
105.371655,3927,2045,4935,52.350
105.376186,3927,2045,4935,52.350
105.381520,3927,2044,4935,52.350
105.386046,3927,2044,4933,52.350
105.391964,3928,2042,4930,52.350
105.396401,3926,2041,4932,52.350
105.400808,3925,2044,4932,52.350
105.406580,3925,2046,4936,52.350
105.410962,3925,2048,4939,52.350
105.416685,3927,2050,4939,52.350
105.421114,3930,2052,4938,52.350
105.426858,3932,2051,4937,52.350
105.431254,3932,2052,4934,52.350
105.435635,3932,2051,4934,52.350
105.441372,3931,2050,4937,52.350
105.445768,3930,2050,4939,52.350
105.451443,3931,2047,4939,52.350
105.455917,3933,2046,4938,52.350
105.461577,3935,2047,4934,52.350
105.466035,3937,2049,4927,52.350
105.471728,3939,2050,4923,52.350
105.476168,3938,2049,4920,52.350
105.480617,3936,2046,4919,52.350
105.486324,3933,2042,4918,52.350
105.490787,3931,2038,4916,52.350
105.496445,3929,2033,4914,52.350
105.500916,3929,2031,4914,52.350
105.506586,3929,2032,4916,52.350
105.511041,3926,2034,4920,52.350
105.515430,3924,2036,4920,52.350
105.521198,3921,2038,4918,52.350
105.525576,3918,2038,4919,52.350
105.531259,3917,2038,4919,52.350
105.535475,3916,2037,4921,52.350
105.541395,3915,2037,4922,52.350
105.545822,3914,2037,4924,52.350
105.551519,3913,2037,4925,52.350
105.555956,3912,2037,4926,52.350
105.560398,3911,2037,4924,52.350
105.566115,3911,2036,4924,52.350
105.570576,3912,2035,4919,52.350
105.576208,3912,2034,4917,52.350
105.580672,3912,2033,4917,52.350
105.586373,3913,2034,4916,52.350
105.590822,3912,2033,4918,52.350
105.595217,3913,2035,4919,52.350
105.600973,3914,2035,4917,52.350
105.605434,3914,2036,4916,52.350
105.611061,3914,2036,4914,52.350
105.615334,3915,2035,4914,52.350
105.621223,3914,2034,4915,52.350
105.625601,3912,2033,4916,52.350
105.631345,3911,2034,4918,52.350
105.635767,3908,2036,4919,52.350
105.640228,3909,2038,4917,52.350
105.645935,3910,2041,4914,52.350
105.650310,3911,2042,4912,52.350
105.655995,3913,2042,4912,52.350
105.660578,3914,2042,4914,52.350
105.666214,3915,2040,4917,52.350
105.670565,3917,2039,4919,52.350
105.675050,3919,2038,4923,52.350
105.680731,3921,2038,4927,52.350
105.685127,3923,2038,4929,52.350
105.690853,3925,2039,4932,52.350
105.695356,3924,2040,4932,52.350
105.700974,3924,2040,4929,52.350
105.705443,3923,2041,4926,52.350
105.711140,3922,2042,4923,52.350
105.715593,3921,2045,4920,52.350
105.720008,3920,2048,4916,52.350
105.725765,3920,2050,4912,52.350
105.730106,3920,2052,4908,52.350
105.735817,3921,2053,4907,52.350
105.740291,3923,2052,4908,52.350
105.745932,3923,2052,4910,52.350
105.750417,3923,2050,4917,52.350
105.754786,3923,2049,4922,52.350
105.760526,3923,2049,4924,52.350
105.764649,3920,2049,4924,52.350
105.770605,3919,2048,4922,52.350
105.775099,3918,2047,4919,52.350
105.780740,3918,2046,4917,52.350
105.785231,3918,2044,4916,52.350
105.790907,3918,2044,4918,52.350
105.795375,3918,2045,4918,52.350
105.799781,3916,2046,4921,52.350
105.805504,3916,2047,4925,52.350
105.809925,3915,2047,4925,52.350
105.815619,3914,2048,4925,52.350
105.820011,3914,2049,4927,52.350
105.825755,3914,2050,4928,52.350
105.830177,3914,2051,4928,52.350
105.834559,3913,2050,4927,52.350
105.840323,3910,2049,4924,52.350
105.844715,3907,2048,4922,52.350
105.850397,3905,2047,4919,52.350
105.854849,3905,2046,4917,52.350
105.860546,3906,2046,4916,52.350
105.864989,3908,2045,4916,52.350
105.870717,3910,2045,4917,52.350
105.875149,3911,2047,4918,52.350
105.879757,3911,2048,4917,52.350
105.885294,3911,2050,4918,52.350
105.889702,3911,2050,4919,52.350
105.895389,3912,2049,4921,52.350
105.899798,3915,2048,4924,52.350
105.905521,3916,2046,4924,52.350
105.909986,3917,2045,4922,52.350
105.914404,3916,2043,4920,52.350
105.920114,3915,2041,4921,52.350
105.924556,3914,2040,4920,52.350
105.930211,3915,2039,4921,52.350
105.934636,3916,2037,4922,52.350
105.940348,3917,2035,4919,52.350
105.944784,3918,2034,4917,52.350
105.950467,3920,2033,4916,52.350
105.954916,3919,2033,4915,52.350
105.959333,3920,2035,4914,52.350
105.965039,3918,2036,4916,52.350
105.969460,3915,2038,4919,52.350
105.975216,3914,2039,4921,52.350
105.979637,3911,2039,4924,52.350
105.985313,3909,2039,4930,52.350
105.989780,3907,2039,4935,52.350
105.994160,3906,2038,4940,52.350
105.999692,3905,2036,4945,52.350
106.004052,3905,2035,4943,52.350
106.009721,3906,2036,4940,52.350
106.014186,3906,2037,4937,52.350
106.019860,3906,2036,4933,52.350
106.024297,3907,2038,4932,52.350
106.029962,3910,2038,4932,52.350
106.034402,3911,2039,4933,52.350
106.038810,3912,2040,4934,52.350
106.044586,3913,2041,4937,52.350
106.049314,3914,2039,4941,52.350
106.054932,3914,2038,4943,52.350
106.059387,3915,2037,4942,52.350
106.065079,3913,2038,4942,52.350
106.069222,3912,2040,4942,52.350
106.073909,3908,2042,4943,52.350
106.079647,3905,2043,4944,52.350
106.084102,3901,2044,4944,52.350
106.089816,3900,2044,4940,52.350
106.094263,3901,2043,4936,52.350
106.099930,3900,2044,4931,52.350
106.104373,3901,2043,4930,52.350
106.110100,3901,2043,4929,52.350
106.114585,3904,2044,4930,52.350
106.118896,3906,2043,4929,52.350
106.124630,3908,2043,4924,52.350
106.129057,3910,2045,4919,52.350
106.134706,3908,2047,4915,52.350
106.139148,3907,2049,4910,52.350
106.144852,3906,2051,4909,52.350
106.149327,3906,2050,4912,52.350
106.153708,3906,2051,4913,52.350
106.159460,3906,2051,4914,52.350
106.163907,3906,2051,4914,52.350
106.169571,3906,2053,4912,52.350
106.173995,3907,2052,4909,52.350
106.179423,3910,2050,4908,52.350
106.184128,3912,2048,4909,52.350
106.189830,3913,2048,4910,52.350
106.194211,3913,2047,4910,52.350
106.198702,3913,2046,4910,52.350
106.204496,3913,2045,4910,52.350
106.208956,3913,2043,4911,52.350
106.214551,3914,2040,4912,52.350
106.218977,3914,2039,4914,52.350
106.224678,3913,2038,4916,52.350
106.229149,3911,2040,4915,52.350
106.233524,3910,2042,4915,52.350
106.239267,3911,2044,4916,52.350
106.243644,3910,2047,4917,52.350
106.249309,3909,2047,4921,52.350
106.253777,3906,2048,4926,52.350
106.259472,3905,2048,4930,52.350
106.263940,3904,2048,4933,52.350
106.269620,3905,2047,4932,52.350
106.274072,3907,2048,4930,52.350
106.278483,3908,2049,4929,52.350
106.284221,3910,2050,4928,52.350
106.288666,3910,2050,4928,52.350
106.294341,3909,2051,4930,52.350
106.298745,3910,2050,4932,52.350
106.304497,3910,2051,4935,52.350
106.308907,3911,2052,4938,52.350
106.313306,3912,2052,4940,52.350
106.318942,3911,2053,4942,52.350
106.323467,3910,2053,4944,52.350
106.329115,3909,2051,4944,52.350
106.333581,3909,2048,4945,52.350
106.339294,3910,2048,4944,52.350
106.343706,3913,2048,4944,52.350
106.349396,3915,2049,4946,52.350
106.353857,3916,2050,4944,52.350
106.358307,3916,2050,4942,52.350
106.364018,3916,2049,4938,52.350
106.368441,3916,2049,4934,52.350
106.374070,3915,2048,4930,52.350
106.378567,3916,2049,4929,52.350
106.384192,3916,2049,4928,52.350
106.388638,3916,2048,4927,52.350
106.393076,3917,2047,4925,52.350
106.398884,3917,2046,4923,52.350
106.403217,3917,2044,4920,52.350
106.408927,3917,2042,4920,52.350
106.413387,3915,2040,4921,52.350
106.419076,3914,2040,4923,52.350
106.423490,3912,2040,4922,52.350
106.429248,3910,2042,4920,52.350
106.433614,3907,2045,4917,52.350
106.438019,3906,2046,4913,52.350
106.443760,3904,2047,4911,52.350
106.448194,3903,2046,4909,52.350
106.453849,3902,2043,4908,52.350
106.458342,3900,2042,4907,52.350
106.464195,3900,2040,4911,52.350
106.468451,3899,2038,4914,52.350
106.472881,3899,2036,4916,52.350
106.478633,3900,2035,4917,52.350
106.483017,3901,2033,4918,52.350
106.488707,3902,2033,4916,52.350
106.493158,3903,2034,4914,52.350
106.498851,3905,2036,4913,52.350
106.503373,3907,2038,4911,52.350
106.509011,3910,2039,4914,52.350
106.513459,3910,2041,4916,52.350
106.517841,3909,2041,4918,52.350
106.523579,3907,2041,4922,52.350
106.528000,3906,2041,4926,52.350
106.533635,3907,2040,4928,52.350
106.538127,3908,2038,4930,52.350
106.543790,3909,2037,4931,52.350
106.548272,3910,2037,4929,52.350
106.552642,3911,2039,4926,52.350
106.558374,3913,2039,4921,52.350
106.562850,3913,2038,4917,52.350
106.568454,3914,2037,4913,52.350
106.572988,3913,2036,4910,52.350
106.578487,3912,2037,4906,52.350
106.583068,3910,2038,4904,52.350
106.588779,3910,2040,4901,52.350
106.593217,3910,2043,4901,52.350
106.597378,3910,2044,4905,52.350
106.603342,3910,2046,4909,52.350
106.607796,3909,2047,4911,52.350
106.613311,3910,2047,4912,52.350
106.617861,3909,2045,4911,52.350
106.623636,3910,2044,4910,52.350
106.628021,3910,2041,4910,52.350
106.632423,3910,2039,4911,52.350
106.638158,3911,2036,4912,52.350
106.642294,3911,2034,4913,52.350
106.648238,3912,2033,4913,52.350
106.652726,3912,2032,4914,52.350
106.658418,3913,2033,4916,52.350
106.662823,3913,2034,4919,52.350
106.668574,3914,2036,4920,52.350
106.672958,3914,2038,4919,52.350
106.677421,3914,2040,4917,52.350
106.683105,3914,2043,4914,52.350
106.687544,3914,2045,4913,52.350
106.693247,3912,2048,4914,52.350
106.697694,3912,2049,4914,52.350
106.703388,3910,2050,4914,52.350
106.707857,3907,2049,4916,52.350
106.712208,3906,2050,4914,52.350
106.717958,3904,2051,4911,52.350
106.722374,3904,2053,4908,52.350
106.728090,3906,2055,4906,52.350
106.732457,3908,2056,4905,52.350
106.738218,3910,2057,4907,52.350
106.742628,3911,2056,4908,52.350
106.748326,3913,2055,4905,52.350
106.752740,3913,2055,4903,52.350
106.757207,3914,2055,4901,52.350
106.762916,3915,2055,4900,52.350
106.767399,3916,2054,4901,52.350
106.773038,3916,2052,4907,52.350
106.777523,3916,2052,4915,52.350
106.783122,3914,2050,4924,52.350
106.787573,3911,2049,4932,52.350
106.792030,3909,2047,4939,52.350
106.797738,3907,2045,4940,52.350
106.802158,3907,2043,4937,52.350
106.807865,3907,2044,4933,52.350
106.812329,3907,2045,4932,52.350
106.817988,3908,2044,4932,52.350
106.822385,3907,2047,4931,52.350
106.827860,3908,2051,4929,52.350
106.832577,3909,2054,4925,52.350
106.836986,3910,2056,4923,52.350
106.842506,3912,2057,4922,52.350
106.847115,3913,2058,4920,52.350
106.852778,3913,2056,4917,52.350
106.857289,3914,2055,4914,52.350
106.862939,3913,2053,4913,52.350
106.867394,3913,2051,4915,52.350
106.871821,3912,2048,4916,52.350
106.877574,3912,2047,4916,52.350
106.881978,3912,2047,4915,52.350
106.887637,3912,2045,4911,52.350
106.892120,3911,2044,4909,52.350
106.897809,3911,2043,4907,52.350
106.902271,3911,2042,4903,52.350
106.907961,3911,2042,4901,52.350
106.912389,3911,2043,4898,52.350
106.916763,3913,2043,4897,52.350
106.922492,3914,2045,4901,52.350
106.926957,3913,2046,4905,52.350
106.932601,3915,2047,4910,52.350
106.937059,3915,2046,4914,52.350
106.942756,3915,2046,4918,52.350
106.947215,3916,2045,4918,52.350
106.951596,3918,2042,4918,52.350
106.957321,3919,2039,4919,52.350
106.961731,3921,2035,4920,52.350
106.967385,3923,2032,4923,52.350
106.971872,3923,2030,4926,52.350
106.977538,3921,2029,4930,52.350
106.982010,3919,2029,4932,52.350
106.987702,3917,2031,4931,52.350
106.992122,3913,2033,4928,52.350
106.996510,3909,2036,4924,52.350
107.002296,3906,2037,4920,52.350
107.006424,3904,2039,4921,52.350
107.012165,3902,2040,4922,52.350
107.016823,3902,2040,4924,52.350
107.022508,3902,2040,4926,52.350
107.026936,3902,2040,4926,52.350
107.031165,3901,2041,4921,52.350
107.037120,3900,2042,4919,52.350
107.041499,3899,2042,4919,52.350
107.047206,3896,2041,4920,52.350
107.051684,3895,2043,4922,52.350
107.057091,3894,2043,4926,52.350
107.061519,3892,2045,4927,52.350
107.067471,3892,2045,4923,52.350
107.071945,3892,2046,4925,52.350
107.076364,3892,2045,4926,52.350
107.082080,3894,2044,4927,52.350
107.086546,3896,2044,4928,52.350
107.092214,3900,2043,4926,52.350
107.096636,3903,2042,4923,52.350
107.102340,3905,2040,4922,52.350
107.106778,3907,2040,4919,52.350
107.111199,3908,2039,4920,52.350
107.116909,3908,2037,4919,52.350
107.121310,3909,2035,4919,52.350
107.126984,3911,2033,4921,52.350
107.131487,3911,2031,4922,52.350
107.137123,3912,2031,4922,52.350
107.141629,3912,2030,4922,52.350
107.147324,3913,2029,4922,52.350
107.151783,3913,2029,4921,52.350
107.155817,3913,2030,4923,52.350
107.161628,3913,2032,4924,52.350
107.165991,3913,2032,4927,52.350
107.171940,3912,2033,4930,52.350
107.176431,3913,2036,4931,52.350
107.182089,3913,2038,4929,52.350
107.186571,3912,2040,4924,52.350
107.190977,3911,2041,4918,52.350
107.196696,3909,2042,4913,52.350
107.201148,3909,2042,4905,52.350
107.206858,3910,2042,4899,52.350
107.211262,3913,2044,4895,52.350
107.216935,3917,2044,4894,52.350
107.221349,3918,2042,4896,52.350
107.227088,3918,2042,4898,52.350
107.231507,3917,2042,4901,52.350
107.235928,3916,2041,4902,52.350
107.241659,3916,2042,4904,52.350
107.246052,3916,2042,4905,52.350
107.251501,3916,2043,4906,52.350
107.256188,3916,2045,4908,52.350
107.261837,3916,2044,4909,52.350
107.266351,3917,2044,4911,52.350
107.270802,3916,2042,4912,52.350
107.276503,3915,2039,4916,52.350
107.280926,3915,2036,4920,52.350
107.286558,3914,2035,4925,52.350
107.291118,3915,2034,4932,52.350
107.296730,3916,2034,4932,52.350
107.301175,3917,2033,4934,52.350
107.306899,3917,2031,4934,52.350
107.311338,3916,2031,4930,52.350
107.315709,3915,2031,4927,52.350
107.321424,3914,2032,4925,52.350
107.325855,3913,2032,4922,52.350
107.331525,3913,2034,4920,52.350
107.335991,3913,2035,4922,52.350
107.341682,3913,2036,4923,52.350
107.346150,3913,2036,4925,52.350
107.350545,3912,2036,4925,52.350
107.356270,3911,2035,4926,52.350
107.360705,3911,2036,4926,52.350
107.366326,3912,2037,4925,52.350
107.370858,3913,2038,4925,52.350
107.376501,3915,2038,4924,52.350
107.380650,3917,2038,4924,52.350
107.386649,3918,2038,4924,52.350
107.390847,3918,2040,4925,52.350
107.395475,3919,2042,4926,52.350
107.401322,3917,2042,4928,52.350
107.405702,3914,2042,4929,52.350
107.411344,3912,2041,4929,52.350
107.415792,3909,2040,4932,52.350
107.421524,3908,2040,4936,52.350
107.425914,3909,2039,4937,52.350
107.430340,3908,2038,4937,52.350
107.436066,3907,2038,4936,52.350
107.440468,3906,2038,4931,52.350
107.446211,3904,2038,4928,52.350
107.450638,3902,2038,4926,52.350
107.456290,3900,2035,4925,52.350
107.460729,3900,2032,4924,52.350
107.466446,3900,2030,4924,52.350
107.470861,3900,2029,4920,52.350
107.475343,3902,2030,4916,52.350
107.481008,3902,2031,4914,52.350
107.485481,3901,2033,4910,52.350
107.491113,3900,2035,4908,52.350
107.495579,3899,2037,4906,52.350
107.501276,3897,2039,4904,52.350
107.505726,3897,2042,4901,52.350
107.510097,3898,2046,4898,52.350
107.515825,3900,2051,4896,52.350
107.520310,3902,2054,4897,52.350
107.525973,3905,2055,4901,52.350
107.530442,3906,2055,4907,52.350
107.536069,3905,2053,4915,52.350
107.540526,3904,2052,4920,52.350
107.546205,3902,2052,4921,52.350
107.550662,3903,2052,4921,52.350
107.555105,3903,2052,4922,52.350
107.560832,3902,2051,4925,52.350
107.565332,3905,2051,4926,52.350
107.570891,3906,2049,4927,52.350
107.575391,3906,2048,4926,52.350
107.581060,3907,2047,4924,52.350
107.585513,3905,2046,4921,52.350
107.589960,3904,2046,4917,52.350
107.595661,3905,2046,4914,52.350
107.600075,3907,2048,4909,52.350
107.605751,3908,2047,4909,52.350
107.610198,3909,2046,4909,52.350
107.615909,3910,2046,4910,52.350
107.620310,3907,2045,4910,52.350
107.626049,3905,2045,4910,52.350
107.630450,3904,2046,4909,52.350
107.634688,3903,2046,4908,52.350
107.640599,3902,2048,4911,52.350
107.645001,3901,2048,4914,52.350
107.650724,3898,2048,4918,52.350
107.655161,3897,2048,4920,52.350
107.660854,3895,2047,4920,52.350
107.665297,3894,2046,4919,52.350
107.669696,3894,2046,4918,52.350
107.675453,3896,2043,4916,52.350
107.679885,3898,2041,4914,52.350
107.685496,3901,2039,4912,52.350
107.690037,3904,2038,4909,52.350
107.695679,3907,2038,4908,52.350
107.700107,3908,2038,4910,52.350
107.705846,3909,2039,4910,52.350
107.710271,3910,2040,4913,52.350
107.714564,3909,2041,4916,52.350
107.720392,3908,2042,4918,52.350
107.724810,3908,2041,4919,52.350
107.730455,3909,2039,4919,52.350
107.734910,3911,2038,4919,52.350
107.740617,3912,2037,4921,52.350
107.745038,3913,2036,4921,52.350
107.749243,3913,2036,4920,52.350
107.755179,3913,2038,4920,52.350
107.759646,3914,2039,4919,52.350
107.765020,3913,2038,4919,52.350
107.769798,3913,2038,4916,52.350
107.775446,3913,2037,4914,52.350
107.779523,3912,2036,4909,52.350
107.785572,3912,2037,4905,52.350
107.790037,3910,2037,4903,52.350
107.794302,3911,2037,4904,52.350
107.800234,3908,2036,4905,52.350
107.804611,3905,2036,4908,52.350
107.810316,3902,2035,4911,52.350
107.814701,3899,2034,4912,52.350
107.820411,3897,2033,4914,52.350
107.824853,3897,2033,4917,52.350
107.829273,3899,2033,4920,52.350
107.835033,3902,2033,4924,52.350
107.839413,3905,2034,4926,52.350
107.844908,3907,2033,4927,52.350
107.849524,3909,2034,4928,52.350
107.855215,3910,2033,4929,52.350
107.859705,3911,2030,4928,52.350
107.865409,3909,2029,4924,52.350
107.869835,3909,2029,4922,52.350
107.874283,3907,2029,4919,52.350
107.880134,3905,2030,4916,52.350
107.884426,3903,2033,4915,52.350
107.890032,3903,2035,4914,52.350
107.894525,3902,2037,4912,52.350
107.900245,3902,2038,4912,52.350
107.904667,3900,2038,4912,52.350
107.909064,3900,2038,4912,52.350
107.914728,3901,2037,4911,52.350
107.919187,3902,2036,4911,52.350
107.924856,3905,2036,4911,52.350
107.929360,3906,2036,4912,52.350
107.935072,3907,2037,4913,52.350
107.939452,3907,2038,4913,52.350
107.945205,3906,2038,4913,52.350
107.949575,3905,2037,4915,52.350
107.953998,3905,2037,4917,52.350
107.959731,3905,2039,4917,52.350
107.964187,3906,2041,4919,52.350
107.969852,3909,2044,4919,52.350
107.974295,3910,2046,4918,52.350
107.979997,3909,2046,4919,52.350
107.984428,3908,2046,4920,52.350
107.988826,3907,2044,4920,52.350
107.994543,3906,2043,4921,52.350
107.999008,3906,2042,4922,52.350
108.004674,3906,2041,4922,52.350
108.008840,3906,2039,4922,52.350
108.014705,3904,2037,4920,52.350
108.019300,3904,2037,4920,52.350
108.024943,3903,2037,4924,52.350
108.029108,3903,2037,4926,52.350
108.033770,3904,2037,4930,52.350
108.039487,3905,2038,4935,52.350
108.044026,3907,2038,4937,52.350
108.049571,3909,2038,4937,52.350
108.054081,3910,2039,4934,52.350
108.059759,3910,2041,4931,52.350
108.064299,3908,2042,4931,52.350
108.068593,3907,2044,4930,52.350
108.074323,3905,2044,4929,52.350
108.078658,3905,2043,4929,52.350
108.084468,3906,2041,4928,52.350
108.088907,3907,2040,4925,52.350
108.094592,3908,2040,4925,52.350
108.099047,3908,2041,4924,52.350
108.104774,3908,2042,4922,52.350
108.109183,3908,2044,4921,52.350
108.113577,3908,2044,4923,52.350
108.119345,3908,2045,4924,52.350
108.123775,3907,2043,4926,52.350
108.129394,3905,2041,4925,52.350
108.133826,3902,2040,4922,52.350
108.139467,3902,2039,4920,52.350
108.143958,3902,2040,4915,52.350
108.148583,3903,2041,4915,52.350
108.154113,3905,2043,4914,52.350
108.158590,3906,2043,4913,52.350
108.163999,3907,2043,4915,52.350
108.168666,3908,2042,4915,52.350
108.174367,3910,2041,4915,52.350
108.178678,3910,2040,4916,52.350
108.184496,3911,2038,4919,52.350
108.188970,3910,2035,4922,52.350
108.193383,3910,2034,4924,52.350
108.199071,3908,2031,4930,52.350
108.203545,3907,2030,4933,52.350
108.209254,3906,2031,4935,52.350
108.213627,3905,2031,4937,52.350
108.219345,3906,2032,4936,52.350
108.223758,3908,2033,4933,52.350
108.228159,3910,2033,4928,52.350
108.233902,3912,2032,4923,52.350
108.238311,3911,2030,4920,52.350
108.243979,3910,2029,4918,52.350
108.248468,3909,2028,4917,52.350
108.254200,3908,2027,4916,52.350
108.258576,3908,2026,4915,52.350
108.264299,3907,2028,4913,52.350
108.268704,3906,2029,4913,52.350
108.273167,3904,2030,4913,52.350
108.278896,3904,2031,4913,52.350
108.283347,3906,2032,4913,52.350
108.289002,3907,2032,4915,52.350
108.293424,3907,2032,4914,52.350
108.299121,3905,2033,4912,52.350
108.303561,3902,2035,4912,52.350
108.307948,3901,2036,4909,52.350
108.313716,3901,2037,4909,52.350
108.318123,3902,2038,4911,52.350
108.323773,3902,2039,4912,52.350
108.328312,3902,2040,4914,52.350
108.333933,3902,2041,4918,52.350
108.338343,3901,2042,4919,52.350
108.344052,3902,2042,4920,52.350
108.348502,3903,2041,4920,52.350
108.352983,3906,2041,4916,52.350
108.358682,3909,2040,4914,52.350
108.363079,3911,2040,4912,52.350
108.368739,3913,2041,4912,52.350
108.373220,3914,2041,4915,52.350
108.378927,3914,2041,4917,52.350
108.383323,3914,2042,4918,52.350
108.387778,3915,2040,4920,52.350
108.393461,3917,2039,4920,52.350
108.397899,3918,2038,4921,52.350
108.403605,3920,2036,4926,52.350
108.408055,3921,2036,4929,52.350
108.413725,3921,2037,4931,52.350
108.418144,3921,2039,4933,52.350
108.423883,3920,2041,4934,52.350
108.428293,3920,2042,4934,52.350
108.432673,3921,2042,4934,52.350
108.438421,3923,2043,4936,52.350
108.442845,3926,2042,4938,52.350
108.448547,3928,2042,4942,52.350
108.452983,3929,2042,4945,52.350
108.458680,3931,2040,4946,52.350
108.463096,3931,2040,4948,52.350
108.467512,3931,2039,4949,52.350
108.473290,3930,2038,4951,52.350
108.477742,3930,2037,4951,52.350
108.483367,3929,2036,4950,52.350
108.487850,3927,2036,4949,52.350
108.493520,3925,2038,4945,52.350
108.497963,3921,2040,4942,52.350
108.503657,3918,2041,4939,52.350
108.508092,3915,2041,4936,52.350
108.512515,3913,2041,4933,52.350
108.518309,3913,2040,4930,52.350
108.522629,3914,2041,4928,52.350
108.528351,3915,2043,4925,52.350
108.532816,3917,2043,4926,52.350
108.538480,3918,2043,4927,52.350
108.542910,3919,2042,4927,52.350
108.547298,3921,2040,4927,52.350
108.553043,3921,2038,4925,52.350
108.557497,3921,2037,4923,52.350
108.563140,3920,2037,4922,52.350
108.567618,3917,2036,4918,52.350
108.573289,3916,2035,4914,52.350
108.577892,3915,2035,4912,52.350
108.583415,3916,2037,4908,52.350
108.587914,3918,2038,4909,52.350
108.592329,3919,2040,4909,52.350
108.598051,3920,2041,4911,52.350
108.602435,3921,2041,4913,52.350
108.608169,3920,2042,4913,52.350
108.612535,3920,2041,4913,52.350
108.618082,3920,2041,4913,52.350
108.622669,3919,2041,4915,52.350
108.627082,3917,2041,4916,52.350
108.632808,3915,2041,4915,52.350
108.637287,3912,2039,4916,52.350
108.642877,3909,2039,4917,52.350
108.647416,3907,2040,4916,52.350
108.653033,3906,2040,4917,52.350
108.657474,3905,2038,4919,52.350
108.663243,3905,2035,4919,52.350
108.667674,3904,2031,4919,52.350
108.672079,3905,2029,4919,52.350
108.677811,3906,2029,4918,52.350
108.682277,3908,2029,4915,52.350
108.687893,3910,2030,4915,52.350
108.692373,3911,2032,4913,52.350
108.698050,3912,2032,4909,52.350
108.702466,3914,2032,4907,52.350
108.706932,3916,2033,4904,52.350
108.712647,3917,2033,4902,52.350
108.717006,3919,2033,4902,52.350
108.722673,3920,2034,4901,52.350
108.727154,3920,2035,4897,52.350
108.732844,3919,2036,4893,52.350
108.737288,3917,2037,4889,52.350
108.743011,3915,2038,4890,52.350
108.747463,3915,2037,4895,52.350
108.751508,3915,2036,4901,52.350
108.757561,3915,2037,4908,52.350
108.761985,3915,2037,4916,52.350
108.767647,3915,2037,4922,52.350
108.772157,3914,2037,4924,52.350
108.777821,3915,2037,4924,52.350
108.782270,3913,2037,4921,52.350
108.786436,3913,2039,4916,52.350
108.792433,3911,2042,4914,52.350
108.796817,3910,2044,4915,52.350
108.802485,3909,2047,4915,52.350
108.806946,3908,2049,4916,52.350
108.812651,3908,2048,4917,52.350
108.817046,3906,2049,4916,52.350
108.822768,3906,2048,4919,52.350
108.827209,3906,2047,4924,52.350
108.831604,3907,2046,4926,52.350
108.837372,3909,2044,4928,52.350
108.841781,3913,2044,4928,52.350
108.847464,3916,2046,4927,52.350
108.851899,3919,2047,4925,52.350
108.857589,3921,2047,4925,52.350
108.862006,3923,2046,4926,52.350
108.866680,3924,2044,4928,52.350
108.872189,3925,2042,4930,52.350
108.876584,3924,2041,4934,52.350
108.882292,3922,2041,4934,52.350
108.886769,3921,2040,4935,52.350
108.892416,3919,2039,4935,52.350
108.896870,3917,2039,4934,52.350
108.902607,3916,2039,4930,52.350
108.907023,3915,2039,4926,52.350
108.911411,3914,2040,4923,52.350
108.917105,3915,2040,4921,52.350
108.921524,3915,2039,4922,52.350
108.927221,3915,2037,4926,52.350
108.931669,3915,2036,4927,52.350
108.937377,3917,2036,4927,52.350
108.941807,3918,2036,4931,52.350
108.946228,3920,2037,4931,52.350
108.951934,3920,2038,4931,52.350
108.956387,3919,2037,4932,52.350
108.962036,3919,2037,4931,52.350
108.966501,3918,2035,4927,52.350
108.972207,3918,2035,4924,52.350
108.976626,3919,2034,4923,52.350
108.982319,3921,2033,4924,52.350
108.986795,3922,2033,4925,52.350
108.991226,3925,2034,4929,52.350
108.996850,3926,2036,4932,52.350
109.001357,3925,2037,4936,52.350
109.006743,3926,2037,4940,52.350
109.011474,3926,2037,4944,52.350
109.017201,3926,2036,4945,52.350
109.021563,3928,2036,4946,52.350
109.025977,3930,2038,4947,52.350
109.031438,3931,2040,4948,52.350
109.036116,3932,2043,4950,52.350
109.041836,3930,2045,4951,52.350
109.046299,3928,2047,4951,52.350
109.051956,3928,2048,4952,52.350
109.056421,3926,2046,4951,52.350
109.062091,3925,2045,4951,52.350
109.066578,3922,2044,4948,52.350
109.070947,3919,2041,4948,52.350
109.076712,3919,2039,4949,52.350
109.080884,3919,2037,4950,52.350
109.086833,3920,2036,4951,52.350
109.091244,3920,2034,4951,52.350
109.096731,3921,2033,4951,52.350
109.101092,3920,2033,4952,52.350
109.105778,3920,2032,4951,52.350
109.111515,3919,2031,4952,52.350
109.115950,3918,2032,4951,52.350
109.121607,3916,2034,4950,52.350
109.126066,3915,2034,4950,52.350
109.131729,3914,2035,4948,52.350
109.136195,3914,2037,4944,52.350
109.141908,3914,2038,4942,52.350
109.146321,3913,2039,4941,52.350
109.150779,3914,2040,4940,52.350
109.156463,3916,2042,4941,52.350
109.160875,3917,2043,4942,52.350
109.166543,3918,2045,4942,52.350
109.171037,3919,2046,4944,52.350
109.176696,3917,2045,4943,52.350
109.181118,3915,2045,4942,52.350
109.185600,3915,2045,4939,52.350
109.191300,3914,2045,4935,52.350
109.195740,3916,2044,4932,52.350
109.201408,3919,2045,4931,52.350
109.205920,3922,2044,4932,52.350
109.211545,3924,2043,4933,52.350
109.215961,3925,2044,4936,52.350
109.221675,3924,2045,4938,52.350
109.226096,3921,2047,4938,52.350
109.230526,3919,2047,4938,52.350
109.236282,3919,2047,4937,52.350
109.240664,3919,2045,4937,52.350
109.246382,3919,2043,4936,52.350
109.250806,3919,2041,4938,52.350
109.256478,3917,2042,4940,52.350
109.260916,3916,2043,4943,52.350
109.265323,3914,2044,4944,52.350
109.271131,3914,2046,4943,52.350
109.275747,3913,2047,4941,52.350
109.281157,3913,2047,4936,52.350
109.285642,3913,2046,4930,52.350
109.291324,3913,2046,4928,52.350
109.295790,3912,2045,4927,52.350
109.301466,3911,2045,4925,52.350
109.305966,3911,2043,4926,52.350
109.310315,3910,2041,4928,52.350
109.316035,3909,2039,4931,52.350
109.320456,3910,2037,4936,52.350
109.326142,3911,2037,4938,52.350
109.330565,3914,2037,4940,52.350
109.336290,3916,2037,4944,52.350
109.340822,3916,2037,4946,52.350
109.345121,3917,2037,4945,52.350
109.350858,3915,2036,4945,52.350
109.355336,3912,2036,4942,52.350
109.360949,3912,2035,4940,52.350
109.365204,3910,2035,4941,52.350
109.371095,3911,2034,4937,52.350
109.375585,3912,2033,4934,52.350
109.381246,3912,2033,4932,52.350
109.385685,3911,2031,4930,52.350
109.390110,3912,2031,4931,52.350
109.395815,3914,2031,4934,52.350
109.400261,3916,2031,4937,52.350
109.405911,3918,2033,4937,52.350
109.410379,3919,2036,4937,52.350
109.416073,3919,2039,4938,52.350
109.420485,3919,2042,4942,52.350
109.424901,3918,2044,4943,52.350
109.430628,3917,2046,4944,52.350
109.435041,3917,2047,4941,52.350
109.440755,3915,2047,4936,52.350
109.445232,3914,2047,4929,52.350
109.450881,3913,2046,4923,52.350
109.455296,3912,2047,4919,52.350
109.461010,3911,2047,4919,52.350
109.465445,3911,2049,4920,52.350
109.469901,3911,2050,4922,52.350
109.475613,3909,2051,4921,52.350
109.480104,3908,2053,4918,52.350
109.485682,3906,2055,4914,52.350
109.490166,3904,2056,4912,52.350
109.495866,3904,2058,4911,52.350
109.500295,3903,2059,4912,52.350
109.504676,3903,2058,4911,52.350
109.510420,3904,2056,4909,52.350
109.514767,3905,2053,4906,52.350
109.520488,3906,2050,4902,52.350
109.524963,3908,2049,4900,52.350
109.530673,3910,2048,4901,52.350
109.535099,3912,2048,4901,52.350
109.540786,3912,2047,4903,52.350
109.545269,3914,2046,4904,52.350
109.549641,3916,2044,4904,52.350
109.555163,3919,2041,4905,52.350
109.559836,3921,2040,4907,52.350
109.565499,3922,2040,4911,52.350
109.569912,3920,2039,4917,52.350
109.575665,3917,2038,4925,52.350
109.580121,3915,2036,4931,52.350
109.584490,3914,2037,4934,52.350
109.590184,3914,2038,4934,52.350
109.594640,3914,2039,4933,52.350
109.600062,3914,2041,4930,52.350
109.604782,3914,2042,4928,52.350
109.610463,3914,2043,4925,52.350
109.614890,3913,2043,4924,52.350
109.620578,3912,2042,4921,52.350
109.625013,3912,2042,4920,52.350
109.629461,3910,2042,4916,52.350
109.635170,3909,2043,4916,52.350
109.639589,3911,2045,4915,52.350
109.645260,3912,2046,4911,52.350
109.649722,3913,2048,4907,52.350
109.655394,3912,2048,4905,52.350
109.659864,3909,2046,4905,52.350
109.664324,3908,2044,4907,52.350
109.669971,3908,2041,4911,52.350
109.674453,3908,2038,4916,52.350
109.680114,3910,2038,4919,52.350
109.684530,3912,2038,4921,52.350
109.690255,3913,2039,4921,52.350
109.694658,3913,2040,4919,52.350
109.700406,3913,2040,4917,52.350
109.704861,3914,2040,4914,52.350
109.709241,3913,2039,4915,52.350
109.714957,3914,2039,4913,52.350
109.719353,3915,2039,4912,52.350
109.725046,3916,2040,4911,52.350
109.729512,3917,2039,4909,52.350
109.735224,3918,2039,4909,52.350
109.739641,3918,2038,4914,52.350
109.744057,3917,2036,4917,52.350
109.749602,3917,2035,4922,52.350
109.754156,3916,2034,4924,52.350
109.759861,3916,2033,4923,52.350
109.764107,3917,2034,4922,52.350
109.770014,3915,2035,4919,52.350
109.774502,3916,2038,4917,52.350
109.779956,3917,2040,4916,52.350
109.784659,3917,2044,4912,52.350
109.789042,3916,2046,4909,52.350
109.794599,3916,2045,4909,52.350
109.799158,3919,2045,4912,52.350
109.804826,3920,2044,4917,52.350
109.809331,3922,2044,4923,52.350
109.814992,3923,2044,4927,52.350
109.819430,3922,2043,4932,52.350
109.823844,3920,2042,4933,52.350
109.829645,3919,2042,4933,52.350
109.833975,3918,2042,4934,52.350
109.839648,3915,2044,4931,52.350
109.844154,3913,2045,4930,52.350
109.849818,3911,2045,4929,52.350
109.854281,3909,2047,4929,52.350
109.859988,3909,2048,4928,52.350
109.864401,3910,2049,4930,52.350
109.868828,3910,2049,4928,52.350
109.874563,3909,2048,4926,52.350
109.878996,3910,2046,4922,52.350
109.884666,3910,2045,4917,52.350
109.889110,3912,2045,4914,52.350
109.894798,3912,2045,4912,52.350
109.899293,3913,2044,4911,52.350
109.903615,3914,2046,4910,52.350
109.909342,3915,2047,4909,52.350
109.913776,3917,2047,4908,52.350
109.919217,3917,2047,4907,52.350
109.923722,3917,2046,4905,52.350
109.929600,3915,2045,4902,52.350
109.934038,3913,2044,4901,52.350
109.939716,3910,2042,4902,52.350
109.944199,3908,2041,4905,52.350
109.948625,3906,2041,4908,52.350
109.954321,3906,2041,4911,52.350
109.958792,3906,2043,4911,52.350
109.964419,3906,2043,4907,52.350
109.968862,3908,2043,4903,52.350
109.974546,3911,2041,4902,52.350
109.979022,3912,2039,4902,52.350
109.983405,3913,2038,4904,52.350
109.989174,3912,2038,4909,52.350
109.993588,3912,2040,4910,52.350
109.999266,3913,2041,4910,52.350
110.003687,3915,2041,4912,52.350
110.009134,3919,2043,4912,52.350
110.013534,3921,2045,4912,52.350
110.019373,3922,2046,4914,52.350
110.024001,3923,2048,4915,52.350
110.028341,3922,2049,4917,52.350
110.034098,3921,2049,4918,52.350
110.038533,3919,2049,4918,52.350
110.044208,3916,2050,4917,52.350
110.048669,3914,2050,4914,52.350
110.054321,3913,2049,4911,52.350
110.058799,3912,2046,4910,52.350
110.062999,3912,2043,4911,52.350
110.068965,3911,2043,4911,52.350
110.073032,3911,2040,4911,52.350
110.079089,3912,2037,4912,52.350
110.083509,3913,2036,4912,52.350
110.089257,3916,2035,4912,52.350
110.093642,3919,2034,4912,52.350
110.099340,3920,2036,4912,52.350
110.103779,3921,2038,4911,52.350
110.107908,3922,2040,4913,52.350
110.113646,3920,2043,4916,52.350
110.117978,3919,2048,4917,52.350
110.123994,3920,2050,4920,52.350
110.128439,3920,2051,4922,52.350
110.134117,3921,2051,4924,52.350
110.138573,3923,2050,4927,52.350
110.142978,3923,2049,4932,52.350
110.148698,3922,2050,4937,52.350
110.153141,3921,2052,4941,52.350
110.158849,3918,2053,4944,52.350
110.163352,3917,2053,4947,52.350
110.168947,3915,2054,4948,52.350
110.173434,3913,2054,4944,52.350
110.178915,3912,2053,4940,52.350
110.183521,3911,2052,4936,52.350
110.188041,3910,2051,4931,52.350
110.193710,3909,2048,4926,52.350
110.198103,3908,2047,4920,52.350
110.203806,3907,2047,4917,52.350
110.208252,3906,2047,4915,52.350
110.213962,3907,2047,4916,52.350
110.218342,3908,2048,4919,52.350
110.222777,3909,2047,4922,52.350
110.228501,3910,2047,4921,52.350
110.232953,3910,2046,4918,52.350
110.238602,3909,2045,4913,52.350
110.243080,3909,2042,4906,52.350
110.248757,3910,2037,4902,52.350
110.253128,3911,2034,4900,52.350
110.258905,3911,2034,4898,52.350
110.263328,3910,2034,4897,52.350
110.267816,3909,2037,4897,52.350
110.273528,3910,2037,4898,52.350
110.277909,3912,2036,4899,52.350
110.283607,3913,2033,4901,52.350
110.288032,3914,2031,4903,52.350
110.293764,3916,2028,4904,52.350
110.298142,3916,2027,4906,52.350
110.302564,3916,2028,4909,52.350
110.308307,3915,2027,4912,52.350
110.312727,3915,2028,4917,52.350
110.318419,3914,2029,4921,52.350
110.322870,3914,2031,4922,52.350
110.328525,3912,2032,4922,52.350
110.332963,3908,2036,4920,52.350
110.338675,3905,2039,4919,52.350
110.343143,3902,2042,4919,52.350
110.347604,3900,2046,4920,52.350
110.353271,3898,2046,4919,52.350
110.357713,3898,2046,4919,52.350
110.363372,3897,2043,4918,52.350
110.367823,3895,2040,4917,52.350
110.373517,3895,2039,4917,52.350
110.378013,3897,2039,4916,52.350
110.382354,3898,2040,4913,52.350
110.388148,3899,2042,4911,52.350
110.392570,3899,2043,4911,52.350
110.398246,3901,2044,4909,52.350
110.402659,3900,2045,4909,52.350
110.408320,3900,2044,4910,52.350
110.412760,3900,2041,4913,52.350
110.418476,3899,2039,4915,52.350
110.422920,3899,2036,4917,52.350
110.427336,3899,2035,4917,52.350
110.433060,3901,2035,4918,52.350
110.437470,3902,2036,4917,52.350
110.443214,3903,2035,4916,52.350
110.447638,3904,2033,4918,52.350
110.453313,3905,2030,4922,52.350
110.457784,3908,2028,4923,52.350
110.462146,3910,2027,4922,52.350
110.467918,3913,2028,4919,52.350
110.472341,3914,2030,4917,52.350
110.478003,3914,2032,4914,52.350
110.482437,3914,2034,4910,52.350
110.488143,3913,2039,4908,52.350
110.492562,3913,2041,4907,52.350
110.498331,3912,2042,4908,52.350
110.502729,3912,2043,4910,52.350
110.507156,3910,2043,4913,52.350
110.512867,3909,2042,4913,52.350
110.517315,3909,2043,4912,52.350
110.522943,3909,2045,4910,52.350
110.527387,3908,2048,4909,52.350
110.533085,3909,2049,4908,52.350
110.537528,3908,2050,4908,52.350
110.541944,3908,2050,4910,52.350
110.547682,3907,2049,4911,52.350
110.552116,3908,2049,4912,52.350
110.557778,3908,2049,4913,52.350
110.562344,3909,2049,4915,52.350
110.567943,3908,2048,4918,52.350
110.572413,3907,2046,4922,52.350
110.578143,3908,2044,4923,52.350
110.582507,3909,2042,4924,52.350
110.586958,3909,2041,4922,52.350
110.592674,3909,2042,4917,52.350
110.597009,3910,2044,4915,52.350
110.602722,3909,2044,4913,52.350
110.607254,3910,2043,4914,52.350
110.612889,3911,2042,4916,52.350
110.617316,3911,2039,4916,52.350
110.621724,3912,2039,4918,52.350
110.627433,3911,2040,4917,52.350
110.631871,3911,2041,4916,52.350
110.637549,3911,2044,4916,52.350
110.642023,3912,2045,4913,52.350
110.647735,3913,2046,4912,52.350
110.652149,3915,2047,4911,52.350
110.657880,3917,2047,4910,52.350
110.662291,3918,2047,4910,52.350
110.666728,3918,2047,4912,52.350
110.672448,3917,2047,4913,52.350
110.676883,3916,2049,4916,52.350
110.682547,3915,2051,4919,52.350
110.687004,3915,2053,4921,52.350
110.692700,3915,2054,4923,52.350
110.697139,3915,2054,4925,52.350
110.701531,3915,2052,4927,52.350
110.707282,3914,2047,4928,52.350
110.711692,3913,2044,4927,52.350
110.717369,3912,2042,4926,52.350
110.721821,3911,2042,4922,52.350
110.727498,3911,2043,4921,52.350
110.731898,3912,2045,4917,52.350
110.737616,3914,2047,4914,52.350
110.742066,3916,2047,4910,52.350
110.746490,3915,2049,4907,52.350
110.751949,3915,2049,4910,52.350
110.756662,3915,2049,4912,52.350
110.762162,3914,2050,4914,52.350
110.766783,3915,2050,4918,52.350
110.772451,3917,2048,4921,52.350
110.776968,3920,2047,4921,52.350
110.781309,3922,2045,4922,52.350
110.787056,3922,2044,4925,52.350
110.791464,3923,2043,4925,52.350
110.797134,3922,2040,4926,52.350
110.801580,3921,2038,4928,52.350
110.807298,3919,2038,4928,52.350
110.811705,3917,2037,4930,52.350
110.817431,3916,2037,4929,52.350
110.821845,3916,2036,4930,52.350
110.826287,3916,2036,4931,52.350
110.831990,3917,2036,4928,52.350
110.836425,3919,2037,4927,52.350
110.842078,3921,2037,4928,52.350
110.846609,3923,2036,4926,52.350
110.852275,3926,2035,4926,52.350
110.856715,3927,2035,4924,52.350
110.861161,3929,2036,4923,52.350
110.866841,3929,2037,4922,52.350
110.871308,3930,2039,4922,52.350
110.876939,3931,2041,4921,52.350
110.881412,3931,2043,4921,52.350
110.887089,3931,2045,4920,52.350
110.891494,3930,2046,4919,52.350
110.897239,3926,2046,4919,52.350
110.901666,3924,2044,4921,52.350
110.906047,3920,2044,4923,52.350
110.911822,3917,2042,4925,52.350
110.916216,3914,2040,4926,52.350
110.921890,3913,2040,4927,52.350
110.926302,3912,2039,4927,52.350
110.932046,3912,2039,4927,52.350
110.936453,3912,2039,4928,52.350
110.940891,3911,2038,4929,52.350
110.946617,3910,2037,4930,52.350
110.951054,3908,2037,4931,52.350
110.956707,3906,2036,4933,52.350
110.961172,3904,2036,4936,52.350
110.966823,3903,2036,4937,52.350
110.971348,3905,2036,4938,52.350
110.976975,3909,2038,4935,52.350
110.981436,3913,2039,4931,52.350
110.985844,3916,2040,4927,52.350
110.991598,3917,2042,4924,52.350
110.995965,3917,2043,4922,52.350
111.001421,3918,2043,4920,52.350
111.005913,3917,2043,4918,52.350
111.011533,3918,2042,4920,52.350
111.015999,3919,2040,4921,52.350
111.020382,3920,2039,4920,52.350
111.026080,3922,2038,4919,52.350
111.030465,3925,2039,4917,52.350
111.036243,3927,2040,4916,52.350
111.040697,3928,2040,4919,52.350
111.046611,3928,2040,4921,52.350
111.051063,3926,2043,4923,52.350
111.056812,3923,2044,4925,52.350
111.061225,3922,2044,4923,52.350
111.065674,3920,2044,4923,52.350
111.071348,3918,2044,4920,52.350
111.075761,3917,2043,4916,52.350
111.081285,3915,2043,4918,52.350
111.085935,3914,2043,4918,52.350
111.091619,3913,2044,4921,52.350
111.096043,3913,2044,4924,52.350
111.100436,3913,2044,4925,52.350
111.106153,3912,2042,4926,52.350
111.110606,3911,2040,4924,52.350
111.116267,3909,2039,4921,52.350
111.120736,3906,2038,4919,52.350
111.126438,3905,2038,4917,52.350
111.130887,3906,2038,4914,52.350
111.136556,3905,2039,4913,52.350
111.141011,3905,2040,4911,52.350
111.145143,3907,2042,4908,52.350
111.151150,3907,2043,4912,52.350
111.155368,3909,2044,4916,52.350
111.161199,3911,2046,4920,52.350
111.165815,3912,2048,4923,52.350
111.171427,3913,2049,4927,52.350
111.175860,3913,2053,4926,52.350
111.180291,3911,2056,4927,52.350
111.185982,3912,2056,4930,52.350
111.190362,3913,2055,4933,52.350
111.196090,3913,2055,4936,52.350
111.200535,3913,2054,4938,52.350
111.206284,3914,2052,4939,52.350
111.210628,3911,2050,4940,52.350
111.216347,3908,2048,4940,52.350
111.220781,3907,2046,4939,52.350
111.225185,3906,2045,4937,52.350
111.230938,3906,2045,4933,52.350
111.235333,3906,2044,4930,52.350
111.241041,3907,2042,4928,52.350
111.245531,3905,2039,4924,52.350
111.250995,3903,2039,4920,52.350
111.255636,3900,2039,4915,52.350
111.260050,3894,2041,4908,52.350
111.265763,3891,2043,4909,52.350
111.270215,3889,2044,4910,52.350
111.275850,3887,2045,4910,52.350
111.280371,3888,2046,4909,52.350
111.285957,3891,2047,4908,52.350
111.290446,3894,2048,4907,52.350
111.296159,3895,2049,4906,52.350
111.300557,3896,2049,4908,52.350
111.304974,3895,2048,4909,52.350
111.310722,3895,2046,4909,52.350
111.315132,3894,2044,4907,52.350
111.320786,3894,2041,4909,52.350
111.325285,3893,2038,4911,52.350
111.330958,3893,2036,4914,52.350
111.335388,3894,2035,4919,52.350
111.339820,3895,2034,4919,52.350
111.345537,3897,2032,4920,52.350
111.349881,3899,2032,4923,52.350
111.355623,3899,2034,4926,52.350
111.360131,3902,2035,4928,52.350
111.365672,3903,2038,4931,52.350
111.370252,3905,2039,4931,52.350
111.375931,3906,2039,4930,52.350
111.380021,3906,2038,4929,52.350
111.384776,3906,2038,4928,52.350
111.390523,3906,2039,4929,52.350
111.395009,3907,2041,4928,52.350
111.400559,3907,2043,4928,52.350
111.405036,3905,2044,4927,52.350
111.410755,3905,2046,4927,52.350
111.415141,3903,2048,4928,52.350
111.419565,3901,2049,4930,52.350
111.425295,3901,2049,4933,52.350
111.429712,3900,2048,4934,52.350
111.435449,3901,2046,4938,52.350
111.439901,3901,2044,4940,52.350
111.445549,3900,2043,4937,52.350
111.449766,3898,2041,4936,52.350
111.455700,3896,2041,4933,52.350
111.460124,3894,2040,4931,52.350
111.464546,3894,2039,4929,52.350
111.470270,3893,2038,4927,52.350
111.474770,3894,2036,4924,52.350
111.480575,3895,2036,4922,52.350
111.484855,3895,2037,4922,52.350
111.490531,3897,2038,4918,52.350
111.494985,3899,2039,4915,52.350
111.499362,3899,2042,4917,52.350
111.505096,3900,2044,4921,52.350
111.509536,3900,2046,4925,52.350
111.515207,3900,2048,4925,52.350
111.519700,3898,2049,4921,52.350
111.525337,3897,2049,4917,52.350
111.529781,3897,2049,4916,52.350
111.535461,3897,2049,4917,52.350
111.539929,3896,2050,4919,52.350
111.544328,3896,2049,4921,52.350
111.549980,3894,2050,4919,52.350
111.554634,3893,2049,4920,52.350
111.560215,3893,2050,4922,52.350
111.564611,3894,2050,4926,52.350
111.570313,3896,2051,4930,52.350
111.574768,3896,2049,4933,52.350
111.579161,3897,2046,4934,52.350
111.584892,3898,2042,4932,52.350
111.589305,3900,2039,4932,52.350
111.594999,3903,2036,4931,52.350
111.599438,3906,2034,4930,52.350
111.605110,3907,2033,4929,52.350
111.609551,3908,2032,4930,52.350
111.615249,3909,2033,4932,52.350
111.619778,3909,2036,4934,52.350
111.624140,3911,2038,4936,52.350
111.629836,3913,2039,4936,52.350
111.634307,3913,2041,4935,52.350
111.639944,3913,2043,4932,52.350
111.644146,3911,2042,4930,52.350
111.650182,3909,2041,4927,52.350
111.654559,3909,2040,4924,52.350
111.658971,3906,2039,4921,52.350
111.664706,3904,2040,4918,52.350
111.669125,3902,2040,4914,52.350
111.674776,3900,2040,4910,52.350
111.679264,3900,2040,4910,52.350
111.684916,3902,2042,4910,52.350
111.689371,3905,2043,4914,52.350
111.695091,3909,2043,4919,52.350
111.699505,3912,2043,4924,52.350
111.703925,3914,2043,4927,52.350
111.709611,3914,2042,4930,52.350
111.714065,3914,2041,4934,52.350
111.719733,3912,2040,4938,52.350
111.724193,3912,2040,4943,52.350
111.729901,3911,2041,4945,52.350
111.734279,3910,2043,4944,52.350
111.738739,3913,2045,4943,52.350
111.744449,3914,2048,4941,52.350
111.748883,3918,2049,4937,52.350
111.754534,3920,2047,4934,52.350
111.759054,3923,2045,4931,52.350
111.764474,3926,2043,4930,52.350
111.769182,3925,2042,4931,52.350
111.774852,3928,2041,4929,52.350
111.779153,3927,2042,4930,52.350
111.783730,3927,2043,4928,52.350
111.789161,3927,2045,4925,52.350
111.793833,3928,2046,4922,52.350
111.799521,3928,2048,4922,52.350
111.803969,3928,2048,4922,52.350
111.809447,3927,2047,4925,52.350
111.813792,3927,2045,4929,52.350
111.818221,3925,2043,4932,52.350
111.823968,3923,2042,4936,52.350
111.828347,3920,2042,4936,52.350
111.834053,3919,2042,4934,52.350
111.838511,3917,2042,4932,52.350
111.844199,3915,2042,4930,52.350
111.848683,3914,2040,4929,52.350
111.854359,3912,2038,4929,52.350
111.858794,3911,2037,4929,52.350
111.863153,3912,2035,4927,52.350
111.869102,3914,2033,4925,52.350
111.873337,3916,2033,4921,52.350
111.879023,3918,2032,4922,52.350
111.883487,3916,2031,4923,52.350
111.889196,3915,2029,4926,52.350
111.893695,3912,2027,4930,52.350
111.898033,3910,2028,4933,52.350
111.903775,3908,2027,4935,52.350
111.908126,3905,2028,4936,52.350
111.913855,3904,2030,4935,52.350
111.918289,3903,2032,4935,52.350
111.924671,3903,2033,4932,52.350
111.928428,3902,2036,4928,52.350
111.934274,3901,2037,4923,52.350
111.939311,3902,2040,4921,52.350
111.943391,3901,2043,4919,52.350
111.949310,3901,2044,4919,52.350
111.953157,3901,2044,4921,52.350
111.958891,3899,2043,4919,52.350
111.963295,3899,2040,4918,52.350
111.969207,3898,2037,4920,52.350
111.973694,3900,2035,4922,52.350
111.978130,3903,2035,4923,52.350
111.983967,3906,2034,4922,52.350
111.988214,3910,2035,4920,52.350
111.993940,3913,2037,4916,52.350
111.998343,3916,2037,4912,52.350
112.004118,3917,2037,4910,52.350
112.008207,3918,2038,4908,52.350
112.013954,3918,2036,4909,52.350
112.018640,3917,2037,4908,52.350
112.023068,3916,2038,4907,52.350
112.028597,3916,2040,4908,52.350
112.033196,3915,2042,4907,52.350
112.038876,3914,2045,4905,52.350
112.043310,3913,2047,4904,52.350
112.048988,3912,2048,4898,52.350
112.053513,3909,2049,4892,52.350
112.057916,3907,2048,4887,52.350
112.063608,3905,2048,4882,52.350
112.068038,3904,2048,4882,52.350
112.073692,3903,2049,4880,52.350
112.078197,3904,2049,4881,52.350
112.083851,3904,2050,4885,52.350
112.088308,3905,2049,4889,52.350
112.094024,3906,2048,4895,52.350
112.098408,3907,2048,4899,52.350
112.102831,3907,2049,4902,52.350
112.108625,3908,2051,4906,52.350
112.113033,3909,2052,4909,52.350
112.118662,3908,2053,4913,52.350
112.123110,3911,2053,4915,52.350
112.128836,3913,2051,4915,52.350
112.133283,3915,2051,4915,52.350
112.137702,3918,2050,4915,52.350
112.143266,3919,2050,4915,52.350
112.147887,3920,2048,4917,52.350
112.153521,3920,2047,4918,52.350
112.158014,3920,2046,4917,52.350
112.163696,3921,2045,4916,52.350
112.168077,3922,2044,4913,52.350
112.173840,3923,2044,4913,52.350
112.178318,3924,2041,4914,52.350
112.182656,3925,2040,4915,52.350
112.188359,3923,2038,4914,52.350
112.192792,3922,2037,4913,52.350
112.198472,3921,2038,4910,52.350
112.202893,3919,2040,4905,52.350
112.208600,3918,2042,4905,52.350
112.213028,3917,2045,4904,52.350
112.217461,3916,2046,4906,52.350
112.223268,3916,2048,4909,52.350
112.227643,3915,2050,4912,52.350
112.233291,3915,2050,4915,52.350
112.237789,3916,2053,4915,52.350
112.243440,3916,2052,4918,52.350
112.247908,3918,2052,4920,52.350
112.253396,3920,2052,4924,52.350
112.258055,3922,2052,4926,52.350
112.262498,3923,2050,4930,52.350
112.268165,3924,2049,4934,52.350
112.272634,3922,2047,4938,52.350
112.278334,3921,2046,4941,52.350
112.282687,3919,2047,4943,52.350
112.288431,3919,2048,4944,52.350
112.292865,3918,2048,4942,52.350
112.297310,3917,2046,4943,52.350
112.302970,3917,2043,4944,52.350
112.307416,3917,2040,4945,52.350
112.313062,3916,2037,4949,52.350
112.317550,3914,2036,4949,52.350
112.323213,3912,2036,4947,52.350
112.327649,3910,2038,4947,52.350
112.333393,3909,2040,4943,52.350
112.337785,3909,2041,4941,52.350
112.342259,3911,2041,4939,52.350
112.347937,3913,2042,4939,52.350
112.352392,3915,2042,4940,52.350
112.358030,3916,2042,4939,52.350
112.362477,3917,2042,4939,52.350
112.368222,3917,2040,4938,52.350
112.372675,3917,2036,4937,52.350
112.377047,3919,2035,4935,52.350
112.382770,3920,2034,4934,52.350
112.387184,3919,2035,4933,52.350
112.392879,3920,2036,4934,52.350
112.397393,3921,2038,4936,52.350
112.403036,3921,2039,4937,52.350
112.407479,3922,2039,4937,52.350
112.413223,3922,2039,4936,52.350
112.417639,3922,2038,4935,52.350
112.421991,3922,2037,4936,52.350
112.427769,3922,2036,4934,52.350
112.432156,3924,2036,4933,52.350
112.437830,3926,2037,4931,52.350
112.442287,3926,2038,4928,52.350
112.448017,3927,2038,4925,52.350
112.452472,3926,2037,4926,52.350
112.456831,3926,2036,4925,52.350
112.462575,3926,2036,4927,52.350
112.467022,3926,2037,4926,52.350
112.472626,3926,2038,4925,52.350
112.477167,3927,2038,4925,52.350
112.482846,3927,2037,4924,52.350
112.487260,3927,2035,4923,52.350
112.493022,3927,2033,4925,52.350
112.497376,3926,2033,4924,52.350
112.501798,3925,2033,4924,52.350
112.507547,3924,2032,4925,52.350
112.511946,3924,2032,4926,52.350
112.517620,3925,2030,4927,52.350
112.522082,3926,2029,4928,52.350
112.527778,3926,2029,4926,52.350
112.532188,3928,2029,4921,52.350
112.536659,3930,2030,4916,52.350
112.542373,3932,2029,4912,52.350
112.546453,3932,2029,4911,52.350
112.552513,3932,2029,4911,52.350
112.556897,3930,2030,4912,52.350
112.562557,3928,2033,4916,52.350
112.567025,3926,2037,4917,52.350
112.572787,3924,2040,4919,52.350
112.577227,3924,2043,4920,52.350
112.581607,3922,2047,4924,52.350
112.587367,3920,2049,4930,52.350
112.591739,3920,2049,4932,52.350
112.597343,3919,2047,4935,52.350
112.601908,3919,2044,4937,52.350
112.607573,3918,2040,4936,52.350
112.612010,3918,2036,4939,52.350
112.616398,3918,2033,4941,52.350
112.622152,3917,2031,4941,52.350
112.626566,3916,2031,4940,52.350
112.632236,3915,2033,4939,52.350
112.636763,3914,2033,4937,52.350
112.642370,3912,2035,4936,52.350
112.646861,3912,2036,4933,52.350
112.652581,3911,2035,4932,52.350
112.656969,3911,2035,4933,52.350
112.661422,3912,2035,4933,52.350
112.667122,3914,2034,4934,52.350
112.671552,3915,2035,4935,52.350
112.677246,3915,2036,4937,52.350
112.681655,3914,2036,4938,52.350
112.687352,3913,2038,4937,52.350
112.691783,3913,2037,4938,52.350
112.696202,3915,2038,4937,52.350
112.701912,3916,2038,4934,52.350
112.706344,3917,2039,4935,52.350
112.712039,3919,2041,4932,52.350
112.716486,3919,2041,4931,52.350
112.722207,3920,2041,4928,52.350
112.726604,3921,2041,4925,52.350
112.732342,3922,2041,4923,52.350
112.736754,3923,2040,4922,52.350
112.741183,3923,2040,4922,52.350
112.746890,3926,2039,4922,52.350
112.751049,3928,2039,4919,52.350
112.757011,3928,2041,4916,52.350
112.761522,3927,2042,4910,52.350
112.767111,3924,2046,4908,52.350
112.771612,3921,2048,4908,52.350
112.775998,3918,2050,4908,52.350
112.781705,3916,2050,4909,52.350
112.786142,3915,2047,4911,52.350
112.791869,3915,2045,4913,52.350
112.796328,3914,2042,4915,52.350
112.801946,3912,2041,4917,52.350
112.806401,3911,2041,4917,52.350
112.812107,3912,2039,4915,52.350
112.816524,3914,2037,4916,52.350
112.820950,3917,2033,4917,52.350
112.826706,3920,2031,4919,52.350
112.831150,3922,2030,4922,52.350
112.836776,3924,2030,4922,52.350
112.841256,3925,2031,4923,52.350
112.846893,3926,2034,4923,52.350
112.851376,3926,2036,4922,52.350
112.855817,3924,2038,4921,52.350
112.861549,3923,2040,4919,52.350
112.865901,3924,2041,4920,52.350
112.871619,3924,2041,4921,52.350
112.876060,3924,2043,4923,52.350
112.881780,3926,2042,4923,52.350
112.886172,3928,2041,4923,52.350
112.891915,3929,2040,4923,52.350
112.896298,3929,2038,4924,52.350
112.900717,3928,2036,4924,52.350
112.906449,3926,2037,4921,52.350
112.910879,3925,2037,4921,52.350
112.916567,3922,2037,4920,52.350
112.920998,3919,2039,4919,52.350
112.926705,3916,2040,4918,52.350
112.931109,3912,2041,4918,52.350
112.935561,3910,2043,4918,52.350
112.941270,3907,2046,4920,52.350
112.945707,3904,2046,4921,52.350
112.951417,3903,2048,4924,52.350
112.955839,3903,2048,4926,52.350
112.961547,3905,2045,4925,52.350
112.965964,3906,2043,4925,52.350
112.971696,3910,2042,4923,52.350
112.976128,3912,2041,4923,52.350
112.980189,3913,2040,4922,52.350
112.986288,3914,2041,4924,52.350
112.990668,3914,2041,4925,52.350
112.996416,3915,2040,4927,52.350
113.000798,3916,2042,4930,52.350
113.006254,3917,2042,4933,52.350
113.010617,3916,2042,4934,52.350
113.015109,3916,2042,4935,52.350
113.020879,3915,2041,4934,52.350
113.025487,3914,2042,4931,52.350
113.030949,3915,2041,4928,52.350
113.035679,3915,2041,4924,52.350
113.041310,3915,2040,4922,52.350
113.045604,3914,2038,4920,52.350
113.051473,3914,2037,4917,52.350
113.055971,3913,2035,4913,52.350
113.060359,3912,2032,4910,52.350
113.066112,3912,2030,4909,52.350
113.070493,3912,2028,4910,52.350
113.076194,3910,2027,4914,52.350
113.080652,3910,2027,4917,52.350
113.086249,3910,2026,4921,52.350
113.090739,3910,2028,4920,52.350
113.095136,3909,2029,4919,52.350
113.100891,3909,2031,4917,52.350
113.105307,3910,2032,4916,52.350
113.110939,3908,2034,4915,52.350
113.115437,3907,2036,4916,52.350
113.121074,3906,2038,4917,52.350
113.125547,3906,2040,4917,52.350
113.131242,3906,2041,4917,52.350
113.135673,3907,2041,4918,52.350
113.140125,3910,2040,4915,52.350
113.145800,3911,2039,4911,52.350
113.150356,3914,2038,4909,52.350
113.155946,3917,2039,4908,52.350
113.160197,3919,2040,4909,52.350
113.166038,3920,2041,4910,52.350
113.170484,3921,2042,4911,52.350
113.174911,3921,2041,4912,52.350
113.180784,3920,2040,4912,52.350
113.185076,3920,2038,4916,52.350
113.190725,3922,2037,4921,52.350
113.195241,3924,2037,4925,52.350
113.200912,3924,2036,4926,52.350
113.205395,3924,2034,4928,52.350
113.211103,3923,2033,4926,52.350
113.215447,3921,2031,4925,52.350
113.219887,3920,2031,4924,52.350
113.225617,3919,2030,4924,52.350
113.230044,3919,2029,4924,52.350
113.235695,3918,2026,4926,52.350
113.240182,3918,2024,4931,52.350
113.245827,3916,2025,4934,52.350
113.250335,3916,2026,4937,52.350
113.254687,3917,2026,4939,52.350
113.260412,3919,2028,4936,52.350
113.264835,3921,2027,4933,52.350
113.270559,3922,2028,4931,52.350
113.274994,3921,2028,4927,52.350
113.280682,3920,2030,4923,52.350
113.285107,3920,2031,4920,52.350
113.290709,3917,2031,4918,52.350
113.294945,3916,2032,4917,52.350
113.299437,3916,2033,4917,52.350
113.305132,3916,2034,4917,52.350
113.309521,3915,2034,4917,52.350
113.315196,3915,2035,4916,52.350
113.319919,3915,2036,4917,52.350
113.325608,3915,2037,4917,52.350
113.330062,3915,2037,4917,52.350
113.334697,3914,2036,4915,52.350
113.340197,3913,2036,4913,52.350
113.344646,3914,2036,4913,52.350
113.350328,3914,2036,4913,52.350
113.354823,3914,2037,4915,52.350
113.360453,3914,2037,4919,52.350
113.364681,3914,2036,4921,52.350
113.370631,3914,2034,4921,52.350
113.375011,3914,2033,4921,52.350
113.379336,3914,2034,4922,52.350
113.385177,3914,2036,4924,52.350
113.389618,3915,2036,4926,52.350
113.395339,3917,2036,4927,52.350
113.399558,3917,2034,4928,52.350
113.405444,3917,2034,4926,52.350
113.409890,3917,2034,4928,52.350
113.414310,3918,2035,4931,52.350
113.419785,3918,2036,4933,52.350
113.424431,3920,2037,4938,52.350
113.430116,3922,2036,4943,52.350
113.434585,3922,2036,4945,52.350
113.440309,3921,2036,4944,52.350
113.444723,3920,2038,4940,52.350
113.450395,3918,2039,4937,52.350
113.454840,3916,2041,4937,52.350
113.459296,3916,2042,4941,52.350
113.464991,3916,2042,4946,52.350
113.469417,3916,2042,4948,52.350
113.475092,3915,2041,4951,52.350
113.479542,3914,2041,4948,52.350
113.485247,3915,2041,4945,52.350
113.489667,3915,2040,4941,52.350
113.494054,3916,2040,4935,52.350
113.499781,3918,2039,4934,52.350
113.504202,3919,2037,4936,52.350
113.509906,3920,2036,4939,52.350
113.514391,3920,2036,4943,52.350
113.520009,3920,2034,4945,52.350
113.524480,3919,2033,4943,52.350
113.530217,3917,2032,4942,52.350
113.534599,3917,2030,4940,52.350
113.539066,3917,2030,4939,52.350
113.544623,3916,2029,4939,52.350
113.549157,3917,2030,4938,52.350
113.554861,3917,2032,4938,52.350
113.559336,3918,2034,4939,52.350
113.564985,3919,2034,4942,52.350
113.569473,3921,2035,4943,52.350
113.573824,3922,2037,4947,52.350
113.579612,3921,2037,4947,52.350
113.583998,3920,2038,4946,52.350
113.589685,3918,2040,4945,52.350
113.594130,3915,2042,4945,52.350
113.599803,3913,2043,4945,52.350
113.604033,3912,2044,4947,52.350
113.609960,3911,2046,4947,52.350
113.614369,3910,2046,4946,52.350
113.618823,3910,2045,4941,52.350
113.624531,3909,2045,4938,52.350
113.628961,3907,2044,4934,52.350
113.634636,3905,2043,4930,52.350
113.639152,3902,2042,4928,52.350
113.644773,3901,2041,4924,52.350
113.649220,3901,2040,4920,52.350
113.653662,3901,2039,4918,52.350
113.659372,3902,2039,4916,52.350
113.663769,3900,2039,4920,52.350
113.669479,3900,2039,4924,52.350
113.673905,3899,2038,4927,52.350
113.679572,3898,2037,4931,52.350
113.684018,3896,2036,4934,52.350
113.689746,3898,2037,4933,52.350
113.694148,3899,2039,4932,52.350
113.698564,3901,2040,4928,52.350
113.704322,3904,2041,4925,52.350
113.708712,3905,2041,4921,52.350
113.714455,3905,2040,4918,52.350
113.718853,3904,2039,4914,52.350
113.724545,3902,2039,4914,52.350
113.728993,3901,2038,4915,52.350
113.733401,3902,2037,4919,52.350
113.739140,3902,2036,4922,52.350
113.743599,3903,2035,4925,52.350
113.749222,3904,2034,4927,52.350
113.753676,3906,2034,4926,52.350
113.759307,3908,2034,4925,52.350
113.763583,3910,2034,4924,52.350
113.769518,3910,2033,4923,52.350
113.773973,3910,2031,4925,52.350
113.778358,3910,2030,4927,52.350
113.784117,3909,2028,4929,52.350
113.788511,3910,2025,4933,52.350
113.794203,3910,2024,4936,52.350
113.798614,3910,2023,4937,52.350
113.804325,3910,2025,4935,52.350
113.808757,3911,2028,4930,52.350
113.813206,3912,2030,4926,52.350
113.818925,3914,2032,4924,52.350
113.823336,3916,2034,4921,52.350
113.829036,3914,2035,4920,52.350
113.833450,3913,2037,4917,52.350
113.839150,3912,2037,4915,52.350
113.843591,3912,2038,4914,52.350
113.849316,3910,2038,4914,52.350
113.853779,3908,2037,4915,52.350
113.858192,3907,2036,4917,52.350
113.863906,3907,2035,4915,52.350
113.868332,3906,2036,4915,52.350
113.873961,3907,2036,4915,52.350
113.878437,3906,2037,4914,52.350
113.884139,3905,2038,4916,52.350
113.888569,3905,2039,4919,52.350
113.892945,3906,2041,4921,52.350
113.898682,3906,2042,4923,52.350
113.903142,3908,2042,4928,52.350
113.908779,3907,2042,4930,52.350
113.913304,3906,2040,4930,52.350
113.918910,3905,2040,4928,52.350
113.923378,3906,2038,4927,52.350
113.929061,3907,2036,4925,52.350
113.933524,3906,2034,4924,52.350
113.937978,3906,2033,4924,52.350
113.943653,3905,2032,4923,52.350
113.948100,3903,2033,4921,52.350
113.953749,3903,2034,4920,52.350
113.958236,3903,2036,4921,52.350
113.963913,3903,2039,4922,52.350
113.968361,3902,2041,4921,52.350
113.972752,3901,2043,4922,52.350
113.978494,3901,2045,4919,52.350
113.982882,3901,2046,4916,52.350
113.988543,3901,2048,4916,52.350
113.993023,3900,2048,4916,52.350
113.998707,3901,2047,4918,52.350
114.003145,3902,2047,4920,52.350
114.008594,3904,2047,4923,52.350
114.012981,3907,2048,4919,52.350
114.017694,3908,2048,4915,52.350
114.023411,3908,2047,4909,52.350
114.027877,3908,2045,4902,52.350
114.033506,3907,2042,4895,52.350
114.037993,3907,2038,4890,52.350
114.043652,3909,2037,4889,52.350
114.048096,3910,2038,4887,52.350
114.052554,3912,2039,4891,52.350
114.058312,3913,2040,4896,52.350
114.062680,3914,2039,4900,52.350
114.068350,3916,2040,4903,52.350
114.072847,3916,2039,4907,52.350
114.078494,3917,2037,4908,52.350
114.082977,3918,2035,4909,52.350
114.088659,3918,2033,4912,52.350
114.093040,3919,2031,4914,52.350
114.097475,3919,2031,4916,52.350
114.103272,3919,2031,4917,52.350
114.107642,3919,2033,4915,52.350
114.113309,3918,2037,4911,52.350
114.117729,3918,2038,4909,52.350
114.123443,3918,2039,4909,52.350
114.127845,3918,2038,4911,52.350
114.132339,3918,2035,4913,52.350
114.138044,3917,2033,4915,52.350
114.142444,3916,2031,4915,52.350
114.148113,3915,2030,4916,52.350
114.152255,3914,2028,4916,52.350
114.157994,3913,2028,4915,52.350
114.162397,3913,2028,4915,52.350
114.168443,3911,2026,4917,52.350
114.172854,3909,2025,4919,52.350
114.177310,3907,2024,4920,52.350
114.182947,3906,2024,4919,52.350
114.187411,3906,2024,4919,52.350
114.193111,3905,2026,4917,52.350
114.197491,3904,2029,4914,52.350
114.203232,3904,2031,4915,52.350
114.207719,3903,2034,4916,52.350
114.212056,3904,2035,4918,52.350
114.217781,3906,2035,4920,52.350
114.222205,3907,2034,4923,52.350
114.227850,3908,2034,4922,52.350
114.232379,3909,2035,4921,52.350
114.238019,3908,2037,4922,52.350
114.242474,3908,2040,4922,52.350
114.248215,3910,2043,4923,52.350
114.252378,3912,2045,4924,52.350
114.257020,3913,2047,4925,52.350
114.262788,3914,2046,4924,52.350
114.267197,3914,2044,4921,52.350
114.272888,3914,2042,4918,52.350
114.277327,3914,2041,4916,52.350
114.282944,3915,2040,4913,52.350
114.287422,3917,2038,4913,52.350
114.291821,3918,2037,4916,52.350
114.297570,3918,2036,4921,52.350
114.301974,3918,2038,4922,52.350
114.307685,3916,2040,4924,52.350
114.312104,3915,2044,4925,52.350
114.317787,3914,2046,4923,52.350
114.322270,3913,2048,4922,52.350
114.327940,3913,2050,4921,52.350
114.332367,3915,2050,4921,52.350
114.336794,3916,2050,4922,52.350
114.342500,3915,2051,4924,52.350
114.346970,3916,2050,4927,52.350
114.352630,3916,2050,4928,52.350
114.357104,3916,2049,4928,52.350
114.362737,3916,2048,4928,52.350
114.367173,3915,2048,4929,52.350
114.371591,3914,2048,4929,52.350
114.377366,3913,2051,4926,52.350
114.381752,3910,2053,4926,52.350
114.387426,3909,2053,4926,52.350
114.391906,3908,2053,4925,52.350
114.397556,3907,2054,4922,52.350
114.401998,3907,2053,4920,52.350
114.407731,3908,2051,4914,52.350
114.411990,3910,2050,4911,52.350
114.416602,3912,2047,4913,52.350
114.422289,3913,2046,4913,52.350
114.426679,3913,2047,4912,52.350
114.432368,3914,2048,4910,52.350
114.436828,3915,2047,4910,52.350
114.442512,3916,2047,4909,52.350
114.447005,3917,2045,4908,52.350
114.451401,3917,2044,4907,52.350
114.457111,3915,2043,4903,52.350
114.461456,3914,2043,4901,52.350
114.467260,3914,2041,4900,52.350
114.471717,3912,2038,4898,52.350
114.477380,3912,2037,4896,52.350
114.481748,3912,2036,4894,52.350
114.487530,3911,2035,4894,52.350
114.491901,3911,2036,4894,52.350
114.496338,3910,2037,4896,52.350
114.502043,3909,2036,4900,52.350
114.506459,3909,2037,4904,52.350
114.512147,3909,2039,4905,52.350
114.516605,3911,2042,4908,52.350
114.522292,3912,2046,4910,52.350
114.526696,3913,2048,4909,52.350
114.531185,3913,2049,4911,52.350
114.536857,3912,2050,4912,52.350
114.541304,3912,2052,4912,52.350
114.546979,3913,2054,4911,52.350
114.551139,3914,2054,4912,52.350
114.556857,3914,2054,4910,52.350
114.561542,3914,2052,4908,52.350
114.567270,3914,2050,4908,52.350
114.571711,3912,2050,4909,52.350
114.576098,3910,2049,4909,52.350
114.581812,3908,2047,4910,52.350
114.586233,3906,2044,4913,52.350
114.591920,3905,2042,4914,52.350
114.596371,3905,2039,4913,52.350
114.602085,3904,2040,4911,52.350
114.606495,3905,2040,4910,52.350
114.610896,3906,2040,4910,52.350
114.616621,3909,2041,4912,52.350
114.621111,3910,2040,4914,52.350
114.626750,3911,2038,4915,52.350
114.631215,3912,2039,4916,52.350
114.636868,3912,2039,4916,52.350
114.641338,3914,2041,4916,52.350
114.647034,3915,2042,4917,52.350
114.651479,3916,2044,4919,52.350
114.655866,3918,2045,4922,52.350
114.661567,3919,2048,4923,52.350
114.665995,3920,2048,4927,52.350
114.671714,3923,2049,4928,52.350
114.676136,3924,2049,4928,52.350
114.681854,3922,2049,4928,52.350
114.686256,3921,2048,4928,52.350
114.690651,3920,2048,4928,52.350
114.696397,3917,2046,4928,52.350
114.700837,3916,2045,4929,52.350
114.706494,3914,2044,4929,52.350
114.710951,3913,2043,4929,52.350
114.716672,3912,2042,4930,52.350
114.721066,3912,2041,4931,52.350
114.726800,3912,2041,4933,52.350
114.731201,3913,2041,4933,52.350
114.735636,3913,2041,4934,52.350
114.741344,3913,2043,4932,52.350
114.745797,3913,2046,4928,52.350
114.751199,3911,2050,4924,52.350
114.755953,3909,2053,4920,52.350
114.761609,3907,2054,4917,52.350
114.766030,3906,2054,4916,52.350
114.770461,3906,2051,4919,52.350
114.776201,3907,2049,4921,52.350
114.780627,3908,2049,4922,52.350
114.786295,3910,2049,4918,52.350
114.790731,3911,2049,4915,52.350
114.796518,3912,2049,4914,52.350
114.800819,3914,2050,4914,52.350
114.806557,3916,2051,4916,52.350
114.810992,3917,2055,4913,52.350
114.815406,3918,2057,4912,52.350
114.821116,3917,2059,4911,52.350
114.825577,3915,2059,4909,52.350
114.831210,3914,2059,4911,52.350
114.835683,3912,2059,4914,52.350
114.841268,3911,2059,4915,52.350
114.845778,3911,2058,4916,52.350
114.850179,3911,2057,4917,52.350
114.855998,3910,2054,4915,52.350
114.860404,3909,2052,4915,52.350
114.866034,3908,2051,4916,52.350
114.870470,3908,2049,4917,52.350
114.876240,3907,2047,4918,52.350
114.880635,3908,2045,4920,52.350
114.886373,3911,2045,4921,52.350
114.890755,3913,2043,4924,52.350
114.895184,3914,2041,4924,52.350
114.900902,3915,2040,4924,52.350
114.905307,3914,2040,4924,52.350
114.911014,3914,2040,4923,52.350
114.915437,3917,2040,4921,52.350
114.921110,3919,2041,4918,52.350
114.925551,3922,2039,4915,52.350
114.929992,3923,2039,4914,52.350
114.935728,3921,2037,4911,52.350
114.940184,3922,2035,4910,52.350
114.945798,3922,2034,4911,52.350
114.950351,3921,2032,4912,52.350
114.955927,3921,2031,4916,52.350
114.960422,3919,2032,4918,52.350
114.966070,3917,2034,4916,52.350
114.970579,3916,2036,4917,52.350
114.974931,3915,2038,4916,52.350
114.980380,3915,2040,4918,52.350
114.985081,3917,2043,4918,52.350
114.990778,3918,2044,4917,52.350
114.995439,3920,2045,4912,52.350
115.000918,3921,2044,4910,52.350
115.005047,3923,2042,4909,52.350
115.009727,3924,2041,4908,52.350
115.015248,3925,2040,4910,52.350
115.019973,3925,2037,4909,52.350
115.025580,3927,2035,4904,52.350
115.029766,3927,2035,4902,52.350
115.035692,3927,2035,4903,52.350
115.040163,3926,2035,4904,52.350
115.045703,3925,2034,4908,52.350
115.050319,3924,2033,4911,52.350
115.054732,3925,2031,4912,52.350
115.060475,3927,2032,4909,52.350
115.064874,3927,2034,4905,52.350
115.070570,3928,2037,4901,52.350
115.074983,3929,2040,4897,52.350
115.080768,3928,2040,4898,52.350
115.085125,3929,2040,4898,52.350
115.089512,3930,2037,4902,52.350
115.095271,3931,2034,4905,52.350
115.099669,3931,2030,4903,52.350
115.105347,3931,2030,4901,52.350
115.109824,3931,2031,4897,52.350
115.115522,3931,2032,4893,52.350
115.119945,3929,2033,4893,52.350
115.125410,3928,2031,4893,52.350
115.129841,3926,2031,4894,52.350
115.134216,3923,2032,4897,52.350
115.139949,3924,2034,4900,52.350
115.144696,3924,2038,4901,52.350
115.150333,3925,2041,4903,52.350
115.154814,3926,2043,4905,52.350
115.160306,3924,2045,4909,52.350
115.164922,3923,2047,4911,52.350
115.169361,3920,2049,4911,52.350
115.174828,3918,2050,4909,52.350
115.179225,3917,2051,4908,52.350
115.185123,3916,2050,4909,52.350
115.189608,3915,2052,4911,52.350
115.195327,3914,2051,4913,52.350
115.199853,3911,2052,4914,52.350
115.205450,3909,2053,4913,52.350
115.209861,3908,2054,4917,52.350
115.214307,3906,2055,4919,52.350
115.219988,3906,2055,4923,52.350
115.224479,3906,2055,4926,52.350
115.230090,3905,2055,4926,52.350
115.234601,3904,2053,4926,52.350
115.240234,3904,2052,4925,52.350
115.244702,3904,2052,4924,52.350
115.249124,3903,2051,4921,52.350
115.254845,3904,2051,4918,52.350
115.259201,3905,2051,4919,52.350
115.264776,3906,2053,4920,52.350
115.269438,3907,2055,4921,52.350
115.275044,3909,2054,4921,52.350
115.279485,3911,2055,4915,52.350
115.285248,3912,2056,4909,52.350
115.289673,3913,2055,4905,52.350
115.294028,3912,2056,4904,52.350
115.299765,3912,2056,4902,52.350
115.304175,3911,2055,4901,52.350
115.309845,3910,2053,4901,52.350
115.314363,3910,2053,4899,52.350
115.320008,3911,2052,4897,52.350
115.324450,3911,2051,4899,52.350
115.328700,3911,2051,4899,52.350
115.334601,3915,2048,4897,52.350
115.339058,3916,2046,4898,52.350
115.344692,3918,2045,4898,52.350
115.349204,3918,2043,4898,52.350
115.354835,3917,2043,4899,52.350
115.359309,3915,2042,4898,52.350
115.364872,3912,2042,4897,52.350
115.369446,3912,2041,4895,52.350
115.373820,3912,2042,4895,52.350
115.379491,3911,2041,4897,52.350
115.383991,3910,2041,4902,52.350
115.389676,3910,2041,4906,52.350
115.394132,3909,2040,4913,52.350
115.399812,3910,2041,4920,52.350
115.404256,3912,2042,4926,52.350
115.408653,3912,2043,4930,52.350
115.414411,3912,2044,4931,52.350
115.418818,3912,2044,4933,52.350
115.424436,3912,2043,4932,52.350
115.428955,3913,2042,4931,52.350
115.434599,3913,2039,4931,52.350
115.439056,3913,2035,4931,52.350
115.444760,3912,2033,4931,52.350
115.449206,3911,2032,4933,52.350
115.453588,3910,2033,4934,52.350
115.459354,3908,2035,4934,52.350
115.463760,3907,2038,4934,52.350
115.469475,3908,2041,4932,52.350
115.473879,3908,2043,4935,52.350
115.479593,3909,2044,4935,52.350
115.483975,3910,2044,4937,52.350
115.488427,3910,2045,4938,52.350
115.494143,3910,2046,4936,52.350
115.498586,3911,2049,4935,52.350
115.504240,3911,2051,4934,52.350
115.508694,3911,2053,4933,52.350
115.514451,3911,2055,4932,52.350
115.518814,3910,2054,4932,52.350
115.524519,3909,2054,4934,52.350
115.528966,3908,2053,4936,52.350
115.533386,3907,2053,4938,52.350
115.539112,3906,2052,4941,52.350
115.543535,3906,2052,4942,52.350
115.549255,3905,2051,4945,52.350
115.553669,3905,2049,4949,52.350
115.559363,3905,2046,4953,52.350
115.563827,3904,2043,4957,52.350
115.568214,3903,2043,4960,52.350
115.573997,3901,2044,4958,52.350
115.578335,3900,2046,4954,52.350
115.584019,3899,2048,4952,52.350
115.588489,3898,2049,4950,52.350
115.594194,3900,2049,4951,52.350
115.598576,3901,2048,4950,52.350
115.604357,3902,2048,4948,52.350
115.608710,3902,2048,4945,52.350
115.613155,3901,2051,4943,52.350
115.618873,3899,2053,4945,52.350
115.623294,3898,2054,4947,52.350
115.628957,3897,2054,4948,52.350
115.633441,3895,2053,4947,52.350
115.639136,3895,2051,4947,52.350
115.643574,3892,2048,4947,52.350
115.647993,3893,2047,4948,52.350
115.653734,3895,2046,4950,52.350
115.658127,3898,2046,4951,52.350
115.663841,3902,2047,4951,52.350
115.668229,3905,2045,4950,52.350
115.673962,3908,2043,4948,52.350
115.678372,3909,2042,4945,52.350
115.684068,3909,2041,4945,52.350
115.688562,3908,2042,4944,52.350
115.692985,3907,2044,4944,52.350
115.698654,3906,2045,4944,52.350
115.703054,3906,2046,4940,52.350
115.708722,3906,2045,4937,52.350
115.713214,3909,2043,4935,52.350
115.718879,3910,2039,4935,52.350
115.723349,3912,2037,4936,52.350
115.727744,3914,2036,4937,52.350
115.733455,3915,2034,4940,52.350
115.737917,3915,2034,4941,52.350
115.743548,3915,2033,4940,52.350
115.748053,3915,2032,4940,52.350
115.753709,3914,2032,4940,52.350
115.758198,3913,2032,4941,52.350
115.763609,3912,2034,4939,52.350
115.768317,3911,2035,4936,52.350
115.772736,3912,2037,4932,52.350
115.778482,3914,2039,4925,52.350
115.782841,3916,2040,4920,52.350
115.788532,3917,2041,4917,52.350
115.792956,3916,2040,4915,52.350
115.798683,3916,2039,4912,52.350
115.803117,3914,2038,4914,52.350
115.807512,3912,2036,4917,52.350
115.813262,3912,2036,4919,52.350
115.817667,3911,2037,4922,52.350
115.823316,3910,2037,4926,52.350
115.827795,3910,2038,4929,52.350
115.833469,3910,2039,4930,52.350
115.837945,3912,2041,4931,52.350
115.843626,3913,2043,4929,52.350
115.848107,3915,2045,4928,52.350
115.852510,3915,2047,4928,52.350
115.858224,3914,2046,4930,52.350
115.862682,3911,2045,4935,52.350
115.868292,3908,2045,4942,52.350
115.872770,3905,2046,4946,52.350
115.878413,3902,2047,4947,52.350
115.882859,3901,2049,4942,52.350
115.887306,3902,2051,4936,52.350
115.893015,3903,2051,4929,52.350
115.897466,3904,2051,4923,52.350
115.903109,3908,2051,4917,52.350
115.907561,3912,2050,4913,52.350
115.913266,3913,2049,4908,52.350
115.917681,3915,2048,4903,52.350
115.923388,3913,2048,4901,52.350
115.927837,3912,2047,4900,52.350
115.932346,3910,2045,4903,52.350
115.937947,3906,2043,4909,52.350
115.942433,3902,2041,4913,52.350
115.948113,3899,2039,4913,52.350
115.952566,3896,2038,4913,52.350
115.958250,3894,2037,4911,52.350
115.962682,3891,2037,4910,52.350
115.967017,3889,2036,4909,52.350
115.972808,3889,2034,4910,52.350
115.977256,3890,2030,4909,52.350
115.982879,3893,2027,4910,52.350
115.987332,3897,2025,4911,52.350
115.993038,3901,2024,4911,52.350
115.997447,3905,2023,4913,52.350
116.002950,3908,2024,4916,52.350
116.007399,3910,2027,4918,52.350
116.011776,3910,2029,4921,52.350
116.017539,3907,2032,4924,52.350
116.021860,3904,2035,4925,52.350
116.027584,3902,2036,4928,52.350
116.032011,3900,2035,4932,52.350
116.037735,3902,2035,4934,52.350
116.042126,3903,2036,4937,52.350
116.046554,3902,2036,4938,52.350
116.052585,3901,2036,4938,52.350
116.056998,3900,2037,4938,52.350
116.062675,3900,2037,4938,52.350
116.067148,3901,2038,4937,52.350
116.072870,3902,2039,4935,52.350
116.077282,3902,2042,4930,52.350
116.082949,3902,2045,4923,52.350
116.087050,3902,2047,4917,52.350
116.091769,3902,2049,4913,52.350
116.097529,3902,2048,4912,52.350
116.101958,3903,2045,4915,52.350
116.107604,3903,2041,4917,52.350
116.112056,3904,2038,4916,52.350
116.117736,3907,2035,4916,52.350
116.122187,3907,2034,4915,52.350
116.126626,3909,2036,4914,52.350
116.132307,3910,2038,4919,52.350
116.136740,3911,2040,4922,52.350
116.142433,3910,2040,4924,52.350
116.146900,3910,2039,4926,52.350
116.152574,3910,2038,4927,52.350
116.157010,3909,2036,4929,52.350
116.162662,3909,2036,4934,52.350
116.167101,3912,2037,4938,52.350
116.171555,3911,2038,4940,52.350
116.177291,3911,2039,4939,52.350
116.181385,3910,2040,4935,52.350
116.187417,3909,2040,4933,52.350
116.191783,3909,2039,4934,52.350
116.197519,3909,2038,4935,52.350
116.201963,3910,2037,4936,52.350
116.206352,3910,2035,4935,52.350
116.212113,3911,2035,4932,52.350
116.216517,3913,2034,4932,52.350
116.222214,3913,2035,4929,52.350
116.226635,3912,2035,4926,52.350
116.232315,3910,2036,4923,52.350
116.236754,3908,2036,4922,52.350
116.242504,3909,2037,4925,52.350
116.246940,3910,2038,4929,52.350
116.251103,3910,2041,4933,52.350
116.257088,3911,2043,4937,52.350
116.261523,3912,2045,4939,52.350
116.267226,3911,2046,4935,52.350
116.271629,3909,2048,4934,52.350
116.277278,3907,2051,4932,52.350
116.281731,3904,2055,4929,52.350
116.286182,3902,2058,4929,52.350
116.291882,3900,2060,4928,52.350
116.296308,3899,2061,4927,52.350
116.301996,3899,2059,4928,52.350
116.306443,3900,2059,4929,52.350
116.312118,3900,2056,4930,52.350
116.316578,3900,2054,4930,52.350
116.322267,3901,2052,4930,52.350
116.326705,3901,2049,4930,52.350
116.331126,3901,2047,4927,52.350
116.336845,3901,2044,4926,52.350
116.341298,3901,2042,4927,52.350
116.346971,3899,2042,4925,52.350
116.351416,3898,2042,4926,52.350
116.357089,3895,2042,4927,52.350
116.361575,3893,2042,4925,52.350
116.365965,3892,2044,4924,52.350
116.371727,3891,2043,4922,52.350
116.376096,3890,2042,4919,52.350
116.381777,3889,2043,4918,52.350
116.386308,3890,2044,4917,52.350
116.391848,3891,2043,4919,52.350
116.396353,3893,2042,4922,52.350
116.401813,3896,2041,4924,52.350
116.406475,3898,2039,4928,52.350
116.410898,3899,2038,4930,52.350
116.416655,3900,2037,4932,52.350
116.421031,3901,2037,4934,52.350
116.426719,3900,2036,4936,52.350
116.431161,3899,2033,4937,52.350
116.436863,3898,2033,4937,52.350
116.441318,3896,2033,4941,52.350
116.445723,3895,2032,4943,52.350
116.451488,3894,2034,4943,52.350
116.455897,3893,2034,4945,52.350
116.461557,3891,2035,4942,52.350
116.466034,3890,2037,4942,52.350
116.471720,3889,2039,4942,52.350
116.476143,3889,2042,4941,52.350
116.481865,3890,2045,4943,52.350
116.486322,3892,2046,4945,52.350
116.490727,3893,2045,4948,52.350
116.496386,3894,2043,4953,52.350
116.500823,3894,2041,4953,52.350
116.506488,3892,2040,4952,52.350
116.510956,3891,2039,4950,52.350
116.516674,3891,2039,4949,52.350
116.521070,3891,2038,4947,52.350
116.525494,3891,2036,4948,52.350
116.531267,3893,2034,4949,52.350
116.535696,3895,2031,4949,52.350
116.541342,3897,2029,4950,52.350
116.545830,3897,2028,4948,52.350
116.551247,3896,2028,4946,52.350
116.555907,3895,2029,4943,52.350
116.561647,3896,2029,4940,52.350
116.566049,3899,2029,4940,52.350
116.570488,3901,2031,4938,52.350
116.576234,3904,2032,4937,52.350
116.580345,3904,2035,4937,52.350
116.586265,3905,2037,4938,52.350
116.590747,3904,2037,4938,52.350
116.596396,3905,2038,4939,52.350
116.600909,3905,2040,4940,52.350
116.605371,3906,2041,4939,52.350
116.610990,3908,2042,4939,52.350
116.615432,3909,2042,4938,52.350
116.621100,3909,2043,4937,52.350
116.625591,3909,2044,4937,52.350
116.631263,3908,2045,4936,52.350
116.635680,3905,2045,4933,52.350
116.641387,3904,2044,4930,52.350
116.645604,3903,2041,4928,52.350
116.650354,3904,2040,4929,52.350
116.655980,3903,2039,4933,52.350
116.660418,3903,2039,4935,52.350
116.666086,3904,2039,4935,52.350
116.670605,3905,2039,4932,52.350
116.676206,3905,2037,4926,52.350
116.680851,3904,2037,4921,52.350
116.685043,3903,2037,4920,52.350
116.690852,3902,2037,4922,52.350
116.695215,3901,2038,4924,52.350
116.700858,3901,2039,4927,52.350
116.705403,3902,2041,4929,52.350
116.711035,3903,2044,4927,52.350
116.715452,3904,2046,4925,52.350
116.721214,3905,2048,4924,52.350
116.725599,3905,2050,4924,52.350
116.730033,3905,2051,4924,52.350
116.735730,3905,2052,4924,52.350
116.740241,3906,2052,4924,52.350
116.745873,3907,2052,4920,52.350
116.750025,3906,2052,4917,52.350
116.756007,3904,2053,4918,52.350
116.760439,3902,2055,4920,52.350
116.764837,3901,2057,4924,52.350
116.770611,3900,2058,4928,52.350
116.775005,3901,2058,4930,52.350
116.780642,3902,2057,4934,52.350
116.785134,3902,2058,4937,52.350
116.790842,3903,2058,4937,52.350
116.795269,3902,2060,4935,52.350
116.800957,3902,2062,4931,52.350
116.805374,3902,2062,4927,52.350
116.809797,3901,2061,4923,52.350
116.815522,3900,2061,4920,52.350
116.819925,3901,2058,4916,52.350
116.825623,3901,2057,4914,52.350
116.830077,3901,2054,4912,52.350
116.835778,3902,2053,4911,52.350
116.840181,3902,2051,4908,52.350
116.844656,3902,2051,4906,52.350
116.850348,3902,2050,4902,52.350
116.854801,3902,2048,4900,52.350
116.860449,3901,2046,4902,52.350
116.864927,3901,2045,4903,52.350
116.870563,3899,2044,4906,52.350
116.875014,3897,2043,4910,52.350
116.880754,3896,2045,4910,52.350
116.885185,3896,2045,4909,52.350
116.889587,3896,2046,4908,52.350
116.895320,3898,2047,4906,52.350
116.899720,3898,2045,4907,52.350
116.905448,3897,2044,4908,52.350
116.909850,3896,2042,4910,52.350
116.915521,3896,2041,4909,52.350
116.919963,3896,2039,4913,52.350
116.924378,3898,2039,4917,52.350
116.930144,3900,2039,4918,52.350
116.934579,3902,2039,4920,52.350
116.940215,3900,2039,4917,52.350
116.944711,3899,2038,4914,52.350
116.950396,3900,2037,4911,52.350
116.954789,3902,2036,4911,52.350
116.960542,3905,2033,4913,52.350
116.964693,3907,2031,4913,52.350
116.969397,3910,2030,4915,52.350
116.975110,3912,2030,4914,52.350
116.979523,3914,2031,4914,52.350
116.985216,3915,2032,4915,52.350
116.989637,3914,2034,4917,52.350
116.995394,3912,2035,4918,52.350
116.999773,3909,2037,4921,52.350
117.004162,3906,2038,4919,52.350
117.009615,3906,2040,4917,52.350
117.014111,3906,2041,4916,52.350
117.020070,3905,2041,4914,52.350
117.024477,3906,2041,4914,52.350
117.029919,3906,2040,4914,52.350
117.034568,3907,2040,4912,52.350
117.040267,3908,2039,4908,52.350
117.044705,3908,2037,4902,52.350
117.049142,3908,2037,4899,52.350
117.054855,3907,2035,4899,52.350
117.059338,3908,2035,4899,52.350
117.064965,3908,2037,4901,52.350
117.069483,3908,2039,4902,52.350
117.075093,3908,2042,4905,52.350
117.079554,3908,2042,4909,52.350
117.083997,3908,2042,4912,52.350
117.089725,3907,2042,4917,52.350
117.094095,3906,2041,4918,52.350
117.099784,3904,2040,4919,52.350
117.104222,3903,2041,4918,52.350
117.109927,3903,2042,4913,52.350
117.114416,3904,2044,4908,52.350
117.120061,3906,2046,4903,52.350
117.124498,3905,2047,4899,52.350
117.128948,3905,2049,4896,52.350
117.134654,3903,2049,4896,52.350
117.139095,3903,2050,4896,52.350
117.144729,3904,2052,4897,52.350
117.149213,3905,2054,4896,52.350
117.154888,3907,2056,4896,52.350
117.159351,3907,2056,4894,52.350
117.163746,3907,2057,4892,52.350
117.169505,3906,2055,4890,52.350
117.173898,3904,2054,4889,52.350
117.179598,3903,2051,4888,52.350
117.184035,3903,2049,4889,52.350
117.189730,3904,2048,4891,52.350
117.193889,3907,2047,4891,52.350
117.199623,3908,2047,4891,52.350
117.204308,3909,2047,4889,52.350
117.208707,3911,2046,4887,52.350
117.214434,3911,2044,4886,52.350
117.218843,3911,2041,4888,52.350
117.224523,3911,2040,4892,52.350
117.229008,3910,2039,4894,52.350
117.234676,3910,2037,4896,52.350
117.239116,3909,2037,4900,52.350
117.243545,3909,2036,4904,52.350
117.249309,3909,2036,4908,52.350
117.253649,3911,2036,4909,52.350
117.259343,3913,2035,4911,52.350
117.263846,3913,2036,4910,52.350
117.269515,3913,2036,4908,52.350
117.273924,3911,2037,4906,52.350
117.279661,3909,2038,4907,52.350
117.284077,3908,2040,4912,52.350
117.288498,3908,2042,4915,52.350
117.294275,3908,2045,4920,52.350
117.298658,3907,2048,4924,52.350
117.304340,3906,2049,4924,52.350
117.308791,3906,2049,4925,52.350
117.314367,3906,2048,4924,52.350
117.318914,3907,2047,4924,52.350
117.323360,3907,2048,4922,52.350
117.329043,3907,2051,4920,52.350
117.333484,3906,2053,4919,52.350
117.339217,3905,2055,4916,52.350
117.343638,3904,2055,4913,52.350
117.349270,3905,2054,4908,52.350
117.353728,3906,2054,4903,52.350
117.359423,3907,2053,4902,52.350
117.363884,3907,2053,4901,52.350
117.368300,3907,2052,4903,52.350
117.373997,3905,2052,4907,52.350
117.378440,3905,2051,4908,52.350
117.384079,3905,2049,4911,52.350
117.388545,3905,2050,4912,52.350
117.394279,3905,2049,4913,52.350
117.398675,3907,2048,4915,52.350
117.402860,3908,2047,4918,52.350
117.408836,3909,2045,4923,52.350
117.413272,3908,2042,4926,52.350
117.418923,3909,2039,4929,52.350
117.423387,3908,2036,4931,52.350
117.429044,3907,2032,4933,52.350
117.433501,3907,2030,4932,52.350
117.439215,3907,2031,4931,52.350
117.443703,3906,2034,4931,52.350
117.448100,3905,2038,4931,52.350
117.453788,3906,2041,4932,52.350
117.458205,3906,2042,4933,52.350
117.463885,3905,2043,4931,52.350
117.468306,3904,2043,4927,52.350
117.474088,3902,2041,4924,52.350
117.478472,3902,2039,4922,52.350
117.482841,3902,2038,4921,52.350
117.488648,3902,2038,4923,52.350
117.493003,3903,2038,4922,52.350
117.498697,3902,2040,4921,52.350
117.503152,3900,2041,4922,52.350
117.508836,3899,2042,4921,52.350
117.513281,3896,2043,4920,52.350
117.518986,3894,2041,4917,52.350
117.523418,3893,2040,4911,52.350
117.527857,3891,2040,4904,52.350
117.533636,3889,2039,4900,52.350
117.538017,3889,2039,4895,52.350
117.543645,3888,2039,4892,52.350
117.548138,3889,2041,4893,52.350
117.553806,3889,2043,4894,52.350
117.558316,3889,2044,4897,52.350
117.562690,3888,2045,4899,52.350
117.568386,3887,2047,4898,52.350
117.572770,3885,2047,4896,52.350
117.578508,3886,2048,4896,52.350
117.582933,3885,2048,4896,52.350
117.588627,3887,2045,4894,52.350
117.593034,3889,2044,4895,52.350
117.598791,3891,2042,4897,52.350
117.603176,3892,2039,4900,52.350
117.607351,3893,2036,4906,52.350
117.613350,3892,2034,4912,52.350
117.617776,3892,2031,4915,52.350
117.623464,3893,2031,4917,52.350
117.627865,3896,2031,4918,52.350
117.633599,3901,2030,4918,52.350
117.638028,3903,2028,4919,52.350
117.642444,3904,2029,4917,52.350
117.648167,3904,2029,4916,52.350
117.652620,3903,2031,4916,52.350
117.658303,3904,2033,4918,52.350
117.662763,3904,2033,4924,52.350
117.668416,3904,2032,4930,52.350
117.672879,3904,2030,4935,52.350
117.678580,3903,2029,4941,52.350
117.682955,3903,2031,4944,52.350
117.687399,3904,2032,4945,52.350
117.693142,3906,2035,4942,52.350
117.697534,3907,2036,4939,52.350
117.703221,3907,2038,4938,52.350
117.707650,3907,2040,4937,52.350
117.713358,3907,2043,4934,52.350
117.717806,3908,2046,4928,52.350
117.722244,3910,2048,4923,52.350
117.727936,3912,2048,4917,52.350
117.732345,3914,2048,4913,52.350
117.738048,3915,2047,4910,52.350
117.742527,3915,2045,4907,52.350
117.748211,3916,2042,4905,52.350
117.752631,3916,2041,4902,52.350
117.758379,3916,2042,4900,52.350
117.762783,3918,2042,4897,52.350
117.767140,3919,2043,4896,52.350
117.772894,3921,2041,4897,52.350
117.777322,3923,2040,4898,52.350
117.782998,3923,2040,4898,52.350
117.787443,3921,2040,4898,52.350
117.793144,3919,2039,4895,52.350
117.797563,3916,2038,4895,52.350
117.802003,3916,2036,4895,52.350
117.807729,3917,2036,4895,52.350
117.812149,3917,2036,4896,52.350
117.817807,3919,2037,4897,52.350
117.822306,3919,2039,4896,52.350
117.827911,3919,2041,4898,52.350
117.832381,3918,2041,4900,52.350
117.838057,3917,2042,4900,52.350
117.842530,3916,2044,4899,52.350
117.846993,3914,2047,4896,52.350
117.852683,3912,2049,4893,52.350
117.856927,3911,2050,4893,52.350
117.862803,3912,2051,4894,52.350
117.867245,3913,2052,4897,52.350
117.872953,3913,2051,4900,52.350
117.877368,3913,2051,4902,52.350
117.881775,3913,2051,4905,52.350
117.887527,3913,2051,4907,52.350
117.891943,3914,2050,4911,52.350
117.897598,3917,2049,4917,52.350
117.902052,3919,2046,4921,52.350
117.907765,3921,2043,4925,52.350
117.912195,3922,2040,4927,52.350
117.917908,3921,2039,4927,52.350
117.922320,3921,2039,4928,52.350
117.926730,3922,2039,4929,52.350
117.932449,3923,2040,4930,52.350
117.936895,3924,2040,4930,52.350
117.942547,3926,2042,4931,52.350
117.947037,3925,2043,4930,52.350
117.952700,3926,2044,4929,52.350
117.957167,3926,2046,4930,52.350
117.961567,3926,2048,4929,52.350
117.967320,3927,2046,4926,52.350
117.971715,3926,2045,4924,52.350
117.977365,3926,2043,4922,52.350
117.981868,3925,2041,4921,52.350
117.987560,3923,2042,4922,52.350
117.991929,3921,2041,4923,52.350
117.997675,3920,2039,4923,52.350
118.002118,3920,2040,4924,52.350
118.006232,3922,2039,4924,52.350
118.012261,3924,2038,4923,52.350
118.016464,3926,2039,4923,52.350
118.022327,3927,2039,4923,52.350
118.026781,3927,2039,4926,52.350
118.032199,3926,2037,4930,52.350
118.036898,3924,2038,4934,52.350
118.041334,3919,2037,4936,52.350
118.046848,3916,2036,4939,52.350
118.051504,3913,2036,4939,52.350
118.057177,3911,2035,4938,52.350
118.061673,3911,2036,4938,52.350
118.067317,3912,2038,4936,52.350
118.071747,3912,2041,4933,52.350
118.077414,3912,2045,4930,52.350
118.081887,3914,2049,4930,52.350
118.086355,3915,2051,4930,52.350
118.092016,3917,2051,4932,52.350
118.096464,3918,2051,4931,52.350
118.102108,3919,2050,4927,52.350
118.106618,3920,2051,4922,52.350
118.112239,3919,2049,4918,52.350
118.116672,3919,2049,4918,52.350
118.121135,3918,2047,4919,52.350
118.126844,3917,2045,4921,52.350
118.131344,3917,2044,4925,52.350
118.136960,3918,2042,4929,52.350
118.141415,3918,2042,4932,52.350
118.147053,3919,2042,4935,52.350
118.151535,3919,2040,4935,52.350
118.157237,3919,2039,4935,52.350
118.161680,3919,2037,4933,52.350
118.165811,3919,2036,4932,52.350
118.171882,3918,2036,4933,52.350
118.176249,3917,2035,4931,52.350
118.181658,3917,2036,4928,52.350
118.186337,3918,2037,4927,52.350
118.192080,3919,2036,4926,52.350
118.196203,3921,2035,4924,52.350
118.200880,3923,2036,4925,52.350
118.206698,3925,2037,4924,52.350
118.211053,3928,2040,4921,52.350
118.216738,3929,2043,4918,52.350
118.221215,3931,2046,4916,52.350
118.226855,3931,2048,4916,52.350
118.231324,3930,2048,4915,52.350
118.237007,3929,2047,4917,52.350
118.241481,3928,2046,4920,52.350
118.245919,3926,2044,4923,52.350
118.251328,3927,2042,4922,52.350
118.256045,3929,2040,4922,52.350
118.261741,3929,2040,4920,52.350
118.266122,3928,2041,4918,52.350
118.271890,3927,2044,4919,52.350
118.276250,3926,2045,4920,52.350
118.280674,3925,2046,4919,52.350
118.286415,3925,2046,4918,52.350
118.290818,3924,2045,4915,52.350
118.296493,3924,2046,4912,52.350
118.300975,3924,2047,4911,52.350
118.306670,3925,2047,4911,52.350
118.310963,3925,2046,4913,52.350
118.316788,3924,2042,4914,52.350
118.321263,3923,2036,4912,52.350
118.325674,3924,2032,4910,52.350
118.331374,3923,2029,4909,52.350
118.335829,3923,2027,4909,52.350
118.341475,3922,2027,4914,52.350
118.345962,3919,2028,4918,52.350
118.351614,3918,2030,4920,52.350
118.356061,3916,2035,4919,52.350
118.360490,3915,2039,4916,52.350
118.366315,3913,2042,4913,52.350
118.370623,3916,2044,4912,52.350
118.376292,3918,2044,4915,52.350
118.380815,3921,2044,4917,52.350
118.386472,3923,2042,4919,52.350
118.390855,3924,2040,4918,52.350
118.396598,3923,2038,4915,52.350
118.400988,3922,2037,4913,52.350
118.405397,3920,2036,4913,52.350
118.411181,3921,2037,4915,52.350
118.415549,3922,2038,4916,52.350
118.421249,3923,2038,4918,52.350
118.425731,3924,2038,4920,52.350
118.431389,3924,2038,4923,52.350
118.435840,3923,2039,4926,52.350
118.440296,3922,2041,4926,52.350
118.445989,3922,2043,4926,52.350
118.450432,3922,2048,4926,52.350
118.456102,3921,2050,4923,52.350
118.460550,3918,2052,4922,52.350
118.466263,3916,2052,4921,52.350
118.470676,3915,2050,4920,52.350
118.476397,3914,2049,4919,52.350
118.480818,3915,2047,4916,52.350
118.485236,3916,2045,4916,52.350
118.490956,3918,2046,4915,52.350
118.495362,3920,2047,4915,52.350
118.501041,3921,2049,4916,52.350
118.505480,3922,2048,4915,52.350
118.511225,3921,2047,4914,52.350
118.515614,3920,2046,4917,52.350
118.520028,3917,2043,4917,52.350
118.525753,3914,2041,4918,52.350
118.530196,3912,2038,4918,52.350
118.535830,3911,2039,4913,52.350
118.540289,3909,2039,4913,52.350
118.545975,3909,2040,4912,52.350
118.550515,3908,2039,4914,52.350
118.555931,3906,2039,4918,52.350
118.560628,3904,2038,4921,52.350
118.564717,3903,2037,4921,52.350
118.570702,3903,2038,4920,52.350
118.575118,3904,2039,4919,52.350
118.580585,3904,2041,4918,52.350
118.585289,3904,2042,4916,52.350
118.590943,3903,2043,4915,52.350
118.595468,3903,2044,4913,52.350
118.599779,3904,2046,4913,52.350
118.605528,3905,2047,4914,52.350
118.609934,3907,2048,4913,52.350
118.615626,3909,2048,4914,52.350
118.620128,3912,2048,4915,52.350
118.625546,3916,2047,4913,52.350
118.630269,3919,2049,4913,52.350
118.635904,3921,2050,4917,52.350
118.640347,3922,2053,4919,52.350
118.644755,3920,2052,4922,52.350
118.650534,3919,2053,4923,52.350
118.654925,3916,2052,4921,52.350
118.660633,3914,2053,4920,52.350
118.665058,3914,2056,4919,52.350
118.670811,3914,2056,4919,52.350
118.675166,3917,2055,4920,52.350
118.679614,3918,2053,4922,52.350
118.685352,3921,2052,4922,52.350
118.689782,3923,2051,4918,52.350
118.695400,3924,2051,4915,52.350
118.699896,3925,2051,4914,52.350
118.705549,3925,2050,4913,52.350
118.710009,3924,2050,4911,52.350
118.715699,3923,2050,4911,52.350
118.720183,3920,2049,4910,52.350
118.724600,3917,2047,4909,52.350
118.730299,3914,2044,4908,52.350
118.734752,3913,2040,4911,52.350
118.740392,3912,2037,4911,52.350
118.744835,3912,2035,4911,52.350
118.750300,3913,2034,4913,52.350
118.754952,3914,2035,4912,52.350
118.759424,3913,2035,4910,52.350
118.765133,3913,2035,4910,52.350
118.769582,3912,2035,4909,52.350
118.775239,3911,2036,4907,52.350
118.779661,3910,2036,4906,52.350
118.785369,3912,2036,4905,52.350
118.789802,3913,2038,4903,52.350
118.795525,3914,2039,4904,52.350
118.799971,3915,2040,4905,52.350
118.804357,3916,2040,4906,52.350
118.810095,3917,2040,4907,52.350
118.814515,3918,2040,4909,52.350
118.820215,3917,2040,4910,52.350
118.824620,3915,2040,4910,52.350
118.830319,3912,2039,4911,52.350
118.834800,3910,2038,4910,52.350
118.839235,3908,2037,4911,52.350
118.844894,3909,2037,4911,52.350
118.849379,3908,2037,4910,52.350
118.855035,3910,2036,4912,52.350
118.859476,3911,2037,4915,52.350
118.865170,3910,2038,4916,52.350
118.869615,3909,2042,4916,52.350
118.875390,3906,2047,4916,52.350
118.879687,3903,2051,4915,52.350
118.884124,3900,2053,4913,52.350
118.889868,3899,2052,4910,52.350
118.894300,3901,2052,4908,52.350
118.899964,3903,2050,4906,52.350
118.904439,3905,2050,4906,52.350
118.910112,3906,2050,4908,52.350
118.914447,3906,2048,4910,52.350
118.918975,3905,2046,4910,52.350
118.924680,3904,2044,4908,52.350
118.929129,3902,2043,4905,52.350
118.934803,3901,2043,4904,52.350
118.939332,3900,2043,4904,52.350
118.944938,3902,2044,4906,52.350
118.949394,3906,2043,4908,52.350
118.955097,3910,2041,4910,52.350
118.959557,3912,2038,4909,52.350
118.963933,3914,2037,4909,52.350
118.969691,3913,2039,4911,52.350
118.974061,3912,2041,4914,52.350
118.979729,3914,2043,4917,52.350
118.984201,3914,2046,4919,52.350
118.989918,3913,2048,4921,52.350
118.994348,3914,2048,4920,52.350
118.998715,3915,2048,4920,52.350
119.004459,3916,2046,4920,52.350
119.008617,3917,2046,4918,52.350
119.014411,3917,2045,4918,52.350
119.019050,3917,2045,4919,52.350
119.024693,3918,2044,4919,52.350
119.029379,3917,2045,4921,52.350
119.034840,3917,2046,4920,52.350
119.039346,3917,2046,4920,52.350
119.043765,3915,2046,4918,52.350
119.049470,3914,2045,4915,52.350
119.053990,3912,2044,4913,52.350
119.059576,3910,2043,4914,52.350
119.064016,3908,2041,4913,52.350
119.069744,3907,2040,4915,52.350
119.074185,3907,2038,4917,52.350
119.078566,3908,2036,4919,52.350
119.084264,3909,2035,4925,52.350
119.088696,3910,2033,4929,52.350
119.094367,3911,2030,4934,52.350
119.098870,3910,2030,4936,52.350
119.104556,3910,2031,4937,52.350
119.108932,3911,2032,4936,52.350
119.114648,3911,2034,4932,52.350
119.119093,3913,2035,4929,52.350
119.123551,3915,2034,4926,52.350
119.129263,3915,2035,4921,52.350
119.133668,3916,2035,4917,52.350
119.139349,3916,2035,4916,52.350
119.143838,3914,2034,4916,52.350
119.149494,3913,2034,4916,52.350
119.153910,3912,2034,4917,52.350
119.158318,3911,2035,4916,52.350
119.164108,3911,2035,4916,52.350
119.168461,3910,2038,4916,52.350
119.174138,3912,2040,4920,52.350
119.178613,3912,2040,4923,52.350
119.184309,3912,2041,4927,52.350
119.188430,3912,2042,4928,52.350
119.194234,3910,2043,4927,52.350
119.198646,3909,2044,4925,52.350
119.203045,3909,2045,4922,52.350
119.209090,3908,2043,4923,52.350
119.213437,3908,2042,4923,52.350
119.219116,3907,2041,4924,52.350
119.223610,3908,2041,4924,52.350
119.229290,3909,2041,4923,52.350
119.233695,3912,2041,4922,52.350
119.238124,3912,2042,4920,52.350
119.243893,3913,2043,4917,52.350
119.248332,3912,2043,4912,52.350
119.253942,3911,2043,4909,52.350
119.258431,3912,2042,4907,52.350
119.264110,3914,2040,4909,52.350
119.268525,3914,2039,4912,52.350
119.274258,3913,2038,4916,52.350
119.278532,3910,2037,4920,52.350
119.283117,3909,2036,4921,52.350
119.288809,3909,2034,4922,52.350
119.293260,3910,2034,4920,52.350
119.298913,3912,2035,4920,52.350
119.303332,3911,2039,4919,52.350
119.309039,3911,2043,4918,52.350
119.313492,3911,2047,4918,52.350
119.317912,3911,2049,4915,52.350
119.323628,3910,2049,4912,52.350
119.328115,3909,2046,4913,52.350
119.333750,3909,2044,4912,52.350
119.338230,3908,2040,4909,52.350
119.343879,3908,2038,4909,52.350
119.348325,3908,2036,4908,52.350
119.354065,3909,2035,4907,52.350
119.358441,3910,2035,4908,52.350
119.362905,3911,2035,4909,52.350
119.368617,3912,2036,4911,52.350
119.373059,3912,2036,4912,52.350
119.378819,3913,2037,4914,52.350
119.383144,3915,2038,4917,52.350
119.388838,3916,2040,4921,52.350
119.393283,3917,2041,4924,52.350
119.397680,3918,2042,4926,52.350
119.403353,3918,2042,4927,52.350
119.407852,3916,2042,4926,52.350
119.413533,3916,2043,4925,52.350
119.417983,3916,2044,4925,52.350
119.423660,3914,2045,4929,52.350
119.428131,3914,2046,4934,52.350
119.433798,3915,2048,4936,52.350
119.438299,3915,2050,4938,52.350
119.442742,3915,2050,4935,52.350
119.448398,3914,2051,4929,52.350
119.452835,3913,2051,4921,52.350
119.458496,3914,2050,4914,52.350
119.462956,3914,2048,4907,52.350
119.468617,3913,2046,4902,52.350
119.473091,3915,2044,4902,52.350
119.477499,3915,2043,4904,52.350
119.483385,3917,2040,4908,52.350
119.487615,3919,2038,4913,52.350
119.493354,3919,2036,4918,52.350
119.497765,3919,2036,4923,52.350
119.503427,3916,2037,4925,52.350
119.507888,3912,2038,4926,52.350
119.513600,3911,2039,4928,52.350
119.518018,3909,2038,4927,52.350
119.522498,3909,2038,4926,52.350
119.528175,3911,2035,4926,52.350
119.532616,3913,2034,4923,52.350
119.538268,3912,2035,4924,52.350
119.542762,3912,2036,4921,52.350
119.548449,3912,2038,4919,52.350
119.552871,3913,2039,4919,52.350
119.557305,3915,2039,4918,52.350
119.563035,3918,2040,4917,52.350
119.567438,3921,2039,4918,52.350
119.573118,3925,2039,4916,52.350
119.577560,3929,2038,4913,52.350
119.583241,3932,2038,4910,52.350
119.587654,3933,2038,4907,52.350
119.593376,3933,2040,4903,52.350
119.597806,3933,2042,4901,52.350
119.602309,3931,2042,4899,52.350
119.607693,3930,2043,4898,52.350
119.612385,3929,2043,4901,52.350
119.618109,3929,2043,4904,52.350
119.622484,3929,2043,4907,52.350
119.628200,3929,2041,4909,52.350
119.632681,3928,2040,4910,52.350
119.637092,3929,2039,4909,52.350
119.642798,3929,2037,4910,52.350
119.647202,3931,2037,4909,52.350
119.652901,3935,2038,4908,52.350
119.657378,3937,2038,4906,52.350
119.663047,3937,2039,4905,52.350
119.667489,3935,2040,4906,52.350
119.673253,3931,2040,4905,52.350
119.677627,3928,2040,4904,52.350
119.682147,3926,2040,4899,52.350
119.687754,3926,2041,4897,52.350
119.692160,3927,2040,4899,52.350
119.697872,3927,2040,4902,52.350
119.702286,3928,2041,4905,52.350
119.708004,3928,2043,4907,52.350
119.712451,3927,2044,4908,52.350
119.716892,3925,2045,4907,52.350
119.722543,3923,2044,4909,52.350
119.727002,3922,2043,4913,52.350
119.732636,3922,2042,4916,52.350
119.737162,3923,2040,4919,52.350
119.742829,3924,2039,4919,52.350
119.747295,3924,2038,4917,52.350
119.752918,3924,2038,4915,52.350
119.757388,3925,2038,4911,52.350
119.761811,3927,2039,4906,52.350
119.767527,3927,2039,4903,52.350
119.771950,3929,2039,4902,52.350
119.777650,3933,2039,4904,52.350
119.781832,3934,2040,4908,52.350
119.787794,3936,2042,4912,52.350
119.792304,3937,2044,4917,52.350
119.796615,3937,2043,4921,52.350
119.802360,3938,2042,4925,52.350
119.806769,3936,2041,4928,52.350
119.812414,3934,2040,4929,52.350
119.816918,3932,2040,4926,52.350
119.822571,3933,2040,4924,52.350
119.827005,3932,2041,4921,52.350
119.832729,3930,2041,4918,52.350
119.837234,3928,2041,4918,52.350
119.841616,3924,2041,4920,52.350
119.847379,3923,2039,4922,52.350
119.851786,3924,2037,4924,52.350
119.857380,3925,2036,4925,52.350
119.861873,3926,2036,4924,52.350
119.867597,3924,2037,4922,52.350
119.872028,3921,2039,4924,52.350
119.876430,3920,2041,4924,52.350
119.882121,3918,2042,4925,52.350
119.886540,3917,2042,4926,52.350
119.892237,3918,2042,4923,52.350
119.896724,3918,2042,4919,52.350
119.902364,3919,2040,4917,52.350
119.906778,3917,2040,4913,52.350
119.912522,3917,2040,4916,52.350
119.916796,3917,2043,4920,52.350
119.921382,3917,2045,4922,52.350
119.927086,3917,2047,4923,52.350
119.931523,3915,2049,4922,52.350
119.937251,3914,2050,4920,52.350
119.941689,3913,2049,4917,52.350
119.947354,3916,2048,4915,52.350
119.951785,3919,2046,4915,52.350
119.956193,3921,2045,4913,52.350
119.961953,3922,2045,4911,52.350
119.966302,3922,2045,4913,52.350
119.972023,3920,2046,4915,52.350
119.976463,3919,2047,4918,52.350
119.982137,3919,2046,4920,52.350
119.986585,3920,2046,4920,52.350
119.992292,3921,2045,4922,52.350
119.996725,3921,2045,4922,52.350
120.001163,3919,2044,4920,52.350