Station,Date,Hour_UTC,Frequency_Hz,PLV,Hour_Threshold,Passed
KNG,20220101,0,1.0,0.07009387525577992,0.3574216378852331,0
KNG,20220101,0,1.1,0.23255488557574464,0.3574216378852331,0
KNG,20220101,0,1.2,0.1965193353509501,0.3574216378852331,0
KNG,20220101,0,1.3,0.28288359835048865,0.3574216378852331,0
KNG,20220101,0,1.4,0.28517938113831043,0.3574216378852331,0
KNG,20220101,0,1.5,0.27015910855866815,0.3574216378852331,0
KNG,20220101,0,1.6,0.44869800964947015,0.3574216378852331,1
KNG,20220101,0,1.7,0.3850144102645051,0.3574216378852331,1
KNG,20220101,0,1.8,0.2711622600845876,0.3574216378852331,0
KNG,20220101,0,1.9,0.2879690974766947,0.3574216378852331,0
KNG,20220101,0,2.0,0.5028518289538964,0.3574216378852331,1
KNG,20220101,0,2.1,0.3299396127472903,0.3574216378852331,0
KNG,20220101,0,2.2,0.25873567573111933,0.3574216378852331,0
KNG,20220101,0,2.3,0.04923408004360793,0.3574216378852331,0
KNG,20220101,0,2.4,0.059478365175074314,0.3574216378852331,0
KNG,20220101,0,2.5,0.04878267902834941,0.3574216378852331,0
KNG,20220101,0,2.6,0.10422423083712226,0.3574216378852331,0
KNG,20220101,0,2.7,0.06955228713453648,0.3574216378852331,0
KNG,20220101,0,2.8,0.103403906881094,0.3574216378852331,0
KNG,20220101,0,2.9,0.0964707752163583,0.3574216378852331,0
KNG,20220101,0,3.0,0.17145739080205796,0.3574216378852331,0
KNG,20220101,0,3.1,0.19500523799440111,0.3574216378852331,0
KNG,20220101,0,3.2,0.006462574107547553,0.3574216378852331,0
KNG,20220101,0,3.3,0.1320438043793231,0.3574216378852331,0
KNG,20220101,0,3.4,0.1776696340218273,0.3574216378852331,0
KNG,20220101,0,3.5,0.3243189465981495,0.3574216378852331,0
KNG,20220101,0,3.6,0.3191994339682695,0.3574216378852331,0
KNG,20220101,0,3.7,0.26268600515880497,0.3574216378852331,0
KNG,20220101,0,3.8,0.1537505535542581,0.3574216378852331,0
KNG,20220101,0,3.9,0.028280939541735866,0.3574216378852331,0
KNG,20220101,0,4.0,0.01396514990169552,0.3574216378852331,0
KNG,20220101,0,4.1,0.12659940777859274,0.3574216378852331,0
KNG,20220101,0,4.2,0.1435593083961604,0.3574216378852331,0
KNG,20220101,0,4.3,0.04507135286077928,0.3574216378852331,0
KNG,20220101,0,4.4,0.06769335276759024,0.3574216378852331,0
KNG,20220101,0,4.5,0.12404502401209141,0.3574216378852331,0
KNG,20220101,0,4.6,0.11696609659988054,0.3574216378852331,0
KNG,20220101,0,4.7,0.30998216138713963,0.3574216378852331,0
KNG,20220101,0,4.8,0.3357054074411279,0.3574216378852331,0
KNG,20220101,0,4.9,0.11644007634057572,0.3574216378852331,0
KNG,20220101,0,5.0,0.15693869184912257,0.3574216378852331,0
KNG,20220101,0,5.1,0.21227042177371241,0.3574216378852331,0
KNG,20220101,0,5.2,0.09305621289964706,0.3574216378852331,0
KNG,20220101,0,5.3,0.1657166691644251,0.3574216378852331,0
KNG,20220101,0,5.4,0.318790084226648,0.3574216378852331,0
KNG,20220101,0,5.5,0.31434931946609124,0.3574216378852331,0
KNG,20220101,0,5.6,0.28973777917703075,0.3574216378852331,0
KNG,20220101,0,5.7,0.23222907259210332,0.3574216378852331,0
KNG,20220101,0,5.8,0.13352268510154935,0.3574216378852331,0
KNG,20220101,0,5.9,0.10356262398823676,0.3574216378852331,0
KNG,20220101,0,6.0,0.2202326718698926,0.3574216378852331,0
KNG,20220101,0,6.1,0.24626874899960102,0.3574216378852331,0
KNG,20220101,0,6.2,0.3593875250241187,0.3574216378852331,1
KNG,20220101,0,6.3,0.3960769272493068,0.3574216378852331,1
KNG,20220101,0,6.4,0.2920437988941994,0.3574216378852331,0
KNG,20220101,0,6.5,0.1847149412403775,0.3574216378852331,0
KNG,20220101,0,6.6,0.2466174943888175,0.3574216378852331,0
KNG,20220101,0,6.7,0.2699424138013661,0.3574216378852331,0
KNG,20220101,0,6.8,0.5342492967543274,0.3574216378852331,1
KNG,20220101,0,6.9,0.4122470585500461,0.3574216378852331,1
KNG,20220101,0,7.0,0.18117802122817575,0.3574216378852331,0
KNG,20220101,0,7.1,0.04961372323278882,0.3574216378852331,0
KNG,20220101,0,7.2,0.07572325442113241,0.3574216378852331,0
KNG,20220101,0,7.3,0.12213793611928965,0.3574216378852331,0
KNG,20220101,0,7.4,0.1981574957562019,0.3574216378852331,0
KNG,20220101,0,7.5,0.13810935399823762,0.3574216378852331,0
KNG,20220101,0,7.6,0.07103006696127773,0.3574216378852331,0
KNG,20220101,0,7.7,0.09937869415938799,0.3574216378852331,0
KNG,20220101,0,7.8,0.02602325512416148,0.3574216378852331,0
KNG,20220101,0,7.9,0.17565412148709877,0.3574216378852331,0
KNG,20220101,0,8.0,0.42734421251488103,0.3574216378852331,1
KNG,20220101,0,8.1,0.32640701616192463,0.3574216378852331,0
KNG,20220101,0,8.2,0.2866386410579708,0.3574216378852331,0
KNG,20220101,0,8.3,0.31718062752966414,0.3574216378852331,0
KNG,20220101,0,8.4,0.1031454826935553,0.3574216378852331,0
KNG,20220101,0,8.5,0.062035480767154504,0.3574216378852331,0
KNG,20220101,0,8.6,0.18120483680942442,0.3574216378852331,0
KNG,20220101,0,8.7,0.17977833246008482,0.3574216378852331,0
KNG,20220101,0,8.8,0.0690307547742076,0.3574216378852331,0
KNG,20220101,0,8.9,0.11050796308828464,0.3574216378852331,0
KNG,20220101,0,9.0,0.07599976927645662,0.3574216378852331,0
KNG,20220101,0,9.1,0.21361081461056527,0.3574216378852331,0
KNG,20220101,0,9.2,0.14951241308009158,0.3574216378852331,0
KNG,20220101,0,9.3,0.14620678381194308,0.3574216378852331,0
KNG,20220101,0,9.4,0.24433688745119794,0.3574216378852331,0
KNG,20220101,0,9.5,0.1488740450864634,0.3574216378852331,0
KNG,20220101,0,9.6,0.23303415317306245,0.3574216378852331,0
KNG,20220101,0,9.7,0.272350143424481,0.3574216378852331,0
KNG,20220101,0,9.8,0.2774094988888968,0.3574216378852331,0
KNG,20220101,0,9.9,0.1651047433498359,0.3574216378852331,0
KNG,20220101,0,10.0,0.18321812822479946,0.3574216378852331,0
KNG,20220101,1,1.0,0.14046258644823428,0.3,0
KNG,20220101,1,1.1,0.26465887000744465,0.3,0
KNG,20220101,1,1.2,0.28683440650356334,0.3,0
KNG,20220101,1,1.3,0.032339999375338296,0.3,0
KNG,20220101,1,1.4,0.12949431490915023,0.3,0
KNG,20220101,1,1.5,0.05409283321734936,0.3,0
KNG,20220101,1,1.6,0.12786137391925043,0.3,0
KNG,20220101,1,1.7,0.26183478907248164,0.3,0
KNG,20220101,1,1.8,0.04371732610029273,0.3,0
KNG,20220101,1,1.9,0.32424226633646386,0.3,1
KNG,20220101,1,2.0,0.43409511545107693,0.3,1
KNG,20220101,1,2.1,0.44453510082051995,0.3,1
KNG,20220101,1,2.2,0.366289979453844,0.3,1
KNG,20220101,1,2.3,0.3069377364806083,0.3,1
KNG,20220101,1,2.4,0.044266467441735534,0.3,0
KNG,20220101,1,2.5,0.1491581796155143,0.3,0
KNG,20220101,1,2.6,0.153975500028419,0.3,0
KNG,20220101,1,2.7,0.12863016051602577,0.3,0
KNG,20220101,1,2.8,0.19699670859203383,0.3,0
KNG,20220101,1,2.9,0.17004601151925905,0.3,0
KNG,20220101,1,3.0,0.09214925945248416,0.3,0
KNG,20220101,1,3.1,0.05404025211695939,0.3,0
KNG,20220101,1,3.2,0.16816019165477944,0.3,0
KNG,20220101,1,3.3,0.1705184546235683,0.3,0
KNG,20220101,1,3.4,0.06265779481468657,0.3,0
KNG,20220101,1,3.5,0.08934080475092884,0.3,0
KNG,20220101,1,3.6,0.028332665335880643,0.3,0
KNG,20220101,1,3.7,0.10780573668932408,0.3,0
KNG,20220101,1,3.8,0.07212344777787934,0.3,0
KNG,20220101,1,3.9,0.12715205832499046,0.3,0
KNG,20220101,1,4.0,0.2584154391014212,0.3,0
KNG,20220101,1,4.1,0.20782903766893124,0.3,0
KNG,20220101,1,4.2,0.2365859936634867,0.3,0
KNG,20220101,1,4.3,0.17292193955523738,0.3,0
KNG,20220101,1,4.4,0.25792903656263927,0.3,0
KNG,20220101,1,4.5,0.2849605324732471,0.3,0
KNG,20220101,1,4.6,0.2950095936861512,0.3,0
KNG,20220101,1,4.7,0.2536095615258366,0.3,0
KNG,20220101,1,4.8,0.33476007994751433,0.3,1
KNG,20220101,1,4.9,0.2601720152957493,0.3,0
KNG,20220101,1,5.0,0.2671220594044446,0.3,0
KNG,20220101,1,5.1,0.23157401673175446,0.3,0
KNG,20220101,1,5.2,0.1287347090347826,0.3,0
KNG,20220101,1,5.3,0.1379623210799424,0.3,0
KNG,20220101,1,5.4,0.04932904228591215,0.3,0
KNG,20220101,1,5.5,0.16262891039252503,0.3,0
KNG,20220101,1,5.6,0.22698978431826883,0.3,0
KNG,20220101,1,5.7,0.14327952333365046,0.3,0
KNG,20220101,1,5.8,0.19918504403046905,0.3,0
KNG,20220101,1,5.9,0.14370027507211047,0.3,0
KNG,20220101,1,6.0,0.2665062341855116,0.3,0
KNG,20220101,1,6.1,0.38883608392153324,0.3,1
KNG,20220101,1,6.2,0.34159599437618043,0.3,1
KNG,20220101,1,6.3,0.13409837002732541,0.3,0
KNG,20220101,1,6.4,0.2994712577314365,0.3,0
KNG,20220101,1,6.5,0.2897797366255249,0.3,0
KNG,20220101,1,6.6,0.15053854812409687,0.3,0
KNG,20220101,1,6.7,0.05609549870807943,0.3,0
KNG,20220101,1,6.8,0.10628306932920022,0.3,0
KNG,20220101,1,6.9,0.2285437112378433,0.3,0
KNG,20220101,1,7.0,0.13665928024667828,0.3,0
KNG,20220101,1,7.1,0.035088248492887185,0.3,0
KNG,20220101,1,7.2,0.11805723859772324,0.3,0
KNG,20220101,1,7.3,0.20932443125983535,0.3,0
KNG,20220101,1,7.4,0.2715940935204328,0.3,0
KNG,20220101,1,7.5,0.056479841933239565,0.3,0
KNG,20220101,1,7.6,0.22495103655981247,0.3,0
KNG,20220101,1,7.7,0.123738995018295,0.3,0
KNG,20220101,1,7.8,0.18804914799345063,0.3,0
KNG,20220101,1,7.9,0.09107810430829408,0.3,0
KNG,20220101,1,8.0,0.08265770386521387,0.3,0
KNG,20220101,1,8.1,0.12272293194915965,0.3,0
KNG,20220101,1,8.2,0.1906786166987263,0.3,0
KNG,20220101,1,8.3,0.15378333571738467,0.3,0
KNG,20220101,1,8.4,0.07341049690658409,0.3,0
KNG,20220101,1,8.5,0.1502920944433157,0.3,0
KNG,20220101,1,8.6,0.038170762004477686,0.3,0
KNG,20220101,1,8.7,0.0731310138983543,0.3,0
KNG,20220101,1,8.8,0.08772563832245364,0.3,0
KNG,20220101,1,8.9,0.12276396490929686,0.3,0
KNG,20220101,1,9.0,0.16573454772008472,0.3,0
KNG,20220101,1,9.1,0.10515404138634263,0.3,0
KNG,20220101,1,9.2,0.15754692964972167,0.3,0
KNG,20220101,1,9.3,0.3258058033586615,0.3,1
KNG,20220101,1,9.4,0.23374509688019277,0.3,0
KNG,20220101,1,9.5,0.11550372730539148,0.3,0
KNG,20220101,1,9.6,0.24254283640660204,0.3,0
KNG,20220101,1,9.7,0.15430338139493283,0.3,0
KNG,20220101,1,9.8,0.13087237966067722,0.3,0
KNG,20220101,1,9.9,0.14436242211143022,0.3,0
KNG,20220101,1,10.0,0.22708338478713208,0.3,0
KNG,20220101,2,1.0,0.15050871347708097,0.3092782504103335,0
KNG,20220101,2,1.1,0.18542285316295365,0.3092782504103335,0
KNG,20220101,2,1.2,0.1996103355629034,0.3092782504103335,0
KNG,20220101,2,1.3,0.2697948504753809,0.3092782504103335,0
KNG,20220101,2,1.4,0.18083980754076623,0.3092782504103335,0
KNG,20220101,2,1.5,0.2486922849016297,0.3092782504103335,0
KNG,20220101,2,1.6,0.1060730836130926,0.3092782504103335,0
KNG,20220101,2,1.7,0.03595675425576389,0.3092782504103335,0
KNG,20220101,2,1.8,0.22803685760931236,0.3092782504103335,0
KNG,20220101,2,1.9,0.17596261924668724,0.3092782504103335,0
KNG,20220101,2,2.0,0.11426238922648348,0.3092782504103335,0
KNG,20220101,2,2.1,0.3018790939117049,0.3092782504103335,0
KNG,20220101,2,2.2,0.3019229736932425,0.3092782504103335,0
KNG,20220101,2,2.3,0.18203734370628333,0.3092782504103335,0
KNG,20220101,2,2.4,0.22185829595667048,0.3092782504103335,0
KNG,20220101,2,2.5,0.1106445886945119,0.3092782504103335,0
KNG,20220101,2,2.6,0.07244843937285494,0.3092782504103335,0
KNG,20220101,2,2.7,0.16938928596412028,0.3092782504103335,0
KNG,20220101,2,2.8,0.27439184210795037,0.3092782504103335,0
KNG,20220101,2,2.9,0.28749636920594984,0.3092782504103335,0
KNG,20220101,2,3.0,0.19149633242343964,0.3092782504103335,0
KNG,20220101,2,3.1,0.15591098325914546,0.3092782504103335,0
KNG,20220101,2,3.2,0.10560157380107806,0.3092782504103335,0
KNG,20220101,2,3.3,0.2140040016466087,0.3092782504103335,0
KNG,20220101,2,3.4,0.29071577836352896,0.3092782504103335,0
KNG,20220101,2,3.5,0.1990229517634747,0.3092782504103335,0
KNG,20220101,2,3.6,0.21681008607329322,0.3092782504103335,0
KNG,20220101,2,3.7,0.19350498729565715,0.3092782504103335,0
KNG,20220101,2,3.8,0.15421288882946976,0.3092782504103335,0
KNG,20220101,2,3.9,0.1574696989328742,0.3092782504103335,0
KNG,20220101,2,4.0,0.29624547038950527,0.3092782504103335,0
KNG,20220101,2,4.1,0.34759789092559756,0.3092782504103335,1
KNG,20220101,2,4.2,0.2554322024597414,0.3092782504103335,0
KNG,20220101,2,4.3,0.30861525770168036,0.3092782504103335,0
KNG,20220101,2,4.4,0.15858931576426988,0.3092782504103335,0
KNG,20220101,2,4.5,0.1467186790411304,0.3092782504103335,0
KNG,20220101,2,4.6,0.14437588724517147,0.3092782504103335,0
KNG,20220101,2,4.7,0.20603095398343588,0.3092782504103335,0
KNG,20220101,2,4.8,0.125306543567843,0.3092782504103335,0
KNG,20220101,2,4.9,0.09504927602897444,0.3092782504103335,0
KNG,20220101,2,5.0,0.13445657084270418,0.3092782504103335,0
KNG,20220101,2,5.1,0.16830004351092168,0.3092782504103335,0
KNG,20220101,2,5.2,0.24680422439251973,0.3092782504103335,0
KNG,20220101,2,5.3,0.3740616663782668,0.3092782504103335,1
KNG,20220101,2,5.4,0.3852118646039975,0.3092782504103335,1
KNG,20220101,2,5.5,0.2601732024399627,0.3092782504103335,0
KNG,20220101,2,5.6,0.1789908277266303,0.3092782504103335,0
KNG,20220101,2,5.7,0.24497087215530436,0.3092782504103335,0
KNG,20220101,2,5.8,0.1326053734299927,0.3092782504103335,0
KNG,20220101,2,5.9,0.1277282382312093,0.3092782504103335,0
KNG,20220101,2,6.0,0.06601477639244875,0.3092782504103335,0
KNG,20220101,2,6.1,0.06839867868603695,0.3092782504103335,0
KNG,20220101,2,6.2,0.1897152313258318,0.3092782504103335,0
KNG,20220101,2,6.3,0.20169644380662932,0.3092782504103335,0
KNG,20220101,2,6.4,0.2849346786508638,0.3092782504103335,0
KNG,20220101,2,6.5,0.21614910650608984,0.3092782504103335,0
KNG,20220101,2,6.6,0.16713720511273047,0.3092782504103335,0
KNG,20220101,2,6.7,0.09919097508051757,0.3092782504103335,0
KNG,20220101,2,6.8,0.06163463592792363,0.3092782504103335,0
KNG,20220101,2,6.9,0.17001567301258644,0.3092782504103335,0
KNG,20220101,2,7.0,0.07876020280401241,0.3092782504103335,0
KNG,20220101,2,7.1,0.19606589593813356,0.3092782504103335,0
KNG,20220101,2,7.2,0.2485624845333733,0.3092782504103335,0
KNG,20220101,2,7.3,0.17915756451713713,0.3092782504103335,0
KNG,20220101,2,7.4,0.192941436717557,0.3092782504103335,0
KNG,20220101,2,7.5,0.16434631336133781,0.3092782504103335,0
KNG,20220101,2,7.6,0.25092150405843444,0.3092782504103335,0
KNG,20220101,2,7.7,0.27163463745429933,0.3092782504103335,0
KNG,20220101,2,7.8,0.2541345084729796,0.3092782504103335,0
KNG,20220101,2,7.9,0.26951301919290893,0.3092782504103335,0
KNG,20220101,2,8.0,0.12124062259799735,0.3092782504103335,0
KNG,20220101,2,8.1,0.2388364510980642,0.3092782504103335,0
KNG,20220101,2,8.2,0.2961109221143753,0.3092782504103335,0
KNG,20220101,2,8.3,0.29452138621451995,0.3092782504103335,0
KNG,20220101,2,8.4,0.1713860909179878,0.3092782504103335,0
KNG,20220101,2,8.5,0.13150843663603756,0.3092782504103335,0
KNG,20220101,2,8.6,0.11109611292637075,0.3092782504103335,0
KNG,20220101,2,8.7,0.11786489417232487,0.3092782504103335,0
KNG,20220101,2,8.8,0.13978818567882198,0.3092782504103335,0
KNG,20220101,2,8.9,0.22668675946361758,0.3092782504103335,0
KNG,20220101,2,9.0,0.22781928552998384,0.3092782504103335,0
KNG,20220101,2,9.1,0.37537555317936133,0.3092782504103335,1
KNG,20220101,2,9.2,0.4700827084440114,0.3092782504103335,1
KNG,20220101,2,9.3,0.16933144079728485,0.3092782504103335,0
KNG,20220101,2,9.4,0.06152508882578217,0.3092782504103335,0
KNG,20220101,2,9.5,0.30637060219701007,0.3092782504103335,0
KNG,20220101,2,9.6,0.24461868426511268,0.3092782504103335,0
KNG,20220101,2,9.7,0.11358825899936249,0.3092782504103335,0
KNG,20220101,2,9.8,0.10461281278197007,0.3092782504103335,0
KNG,20220101,2,9.9,0.2221902003424897,0.3092782504103335,0
KNG,20220101,2,10.0,0.27134372527954326,0.3092782504103335,0
KNG,20220101,3,1.0,0.10683958852285097,0.32024774027640734,0
KNG,20220101,3,1.1,0.05002106295743105,0.32024774027640734,0
KNG,20220101,3,1.2,0.08223883825458804,0.32024774027640734,0
KNG,20220101,3,1.3,0.10040837739054663,0.32024774027640734,0
KNG,20220101,3,1.4,0.11243778882895016,0.32024774027640734,0
KNG,20220101,3,1.5,0.10955148173600207,0.32024774027640734,0
KNG,20220101,3,1.6,0.11152037163003954,0.32024774027640734,0
KNG,20220101,3,1.7,0.17118905455210356,0.32024774027640734,0
KNG,20220101,3,1.8,0.0789037007860563,0.32024774027640734,0
KNG,20220101,3,1.9,0.18878680096081088,0.32024774027640734,0
KNG,20220101,3,2.0,0.21054860705235975,0.32024774027640734,0
KNG,20220101,3,2.1,0.39040304379080665,0.32024774027640734,1
KNG,20220101,3,2.2,0.4785852605158475,0.32024774027640734,1
KNG,20220101,3,2.3,0.4060446078563244,0.32024774027640734,1
KNG,20220101,3,2.4,0.351877978630055,0.32024774027640734,1
KNG,20220101,3,2.5,0.35801985853776075,0.32024774027640734,1
KNG,20220101,3,2.6,0.19622793376412873,0.32024774027640734,0
KNG,20220101,3,2.7,0.23246158016412588,0.32024774027640734,0
KNG,20220101,3,2.8,0.129058911534779,0.32024774027640734,0
KNG,20220101,3,2.9,0.21583049829227124,0.32024774027640734,0
KNG,20220101,3,3.0,0.1840657766910604,0.32024774027640734,0
KNG,20220101,3,3.1,0.19238849244592596,0.32024774027640734,0
KNG,20220101,3,3.2,0.13394985007212812,0.32024774027640734,0
KNG,20220101,3,3.3,0.09774868854500757,0.32024774027640734,0
KNG,20220101,3,3.4,0.09287746961144065,0.32024774027640734,0
KNG,20220101,3,3.5,0.16639824712307727,0.32024774027640734,0
KNG,20220101,3,3.6,0.062418847730000844,0.32024774027640734,0
KNG,20220101,3,3.7,0.05653381710410092,0.32024774027640734,0
KNG,20220101,3,3.8,0.05565104919516172,0.32024774027640734,0
KNG,20220101,3,3.9,0.18426768532383772,0.32024774027640734,0
KNG,20220101,3,4.0,0.20026823965434248,0.32024774027640734,0
KNG,20220101,3,4.1,0.2768391347363553,0.32024774027640734,0
KNG,20220101,3,4.2,0.1228629904906998,0.32024774027640734,0
KNG,20220101,3,4.3,0.07324723511095328,0.32024774027640734,0
KNG,20220101,3,4.4,0.07212102172661927,0.32024774027640734,0
KNG,20220101,3,4.5,0.27028289105391506,0.32024774027640734,0
KNG,20220101,3,4.6,0.35957961757103657,0.32024774027640734,1
KNG,20220101,3,4.7,0.320352220653525,0.32024774027640734,1
KNG,20220101,3,4.8,0.23543526061055917,0.32024774027640734,0
KNG,20220101,3,4.9,0.1693253589042056,0.32024774027640734,0
KNG,20220101,3,5.0,0.19530978514952424,0.32024774027640734,0
KNG,20220101,3,5.1,0.1392250425799751,0.32024774027640734,0
KNG,20220101,3,5.2,0.05012676756527963,0.32024774027640734,0
KNG,20220101,3,5.3,0.20724617850380314,0.32024774027640734,0
KNG,20220101,3,5.4,0.2566462133735982,0.32024774027640734,0
KNG,20220101,3,5.5,0.19955692932250002,0.32024774027640734,0
KNG,20220101,3,5.6,0.1259713159083246,0.32024774027640734,0
KNG,20220101,3,5.7,0.1960039333732299,0.32024774027640734,0
KNG,20220101,3,5.8,0.25225771280012255,0.32024774027640734,0
KNG,20220101,3,5.9,0.2737665928062428,0.32024774027640734,0
KNG,20220101,3,6.0,0.12394073985677882,0.32024774027640734,0
KNG,20220101,3,6.1,0.12321600822605447,0.32024774027640734,0
KNG,20220101,3,6.2,0.19073364241169904,0.32024774027640734,0
KNG,20220101,3,6.3,0.08962875809653344,0.32024774027640734,0
KNG,20220101,3,6.4,0.11987634234491502,0.32024774027640734,0
KNG,20220101,3,6.5,0.32517816339817107,0.32024774027640734,1
KNG,20220101,3,6.6,0.2712097188048779,0.32024774027640734,0
KNG,20220101,3,6.7,0.16807621496677613,0.32024774027640734,0
KNG,20220101,3,6.8,0.3175498391810864,0.32024774027640734,0
KNG,20220101,3,6.9,0.24756284671836612,0.32024774027640734,0
KNG,20220101,3,7.0,0.16736197283627435,0.32024774027640734,0
KNG,20220101,3,7.1,0.04055842266578946,0.32024774027640734,0
KNG,20220101,3,7.2,0.07819989213691071,0.32024774027640734,0
KNG,20220101,3,7.3,0.17911538984954406,0.32024774027640734,0
KNG,20220101,3,7.4,0.03734853064025663,0.32024774027640734,0
KNG,20220101,3,7.5,0.13823832522428758,0.32024774027640734,0
KNG,20220101,3,7.6,0.16720974560475468,0.32024774027640734,0
KNG,20220101,3,7.7,0.19851951302419363,0.32024774027640734,0
KNG,20220101,3,7.8,0.2893773064516372,0.32024774027640734,0
KNG,20220101,3,7.9,0.24030830550460888,0.32024774027640734,0
KNG,20220101,3,8.0,0.2115656741887099,0.32024774027640734,0
KNG,20220101,3,8.1,0.22381557813325936,0.32024774027640734,0
KNG,20220101,3,8.2,0.26607468095642894,0.32024774027640734,0
KNG,20220101,3,8.3,0.1765231392977001,0.32024774027640734,0
KNG,20220101,3,8.4,0.18454021696873088,0.32024774027640734,0
KNG,20220101,3,8.5,0.057323683489789154,0.32024774027640734,0
KNG,20220101,3,8.6,0.1656953343494822,0.32024774027640734,0
KNG,20220101,3,8.7,0.11032616824519244,0.32024774027640734,0
KNG,20220101,3,8.8,0.18739710949482774,0.32024774027640734,0
KNG,20220101,3,8.9,0.27120399153625585,0.32024774027640734,0
KNG,20220101,3,9.0,0.2188156854782601,0.32024774027640734,0
KNG,20220101,3,9.1,0.16160691948086253,0.32024774027640734,0
KNG,20220101,3,9.2,0.3559750496234958,0.32024774027640734,1
KNG,20220101,3,9.3,0.36549478558651827,0.32024774027640734,1
KNG,20220101,3,9.4,0.29170171388810595,0.32024774027640734,0
KNG,20220101,3,9.5,0.1705111646980107,0.32024774027640734,0
KNG,20220101,3,9.6,0.04926775421475034,0.32024774027640734,0
KNG,20220101,3,9.7,0.17384014681420742,0.32024774027640734,0
KNG,20220101,3,9.8,0.24618432667867154,0.32024774027640734,0
KNG,20220101,3,9.9,0.360171482698999,0.32024774027640734,1
KNG,20220101,3,10.0,0.3547108778457701,0.32024774027640734,1
KNG,20220101,4,1.0,0.27708989733854616,0.3,0
KNG,20220101,4,1.1,0.09819592902368779,0.3,0
KNG,20220101,4,1.2,0.04803680596027183,0.3,0
KNG,20220101,4,1.3,0.16409906664170745,0.3,0
KNG,20220101,4,1.4,0.14644269558598527,0.3,0
KNG,20220101,4,1.5,0.07013673459652439,0.3,0
KNG,20220101,4,1.6,0.20550563768358762,0.3,0
KNG,20220101,4,1.7,0.33813578926382937,0.3,1
KNG,20220101,4,1.8,0.3175621212632623,0.3,1
KNG,20220101,4,1.9,0.1179409208271913,0.3,0
KNG,20220101,4,2.0,0.2280728583435079,0.3,0
KNG,20220101,4,2.1,0.3403035484666544,0.3,1
KNG,20220101,4,2.2,0.27931118774721614,0.3,0
KNG,20220101,4,2.3,0.13116615207746998,0.3,0
KNG,20220101,4,2.4,0.10563862427810375,0.3,0
KNG,20220101,4,2.5,0.050682150934018365,0.3,0
KNG,20220101,4,2.6,0.08340074543353758,0.3,0
KNG,20220101,4,2.7,0.11131359000461602,0.3,0
KNG,20220101,4,2.8,0.027778298881560876,0.3,0
KNG,20220101,4,2.9,0.1509742781882421,0.3,0
KNG,20220101,4,3.0,0.10911057750035345,0.3,0
KNG,20220101,4,3.1,0.07699553678846187,0.3,0
KNG,20220101,4,3.2,0.11500977171691013,0.3,0
KNG,20220101,4,3.3,0.03997980285831815,0.3,0
KNG,20220101,4,3.4,0.1280746080084213,0.3,0
KNG,20220101,4,3.5,0.18872848635872388,0.3,0
KNG,20220101,4,3.6,0.12445672612045697,0.3,0
KNG,20220101,4,3.7,0.16968210792437916,0.3,0
KNG,20220101,4,3.8,0.21199013367628575,0.3,0
KNG,20220101,4,3.9,0.22910515710987586,0.3,0
KNG,20220101,4,4.0,0.11374933729078457,0.3,0
KNG,20220101,4,4.1,0.08189891940513504,0.3,0
KNG,20220101,4,4.2,0.09180419524766446,0.3,0
KNG,20220101,4,4.3,0.19704193159673108,0.3,0
KNG,20220101,4,4.4,0.0893865727712358,0.3,0
KNG,20220101,4,4.5,0.23422626959936177,0.3,0
KNG,20220101,4,4.6,0.205205161016746,0.3,0
KNG,20220101,4,4.7,0.1828863360751379,0.3,0
KNG,20220101,4,4.8,0.10250920663957433,0.3,0
KNG,20220101,4,4.9,0.2305657671118659,0.3,0
KNG,20220101,4,5.0,0.35400677190496427,0.3,1
KNG,20220101,4,5.1,0.20941144778364573,0.3,0
KNG,20220101,4,5.2,0.2051626501394002,0.3,0
KNG,20220101,4,5.3,0.289826486457102,0.3,0
KNG,20220101,4,5.4,0.15818907875300497,0.3,0
KNG,20220101,4,5.5,0.2258702820317671,0.3,0
KNG,20220101,4,5.6,0.11855994054362311,0.3,0
KNG,20220101,4,5.7,0.22069727458777746,0.3,0
KNG,20220101,4,5.8,0.23731081516399294,0.3,0
KNG,20220101,4,5.9,0.24778901495606284,0.3,0
KNG,20220101,4,6.0,0.10140114690678462,0.3,0
KNG,20220101,4,6.1,0.04219353350451715,0.3,0
KNG,20220101,4,6.2,0.2131083665300887,0.3,0
KNG,20220101,4,6.3,0.09896330914798991,0.3,0
KNG,20220101,4,6.4,0.06865960817041974,0.3,0
KNG,20220101,4,6.5,0.08970986612003966,0.3,0
KNG,20220101,4,6.6,0.09354340072636418,0.3,0
KNG,20220101,4,6.7,0.21340136690646205,0.3,0
KNG,20220101,4,6.8,0.08911551833357884,0.3,0
KNG,20220101,4,6.9,0.2682469090411573,0.3,0
KNG,20220101,4,7.0,0.167006128464248,0.3,0
KNG,20220101,4,7.1,0.22566304559903652,0.3,0
KNG,20220101,4,7.2,0.06834519322995776,0.3,0
KNG,20220101,4,7.3,0.05284928486069947,0.3,0
KNG,20220101,4,7.4,0.11812919102559515,0.3,0
KNG,20220101,4,7.5,0.09998846636564984,0.3,0
KNG,20220101,4,7.6,0.07922755303930824,0.3,0
KNG,20220101,4,7.7,0.24191151600051153,0.3,0
KNG,20220101,4,7.8,0.29558763718167474,0.3,0
KNG,20220101,4,7.9,0.3211019698874694,0.3,1
KNG,20220101,4,8.0,0.16669636687368863,0.3,0
KNG,20220101,4,8.1,0.383501988941015,0.3,1
KNG,20220101,4,8.2,0.29669526314195216,0.3,0
KNG,20220101,4,8.3,0.23008815334591642,0.3,0
KNG,20220101,4,8.4,0.16396648518835302,0.3,0
KNG,20220101,4,8.5,0.14068418852110878,0.3,0
KNG,20220101,4,8.6,0.17734781871627922,0.3,0
KNG,20220101,4,8.7,0.040661363097483985,0.3,0
KNG,20220101,4,8.8,0.08251491868257547,0.3,0
KNG,20220101,4,8.9,0.17783400942799,0.3,0
KNG,20220101,4,9.0,0.2079412605562989,0.3,0
KNG,20220101,4,9.1,0.20718517048490623,0.3,0
KNG,20220101,4,9.2,0.2641552979910789,0.3,0
KNG,20220101,4,9.3,0.06830255296443503,0.3,0
KNG,20220101,4,9.4,0.06884897652688195,0.3,0
KNG,20220101,4,9.5,0.09340967985682509,0.3,0
KNG,20220101,4,9.6,0.10612700203445594,0.3,0
KNG,20220101,4,9.7,0.16132919628257675,0.3,0
KNG,20220101,4,9.8,0.02014429487477863,0.3,0
KNG,20220101,4,9.9,0.11508160190541113,0.3,0
KNG,20220101,4,10.0,0.12426685703142445,0.3,0
KNG,20220101,5,1.0,0.2738524036812966,0.3038743403676285,0
KNG,20220101,5,1.1,0.17476349423112209,0.3038743403676285,0
KNG,20220101,5,1.2,0.19653806496265055,0.3038743403676285,0
KNG,20220101,5,1.3,0.3088096339124972,0.3038743403676285,1
KNG,20220101,5,1.4,0.17920936507157234,0.3038743403676285,0
KNG,20220101,5,1.5,0.07652995006496811,0.3038743403676285,0
KNG,20220101,5,1.6,0.053193247225657755,0.3038743403676285,0
KNG,20220101,5,1.7,0.19405818765972774,0.3038743403676285,0
KNG,20220101,5,1.8,0.09652289097887133,0.3038743403676285,0
KNG,20220101,5,1.9,0.1519807828115903,0.3038743403676285,0
KNG,20220101,5,2.0,0.40439755559026036,0.3038743403676285,1
KNG,20220101,5,2.1,0.2551005299018117,0.3038743403676285,0
KNG,20220101,5,2.2,0.21582781315326052,0.3038743403676285,0
KNG,20220101,5,2.3,0.32504737751263374,0.3038743403676285,1
KNG,20220101,5,2.4,0.34489804997922535,0.3038743403676285,1
KNG,20220101,5,2.5,0.2082427763989021,0.3038743403676285,0
KNG,20220101,5,2.6,0.10925894514679747,0.3038743403676285,0
KNG,20220101,5,2.7,0.152351739016736,0.3038743403676285,0
KNG,20220101,5,2.8,0.16104566936630396,0.3038743403676285,0
KNG,20220101,5,2.9,0.19696141409514697,0.3038743403676285,0
KNG,20220101,5,3.0,0.053582344513799,0.3038743403676285,0
KNG,20220101,5,3.1,0.0603712419264208,0.3038743403676285,0
KNG,20220101,5,3.2,0.0474099514322159,0.3038743403676285,0
KNG,20220101,5,3.3,0.06802281392403882,0.3038743403676285,0
KNG,20220101,5,3.4,0.12288004187242965,0.3038743403676285,0
KNG,20220101,5,3.5,0.21219074128585047,0.3038743403676285,0
KNG,20220101,5,3.6,0.09050139157478386,0.3038743403676285,0
KNG,20220101,5,3.7,0.1183372308266016,0.3038743403676285,0
KNG,20220101,5,3.8,0.08323335238634787,0.3038743403676285,0
KNG,20220101,5,3.9,0.1410147022022984,0.3038743403676285,0
KNG,20220101,5,4.0,0.09221582441881068,0.3038743403676285,0
KNG,20220101,5,4.1,0.26209280064514867,0.3038743403676285,0
KNG,20220101,5,4.2,0.21705958814882995,0.3038743403676285,0
KNG,20220101,5,4.3,0.2443103618719921,0.3038743403676285,0
KNG,20220101,5,4.4,0.10398315241553191,0.3038743403676285,0
KNG,20220101,5,4.5,0.131347927271486,0.3038743403676285,0
KNG,20220101,5,4.6,0.08219156834619545,0.3038743403676285,0
KNG,20220101,5,4.7,0.07349642463386843,0.3038743403676285,0
KNG,20220101,5,4.8,0.25906728726157935,0.3038743403676285,0
KNG,20220101,5,4.9,0.24105922965768695,0.3038743403676285,0
KNG,20220101,5,5.0,0.09435603946691411,0.3038743403676285,0
KNG,20220101,5,5.1,0.125644383849026,0.3038743403676285,0
KNG,20220101,5,5.2,0.11292526749044424,0.3038743403676285,0
KNG,20220101,5,5.3,0.11338558160576412,0.3038743403676285,0
KNG,20220101,5,5.4,0.07079218846587276,0.3038743403676285,0
KNG,20220101,5,5.5,0.18126207148536652,0.3038743403676285,0
KNG,20220101,5,5.6,0.09732340684932006,0.3038743403676285,0
KNG,20220101,5,5.7,0.058293505168702416,0.3038743403676285,0
KNG,20220101,5,5.8,0.15940539271449575,0.3038743403676285,0
KNG,20220101,5,5.9,0.10709768611087755,0.3038743403676285,0
KNG,20220101,5,6.0,0.10662991194670142,0.3038743403676285,0
KNG,20220101,5,6.1,0.24895563740060359,0.3038743403676285,0
KNG,20220101,5,6.2,0.25667559744196844,0.3038743403676285,0
KNG,20220101,5,6.3,0.14291093699996177,0.3038743403676285,0
KNG,20220101,5,6.4,0.0663683644370821,0.3038743403676285,0
KNG,20220101,5,6.5,0.1776349152681623,0.3038743403676285,0
KNG,20220101,5,6.6,0.22603047969009699,0.3038743403676285,0
KNG,20220101,5,6.7,0.26977939709598975,0.3038743403676285,0
KNG,20220101,5,6.8,0.26466496635872977,0.3038743403676285,0
KNG,20220101,5,6.9,0.23943194664116504,0.3038743403676285,0
KNG,20220101,5,7.0,0.07275721699158147,0.3038743403676285,0
KNG,20220101,5,7.1,0.1627686630684166,0.3038743403676285,0
KNG,20220101,5,7.2,0.07488269851799093,0.3038743403676285,0
KNG,20220101,5,7.3,0.06028850752379405,0.3038743403676285,0
KNG,20220101,5,7.4,0.15638229513198054,0.3038743403676285,0
KNG,20220101,5,7.5,0.1733523549219809,0.3038743403676285,0
KNG,20220101,5,7.6,0.21604453705814713,0.3038743403676285,0
KNG,20220101,5,7.7,0.30187941324611567,0.3038743403676285,0
KNG,20220101,5,7.8,0.29511179812970756,0.3038743403676285,0
KNG,20220101,5,7.9,0.2548503869901197,0.3038743403676285,0
KNG,20220101,5,8.0,0.19180530895398237,0.3038743403676285,0
KNG,20220101,5,8.1,0.1864487422816189,0.3038743403676285,0
KNG,20220101,5,8.2,0.27014072221421026,0.3038743403676285,0
KNG,20220101,5,8.3,0.23382775893593552,0.3038743403676285,0
KNG,20220101,5,8.4,0.10192466860428731,0.3038743403676285,0
KNG,20220101,5,8.5,0.16682099574782852,0.3038743403676285,0
KNG,20220101,5,8.6,0.24353697424362497,0.3038743403676285,0
KNG,20220101,5,8.7,0.2277772932845017,0.3038743403676285,0
KNG,20220101,5,8.8,0.3176326712230265,0.3038743403676285,1
KNG,20220101,5,8.9,0.25126832702670165,0.3038743403676285,0
KNG,20220101,5,9.0,0.28124988558875225,0.3038743403676285,0
KNG,20220101,5,9.1,0.17993623750195847,0.3038743403676285,0
KNG,20220101,5,9.2,0.05401693015714578,0.3038743403676285,0
KNG,20220101,5,9.3,0.06906969290194107,0.3038743403676285,0
KNG,20220101,5,9.4,0.09612229173007553,0.3038743403676285,0
KNG,20220101,5,9.5,0.21340633219611663,0.3038743403676285,0
KNG,20220101,5,9.6,0.11568288804002459,0.3038743403676285,0
KNG,20220101,5,9.7,0.12145966645596076,0.3038743403676285,0
KNG,20220101,5,9.8,0.058158097846010406,0.3038743403676285,0
KNG,20220101,5,9.9,0.054836385553787566,0.3038743403676285,0
KNG,20220101,5,10.0,0.33990995945441016,0.3038743403676285,1
KNG,20220101,6,1.0,0.2797617383241453,0.311867801755045,0
KNG,20220101,6,1.1,0.05634289129037624,0.311867801755045,0
KNG,20220101,6,1.2,0.278022370042722,0.311867801755045,0
KNG,20220101,6,1.3,0.0897023209071933,0.311867801755045,0
KNG,20220101,6,1.4,0.11693016850022946,0.311867801755045,0
KNG,20220101,6,1.5,0.17391527652338312,0.311867801755045,0
KNG,20220101,6,1.6,0.21781542266477952,0.311867801755045,0
KNG,20220101,6,1.7,0.22184053286800787,0.311867801755045,0
KNG,20220101,6,1.8,0.21356263321806987,0.311867801755045,0
KNG,20220101,6,1.9,0.21974276839453347,0.311867801755045,0
KNG,20220101,6,2.0,0.25182337333909355,0.311867801755045,0
KNG,20220101,6,2.1,0.18289539501876728,0.311867801755045,0
KNG,20220101,6,2.2,0.30456356554061176,0.311867801755045,0
KNG,20220101,6,2.3,0.2648179371741198,0.311867801755045,0
KNG,20220101,6,2.4,0.11495047337823622,0.311867801755045,0
KNG,20220101,6,2.5,0.16357594229616648,0.311867801755045,0
KNG,20220101,6,2.6,0.2291783209616067,0.311867801755045,0
KNG,20220101,6,2.7,0.02624378559880637,0.311867801755045,0
KNG,20220101,6,2.8,0.09052601461621455,0.311867801755045,0
KNG,20220101,6,2.9,0.13910674334784762,0.311867801755045,0
KNG,20220101,6,3.0,0.016477364651182214,0.311867801755045,0
KNG,20220101,6,3.1,0.23198516037792385,0.311867801755045,0
KNG,20220101,6,3.2,0.19041398591971098,0.311867801755045,0
KNG,20220101,6,3.3,0.1681116310993676,0.311867801755045,0
KNG,20220101,6,3.4,0.2013592504460101,0.311867801755045,0
KNG,20220101,6,3.5,0.05976690828632833,0.311867801755045,0
KNG,20220101,6,3.6,0.09380758266303063,0.311867801755045,0
KNG,20220101,6,3.7,0.21144868991623664,0.311867801755045,0
KNG,20220101,6,3.8,0.3543815354263826,0.311867801755045,1
KNG,20220101,6,3.9,0.4497156023938995,0.311867801755045,1
KNG,20220101,6,4.0,0.2608958022670369,0.311867801755045,0
KNG,20220101,6,4.1,0.17708216252258435,0.311867801755045,0
KNG,20220101,6,4.2,0.20593419875903718,0.311867801755045,0
KNG,20220101,6,4.3,0.1257071357276426,0.311867801755045,0
KNG,20220101,6,4.4,0.12099320479497579,0.311867801755045,0
KNG,20220101,6,4.5,0.06979591965862993,0.311867801755045,0
KNG,20220101,6,4.6,0.12661273758430192,0.311867801755045,0
KNG,20220101,6,4.7,0.36019248760059347,0.311867801755045,1
KNG,20220101,6,4.8,0.2508518867279422,0.311867801755045,0
KNG,20220101,6,4.9,0.26227025954433036,0.311867801755045,0
KNG,20220101,6,5.0,0.2864685785623232,0.311867801755045,0
KNG,20220101,6,5.1,0.32047534973469505,0.311867801755045,1
KNG,20220101,6,5.2,0.2491801118837136,0.311867801755045,0
KNG,20220101,6,5.3,0.00961256606444315,0.311867801755045,0
KNG,20220101,6,5.4,0.14347486098908302,0.311867801755045,0
KNG,20220101,6,5.5,0.08921665365620712,0.311867801755045,0
KNG,20220101,6,5.6,0.14376758268157108,0.311867801755045,0
KNG,20220101,6,5.7,0.14379957724265546,0.311867801755045,0
KNG,20220101,6,5.8,0.046132284196873916,0.311867801755045,0
KNG,20220101,6,5.9,0.061051637375573016,0.311867801755045,0
KNG,20220101,6,6.0,0.11845893945449545,0.311867801755045,0
KNG,20220101,6,6.1,0.19753302395999037,0.311867801755045,0
KNG,20220101,6,6.2,0.25593965365743426,0.311867801755045,0
KNG,20220101,6,6.3,0.12788638863332008,0.311867801755045,0
KNG,20220101,6,6.4,0.12507252857260437,0.311867801755045,0
KNG,20220101,6,6.5,0.23233361191187482,0.311867801755045,0
KNG,20220101,6,6.6,0.23561897654145522,0.311867801755045,0
KNG,20220101,6,6.7,0.16743408010632424,0.311867801755045,0
KNG,20220101,6,6.8,0.2889529780085066,0.311867801755045,0
KNG,20220101,6,6.9,0.22500151983162892,0.311867801755045,0
KNG,20220101,6,7.0,0.13035029651249458,0.311867801755045,0
KNG,20220101,6,7.1,0.3310002960681384,0.311867801755045,1
KNG,20220101,6,7.2,0.2903270125095277,0.311867801755045,0
KNG,20220101,6,7.3,0.16146661414200977,0.311867801755045,0
KNG,20220101,6,7.4,0.15261279262459582,0.311867801755045,0
KNG,20220101,6,7.5,0.14060295353252836,0.311867801755045,0
KNG,20220101,6,7.6,0.10338260160320324,0.311867801755045,0
KNG,20220101,6,7.7,0.10424717232606875,0.311867801755045,0
KNG,20220101,6,7.8,0.1355082823710373,0.311867801755045,0
KNG,20220101,6,7.9,0.08332491197320906,0.311867801755045,0
KNG,20220101,6,8.0,0.128232948239108,0.311867801755045,0
KNG,20220101,6,8.1,0.16096328855107614,0.311867801755045,0
KNG,20220101,6,8.2,0.3401178429954128,0.311867801755045,1
KNG,20220101,6,8.3,0.39059164478614833,0.311867801755045,1
KNG,20220101,6,8.4,0.435198591150049,0.311867801755045,1
KNG,20220101,6,8.5,0.33265133162532773,0.311867801755045,1
KNG,20220101,6,8.6,0.2444749821388147,0.311867801755045,0
KNG,20220101,6,8.7,0.2503289495107379,0.311867801755045,0
KNG,20220101,6,8.8,0.09456984232370806,0.311867801755045,0
KNG,20220101,6,8.9,0.13529796785773418,0.311867801755045,0
KNG,20220101,6,9.0,0.21186863251206844,0.311867801755045,0
KNG,20220101,6,9.1,0.28814460854417806,0.311867801755045,0
KNG,20220101,6,9.2,0.3158577623635077,0.311867801755045,1
KNG,20220101,6,9.3,0.285528099021846,0.311867801755045,0
KNG,20220101,6,9.4,0.3821307576483448,0.311867801755045,1
KNG,20220101,6,9.5,0.2425897756036029,0.311867801755045,0
KNG,20220101,6,9.6,0.09746783478238678,0.311867801755045,0
KNG,20220101,6,9.7,0.15959893202854708,0.311867801755045,0
KNG,20220101,6,9.8,0.1337183200628164,0.311867801755045,0
KNG,20220101,6,9.9,0.0980178349916101,0.311867801755045,0
KNG,20220101,6,10.0,0.17699962476294284,0.311867801755045,0
KNG,20220101,7,1.0,0.2856090120108588,0.3,0
KNG,20220101,7,1.1,0.25915196696609655,0.3,0
KNG,20220101,7,1.2,0.3039635326472296,0.3,1
KNG,20220101,7,1.3,0.28003850903920746,0.3,0
KNG,20220101,7,1.4,0.2858816608090828,0.3,0
KNG,20220101,7,1.5,0.2821209110165368,0.3,0
KNG,20220101,7,1.6,0.18342130168464793,0.3,0
KNG,20220101,7,1.7,0.07678090952640775,0.3,0
KNG,20220101,7,1.8,0.11845401439344422,0.3,0
KNG,20220101,7,1.9,0.11560519367526158,0.3,0
KNG,20220101,7,2.0,0.055576150388841006,0.3,0
KNG,20220101,7,2.1,0.08685898396569486,0.3,0
KNG,20220101,7,2.2,0.10149067487565051,0.3,0
KNG,20220101,7,2.3,0.16531235955525697,0.3,0
KNG,20220101,7,2.4,0.19485249942075952,0.3,0
KNG,20220101,7,2.5,0.20860359353331712,0.3,0
KNG,20220101,7,2.6,0.2621094874094268,0.3,0
KNG,20220101,7,2.7,0.28337019271489616,0.3,0
KNG,20220101,7,2.8,0.21461801951711487,0.3,0
KNG,20220101,7,2.9,0.16251633488351336,0.3,0
KNG,20220101,7,3.0,0.08183365787951995,0.3,0
KNG,20220101,7,3.1,0.19634929285896757,0.3,0
KNG,20220101,7,3.2,0.15922032048804055,0.3,0
KNG,20220101,7,3.3,0.02601998006973924,0.3,0
KNG,20220101,7,3.4,0.06070536116014465,0.3,0
KNG,20220101,7,3.5,0.13009846003824582,0.3,0
KNG,20220101,7,3.6,0.28033578217946914,0.3,0
KNG,20220101,7,3.7,0.20992337488804347,0.3,0
KNG,20220101,7,3.8,0.15642999770887064,0.3,0
KNG,20220101,7,3.9,0.03889803601530877,0.3,0
KNG,20220101,7,4.0,0.08001158601010659,0.3,0
KNG,20220101,7,4.1,0.08383560712840957,0.3,0
KNG,20220101,7,4.2,0.07447531022139103,0.3,0
KNG,20220101,7,4.3,0.0521095384863677,0.3,0
KNG,20220101,7,4.4,0.16255960186158266,0.3,0
KNG,20220101,7,4.5,0.1735323514379454,0.3,0
KNG,20220101,7,4.6,0.14637388195590123,0.3,0
KNG,20220101,7,4.7,0.05215510276565817,0.3,0
KNG,20220101,7,4.8,0.13276652828870691,0.3,0
KNG,20220101,7,4.9,0.13787590294718438,0.3,0
KNG,20220101,7,5.0,0.14950562123673802,0.3,0
KNG,20220101,7,5.1,0.2650993664147404,0.3,0
KNG,20220101,7,5.2,0.04605987908002244,0.3,0
KNG,20220101,7,5.3,0.1668788469306281,0.3,0
KNG,20220101,7,5.4,0.14588998396296127,0.3,0
KNG,20220101,7,5.5,0.09978868351157304,0.3,0
KNG,20220101,7,5.6,0.06071749765245914,0.3,0
KNG,20220101,7,5.7,0.1839032149587276,0.3,0
KNG,20220101,7,5.8,0.15746311542919775,0.3,0
KNG,20220101,7,5.9,0.08274989173858575,0.3,0
KNG,20220101,7,6.0,0.08663945307328329,0.3,0
KNG,20220101,7,6.1,0.1310090138695811,0.3,0
KNG,20220101,7,6.2,0.15550672282043917,0.3,0
KNG,20220101,7,6.3,0.13626621173567513,0.3,0
KNG,20220101,7,6.4,0.08561172345308692,0.3,0
KNG,20220101,7,6.5,0.186151110544009,0.3,0
KNG,20220101,7,6.6,0.19815483341925574,0.3,0
KNG,20220101,7,6.7,0.20144293366300975,0.3,0
KNG,20220101,7,6.8,0.10338934205000241,0.3,0
KNG,20220101,7,6.9,0.18542618176035505,0.3,0
KNG,20220101,7,7.0,0.11375235637877573,0.3,0
KNG,20220101,7,7.1,0.0693828380675678,0.3,0
KNG,20220101,7,7.2,0.27508927810539746,0.3,0
KNG,20220101,7,7.3,0.06035642419136551,0.3,0
KNG,20220101,7,7.4,0.03988440745031563,0.3,0
KNG,20220101,7,7.5,0.05360186905494218,0.3,0
KNG,20220101,7,7.6,0.1945492396517462,0.3,0
KNG,20220101,7,7.7,0.05452306836140547,0.3,0
KNG,20220101,7,7.8,0.13075565747119847,0.3,0
KNG,20220101,7,7.9,0.17160203136302837,0.3,0
KNG,20220101,7,8.0,0.04832423618203098,0.3,0
KNG,20220101,7,8.1,0.15651009616051745,0.3,0
KNG,20220101,7,8.2,0.08658215402361014,0.3,0
KNG,20220101,7,8.3,0.13375893698728292,0.3,0
KNG,20220101,7,8.4,0.2210844431808381,0.3,0
KNG,20220101,7,8.5,0.1488487397093004,0.3,0
KNG,20220101,7,8.6,0.21847061340173982,0.3,0
KNG,20220101,7,8.7,0.18061057936589153,0.3,0
KNG,20220101,7,8.8,0.16772134688559412,0.3,0
KNG,20220101,7,8.9,0.06418440567633167,0.3,0
KNG,20220101,7,9.0,0.07454494723900419,0.3,0
KNG,20220101,7,9.1,0.33418468352861336,0.3,1
KNG,20220101,7,9.2,0.35086978340255226,0.3,1
KNG,20220101,7,9.3,0.2743959289326117,0.3,0
KNG,20220101,7,9.4,0.216189666528283,0.3,0
KNG,20220101,7,9.5,0.289672209445863,0.3,0
KNG,20220101,7,9.6,0.24900434656369785,0.3,0
KNG,20220101,7,9.7,0.15718318798780842,0.3,0
KNG,20220101,7,9.8,0.29807253843578413,0.3,0
KNG,20220101,7,9.9,0.3433157277083922,0.3,1
KNG,20220101,7,10.0,0.22702291760499996,0.3,0
KNG,20220101,8,1.0,0.03932868672188368,0.3,0
KNG,20220101,8,1.1,0.05066925209562732,0.3,0
KNG,20220101,8,1.2,0.13937990455922908,0.3,0
KNG,20220101,8,1.3,0.14664284950488746,0.3,0
KNG,20220101,8,1.4,0.27306679990189775,0.3,0
KNG,20220101,8,1.5,0.2055932418757504,0.3,0
KNG,20220101,8,1.6,0.18330960092042486,0.3,0
KNG,20220101,8,1.7,0.012814503179570351,0.3,0
KNG,20220101,8,1.8,0.24689688826157954,0.3,0
KNG,20220101,8,1.9,0.29944460645847876,0.3,0
KNG,20220101,8,2.0,0.2590163600998243,0.3,0
KNG,20220101,8,2.1,0.2070901197046515,0.3,0
KNG,20220101,8,2.2,0.2254374099376801,0.3,0
KNG,20220101,8,2.3,0.16234858112232875,0.3,0
KNG,20220101,8,2.4,0.09574209868344981,0.3,0
KNG,20220101,8,2.5,0.1247865801413416,0.3,0
KNG,20220101,8,2.6,0.19589787918961932,0.3,0
KNG,20220101,8,2.7,0.2545087954723032,0.3,0
KNG,20220101,8,2.8,0.3683167242688555,0.3,1
KNG,20220101,8,2.9,0.30702245552808366,0.3,1
KNG,20220101,8,3.0,0.13390644716154804,0.3,0
KNG,20220101,8,3.1,0.04742807363573945,0.3,0
KNG,20220101,8,3.2,0.12097163499275349,0.3,0
KNG,20220101,8,3.3,0.1521466607424983,0.3,0
KNG,20220101,8,3.4,0.1264079188560601,0.3,0
KNG,20220101,8,3.5,0.14083397794469818,0.3,0
KNG,20220101,8,3.6,0.21846821741902572,0.3,0
KNG,20220101,8,3.7,0.22864735327700958,0.3,0
KNG,20220101,8,3.8,0.2364190602372423,0.3,0
KNG,20220101,8,3.9,0.19084683844355493,0.3,0
KNG,20220101,8,4.0,0.08460831401848624,0.3,0
KNG,20220101,8,4.1,0.2826057313492255,0.3,0
KNG,20220101,8,4.2,0.1227462876203026,0.3,0
KNG,20220101,8,4.3,0.08253091273259985,0.3,0
KNG,20220101,8,4.4,0.09592967787205225,0.3,0
KNG,20220101,8,4.5,0.03977920396108726,0.3,0
KNG,20220101,8,4.6,0.09417290911922038,0.3,0
KNG,20220101,8,4.7,0.18555735011025634,0.3,0
KNG,20220101,8,4.8,0.19086599850123262,0.3,0
KNG,20220101,8,4.9,0.2510542092881705,0.3,0
KNG,20220101,8,5.0,0.16644718013695659,0.3,0
KNG,20220101,8,5.1,0.1279603906561423,0.3,0
KNG,20220101,8,5.2,0.0773407821481239,0.3,0
KNG,20220101,8,5.3,0.15198370379177703,0.3,0
KNG,20220101,8,5.4,0.1172503396307913,0.3,0
KNG,20220101,8,5.5,0.04961968662480003,0.3,0
KNG,20220101,8,5.6,0.15182738837965082,0.3,0
KNG,20220101,8,5.7,0.03630383037002773,0.3,0
KNG,20220101,8,5.8,0.07163740063088402,0.3,0
KNG,20220101,8,5.9,0.031818434222622975,0.3,0
KNG,20220101,8,6.0,0.11133204108230907,0.3,0
KNG,20220101,8,6.1,0.23654210593045794,0.3,0
KNG,20220101,8,6.2,0.2358274565452436,0.3,0
KNG,20220101,8,6.3,0.11326500481293815,0.3,0
KNG,20220101,8,6.4,0.033502202964728674,0.3,0
KNG,20220101,8,6.5,0.0713828430810869,0.3,0
KNG,20220101,8,6.6,0.1309213732423885,0.3,0
KNG,20220101,8,6.7,0.07013714391701698,0.3,0
KNG,20220101,8,6.8,0.1068805101760463,0.3,0
KNG,20220101,8,6.9,0.026349576889390148,0.3,0
KNG,20220101,8,7.0,0.1391349388891802,0.3,0
KNG,20220101,8,7.1,0.18488395831371324,0.3,0
KNG,20220101,8,7.2,0.2742104390141304,0.3,0
KNG,20220101,8,7.3,0.3258321532008325,0.3,1
KNG,20220101,8,7.4,0.25595971889712543,0.3,0
KNG,20220101,8,7.5,0.41875788957778026,0.3,1
KNG,20220101,8,7.6,0.2091312932870866,0.3,0
KNG,20220101,8,7.7,0.23342594294999464,0.3,0
KNG,20220101,8,7.8,0.373115271041034,0.3,1
KNG,20220101,8,7.9,0.37810756810342677,0.3,1
KNG,20220101,8,8.0,0.45680571210959336,0.3,1
KNG,20220101,8,8.1,0.3361364181868227,0.3,1
KNG,20220101,8,8.2,0.1466499672928155,0.3,0
KNG,20220101,8,8.3,0.11162617111029781,0.3,0
KNG,20220101,8,8.4,0.1507143011497353,0.3,0
KNG,20220101,8,8.5,0.12821212833848267,0.3,0
KNG,20220101,8,8.6,0.045277865559385115,0.3,0
KNG,20220101,8,8.7,0.12454612254684079,0.3,0
KNG,20220101,8,8.8,0.26158815307126365,0.3,0
KNG,20220101,8,8.9,0.4510007161063943,0.3,1
KNG,20220101,8,9.0,0.23430834877565265,0.3,0
KNG,20220101,8,9.1,0.1572094749644322,0.3,0
KNG,20220101,8,9.2,0.12115509695605425,0.3,0
KNG,20220101,8,9.3,0.1496359609271728,0.3,0
KNG,20220101,8,9.4,0.09595958354646808,0.3,0
KNG,20220101,8,9.5,0.15098065371790326,0.3,0
KNG,20220101,8,9.6,0.09809779225652306,0.3,0
KNG,20220101,8,9.7,0.10324631789428432,0.3,0
KNG,20220101,8,9.8,0.08148884290445468,0.3,0
KNG,20220101,8,9.9,0.2295783822376945,0.3,0
KNG,20220101,8,10.0,0.09076477358448212,0.3,0
KNG,20220101,9,1.0,0.32123407882713784,0.35558668765641765,0
KNG,20220101,9,1.1,0.3550916675052291,0.35558668765641765,0
KNG,20220101,9,1.2,0.47403680016107497,0.35558668765641765,1
KNG,20220101,9,1.3,0.3979653274166701,0.35558668765641765,1
KNG,20220101,9,1.4,0.36146567428939474,0.35558668765641765,1
KNG,20220101,9,1.5,0.3315243046178801,0.35558668765641765,0
KNG,20220101,9,1.6,0.3818630597379988,0.35558668765641765,1
KNG,20220101,9,1.7,0.24109638855732524,0.35558668765641765,0
KNG,20220101,9,1.8,0.08705885694519064,0.35558668765641765,0
KNG,20220101,9,1.9,0.2452976803458819,0.35558668765641765,0
KNG,20220101,9,2.0,0.3256730110312101,0.35558668765641765,0
KNG,20220101,9,2.1,0.3166265971208161,0.35558668765641765,0
KNG,20220101,9,2.2,0.17540030252189967,0.35558668765641765,0
KNG,20220101,9,2.3,0.10815623089297878,0.35558668765641765,0
KNG,20220101,9,2.4,0.0930537680645815,0.35558668765641765,0
KNG,20220101,9,2.5,0.08158676701082694,0.35558668765641765,0
KNG,20220101,9,2.6,0.2333532850633371,0.35558668765641765,0
KNG,20220101,9,2.7,0.3182089379916391,0.35558668765641765,0
KNG,20220101,9,2.8,0.2726163035375222,0.35558668765641765,0
KNG,20220101,9,2.9,0.09105144151180976,0.35558668765641765,0
KNG,20220101,9,3.0,0.12542793043988035,0.35558668765641765,0
KNG,20220101,9,3.1,0.15267189040220341,0.35558668765641765,0
KNG,20220101,9,3.2,0.1342310539867719,0.35558668765641765,0
KNG,20220101,9,3.3,0.16907630790695033,0.35558668765641765,0
KNG,20220101,9,3.4,0.29222865400081355,0.35558668765641765,0
KNG,20220101,9,3.5,0.21991179122641233,0.35558668765641765,0
KNG,20220101,9,3.6,0.09429329746285717,0.35558668765641765,0
KNG,20220101,9,3.7,0.1541383969154809,0.35558668765641765,0
KNG,20220101,9,3.8,0.0979108921331406,0.35558668765641765,0
KNG,20220101,9,3.9,0.14141209836354293,0.35558668765641765,0
KNG,20220101,9,4.0,0.09120809348654686,0.35558668765641765,0
KNG,20220101,9,4.1,0.18570546424682277,0.35558668765641765,0
KNG,20220101,9,4.2,0.12246607685250957,0.35558668765641765,0
KNG,20220101,9,4.3,0.2798643248359162,0.35558668765641765,0
KNG,20220101,9,4.4,0.21458784181772578,0.35558668765641765,0
KNG,20220101,9,4.5,0.1382663161212009,0.35558668765641765,0
KNG,20220101,9,4.6,0.2280768420760719,0.35558668765641765,0
KNG,20220101,9,4.7,0.2509393390662056,0.35558668765641765,0
KNG,20220101,9,4.8,0.13321877441500235,0.35558668765641765,0
KNG,20220101,9,4.9,0.10225995175695633,0.35558668765641765,0
KNG,20220101,9,5.0,0.12464368725560854,0.35558668765641765,0
KNG,20220101,9,5.1,0.2292225639012516,0.35558668765641765,0
KNG,20220101,9,5.2,0.3738528647375196,0.35558668765641765,1
KNG,20220101,9,5.3,0.249510308261185,0.35558668765641765,0
KNG,20220101,9,5.4,0.14295862349782804,0.35558668765641765,0
KNG,20220101,9,5.5,0.0706313488587201,0.35558668765641765,0
KNG,20220101,9,5.6,0.13875110419188538,0.35558668765641765,0
KNG,20220101,9,5.7,0.20604473555348876,0.35558668765641765,0
KNG,20220101,9,5.8,0.25623776922821156,0.35558668765641765,0
KNG,20220101,9,5.9,0.2495558638766501,0.35558668765641765,0
KNG,20220101,9,6.0,0.27881661902790755,0.35558668765641765,0
KNG,20220101,9,6.1,0.2802649035806689,0.35558668765641765,0
KNG,20220101,9,6.2,0.250334077465169,0.35558668765641765,0
KNG,20220101,9,6.3,0.31335385674303823,0.35558668765641765,0
KNG,20220101,9,6.4,0.16603658479987077,0.35558668765641765,0
KNG,20220101,9,6.5,0.1716482349046153,0.35558668765641765,0
KNG,20220101,9,6.6,0.26989344266728255,0.35558668765641765,0
KNG,20220101,9,6.7,0.3385397076904784,0.35558668765641765,0
KNG,20220101,9,6.8,0.17679258799825487,0.35558668765641765,0
KNG,20220101,9,6.9,0.06256215733174933,0.35558668765641765,0
KNG,20220101,9,7.0,0.11822876005098432,0.35558668765641765,0
KNG,20220101,9,7.1,0.09771360305033415,0.35558668765641765,0
KNG,20220101,9,7.2,0.19519958843683735,0.35558668765641765,0
KNG,20220101,9,7.3,0.33960848570333046,0.35558668765641765,0
KNG,20220101,9,7.4,0.3230959357403303,0.35558668765641765,0
KNG,20220101,9,7.5,0.5365181049079567,0.35558668765641765,1
KNG,20220101,9,7.6,0.41050087695320925,0.35558668765641765,1
KNG,20220101,9,7.7,0.109922269087882,0.35558668765641765,0
KNG,20220101,9,7.8,0.10464792922779897,0.35558668765641765,0
KNG,20220101,9,7.9,0.20671117720597915,0.35558668765641765,0
KNG,20220101,9,8.0,0.17486918846563093,0.35558668765641765,0
KNG,20220101,9,8.1,0.11942596243720927,0.35558668765641765,0
KNG,20220101,9,8.2,0.2268572715411755,0.35558668765641765,0
KNG,20220101,9,8.3,0.17277010112968438,0.35558668765641765,0
KNG,20220101,9,8.4,0.144340143842869,0.35558668765641765,0
KNG,20220101,9,8.5,0.28702558329430505,0.35558668765641765,0
KNG,20220101,9,8.6,0.2659614897026993,0.35558668765641765,0
KNG,20220101,9,8.7,0.1840950382729861,0.35558668765641765,0
KNG,20220101,9,8.8,0.15908555217714437,0.35558668765641765,0
KNG,20220101,9,8.9,0.30336289797727795,0.35558668765641765,0
KNG,20220101,9,9.0,0.33171762220918927,0.35558668765641765,0
KNG,20220101,9,9.1,0.37680860015893375,0.35558668765641765,1
KNG,20220101,9,9.2,0.26374279858185146,0.35558668765641765,0
KNG,20220101,9,9.3,0.21102963201339614,0.35558668765641765,0
KNG,20220101,9,9.4,0.2511752804430012,0.35558668765641765,0
KNG,20220101,9,9.5,0.227274243410442,0.35558668765641765,0
KNG,20220101,9,9.6,0.20083157734692433,0.35558668765641765,0
KNG,20220101,9,9.7,0.2578113911611648,0.35558668765641765,0
KNG,20220101,9,9.8,0.20027015436888598,0.35558668765641765,0
KNG,20220101,9,9.9,0.15204248161597586,0.35558668765641765,0
KNG,20220101,9,10.0,0.13050587867120805,0.35558668765641765,0
KNG,20220101,10,1.0,0.0525442204924092,0.3097348253383233,0
KNG,20220101,10,1.1,0.1633620411036827,0.3097348253383233,0
KNG,20220101,10,1.2,0.12236147594989592,0.3097348253383233,0
KNG,20220101,10,1.3,0.15716871565463428,0.3097348253383233,0
KNG,20220101,10,1.4,0.06938886641054513,0.3097348253383233,0
KNG,20220101,10,1.5,0.1400003248921492,0.3097348253383233,0
KNG,20220101,10,1.6,0.21135927638052715,0.3097348253383233,0
KNG,20220101,10,1.7,0.22717847120510598,0.3097348253383233,0
KNG,20220101,10,1.8,0.047777768382714116,0.3097348253383233,0
KNG,20220101,10,1.9,0.056839279939753753,0.3097348253383233,0
KNG,20220101,10,2.0,0.09784102892850871,0.3097348253383233,0
KNG,20220101,10,2.1,0.04274400103495404,0.3097348253383233,0
KNG,20220101,10,2.2,0.12633726565018807,0.3097348253383233,0
KNG,20220101,10,2.3,0.06937244658278775,0.3097348253383233,0
KNG,20220101,10,2.4,0.10663783848593261,0.3097348253383233,0
KNG,20220101,10,2.5,0.24765554971852363,0.3097348253383233,0
KNG,20220101,10,2.6,0.19417956486359814,0.3097348253383233,0
KNG,20220101,10,2.7,0.18012527369127354,0.3097348253383233,0
KNG,20220101,10,2.8,0.24296197766482913,0.3097348253383233,0
KNG,20220101,10,2.9,0.3763139668354635,0.3097348253383233,1
KNG,20220101,10,3.0,0.30224458344816985,0.3097348253383233,0
KNG,20220101,10,3.1,0.3928710044593672,0.3097348253383233,1
KNG,20220101,10,3.2,0.22605923204372622,0.3097348253383233,0
KNG,20220101,10,3.3,0.1467287675371574,0.3097348253383233,0
KNG,20220101,10,3.4,0.15122262047701615,0.3097348253383233,0
KNG,20220101,10,3.5,0.29606046689290777,0.3097348253383233,0
KNG,20220101,10,3.6,0.1327169903708998,0.3097348253383233,0
KNG,20220101,10,3.7,0.25893520900350064,0.3097348253383233,0
KNG,20220101,10,3.8,0.29496456685740996,0.3097348253383233,0
KNG,20220101,10,3.9,0.383207483171898,0.3097348253383233,1
KNG,20220101,10,4.0,0.2299434015054751,0.3097348253383233,0
KNG,20220101,10,4.1,0.21040055890906112,0.3097348253383233,0
KNG,20220101,10,4.2,0.12695608809474082,0.3097348253383233,0
KNG,20220101,10,4.3,0.009459185343285333,0.3097348253383233,0
KNG,20220101,10,4.4,0.08251696965779963,0.3097348253383233,0
KNG,20220101,10,4.5,0.08419348630095798,0.3097348253383233,0
KNG,20220101,10,4.6,0.053970225505159584,0.3097348253383233,0
KNG,20220101,10,4.7,0.14683467246421145,0.3097348253383233,0
KNG,20220101,10,4.8,0.0892427220183184,0.3097348253383233,0
KNG,20220101,10,4.9,0.1660183075154462,0.3097348253383233,0
KNG,20220101,10,5.0,0.27497981633067675,0.3097348253383233,0
KNG,20220101,10,5.1,0.3320843552685424,0.3097348253383233,1
KNG,20220101,10,5.2,0.2687287392969288,0.3097348253383233,0
KNG,20220101,10,5.3,0.3086568415094794,0.3097348253383233,0
KNG,20220101,10,5.4,0.2951697741886352,0.3097348253383233,0
KNG,20220101,10,5.5,0.15053813468808794,0.3097348253383233,0
KNG,20220101,10,5.6,0.14653707288125578,0.3097348253383233,0
KNG,20220101,10,5.7,0.1585988930907873,0.3097348253383233,0
KNG,20220101,10,5.8,0.20118540967183732,0.3097348253383233,0
KNG,20220101,10,5.9,0.20420203226915346,0.3097348253383233,0
KNG,20220101,10,6.0,0.3178081333082697,0.3097348253383233,1
KNG,20220101,10,6.1,0.18484893904686847,0.3097348253383233,0
KNG,20220101,10,6.2,0.16515166828475472,0.3097348253383233,0
KNG,20220101,10,6.3,0.15439113082056002,0.3097348253383233,0
KNG,20220101,10,6.4,0.2608045200341296,0.3097348253383233,0
KNG,20220101,10,6.5,0.15308876084613204,0.3097348253383233,0
KNG,20220101,10,6.6,0.20549363897519202,0.3097348253383233,0
KNG,20220101,10,6.7,0.2233694885660686,0.3097348253383233,0
KNG,20220101,10,6.8,0.22270976279272192,0.3097348253383233,0
KNG,20220101,10,6.9,0.2918946013703865,0.3097348253383233,0
KNG,20220101,10,7.0,0.35259512590399983,0.3097348253383233,1
KNG,20220101,10,7.1,0.2947308022098108,0.3097348253383233,0
KNG,20220101,10,7.2,0.28377473930182856,0.3097348253383233,0
KNG,20220101,10,7.3,0.294102142099772,0.3097348253383233,0
KNG,20220101,10,7.4,0.10067023576454372,0.3097348253383233,0
KNG,20220101,10,7.5,0.053508669055436386,0.3097348253383233,0
KNG,20220101,10,7.6,0.07931812071008897,0.3097348253383233,0
KNG,20220101,10,7.7,0.06418560212067478,0.3097348253383233,0
KNG,20220101,10,7.8,0.047004091850326536,0.3097348253383233,0
KNG,20220101,10,7.9,0.19110846538945947,0.3097348253383233,0
KNG,20220101,10,8.0,0.200975212447358,0.3097348253383233,0
KNG,20220101,10,8.1,0.17135470982109027,0.3097348253383233,0
KNG,20220101,10,8.2,0.1131519958384858,0.3097348253383233,0
KNG,20220101,10,8.3,0.14939123787829253,0.3097348253383233,0
KNG,20220101,10,8.4,0.05273241170804695,0.3097348253383233,0
KNG,20220101,10,8.5,0.21834060178274897,0.3097348253383233,0
KNG,20220101,10,8.6,0.25198032960193906,0.3097348253383233,0
KNG,20220101,10,8.7,0.24190954410316073,0.3097348253383233,0
KNG,20220101,10,8.8,0.30371535343904243,0.3097348253383233,0
KNG,20220101,10,8.9,0.4088688940347043,0.3097348253383233,1
KNG,20220101,10,9.0,0.15676315898135693,0.3097348253383233,0
KNG,20220101,10,9.1,0.16115050853547902,0.3097348253383233,0
KNG,20220101,10,9.2,0.23998577502492924,0.3097348253383233,0
KNG,20220101,10,9.3,0.06113876444796291,0.3097348253383233,0
KNG,20220101,10,9.4,0.18415477863822444,0.3097348253383233,0
KNG,20220101,10,9.5,0.17572048591328002,0.3097348253383233,0
KNG,20220101,10,9.6,0.11532049786774864,0.3097348253383233,0
KNG,20220101,10,9.7,0.09309637616670659,0.3097348253383233,0
KNG,20220101,10,9.8,0.19909778063881056,0.3097348253383233,0
KNG,20220101,10,9.9,0.21306032905260952,0.3097348253383233,0
KNG,20220101,10,10.0,0.21099294231455085,0.3097348253383233,0
KNG,20220101,11,1.0,0.2936461254169328,0.3,0
KNG,20220101,11,1.1,0.1348149861395543,0.3,0
KNG,20220101,11,1.2,0.22697648642838467,0.3,0
KNG,20220101,11,1.3,0.1845673245083021,0.3,0
KNG,20220101,11,1.4,0.14889105731637334,0.3,0
KNG,20220101,11,1.5,0.14963846105003925,0.3,0
KNG,20220101,11,1.6,0.21941079371935432,0.3,0
KNG,20220101,11,1.7,0.102233427863285,0.3,0
KNG,20220101,11,1.8,0.32740898765777476,0.3,1
KNG,20220101,11,1.9,0.3302092970471422,0.3,1
KNG,20220101,11,2.0,0.30251300872978004,0.3,1
KNG,20220101,11,2.1,0.31145377250958856,0.3,1
KNG,20220101,11,2.2,0.18293413072285672,0.3,0
KNG,20220101,11,2.3,0.21704656062843772,0.3,0
KNG,20220101,11,2.4,0.16209904623316138,0.3,0
KNG,20220101,11,2.5,0.20998825483950176,0.3,0
KNG,20220101,11,2.6,0.2661256715431311,0.3,0
KNG,20220101,11,2.7,0.22101291131825285,0.3,0
KNG,20220101,11,2.8,0.22959957971943598,0.3,0
KNG,20220101,11,2.9,0.17858172776613968,0.3,0
KNG,20220101,11,3.0,0.1829760653653056,0.3,0
KNG,20220101,11,3.1,0.09743712151797776,0.3,0
KNG,20220101,11,3.2,0.09968421376154427,0.3,0
KNG,20220101,11,3.3,0.17502671342105977,0.3,0
KNG,20220101,11,3.4,0.13798063757177453,0.3,0
KNG,20220101,11,3.5,0.1876483845047725,0.3,0
KNG,20220101,11,3.6,0.2001346040594297,0.3,0
KNG,20220101,11,3.7,0.18296034268364195,0.3,0
KNG,20220101,11,3.8,0.16201094974479102,0.3,0
KNG,20220101,11,3.9,0.14009345321774425,0.3,0
KNG,20220101,11,4.0,0.11546112520359034,0.3,0
KNG,20220101,11,4.1,0.19470876739139964,0.3,0
KNG,20220101,11,4.2,0.2324909811709982,0.3,0
KNG,20220101,11,4.3,0.2560766183847075,0.3,0
KNG,20220101,11,4.4,0.2605966828572236,0.3,0
KNG,20220101,11,4.5,0.07623228948652198,0.3,0
KNG,20220101,11,4.6,0.1936362424447428,0.3,0
KNG,20220101,11,4.7,0.2011209993829368,0.3,0
KNG,20220101,11,4.8,0.2154712114073677,0.3,0
KNG,20220101,11,4.9,0.17307635155219026,0.3,0
KNG,20220101,11,5.0,0.2015053248498572,0.3,0
KNG,20220101,11,5.1,0.20330700802229487,0.3,0
KNG,20220101,11,5.2,0.17200647837567817,0.3,0
KNG,20220101,11,5.3,0.1522552028744841,0.3,0
KNG,20220101,11,5.4,0.11181618335877616,0.3,0
KNG,20220101,11,5.5,0.26028862105622325,0.3,0
KNG,20220101,11,5.6,0.3125985898800591,0.3,1
KNG,20220101,11,5.7,0.22796975949141512,0.3,0
KNG,20220101,11,5.8,0.1477152259041082,0.3,0
KNG,20220101,11,5.9,0.08517629291664712,0.3,0
KNG,20220101,11,6.0,0.2718225931412147,0.3,0
KNG,20220101,11,6.1,0.2804943973993706,0.3,0
KNG,20220101,11,6.2,0.23271085124352056,0.3,0
KNG,20220101,11,6.3,0.08681931209134026,0.3,0
KNG,20220101,11,6.4,0.19083117813458572,0.3,0
KNG,20220101,11,6.5,0.08343207003526415,0.3,0
KNG,20220101,11,6.6,0.0013271488488127924,0.3,0
KNG,20220101,11,6.7,0.12880070825969894,0.3,0
KNG,20220101,11,6.8,0.04539762382155548,0.3,0
KNG,20220101,11,6.9,0.15466315963575458,0.3,0
KNG,20220101,11,7.0,0.25748675813718924,0.3,0
KNG,20220101,11,7.1,0.2221912028653628,0.3,0
KNG,20220101,11,7.2,0.25112234262156113,0.3,0
KNG,20220101,11,7.3,0.1182571946691195,0.3,0
KNG,20220101,11,7.4,0.07108125505660175,0.3,0
KNG,20220101,11,7.5,0.007130134505220859,0.3,0
KNG,20220101,11,7.6,0.1493568831052261,0.3,0
KNG,20220101,11,7.7,0.10722099512335424,0.3,0
KNG,20220101,11,7.8,0.18066346963009447,0.3,0
KNG,20220101,11,7.9,0.14165521226157257,0.3,0
KNG,20220101,11,8.0,0.15055852259597918,0.3,0
KNG,20220101,11,8.1,0.3432260533446944,0.3,1
KNG,20220101,11,8.2,0.31916944312129436,0.3,1
KNG,20220101,11,8.3,0.26306955832512324,0.3,0
KNG,20220101,11,8.4,0.2685485172653077,0.3,0
KNG,20220101,11,8.5,0.2955714708442645,0.3,0
KNG,20220101,11,8.6,0.11976824065306216,0.3,0
KNG,20220101,11,8.7,0.0363624493065316,0.3,0
KNG,20220101,11,8.8,0.03658329710216176,0.3,0
KNG,20220101,11,8.9,0.02570398847436944,0.3,0
KNG,20220101,11,9.0,0.13557840490610662,0.3,0
KNG,20220101,11,9.1,0.35915218983301,0.3,1
KNG,20220101,11,9.2,0.34253770447523985,0.3,1
KNG,20220101,11,9.3,0.3037269805095127,0.3,1
KNG,20220101,11,9.4,0.2954868605300237,0.3,0
KNG,20220101,11,9.5,0.16217613972513412,0.3,0
KNG,20220101,11,9.6,0.08794581489960086,0.3,0
KNG,20220101,11,9.7,0.11614155509060238,0.3,0
KNG,20220101,11,9.8,0.22345845255400854,0.3,0
KNG,20220101,11,9.9,0.2026054981329307,0.3,0
KNG,20220101,11,10.0,0.28550738853123697,0.3,0
KNG,20220101,12,1.0,0.3990600273917678,0.37998981140834925,1
KNG,20220101,12,1.1,0.33381528504452496,0.37998981140834925,0
KNG,20220101,12,1.2,0.3506686303192026,0.37998981140834925,0
KNG,20220101,12,1.3,0.27132913641347056,0.37998981140834925,0
KNG,20220101,12,1.4,0.12795347836212417,0.37998981140834925,0
KNG,20220101,12,1.5,0.20500713541878968,0.37998981140834925,0
KNG,20220101,12,1.6,0.23209014604583714,0.37998981140834925,0
KNG,20220101,12,1.7,0.30430827591936566,0.37998981140834925,0
KNG,20220101,12,1.8,0.37781567274048705,0.37998981140834925,0
KNG,20220101,12,1.9,0.2501485115999612,0.37998981140834925,0
KNG,20220101,12,2.0,0.04088573711026676,0.37998981140834925,0
KNG,20220101,12,2.1,0.15249485554637557,0.37998981140834925,0
KNG,20220101,12,2.2,0.04421191053728437,0.37998981140834925,0
KNG,20220101,12,2.3,0.2089587566237276,0.37998981140834925,0
KNG,20220101,12,2.4,0.3570187807344965,0.37998981140834925,0
KNG,20220101,12,2.5,0.35688485269865516,0.37998981140834925,0
KNG,20220101,12,2.6,0.12413119274058723,0.37998981140834925,0
KNG,20220101,12,2.7,0.23456678659270094,0.37998981140834925,0
KNG,20220101,12,2.8,0.20491455656255875,0.37998981140834925,0
KNG,20220101,12,2.9,0.03705115337127528,0.37998981140834925,0
KNG,20220101,12,3.0,0.19759715475851244,0.37998981140834925,0
KNG,20220101,12,3.1,0.11724534001563659,0.37998981140834925,0
KNG,20220101,12,3.2,0.11197186939682972,0.37998981140834925,0
KNG,20220101,12,3.3,0.12404625857827634,0.37998981140834925,0
KNG,20220101,12,3.4,0.12825792806703168,0.37998981140834925,0
KNG,20220101,12,3.5,0.32356127901336645,0.37998981140834925,0
KNG,20220101,12,3.6,0.459421263606043,0.37998981140834925,1
KNG,20220101,12,3.7,0.525962440191828,0.37998981140834925,1
KNG,20220101,12,3.8,0.4183883244712187,0.37998981140834925,1
KNG,20220101,12,3.9,0.3508722050142327,0.37998981140834925,0
KNG,20220101,12,4.0,0.383172373441241,0.37998981140834925,1
KNG,20220101,12,4.1,0.4353772743113959,0.37998981140834925,1
KNG,20220101,12,4.2,0.36398370720748396,0.37998981140834925,0
KNG,20220101,12,4.3,0.09013233632043657,0.37998981140834925,0
KNG,20220101,12,4.4,0.101676920236857,0.37998981140834925,0
KNG,20220101,12,4.5,0.0714210448633627,0.37998981140834925,0
KNG,20220101,12,4.6,0.0743223190734749,0.37998981140834925,0
KNG,20220101,12,4.7,0.12173718557515191,0.37998981140834925,0
KNG,20220101,12,4.8,0.0583307719331256,0.37998981140834925,0
KNG,20220101,12,4.9,0.1595507188155961,0.37998981140834925,0
KNG,20220101,12,5.0,0.2237909652099781,0.37998981140834925,0
KNG,20220101,12,5.1,0.07399882113199906,0.37998981140834925,0
KNG,20220101,12,5.2,0.10966331861056587,0.37998981140834925,0
KNG,20220101,12,5.3,0.1253847789185636,0.37998981140834925,0
KNG,20220101,12,5.4,0.16774348076746962,0.37998981140834925,0
KNG,20220101,12,5.5,0.34074184157470006,0.37998981140834925,0
KNG,20220101,12,5.6,0.3131628901583051,0.37998981140834925,0
KNG,20220101,12,5.7,0.20720320127574282,0.37998981140834925,0
KNG,20220101,12,5.8,0.26893206552345855,0.37998981140834925,0
KNG,20220101,12,5.9,0.2039658174804713,0.37998981140834925,0
KNG,20220101,12,6.0,0.2293977607464896,0.37998981140834925,0
KNG,20220101,12,6.1,0.2992604691843348,0.37998981140834925,0
KNG,20220101,12,6.2,0.3961755941258975,0.37998981140834925,1
KNG,20220101,12,6.3,0.23556486105378308,0.37998981140834925,0
KNG,20220101,12,6.4,0.1856959845800146,0.37998981140834925,0
KNG,20220101,12,6.5,0.3191673836454114,0.37998981140834925,0
KNG,20220101,12,6.6,0.2780938676781669,0.37998981140834925,0
KNG,20220101,12,6.7,0.3405068901069628,0.37998981140834925,0
KNG,20220101,12,6.8,0.43710753425535837,0.37998981140834925,1
KNG,20220101,12,6.9,0.24815547772643015,0.37998981140834925,0
KNG,20220101,12,7.0,0.23424547128002843,0.37998981140834925,0
KNG,20220101,12,7.1,0.15243782629247324,0.37998981140834925,0
KNG,20220101,12,7.2,0.22003347186557504,0.37998981140834925,0
KNG,20220101,12,7.3,0.2098676590793205,0.37998981140834925,0
KNG,20220101,12,7.4,0.24795028878206982,0.37998981140834925,0
KNG,20220101,12,7.5,0.1340863611854439,0.37998981140834925,0
KNG,20220101,12,7.6,0.14161209870118796,0.37998981140834925,0
KNG,20220101,12,7.7,0.30001164163696215,0.37998981140834925,0
KNG,20220101,12,7.8,0.3585991291587263,0.37998981140834925,0
KNG,20220101,12,7.9,0.3532140683545177,0.37998981140834925,0
KNG,20220101,12,8.0,0.2541039307628392,0.37998981140834925,0
KNG,20220101,12,8.1,0.14401882988737646,0.37998981140834925,0
KNG,20220101,12,8.2,0.030615648695979148,0.37998981140834925,0
KNG,20220101,12,8.3,0.2031106674731962,0.37998981140834925,0
KNG,20220101,12,8.4,0.16740227907163044,0.37998981140834925,0
KNG,20220101,12,8.5,0.28029653585094555,0.37998981140834925,0
KNG,20220101,12,8.6,0.15232849497790915,0.37998981140834925,0
KNG,20220101,12,8.7,0.18672972336869464,0.37998981140834925,0
KNG,20220101,12,8.8,0.19170201302994258,0.37998981140834925,0
KNG,20220101,12,8.9,0.25842663794308596,0.37998981140834925,0
KNG,20220101,12,9.0,0.2236237035275198,0.37998981140834925,0
KNG,20220101,12,9.1,0.1489416071520272,0.37998981140834925,0
KNG,20220101,12,9.2,0.22102727596836377,0.37998981140834925,0
KNG,20220101,12,9.3,0.24556992570512065,0.37998981140834925,0
KNG,20220101,12,9.4,0.16526471340426926,0.37998981140834925,0
KNG,20220101,12,9.5,0.23810696665157924,0.37998981140834925,0
KNG,20220101,12,9.6,0.29434244825480066,0.37998981140834925,0
KNG,20220101,12,9.7,0.10250061690419388,0.37998981140834925,0
KNG,20220101,12,9.8,0.09407544232692829,0.37998981140834925,0
KNG,20220101,12,9.9,0.20158381041559853,0.37998981140834925,0
KNG,20220101,12,10.0,0.1607867510178519,0.37998981140834925,0
KNG,20220101,13,1.0,0.07296331295813466,0.30791985367307073,0
KNG,20220101,13,1.1,0.16286959793228117,0.30791985367307073,0
KNG,20220101,13,1.2,0.22626972998915962,0.30791985367307073,0
KNG,20220101,13,1.3,0.263639021065957,0.30791985367307073,0
KNG,20220101,13,1.4,0.16052018780225044,0.30791985367307073,0
KNG,20220101,13,1.5,0.0692005371577526,0.30791985367307073,0
KNG,20220101,13,1.6,0.074472955266313,0.30791985367307073,0
KNG,20220101,13,1.7,0.15657552905620176,0.30791985367307073,0
KNG,20220101,13,1.8,0.016987498867933586,0.30791985367307073,0
KNG,20220101,13,1.9,0.0513904073379746,0.30791985367307073,0
KNG,20220101,13,2.0,0.038872265293678016,0.30791985367307073,0
KNG,20220101,13,2.1,0.12046700811195146,0.30791985367307073,0
KNG,20220101,13,2.2,0.15380759987934745,0.30791985367307073,0
KNG,20220101,13,2.3,0.21254368033052037,0.30791985367307073,0
KNG,20220101,13,2.4,0.1680249272481852,0.30791985367307073,0
KNG,20220101,13,2.5,0.26575680041929184,0.30791985367307073,0
KNG,20220101,13,2.6,0.1870926018605765,0.30791985367307073,0
KNG,20220101,13,2.7,0.1059576045818608,0.30791985367307073,0
KNG,20220101,13,2.8,0.2162529729874741,0.30791985367307073,0
KNG,20220101,13,2.9,0.22303171029868576,0.30791985367307073,0
KNG,20220101,13,3.0,0.09616966197737664,0.30791985367307073,0
KNG,20220101,13,3.1,0.02656921240623672,0.30791985367307073,0
KNG,20220101,13,3.2,0.15704969636399102,0.30791985367307073,0
KNG,20220101,13,3.3,0.12822198707049962,0.30791985367307073,0
KNG,20220101,13,3.4,0.15390497634071224,0.30791985367307073,0
KNG,20220101,13,3.5,0.1128528196582217,0.30791985367307073,0
KNG,20220101,13,3.6,0.2603351374386379,0.30791985367307073,0
KNG,20220101,13,3.7,0.3306174869815498,0.30791985367307073,1
KNG,20220101,13,3.8,0.019363392135776657,0.30791985367307073,0
KNG,20220101,13,3.9,0.06932716359131304,0.30791985367307073,0
KNG,20220101,13,4.0,0.03522078579793332,0.30791985367307073,0
KNG,20220101,13,4.1,0.09839434755030885,0.30791985367307073,0
KNG,20220101,13,4.2,0.14205329126660637,0.30791985367307073,0
KNG,20220101,13,4.3,0.09909615836291796,0.30791985367307073,0
KNG,20220101,13,4.4,0.03899596385206424,0.30791985367307073,0
KNG,20220101,13,4.5,0.14242756756593986,0.30791985367307073,0
KNG,20220101,13,4.6,0.20987626064898082,0.30791985367307073,0
KNG,20220101,13,4.7,0.22794607354641644,0.30791985367307073,0
KNG,20220101,13,4.8,0.3659028607912372,0.30791985367307073,1
KNG,20220101,13,4.9,0.2527601910608844,0.30791985367307073,0
KNG,20220101,13,5.0,0.25482908520983005,0.30791985367307073,0
KNG,20220101,13,5.1,0.28595177697150853,0.30791985367307073,0
KNG,20220101,13,5.2,0.13950400976993882,0.30791985367307073,0
KNG,20220101,13,5.3,0.23318525176789298,0.30791985367307073,0
KNG,20220101,13,5.4,0.27711931288756037,0.30791985367307073,0
KNG,20220101,13,5.5,0.18482532339524593,0.30791985367307073,0
KNG,20220101,13,5.6,0.11386230063054416,0.30791985367307073,0
KNG,20220101,13,5.7,0.110502053129532,0.30791985367307073,0
KNG,20220101,13,5.8,0.209565690198251,0.30791985367307073,0
KNG,20220101,13,5.9,0.03620877645730786,0.30791985367307073,0
KNG,20220101,13,6.0,0.1302697332077193,0.30791985367307073,0
KNG,20220101,13,6.1,0.18488913763733403,0.30791985367307073,0
KNG,20220101,13,6.2,0.2740108272822442,0.30791985367307073,0
KNG,20220101,13,6.3,0.11920855552973794,0.30791985367307073,0
KNG,20220101,13,6.4,0.27725824319025544,0.30791985367307073,0
KNG,20220101,13,6.5,0.27891399132329686,0.30791985367307073,0
KNG,20220101,13,6.6,0.39709952692725664,0.30791985367307073,1
KNG,20220101,13,6.7,0.35221433289657916,0.30791985367307073,1
KNG,20220101,13,6.8,0.243695833360802,0.30791985367307073,0
KNG,20220101,13,6.9,0.27423714448938113,0.30791985367307073,0
KNG,20220101,13,7.0,0.16091100711933484,0.30791985367307073,0
KNG,20220101,13,7.1,0.056625620344184,0.30791985367307073,0
KNG,20220101,13,7.2,0.07180906351188485,0.30791985367307073,0
KNG,20220101,13,7.3,0.04703496842576447,0.30791985367307073,0
KNG,20220101,13,7.4,0.05937132489940494,0.30791985367307073,0
KNG,20220101,13,7.5,0.1624281468516975,0.30791985367307073,0
KNG,20220101,13,7.6,0.2633960166380801,0.30791985367307073,0
KNG,20220101,13,7.7,0.2258395999463854,0.30791985367307073,0
KNG,20220101,13,7.8,0.3030360192604806,0.30791985367307073,0
KNG,20220101,13,7.9,0.34447345915760397,0.30791985367307073,1
KNG,20220101,13,8.0,0.36592721834185216,0.30791985367307073,1
KNG,20220101,13,8.1,0.3093104334948452,0.30791985367307073,1
KNG,20220101,13,8.2,0.29078823043800256,0.30791985367307073,0
KNG,20220101,13,8.3,0.12781638908961024,0.30791985367307073,0
KNG,20220101,13,8.4,0.08968229344101092,0.30791985367307073,0
KNG,20220101,13,8.5,0.12409620291544152,0.30791985367307073,0
KNG,20220101,13,8.6,0.07268422765427217,0.30791985367307073,0
KNG,20220101,13,8.7,0.12938152257672178,0.30791985367307073,0
KNG,20220101,13,8.8,0.18449091325541617,0.30791985367307073,0
KNG,20220101,13,8.9,0.16701877500072285,0.30791985367307073,0
KNG,20220101,13,9.0,0.2417031309418731,0.30791985367307073,0
KNG,20220101,13,9.1,0.26173761196250117,0.30791985367307073,0
KNG,20220101,13,9.2,0.2313272467449486,0.30791985367307073,0
KNG,20220101,13,9.3,0.31730723448972575,0.30791985367307073,1
KNG,20220101,13,9.4,0.18355195005332156,0.30791985367307073,0
KNG,20220101,13,9.5,0.1148886343996507,0.30791985367307073,0
KNG,20220101,13,9.6,0.06896291644809825,0.30791985367307073,0
KNG,20220101,13,9.7,0.10952341444298842,0.30791985367307073,0
KNG,20220101,13,9.8,0.1849296108260537,0.30791985367307073,0
KNG,20220101,13,9.9,0.05632149258385244,0.30791985367307073,0
KNG,20220101,13,10.0,0.2522485172612617,0.30791985367307073,0
KNG,20220101,14,1.0,0.28263984120943775,0.3448798288210021,0
KNG,20220101,14,1.1,0.12320032177668941,0.3448798288210021,0
KNG,20220101,14,1.2,0.11405196347890624,0.3448798288210021,0
KNG,20220101,14,1.3,0.12306167052180757,0.3448798288210021,0
KNG,20220101,14,1.4,0.24289492540460683,0.3448798288210021,0
KNG,20220101,14,1.5,0.313618112606129,0.3448798288210021,0
KNG,20220101,14,1.6,0.3176019959339093,0.3448798288210021,0
KNG,20220101,14,1.7,0.2522359426734524,0.3448798288210021,0
KNG,20220101,14,1.8,0.18691947283190055,0.3448798288210021,0
KNG,20220101,14,1.9,0.17957239625934324,0.3448798288210021,0
KNG,20220101,14,2.0,0.3909915292523711,0.3448798288210021,1
KNG,20220101,14,2.1,0.296940949000498,0.3448798288210021,0
KNG,20220101,14,2.2,0.1535120785410549,0.3448798288210021,0
KNG,20220101,14,2.3,0.1050044815913636,0.3448798288210021,0
KNG,20220101,14,2.4,0.13876679669950823,0.3448798288210021,0
KNG,20220101,14,2.5,0.14514202267944562,0.3448798288210021,0
KNG,20220101,14,2.6,0.028045676582051655,0.3448798288210021,0
KNG,20220101,14,2.7,0.07113845002518059,0.3448798288210021,0
KNG,20220101,14,2.8,0.0640406100720639,0.3448798288210021,0
KNG,20220101,14,2.9,0.2040522945171389,0.3448798288210021,0
KNG,20220101,14,3.0,0.08554066485711037,0.3448798288210021,0
KNG,20220101,14,3.1,0.21961345270287624,0.3448798288210021,0
KNG,20220101,14,3.2,0.2806032218875857,0.3448798288210021,0
KNG,20220101,14,3.3,0.3173205363918344,0.3448798288210021,0
KNG,20220101,14,3.4,0.28694908362229204,0.3448798288210021,0
KNG,20220101,14,3.5,0.1256416005726897,0.3448798288210021,0
KNG,20220101,14,3.6,0.12372268588084293,0.3448798288210021,0
KNG,20220101,14,3.7,0.15253116641125936,0.3448798288210021,0
KNG,20220101,14,3.8,0.20987630506197727,0.3448798288210021,0
KNG,20220101,14,3.9,0.04901016080858931,0.3448798288210021,0
KNG,20220101,14,4.0,0.17505246179025863,0.3448798288210021,0
KNG,20220101,14,4.1,0.23407261095384685,0.3448798288210021,0
KNG,20220101,14,4.2,0.21638077261697466,0.3448798288210021,0
KNG,20220101,14,4.3,0.1626139229581291,0.3448798288210021,0
KNG,20220101,14,4.4,0.328951902568857,0.3448798288210021,0
KNG,20220101,14,4.5,0.3123191532630816,0.3448798288210021,0
KNG,20220101,14,4.6,0.056599968723886375,0.3448798288210021,0
KNG,20220101,14,4.7,0.03756769176653588,0.3448798288210021,0
KNG,20220101,14,4.8,0.09416328943328091,0.3448798288210021,0
KNG,20220101,14,4.9,0.33341177264957533,0.3448798288210021,0
KNG,20220101,14,5.0,0.4352526428061592,0.3448798288210021,1
KNG,20220101,14,5.1,0.4168946021069947,0.3448798288210021,1
KNG,20220101,14,5.2,0.4509737198626884,0.3448798288210021,1
KNG,20220101,14,5.3,0.34845014239754213,0.3448798288210021,1
KNG,20220101,14,5.4,0.18581930125899832,0.3448798288210021,0
KNG,20220101,14,5.5,0.09585028294591648,0.3448798288210021,0
KNG,20220101,14,5.6,0.23050970986716532,0.3448798288210021,0
KNG,20220101,14,5.7,0.3711519522809062,0.3448798288210021,1
KNG,20220101,14,5.8,0.23991507445666313,0.3448798288210021,0
KNG,20220101,14,5.9,0.2957858607424858,0.3448798288210021,0
KNG,20220101,14,6.0,0.34829813237739116,0.3448798288210021,1
KNG,20220101,14,6.1,0.25285961245700445,0.3448798288210021,0
KNG,20220101,14,6.2,0.15959591232640233,0.3448798288210021,0
KNG,20220101,14,6.3,0.09158390919325594,0.3448798288210021,0
KNG,20220101,14,6.4,0.10473724079756556,0.3448798288210021,0
KNG,20220101,14,6.5,0.17877534874849305,0.3448798288210021,0
KNG,20220101,14,6.6,0.19099458525960486,0.3448798288210021,0
KNG,20220101,14,6.7,0.10670572707550585,0.3448798288210021,0
KNG,20220101,14,6.8,0.18706956102734026,0.3448798288210021,0
KNG,20220101,14,6.9,0.30328840783528754,0.3448798288210021,0
KNG,20220101,14,7.0,0.27411697194427037,0.3448798288210021,0
KNG,20220101,14,7.1,0.19280811514319213,0.3448798288210021,0
KNG,20220101,14,7.2,0.12331313726925874,0.3448798288210021,0
KNG,20220101,14,7.3,0.2737263749616182,0.3448798288210021,0
KNG,20220101,14,7.4,0.2230974779416402,0.3448798288210021,0
KNG,20220101,14,7.5,0.22613963925847544,0.3448798288210021,0
KNG,20220101,14,7.6,0.23025016419187896,0.3448798288210021,0
KNG,20220101,14,7.7,0.2854456555230476,0.3448798288210021,0
KNG,20220101,14,7.8,0.3737435685882275,0.3448798288210021,1
KNG,20220101,14,7.9,0.3976708775822224,0.3448798288210021,1
KNG,20220101,14,8.0,0.26951743735045375,0.3448798288210021,0
KNG,20220101,14,8.1,0.28534520519806605,0.3448798288210021,0
KNG,20220101,14,8.2,0.15322449222188936,0.3448798288210021,0
KNG,20220101,14,8.3,0.18511203687205327,0.3448798288210021,0
KNG,20220101,14,8.4,0.16281848853963338,0.3448798288210021,0
KNG,20220101,14,8.5,0.25297053325397445,0.3448798288210021,0
KNG,20220101,14,8.6,0.17767368685127272,0.3448798288210021,0
KNG,20220101,14,8.7,0.09507264111580573,0.3448798288210021,0
KNG,20220101,14,8.8,0.2239434590416379,0.3448798288210021,0
KNG,20220101,14,8.9,0.13911546793531382,0.3448798288210021,0
KNG,20220101,14,9.0,0.13283222804603778,0.3448798288210021,0
KNG,20220101,14,9.1,0.22249841887661767,0.3448798288210021,0
KNG,20220101,14,9.2,0.10086818942647728,0.3448798288210021,0
KNG,20220101,14,9.3,0.0843805293863326,0.3448798288210021,0
KNG,20220101,14,9.4,0.17404239720877235,0.3448798288210021,0
KNG,20220101,14,9.5,0.09483701669189208,0.3448798288210021,0
KNG,20220101,14,9.6,0.20489406692247242,0.3448798288210021,0
KNG,20220101,14,9.7,0.19231615374059707,0.3448798288210021,0
KNG,20220101,14,9.8,0.11569324426300014,0.3448798288210021,0
KNG,20220101,14,9.9,0.049718971159367235,0.3448798288210021,0
KNG,20220101,14,10.0,0.0797986452197623,0.3448798288210021,0
KNG,20220101,15,1.0,0.1078664821986613,0.3,0
KNG,20220101,15,1.1,0.07880643635002103,0.3,0
KNG,20220101,15,1.2,0.06928008587823764,0.3,0
KNG,20220101,15,1.3,0.19514456012491294,0.3,0
KNG,20220101,15,1.4,0.2186390781868626,0.3,0
KNG,20220101,15,1.5,0.2576073972145542,0.3,0
KNG,20220101,15,1.6,0.25930043518178586,0.3,0
KNG,20220101,15,1.7,0.3443238719098745,0.3,1
KNG,20220101,15,1.8,0.2954105592520895,0.3,0
KNG,20220101,15,1.9,0.3603917543386459,0.3,1
KNG,20220101,15,2.0,0.5166175718930738,0.3,1
KNG,20220101,15,2.1,0.12272521577205588,0.3,0
KNG,20220101,15,2.2,0.17741718056212025,0.3,0
KNG,20220101,15,2.3,0.18691692041065788,0.3,0
KNG,20220101,15,2.4,0.09186066676372869,0.3,0
KNG,20220101,15,2.5,0.10173594410843625,0.3,0
KNG,20220101,15,2.6,0.0314675831262988,0.3,0
KNG,20220101,15,2.7,0.13053108109475903,0.3,0
KNG,20220101,15,2.8,0.0922790144246144,0.3,0
KNG,20220101,15,2.9,0.11133525726093488,0.3,0
KNG,20220101,15,3.0,0.11367016819051631,0.3,0
KNG,20220101,15,3.1,0.06736805202125476,0.3,0
KNG,20220101,15,3.2,0.08249025708746749,0.3,0
KNG,20220101,15,3.3,0.08315821983124931,0.3,0
KNG,20220101,15,3.4,0.013574096965562124,0.3,0
KNG,20220101,15,3.5,0.0669677339700737,0.3,0
KNG,20220101,15,3.6,0.1696571541769573,0.3,0
KNG,20220101,15,3.7,0.07103572487806036,0.3,0
KNG,20220101,15,3.8,0.18408870609036213,0.3,0
KNG,20220101,15,3.9,0.11598106746838992,0.3,0
KNG,20220101,15,4.0,0.0723520528797172,0.3,0
KNG,20220101,15,4.1,0.13673021161117735,0.3,0
KNG,20220101,15,4.2,0.14051755368146773,0.3,0
KNG,20220101,15,4.3,0.15237239292320048,0.3,0
KNG,20220101,15,4.4,0.0211158510532557,0.3,0
KNG,20220101,15,4.5,0.047767954723683496,0.3,0
KNG,20220101,15,4.6,0.09843346213731095,0.3,0
KNG,20220101,15,4.7,0.18137286573312544,0.3,0
KNG,20220101,15,4.8,0.133175834180173,0.3,0
KNG,20220101,15,4.9,0.15895010169510546,0.3,0
KNG,20220101,15,5.0,0.14663946472631867,0.3,0
KNG,20220101,15,5.1,0.24533974727313562,0.3,0
KNG,20220101,15,5.2,0.2895094094247847,0.3,0
KNG,20220101,15,5.3,0.2737518132458691,0.3,0
KNG,20220101,15,5.4,0.06523189634000352,0.3,0
KNG,20220101,15,5.5,0.10647875401179673,0.3,0
KNG,20220101,15,5.6,0.059315457986772256,0.3,0
KNG,20220101,15,5.7,0.17930334311326054,0.3,0
KNG,20220101,15,5.8,0.2221878199488971,0.3,0
KNG,20220101,15,5.9,0.0688200158675081,0.3,0
KNG,20220101,15,6.0,0.01339076083882557,0.3,0
KNG,20220101,15,6.1,0.05729818661190295,0.3,0
KNG,20220101,15,6.2,0.15488008860304558,0.3,0
KNG,20220101,15,6.3,0.1636575108667013,0.3,0
KNG,20220101,15,6.4,0.19407531487929514,0.3,0
KNG,20220101,15,6.5,0.19348319687402288,0.3,0
KNG,20220101,15,6.6,0.256577352568519,0.3,0
KNG,20220101,15,6.7,0.3155071848258727,0.3,1
KNG,20220101,15,6.8,0.13292235653065734,0.3,0
KNG,20220101,15,6.9,0.11823098188115756,0.3,0
KNG,20220101,15,7.0,0.269077667209871,0.3,0
KNG,20220101,15,7.1,0.2091728604640165,0.3,0
KNG,20220101,15,7.2,0.24223308127057522,0.3,0
KNG,20220101,15,7.3,0.10050351649851029,0.3,0
KNG,20220101,15,7.4,0.140204064929003,0.3,0
KNG,20220101,15,7.5,0.21561567240985502,0.3,0
KNG,20220101,15,7.6,0.23103067982815995,0.3,0
KNG,20220101,15,7.7,0.29158392846194225,0.3,0
KNG,20220101,15,7.8,0.4023124017299281,0.3,1
KNG,20220101,15,7.9,0.2422109238006771,0.3,0
KNG,20220101,15,8.0,0.20016448773016862,0.3,0
KNG,20220101,15,8.1,0.15186473313964405,0.3,0
KNG,20220101,15,8.2,0.060354608069381345,0.3,0
KNG,20220101,15,8.3,0.026230224195149143,0.3,0
KNG,20220101,15,8.4,0.0472190656217415,0.3,0
KNG,20220101,15,8.5,0.10943826984700723,0.3,0
KNG,20220101,15,8.6,0.1292624877341981,0.3,0
KNG,20220101,15,8.7,0.03958470074301572,0.3,0
KNG,20220101,15,8.8,0.18001466602821076,0.3,0
KNG,20220101,15,8.9,0.1922536824749415,0.3,0
KNG,20220101,15,9.0,0.15440614558435356,0.3,0
KNG,20220101,15,9.1,0.1985509489790736,0.3,0
KNG,20220101,15,9.2,0.0602451001607061,0.3,0
KNG,20220101,15,9.3,0.05329804696865767,0.3,0
KNG,20220101,15,9.4,0.17403346134861009,0.3,0
KNG,20220101,15,9.5,0.07280863387473586,0.3,0
KNG,20220101,15,9.6,0.2882266844853294,0.3,0
KNG,20220101,15,9.7,0.4073136892387717,0.3,1
KNG,20220101,15,9.8,0.3706403049012947,0.3,1
KNG,20220101,15,9.9,0.2799167426558978,0.3,0
KNG,20220101,15,10.0,0.12399677880170624,0.3,0
KNG,20220101,16,1.0,0.3103128826706397,0.39493750466257543,0
KNG,20220101,16,1.1,0.4335810567624263,0.39493750466257543,1
KNG,20220101,16,1.2,0.34453473020118114,0.39493750466257543,0
KNG,20220101,16,1.3,0.2964159931922986,0.39493750466257543,0
KNG,20220101,16,1.4,0.2192125805238822,0.39493750466257543,0
KNG,20220101,16,1.5,0.28996964238543954,0.39493750466257543,0
KNG,20220101,16,1.6,0.4009754393945131,0.39493750466257543,1
KNG,20220101,16,1.7,0.3019355154184372,0.39493750466257543,0
KNG,20220101,16,1.8,0.3428777613024167,0.39493750466257543,0
KNG,20220101,16,1.9,0.33557554643413695,0.39493750466257543,0
KNG,20220101,16,2.0,0.31452430520799884,0.39493750466257543,0
KNG,20220101,16,2.1,0.2810973340613224,0.39493750466257543,0
KNG,20220101,16,2.2,0.35614501774074586,0.39493750466257543,0
KNG,20220101,16,2.3,0.3458471377342517,0.39493750466257543,0
KNG,20220101,16,2.4,0.3853172764972747,0.39493750466257543,0
KNG,20220101,16,2.5,0.2988636157853507,0.39493750466257543,0
KNG,20220101,16,2.6,0.3315280802794107,0.39493750466257543,0
KNG,20220101,16,2.7,0.24402060359741498,0.39493750466257543,0
KNG,20220101,16,2.8,0.05515768026652918,0.39493750466257543,0
KNG,20220101,16,2.9,0.17461548020266357,0.39493750466257543,0
KNG,20220101,16,3.0,0.23228164293360992,0.39493750466257543,0
KNG,20220101,16,3.1,0.21792314269859422,0.39493750466257543,0
KNG,20220101,16,3.2,0.06987679527914342,0.39493750466257543,0
KNG,20220101,16,3.3,0.0949184810396518,0.39493750466257543,0
KNG,20220101,16,3.4,0.11064821007267996,0.39493750466257543,0
KNG,20220101,16,3.5,0.1808193353205237,0.39493750466257543,0
KNG,20220101,16,3.6,0.07088926756102243,0.39493750466257543,0
KNG,20220101,16,3.7,0.09063403816967948,0.39493750466257543,0
KNG,20220101,16,3.8,0.1826965223817923,0.39493750466257543,0
KNG,20220101,16,3.9,0.275144651462078,0.39493750466257543,0
KNG,20220101,16,4.0,0.29125514324507956,0.39493750466257543,0
KNG,20220101,16,4.1,0.2594017272172976,0.39493750466257543,0
KNG,20220101,16,4.2,0.13441067353599373,0.39493750466257543,0
KNG,20220101,16,4.3,0.410447040323685,0.39493750466257543,1
KNG,20220101,16,4.4,0.19621295171619826,0.39493750466257543,0
KNG,20220101,16,4.5,0.04950289141246973,0.39493750466257543,0
KNG,20220101,16,4.6,0.09317146975824728,0.39493750466257543,0
KNG,20220101,16,4.7,0.30053898168688276,0.39493750466257543,0
KNG,20220101,16,4.8,0.16740156290160962,0.39493750466257543,0
KNG,20220101,16,4.9,0.22814919743712544,0.39493750466257543,0
KNG,20220101,16,5.0,0.1433982481752219,0.39493750466257543,0
KNG,20220101,16,5.1,0.07763967976675795,0.39493750466257543,0
KNG,20220101,16,5.2,0.19345128414681936,0.39493750466257543,0
KNG,20220101,16,5.3,0.18629981942925974,0.39493750466257543,0
KNG,20220101,16,5.4,0.11987943590930916,0.39493750466257543,0
KNG,20220101,16,5.5,0.2563655147008391,0.39493750466257543,0
KNG,20220101,16,5.6,0.30082768618734984,0.39493750466257543,0
KNG,20220101,16,5.7,0.25202308828109626,0.39493750466257543,0
KNG,20220101,16,5.8,0.1021206619765129,0.39493750466257543,0
KNG,20220101,16,5.9,0.09980233176479511,0.39493750466257543,0
KNG,20220101,16,6.0,0.05115748351172505,0.39493750466257543,0
KNG,20220101,16,6.1,0.21384816732349896,0.39493750466257543,0
KNG,20220101,16,6.2,0.35722519273823483,0.39493750466257543,0
KNG,20220101,16,6.3,0.3830412834298791,0.39493750466257543,0
KNG,20220101,16,6.4,0.37354907410444466,0.39493750466257543,0
KNG,20220101,16,6.5,0.3123258753695795,0.39493750466257543,0
KNG,20220101,16,6.6,0.12391151768086689,0.39493750466257543,0
KNG,20220101,16,6.7,0.18633446879682092,0.39493750466257543,0
KNG,20220101,16,6.8,0.10683388525703735,0.39493750466257543,0
KNG,20220101,16,6.9,0.2561805104838119,0.39493750466257543,0
KNG,20220101,16,7.0,0.15664766355890267,0.39493750466257543,0
KNG,20220101,16,7.1,0.30743437867029894,0.39493750466257543,0
KNG,20220101,16,7.2,0.21753935740618774,0.39493750466257543,0
KNG,20220101,16,7.3,0.014254381937541161,0.39493750466257543,0
KNG,20220101,16,7.4,0.09601819664194942,0.39493750466257543,0
KNG,20220101,16,7.5,0.22831322503880933,0.39493750466257543,0
KNG,20220101,16,7.6,0.18414123533555193,0.39493750466257543,0
KNG,20220101,16,7.7,0.026810096485201017,0.39493750466257543,0
KNG,20220101,16,7.8,0.11751047907921214,0.39493750466257543,0
KNG,20220101,16,7.9,0.1603101270386897,0.39493750466257543,0
KNG,20220101,16,8.0,0.19756794187028187,0.39493750466257543,0
KNG,20220101,16,8.1,0.3247101291303083,0.39493750466257543,0
KNG,20220101,16,8.2,0.3390132705194373,0.39493750466257543,0
KNG,20220101,16,8.3,0.35028880278912194,0.39493750466257543,0
KNG,20220101,16,8.4,0.2591750671488444,0.39493750466257543,0
KNG,20220101,16,8.5,0.10526254415301545,0.39493750466257543,0
KNG,20220101,16,8.6,0.11968644294094888,0.39493750466257543,0
KNG,20220101,16,8.7,0.16680143238160933,0.39493750466257543,0
KNG,20220101,16,8.8,0.2488427036211674,0.39493750466257543,0
KNG,20220101,16,8.9,0.3523387202675599,0.39493750466257543,0
KNG,20220101,16,9.0,0.16440590244549785,0.39493750466257543,0
KNG,20220101,16,9.1,0.2011622500416216,0.39493750466257543,0
KNG,20220101,16,9.2,0.17403686207550303,0.39493750466257543,0
KNG,20220101,16,9.3,0.3047869660310467,0.39493750466257543,0
KNG,20220101,16,9.4,0.3062384310343816,0.39493750466257543,0
KNG,20220101,16,9.5,0.2378913992877843,0.39493750466257543,0
KNG,20220101,16,9.6,0.1297697964409547,0.39493750466257543,0
KNG,20220101,16,9.7,0.013432927813430811,0.39493750466257543,0
KNG,20220101,16,9.8,0.1293335884708595,0.39493750466257543,0
KNG,20220101,16,9.9,0.12704488866715213,0.39493750466257543,0
KNG,20220101,16,10.0,0.10956053219813322,0.39493750466257543,0
KNG,20220101,17,1.0,0.2428379349091592,0.30435158964260167,0
KNG,20220101,17,1.1,0.15411458169397044,0.30435158964260167,0
KNG,20220101,17,1.2,0.2243468370855742,0.30435158964260167,0
KNG,20220101,17,1.3,0.315086192519747,0.30435158964260167,1
KNG,20220101,17,1.4,0.332931472711365,0.30435158964260167,1
KNG,20220101,17,1.5,0.31038811174534603,0.30435158964260167,1
KNG,20220101,17,1.6,0.34386636072036364,0.30435158964260167,1
KNG,20220101,17,1.7,0.20200599683886492,0.30435158964260167,0
KNG,20220101,17,1.8,0.17524453518320762,0.30435158964260167,0
KNG,20220101,17,1.9,0.06465013569567878,0.30435158964260167,0
KNG,20220101,17,2.0,0.1496921924567586,0.30435158964260167,0
KNG,20220101,17,2.1,0.44391092720671227,0.30435158964260167,1
KNG,20220101,17,2.2,0.35115783741403894,0.30435158964260167,1
KNG,20220101,17,2.3,0.2318355849850082,0.30435158964260167,0
KNG,20220101,17,2.4,0.12820726490018985,0.30435158964260167,0
KNG,20220101,17,2.5,0.19276205879460623,0.30435158964260167,0
KNG,20220101,17,2.6,0.1288338603429847,0.30435158964260167,0
KNG,20220101,17,2.7,0.1329413192406201,0.30435158964260167,0
KNG,20220101,17,2.8,0.17533421946319086,0.30435158964260167,0
KNG,20220101,17,2.9,0.19658007493560603,0.30435158964260167,0
KNG,20220101,17,3.0,0.2027718845185893,0.30435158964260167,0
KNG,20220101,17,3.1,0.1378733628496109,0.30435158964260167,0
KNG,20220101,17,3.2,0.09742510629980561,0.30435158964260167,0
KNG,20220101,17,3.3,0.24451515199666626,0.30435158964260167,0
KNG,20220101,17,3.4,0.20157984407989932,0.30435158964260167,0
KNG,20220101,17,3.5,0.3783241789931292,0.30435158964260167,1
KNG,20220101,17,3.6,0.3858504960337397,0.30435158964260167,1
KNG,20220101,17,3.7,0.09876844278863942,0.30435158964260167,0
KNG,20220101,17,3.8,0.18467871435073085,0.30435158964260167,0
KNG,20220101,17,3.9,0.3011457119605304,0.30435158964260167,0
KNG,20220101,17,4.0,0.3691510435994318,0.30435158964260167,1
KNG,20220101,17,4.1,0.37541897314280365,0.30435158964260167,1
KNG,20220101,17,4.2,0.20644461802549255,0.30435158964260167,0
KNG,20220101,17,4.3,0.09341015225191183,0.30435158964260167,0
KNG,20220101,17,4.4,0.06403772369868044,0.30435158964260167,0
KNG,20220101,17,4.5,0.09581098579766305,0.30435158964260167,0
KNG,20220101,17,4.6,0.15302406217691636,0.30435158964260167,0
KNG,20220101,17,4.7,0.2344505199968981,0.30435158964260167,0
KNG,20220101,17,4.8,0.13635003944960836,0.30435158964260167,0
KNG,20220101,17,4.9,0.13124595611547357,0.30435158964260167,0
KNG,20220101,17,5.0,0.15004987920158525,0.30435158964260167,0
KNG,20220101,17,5.1,0.3831702373411483,0.30435158964260167,1
KNG,20220101,17,5.2,0.3966899817613431,0.30435158964260167,1
KNG,20220101,17,5.3,0.3040143633586951,0.30435158964260167,0
KNG,20220101,17,5.4,0.23458052128257129,0.30435158964260167,0
KNG,20220101,17,5.5,0.12435986330872366,0.30435158964260167,0
KNG,20220101,17,5.6,0.1347137343352351,0.30435158964260167,0
KNG,20220101,17,5.7,0.29260524649365516,0.30435158964260167,0
KNG,20220101,17,5.8,0.22905865856902174,0.30435158964260167,0
KNG,20220101,17,5.9,0.230872366706588,0.30435158964260167,0
KNG,20220101,17,6.0,0.174090540305057,0.30435158964260167,0
KNG,20220101,17,6.1,0.14613753381225822,0.30435158964260167,0
KNG,20220101,17,6.2,0.11004138153629647,0.30435158964260167,0
KNG,20220101,17,6.3,0.04034704656187811,0.30435158964260167,0
KNG,20220101,17,6.4,0.10737911104188924,0.30435158964260167,0
KNG,20220101,17,6.5,0.1302929492514253,0.30435158964260167,0
KNG,20220101,17,6.6,0.14929892557059463,0.30435158964260167,0
KNG,20220101,17,6.7,0.1230997853000059,0.30435158964260167,0
KNG,20220101,17,6.8,0.09523807787707168,0.30435158964260167,0
KNG,20220101,17,6.9,0.27872213707140187,0.30435158964260167,0
KNG,20220101,17,7.0,0.20219075636341718,0.30435158964260167,0
KNG,20220101,17,7.1,0.15598477767688035,0.30435158964260167,0
KNG,20220101,17,7.2,0.2434536873284356,0.30435158964260167,0
KNG,20220101,17,7.3,0.10204227387067734,0.30435158964260167,0
KNG,20220101,17,7.4,0.11748257504742729,0.30435158964260167,0
KNG,20220101,17,7.5,0.03704836939986393,0.30435158964260167,0
KNG,20220101,17,7.6,0.17962370314372658,0.30435158964260167,0
KNG,20220101,17,7.7,0.15987631440823732,0.30435158964260167,0
KNG,20220101,17,7.8,0.21346182790756765,0.30435158964260167,0
KNG,20220101,17,7.9,0.3318531612784693,0.30435158964260167,1
KNG,20220101,17,8.0,0.40123186794270943,0.30435158964260167,1
KNG,20220101,17,8.1,0.3890046510122305,0.30435158964260167,1
KNG,20220101,17,8.2,0.3408875671938767,0.30435158964260167,1
KNG,20220101,17,8.3,0.2979269576992421,0.30435158964260167,0
KNG,20220101,17,8.4,0.3023255800009865,0.30435158964260167,0
KNG,20220101,17,8.5,0.23462331962693198,0.30435158964260167,0
KNG,20220101,17,8.6,0.09487446746839409,0.30435158964260167,0
KNG,20220101,17,8.7,0.06962694701759055,0.30435158964260167,0
KNG,20220101,17,8.8,0.21799479968358704,0.30435158964260167,0
KNG,20220101,17,8.9,0.32671641365584986,0.30435158964260167,1
KNG,20220101,17,9.0,0.29088691654576787,0.30435158964260167,0
KNG,20220101,17,9.1,0.22957561490418496,0.30435158964260167,0
KNG,20220101,17,9.2,0.11979819228529473,0.30435158964260167,0
KNG,20220101,17,9.3,0.15263763759730645,0.30435158964260167,0
KNG,20220101,17,9.4,0.16280590362196537,0.30435158964260167,0
KNG,20220101,17,9.5,0.1609402066271836,0.30435158964260167,0
KNG,20220101,17,9.6,0.08520669000961968,0.30435158964260167,0
KNG,20220101,17,9.7,0.07235258092873434,0.30435158964260167,0
KNG,20220101,17,9.8,0.17980909546045,0.30435158964260167,0
KNG,20220101,17,9.9,0.09348012975177505,0.30435158964260167,0
KNG,20220101,17,10.0,0.19902155628394724,0.30435158964260167,0
KNG,20220101,18,1.0,0.33199136457180706,0.30077879142642455,1
KNG,20220101,18,1.1,0.3265997788031785,0.30077879142642455,1
KNG,20220101,18,1.2,0.2579918400744087,0.30077879142642455,0
KNG,20220101,18,1.3,0.3996400252291186,0.30077879142642455,1
KNG,20220101,18,1.4,0.29528401862531606,0.30077879142642455,0
KNG,20220101,18,1.5,0.2039541419812471,0.30077879142642455,0
KNG,20220101,18,1.6,0.20409056286630314,0.30077879142642455,0
KNG,20220101,18,1.7,0.13466319805313695,0.30077879142642455,0
KNG,20220101,18,1.8,0.3097017468067724,0.30077879142642455,1
KNG,20220101,18,1.9,0.3682379292074857,0.30077879142642455,1
KNG,20220101,18,2.0,0.42562458975949974,0.30077879142642455,1
KNG,20220101,18,2.1,0.1378502645930559,0.30077879142642455,0
KNG,20220101,18,2.2,0.10055464102065613,0.30077879142642455,0
KNG,20220101,18,2.3,0.188281416066644,0.30077879142642455,0
KNG,20220101,18,2.4,0.22756341785604173,0.30077879142642455,0
KNG,20220101,18,2.5,0.35651725634254733,0.30077879142642455,1
KNG,20220101,18,2.6,0.19802065571982058,0.30077879142642455,0
KNG,20220101,18,2.7,0.05375169346360316,0.30077879142642455,0
KNG,20220101,18,2.8,0.052981793359669134,0.30077879142642455,0
KNG,20220101,18,2.9,0.12565209203582134,0.30077879142642455,0
KNG,20220101,18,3.0,0.03940994339297905,0.30077879142642455,0
KNG,20220101,18,3.1,0.08478076691138338,0.30077879142642455,0
KNG,20220101,18,3.2,0.12402581899161783,0.30077879142642455,0
KNG,20220101,18,3.3,0.1534578957894522,0.30077879142642455,0
KNG,20220101,18,3.4,0.2034056422477383,0.30077879142642455,0
KNG,20220101,18,3.5,0.1811046813048966,0.30077879142642455,0
KNG,20220101,18,3.6,0.28716305379723295,0.30077879142642455,0
KNG,20220101,18,3.7,0.2511403048413822,0.30077879142642455,0
KNG,20220101,18,3.8,0.06664702602368332,0.30077879142642455,0
KNG,20220101,18,3.9,0.028806120711879216,0.30077879142642455,0
KNG,20220101,18,4.0,0.2379065472459195,0.30077879142642455,0
KNG,20220101,18,4.1,0.1704592659967698,0.30077879142642455,0
KNG,20220101,18,4.2,0.21566893330549988,0.30077879142642455,0
KNG,20220101,18,4.3,0.1835482388107855,0.30077879142642455,0
KNG,20220101,18,4.4,0.07754562865772857,0.30077879142642455,0
KNG,20220101,18,4.5,0.007049295707587084,0.30077879142642455,0
KNG,20220101,18,4.6,0.11437731047904974,0.30077879142642455,0
KNG,20220101,18,4.7,0.04598117502692018,0.30077879142642455,0
KNG,20220101,18,4.8,0.04111645374843957,0.30077879142642455,0
KNG,20220101,18,4.9,0.07113548427434012,0.30077879142642455,0
KNG,20220101,18,5.0,0.11231335734472227,0.30077879142642455,0
KNG,20220101,18,5.1,0.2175472070710011,0.30077879142642455,0
KNG,20220101,18,5.2,0.24266060575184026,0.30077879142642455,0
KNG,20220101,18,5.3,0.17503430306541445,0.30077879142642455,0
KNG,20220101,18,5.4,0.15528666894320498,0.30077879142642455,0
KNG,20220101,18,5.5,0.18188927283717107,0.30077879142642455,0
KNG,20220101,18,5.6,0.1579479241133106,0.30077879142642455,0
KNG,20220101,18,5.7,0.04954079716540509,0.30077879142642455,0
KNG,20220101,18,5.8,0.08166899748921903,0.30077879142642455,0
KNG,20220101,18,5.9,0.13819833698357756,0.30077879142642455,0
KNG,20220101,18,6.0,0.17405116389789688,0.30077879142642455,0
KNG,20220101,18,6.1,0.06177912273488889,0.30077879142642455,0
KNG,20220101,18,6.2,0.07805011785919944,0.30077879142642455,0
KNG,20220101,18,6.3,0.105324393197925,0.30077879142642455,0
KNG,20220101,18,6.4,0.03632411084261454,0.30077879142642455,0
KNG,20220101,18,6.5,0.14523165221404044,0.30077879142642455,0
KNG,20220101,18,6.6,0.22078968911372754,0.30077879142642455,0
KNG,20220101,18,6.7,0.23174594805809287,0.30077879142642455,0
KNG,20220101,18,6.8,0.12670104007008512,0.30077879142642455,0
KNG,20220101,18,6.9,0.18052045826761315,0.30077879142642455,0
KNG,20220101,18,7.0,0.1279515328261344,0.30077879142642455,0
KNG,20220101,18,7.1,0.18284381385967782,0.30077879142642455,0
KNG,20220101,18,7.2,0.4412211030212411,0.30077879142642455,1
KNG,20220101,18,7.3,0.4170789553023212,0.30077879142642455,1
KNG,20220101,18,7.4,0.24666782988559094,0.30077879142642455,0
KNG,20220101,18,7.5,0.09418404599993806,0.30077879142642455,0
KNG,20220101,18,7.6,0.13376610530698527,0.30077879142642455,0
KNG,20220101,18,7.7,0.26259499015072785,0.30077879142642455,0
KNG,20220101,18,7.8,0.2587619779798703,0.30077879142642455,0
KNG,20220101,18,7.9,0.40413948313246856,0.30077879142642455,1
KNG,20220101,18,8.0,0.13276063557720794,0.30077879142642455,0
KNG,20220101,18,8.1,0.12823506851356173,0.30077879142642455,0
KNG,20220101,18,8.2,0.13383386929359936,0.30077879142642455,0
KNG,20220101,18,8.3,0.17193219329114923,0.30077879142642455,0
KNG,20220101,18,8.4,0.26103308728334595,0.30077879142642455,0
KNG,20220101,18,8.5,0.3043872148697792,0.30077879142642455,1
KNG,20220101,18,8.6,0.25446932028188457,0.30077879142642455,0
KNG,20220101,18,8.7,0.19094701858308105,0.30077879142642455,0
KNG,20220101,18,8.8,0.1950804660260526,0.30077879142642455,0
KNG,20220101,18,8.9,0.11960949502069407,0.30077879142642455,0
KNG,20220101,18,9.0,0.3350180095015157,0.30077879142642455,1
KNG,20220101,18,9.1,0.3829805995689091,0.30077879142642455,1
KNG,20220101,18,9.2,0.29864455797514433,0.30077879142642455,0
KNG,20220101,18,9.3,0.13932508838416588,0.30077879142642455,0
KNG,20220101,18,9.4,0.13281546481314246,0.30077879142642455,0
KNG,20220101,18,9.5,0.21391936425359925,0.30077879142642455,0
KNG,20220101,18,9.6,0.3302702456324003,0.30077879142642455,1
KNG,20220101,18,9.7,0.09168120335983099,0.30077879142642455,0
KNG,20220101,18,9.8,0.1131800482087311,0.30077879142642455,0
KNG,20220101,18,9.9,0.20311907349780753,0.30077879142642455,0
KNG,20220101,18,10.0,0.149911422776379,0.30077879142642455,0
KNG,20220101,19,1.0,0.3360745030680745,0.3207951599575638,1
KNG,20220101,19,1.1,0.2659314936278339,0.3207951599575638,0
KNG,20220101,19,1.2,0.15431662084183584,0.3207951599575638,0
KNG,20220101,19,1.3,0.12083404056717524,0.3207951599575638,0
KNG,20220101,19,1.4,0.17473049897371948,0.3207951599575638,0
KNG,20220101,19,1.5,0.04239836784749186,0.3207951599575638,0
KNG,20220101,19,1.6,0.06346875277224427,0.3207951599575638,0
KNG,20220101,19,1.7,0.35744123505769765,0.3207951599575638,1
KNG,20220101,19,1.8,0.13708106906070477,0.3207951599575638,0
KNG,20220101,19,1.9,0.05347975249478607,0.3207951599575638,0
KNG,20220101,19,2.0,0.12077347698445666,0.3207951599575638,0
KNG,20220101,19,2.1,0.05921800340865324,0.3207951599575638,0
KNG,20220101,19,2.2,0.07863808958934701,0.3207951599575638,0
KNG,20220101,19,2.3,0.026315990151072437,0.3207951599575638,0
KNG,20220101,19,2.4,0.21289444660339402,0.3207951599575638,0
KNG,20220101,19,2.5,0.06734195171599773,0.3207951599575638,0
KNG,20220101,19,2.6,0.02135306987847548,0.3207951599575638,0
KNG,20220101,19,2.7,0.06698205141874648,0.3207951599575638,0
KNG,20220101,19,2.8,0.12107249202383373,0.3207951599575638,0
KNG,20220101,19,2.9,0.13201430051853894,0.3207951599575638,0
KNG,20220101,19,3.0,0.20787359893570845,0.3207951599575638,0
KNG,20220101,19,3.1,0.2342974254030663,0.3207951599575638,0
KNG,20220101,19,3.2,0.2080178274906857,0.3207951599575638,0
KNG,20220101,19,3.3,0.13928724111515353,0.3207951599575638,0
KNG,20220101,19,3.4,0.22611194043715827,0.3207951599575638,0
KNG,20220101,19,3.5,0.08090611652407591,0.3207951599575638,0
KNG,20220101,19,3.6,0.036477282087200025,0.3207951599575638,0
KNG,20220101,19,3.7,0.06237830574577879,0.3207951599575638,0
KNG,20220101,19,3.8,0.14285930323958262,0.3207951599575638,0
KNG,20220101,19,3.9,0.06136710387787192,0.3207951599575638,0
KNG,20220101,19,4.0,0.17585865491144756,0.3207951599575638,0
KNG,20220101,19,4.1,0.056256834681162174,0.3207951599575638,0
KNG,20220101,19,4.2,0.2387280132667196,0.3207951599575638,0
KNG,20220101,19,4.3,0.21369790869614164,0.3207951599575638,0
KNG,20220101,19,4.4,0.21127053637071824,0.3207951599575638,0
KNG,20220101,19,4.5,0.07628760259050685,0.3207951599575638,0
KNG,20220101,19,4.6,0.17233735065541994,0.3207951599575638,0
KNG,20220101,19,4.7,0.16458091897974633,0.3207951599575638,0
KNG,20220101,19,4.8,0.23786851930747274,0.3207951599575638,0
KNG,20220101,19,4.9,0.2565488770072692,0.3207951599575638,0
KNG,20220101,19,5.0,0.2563418472746887,0.3207951599575638,0
KNG,20220101,19,5.1,0.057790127680445336,0.3207951599575638,0
KNG,20220101,19,5.2,0.03726191146025746,0.3207951599575638,0
KNG,20220101,19,5.3,0.08590942700251099,0.3207951599575638,0
KNG,20220101,19,5.4,0.18592247271329185,0.3207951599575638,0
KNG,20220101,19,5.5,0.08760788523390965,0.3207951599575638,0
KNG,20220101,19,5.6,0.15705140667914694,0.3207951599575638,0
KNG,20220101,19,5.7,0.10681914610720629,0.3207951599575638,0
KNG,20220101,19,5.8,0.056912782003902956,0.3207951599575638,0
KNG,20220101,19,5.9,0.21111336019621124,0.3207951599575638,0
KNG,20220101,19,6.0,0.2585735070985022,0.3207951599575638,0
KNG,20220101,19,6.1,0.21614457061666342,0.3207951599575638,0
KNG,20220101,19,6.2,0.25996209362783873,0.3207951599575638,0
KNG,20220101,19,6.3,0.330795989765627,0.3207951599575638,1
KNG,20220101,19,6.4,0.3788077216383881,0.3207951599575638,1
KNG,20220101,19,6.5,0.4506072704729684,0.3207951599575638,1
KNG,20220101,19,6.6,0.32126802079425976,0.3207951599575638,1
KNG,20220101,19,6.7,0.22374583737546327,0.3207951599575638,0
KNG,20220101,19,6.8,0.14790679317752695,0.3207951599575638,0
KNG,20220101,19,6.9,0.25655648173169693,0.3207951599575638,0
KNG,20220101,19,7.0,0.29640845817377054,0.3207951599575638,0
KNG,20220101,19,7.1,0.24521918123452405,0.3207951599575638,0
KNG,20220101,19,7.2,0.2288587485264686,0.3207951599575638,0
KNG,20220101,19,7.3,0.1351016101125289,0.3207951599575638,0
KNG,20220101,19,7.4,0.26512357860749686,0.3207951599575638,0
KNG,20220101,19,7.5,0.13473714600081205,0.3207951599575638,0
KNG,20220101,19,7.6,0.03375556558672573,0.3207951599575638,0
KNG,20220101,19,7.7,0.1377856290274804,0.3207951599575638,0
KNG,20220101,19,7.8,0.06021922225109954,0.3207951599575638,0
KNG,20220101,19,7.9,0.19249757399510825,0.3207951599575638,0
KNG,20220101,19,8.0,0.08066104386576275,0.3207951599575638,0
KNG,20220101,19,8.1,0.21195032383720558,0.3207951599575638,0
KNG,20220101,19,8.2,0.2858543924999283,0.3207951599575638,0
KNG,20220101,19,8.3,0.2969386661906557,0.3207951599575638,0
KNG,20220101,19,8.4,0.25235463189125906,0.3207951599575638,0
KNG,20220101,19,8.5,0.17939160491095538,0.3207951599575638,0
KNG,20220101,19,8.6,0.18848418914420018,0.3207951599575638,0
KNG,20220101,19,8.7,0.0843357098801194,0.3207951599575638,0
KNG,20220101,19,8.8,0.16420467132086192,0.3207951599575638,0
KNG,20220101,19,8.9,0.1083571197117149,0.3207951599575638,0
KNG,20220101,19,9.0,0.05059950532252463,0.3207951599575638,0
KNG,20220101,19,9.1,0.14338238819274812,0.3207951599575638,0
KNG,20220101,19,9.2,0.0635832996237382,0.3207951599575638,0
KNG,20220101,19,9.3,0.315626706378496,0.3207951599575638,0
KNG,20220101,19,9.4,0.22112652252610115,0.3207951599575638,0
KNG,20220101,19,9.5,0.057141715201579096,0.3207951599575638,0
KNG,20220101,19,9.6,0.24142054650895617,0.3207951599575638,0
KNG,20220101,19,9.7,0.16677929669222216,0.3207951599575638,0
KNG,20220101,19,9.8,0.18802918354959844,0.3207951599575638,0
KNG,20220101,19,9.9,0.08468351484836206,0.3207951599575638,0
KNG,20220101,19,10.0,0.1538861848566336,0.3207951599575638,0
KNG,20220101,20,1.0,0.17119997843643722,0.3,0
KNG,20220101,20,1.1,0.1479736791769692,0.3,0
KNG,20220101,20,1.2,0.24324954626687376,0.3,0
KNG,20220101,20,1.3,0.2353460410134045,0.3,0
KNG,20220101,20,1.4,0.20792048467689525,0.3,0
KNG,20220101,20,1.5,0.2360591731746706,0.3,0
KNG,20220101,20,1.6,0.1553330215598979,0.3,0
KNG,20220101,20,1.7,0.25156738677016127,0.3,0
KNG,20220101,20,1.8,0.29856489807321857,0.3,0
KNG,20220101,20,1.9,0.21235563101887756,0.3,0
KNG,20220101,20,2.0,0.1610961141994197,0.3,0
KNG,20220101,20,2.1,0.2869794957203069,0.3,0
KNG,20220101,20,2.2,0.38083722170801343,0.3,1
KNG,20220101,20,2.3,0.18336122642807576,0.3,0
KNG,20220101,20,2.4,0.2004961300894388,0.3,0
KNG,20220101,20,2.5,0.23885974625712114,0.3,0
KNG,20220101,20,2.6,0.19045522497813863,0.3,0
KNG,20220101,20,2.7,0.1703801962482804,0.3,0
KNG,20220101,20,2.8,0.17595576396098023,0.3,0
KNG,20220101,20,2.9,0.18130611486297168,0.3,0
KNG,20220101,20,3.0,0.21779191174293006,0.3,0
KNG,20220101,20,3.1,0.2803334519010382,0.3,0
KNG,20220101,20,3.2,0.23438763190263828,0.3,0
KNG,20220101,20,3.3,0.09865772841129306,0.3,0
KNG,20220101,20,3.4,0.22706989045226625,0.3,0
KNG,20220101,20,3.5,0.2197282771915899,0.3,0
KNG,20220101,20,3.6,0.25571770332749905,0.3,0
KNG,20220101,20,3.7,0.20634249272803612,0.3,0
KNG,20220101,20,3.8,0.038845151608482814,0.3,0
KNG,20220101,20,3.9,0.21813047428932406,0.3,0
KNG,20220101,20,4.0,0.27642333887086223,0.3,0
KNG,20220101,20,4.1,0.2763455543161946,0.3,0
KNG,20220101,20,4.2,0.21872046965151343,0.3,0
KNG,20220101,20,4.3,0.17211286582843993,0.3,0
KNG,20220101,20,4.4,0.17026045239084353,0.3,0
KNG,20220101,20,4.5,0.23994823907509305,0.3,0
KNG,20220101,20,4.6,0.06466117836092557,0.3,0
KNG,20220101,20,4.7,0.11954873861655843,0.3,0
KNG,20220101,20,4.8,0.11051371375951866,0.3,0
KNG,20220101,20,4.9,0.047610600416538015,0.3,0
KNG,20220101,20,5.0,0.14383657344269565,0.3,0
KNG,20220101,20,5.1,0.17339450267543366,0.3,0
KNG,20220101,20,5.2,0.1656077383733124,0.3,0
KNG,20220101,20,5.3,0.19801404885363727,0.3,0
KNG,20220101,20,5.4,0.21873130954796732,0.3,0
KNG,20220101,20,5.5,0.12338133500872002,0.3,0
KNG,20220101,20,5.6,0.10645800237654958,0.3,0
KNG,20220101,20,5.7,0.2099724585653787,0.3,0
KNG,20220101,20,5.8,0.36628703637516447,0.3,1
KNG,20220101,20,5.9,0.3938703854870472,0.3,1
KNG,20220101,20,6.0,0.30339176100960696,0.3,1
KNG,20220101,20,6.1,0.1982223485264416,0.3,0
KNG,20220101,20,6.2,0.17719956420102387,0.3,0
KNG,20220101,20,6.3,0.17647274129810528,0.3,0
KNG,20220101,20,6.4,0.20359589953381427,0.3,0
KNG,20220101,20,6.5,0.06543128835659953,0.3,0
KNG,20220101,20,6.6,0.15597577508318286,0.3,0
KNG,20220101,20,6.7,0.14571051190121503,0.3,0
KNG,20220101,20,6.8,0.1567388255519019,0.3,0
KNG,20220101,20,6.9,0.34956578130500504,0.3,1
KNG,20220101,20,7.0,0.39537397928208606,0.3,1
KNG,20220101,20,7.1,0.22803017733599706,0.3,0
KNG,20220101,20,7.2,0.19045315063171453,0.3,0
KNG,20220101,20,7.3,0.12999927260641106,0.3,0
KNG,20220101,20,7.4,0.11755782635626617,0.3,0
KNG,20220101,20,7.5,0.12666270639048843,0.3,0
KNG,20220101,20,7.6,0.17842954007324383,0.3,0
KNG,20220101,20,7.7,0.13295395673673932,0.3,0
KNG,20220101,20,7.8,0.21628372524785425,0.3,0
KNG,20220101,20,7.9,0.33817058651875187,0.3,1
KNG,20220101,20,8.0,0.3503368837100462,0.3,1
KNG,20220101,20,8.1,0.3340527094073481,0.3,1
KNG,20220101,20,8.2,0.10789290910302875,0.3,0
KNG,20220101,20,8.3,0.19937541636919806,0.3,0
KNG,20220101,20,8.4,0.33061446480781354,0.3,1
KNG,20220101,20,8.5,0.33995315324024805,0.3,1
KNG,20220101,20,8.6,0.20831570489785253,0.3,0
KNG,20220101,20,8.7,0.20942413057881498,0.3,0
KNG,20220101,20,8.8,0.2271966891898974,0.3,0
KNG,20220101,20,8.9,0.3239959030559104,0.3,1
KNG,20220101,20,9.0,0.34218059947043694,0.3,1
KNG,20220101,20,9.1,0.37774230454833996,0.3,1
KNG,20220101,20,9.2,0.32828673028059324,0.3,1
KNG,20220101,20,9.3,0.25046275069818136,0.3,0
KNG,20220101,20,9.4,0.21898337183132524,0.3,0
KNG,20220101,20,9.5,0.20337746393315226,0.3,0
KNG,20220101,20,9.6,0.09702395724357807,0.3,0
KNG,20220101,20,9.7,0.04234556537353688,0.3,0
KNG,20220101,20,9.8,0.07025715081252151,0.3,0
KNG,20220101,20,9.9,0.20506357308533113,0.3,0
KNG,20220101,20,10.0,0.08910128667682433,0.3,0
KNG,20220101,21,1.0,0.0528308183341668,0.3,0
KNG,20220101,21,1.1,0.12242398943984714,0.3,0
KNG,20220101,21,1.2,0.08036914717361701,0.3,0
KNG,20220101,21,1.3,0.12097110839390678,0.3,0
KNG,20220101,21,1.4,0.19174382780562718,0.3,0
KNG,20220101,21,1.5,0.28446673456916766,0.3,0
KNG,20220101,21,1.6,0.18382173070201632,0.3,0
KNG,20220101,21,1.7,0.2205856524314622,0.3,0
KNG,20220101,21,1.8,0.21081740958950648,0.3,0
KNG,20220101,21,1.9,0.04074305761212145,0.3,0
KNG,20220101,21,2.0,0.2159916582225705,0.3,0
KNG,20220101,21,2.1,0.30833052017199075,0.3,1
KNG,20220101,21,2.2,0.12342646579569773,0.3,0
KNG,20220101,21,2.3,0.12422659070182678,0.3,0
KNG,20220101,21,2.4,0.18882647328848287,0.3,0
KNG,20220101,21,2.5,0.10271790698874943,0.3,0
KNG,20220101,21,2.6,0.29067497137120263,0.3,0
KNG,20220101,21,2.7,0.08956933232947216,0.3,0
KNG,20220101,21,2.8,0.09218711874431357,0.3,0
KNG,20220101,21,2.9,0.09214056406100025,0.3,0
KNG,20220101,21,3.0,0.16579046498100228,0.3,0
KNG,20220101,21,3.1,0.20585052088627231,0.3,0
KNG,20220101,21,3.2,0.16840700590850674,0.3,0
KNG,20220101,21,3.3,0.17157032435034755,0.3,0
KNG,20220101,21,3.4,0.138921143053564,0.3,0
KNG,20220101,21,3.5,0.1487809847197525,0.3,0
KNG,20220101,21,3.6,0.1735923562277626,0.3,0
KNG,20220101,21,3.7,0.014973477238452921,0.3,0
KNG,20220101,21,3.8,0.09006004925296124,0.3,0
KNG,20220101,21,3.9,0.15420864261031555,0.3,0
KNG,20220101,21,4.0,0.27502195318325295,0.3,0
KNG,20220101,21,4.1,0.23369774516512934,0.3,0
KNG,20220101,21,4.2,0.18043472231796526,0.3,0
KNG,20220101,21,4.3,0.1520712695377021,0.3,0
KNG,20220101,21,4.4,0.22330111374814385,0.3,0
KNG,20220101,21,4.5,0.26352380647710316,0.3,0
KNG,20220101,21,4.6,0.3294199944879433,0.3,1
KNG,20220101,21,4.7,0.29144905230202217,0.3,0
KNG,20220101,21,4.8,0.14920922208852122,0.3,0
KNG,20220101,21,4.9,0.12879680479612385,0.3,0
KNG,20220101,21,5.0,0.23982892336853281,0.3,0
KNG,20220101,21,5.1,0.14988874094412719,0.3,0
KNG,20220101,21,5.2,0.10726887536298846,0.3,0
KNG,20220101,21,5.3,0.08459589329821746,0.3,0
KNG,20220101,21,5.4,0.22735093751134294,0.3,0
KNG,20220101,21,5.5,0.2069684728128056,0.3,0
KNG,20220101,21,5.6,0.06643434388540756,0.3,0
KNG,20220101,21,5.7,0.13430660384756032,0.3,0
KNG,20220101,21,5.8,0.13422360047651838,0.3,0
KNG,20220101,21,5.9,0.2821522091668042,0.3,0
KNG,20220101,21,6.0,0.3264137081032476,0.3,1
KNG,20220101,21,6.1,0.29086330424353307,0.3,0
KNG,20220101,21,6.2,0.12860238676821328,0.3,0
KNG,20220101,21,6.3,0.0927179903360739,0.3,0
KNG,20220101,21,6.4,0.17113633234135497,0.3,0
KNG,20220101,21,6.5,0.3576889959826375,0.3,1
KNG,20220101,21,6.6,0.35264875788225664,0.3,1
KNG,20220101,21,6.7,0.24495758818488544,0.3,0
KNG,20220101,21,6.8,0.08151438014058451,0.3,0
KNG,20220101,21,6.9,0.25155382194697534,0.3,0
KNG,20220101,21,7.0,0.1992636930219037,0.3,0
KNG,20220101,21,7.1,0.29960373065182316,0.3,0
KNG,20220101,21,7.2,0.18564238562406551,0.3,0
KNG,20220101,21,7.3,0.13144721488507646,0.3,0
KNG,20220101,21,7.4,0.19258718129703106,0.3,0
KNG,20220101,21,7.5,0.11020400045132324,0.3,0
KNG,20220101,21,7.6,0.14273990519390906,0.3,0
KNG,20220101,21,7.7,0.08302377020313603,0.3,0
KNG,20220101,21,7.8,0.11493924754170337,0.3,0
KNG,20220101,21,7.9,0.19659091586102787,0.3,0
KNG,20220101,21,8.0,0.17875910413595308,0.3,0
KNG,20220101,21,8.1,0.18620616900516052,0.3,0
KNG,20220101,21,8.2,0.17982760329873612,0.3,0
KNG,20220101,21,8.3,0.2334569041047985,0.3,0
KNG,20220101,21,8.4,0.1364197528134685,0.3,0
KNG,20220101,21,8.5,0.1483570262573481,0.3,0
KNG,20220101,21,8.6,0.06004158281633972,0.3,0
KNG,20220101,21,8.7,0.15800437550943755,0.3,0
KNG,20220101,21,8.8,0.0921932096259469,0.3,0
KNG,20220101,21,8.9,0.13087784126209812,0.3,0
KNG,20220101,21,9.0,0.06352922525136859,0.3,0
KNG,20220101,21,9.1,0.13071838411657224,0.3,0
KNG,20220101,21,9.2,0.002532034949604406,0.3,0
KNG,20220101,21,9.3,0.11225561946731422,0.3,0
KNG,20220101,21,9.4,0.12171640558227273,0.3,0
KNG,20220101,21,9.5,0.11057064310054662,0.3,0
KNG,20220101,21,9.6,0.06493089184294618,0.3,0
KNG,20220101,21,9.7,0.18780710218665786,0.3,0
KNG,20220101,21,9.8,0.23229619625759163,0.3,0
KNG,20220101,21,9.9,0.22652332460252095,0.3,0
KNG,20220101,21,10.0,0.16150446673249333,0.3,0
KNG,20220101,22,1.0,0.45120676369596563,0.3560156814122072,1
KNG,20220101,22,1.1,0.1279338304413495,0.3560156814122072,0
KNG,20220101,22,1.2,0.018360306663892528,0.3560156814122072,0
KNG,20220101,22,1.3,0.2265658447596133,0.3560156814122072,0
KNG,20220101,22,1.4,0.2243843827840838,0.3560156814122072,0
KNG,20220101,22,1.5,0.14242571786255792,0.3560156814122072,0
KNG,20220101,22,1.6,0.20147845657994046,0.3560156814122072,0
KNG,20220101,22,1.7,0.3071415293120521,0.3560156814122072,0
KNG,20220101,22,1.8,0.29749764704928006,0.3560156814122072,0
KNG,20220101,22,1.9,0.20121088047653884,0.3560156814122072,0
KNG,20220101,22,2.0,0.1347028342198235,0.3560156814122072,0
KNG,20220101,22,2.1,0.08451565820991624,0.3560156814122072,0
KNG,20220101,22,2.2,0.11685459881070806,0.3560156814122072,0
KNG,20220101,22,2.3,0.2983346367487355,0.3560156814122072,0
KNG,20220101,22,2.4,0.11582805523412074,0.3560156814122072,0
KNG,20220101,22,2.5,0.29860573688770525,0.3560156814122072,0
KNG,20220101,22,2.6,0.3128069800303215,0.3560156814122072,0
KNG,20220101,22,2.7,0.30820275915716916,0.3560156814122072,0
KNG,20220101,22,2.8,0.352893904187705,0.3560156814122072,0
KNG,20220101,22,2.9,0.20470826030096517,0.3560156814122072,0
KNG,20220101,22,3.0,0.09186706427665312,0.3560156814122072,0
KNG,20220101,22,3.1,0.22310382332640613,0.3560156814122072,0
KNG,20220101,22,3.2,0.1929179967593034,0.3560156814122072,0
KNG,20220101,22,3.3,0.2268682493966883,0.3560156814122072,0
KNG,20220101,22,3.4,0.20277687526438773,0.3560156814122072,0
KNG,20220101,22,3.5,0.2419264090248667,0.3560156814122072,0
KNG,20220101,22,3.6,0.15257740091545718,0.3560156814122072,0
KNG,20220101,22,3.7,0.37047629100618423,0.3560156814122072,1
KNG,20220101,22,3.8,0.12062970067151936,0.3560156814122072,0
KNG,20220101,22,3.9,0.2516601352695575,0.3560156814122072,0
KNG,20220101,22,4.0,0.2739495555414899,0.3560156814122072,0
KNG,20220101,22,4.1,0.3979584391229535,0.3560156814122072,1
KNG,20220101,22,4.2,0.27659290442080153,0.3560156814122072,0
KNG,20220101,22,4.3,0.1321597569376205,0.3560156814122072,0
KNG,20220101,22,4.4,0.0880544723141345,0.3560156814122072,0
KNG,20220101,22,4.5,0.08199829661952421,0.3560156814122072,0
KNG,20220101,22,4.6,0.03657064623481068,0.3560156814122072,0
KNG,20220101,22,4.7,0.13139351507759425,0.3560156814122072,0
KNG,20220101,22,4.8,0.2101915424238579,0.3560156814122072,0
KNG,20220101,22,4.9,0.20716292440065878,0.3560156814122072,0
KNG,20220101,22,5.0,0.1000414303329665,0.3560156814122072,0
KNG,20220101,22,5.1,0.17520350983380606,0.3560156814122072,0
KNG,20220101,22,5.2,0.1150421334644393,0.3560156814122072,0
KNG,20220101,22,5.3,0.10644796365168573,0.3560156814122072,0
KNG,20220101,22,5.4,0.1710493811473345,0.3560156814122072,0
KNG,20220101,22,5.5,0.09473284064169951,0.3560156814122072,0
KNG,20220101,22,5.6,0.1864895364180026,0.3560156814122072,0
KNG,20220101,22,5.7,0.04710041442700512,0.3560156814122072,0
KNG,20220101,22,5.8,0.23218400503374753,0.3560156814122072,0
KNG,20220101,22,5.9,0.2104979892654387,0.3560156814122072,0
KNG,20220101,22,6.0,0.16959817062594784,0.3560156814122072,0
KNG,20220101,22,6.1,0.02984035464364452,0.3560156814122072,0
KNG,20220101,22,6.2,0.06350230130129668,0.3560156814122072,0
KNG,20220101,22,6.3,0.1161291305029297,0.3560156814122072,0
KNG,20220101,22,6.4,0.20215834894384782,0.3560156814122072,0
KNG,20220101,22,6.5,0.2705229540892612,0.3560156814122072,0
KNG,20220101,22,6.6,0.4789910598047662,0.3560156814122072,1
KNG,20220101,22,6.7,0.4280301966864723,0.3560156814122072,1
KNG,20220101,22,6.8,0.2304761437381989,0.3560156814122072,0
KNG,20220101,22,6.9,0.22709799887937634,0.3560156814122072,0
KNG,20220101,22,7.0,0.11849085798290517,0.3560156814122072,0
KNG,20220101,22,7.1,0.10555975021913182,0.3560156814122072,0
KNG,20220101,22,7.2,0.06541278522869952,0.3560156814122072,0
KNG,20220101,22,7.3,0.21212445733543409,0.3560156814122072,0
KNG,20220101,22,7.4,0.24751445978679945,0.3560156814122072,0
KNG,20220101,22,7.5,0.21809300561333606,0.3560156814122072,0
KNG,20220101,22,7.6,0.07845095993837796,0.3560156814122072,0
KNG,20220101,22,7.7,0.1535119441298135,0.3560156814122072,0
KNG,20220101,22,7.8,0.21417747394825556,0.3560156814122072,0
KNG,20220101,22,7.9,0.07612207896939924,0.3560156814122072,0
KNG,20220101,22,8.0,0.10236534000095308,0.3560156814122072,0
KNG,20220101,22,8.1,0.163097647589833,0.3560156814122072,0
KNG,20220101,22,8.2,0.041273824677429946,0.3560156814122072,0
KNG,20220101,22,8.3,0.1531079250616222,0.3560156814122072,0
KNG,20220101,22,8.4,0.1524890242537699,0.3560156814122072,0
KNG,20220101,22,8.5,0.0839214404953641,0.3560156814122072,0
KNG,20220101,22,8.6,0.23165046970930656,0.3560156814122072,0
KNG,20220101,22,8.7,0.19909169425174864,0.3560156814122072,0
KNG,20220101,22,8.8,0.1863590602397283,0.3560156814122072,0
KNG,20220101,22,8.9,0.2846341899622582,0.3560156814122072,0
KNG,20220101,22,9.0,0.5360791957812907,0.3560156814122072,1
KNG,20220101,22,9.1,0.5359870277617681,0.3560156814122072,1
KNG,20220101,22,9.2,0.45168688792607004,0.3560156814122072,1
KNG,20220101,22,9.3,0.3774002968204587,0.3560156814122072,1
KNG,20220101,22,9.4,0.3696170207655524,0.3560156814122072,1
KNG,20220101,22,9.5,0.1896330322226653,0.3560156814122072,0
KNG,20220101,22,9.6,0.30121385197088113,0.3560156814122072,0
KNG,20220101,22,9.7,0.2603152415860505,0.3560156814122072,0
KNG,20220101,22,9.8,0.18296358484182743,0.3560156814122072,0
KNG,20220101,22,9.9,0.11157690541772183,0.3560156814122072,0
KNG,20220101,22,10.0,0.05715838891079647,0.3560156814122072,0
KNG,20220101,23,1.0,0.17561954028796645,0.3,0
KNG,20220101,23,1.1,0.14908174166020022,0.3,0
KNG,20220101,23,1.2,0.35611245855553536,0.3,1
KNG,20220101,23,1.3,0.17494402287167227,0.3,0
KNG,20220101,23,1.4,0.20716242242273944,0.3,0
KNG,20220101,23,1.5,0.3477920028239167,0.3,1
KNG,20220101,23,1.6,0.25912053952041425,0.3,0
KNG,20220101,23,1.7,0.31226467521791157,0.3,1
KNG,20220101,23,1.8,0.30265232988517177,0.3,1
KNG,20220101,23,1.9,0.19308544976879893,0.3,0
KNG,20220101,23,2.0,0.23253227938764773,0.3,0
KNG,20220101,23,2.1,0.1757021776188327,0.3,0
KNG,20220101,23,2.2,0.17252578907377122,0.3,0
KNG,20220101,23,2.3,0.08224984119833213,0.3,0
KNG,20220101,23,2.4,0.1574794713384926,0.3,0
KNG,20220101,23,2.5,0.2521911176325727,0.3,0
KNG,20220101,23,2.6,0.213602471394703,0.3,0
KNG,20220101,23,2.7,0.20931152578950532,0.3,0
KNG,20220101,23,2.8,0.11777075207624566,0.3,0
KNG,20220101,23,2.9,0.16833703009021594,0.3,0
KNG,20220101,23,3.0,0.10929819148361739,0.3,0
KNG,20220101,23,3.1,0.08841877476977357,0.3,0
KNG,20220101,23,3.2,0.12948524656147176,0.3,0
KNG,20220101,23,3.3,0.1443456573283984,0.3,0
KNG,20220101,23,3.4,0.10955236932716446,0.3,0
KNG,20220101,23,3.5,0.06098147509290308,0.3,0
KNG,20220101,23,3.6,0.10834343919573794,0.3,0
KNG,20220101,23,3.7,0.05224226514601757,0.3,0
KNG,20220101,23,3.8,0.11344605859952137,0.3,0
KNG,20220101,23,3.9,0.142426310034159,0.3,0
KNG,20220101,23,4.0,0.30322785514346423,0.3,1
KNG,20220101,23,4.1,0.37202212056975403,0.3,1
KNG,20220101,23,4.2,0.24020427736035974,0.3,0
KNG,20220101,23,4.3,0.2777330853588274,0.3,0
KNG,20220101,23,4.4,0.17387364605278835,0.3,0
KNG,20220101,23,4.5,0.12570858838244903,0.3,0
KNG,20220101,23,4.6,0.1489046409095681,0.3,0
KNG,20220101,23,4.7,0.16213048327768034,0.3,0
KNG,20220101,23,4.8,0.17308280913568735,0.3,0
KNG,20220101,23,4.9,0.1495755202756075,0.3,0
KNG,20220101,23,5.0,0.08942430032899655,0.3,0
KNG,20220101,23,5.1,0.218916590122405,0.3,0
KNG,20220101,23,5.2,0.1668252308725164,0.3,0
KNG,20220101,23,5.3,0.21186460946545724,0.3,0
KNG,20220101,23,5.4,0.2610507712644741,0.3,0
KNG,20220101,23,5.5,0.23877253468380086,0.3,0
KNG,20220101,23,5.6,0.22970101059446368,0.3,0
KNG,20220101,23,5.7,0.2616521136304187,0.3,0
KNG,20220101,23,5.8,0.243098508167246,0.3,0
KNG,20220101,23,5.9,0.16776348282062398,0.3,0
KNG,20220101,23,6.0,0.17773617589196966,0.3,0
KNG,20220101,23,6.1,0.209044412057528,0.3,0
KNG,20220101,23,6.2,0.13855400404170962,0.3,0
KNG,20220101,23,6.3,0.14882391900368397,0.3,0
KNG,20220101,23,6.4,0.13805774561938872,0.3,0
KNG,20220101,23,6.5,0.0530015049768829,0.3,0
KNG,20220101,23,6.6,0.07837909001905162,0.3,0
KNG,20220101,23,6.7,0.10463839350975271,0.3,0
KNG,20220101,23,6.8,0.1461276672045479,0.3,0
KNG,20220101,23,6.9,0.30859157295448525,0.3,1
KNG,20220101,23,7.0,0.4235000585476763,0.3,1
KNG,20220101,23,7.1,0.26997418964699454,0.3,0
KNG,20220101,23,7.2,0.20099198660540032,0.3,0
KNG,20220101,23,7.3,0.22441864066375122,0.3,0
KNG,20220101,23,7.4,0.31436740133440866,0.3,1
KNG,20220101,23,7.5,0.3727246299076548,0.3,1
KNG,20220101,23,7.6,0.2246987723314125,0.3,0
KNG,20220101,23,7.7,0.21280004697825916,0.3,0
KNG,20220101,23,7.8,0.15947480669760714,0.3,0
KNG,20220101,23,7.9,0.12440874480504235,0.3,0
KNG,20220101,23,8.0,0.1591650379667108,0.3,0
KNG,20220101,23,8.1,0.16421159741822847,0.3,0
KNG,20220101,23,8.2,0.10782888956503961,0.3,0
KNG,20220101,23,8.3,0.07152768942397646,0.3,0
KNG,20220101,23,8.4,0.056661590492676966,0.3,0
KNG,20220101,23,8.5,0.15962331984939154,0.3,0
KNG,20220101,23,8.6,0.0977363282712024,0.3,0
KNG,20220101,23,8.7,0.1625115708748874,0.3,0
KNG,20220101,23,8.8,0.04253604479739859,0.3,0
KNG,20220101,23,8.9,0.0491781607154373,0.3,0
KNG,20220101,23,9.0,0.023394310922178547,0.3,0
KNG,20220101,23,9.1,0.13224310758534127,0.3,0
KNG,20220101,23,9.2,0.15748498072531034,0.3,0
KNG,20220101,23,9.3,0.19360146538618422,0.3,0
KNG,20220101,23,9.4,0.18620715617288214,0.3,0
KNG,20220101,23,9.5,0.16209841298423766,0.3,0
KNG,20220101,23,9.6,0.13232584280888096,0.3,0
KNG,20220101,23,9.7,0.16647510528170822,0.3,0
KNG,20220101,23,9.8,0.11084229779700171,0.3,0
KNG,20220101,23,9.9,0.28123255675452363,0.3,0
KNG,20220101,23,10.0,0.23769733371110283,0.3,0
